"feature_name","logFC","AveExpr","t","P.Value","adj.P.Val","B","Alignment ID","Average Rt(min)","Average Mz","Metabolite name","Adduct type","Post curation result","Fill %","MS/MS assigned","Formula","Ontology","INCHIKEY","SMILES","Annotation tag (VS1.0)","RT matched","m/z matched","MS/MS matched","Total score","RT similarity","Dot product","Reverse dot product","Fragment presence %","S/N average","blank_mean","sample_to_blank_ratio","number_detected","comparison","higher_in","result_category"
"F4415_mz449.1084_rt1.13",8.44351713355318,20.7104260578992,44.2389596846583,1.12574991423155e-07,0.000203197859518795,6.38891368211294,4415,1.133,449.1084,"Unknown","[M+H]+",NA,0.107,TRUE,"null","null","null","null",999,FALSE,FALSE,FALSE,"null","null","null","null","null",649964.5,0,62892733,6,"Leaf vs Root","Leaf","Leaf enriched - FDR supported"
"F3078_mz299.201_rt1.52",7.3639804997179,15.9101649986912,32.76808220138,5.02038660208395e-07,0.000274087727390136,5.90257293558807,3078,1.522,299.20099,"Unknown","[M+H]+","ion correlated with 5095; ion correlated with 3298; ion correlated with 5127; ion correlated with 3111; ion correlated with 3355",0.036,TRUE,"null","null","null","null",999,FALSE,FALSE,FALSE,"null","null","null","null","null",47.81,0,1385955,10,"Leaf vs Root","Leaf","Leaf enriched - FDR supported"
"F4494_mz465.1033_rt1.1",7.4916710969215,19.1015064386639,31.8440554733072,5.78824017354497e-07,0.000274087727390136,5.84471137139369,4494,1.1,465.1033,"Unknown","[M+H]+","ion correlated with 3599; ion correlated with 3918; ion correlated with 2899; ion correlated with 4549",0.107,TRUE,"null","null","null","null",999,FALSE,FALSE,FALSE,"null","null","null","null","null",87209.38,0,13057112,6,"Leaf vs Root","Leaf","Leaf enriched - FDR supported"
"F3599_mz344.171_rt1.07",10.3646917231034,18.8917301529592,30.3249942762133,7.38126242904442e-07,0.000274087727390136,5.74077433796097,3599,1.074,344.17096,"Unknown","[M+H]+","ion correlated with 4415",0.107,TRUE,"null","null","null","null",999,FALSE,FALSE,FALSE,"null","null","null","null","null",8756.06,0,33435863,18,"Leaf vs Root","Leaf","Leaf enriched - FDR supported"
"F5121_mz764.5317_rt8.96",9.96571202493394,17.161516642786,30.1534434562627,7.59245782244144e-07,0.000274087727390136,5.72829071483584,5121,8.959,764.53168,"Unknown","[M+H]+",NA,0.107,TRUE,"null","null","null","null",999,FALSE,FALSE,FALSE,"null","null","null","null","null",1187.27,1386.66666666667,6286.73168388182,18,"Leaf vs Root","Leaf","Leaf enriched - FDR supported"
"F3668_mz349.2354_rt4.01",-7.72369361420984,14.2601062850025,-26.3309714067805,1.48906166013566e-06,0.000427424128712303,5.40330303192469,3668,4.014,349.23538,"Unknown","[M+H]+",NA,0.107,FALSE,"null","null","null","null",999,FALSE,FALSE,FALSE,"null","null","null","null","null",36.3,0,188150,9,"Leaf vs Root","Root","Root enriched - FDR supported"
"F4856_mz600.418_rt5.95",5.40382512566725,17.7158468867892,25.7683796336944,1.65760049916129e-06,0.000427424128712303,5.34670374116116,4856,5.952,600.41797,"Unknown","[M+H]+",NA,0.107,TRUE,"null","null","null","null",999,FALSE,FALSE,FALSE,"null","null","null","null","null",217.16,0,2730388,7,"Leaf vs Root","Leaf","Leaf enriched - FDR supported"
"F2780_mz277.1803_rt1.61",7.59246311843226,20.7472602205933,24.3728386793856,2.18508884944213e-06,0.000480262933996999,5.19459021822628,2780,1.608,277.18033,"Unknown","[M+H]+",NA,0.107,TRUE,"null","null","null","null",999,FALSE,FALSE,FALSE,"null","null","null","null","null",6492.7,1303.66666666667,36070.6824220746,21,"Leaf vs Root","Leaf","Leaf enriched - FDR supported"
"F3354_mz319.2272_rt2.82",4.86152120725023,17.085517637292,23.4886876258609,2.62449727130945e-06,0.000480262933996999,5.08869494249603,3354,2.821,319.22717,"Unknown","[M+H]+","ion correlated with 2673; ion correlated with 3576; ion correlated with 3108; similar chromatogram in higher mz_4962",0.107,TRUE,"null","null","null","null",999,FALSE,FALSE,FALSE,"null","null","null","null","null",74.29,6651,193.172579675286,21,"Leaf vs Root","Leaf","Leaf enriched - FDR supported"
"F3063_mz298.2745_rt2.28",-6.06885111769628,18.0409215541729,-23.4238010218375,2.66073647643767e-06,0.000480262933996999,5.08060823356328,3063,2.275,298.27448,"Unknown","[M+H]+",NA,0.107,TRUE,"null","null","null","null",999,FALSE,FALSE,FALSE,"null","null","null","null","null",296.02,1015.66666666667,1206.47016393443,20,"Leaf vs Root","Root","Root enriched - FDR supported"
"F3064_mz298.2745_rt2.4",-6.13046578837593,16.1879019546249,-22.5869137305621,3.18644922932155e-06,0.000493857149247423,4.97219583566499,3064,2.399,298.27448,"Unknown","[M+H]+","ion correlated with 3966; similar chromatogram in higher mz_3924",0.107,TRUE,"null","null","null","null",999,FALSE,FALSE,FALSE,"null","null","null","null","null",83.41,0,371787,9,"Leaf vs Root","Root","Root enriched - FDR supported"
"F3404_mz324.2901_rt4.84",-5.5870349232568,18.5007429362422,-22.3659056593187,3.34551204530371e-06,0.000493857149247423,4.94224008670243,3404,4.842,324.29007,"Unknown","[M+H]+",NA,0.107,TRUE,"null","null","null","null",999,FALSE,FALSE,FALSE,"null","null","null","null","null",105.36,0,1539072,8,"Leaf vs Root","Root","Root enriched - FDR supported"
"F3383_mz322.2743_rt4.28",-6.99135141888686,14.9399030577455,-21.5759480326517,3.99757629998656e-06,0.000493857149247423,4.83033015803154,3383,4.277,322.27429,"Unknown","[M+H]+",NA,0.107,FALSE,"null","null","null","null",999,FALSE,FALSE,FALSE,"null","null","null","null","null",21.69,0,195976,7,"Leaf vs Root","Root","Root enriched - FDR supported"
"F1778_mz203.0528_rt0.45",-4.86253879105822,22.6579300491882,-21.4942551756412,4.07335545481883e-06,0.000493857149247423,4.81830837766274,1778,0.452,203.05275,"Unknown","[M+H]+",NA,0.643,TRUE,"null","null","null","null",999,FALSE,FALSE,FALSE,"null","null","null","null","null",6055.85,15943,3585.44562217762,24,"Leaf vs Root","Root","Root enriched - FDR supported"
"F4855_mz600.418_rt5.72",5.91902741715816,18.1478826993737,21.4616544487058,4.10407603252706e-06,0.000493857149247423,4.81348665340994,4855,5.722,600.41797,"Unknown","[M+H]+","ion correlated with 3116; ion correlated with 2503",0.107,TRUE,"null","null","null","null",999,FALSE,FALSE,FALSE,"null","null","null","null","null",351.85,0,4497654,7,"Leaf vs Root","Leaf","Leaf enriched - FDR supported"
"F5152_mz790.5468_rt9.2",4.28194038660959,16.871560115146,21.0740787047044,4.49144332148654e-06,0.000500424046879827,4.75508341620013,5152,9.199,790.54675,"Unknown","[M+H]+","ion correlated with 5159",0.107,TRUE,"null","null","null","null",999,FALSE,FALSE,FALSE,"null","null","null","null","null",292.05,0,941865,9,"Leaf vs Root","Leaf","Leaf enriched - FDR supported"
"F2793_mz278.1603_rt1",5.06746945252919,17.2496960980659,20.5880528127963,5.04100724919936e-06,0.000500424046879827,4.67893360942561,2793,1.005,278.16031,"Unknown","[M+H]+","ion correlated with 1114; ion correlated with 3191; ion correlated with 1654; ion correlated with 3608; ion correlated with 1217; ion correlated with 4207; ion correlated with 3309; ion correlated with 4658; ion correlated with 1837",0.107,TRUE,"null","null","null","null",999,FALSE,FALSE,FALSE,"null","null","null","null","null",294.78,17873.6666666667,93.8581978218708,24,"Leaf vs Root","Leaf","Leaf enriched - FDR supported"
"F3632_mz346.272_rt4.84",-6.220369303639,15.9654572486221,-20.4260792707925,5.24182131750918e-06,0.000500424046879827,4.65280815945244,3632,4.842,346.27197,"Unknown","[M+H]+","ion correlated with 3404",0.107,TRUE,"null","null","null","null",999,FALSE,FALSE,FALSE,"null","null","null","null","null",70.19,0,318151,6,"Leaf vs Root","Root","Root enriched - FDR supported"
"F5135_mz778.5466_rt8.96",4.364985038513,16.026232356788,20.3221381200605,5.37574227220047e-06,0.000500424046879827,4.63584056320543,5135,8.962,778.54663,"Unknown","[M+H]+","ion correlated with 4885; ion correlated with 5121; ion correlated with 4822; ion correlated with 5153; ion correlated with 5126",0.107,TRUE,"null","null","null","null",999,FALSE,FALSE,FALSE,"null","null","null","null","null",112.34,1188,487.343986543314,19,"Leaf vs Root","Leaf","Leaf enriched - FDR supported"
"F3120_mz301.9583_rt0.64",-5.64198660693536,17.3242453945007,-20.1952231628112,5.54486478537204e-06,0.000500424046879827,4.61490488512044,3120,0.642,301.95831,"Unknown","[M+H]+","ion correlated with 1876",0.429,TRUE,"null","null","null","null",999,FALSE,FALSE,FALSE,"null","null","null","null","null",192.88,0,652920,18,"Leaf vs Root","Root","Root enriched - FDR supported"
"F1876_mz209.9646_rt0.6",-5.60714420711041,17.1742096758786,-19.9147837327154,5.94172384538983e-06,0.000510705311472793,4.56777844930075,1876,0.598,209.96455,"Unknown","[M+H]+","ion correlated with 3120",0.357,FALSE,"null","null","null","null",999,FALSE,FALSE,FALSE,"null","null","null","null","null",100.76,26297,22.0945319035668,21,"Leaf vs Root","Root","Root enriched - FDR supported"
"F596_mz121.1012_rt2.08",4.92050239946322,15.3768838915965,19.2005566912207,7.11673113919378e-06,0.000577282496614693,4.44213883047978,596,2.077,121.10123,"Unknown","[M+H]+","ion correlated with 2751; ion correlated with 378; ion correlated with 742; ion correlated with 957; ion correlated with 1018; ion correlated with 1629; ion correlated with 1658; ion correlated with 420; ion correlated with 628; ion correlated with 995; ion correlated with 1570; ion correlated with 1694; ion correlated with 1719; ion correlated with 2318; ion correlated with 2447; ion correlated with 2950; ion correlated with 4946; ion correlated with 1191; ion correlated with 2158; ion correlated with 2394; ion correlated with 56; ion correlated with 1140; ion correlated with 1258; ion correlated with 1468; ion correlated with 2582; ion correlated with 3907; ion correlated with 3941; ion correlated with 5039; ion correlated with 4118; ion correlated with 3777; ion correlated with 3851; ion correlated with 3979; ion correlated with 3997; found in higher mz's MsMs_3323; found in higher mz's MsMs_3520; found in higher mz's MsMs_3703; found in higher mz's MsMs_2674; found in higher mz's MsMs_5012; found in higher mz's MsMs_5004; found in higher mz's MsMs_2381; found in higher mz's MsMs_2950; found in higher mz's MsMs_3851; found in higher mz's MsMs_4118; found in higher mz's MsMs_3979",0.107,FALSE,"null","null","null","null",999,FALSE,FALSE,FALSE,"null","null","null","null","null",38.21,5324,84.0540845070422,24,"Leaf vs Root","Leaf","Leaf enriched - FDR supported"
"F3494_mz333.2064_rt1.88",5.27450243993175,17.157959748044,19.0411740109878,7.41578834677e-06,0.000577282496614693,4.41295148996982,3494,1.884,333.20636,"Unknown","[M+H]+","ion correlated with 3909; ion correlated with 3283",0.107,TRUE,"null","null","null","null",999,FALSE,FALSE,FALSE,"null","null","null","null","null",121.48,6899,271.015797101449,24,"Leaf vs Root","Leaf","Leaf enriched - FDR supported"
"F2381_mz247.1696_rt2.08",3.98019272233344,20.4599708863079,18.504675459605,8.53934975481566e-06,0.000577282496614693,4.31144795038473,2381,2.077,247.16963,"Unknown","[M+H]+","ion correlated with 3520; ion correlated with 1751; ion correlated with 2674; ion correlated with 2950; ion correlated with 3323; ion correlated with 3503; ion correlated with 3746; ion correlated with 5004; ion correlated with 5012; ion correlated with 3703; ion correlated with 3079",0.107,TRUE,"null","null","null","null",999,FALSE,FALSE,FALSE,"null","null","null","null","null",119.54,162984,68.9884713317176,24,"Leaf vs Root","Leaf","Leaf enriched - FDR supported"
"F2176_mz231.0268_rt0.47",4.35802907056442,21.7662357166452,18.477566981377,8.60134525677134e-06,0.000577282496614693,4.30618209724836,2176,0.473,231.02676,"Unknown","[M+H]+","ion correlated with 2202; ion correlated with 2231",0.214,TRUE,"null","null","null","null",999,FALSE,FALSE,FALSE,"null","null","null","null","null",4036.79,2594,12564.8789980732,7,"Leaf vs Root","Leaf","Leaf enriched - FDR supported"
"F2582_mz263.1649_rt2.08",5.55826116609467,15.2305604989334,18.4537179591915,8.65633275994582e-06,0.000577282496614693,4.30153824654811,2582,2.08,263.16492,"Unknown","[M+H]+","ion correlated with 378; ion correlated with 742; ion correlated with 957; ion correlated with 1018; ion correlated with 1629; ion correlated with 1658; ion correlated with 420; ion correlated with 628; ion correlated with 995; ion correlated with 1570; ion correlated with 1694; ion correlated with 1719; ion correlated with 2318; ion correlated with 2447; ion correlated with 2950; ion correlated with 4946; ion correlated with 596; ion correlated with 1191; ion correlated with 2158; ion correlated with 2394; ion correlated with 56; ion correlated with 1140; ion correlated with 1468; ion correlated with 3907; ion correlated with 3941; ion correlated with 5039; ion correlated with 4118; ion correlated with 3777; ion correlated with 3851; ion correlated with 3979",0.107,FALSE,"null","null","null","null",999,FALSE,FALSE,FALSE,"null","null","null","null","null",64.79,1759.33333333333,300.644764249195,17,"Leaf vs Root","Leaf","Leaf enriched - FDR supported"
"F2291_mz241.1801_rt2.7",-8.41209556686521,15.3607802583918,-18.2735800983795,9.08555423603299e-06,0.000577282496614693,4.2661218127921,2291,2.701,241.1801,"Unknown","[M+H]+","ion correlated with 3944; ion correlated with 3988; similar chromatogram in higher mz_3988; similar chromatogram in higher mz_3944; similar chromatogram in higher mz_3218",0.107,TRUE,"null","null","null","null",999,FALSE,FALSE,FALSE,"null","null","null","null","null",46.9,1100.66666666667,437.846596066566,16,"Leaf vs Root","Root","Root enriched - FDR supported"
"F3199_mz307.1909_rt1.61",7.67196455254258,17.21328885988,18.2326786383511,9.18653452426151e-06,0.000577282496614693,4.25799576832269,3199,1.615,307.19086,"Unknown","[M+H]+",NA,0.107,TRUE,"null","null","null","null",999,FALSE,FALSE,FALSE,"null","null","null","null","null",1122.12,0,5728659,24,"Leaf vs Root","Leaf","Leaf enriched - FDR supported"
"F1698_mz198.0974_rt0.46",-4.38830091421764,22.5355337909421,-18.1973264949808,9.27489883757678e-06,0.000577282496614693,4.25094677223734,1698,0.459,198.0974,"Unknown","[M+H]+",NA,0.536,TRUE,"null","null","null","null",999,FALSE,FALSE,FALSE,"null","null","null","null","null",3153.77,22741,718.566660803799,24,"Leaf vs Root","Root","Root enriched - FDR supported"
"F2817_mz280.264_rt2.28",-6.04647739367245,15.428351019065,-17.74632254078,1.04966251335918e-05,0.000631546945537771,4.15890444159212,2817,2.275,280.26395,"Unknown","[M+H]+","ion correlated with 3063; similar chromatogram in higher mz_3063",0.107,FALSE,"null","null","null","null",999,FALSE,FALSE,FALSE,"null","null","null","null","null",13.23,0,196225,7,"Leaf vs Root","Root","Root enriched - FDR supported"
"F4355_mz439.1427_rt0.47",-4.44557950432434,16.186334554454,-17.3603068671241,1.16980335719192e-05,0.000681127438623036,4.07689957606818,4355,0.467,439.14267,"Unknown","[M+H]+",NA,0.107,FALSE,"null","null","null","null",999,FALSE,FALSE,FALSE,"null","null","null","null","null",3650.24,0,243327,8,"Leaf vs Root","Root","Root enriched - FDR supported"
"F3667_mz349.2353_rt3.86",-5.74739160071419,15.3066247840683,-17.2011725476393,1.22408462947113e-05,0.000683009312515078,4.04219207256525,3667,3.857,349.23535,"Unknown","[M+H]+",NA,0.107,FALSE,"null","null","null","null",999,FALSE,FALSE,FALSE,"null","null","null","null","null",47.33,0,188883,8,"Leaf vs Root","Root","Root enriched - FDR supported"
"F780_mz133.1014_rt2.08",3.70552409181432,14.532399183506,17.1317271808271,1.24871508659266e-05,0.000683009312515078,4.02687689618244,780,2.077,133.10139,"Unknown","[M+H]+","ion correlated with 2751; ion correlated with 1894; found in higher mz's MsMs_3323; found in higher mz's MsMs_3520; found in higher mz's MsMs_3703; found in higher mz's MsMs_2674; found in higher mz's MsMs_3079; found in higher mz's MsMs_3503; found in higher mz's MsMs_5004; found in higher mz's MsMs_2381; found in higher mz's MsMs_2950; found in higher mz's MsMs_3851",0.107,FALSE,"null","null","null","null",999,FALSE,FALSE,FALSE,"null","null","null","null","null",11.87,2806,63.2889205557535,23,"Leaf vs Root","Leaf","Leaf enriched - FDR supported"
"F3735_mz355.2847_rt5.57",-5.70164236177395,15.7421467478525,-16.9835365334179,1.30328770299107e-05,0.000684333645795011,3.99384692285382,3735,5.566,355.28467,"Unknown","[M+H]+","ion correlated with 4502",0.107,FALSE,"null","null","null","null",999,FALSE,FALSE,FALSE,"null","null","null","null","null",36.25,9364.33333333333,28.5209282460137,24,"Leaf vs Root","Root","Root enriched - FDR supported"
"F1838_mz207.1385_rt2.07",3.82001465479921,14.4075972644582,16.9215406982499,1.32696274807897e-05,0.000684333645795011,3.97988629365925,1838,2.074,207.13847,"Unknown","[M+H]+","ion correlated with 2751; ion correlated with 2502; ion correlated with 395; ion correlated with 378; ion correlated with 742; ion correlated with 957; ion correlated with 1497; ion correlated with 1629; ion correlated with 1658; ion correlated with 2022; ion correlated with 2911; ion correlated with 1351; ion correlated with 1570; ion correlated with 1694; ion correlated with 1719; ion correlated with 1894; ion correlated with 2137; ion correlated with 2318; ion correlated with 2447; ion correlated with 596; ion correlated with 1191; ion correlated with 2158; ion correlated with 4919; ion correlated with 532; ion correlated with 2500; ion correlated with 3522; ion correlated with 3926; ion correlated with 4888; ion correlated with 2562; ion correlated with 2394; ion correlated with 56; ion correlated with 1140; ion correlated with 1167; ion correlated with 1258; ion correlated with 1468; ion correlated with 2582; ion correlated with 3941; ion correlated with 5039; ion correlated with 3509; ion correlated with 2347; ion correlated with 3824; ion correlated with 3777; ion correlated with 3997; ion correlated with 5027; ion correlated with 4470; ion correlated with 3472",0.071,FALSE,"null","null","null","null",999,FALSE,FALSE,FALSE,"null","null","null","null","null",16.66,3545.66666666667,41.2976503759399,18,"Leaf vs Root","Leaf","Leaf enriched - FDR supported"
"F3321_mz317.2116_rt1.29",4.83322178053703,15.9023847724239,16.7361929738952,1.40087775861881e-05,0.000702384542863043,3.93763906256378,3321,1.286,317.21164,"Unknown","[M+H]+","ion correlated with 4381; ion correlated with 4909; ion correlated with 4954; ion correlated with 3495; ion correlated with 3284; ion correlated with 4031; ion correlated with 4416; ion correlated with 3080; ion correlated with 2898; ion correlated with 4842; ion correlated with 4908",0.107,TRUE,"null","null","null","null",999,FALSE,FALSE,FALSE,"null","null","null","null","null",14.65,0,671231,18,"Leaf vs Root","Leaf","Leaf enriched - FDR supported"
"F3761_mz358.2956_rt2.47",4.32208170277172,15.3271312477881,16.5445547886572,1.48254586066883e-05,0.000723241967164118,3.89314067657032,3761,2.467,358.29559,"Unknown","[M+H]+","ion correlated with 3446; ion correlated with 3879",0.107,FALSE,"null","null","null","null",999,FALSE,FALSE,FALSE,"null","null","null","null","null",42.72,0,412496,6,"Leaf vs Root","Leaf","Leaf enriched - FDR supported"
"F3217_mz309.2427_rt5.57",-10.3828178942627,17.1793692532316,-16.3938355993303,1.55080285326274e-05,0.0007366313552998,3.85754711394751,3217,5.566,309.24274,"Unknown","[M+H]+",NA,0.107,TRUE,"null","null","null","null",999,FALSE,FALSE,FALSE,"null","null","null","null","null",94.73,0,3036309,9,"Leaf vs Root","Root","Root enriched - FDR supported"
"F4854_mz600.4178_rt7.32",4.37222404801048,18.1608357167189,15.8388627306188,1.83683012226077e-05,0.000850122659148894,3.72178563902006,4854,7.316,600.41785,"Unknown","[M+H]+",NA,0.107,TRUE,"null","null","null","null",999,FALSE,FALSE,FALSE,"null","null","null","null","null",220.13,0,2503848,6,"Leaf vs Root","Leaf","Leaf enriched - FDR supported"
"F2127_mz227.1644_rt1.95",-5.96527797686926,15.0212657125662,-15.7086327173528,1.91284640448373e-05,0.000863171940023282,3.68881888050502,2127,1.946,227.16443,"Unknown","[M+H]+","ion correlated with 3808; ion correlated with 3862; ion correlated with 3216; similar chromatogram in higher mz_3216; similar chromatogram in higher mz_3862",0.071,FALSE,"null","null","null","null",999,FALSE,FALSE,FALSE,"null","null","null","null","null",18.31,3667.33333333333,48.8758746024534,23,"Leaf vs Root","Root","Root enriched - FDR supported"
"F5159_mz795.5023_rt9.2",3.29366255411106,17.4513770711719,15.6129102435606,1.97112831216288e-05,0.000867777220354633,3.66430972360642,5159,9.199,795.50226,"Unknown","[M+H]+","ion correlated with 5152",0.107,TRUE,"null","null","null","null",999,FALSE,FALSE,FALSE,"null","null","null","null","null",6407.89,0,962939,6,"Leaf vs Root","Leaf","Leaf enriched - FDR supported"
"F1438_mz180.0868_rt0.46",-4.05139321396022,22.2164949043216,-15.3102099713064,2.16994204797034e-05,0.00093255842775868,3.5852213464521,1438,0.463,180.08681,"Unknown","[M+H]+",NA,0.643,TRUE,"null","null","null","null",999,FALSE,FALSE,FALSE,"null","null","null","null","null",952.36,91837.6666666667,135.498951059104,24,"Leaf vs Root","Root","Root enriched - FDR supported"
"F3518_mz335.2221_rt1.99",4.30847790559548,18.3993137517434,15.224224230663,2.23073599528188e-05,0.000934331217606341,3.56230724760745,3518,1.991,335.22205,"Unknown","[M+H]+",NA,0.036,TRUE,"null","null","null","null",999,FALSE,FALSE,FALSE,"null","null","null","null","null",170.15,1443,2130.19944598338,23,"Leaf vs Root","Leaf","Leaf enriched - FDR supported"
"F2913_mz287.2373_rt5.39",3.9266424981562,15.8889123670489,15.1598404380018,2.27759410386033e-05,0.000934331217606341,3.54501745774176,2913,5.386,287.2373,"Unknown","[M+H]+","ion correlated with 5052; ion correlated with 4870; ion correlated with 3178; ion correlated with 3425; ion correlated with 3528; similar chromatogram in higher mz_3425; similar chromatogram in higher mz_3528; similar chromatogram in higher mz_4870",0.107,TRUE,"null","null","null","null",999,FALSE,FALSE,FALSE,"null","null","null","null","null",5.87,0,438983,6,"Leaf vs Root","Leaf","Leaf enriched - FDR supported"
"F4873_mz607.2925_rt8.15",7.8452499072857,21.0671794092261,14.905535944958,2.4745756270907e-05,0.000992579779310827,3.47559855698121,4873,8.146,607.29248,"Unknown","[M+H]+",NA,0.143,TRUE,"null","null","null","null",999,FALSE,FALSE,FALSE,"null","null","null","null","null",572378,371.333333333333,170209.281110116,11,"Leaf vs Root","Leaf","Leaf enriched - FDR supported"
"F1462_mz181.1225_rt7.32",3.13553898899588,15.4677637607788,14.7858239789673,2.57433008554091e-05,0.00101014474008725,3.44228536638441,1462,7.325,181.12253,"Unknown","[M+H]+","ion correlated with 4851; found in higher mz's MsMs_4854; found in higher mz's MsMs_4851",0.107,TRUE,"null","null","null","null",999,FALSE,FALSE,FALSE,"null","null","null","null","null",3.86,2246.33333333333,118.77588252744,23,"Leaf vs Root","Leaf","Leaf enriched - FDR supported"
"F1349_mz173.1326_rt3.55",5.1477210810644,14.5705208400042,14.6349523047914,2.70698945388503e-05,0.00103959914133244,3.39970900993405,1349,3.547,173.13263,"Unknown","[M+H]+","ion correlated with 1041; ion correlated with 419; ion correlated with 779; ion correlated with 2014; ion correlated with 2157; ion correlated with 376; ion correlated with 856; ion correlated with 1379; ion correlated with 2563; ion correlated with 956; ion correlated with 397; ion correlated with 597; ion correlated with 625; ion correlated with 994; ion correlated with 1019; ion correlated with 1190; ion correlated with 1257; ion correlated with 1630; ion correlated with 1752; ion correlated with 2317; ion correlated with 2448; ion correlated with 2474; ion correlated with 2746; ion correlated with 2954; ion correlated with 3083; ion correlated with 3098; ion correlated with 3118; ion correlated with 3504; ion correlated with 3906; ion correlated with 5013; ion correlated with 5038; ion correlated with 5047; ion correlated with 4188; ion correlated with 4106; found in higher mz's MsMs_3318; found in higher mz's MsMs_2474; found in higher mz's MsMs_2954; found in higher mz's MsMs_3504",0.107,FALSE,"null","null","null","null",999,FALSE,FALSE,FALSE,"null","null","null","null","null",13.25,1064.33333333333,344.344806007509,11,"Leaf vs Root","Leaf","Leaf enriched - FDR supported"
"F3319_mz317.2116_rt3.42",5.12709128483583,15.437153827031,14.4840905278414,2.84789986047552e-05,0.0010619530282867,3.35646291051117,3319,3.425,317.21155,"Unknown","[M+H]+",NA,0.107,TRUE,"null","null","null","null",999,FALSE,FALSE,FALSE,"null","null","null","null","null",10,459.666666666667,1126.46092619392,10,"Leaf vs Root","Leaf","Leaf enriched - FDR supported"
"F1620_mz193.0709_rt0.59",3.80700079528611,19.5184073317274,14.4480365051551,2.88286417651236e-05,0.0010619530282867,3.34602659450969,1620,0.591,193.07089,"Unknown","[M+H]+","ion correlated with 1880; ion correlated with 1941",0.107,TRUE,"null","null","null","null",999,FALSE,FALSE,FALSE,"null","null","null","null","null",53.87,1523.66666666667,3884.61434193266,9,"Leaf vs Root","Leaf","Leaf enriched - FDR supported"
"F4885_mz613.4836_rt8.94",3.43149650762243,17.0651138933127,14.2711357534803,3.06204510772566e-05,0.00109046792655682,3.29424625711561,4885,8.938,613.48364,"Unknown","[M+H]+","ion correlated with 4822; ion correlated with 5135; ion correlated with 5153; ion correlated with 5126",0.107,TRUE,"null","null","null","null",999,FALSE,FALSE,FALSE,"null","null","null","null","null",232.43,0,808701,6,"Leaf vs Root","Leaf","Leaf enriched - FDR supported"
"F3327_mz317.2479_rt7.89",-4.85692818352342,17.404551447769,-14.2530537248505,3.08110051270902e-05,0.00109046792655682,3.28889921575694,3327,7.895,317.24792,"Unknown","[M+H]+",NA,0.107,TRUE,"null","null","null","null",999,FALSE,FALSE,FALSE,"null","null","null","null","null",18.35,0,529621,6,"Leaf vs Root","Root","Root enriched - FDR supported"
"F1941_mz215.0527_rt0.61",3.25662787692455,19.9065997996247,14.1445224634385,3.19850164684088e-05,0.00110006704005638,3.25659097725642,1941,0.61,215.0527,"Unknown","[M+H]+","ion correlated with 2175; ion correlated with 1620; ion correlated with 1880; ion correlated with 277",0.107,TRUE,"null","null","null","null",999,FALSE,FALSE,FALSE,"null","null","null","null","null",807.04,2644,2067.38109640832,6,"Leaf vs Root","Leaf","Leaf enriched - FDR supported"
"F3684_mz350.3058_rt5.5",-4.51456089844327,16.6818712408282,-14.1161110311633,3.23011374642593e-05,0.00110006704005638,3.24807215605889,3684,5.497,350.30582,"Unknown","[M+H]+",NA,0.107,TRUE,"null","null","null","null",999,FALSE,FALSE,FALSE,"null","null","null","null","null",37.55,0,307692,6,"Leaf vs Root","Root","Root enriched - FDR supported"
"F3198_mz307.1908_rt1.46",7.31092760269147,17.8285108188583,13.9211267159824,3.45744218668035e-05,0.00114722748660607,3.18891379017426,3198,1.457,307.19083,"Unknown","[M+H]+","similar chromatogram in higher mz_3556",0.107,TRUE,"null","null","null","null",999,FALSE,FALSE,FALSE,"null","null","null","null","null",1513.46,4158.66666666667,1774.44218286722,24,"Leaf vs Root","Leaf","Leaf enriched - FDR supported"
"F2119_mz227.1281_rt1.66",3.41338997609103,14.8821409596374,13.8805487135703,3.50712809334747e-05,0.00114722748660607,3.17644813155564,2119,1.657,227.12814,"Unknown","[M+H]+","ion correlated with 4748; ion correlated with 3469; ion correlated with 2185; ion correlated with 2279; ion correlated with 4161; ion correlated with 2023; ion correlated with 1898; ion correlated with 3884; ion correlated with 3747; ion correlated with 4992; ion correlated with 3671; ion correlated with 3320; ion correlated with 3704; ion correlated with 4982; ion correlated with 2951; ion correlated with 3353; ion correlated with 2677; ion correlated with 3109; ion correlated with 3259; ion correlated with 3612; ion correlated with 4145; ion correlated with 3001; ion correlated with 2561",0.107,FALSE,"null","null","null","null",999,FALSE,FALSE,FALSE,"null","null","null","null","null",18.32,3635.66666666667,54.7044912923923,24,"Leaf vs Root","Leaf","Leaf enriched - FDR supported"
"F3966_mz379.2459_rt2.4",-7.12143014995512,15.1856558609232,-13.8387012884748,3.55926533240666e-05,0.00114722748660607,3.16353613586714,3966,2.399,379.24588,"Unknown","[M+H]+","ion correlated with 3064; ion correlated with 3924",0.107,FALSE,"null","null","null","null",999,FALSE,FALSE,FALSE,"null","null","null","null","null",96.44,0,288279,7,"Leaf vs Root","Root","Root enriched - FDR supported"
"F1404_mz177.0548_rt1.5",4.24114267760525,15.0892779564144,13.7401861562865,3.68570840076741e-05,0.00116714099357635,3.13291152631253,1404,1.5,177.05481,"Unknown","[M+H]+","ion correlated with 3440; ion correlated with 5120; ion correlated with 5095; ion correlated with 4013; ion correlated with 3298; ion correlated with 3110; ion correlated with 5155; ion correlated with 3078; ion correlated with 3270; ion correlated with 2745; ion correlated with 4225; ion correlated with 4254; ion correlated with 4012; found in higher mz's MsMs_5127; similar chromatogram in higher mz_4966",0.107,FALSE,"null","null","null","null",999,FALSE,FALSE,FALSE,"null","null","null","null","null",43.92,2334.33333333333,113.628746788467,18,"Leaf vs Root","Leaf","Leaf enriched - FDR supported"
"F1467_mz181.1226_rt5.72",3.94352405339028,15.7046905363055,13.509700465888,4.00313712940219e-05,0.00124580388251223,3.05999162146325,1467,5.715,181.12262,"Unknown","[M+H]+","ion correlated with 3578; ion correlated with 4812; ion correlated with 4855; ion correlated with 2530; found in higher mz's MsMs_4855; similar chromatogram in higher mz_4773; similar chromatogram in higher mz_4812",0.107,FALSE,"null","null","null","null",999,FALSE,FALSE,FALSE,"null","null","null","null","null",6.45,4063.33333333333,102.189206922004,24,"Leaf vs Root","Leaf","Leaf enriched - FDR supported"
"F3516_mz335.222_rt2.63",3.87678063947132,17.1130587358086,13.4280668926572,4.12333463911205e-05,0.00124699288260266,3.03372977227105,3516,2.627,335.22198,"Unknown","[M+H]+","ion correlated with 2781; ion correlated with 3077; ion correlated with 3317; ion correlated with 1918",0.071,TRUE,"null","null","null","null",999,FALSE,FALSE,FALSE,"null","null","null","null","null",34.55,1330.66666666667,701.295619524405,17,"Leaf vs Root","Leaf","Leaf enriched - FDR supported"
"F3111_mz301.2167_rt1.57",4.64226482158675,17.8718237649777,13.3879988981031,4.183907513152e-05,0.00124699288260266,3.02075512709838,3111,1.566,301.21667,"Unknown","[M+H]+","ion correlated with 3078; ion correlated with 3355; ion correlated with 3199; ion correlated with 3441; similar chromatogram in higher mz_3281; similar chromatogram in higher mz_3355",0.107,TRUE,"null","null","null","null",999,FALSE,FALSE,FALSE,"null","null","null","null","null",47.69,0,2439987,6,"Leaf vs Root","Leaf","Leaf enriched - FDR supported"
"F4292_mz425.2693_rt6.07",-6.25249365408205,15.3381128388013,-13.3682109331002,4.21421417389263e-05,0.00124699288260266,3.01432678826399,4292,6.066,425.26932,"Unknown","[M+H]+","ion correlated with 4407",0.107,FALSE,"null","null","null","null",999,FALSE,FALSE,FALSE,"null","null","null","null","null",21.55,0,204557,6,"Leaf vs Root","Root","Root enriched - FDR supported"
"F3315_mz317.2091_rt3.94",-4.26487492132822,15.7610625677242,-13.2985011234581,4.32309112723208e-05,0.0012585773362345,2.99157117536235,3315,3.945,317.20911,"Unknown","[M+H]+","ion correlated with 2783",0.107,TRUE,"null","null","null","null",999,FALSE,FALSE,FALSE,"null","null","null","null","null",32.48,0,151138,13,"Leaf vs Root","Root","Root enriched - FDR supported"
"F2436_mz252.1095_rt0.88",-4.36483574454565,15.4594706963003,-13.1741466701222,4.52578611998127e-05,0.00128070326238812,2.95054951077453,2436,0.875,252.10945,"Unknown","[M+H]+","ion correlated with 2541; ion correlated with 1813; ion correlated with 618; ion correlated with 2209; similar chromatogram in higher mz_4744",0.357,TRUE,"null","null","null","null",999,FALSE,FALSE,FALSE,"null","null","null","null","null",216.67,23924,198.560710553814,24,"Leaf vs Root","Root","Root enriched - FDR supported"
"F1690_mz197.1175_rt1.25",3.09341122995279,17.7027569350789,13.1650838043753,4.54099771705482e-05,0.00128070326238812,2.94753822252484,1690,1.246,197.11752,"Unknown","[M+H]+","ion correlated with 4895; ion correlated with 4673; ion correlated with 4062; ion correlated with 827; ion correlated with 4909; ion correlated with 3495; ion correlated with 3284; ion correlated with 4068; found in higher mz's MsMs_3284; found in higher mz's MsMs_3495; similar chromatogram in higher mz_3284; similar chromatogram in higher mz_4031; similar chromatogram in higher mz_4068; similar chromatogram in higher mz_4159; similar chromatogram in higher mz_4174; found in higher mz's MsMs_4031; similar chromatogram in higher mz_4555",0.107,TRUE,"null","null","null","null",999,FALSE,FALSE,FALSE,"null","null","null","null","null",124.02,34386.3333333333,39.7403016614645,24,"Leaf vs Root","Leaf","Leaf enriched - FDR supported"
"F3079_mz299.201_rt2.08",8.55986145485573,18.5001432777896,13.0006664577828,4.8278723073638e-05,0.00134066300227564,2.89238978020335,3079,2.083,299.20102,"Unknown","[M+H]+","ion correlated with 1751; ion correlated with 2381; ion correlated with 2674; ion correlated with 3503; ion correlated with 3746; ion correlated with 5004; ion correlated with 5012; ion correlated with 3703",0.107,TRUE,"null","null","null","null",999,FALSE,FALSE,FALSE,"null","null","null","null","null",521.02,0,15007959,11,"Leaf vs Root","Leaf","Leaf enriched - FDR supported"
"F628_mz123.117_rt2.08",3.69201931849473,15.7916773669973,12.9274019943525,4.96265373749081e-05,0.00135721060548044,2.86749566568093,628,2.077,123.11702,"Unknown","[M+H]+","ion correlated with 2751; ion correlated with 378; ion correlated with 742; ion correlated with 957; ion correlated with 1018; ion correlated with 1629; ion correlated with 1658; ion correlated with 420; ion correlated with 995; ion correlated with 1570; ion correlated with 1694; ion correlated with 1719; ion correlated with 2318; ion correlated with 2447; ion correlated with 2950; ion correlated with 4946; ion correlated with 596; ion correlated with 1191; ion correlated with 2394; ion correlated with 56; ion correlated with 1140; ion correlated with 1258; ion correlated with 1468; ion correlated with 2582; ion correlated with 3907; ion correlated with 3941; ion correlated with 5039; ion correlated with 4118; ion correlated with 3777; ion correlated with 3979; found in higher mz's MsMs_5012",0.107,FALSE,"null","null","null","null",999,FALSE,FALSE,FALSE,"null","null","null","null","null",13.56,11751.3333333333,34.7976004765011,24,"Leaf vs Root","Leaf","Leaf enriched - FDR supported"
"F1306_mz171.0655_rt1.1",-4.027735112747,14.8946548949673,-12.8386359355631,5.1320269214827e-05,0.00136363927740224,2.83706602624825,1306,1.1,171.06552,"Unknown","[M+H]+","ion correlated with 885",0.107,TRUE,"null","null","null","null",999,FALSE,FALSE,FALSE,"null","null","null","null","null",608.99,26035.6666666667,660.638368966842,24,"Leaf vs Root","Root","Root enriched - FDR supported"
"F3528_mz336.2899_rt5.39",4.76878137747135,14.6246949296747,12.8359513685374,5.13725600350982e-05,0.00136363927740224,2.83614112170761,3528,5.389,336.28995,"Unknown","[M+H]+","ion correlated with 5025; ion correlated with 5042; ion correlated with 5052; ion correlated with 2913; ion correlated with 3178; ion correlated with 3425; ion correlated with 3683",0.107,TRUE,"null","null","null","null",999,FALSE,FALSE,FALSE,"null","null","null","null","null",10.4,0,219009,6,"Leaf vs Root","Leaf","Leaf enriched - FDR supported"
"F5067_mz725.4572_rt5.77",-2.3935060431232,16.6356460117052,-12.7575256950542,5.292864204121e-05,0.00137907551817206,2.80900083824864,5067,5.773,725.45721,"Unknown","[M+H]+","ion correlated with 1369; ion correlated with 4504; ion correlated with 4359; ion correlated with 2876; ion correlated with 3749; ion correlated with 1963; ion correlated with 3527; ion correlated with 4997; ion correlated with 2473",0.107,FALSE,"null","null","null","null",999,FALSE,FALSE,FALSE,"null","null","null","null","null",45.72,0,142140,6,"Leaf vs Root","Root","Root enriched - FDR supported"
"F4884_mz613.4836_rt9.54",2.94139520287993,16.7336538379235,12.7302909650146,5.34821530593041e-05,0.00137907551817206,2.799521066666,4884,9.54,613.48358,"Unknown","[M+H]+","ion correlated with 5162; ion correlated with 5154",0.107,TRUE,"null","null","null","null",999,FALSE,FALSE,FALSE,"null","null","null","null","null",156.11,0,517768,8,"Leaf vs Root","Leaf","Leaf enriched - FDR supported"
"F2516_mz258.9_rt0.42",-3.38061572222103,16.3183347591543,-12.5625755571034,5.70474089147833e-05,0.00142193818646977,2.74051226437006,2516,0.416,258.89999,"Unknown","[M+H]+",NA,0.75,TRUE,"null","null","null","null",999,FALSE,FALSE,FALSE,"null","null","null","null","null",1156.86,0,2693151,24,"Leaf vs Root","Root","Root enriched - FDR supported"
"F4815_mz584.4228_rt7.86",3.3434590512931,16.3610532563107,12.5214085962102,5.79654971076575e-05,0.00142193818646977,2.72586029843061,4815,7.86,584.42285,"Unknown","[M+H]+",NA,0.107,TRUE,"null","null","null","null",999,FALSE,FALSE,FALSE,"null","null","null","null","null",9.45,0,596399,7,"Leaf vs Root","Leaf","Leaf enriched - FDR supported"
"F2126_mz227.1643_rt1.78",-7.04596390498615,15.7922833993569,-12.5117993021653,5.81823342164214e-05,0.00142193818646977,2.7224305777029,2126,1.779,227.16434,"Unknown","[M+H]+","ion correlated with 3807",0.107,TRUE,"null","null","null","null",999,FALSE,FALSE,FALSE,"null","null","null","null","null",38.1,4775.66666666667,92.827076064201,24,"Leaf vs Root","Root","Root enriched - FDR supported"
"F1258_mz167.1068_rt2.08",2.44220596614838,15.7062879934591,12.5004219114438,5.84403233491668e-05,0.00142193818646977,2.71836507018501,1258,2.08,167.10684,"Unknown","[M+H]+","ion correlated with 378; ion correlated with 742; ion correlated with 957; ion correlated with 1497; ion correlated with 1629; ion correlated with 1658; ion correlated with 2022; ion correlated with 797; ion correlated with 1838; ion correlated with 2911; ion correlated with 420; ion correlated with 628; ion correlated with 995; ion correlated with 1351; ion correlated with 1570; ion correlated with 1694; ion correlated with 1719; ion correlated with 1894; ion correlated with 2137; ion correlated with 2318; ion correlated with 2447; ion correlated with 4946; ion correlated with 596; ion correlated with 1191; ion correlated with 2158; ion correlated with 2500; ion correlated with 2562; ion correlated with 2394; ion correlated with 56; ion correlated with 1140; ion correlated with 1167; ion correlated with 1468; ion correlated with 2582; ion correlated with 3907; ion correlated with 3941; ion correlated with 5039; ion correlated with 2347; ion correlated with 4118; ion correlated with 3777; ion correlated with 3979; ion correlated with 3997; found in higher mz's MsMs_2674",0.107,FALSE,"null","null","null","null",999,FALSE,FALSE,FALSE,"null","null","null","null","null",34.9,8986,25.881940580839,24,"Leaf vs Root","Leaf","Leaf enriched - FDR supported"
"F519_mz116.0708_rt0.48",3.49816201612987,22.7902586387148,12.4723254955093,5.90833041469435e-05,0.00142193818646977,2.70830332815571,519,0.481,116.07079,"Unknown","[M+H]+","found in higher mz's MsMs_2176",0.643,TRUE,"null","null","null","null",999,FALSE,FALSE,FALSE,"null","null","null","null","null",2474.98,142517.666666667,1617.08894975161,24,"Leaf vs Root","Leaf","Leaf enriched - FDR supported"
"F3026_mz295.2271_rt3.94",-6.35666421724292,17.0654454565801,-12.3747898494738,6.13819601755922e-05,0.00145602266629675,2.6731298177325,3026,3.945,295.22711,"Unknown","[M+H]+",NA,0.107,TRUE,"null","null","null","null",999,FALSE,FALSE,FALSE,"null","null","null","null","null",110.85,3177,253.558842039018,23,"Leaf vs Root","Root","Root enriched - FDR supported"
"F3981_mz381.0798_rt0.47",2.43937417477766,23.3361206608772,12.3344393221616,6.23640648398399e-05,0.00145602266629675,2.65846659522187,3981,0.473,381.07977,"Unknown","[M+H]+",NA,0.643,TRUE,"null","null","null","null",999,FALSE,FALSE,FALSE,"null","null","null","null","null",271744.69,0,46728737,18,"Leaf vs Root","Leaf","Leaf enriched - FDR supported"
"F1283_mz169.0585_rt0.45",-4.11477793092326,20.0697039024469,-12.311951855971,6.29195390421866e-05,0.00145602266629675,2.65026609065099,1283,0.448,169.05853,"Unknown","[M+H]+",NA,0.107,FALSE,"null","null","null","null",999,FALSE,FALSE,FALSE,"null","null","null","null","null",223.34,222721.666666667,12.216560805067,24,"Leaf vs Root","Root","Root enriched - FDR supported"
"F4337_mz434.1872_rt0.47",-3.15581751067122,16.5828576034156,-12.1503180416306,6.70908889269344e-05,0.00153289942421667,2.59071313838982,4337,0.47,434.18719,"Unknown","[M+H]+",NA,0.107,FALSE,"null","null","null","null",999,FALSE,FALSE,FALSE,"null","null","null","null","null",1882.37,0,190247,12,"Leaf vs Root","Root","Root enriched - FDR supported"
"F3110_mz301.2166_rt1.49",2.86577335276329,16.2196105458159,11.9818080390174,7.17964210025569e-05,0.0016025121957028,2.5274667385519,3110,1.488,301.21664,"Unknown","[M+H]+","ion correlated with 4972; ion correlated with 3440; ion correlated with 4013; ion correlated with 3298; ion correlated with 1404; ion correlated with 3078; ion correlated with 2745; ion correlated with 4225",0.036,TRUE,"null","null","null","null",999,FALSE,FALSE,FALSE,"null","null","null","null","null",28.56,0,391282,7,"Leaf vs Root","Leaf","Leaf enriched - FDR supported"
"F1463_mz181.1225_rt2.67",2.86108090181344,15.5396805048882,11.9777920423531,7.19132896686573e-05,0.0016025121957028,2.52594474185754,1463,2.667,181.12253,"Unknown","[M+H]+","ion correlated with 3748; ion correlated with 3296; ion correlated with 1918; similar chromatogram in higher mz_1918",0.107,FALSE,"null","null","null","null",999,FALSE,FALSE,FALSE,"null","null","null","null","null",3.66,6815.66666666667,35.7173105134474,24,"Leaf vs Root","Leaf","Leaf enriched - FDR supported"
"F4444_mz455.2796_rt5.14",-4.43965342629445,16.2060387467532,-11.9341055473192,7.31993933866654e-05,0.00161127933003574,2.50934364410301,4444,5.145,455.2796,"Unknown","[M+H]+",NA,0.107,TRUE,"null","null","null","null",999,FALSE,FALSE,FALSE,"null","null","null","null","null",75.84,0,235715,6,"Leaf vs Root","Root","Root enriched - FDR supported"
"F1461_mz181.1225_rt7.01",3.4030945379044,15.7582124838202,11.8361969340286,7.61829092820979e-05,0.0016371354941381,2.47183878941427,1461,7.012,181.12253,"Unknown","[M+H]+","ion correlated with 4901; ion correlated with 4940",0.107,TRUE,"null","null","null","null",999,FALSE,FALSE,FALSE,"null","null","null","null","null",5.44,2700.66666666667,139.699691548427,23,"Leaf vs Root","Leaf","Leaf enriched - FDR supported"
"F1837_mz207.1383_rt1.06",4.01558369470346,18.6401307583652,11.8032515445824,7.72193407697629e-05,0.0016371354941381,2.4591249311437,1837,1.061,207.13832,"Unknown","[M+H]+","ion correlated with 4658; ion correlated with 4649; ion correlated with 819; ion correlated with 3463; ion correlated with 4722; ion correlated with 4603; ion correlated with 3971; similar chromatogram in higher mz_3349",0.107,TRUE,"null","null","null","null",999,FALSE,FALSE,FALSE,"null","null","null","null","null",362.2,3784,1076.80184940555,22,"Leaf vs Root","Leaf","Leaf enriched - FDR supported"
"F4724_mz542.2602_rt1.12",6.13888012302775,16.9535388524392,11.789327522406,7.76624343210707e-05,0.0016371354941381,2.45373725068328,4724,1.12,542.26025,"Unknown","[M+H]+","ion correlated with 1837; ion correlated with 4557; ion correlated with 3349; ion correlated with 392; ion correlated with 4649; ion correlated with 819; ion correlated with 3463; ion correlated with 4722; ion correlated with 4603; ion correlated with 3140; ion correlated with 4494; ion correlated with 3971; ion correlated with 4639; ion correlated with 820",0.107,TRUE,"null","null","null","null",999,FALSE,FALSE,FALSE,"null","null","null","null","null",22952.74,0,1877963,8,"Leaf vs Root","Leaf","Leaf enriched - FDR supported"
"F4407_mz447.251_rt6.07",-6.99421437583383,14.6014102703946,-11.7188397422175,7.99526576586484e-05,0.0016371354941381,2.42633196122511,4407,6.066,447.25104,"Unknown","[M+H]+","ion correlated with 4292",0.107,FALSE,"null","null","null","null",999,FALSE,FALSE,FALSE,"null","null","null","null","null",23.67,0,149264,6,"Leaf vs Root","Root","Root enriched - FDR supported"
"F1468_mz181.1226_rt2.08",3.18422275288763,15.8486286517037,11.6777434243162,8.13251361528457e-05,0.0016371354941381,2.41025220728317,1468,2.08,181.12262,"Unknown","[M+H]+","ion correlated with 378; ion correlated with 742; ion correlated with 957; ion correlated with 1018; ion correlated with 1629; ion correlated with 1658; ion correlated with 2022; ion correlated with 2911; ion correlated with 420; ion correlated with 628; ion correlated with 995; ion correlated with 1351; ion correlated with 1570; ion correlated with 1694; ion correlated with 1719; ion correlated with 1894; ion correlated with 2137; ion correlated with 2318; ion correlated with 2447; ion correlated with 4946; ion correlated with 596; ion correlated with 1191; ion correlated with 2158; ion correlated with 2500; ion correlated with 2394; ion correlated with 56; ion correlated with 1140; ion correlated with 1167; ion correlated with 1258; ion correlated with 2582; ion correlated with 3907; ion correlated with 3941; ion correlated with 5039; ion correlated with 2347; ion correlated with 4118; ion correlated with 3777; ion correlated with 3979; ion correlated with 3997",0.107,FALSE,"null","null","null","null",999,FALSE,FALSE,FALSE,"null","null","null","null","null",5.2,9000,38.2616375958227,24,"Leaf vs Root","Leaf","Leaf enriched - FDR supported"
"F2955_mz289.2532_rt6.34",-4.08857838779513,16.9878882547691,-11.668328323886,8.16435182711976e-05,0.0016371354941381,2.40655774922915,2955,6.335,289.25317,"Unknown","[M+H]+","ion correlated with 2931; ion correlated with 2679",0.107,TRUE,"null","null","null","null",999,FALSE,FALSE,FALSE,"null","null","null","null","null",36.96,0,348084,6,"Leaf vs Root","Root","Root enriched - FDR supported"
"F518_mz116.0708_rt0.73",2.70484489107482,17.8827915818455,11.6645747834451,8.17708632044742e-05,0.0016371354941381,2.40508376488172,518,0.733,116.07078,"Unknown","[M+H]+","ion correlated with 2363; ion correlated with 817; ion correlated with 2371; ion correlated with 2730",0.036,TRUE,"null","null","null","null",999,FALSE,FALSE,FALSE,"null","null","null","null","null",96.91,136756.333333333,38.164234946572,24,"Leaf vs Root","Leaf","Leaf enriched - FDR supported"
"F1464_mz181.1225_rt4.3",3.85662067221504,15.3761664113397,11.5997034775013,8.4009649384439e-05,0.0016371354941381,2.37950934003087,1464,4.298,181.12254,"Unknown","[M+H]+",NA,0.107,TRUE,"null","null","null","null",999,FALSE,FALSE,FALSE,"null","null","null","null","null",4.98,5294,71.0698772426818,24,"Leaf vs Root","Leaf","Leaf enriched - FDR supported"
"F3178_mz305.2479_rt5.39",4.01525698908845,16.0375537510612,11.5798162808402,8.4710585781914e-05,0.0016371354941381,2.37163111517198,3178,5.389,305.24789,"Unknown","[M+H]+","ion correlated with 5052; ion correlated with 2913; ion correlated with 3425",0.107,TRUE,"null","null","null","null",999,FALSE,FALSE,FALSE,"null","null","null","null","null",17.96,3002.33333333333,163.067813540511,18,"Leaf vs Root","Leaf","Leaf enriched - FDR supported"
"F2585_mz263.201_rt1.72",6.28175852722087,15.7514710664987,11.5352520948498,8.6306793063226e-05,0.0016371354941381,2.35391198605962,2585,1.72,263.20102,"Unknown","[M+H]+","ion correlated with 3109; ion correlated with 3760",0.107,TRUE,"null","null","null","null",999,FALSE,FALSE,FALSE,"null","null","null","null","null",119.73,0,920389,6,"Leaf vs Root","Leaf","Leaf enriched - FDR supported"
"F987_mz147.0442_rt1.03",4.19138574282937,19.5353390207595,11.5095381393843,8.7244155890552e-05,0.0016371354941381,2.34364665810263,987,1.027,147.0442,"Unknown","[M+H]+","ion correlated with 4557; found in higher mz's MsMs_4658; found in higher mz's MsMs_3562; found in higher mz's MsMs_2969; found in higher mz's MsMs_1217",0.036,TRUE,"null","null","null","null",999,FALSE,FALSE,FALSE,"null","null","null","null","null",101.27,1035,6401.71138996139,18,"Leaf vs Root","Leaf","Leaf enriched - FDR supported"
"F1465_mz181.1225_rt4.46",3.8374801731883,15.3578239493415,11.5078028517838,8.7307849768991e-05,0.0016371354941381,2.3429528194039,1465,4.456,181.12254,"Unknown","[M+H]+","ion correlated with 2383",0.107,FALSE,"null","null","null","null",999,FALSE,FALSE,FALSE,"null","null","null","null","null",4.7,5014,77.4011964107677,22,"Leaf vs Root","Leaf","Leaf enriched - FDR supported"
"F3503_mz334.2383_rt2.08",8.31274809991407,18.6107727832001,11.4918555437832,8.78958038269583e-05,0.0016371354941381,2.33656996577967,3503,2.08,334.23828,"Unknown","[M+H]+","ion correlated with 3520; ion correlated with 1751; ion correlated with 2381; ion correlated with 2674; ion correlated with 3323; ion correlated with 3746; ion correlated with 5004; ion correlated with 5012; ion correlated with 3703; ion correlated with 3079",0.107,TRUE,"null","null","null","null",999,FALSE,FALSE,FALSE,"null","null","null","null","null",3499.8,0,14592579,7,"Leaf vs Root","Leaf","Leaf enriched - FDR supported"
"F2031_mz220.9355_rt0.41",-2.89889055000892,16.6047101674155,-11.4856742532098,8.81249693526546e-05,0.0016371354941381,2.33409278395009,2031,0.408,220.93546,"Unknown","[M+H]+",NA,0.179,FALSE,"null","null","null","null",999,FALSE,FALSE,FALSE,"null","null","null","null","null",95.94,20968.6666666667,26.2835365369025,24,"Leaf vs Root","Root","Root enriched - FDR supported"
"F3879_mz369.2616_rt2.44",5.21084620963052,15.9080432976087,11.473930151791,8.85623388849835e-05,0.0016371354941381,2.32938143481845,3879,2.438,369.26157,"Unknown","[M+H]+","ion correlated with 3446",0.107,TRUE,"null","null","null","null",999,FALSE,FALSE,FALSE,"null","null","null","null","null",101.53,4004.33333333333,257.104693741678,23,"Leaf vs Root","Leaf","Leaf enriched - FDR supported"
"F3355_mz319.2272_rt1.57",4.27645306855446,17.693675452576,11.4652830817638,8.88860268285507e-05,0.0016371354941381,2.32590845052939,3355,1.566,319.2272,"Unknown","[M+H]+","ion correlated with 3078; ion correlated with 3111; ion correlated with 3199; ion correlated with 3441; ion correlated with 3320",0.107,TRUE,"null","null","null","null",999,FALSE,FALSE,FALSE,"null","null","null","null","null",86.33,0,1914915,12,"Leaf vs Root","Leaf","Leaf enriched - FDR supported"
"F1669_mz195.9489_rt0.66",-3.45778875072555,17.5654882075245,-11.4016210200774,9.13130793655996e-05,0.0016648495783324,2.30023288419845,1669,0.665,195.94887,"Unknown","[M+H]+",NA,0.107,FALSE,"null","null","null","null",999,FALSE,FALSE,FALSE,"null","null","null","null","null",54.96,1364.33333333333,306.4365234375,23,"Leaf vs Root","Root","Root enriched - FDR supported"
"F2473_mz255.2111_rt5.81",-2.14124033685332,16.7665850154047,-11.3758068373782,9.23197114083326e-05,0.0016663707909204,2.28976804590198,2473,5.813,255.21109,"Unknown","[M+H]+","ion correlated with 796; ion correlated with 595; ion correlated with 3908; ion correlated with 1369; ion correlated with 4504; ion correlated with 1025; ion correlated with 4273; ion correlated with 5067; ion correlated with 4359; ion correlated with 4389; ion correlated with 2876; ion correlated with 3316; ion correlated with 3749; ion correlated with 1963; ion correlated with 3775; ion correlated with 3357; ion correlated with 4997",0.071,FALSE,"null","null","null","null",999,FALSE,FALSE,FALSE,"null","null","null","null","null",29.84,0,134166,6,"Leaf vs Root","Root","Root enriched - FDR supported"
"F2841_mz282.2797_rt6.52",-4.39228601740639,14.2929176502115,-11.3390031799241,9.37778845500272e-05,0.00167593150111682,2.2747942385521,2841,6.521,282.27969,"Unknown","[M+H]+",NA,0.036,TRUE,"null","null","null","null",999,FALSE,FALSE,FALSE,"null","null","null","null","null",56.93,1156,318.783923941227,24,"Leaf vs Root","Root","Root enriched - FDR supported"
"F321_mz101.0034_rt0.52",-2.55359448497915,22.120120627264,-11.2783023243053,9.62434026792459e-05,0.00170313080231411,2.24995831693074,321,0.517,101.00338,"Unknown","[M+H]+","found in higher mz's MsMs_835",0.643,TRUE,"null","null","null","null",999,FALSE,FALSE,FALSE,"null","null","null","null","null",419.07,137063.333333333,133.314266050249,24,"Leaf vs Root","Root","Root enriched - FDR supported"
"F819_mz137.0599_rt1.08",4.13178873971228,18.037105473587,11.2449631450134,9.76304600783215e-05,0.00171090272273175,2.23624317337567,819,1.084,137.05995,"Unknown","[M+H]+","ion correlated with 1217; ion correlated with 3309; ion correlated with 4658; ion correlated with 1837; ion correlated with 1403; ion correlated with 4557; ion correlated with 392; ion correlated with 4649; ion correlated with 3918; ion correlated with 3463; ion correlated with 4722; ion correlated with 4603; ion correlated with 3140; ion correlated with 4494; ion correlated with 3971; ion correlated with 4724; ion correlated with 2899; ion correlated with 3305; found in higher mz's MsMs_3918; found in higher mz's MsMs_4722; found in higher mz's MsMs_4649; found in higher mz's MsMs_3463; found in higher mz's MsMs_3664; found in higher mz's MsMs_4693",0.107,TRUE,"null","null","null","null",999,FALSE,FALSE,FALSE,"null","null","null","null","null",177.21,15959,124.062468671679,24,"Leaf vs Root","Leaf","Leaf enriched - FDR supported"
"F4997_mz684.4301_rt5.81",-2.49625649263282,16.5134907902071,-11.2136337678411,9.89556966056756e-05,0.00171501847820819,2.22330648811401,4997,5.809,684.43005,"Unknown","[M+H]+","ion correlated with 1369; ion correlated with 4504; ion correlated with 5067; ion correlated with 2876; ion correlated with 3749; ion correlated with 1963; ion correlated with 3527; ion correlated with 2473",0.107,FALSE,"null","null","null","null",999,FALSE,FALSE,FALSE,"null","null","null","null","null",904.94,0,131319,6,"Leaf vs Root","Root","Root enriched - FDR supported"
"F2335_mz244.9472_rt0.39",-3.0139764534156,16.6305093659233,-11.1547756665614,0.000101503928396093,0.00171501847820819,2.19887505322833,2335,0.39,244.94716,"Unknown","[M+H]+",NA,0.036,FALSE,"null","null","null","null",999,FALSE,FALSE,FALSE,"null","null","null","null","null",27.26,4107.33333333333,41.4313995943205,24,"Leaf vs Root","Root","Root enriched - FDR supported"
"F3001_mz293.2116_rt1.71",3.45432668443173,14.403104243635,11.1541622743374,0.000101530894440788,0.00171501847820819,2.19861956005749,3001,1.71,293.21158,"Unknown","[M+H]+","ion correlated with 2119; ion correlated with 3353; ion correlated with 3109; ion correlated with 3737; ion correlated with 3814; ion correlated with 3259; ion correlated with 3612; ion correlated with 4145; ion correlated with 2561",0.071,FALSE,"null","null","null","null",999,FALSE,FALSE,FALSE,"null","null","null","null","null",75.89,692.333333333333,246.132692307692,22,"Leaf vs Root","Leaf","Leaf enriched - FDR supported"
"F1140_mz159.117_rt2.08",5.11197346015675,14.8882221430962,11.1466643423069,0.000101861211643981,0.00171501847820819,2.19549501219025,1140,2.08,159.11703,"Unknown","[M+H]+","ion correlated with 378; ion correlated with 742; ion correlated with 957; ion correlated with 1018; ion correlated with 1629; ion correlated with 1658; ion correlated with 2022; ion correlated with 797; ion correlated with 2911; ion correlated with 420; ion correlated with 628; ion correlated with 995; ion correlated with 1351; ion correlated with 1570; ion correlated with 1694; ion correlated with 1719; ion correlated with 1894; ion correlated with 2137; ion correlated with 2318; ion correlated with 2447; ion correlated with 4946; ion correlated with 596; ion correlated with 1191; ion correlated with 2158; ion correlated with 2500; ion correlated with 2394; ion correlated with 56; ion correlated with 1167; ion correlated with 1258; ion correlated with 1468; ion correlated with 2582; ion correlated with 3907; ion correlated with 3941; ion correlated with 5039; ion correlated with 2347; ion correlated with 4118; ion correlated with 3777; ion correlated with 3979; ion correlated with 3997; found in higher mz's MsMs_3323; found in higher mz's MsMs_1751; found in higher mz's MsMs_3520; found in higher mz's MsMs_3703; found in higher mz's MsMs_2674; found in higher mz's MsMs_5004; found in higher mz's MsMs_2381; found in higher mz's MsMs_2950; found in higher mz's MsMs_3851",0.107,FALSE,"null","null","null","null",999,FALSE,FALSE,FALSE,"null","null","null","null","null",36.08,1910.66666666667,177.708805579773,19,"Leaf vs Root","Leaf","Leaf enriched - FDR supported"
"F3323_mz317.2117_rt2.08",7.93866979844699,20.9881439463739,11.1154986586197,0.00010324801607902,0.00171501847820819,2.18247838451286,3323,2.079,317.2117,"Unknown","[M+H]+","ion correlated with 3520; ion correlated with 1751; ion correlated with 3703",0.143,TRUE,"null","null","null","null",999,FALSE,FALSE,FALSE,"null","null","null","null","null",1043.05,0,65626697,12,"Leaf vs Root","Leaf","Leaf enriched - FDR supported"
"F1658_mz195.102_rt2.07",5.07047119899498,15.2733093302991,11.108418244306,0.000103566212811464,0.00171501847820819,2.17951460289326,1658,2.074,195.10199,"Unknown","[M+H]+","ion correlated with 2751; ion correlated with 378; ion correlated with 742; ion correlated with 957; ion correlated with 1018; ion correlated with 1629; ion correlated with 420; ion correlated with 628; ion correlated with 995; ion correlated with 1570; ion correlated with 1694; ion correlated with 1719; ion correlated with 2318; ion correlated with 2447; ion correlated with 2950; ion correlated with 4946; ion correlated with 596; ion correlated with 1191; ion correlated with 2158; ion correlated with 2394; ion correlated with 56; ion correlated with 1140; ion correlated with 1258; ion correlated with 1468; ion correlated with 2582; ion correlated with 3907; ion correlated with 3941; ion correlated with 5039; ion correlated with 2347; ion correlated with 4118; ion correlated with 3777; ion correlated with 3979; ion correlated with 3997",0.107,FALSE,"null","null","null","null",999,FALSE,FALSE,FALSE,"null","null","null","null","null",22.67,2637.33333333333,181.07416298168,16,"Leaf vs Root","Leaf","Leaf enriched - FDR supported"
"F4859_mz600.4182_rt7.74",4.76703898133991,17.049511506867,11.068920622941,0.000105362877363464,0.00172058502303145,2.16293644216222,4859,7.741,600.41821,"Unknown","[M+H]+",NA,0.107,TRUE,"null","null","null","null",999,FALSE,FALSE,FALSE,"null","null","null","null","null",109.63,0,1310728,8,"Leaf vs Root","Leaf","Leaf enriched - FDR supported"
"F2679_mz271.2423_rt6.33",-3.49464907360375,16.5093617152947,-11.0592412726589,0.000105808829671186,0.00172058502303145,2.15886212030181,2679,6.33,271.24234,"Unknown","[M+H]+","ion correlated with 2931; ion correlated with 2955",0.071,TRUE,"null","null","null","null",999,FALSE,FALSE,FALSE,"null","null","null","null","null",11.39,0,204937,6,"Leaf vs Root","Root","Root enriched - FDR supported"
"F2699_mz273.1604_rt1.16",-2.95489225989935,17.326441406511,-11.0159639134797,0.000107830485601616,0.00173595761851397,2.14058904768974,2699,1.164,273.16043,"Unknown","[M+H]+",NA,0.143,TRUE,"null","null","null","null",999,FALSE,FALSE,FALSE,"null","null","null","null","null",31.55,101557.666666667,5.04168690674684,24,"Leaf vs Root","Root","Root enriched - FDR supported"
"F3548_mz337.274_rt5.23",-5.67071182058399,17.3346444702536,-10.9981150843022,0.000108677679164587,0.00173595761851397,2.13302577539556,3548,5.23,337.27396,"Unknown","[M+H]+","ion correlated with 4417; ion correlated with 4501",0.107,TRUE,"null","null","null","null",999,FALSE,FALSE,FALSE,"null","null","null","null","null",51.4,0,796130,8,"Leaf vs Root","Root","Root enriched - FDR supported"
"F1918_mz213.1488_rt2.67",4.97663263620189,16.2387269921257,10.946587527225,0.000111168364404548,0.0017552528069577,2.1111027067458,1918,2.667,213.14876,"Unknown","[M+H]+","ion correlated with 3516; ion correlated with 2781; ion correlated with 3077",0.107,TRUE,"null","null","null","null",999,FALSE,FALSE,FALSE,"null","null","null","null","null",42.12,1480,566.630654962863,15,"Leaf vs Root","Leaf","Leaf enriched - FDR supported"
"F3107_mz301.2166_rt2.46",2.11171943585065,20.2775894920579,10.9273565786103,0.00011211534397805,0.0017552528069577,2.10288671017944,3107,2.458,301.21658,"Unknown","[M+H]+","similar chromatogram in higher mz_3341; similar chromatogram in higher mz_3761",0.214,TRUE,"null","null","null","null",999,FALSE,FALSE,FALSE,"null","null","null","null","null",64.42,1012,4997.3672260612,9,"Leaf vs Root","Leaf","Leaf enriched - FDR supported"
"F2087_mz225.01_rt0.52",-2.13265756774416,21.301888951554,-10.8885241907987,0.000114057051709107,0.0017552528069577,2.08623987607263,2087,0.52,225.01004,"Unknown","[M+H]+",NA,0.393,TRUE,"null","null","null","null",999,FALSE,FALSE,FALSE,"null","null","null","null","null",337.11,0,3025869,18,"Leaf vs Root","Root","Root enriched - FDR supported"
"F4929_mz637.2872_rt1.17",6.18121951502177,19.1227240480907,10.8821211534308,0.000114381058438602,0.0017552528069577,2.08348770497118,4929,1.173,637.28723,"Unknown","[M+H]+","ion correlated with 2899; ion correlated with 4500",0.107,TRUE,"null","null","null","null",999,FALSE,FALSE,FALSE,"null","null","null","null","null",2219.91,0,11770581,6,"Leaf vs Root","Leaf","Leaf enriched - FDR supported"
"F2284_mz240.9878_rt0.52",-4.30460595244753,19.4150714992763,-10.874899076658,0.000114747828931307,0.0017552528069577,2.08038100882056,2284,0.522,240.98782,"Unknown","[M+H]+",NA,0.536,TRUE,"null","null","null","null",999,FALSE,FALSE,FALSE,"null","null","null","null","null",302.83,0,1881645,18,"Leaf vs Root","Root","Root enriched - FDR supported"
"F597_mz121.1013_rt3.55",4.23758903577689,15.1767732086647,10.8353045706321,0.000116783735223163,0.00177138354687235,2.06330186568713,597,3.547,121.10133,"Unknown","[M+H]+","ion correlated with 1041; ion correlated with 419; ion correlated with 779; ion correlated with 2157; ion correlated with 3115; ion correlated with 3702; ion correlated with 856; ion correlated with 3318; ion correlated with 3338; ion correlated with 397; ion correlated with 625; ion correlated with 994; ion correlated with 1019; ion correlated with 1190; ion correlated with 1257; ion correlated with 1349; ion correlated with 1630; ion correlated with 1752; ion correlated with 2317; ion correlated with 2448; ion correlated with 2474; ion correlated with 2676; ion correlated with 2746; ion correlated with 2954; ion correlated with 3083; ion correlated with 3098; ion correlated with 3118; ion correlated with 3504; ion correlated with 3745; ion correlated with 3906; ion correlated with 5005; ion correlated with 5013; ion correlated with 5038; ion correlated with 5047; ion correlated with 3515; ion correlated with 4188; found in higher mz's MsMs_3702; found in higher mz's MsMs_3318; found in higher mz's MsMs_2676; found in higher mz's MsMs_5005; found in higher mz's MsMs_3847; found in higher mz's MsMs_3976; found in higher mz's MsMs_2954; found in higher mz's MsMs_3083; found in higher mz's MsMs_3504",0.107,FALSE,"null","null","null","null",999,FALSE,FALSE,FALSE,"null","null","null","null","null",29.39,5251,89.1519421172887,24,"Leaf vs Root","Leaf","Leaf enriched - FDR supported"
"F3109_mz301.2166_rt1.68",4.50653751449006,15.8047214226431,10.801610705528,0.000118550249829026,0.00177765057357831,2.04870521943411,3109,1.675,301.21658,"Unknown","[M+H]+","ion correlated with 3747; ion correlated with 3320; ion correlated with 3704; ion correlated with 2951; ion correlated with 3353; ion correlated with 2677; ion correlated with 3259; ion correlated with 2585",0.036,TRUE,"null","null","null","null",999,FALSE,FALSE,FALSE,"null","null","null","null","null",31.63,0,538464,9,"Leaf vs Root","Leaf","Leaf enriched - FDR supported"
"F4419_mz449.2668_rt5.54",-4.10727817839745,17.3340486065997,-10.7701715006266,0.00012022737466602,0.00177765057357831,2.03503300066684,4419,5.54,449.26682,"Unknown","[M+H]+",NA,0.107,TRUE,"null","null","null","null",999,FALSE,FALSE,FALSE,"null","null","null","null","null",1811.81,0,450775,6,"Leaf vs Root","Root","Root enriched - FDR supported"
"F311_mz100.1122_rt0.51",5.79429685620876,17.7660737434598,10.768073900227,0.000120340274980263,0.00177765057357831,2.03411899661517,311,0.511,100.11218,"Unknown","[M+H]+","ion correlated with 279; similar chromatogram in higher mz_841; similar chromatogram in higher mz_1265; similar chromatogram in higher mz_2231; similar chromatogram in higher mz_2480; similar chromatogram in higher mz_4513; similar chromatogram in higher mz_4757",0.107,FALSE,"null","null","null","null",999,FALSE,FALSE,FALSE,"null","null","null","null","null",235.08,40562.6666666667,98.8978642627639,13,"Leaf vs Root","Leaf","Leaf enriched - FDR supported"
"F3520_mz335.2222_rt2.06",7.98551197126507,21.7934784874225,10.7398232840807,0.000121873214300114,0.00177765057357831,2.02178707705174,3520,2.064,335.22223,"Unknown","[M+H]+","ion correlated with 3323",0.321,TRUE,"null","null","null","null",999,FALSE,FALSE,FALSE,"null","null","null","null","null",1195.39,4194,27840.8965435042,21,"Leaf vs Root","Leaf","Leaf enriched - FDR supported"
"F2915_mz287.2376_rt7.36",-2.55176276155203,17.3362387815387,-10.7352939417682,0.000122121147436959,0.00177765057357831,2.01980610860565,2915,7.364,287.23761,"Unknown","[M+H]+","similar chromatogram in higher mz_4536",0.179,TRUE,"null","null","null","null",999,FALSE,FALSE,FALSE,"null","null","null","null","null",14.12,0,220686,6,"Leaf vs Root","Root","Root enriched - FDR supported"
"F2666_mz271.1082_rt1.28",-2.64333679135878,14.9103078761491,-10.7025654407573,0.000123930676102512,0.00178955896292027,2.00546032805154,2666,1.276,271.10822,"Unknown","[M+H]+",NA,0.071,FALSE,"null","null","null","null",999,FALSE,FALSE,FALSE,"null","null","null","null","null",62.26,25597,6.53101804828502,24,"Leaf vs Root","Root","Root enriched - FDR supported"
"F2948_mz289.2166_rt2.7",4.3557516088566,14.4044015269268,10.6586531606071,0.000126409049182008,0.00181085979185336,1.98612499641201,2948,2.698,289.21658,"Unknown","[M+H]+","ion correlated with 2744; ion correlated with 1627; ion correlated with 2995; ion correlated with 3517; ion correlated with 2156",0.036,FALSE,"null","null","null","null",999,FALSE,FALSE,FALSE,"null","null","null","null","null",12.18,0,273560,6,"Leaf vs Root","Leaf","Leaf enriched - FDR supported"
"F226_mz90.9767_rt5.82",-2.76933981059751,19.3730480286201,-10.5509341023259,0.000132743362228106,0.00187264724406006,1.93826613157778,226,5.815,90.97672,"Unknown","[M+H]+",NA,0.214,TRUE,"null","null","null","null",999,FALSE,FALSE,FALSE,"null","null","null","null","null",29.01,110261.666666667,10.1412838434284,24,"Leaf vs Root","Root","Root enriched - FDR supported"
"F235_mz93.037_rt0.81",-2.15881811170471,18.3358230086594,-10.5500458982652,0.000132797145285146,0.00187264724406006,1.93786895840586,235,0.809,93.03696,"Unknown","[M+H]+","similar chromatogram in higher mz_2182; similar chromatogram in higher mz_4920; similar chromatogram in higher mz_2586; similar chromatogram in higher mz_2464; similar chromatogram in higher mz_3700; similar chromatogram in higher mz_1450",0.643,FALSE,"null","null","null","null",999,FALSE,FALSE,FALSE,"null","null","null","null","null",126.46,4645.33333333333,87.2440634191836,24,"Leaf vs Root","Root","Root enriched - FDR supported"
"F4389_mz443.2002_rt5.78",-2.24203761102914,17.9910392526295,-10.5181811862073,0.000134743939768409,0.00188537063009286,1.92359240228851,4389,5.778,443.2002,"Unknown","[M+H]+","ion correlated with 150; ion correlated with 4359; ion correlated with 627; ion correlated with 4371; ion correlated with 3788; ion correlated with 3775; ion correlated with 3577; ion correlated with 3357",0.179,FALSE,"null","null","null","null",999,FALSE,FALSE,FALSE,"null","null","null","null","null",1296.21,0,309608,6,"Leaf vs Root","Root","Root enriched - FDR supported"
"F1402_mz177.0547_rt1.23",4.13503116747548,15.1866042213703,10.4586851632011,0.000138470781765892,0.00190835775551211,1.89679054480268,1402,1.227,177.05466,"Unknown","[M+H]+","ion correlated with 4341; ion correlated with 4388; ion correlated with 4166; ion correlated with 4952; ion correlated with 4960; ion correlated with 3635; ion correlated with 1381; ion correlated with 1635; ion correlated with 3816; ion correlated with 4062; ion correlated with 4516; ion correlated with 3846; ion correlated with 2872; ion correlated with 3642; ion correlated with 4381; ion correlated with 4942; ion correlated with 2624; ion correlated with 4954; ion correlated with 3886; ion correlated with 3934; ion correlated with 3495; ion correlated with 4031; ion correlated with 3321; found in higher mz's MsMs_4909; similar chromatogram in higher mz_4954; found in higher mz's MsMs_4954; similar chromatogram in higher mz_4942; similar chromatogram in higher mz_3563; similar chromatogram in higher mz_3642; similar chromatogram in higher mz_4265; similar chromatogram in higher mz_4381; similar chromatogram in higher mz_4402; similar chromatogram in higher mz_4636; similar chromatogram in higher mz_4825",0.071,FALSE,"null","null","null","null",999,FALSE,FALSE,FALSE,"null","null","null","null","null",31.34,3404.66666666667,105.350004893804,24,"Leaf vs Root","Leaf","Leaf enriched - FDR supported"
"F2342_mz245.0812_rt1.06",-4.68105127647256,15.6613756569578,-10.4582057047376,0.00013850131078786,0.00190835775551211,1.89657378434062,2342,1.059,245.08122,"Unknown","[M+H]+","ion correlated with 4297; ion correlated with 3181; ion correlated with 4172",0.071,FALSE,"null","null","null","null",999,FALSE,FALSE,FALSE,"null","null","null","null","null",31.62,0,164284,16,"Leaf vs Root","Root","Root enriched - FDR supported"
"F4549_mz479.1188_rt1.14",8.28459746368725,18.4959547042601,10.4288767529998,0.000140384157794967,0.00191964700621148,1.88329070907466,4549,1.137,479.1188,"Unknown","[M+H]+","ion correlated with 3918; ion correlated with 4494; ion correlated with 4673",0.107,TRUE,"null","null","null","null",999,FALSE,FALSE,FALSE,"null","null","null","null","null",219506.98,0,14775406,6,"Leaf vs Root","Leaf","Leaf enriched - FDR supported"
"F4914_mz629.2739_rt8.14",6.03504337684208,18.094394597243,10.3953328966079,0.000142575138646733,0.00193494831020566,1.86804152770067,4914,8.144,629.27386,"Unknown","[M+H]+","ion correlated with 4782",0.107,TRUE,"null","null","null","null",999,FALSE,FALSE,FALSE,"null","null","null","null","null",53494.95,0,4316808,8,"Leaf vs Root","Leaf","Leaf enriched - FDR supported"
"F3562_mz339.1077_rt1.04",4.91518592515934,17.586108074642,10.3776769966061,0.000143744739019704,0.00193626308903408,1.85999046667011,3562,1.041,339.1077,"Unknown","[M+H]+","ion correlated with 987; ion correlated with 3664; ion correlated with 4557; ion correlated with 3349; ion correlated with 4603; ion correlated with 3140",0.107,TRUE,"null","null","null","null",999,FALSE,FALSE,FALSE,"null","null","null","null","null",525.33,0,2497177,10,"Leaf vs Root","Leaf","Leaf enriched - FDR supported"
"F3413_mz326.1815_rt1.03",2.72449798498867,16.6319172418783,10.3208707053084,0.000147586218472856,0.00197328240254448,1.83397105682461,3413,1.026,326.18146,"Unknown","[M+H]+","similar chromatogram in higher mz_4112",0.429,FALSE,"null","null","null","null",999,FALSE,FALSE,FALSE,"null","null","null","null","null",52.13,4016.33333333333,122.30227348158,24,"Leaf vs Root","Leaf","Leaf enriched - FDR supported"
"F3425_mz327.2299_rt5.39",3.65815825537179,15.5863446141271,10.3015080526348,0.000148923489628367,0.00197652131455296,1.82506164537964,3425,5.389,327.22986,"Unknown","[M+H]+","ion correlated with 5052; ion correlated with 4870; ion correlated with 2913; ion correlated with 3178; ion correlated with 3528; ion correlated with 3683",0.107,TRUE,"null","null","null","null",999,FALSE,FALSE,FALSE,"null","null","null","null","null",40.88,0,328240,6,"Leaf vs Root","Leaf","Leaf enriched - FDR supported"
"F132_mz80.948_rt5.77",-2.00197238734351,18.9692320921553,-10.264095847353,0.000151548496607346,0.00199387004258643,1.80778820801221,132,5.772,80.94801,"Unknown","[M+H]+","ion correlated with 3113; ion correlated with 27; ion correlated with 606; ion correlated with 4371; similar chromatogram in higher mz_5067",0.214,TRUE,"null","null","null","null",999,FALSE,FALSE,FALSE,"null","null","null","null","null",26.19,68207.3333333333,8.19571411117899,24,"Leaf vs Root","Root","Root enriched - FDR supported"
"F779_mz133.1013_rt3.54",4.23931301655739,15.0852935596127,10.2384625200444,0.00015337891601348,0.00199387004258643,1.79590820087831,779,3.543,133.10129,"Unknown","[M+H]+","ion correlated with 419; ion correlated with 2157; ion correlated with 856; ion correlated with 3318; ion correlated with 3338; ion correlated with 397; ion correlated with 597; ion correlated with 625; ion correlated with 994; ion correlated with 1019; ion correlated with 1190; ion correlated with 1257; ion correlated with 1349; ion correlated with 1630; ion correlated with 1752; ion correlated with 2317; ion correlated with 2448; ion correlated with 2474; ion correlated with 2676; ion correlated with 2746; ion correlated with 2954; ion correlated with 3083; ion correlated with 3098; ion correlated with 3118; ion correlated with 3504; ion correlated with 3745; ion correlated with 3906; ion correlated with 5013; ion correlated with 5038; ion correlated with 5047; ion correlated with 3515; ion correlated with 4188; found in higher mz's MsMs_3115; found in higher mz's MsMs_3702; found in higher mz's MsMs_3318; found in higher mz's MsMs_2676; found in higher mz's MsMs_5005; found in higher mz's MsMs_3847; found in higher mz's MsMs_3515; found in higher mz's MsMs_3976; found in higher mz's MsMs_2474; found in higher mz's MsMs_2954; found in higher mz's MsMs_3083; found in higher mz's MsMs_3504",0.107,FALSE,"null","null","null","null",999,FALSE,FALSE,FALSE,"null","null","null","null","null",26.41,1989.66666666667,206.813127930342,22,"Leaf vs Root","Leaf","Leaf enriched - FDR supported"
"F17_mz62.99_rt0.53",-2.23779512093882,19.0528647154614,-10.2151326171666,0.000155067803940009,0.00199387004258643,1.78506381875082,17,0.529,62.99005,"Unknown","[M+H]+","found in higher mz's MsMs_135; found in higher mz's MsMs_22",0.429,FALSE,"null","null","null","null",999,FALSE,FALSE,FALSE,"null","null","null","null","null",274.28,5708,118.19985987038,20,"Leaf vs Root","Root","Root enriched - FDR supported"
"F4109_mz397.1318_rt0.46",-3.53968553802163,17.6767507042647,-10.1972470587365,0.000156377593623756,0.00199387004258643,1.7767294458015,4109,0.461,397.13184,"Unknown","[M+H]+",NA,0.214,FALSE,"null","null","null","null",999,FALSE,FALSE,FALSE,"null","null","null","null","null",2716.48,0,568347,7,"Leaf vs Root","Root","Root enriched - FDR supported"
"F150_mz82.945_rt5.78",-1.93561652423141,17.2812923458853,-10.1947934385179,0.000156558303286722,0.00199387004258643,1.77558469679117,150,5.777,82.94504,"Unknown","[M+H]+","ion correlated with 4359; ion correlated with 627; ion correlated with 4389; ion correlated with 3788; ion correlated with 3775; ion correlated with 3577; ion correlated with 3357",0.107,FALSE,"null","null","null","null",999,FALSE,FALSE,FALSE,"null","null","null","null","null",36.13,21507.6666666667,8.00072838855655,24,"Leaf vs Root","Root","Root enriched - FDR supported"
"F2396_mz249.0458_rt0.45",-1.94812899409076,20.719459681143,-10.1691602350884,0.000158461157517374,0.00199387004258643,1.76360510770645,2396,0.446,249.04579,"Unknown","[M+H]+",NA,0.5,TRUE,"null","null","null","null",999,FALSE,FALSE,FALSE,"null","null","null","null","null",2328.62,0,2108073,18,"Leaf vs Root","Root","Root enriched - FDR supported"
"F2931_mz288.2451_rt6.32",-3.89026225557621,16.3877629910565,-10.1636928888014,0.000158870580102162,0.00199387004258643,1.76104516217326,2931,6.324,288.24506,"Unknown","[M+H]+","ion correlated with 2679; ion correlated with 2955",0.036,FALSE,"null","null","null","null",999,FALSE,FALSE,FALSE,"null","null","null","null","null",9.81,0,205159,8,"Leaf vs Root","Root","Root enriched - FDR supported"
"F3577_mz341.2091_rt5.8",-2.65916649340325,17.9429244764148,-10.1610659294945,0.000159067748549832,0.00199387004258643,1.75981455408446,3577,5.803,341.20908,"Unknown","[M+H]+","ion correlated with 150; ion correlated with 4359; ion correlated with 4389; ion correlated with 3775; ion correlated with 3357",0.107,FALSE,"null","null","null","null",999,FALSE,FALSE,FALSE,"null","null","null","null","null",192.09,0,362307,6,"Leaf vs Root","Root","Root enriched - FDR supported"
"F2857_mz284.1247_rt0.9",4.09162526028277,17.1408576789696,10.101828006925,0.000163592327039906,0.00203644241591056,1.73196032452679,2857,0.9,284.12469,"Unknown","[M+H]+",NA,0.179,TRUE,"null","null","null","null",999,FALSE,FALSE,FALSE,"null","null","null","null","null",270.95,0,1762220,18,"Leaf vs Root","Leaf","Leaf enriched - FDR supported"
"F4371_mz441.2051_rt5.78",-2.26114555993742,19.3955830512839,-10.0721330455016,0.000165918080870247,0.00205124750664928,1.71792214204731,4371,5.78,441.20514,"Unknown","[M+H]+","ion correlated with 132; ion correlated with 3113; ion correlated with 27; ion correlated with 606",0.214,TRUE,"null","null","null","null",999,FALSE,FALSE,FALSE,"null","null","null","null","null",1761.06,0,837403,6,"Leaf vs Root","Root","Root enriched - FDR supported"
"F2220_mz235.0406_rt0.46",2.82948242964603,19.1573976334052,10.029770143675,0.00016930459598532,0.00207777760359976,1.69780753972055,2220,0.457,235.04063,"Unknown","[M+H]+","ion correlated with 2989; ion correlated with 2200; ion correlated with 1822; ion correlated with 2176; ion correlated with 851; ion correlated with 2266; ion correlated with 1942; ion correlated with 1323; ion correlated with 3203; ion correlated with 2488; ion correlated with 2738; ion correlated with 2771",0.107,FALSE,"null","null","null","null",999,FALSE,FALSE,FALSE,"null","null","null","null","null",1212.45,0,3005719,9,"Leaf vs Root","Leaf","Leaf enriched - FDR supported"
"F2287_mz241.0975_rt1.41",-2.59480298200603,14.7495409231278,-10.0166971134365,0.000170366252261919,0.00207777760359976,1.69157933302587,2287,1.408,241.09746,"Unknown","[M+H]+",NA,0.036,FALSE,"null","null","null","null",999,FALSE,FALSE,FALSE,"null","null","null","null","null",31.13,21353,9.78491149199213,24,"Leaf vs Root","Root","Root enriched - FDR supported"
"F319_mz101.0033_rt0.64",-2.07584184046253,21.7569969440902,-9.94567905868305,0.000176274184707431,0.00212494461910484,1.65757160658587,319,0.638,101.00331,"Unknown","[M+H]+","ion correlated with 320",0.464,TRUE,"null","null","null","null",999,FALSE,FALSE,FALSE,"null","null","null","null","null",147.25,118086,50.1691041350868,24,"Leaf vs Root","Root","Root enriched - FDR supported"
"F2285_mz240.9881_rt0.64",-2.77965872425623,19.027760496366,-9.94198404560266,0.000176588195493477,0.00212494461910484,1.65579415006995,2285,0.639,240.98813,"Unknown","[M+H]+",NA,0.5,TRUE,"null","null","null","null",999,FALSE,FALSE,FALSE,"null","null","null","null","null",200.93,0,761087,22,"Leaf vs Root","Root","Root enriched - FDR supported"
"F1179_mz162.9737_rt0.62",-3.9268326846345,17.1545332239406,-9.91686914940296,0.000178740270575567,0.00213659727409866,1.64369158565871,1179,0.622,162.97372,"Unknown","[M+H]+",NA,0.321,FALSE,"null","null","null","null",999,FALSE,FALSE,FALSE,"null","null","null","null","null",21.74,43223.6666666667,8.07902123787344,24,"Leaf vs Root","Root","Root enriched - FDR supported"
"F1018_mz149.0962_rt2.07",7.59833548056985,17.4595734425884,9.89715953494,0.000180451082952331,0.00214285661005894,1.63416775254216,1018,2.074,149.09625,"Unknown","[M+H]+","ion correlated with 1751; ion correlated with 2381; ion correlated with 2674; ion correlated with 2950; ion correlated with 3323; ion correlated with 3503; ion correlated with 3746; ion correlated with 3907; ion correlated with 5004; ion correlated with 5012; ion correlated with 3703; ion correlated with 3079; ion correlated with 4118; ion correlated with 3851; found in higher mz's MsMs_3323; found in higher mz's MsMs_3703; found in higher mz's MsMs_2674; found in higher mz's MsMs_5004; found in higher mz's MsMs_3851",0.107,TRUE,"null","null","null","null",999,FALSE,FALSE,FALSE,"null","null","null","null","null",176.35,1665.66666666667,2987.7516,18,"Leaf vs Root","Leaf","Leaf enriched - FDR supported"
"F2934_mz288.29_rt1.99",-3.70530489355534,16.3107665522264,-9.85888606190344,0.000183829322481352,0.00216870540574405,1.61560809464263,2934,1.992,288.29001,"Unknown","[M+H]+",NA,0.107,TRUE,"null","null","null","null",999,FALSE,FALSE,FALSE,"null","null","null","null","null",13.48,12622,18.8403707518023,24,"Leaf vs Root","Root","Root enriched - FDR supported"
"F1964_mz215.9941_rt0.39",-1.82588497024373,17.3213602804837,-9.8324336899352,0.000186208241958646,0.0021739331012569,1.60272988228732,1964,0.39,215.99408,"Unknown","[M+H]+",NA,0.321,FALSE,"null","null","null","null",999,FALSE,FALSE,FALSE,"null","null","null","null","null",44.84,8776,20.369146633246,24,"Leaf vs Root","Root","Root enriched - FDR supported"
"F312_mz100.1122_rt0.82",5.95070980020985,19.2711917528778,9.81887855507551,0.000187441492451738,0.0021739331012569,1.59611444717549,312,0.824,100.11221,"Unknown","[M+H]+","similar chromatogram in higher mz_2104",0.107,TRUE,"null","null","null","null",999,FALSE,FALSE,FALSE,"null","null","null","null","null",688.66,27934.6666666667,472.186547663083,19,"Leaf vs Root","Leaf","Leaf enriched - FDR supported"
"F3027_mz295.2272_rt1.44",-4.07153758111309,15.3744735453864,-9.80046147330137,0.000189132714130615,0.0021739331012569,1.5871085654981,3027,1.44,295.22723,"Unknown","[M+H]+","ion correlated with 1919; ion correlated with 1666",0.357,TRUE,"null","null","null","null",999,FALSE,FALSE,FALSE,"null","null","null","null","null",84.06,18603.6666666667,35.7894076754936,24,"Leaf vs Root","Root","Root enriched - FDR supported"
"F3280_mz315.1959_rt3.16",4.00838531852419,14.798807223477,9.8002336468082,0.000189153748770995,0.0021739331012569,1.58699703184252,3280,3.159,315.19586,"Unknown","[M+H]+",NA,0.107,TRUE,"null","null","null","null",999,FALSE,FALSE,FALSE,"null","null","null","null","null",6.34,0,261194,8,"Leaf vs Root","Leaf","Leaf enriched - FDR supported"
"F4297_mz426.0511_rt1.04",-5.4764123914826,15.5021460814233,-9.78792401084868,0.00019029442105185,0.0021739331012569,1.5809661489711,4297,1.04,426.05112,"Unknown","[M+H]+","ion correlated with 3181; ion correlated with 2342; ion correlated with 4172",0.107,FALSE,"null","null","null","null",999,FALSE,FALSE,FALSE,"null","null","null","null","null",3230.3,0,205818,6,"Leaf vs Root","Root","Root enriched - FDR supported"
"F951_mz145.0497_rt0.78",2.48569799369555,19.4251789749871,9.73929630820171,0.000194881390930355,0.00220344810539753,1.55705257399405,951,0.778,145.04974,"Unknown","[M+H]+","ion correlated with 673; similar chromatogram in higher mz_2487; similar chromatogram in higher mz_2555; found in higher mz's MsMs_2555; similar chromatogram in higher mz_2265; similar chromatogram in higher mz_2770",0.107,TRUE,"null","null","null","null",999,FALSE,FALSE,FALSE,"null","null","null","null","null",14.5,244319.333333333,15.0619105245709,24,"Leaf vs Root","Leaf","Leaf enriched - FDR supported"
"F3237_mz311.2583_rt6.23",-6.38147954592301,14.6275597491378,-9.73385940165615,0.00019540238949531,0.00220344810539753,1.554369982132,3237,6.227,311.25833,"Unknown","[M+H]+",NA,0.036,TRUE,"null","null","null","null",999,FALSE,FALSE,FALSE,"null","null","null","null","null",24.14,5476,35.8066459740734,24,"Leaf vs Root","Root","Root enriched - FDR supported"
"F4417_mz449.2666_rt5.23",-5.61821981728497,17.5383874083822,-9.72204504795556,0.000196540246520223,0.00220344810539753,1.54853454375953,4417,5.227,449.2666,"Unknown","[M+H]+","ion correlated with 3548; ion correlated with 4501",0.107,TRUE,"null","null","null","null",999,FALSE,FALSE,FALSE,"null","null","null","null","null",4778.74,0,905569,8,"Leaf vs Root","Root","Root enriched - FDR supported"
"F4727_mz543.1329_rt0.49",3.0560983493849,16.9224971782206,9.667391253866,0.000201907866075167,0.0022496524584301,1.52142877645685,4727,0.49,543.13293,"Unknown","[M+H]+",NA,0.536,FALSE,"null","null","null","null",999,FALSE,FALSE,FALSE,"null","null","null","null","null",20842.12,0,2857632,18,"Leaf vs Root","Leaf","Leaf enriched - FDR supported"
"F3357_mz319.2273_rt5.81",-2.21282429063874,17.9753297219013,-9.6545594005043,0.000203193300105276,0.0022500853171167,1.51503825417783,3357,5.809,319.22729,"Unknown","[M+H]+","ion correlated with 150; ion correlated with 4359; ion correlated with 627; ion correlated with 4389; ion correlated with 4371; ion correlated with 3788; ion correlated with 3775; ion correlated with 3577",0.107,TRUE,"null","null","null","null",999,FALSE,FALSE,FALSE,"null","null","null","null","null",31.83,0,311410,11,"Leaf vs Root","Root","Root enriched - FDR supported"
"F2282_mz240.1444_rt0.92",2.67943348293379,19.0344844904964,9.60188132304462,0.000208573549084664,0.00229558082986475,1.48869714177705,2282,0.917,240.14444,"Unknown","[M+H]+","ion correlated with 2069; ion correlated with 1929",0.5,TRUE,"null","null","null","null",999,FALSE,FALSE,FALSE,"null","null","null","null","null",129.1,61396.3333333333,53.5055322706741,24,"Leaf vs Root","Leaf","Leaf enriched - FDR supported"
"F135_mz81.017_rt0.52",-2.02120888605525,26.231392952214,-9.56203223443283,0.000212756476797644,0.00230758186506054,1.46865671498408,135,0.517,81.01697,"Unknown","[M+H]+","ion correlated with 137; found in higher mz's MsMs_1135",0.429,TRUE,"null","null","null","null",999,FALSE,FALSE,FALSE,"null","null","null","null","null",4666.81,1396171,59.4158434634128,24,"Leaf vs Root","Root","Root enriched - FDR supported"
"F137_mz81.0171_rt0.54",-2.02120888605525,26.231392952214,-9.56203223443283,0.000212756476797644,0.00230758186506054,1.46865671498408,137,0.544,81.0171,"Unknown","[M+H]+","ion correlated with 135; found in higher mz's MsMs_3781; found in higher mz's MsMs_2721",0.286,TRUE,"null","null","null","null",999,FALSE,FALSE,FALSE,"null","null","null","null","null",2532.71,1396171,59.4158434634128,24,"Leaf vs Root","Root","Root enriched - FDR supported"
"F4484_mz463.1244_rt1.18",4.40360156944718,15.4818370858274,9.55505356639887,0.00021349926396959,0.00230758186506054,1.46513689862411,4484,1.184,463.12439,"Unknown","[M+H]+","ion correlated with 4412; ion correlated with 4838; ion correlated with 2871; ion correlated with 1896; ion correlated with 4726; ion correlated with 3816; ion correlated with 2872; ion correlated with 3642; ion correlated with 4942; ion correlated with 3934",0.071,FALSE,"null","null","null","null",999,FALSE,FALSE,FALSE,"null","null","null","null","null",3340.45,0,588022,6,"Leaf vs Root","Leaf","Leaf enriched - FDR supported"
"F1135_mz159.031_rt0.52",-2.14426793871523,23.6197234133234,-9.53789872526595,0.000215338337201209,0.00231360534909633,1.45647159367094,1135,0.518,159.03096,"Unknown","[M+H]+",NA,0.643,TRUE,"null","null","null","null",999,FALSE,FALSE,FALSE,"null","null","null","null","null",1111.42,26562,553.827015020894,18,"Leaf vs Root","Root","Root enriched - FDR supported"
"F1108_mz157.0351_rt0.52",-2.13837893689827,27.2235175821239,-9.49931275899603,0.000219544317530151,0.00234483723752617,1.43691340424401,1108,0.517,157.03514,"Unknown","[M+H]+",NA,0.643,TRUE,"null","null","null","null",999,FALSE,FALSE,FALSE,"null","null","null","null","null",11426.7,310519.333333333,569.768398419427,20,"Leaf vs Root","Root","Root enriched - FDR supported"
"F3140_mz303.0503_rt1.1",6.51585958522572,17.638888728656,9.47619142206644,0.000222111488946654,0.00235830139734536,1.42514882507814,3140,1.1,303.05029,"Unknown","[M+H]+","ion correlated with 4658; ion correlated with 3664; ion correlated with 1403; ion correlated with 4557; ion correlated with 3599; ion correlated with 4649; ion correlated with 3918; ion correlated with 819; ion correlated with 4722; ion correlated with 4603; ion correlated with 4494; ion correlated with 4724; ion correlated with 3305; ion correlated with 4639; ion correlated with 820; found in higher mz's MsMs_4494",0.107,TRUE,"null","null","null","null",999,FALSE,FALSE,FALSE,"null","null","null","null","null",698.11,0,3374799,6,"Leaf vs Root","Leaf","Leaf enriched - FDR supported"
"F3745_mz357.2039_rt3.55",6.58901433399984,19.4015707764133,9.45257359143756,0.000224770778220531,0.00237258043677227,1.4130966410875,3745,3.547,357.20386,"Unknown","[M+H]+","ion correlated with 3115; ion correlated with 3702; ion correlated with 3318; ion correlated with 3338; ion correlated with 2676; ion correlated with 5005",0.107,TRUE,"null","null","null","null",999,FALSE,FALSE,FALSE,"null","null","null","null","null",2310.05,0,20125525,6,"Leaf vs Root","Leaf","Leaf enriched - FDR supported"
"F3641_mz347.1957_rt5.82",-3.4828914247281,16.3853448776334,-9.41248568104707,0.000229371865167621,0.00239355201786055,1.3925584511536,3641,5.816,347.19574,"Unknown","[M+H]+",NA,0.107,FALSE,"null","null","null","null",999,FALSE,FALSE,FALSE,"null","null","null","null","null",94.99,0,200303,6,"Leaf vs Root","Root","Root enriched - FDR supported"
"F1869_mz209.1538_rt1.06",4.23669865503807,15.9093278187541,9.41216006166683,0.000229409694786634,0.00239355201786055,1.39239120643348,1869,1.056,209.15376,"Unknown","[M+H]+",NA,0.143,FALSE,"null","null","null","null",999,FALSE,FALSE,FALSE,"null","null","null","null","null",51.26,15082.6666666667,34.0588937261055,19,"Leaf vs Root","Leaf","Leaf enriched - FDR supported"
"F2375_mz247.1658_rt1.07",-2.22368690200366,16.3058097220982,-9.38840960068571,0.000232189104182965,0.00240681331254745,1.38017414778193,2375,1.074,247.1658,"Unknown","[M+H]+",NA,0.036,TRUE,"null","null","null","null",999,FALSE,FALSE,FALSE,"null","null","null","null","null",606.91,83009.6666666667,143.412039416621,24,"Leaf vs Root","Root","Root enriched - FDR supported"
"F3108_mz301.2166_rt2.82",2.49575640303244,19.2293778801711,9.37861024547254,0.000233347551078007,0.00240681331254745,1.37512286834904,3108,2.824,301.21658,"Unknown","[M+H]+",NA,0.179,TRUE,"null","null","null","null",999,FALSE,FALSE,FALSE,"null","null","null","null","null",42.09,1351,2073.9075443787,7,"Leaf vs Root","Leaf","Leaf enriched - FDR supported"
"F1430_mz179.1183_rt1.24",-2.62770162490174,12.8443441224875,-9.36385307447025,0.000235105106122918,0.00241116316222652,1.36750430384303,1430,1.243,179.11829,"Unknown","[M+H]+","ion correlated with 1609",0.107,TRUE,"null","null","null","null",999,FALSE,FALSE,FALSE,"null","null","null","null","null",33.05,13946.6666666667,16.7861052027818,24,"Leaf vs Root","Root","Root enriched - FDR supported"
"F2343_mz245.0999_rt0.93",2.85601708125005,19.3379483856818,9.32285707261253,0.000240071001402711,0.00243548063390059,1.34626570957006,2343,0.929,245.0999,"Unknown","[M+H]+",NA,0.5,TRUE,"null","null","null","null",999,FALSE,FALSE,FALSE,"null","null","null","null","null",225.45,7351.66666666667,479.051636594433,24,"Leaf vs Root","Leaf","Leaf enriched - FDR supported"
"F3657_mz348.2749_rt1.44",-6.56177988990866,15.9497843644872,-9.322010785439,0.000240174821514851,0.00243548063390059,1.34582612888191,3657,1.44,348.2749,"Unknown","[M+H]+","ion correlated with 3713",0.464,TRUE,"null","null","null","null",999,FALSE,FALSE,FALSE,"null","null","null","null","null",4338.19,615.333333333333,3900.07301243916,18,"Leaf vs Root","Root","Root enriched - FDR supported"
"F4517_mz471.2485_rt5.23",-5.68486764947538,16.4259702416849,-9.29159505559704,0.000243941868704662,0.00245986074308333,1.32999653385415,4517,5.23,471.2485,"Unknown","[M+H]+","ion correlated with 3002; ion correlated with 4417; ion correlated with 3548; ion correlated with 4501",0.107,TRUE,"null","null","null","null",999,FALSE,FALSE,FALSE,"null","null","null","null","null",193.61,0,409290,8,"Leaf vs Root","Root","Root enriched - FDR supported"
"F4501_mz466.293_rt5.23",-5.96309795418756,17.1941189795856,-9.27390113431806,0.000246165654302712,0.00246815190640615,1.32076008111054,4501,5.23,466.293,"Unknown","[M+H]+","ion correlated with 4417; ion correlated with 3548; ion correlated with 4517",0.107,TRUE,"null","null","null","null",999,FALSE,FALSE,FALSE,"null","null","null","null","null",76.41,608,1260.84236453202,8,"Leaf vs Root","Root","Root enriched - FDR supported"
"F4504_mz468.1658_rt5.77",-1.95275783349219,16.7671090705695,-9.26338401379257,0.000247498889229647,0.00246815190640615,1.31526028483434,4504,5.772,468.16577,"Unknown","[M+H]+","ion correlated with 3908; ion correlated with 1369; ion correlated with 1025; ion correlated with 4273; ion correlated with 5067; ion correlated with 4359; ion correlated with 2876; ion correlated with 3316; ion correlated with 3749; ion correlated with 1963; ion correlated with 4997; ion correlated with 2473",0.107,FALSE,"null","null","null","null",999,FALSE,FALSE,FALSE,"null","null","null","null","null",1594.09,0,130128,6,"Leaf vs Root","Root","Root enriched - FDR supported"
"F4900_mz621.2717_rt6.74",6.55727818511825,19.1922938867718,9.24244655542349,0.000250178768545922,0.00248116855618346,1.30428965648312,4900,6.738,621.27167,"Unknown","[M+H]+",NA,0.107,TRUE,"null","null","null","null",999,FALSE,FALSE,FALSE,"null","null","null","null","null",61244.79,0,10684127,9,"Leaf vs Root","Leaf","Leaf enriched - FDR supported"
"F625_mz123.1169_rt3.55",3.23277786843212,15.7244469086862,9.19826558239088,0.000255947892856246,0.00250851071594565,1.28104511941294,625,3.547,123.11687,"Unknown","[M+H]+","ion correlated with 419; ion correlated with 779; ion correlated with 2157; ion correlated with 3115; ion correlated with 3702; ion correlated with 3318; ion correlated with 3338; ion correlated with 397; ion correlated with 597; ion correlated with 994; ion correlated with 1019; ion correlated with 1190; ion correlated with 1257; ion correlated with 1349; ion correlated with 1630; ion correlated with 1752; ion correlated with 2317; ion correlated with 2448; ion correlated with 2474; ion correlated with 2676; ion correlated with 2746; ion correlated with 2954; ion correlated with 3083; ion correlated with 3098; ion correlated with 3118; ion correlated with 3504; ion correlated with 3745; ion correlated with 3906; ion correlated with 5013; ion correlated with 5038; ion correlated with 5047; ion correlated with 3515; found in higher mz's MsMs_3115; found in higher mz's MsMs_3702; found in higher mz's MsMs_3318; found in higher mz's MsMs_5005; found in higher mz's MsMs_3847; found in higher mz's MsMs_3515; found in higher mz's MsMs_3976; found in higher mz's MsMs_2954; found in higher mz's MsMs_3504",0.107,FALSE,"null","null","null","null",999,FALSE,FALSE,FALSE,"null","null","null","null","null",11.53,10985.3333333333,40.078612821991,24,"Leaf vs Root","Leaf","Leaf enriched - FDR supported"
"F24_mz63.998_rt0.64",-1.82721757370877,22.5775618409222,-9.18686532466392,0.000257462143728744,0.00250851071594565,1.27502619606252,24,0.64,63.99801,"Unknown","[M+H]+","ion correlated with 23; ion correlated with 1136; found in higher mz's MsMs_110; found in higher mz's MsMs_1109; found in higher mz's MsMs_1136",0.714,TRUE,"null","null","null","null",999,FALSE,FALSE,FALSE,"null","null","null","null","null",2375.66,104429,60.5567461457436,24,"Leaf vs Root","Root","Root enriched - FDR supported"
"F4705_mz534.3642_rt3.94",-4.71325961643448,16.122169440959,-9.1832378962043,0.000257946195125658,0.00250851071594565,1.27310923169886,4705,3.935,534.3642,"Unknown","[M+H]+",NA,0.107,FALSE,"null","null","null","null",999,FALSE,FALSE,FALSE,"null","null","null","null","null",28.34,0,233779,6,"Leaf vs Root","Root","Root enriched - FDR supported"
"F109_mz79.0213_rt0.52",-1.9867803925312,30.4642026779175,-9.16879328005287,0.000259884489685228,0.00250851071594565,1.26546707716967,109,0.517,79.02129,"Unknown","[M+H]+","ion correlated with 111; found in higher mz's MsMs_1135; found in higher mz's MsMs_1108",0.5,TRUE,"null","null","null","null",999,FALSE,FALSE,FALSE,"null","null","null","null","null",43539.84,29560208.6666667,51.8656262011854,24,"Leaf vs Root","Root","Root enriched - FDR supported"
"F111_mz79.0214_rt0.56",-1.9867803925312,30.4642026779175,-9.16879328005287,0.000259884489685228,0.00250851071594565,1.26546707716967,111,0.561,79.02136,"Unknown","[M+H]+","ion correlated with 109",0.286,TRUE,"null","null","null","null",999,FALSE,FALSE,FALSE,"null","null","null","null","null",19413.32,28654934.6666667,53.5041782272599,24,"Leaf vs Root","Root","Root enriched - FDR supported"
"F62_mz72.0809_rt0.93",-2.72026758581775,16.169931441093,-9.12925557551416,0.000265279299857547,0.00253326940269336,1.24447766633877,62,0.926,72.08094,"Unknown","[M+H]+","ion correlated with 1859; ion correlated with 2643; ion correlated with 712; ion correlated with 818; ion correlated with 398; ion correlated with 4011; ion correlated with 3478; ion correlated with 2727; ion correlated with 4054; ion correlated with 3651; ion correlated with 3312; ion correlated with 2963; ion correlated with 3025; ion correlated with 3806; ion correlated with 3628; ion correlated with 3334; ion correlated with 2829; ion correlated with 3778; ion correlated with 3900; ion correlated with 1446; ion correlated with 3785; ion correlated with 916; ion correlated with 3477; ion correlated with 3132",0.036,FALSE,"null","null","null","null",999,FALSE,FALSE,FALSE,"null","null","null","null","null",14.44,53468.6666666667,16.2476045608413,24,"Leaf vs Root","Root","Root enriched - FDR supported"
"F22_mz63.9979_rt0.52",-2.11902048186332,22.6846174959161,-9.12167144661907,0.000266329310842263,0.00253326940269336,1.24043948372969,22,0.524,63.99794,"Unknown","[M+H]+","found in higher mz's MsMs_109; found in higher mz's MsMs_1108; found in higher mz's MsMs_1135; found in higher mz's MsMs_100",0.643,TRUE,"null","null","null","null",999,FALSE,FALSE,FALSE,"null","null","null","null","null",2525.49,110460,65.3030028697911,24,"Leaf vs Root","Root","Root enriched - FDR supported"
"F1221_mz165.1276_rt1.17",2.98269281175585,14.6866992308725,9.1192907281838,0.000266659937125617,0.00253326940269336,1.23917106785617,1221,1.172,165.12764,"Unknown","[M+H]+","ion correlated with 1764; ion correlated with 2690; ion correlated with 4223; ion correlated with 5140; ion correlated with 4543; ion correlated with 4153; ion correlated with 3574; ion correlated with 4677; ion correlated with 3143; ion correlated with 4950; ion correlated with 1598; ion correlated with 4110; ion correlated with 3772; ion correlated with 4353; ion correlated with 4341; ion correlated with 4388; ion correlated with 2740; ion correlated with 4166; ion correlated with 3635; ion correlated with 4229; ion correlated with 2037; ion correlated with 4797; ion correlated with 1407; ion correlated with 4789; ion correlated with 4803; ion correlated with 4937; ion correlated with 2013; ion correlated with 4871; ion correlated with 4825",0.036,FALSE,"null","null","null","null",999,FALSE,FALSE,FALSE,"null","null","null","null","null",21.9,7503,24.5253198294243,22,"Leaf vs Root","Leaf","Leaf enriched - FDR supported"
"F2811_mz279.9984_rt0.45",-2.37590077787834,17.0032531300633,-9.10081871198648,0.000269241935508012,0.00254440677273279,1.2293164360644,2811,0.454,279.99835,"Unknown","[M+H]+",NA,0.107,FALSE,"null","null","null","null",999,FALSE,FALSE,FALSE,"null","null","null","null","null",95.76,0,183762,6,"Leaf vs Root","Root","Root enriched - FDR supported"
"F1538_mz187.0869_rt1.26",-3.67032653213251,13.8306577730888,-9.06184262129405,0.000274788251622234,0.00257819962178015,1.20844737057402,1538,1.264,187.08687,"Unknown","[M+H]+","ion correlated with 2130; ion correlated with 1175",0.179,FALSE,"null","null","null","null",999,FALSE,FALSE,FALSE,"null","null","null","null","null",16.64,6633,30.0795899909557,24,"Leaf vs Root","Root","Root enriched - FDR supported"
"F995_mz147.117_rt2.08",2.18812861822448,16.5399083398122,9.05570118268977,0.000275674530195883,0.00257819962178015,1.20514964031084,995,2.077,147.11696,"Unknown","[M+H]+","ion correlated with 378; ion correlated with 742; ion correlated with 957; ion correlated with 1018; ion correlated with 1629; ion correlated with 1658; ion correlated with 420; ion correlated with 628; ion correlated with 1570; ion correlated with 1719; ion correlated with 2318; ion correlated with 2447; ion correlated with 4946; ion correlated with 596; ion correlated with 2394; ion correlated with 56; ion correlated with 1140; ion correlated with 1468; ion correlated with 2582; ion correlated with 3907; ion correlated with 3941; ion correlated with 5039; ion correlated with 4118; ion correlated with 3777; ion correlated with 3979; found in higher mz's MsMs_3323; found in higher mz's MsMs_3520; found in higher mz's MsMs_3703; found in higher mz's MsMs_5004; found in higher mz's MsMs_2950; found in higher mz's MsMs_3851",0.107,FALSE,"null","null","null","null",999,FALSE,FALSE,FALSE,"null","null","null","null","null",23.96,19195.3333333333,21.9801350952439,24,"Leaf vs Root","Leaf","Leaf enriched - FDR supported"
"F1725_mz200.0443_rt0.45",-3.8975574276621,18.9924509897974,-9.04217923961635,0.000277637916268129,0.00258317751991739,1.19787979146292,1725,0.449,200.04431,"Unknown","[M+2H]2+","similar chromatogram in higher mz_3214",0.607,FALSE,"null","null","null","null",999,FALSE,FALSE,FALSE,"null","null","null","null","null",116.74,0,1311320,18,"Leaf vs Root","Root","Root enriched - FDR supported"
"F3371_mz321.0972_rt1.07",-2.42165116384066,16.7443390720668,-8.96928156178995,0.000288513855986326,0.0026706026156683,1.15847187504848,3371,1.069,321.09723,"Unknown","[M+H]+",NA,0.107,FALSE,"null","null","null","null",999,FALSE,FALSE,FALSE,"null","null","null","null","null",40.73,0,144948,6,"Leaf vs Root","Root","Root enriched - FDR supported"
"F8_mz61.011_rt0.64",-1.86886887613556,20.4895555544509,-8.93399616906908,0.000293959972408887,0.0026718142354829,1.13926525333832,8,0.639,61.01101,"Unknown","[M+H]+","found in higher mz's MsMs_110; found in higher mz's MsMs_319; found in higher mz's MsMs_3120",0.5,TRUE,"null","null","null","null",999,FALSE,FALSE,FALSE,"null","null","null","null","null",91.09,23237.6666666667,64.9634947501291,24,"Leaf vs Root","Root","Root enriched - FDR supported"
"F4595_mz492.3088_rt6.28",-4.54527577196977,15.4314621528609,-8.93058902192777,0.000294492295307421,0.0026718142354829,1.13740609291635,4595,6.275,492.30878,"Unknown","[M+H]+","ion correlated with 2931; ion correlated with 2679",0.036,FALSE,"null","null","null","null",999,FALSE,FALSE,FALSE,"null","null","null","null","null",2784.65,0,139234,6,"Leaf vs Root","Root","Root enriched - FDR supported"
"F1981_mz217.0977_rt1.06",-2.26305056094923,16.2944540242039,-8.91723221380978,0.000296590215076252,0.0026718142354829,1.13010995882224,1981,1.056,217.0977,"Unknown","[M+H]+","ion correlated with 966",0.429,TRUE,"null","null","null","null",999,FALSE,FALSE,FALSE,"null","null","null","null","null",471.61,32140.3333333333,156.188200033187,24,"Leaf vs Root","Root","Root enriched - FDR supported"
"F4055_mz389.2691_rt6.32",-3.49781340669008,16.6957928656074,-8.91203241846494,0.000297411738476117,0.0026718142354829,1.12726621661866,4055,6.315,389.2691,"Unknown","[M+H]+",NA,0.107,TRUE,"null","null","null","null",999,FALSE,FALSE,FALSE,"null","null","null","null","null",70.92,0,334451,6,"Leaf vs Root","Root","Root enriched - FDR supported"
"F1751_mz201.164_rt2.08",8.42155353687901,20.5095383458668,8.90763695089263,0.000298108296882536,0.0026718142354829,1.12486088549548,1751,2.076,201.164,"Unknown","[M+H]+","ion correlated with 3520; ion correlated with 3323; ion correlated with 3703; found in higher mz's MsMs_5004; found in higher mz's MsMs_3703; found in higher mz's MsMs_2381",0.143,TRUE,"null","null","null","null",999,FALSE,FALSE,FALSE,"null","null","null","null","null",3502.1,0,55239513,8,"Leaf vs Root","Leaf","Leaf enriched - FDR supported"
"F2121_mz227.1282_rt1.35",5.03279722699359,16.6383047989577,8.88596165877107,0.00030157173714951,0.0026718142354829,1.11297976292019,2121,1.351,227.12817,"Unknown","[M+H]+","ion correlated with 3726; ion correlated with 3795; ion correlated with 4977; ion correlated with 3000; ion correlated with 5113",0.107,FALSE,"null","null","null","null",999,FALSE,FALSE,FALSE,"null","null","null","null","null",110.41,7814.33333333333,149.020003412096,24,"Leaf vs Root","Leaf","Leaf enriched - FDR supported"
"F696_mz128.1072_rt1.14",-2.17333961313278,15.3325844641623,-8.88078131691806,0.000302406564663524,0.0026718142354829,1.1101353311955,696,1.141,128.10716,"Unknown","[M+H]+",NA,0.357,TRUE,"null","null","null","null",999,FALSE,FALSE,FALSE,"null","null","null","null","null",59.21,80065.3333333333,10.8490293465002,24,"Leaf vs Root","Root","Root enriched - FDR supported"
"F1880_mz210.0974_rt0.6",3.37697629587569,19.7514036692872,8.87967133379203,0.000302585799196231,0.0026718142354829,1.10952561466571,1880,0.597,210.0974,"Unknown","[M+H]+","ion correlated with 2175; ion correlated with 1620; ion correlated with 1941",0.107,TRUE,"null","null","null","null",999,FALSE,FALSE,FALSE,"null","null","null","null","null",386.04,4023.33333333333,1414.27698169469,14,"Leaf vs Root","Leaf","Leaf enriched - FDR supported"
"F1509_mz184.1334_rt0.91",-4.178400484519,18.6024354516612,-8.86881482582338,0.000304345532754586,0.0026718142354829,1.10355754553778,1509,0.913,184.13335,"Unknown","[M+H]+","similar chromatogram in higher mz_3430",0.25,TRUE,"null","null","null","null",999,FALSE,FALSE,FALSE,"null","null","null","null","null",139.79,2723,641.758076358297,10,"Leaf vs Root","Root","Root enriched - FDR supported"
"F1577_mz190.0031_rt0.42",-2.46214159729316,16.4563225364158,-8.86389151174094,0.000305147564253883,0.0026718142354829,1.10084835719258,1577,0.418,190.00308,"Unknown","[M+H]+",NA,0.357,FALSE,"null","null","null","null",999,FALSE,FALSE,FALSE,"null","null","null","null","null",36.56,7876.66666666667,31.1413278043414,24,"Leaf vs Root","Root","Root enriched - FDR supported"
"F3746_mz357.2039_rt2.08",7.10933431657023,19.5445509387105,8.85003885815403,0.000307417752858116,0.0026718142354829,1.09321639735667,3746,2.08,357.20392,"Unknown","[M+H]+","ion correlated with 3520; ion correlated with 1751; ion correlated with 2381; ion correlated with 2674; ion correlated with 3323; ion correlated with 3503; ion correlated with 5004; ion correlated with 5012; ion correlated with 3703; ion correlated with 3079; found in higher mz's MsMs_5012",0.107,TRUE,"null","null","null","null",999,FALSE,FALSE,FALSE,"null","null","null","null","null",2763.29,0,16508532,10,"Leaf vs Root","Leaf","Leaf enriched - FDR supported"
"F3276_mz315.1151_rt0.44",-2.895401480915,16.6520935065414,-8.83327209603818,0.000310192438647428,0.0026718142354829,1.08396082924609,3276,0.438,315.11511,"Unknown","[M+H]+",NA,0.107,FALSE,"null","null","null","null",999,FALSE,FALSE,FALSE,"null","null","null","null","null",19.8,0,163754,24,"Leaf vs Root","Root","Root enriched - FDR supported"
"F420_mz109.1014_rt2.08",1.61746481085739,16.2672540007959,8.83235982253738,0.000310344260874443,0.0026718142354829,1.08345666702259,420,2.077,109.10136,"Unknown","[M+H]+","ion correlated with 2751; ion correlated with 378; ion correlated with 742; ion correlated with 957; ion correlated with 1018; ion correlated with 1629; ion correlated with 1658; ion correlated with 628; ion correlated with 995; ion correlated with 1570; ion correlated with 1694; ion correlated with 1719; ion correlated with 2318; ion correlated with 2447; ion correlated with 596; ion correlated with 1191; ion correlated with 2158; ion correlated with 2394; ion correlated with 56; ion correlated with 1140; ion correlated with 1258; ion correlated with 1468; ion correlated with 2582; ion correlated with 3907; ion correlated with 3941; ion correlated with 5039; ion correlated with 4118; ion correlated with 3777; ion correlated with 3979; ion correlated with 3997; found in higher mz's MsMs_3323; found in higher mz's MsMs_3520; found in higher mz's MsMs_3703; found in higher mz's MsMs_2674; found in higher mz's MsMs_5004; found in higher mz's MsMs_2950; found in higher mz's MsMs_3851",0.107,FALSE,"null","null","null","null",999,FALSE,FALSE,FALSE,"null","null","null","null","null",13.74,23026.3333333333,10.9584117425668,24,"Leaf vs Root","Leaf","Leaf enriched - FDR supported"
"F5154_mz792.5629_rt9.55",2.1039967894522,19.4189290234694,8.83032788505315,0.000310682737413406,0.0026718142354829,1.08233351781968,5154,9.546,792.56287,"Unknown","[M+H]+",NA,0.214,TRUE,"null","null","null","null",999,FALSE,FALSE,FALSE,"null","null","null","null","null",357.1,2163.33333333333,1099.91098105652,22,"Leaf vs Root","Leaf","Leaf enriched - FDR supported"
"F1648_mz194.1179_rt1.29",-2.01463994568312,16.9820240119956,-8.82933557873001,0.000310848193601888,0.0026718142354829,1.08178491634778,1648,1.295,194.11792,"Unknown","[M+H]+","ion correlated with 2051; ion correlated with 2484; ion correlated with 3213; similar chromatogram in higher mz_3843; similar chromatogram in higher mz_3972; similar chromatogram in higher mz_2051",0.179,TRUE,"null","null","null","null",999,FALSE,FALSE,FALSE,"null","null","null","null","null",100.06,158381.333333333,12.913896120569,24,"Leaf vs Root","Root","Root enriched - FDR supported"
"F3191_mz307.0816_rt0.97",2.58855157596288,20.4749228506966,8.80656711095999,0.000314673534007834,0.00267943055004183,1.06917807801742,3191,0.967,307.0816,"Unknown","[M+H]+","ion correlated with 278; similar chromatogram in higher mz_4541",0.214,TRUE,"null","null","null","null",999,FALSE,FALSE,FALSE,"null","null","null","null","null",976.96,0,6579063,8,"Leaf vs Root","Leaf","Leaf enriched - FDR supported"
"F93_mz76.0395_rt0.45",-2.35199489071256,17.6801871668286,-8.79604497593175,0.000316460265259788,0.00267943055004183,1.06333955828776,93,0.45,76.03948,"Unknown","[M+H]+","ion correlated with 1085; ion correlated with 71; ion correlated with 4479; similar chromatogram in higher mz_1085; similar chromatogram in higher mz_1096; similar chromatogram in higher mz_1366; similar chromatogram in higher mz_1380; similar chromatogram in higher mz_1524; similar chromatogram in higher mz_1824; similar chromatogram in higher mz_2004; similar chromatogram in higher mz_2812; similar chromatogram in higher mz_3030; similar chromatogram in higher mz_3541; similar chromatogram in higher mz_4608; similar chromatogram in higher mz_4613; similar chromatogram in higher mz_2796; similar chromatogram in higher mz_3019",0.571,TRUE,"null","null","null","null",999,FALSE,FALSE,FALSE,"null","null","null","null","null",146.37,276661,10.1243466757271,24,"Leaf vs Root","Root","Root enriched - FDR supported"
"F121_mz79.0214_rt0.93",-1.94960564591587,28.183457790338,-8.78876428604325,0.00031770364149918,0.00267943055004183,1.05929503592117,121,0.928,79.02144,"Unknown","[M+H]+",NA,0.143,TRUE,"null","null","null","null",999,FALSE,FALSE,FALSE,"null","null","null","null","null",3649.46,22151213,14.5980059151611,24,"Leaf vs Root","Root","Root enriched - FDR supported"
"F136_mz81.017_rt0.64",-1.8021963310909,25.9838937038459,-8.78220933072229,0.000318828051754946,0.00267943055004183,1.0556504353626,136,0.635,81.01698,"Unknown","[M+H]+","found in higher mz's MsMs_1136; found in higher mz's MsMs_405",0.821,TRUE,"null","null","null","null",999,FALSE,FALSE,FALSE,"null","null","null","null","null",3052.17,1221214,52.9924583304332,24,"Leaf vs Root","Root","Root enriched - FDR supported"
"F110_mz79.0213_rt0.64",-1.76119753813663,30.1776353405003,-8.75783454130541,0.000323050935536618,0.00267943055004183,1.04207094305852,110,0.64,79.02131,"Unknown","[M+H]+","found in higher mz's MsMs_1136; found in higher mz's MsMs_1109; found in higher mz's MsMs_2718",0.786,TRUE,"null","null","null","null",999,FALSE,FALSE,FALSE,"null","null","null","null","null",29911.11,26594188.3333333,43.9364404891053,24,"Leaf vs Root","Root","Root enriched - FDR supported"
"F2676_mz271.2061_rt3.55",5.80141134537588,19.4253959942023,8.75101982073086,0.000324243448136506,0.00267943055004183,1.03826676707331,2676,3.547,271.20612,"Unknown","[M+H]+","ion correlated with 3115; ion correlated with 3702; ion correlated with 3318; ion correlated with 3338; ion correlated with 3745; ion correlated with 5005",0.107,TRUE,"null","null","null","null",999,FALSE,FALSE,FALSE,"null","null","null","null","null",340.56,0,15712933,6,"Leaf vs Root","Leaf","Leaf enriched - FDR supported"
"F3091_mz300.1922_rt1",-2.41311079279979,17.7627065457505,-8.73916295951314,0.000326330790502553,0.00267943055004183,1.03163997237819,3091,1,300.1922,"Unknown","[M+H]+","ion correlated with 3778; ion correlated with 3132; ion correlated with 2891; ion correlated with 1544; ion correlated with 3432; ion correlated with 1392; similar chromatogram in higher mz_3451",0.821,TRUE,"null","null","null","null",999,FALSE,FALSE,FALSE,"null","null","null","null","null",64.2,85198.6666666667,8.98604454634017,24,"Leaf vs Root","Root","Root enriched - FDR supported"
"F726_mz130.0977_rt0.66",-4.88689049934327,18.9858245029882,-8.72401201155409,0.000329021343487601,0.00267943055004183,1.02315739331943,726,0.662,130.09767,"Unknown","[M+2H]2+","ion correlated with 631",0.143,TRUE,"null","null","null","null",999,FALSE,FALSE,FALSE,"null","null","null","null","null",514.61,2374.33333333333,4531.3711759753,18,"Leaf vs Root","Root","Root enriched - FDR supported"
"F2202_mz233.0425_rt0.48",2.94762364524045,22.8572691644745,8.72290365995398,0.000329219201494406,0.00267943055004183,1.02253620983435,2202,0.478,233.04245,"Unknown","[M+H]+","ion correlated with 2176; ion correlated with 2231",0.429,TRUE,"null","null","null","null",999,FALSE,FALSE,FALSE,"null","null","null","null","null",4855.21,22269,1861.45563538392,16,"Leaf vs Root","Leaf","Leaf enriched - FDR supported"
"F2842_mz282.2797_rt6.36",-4.27748501609728,16.3037861486395,-8.72031249661427,0.000329682316775088,0.00267943055004183,1.02108362822766,2842,6.362,282.27975,"Unknown","[M+H]+","similar chromatogram in higher mz_4772",0.393,TRUE,"null","null","null","null",999,FALSE,FALSE,FALSE,"null","null","null","null","null",265.23,13595,561.078846719623,24,"Leaf vs Root","Root","Root enriched - FDR supported"
"F139_mz81.0172_rt0.86",-2.03533588279681,24.3071506146035,-8.71521410413174,0.000330595809614035,0.00267943055004183,1.01822410274752,139,0.858,81.01715,"Unknown","[M+H]+",NA,0.036,TRUE,"null","null","null","null",999,FALSE,FALSE,FALSE,"null","null","null","null","null",14.05,1153499.33333333,20.4469407753386,24,"Leaf vs Root","Root","Root enriched - FDR supported"
"F3527_mz336.2538_rt5.78",-3.07289979886003,16.2762944364358,-8.71439231396425,0.000330743333509129,0.00267943055004183,1.0177630112112,3527,5.783,336.25381,"Unknown","[M+H]+","ion correlated with 5067; ion correlated with 4997",0.071,FALSE,"null","null","null","null",999,FALSE,FALSE,FALSE,"null","null","null","null","null",25.58,0,154565,7,"Leaf vs Root","Root","Root enriched - FDR supported"
"F1265_mz168.0199_rt0.5",-2.10749369857948,20.2310582215034,-8.71278476243427,0.000331032139977466,0.00267943055004183,1.01686090216259,1265,0.499,168.01991,"Unknown","[M+2H]2+","similar chromatogram in higher mz_2337; similar chromatogram in higher mz_3437",0.393,FALSE,"null","null","null","null",999,FALSE,FALSE,FALSE,"null","null","null","null","null",101.22,7334.33333333333,224.142370262656,24,"Leaf vs Root","Root","Root enriched - FDR supported"
"F3702_mz352.2487_rt3.54",5.86676928815512,21.537113967061,8.69987035594472,0.000333363206034514,0.0026862526200549,1.00960694851629,3702,3.544,352.24866,"Unknown","[M+H]+","ion correlated with 3115",0.179,TRUE,"null","null","null","null",999,FALSE,FALSE,FALSE,"null","null","null","null","null",1709.6,0,67502281,7,"Leaf vs Root","Leaf","Leaf enriched - FDR supported"
"F1109_mz157.0352_rt0.64",-1.81912999029902,26.7060138000907,-8.68684103698306,0.000335734820822281,0.0026933393403743,1.00227620662931,1109,0.642,157.03522,"Unknown","[M+H]+","ion correlated with 1110",0.714,TRUE,"null","null","null","null",999,FALSE,FALSE,FALSE,"null","null","null","null","null",7318.87,282524.666666667,377.634592491302,24,"Leaf vs Root","Root","Root enriched - FDR supported"
"F3318_mz317.2116_rt3.54",5.91574353951889,19.9746844356591,8.66784605195444,0.000339228359684696,0.00270932384615432,0.991566887117989,3318,3.544,317.21155,"Unknown","[M+H]+","ion correlated with 3115; ion correlated with 3702; ion correlated with 3338; ion correlated with 2676; ion correlated with 3745; ion correlated with 5005",0.143,TRUE,"null","null","null","null",999,FALSE,FALSE,FALSE,"null","null","null","null","null",281.45,0,24180423,7,"Leaf vs Root","Leaf","Leaf enriched - FDR supported"
"F1217_mz165.0549_rt1.04",2.66088539842622,18.033183003167,8.65497622873068,0.000341619939084379,0.00271640524249914,0.984295985684478,1217,1.038,165.05492,"Unknown","[M+H]+","ion correlated with 1654; ion correlated with 1405; ion correlated with 3171; ion correlated with 2793; ion correlated with 3937; ion correlated with 3608; ion correlated with 4207; ion correlated with 3309; ion correlated with 4658; ion correlated with 4759; ion correlated with 1837; ion correlated with 4557; ion correlated with 3349; ion correlated with 799; ion correlated with 392; ion correlated with 4649; ion correlated with 819; ion correlated with 3823; ion correlated with 3463; ion correlated with 3491; ion correlated with 4603; found in higher mz's MsMs_3311; found in higher mz's MsMs_4687",0.107,TRUE,"null","null","null","null",999,FALSE,FALSE,FALSE,"null","null","null","null","null",111.62,3622.66666666667,367.867445497194,24,"Leaf vs Root","Leaf","Leaf enriched - FDR supported"
"F3703_mz352.2487_rt2.08",8.29128807971015,20.1720364680719,8.64473239314574,0.000343537873508301,0.00271967483194072,0.978500013359572,3703,2.081,352.24875,"Unknown","[M+H]+","ion correlated with 3520; ion correlated with 1751; ion correlated with 2674; ion correlated with 3323",0.143,TRUE,"null","null","null","null",999,FALSE,FALSE,FALSE,"null","null","null","null","null",1627.33,470.666666666667,90564.1378091873,6,"Leaf vs Root","Leaf","Leaf enriched - FDR supported"
"F1136_mz159.031_rt0.64",-1.79985920532715,23.0956667120847,-8.62504433306928,0.000347260103624681,0.00273358395551181,0.967338926374851,1136,0.641,159.03099,"Unknown","[M+H]+","ion correlated with 1137",0.714,TRUE,"null","null","null","null",999,FALSE,FALSE,FALSE,"null","null","null","null","null",740.12,23308.6666666667,372.240415278354,24,"Leaf vs Root","Root","Root enriched - FDR supported"
"F4177_mz407.2562_rt7.04",-5.32630448389871,17.0149100512159,-8.61312236811105,0.0003495373840913,0.00273358395551181,0.960566585976266,4177,7.036,407.2562,"Unknown","[M+H]+",NA,0.107,TRUE,"null","null","null","null",999,FALSE,FALSE,FALSE,"null","null","null","null","null",274.88,0,539831,6,"Leaf vs Root","Root","Root enriched - FDR supported"
"F1630_mz193.1227_rt3.55",4.85631507264682,15.0784629838966,8.61155461549413,0.000349838168267717,0.00273358395551181,0.9596752378631,1630,3.547,193.12271,"Unknown","[M+H]+","ion correlated with 419; ion correlated with 779; ion correlated with 2157; ion correlated with 3115; ion correlated with 3702; ion correlated with 856; ion correlated with 3318; ion correlated with 3338; ion correlated with 397; ion correlated with 597; ion correlated with 625; ion correlated with 994; ion correlated with 1019; ion correlated with 1190; ion correlated with 1257; ion correlated with 1349; ion correlated with 1752; ion correlated with 2317; ion correlated with 2448; ion correlated with 2474; ion correlated with 2676; ion correlated with 2746; ion correlated with 2954; ion correlated with 3083; ion correlated with 3098; ion correlated with 3118; ion correlated with 3504; ion correlated with 3745; ion correlated with 3906; ion correlated with 5005; ion correlated with 5013; ion correlated with 5038; ion correlated with 5047; ion correlated with 3515",0.107,FALSE,"null","null","null","null",999,FALSE,FALSE,FALSE,"null","null","null","null","null",7.01,2409,245.783817427386,20,"Leaf vs Root","Leaf","Leaf enriched - FDR supported"
"F3000_mz293.2116_rt1.37",3.59873615209021,17.494507966294,8.57564311788014,0.000356813036776512,0.00277606694561037,0.939208090426535,3000,1.368,293.21155,"Unknown","[M+H]+","ion correlated with 4842; ion correlated with 2121; ion correlated with 2648; ion correlated with 2910; ion correlated with 3571; ion correlated with 3726; ion correlated with 3611; ion correlated with 3795; ion correlated with 4977",0.107,TRUE,"null","null","null","null",999,FALSE,FALSE,FALSE,"null","null","null","null","null",63.94,3086,410.701976028507,22,"Leaf vs Root","Leaf","Leaf enriched - FDR supported"
"F2455_mz254.1604_rt1.07",-2.12828654648099,15.0042327691407,-8.56063427163614,0.000359777019782106,0.00278711382277554,0.930625795795572,2455,1.075,254.1604,"Unknown","[M+H]+","ion correlated with 2828; ion correlated with 1222",0.357,FALSE,"null","null","null","null",999,FALSE,FALSE,FALSE,"null","null","null","null","null",108.91,29854.3333333333,24.8652055467476,24,"Leaf vs Root","Root","Root enriched - FDR supported"
"F320_mz101.0033_rt0.6",-1.99838948620303,21.7182707669605,-8.53193000782815,0.000365527531541742,0.00281956065996942,0.914165633316496,320,0.598,101.00331,"Unknown","[M+H]+","ion correlated with 319",0.143,TRUE,"null","null","null","null",999,FALSE,FALSE,FALSE,"null","null","null","null","null",40.33,120087.333333333,49.3330104228832,24,"Leaf vs Root","Root","Root enriched - FDR supported"
"F1919_mz213.1488_rt1.44",-3.43160239122964,15.5735029277618,-8.5180322455671,0.000368350985271892,0.00282924905708836,0.906174035853027,1919,1.438,213.14877,"Unknown","[M+H]+","ion correlated with 3027; ion correlated with 1666",0.179,TRUE,"null","null","null","null",999,FALSE,FALSE,FALSE,"null","null","null","null","null",39.57,19956,32.025655158591,24,"Leaf vs Root","Root","Root enriched - FDR supported"
"F586_mz120.5276_rt1",-2.25502990543592,17.8653118996051,-8.50228709414424,0.000371581133497852,0.00283996735850664,0.897102680725049,586,1.005,120.52757,"Unknown","[M+H]+",NA,0.107,FALSE,"null","null","null","null",999,FALSE,FALSE,FALSE,"null","null","null","null","null",40.46,28419.3333333333,11.5238268375928,24,"Leaf vs Root","Root","Root enriched - FDR supported"
"F813_mz137.0016_rt0.51",-3.04755321870273,20.3039835510803,-8.49271677617103,0.00037356095522355,0.00283996735850664,0.891579788714694,813,0.51,137.00163,"Unknown","[M+H]+","found in higher mz's MsMs_2087",0.5,TRUE,"null","null","null","null",999,FALSE,FALSE,FALSE,"null","null","null","null","null",230.3,0,2218619,23,"Leaf vs Root","Root","Root enriched - FDR supported"
"F5022_mz696.4166_rt3.05",-6.22984547434832,15.279278253838,-8.48630604402408,0.000374894163558003,0.00283996735850664,0.887876399731968,5022,3.052,696.41663,"Unknown","[M+H]+",NA,0.107,TRUE,"null","null","null","null",999,FALSE,FALSE,FALSE,"null","null","null","null","null",55.11,0,205366,6,"Leaf vs Root","Root","Root enriched - FDR supported"
"F56_mz71.0491_rt2.08",5.17189664181519,15.1092671060353,8.48067226208028,0.000376070464226679,0.00283996735850664,0.884619291776124,56,2.08,71.04913,"Unknown","[M+H]+","ion correlated with 378; ion correlated with 742; ion correlated with 957; ion correlated with 1018; ion correlated with 1629; ion correlated with 1658; ion correlated with 420; ion correlated with 628; ion correlated with 995; ion correlated with 1570; ion correlated with 1694; ion correlated with 1719; ion correlated with 1894; ion correlated with 2318; ion correlated with 2447; ion correlated with 2950; ion correlated with 4946; ion correlated with 596; ion correlated with 1191; ion correlated with 2158; ion correlated with 2394; ion correlated with 1140; ion correlated with 1258; ion correlated with 1468; ion correlated with 2582; ion correlated with 3907; ion correlated with 3941; ion correlated with 5039; ion correlated with 2347; ion correlated with 4118; ion correlated with 3777; ion correlated with 3979; ion correlated with 3997; similar chromatogram in higher mz_1751; similar chromatogram in higher mz_3520; similar chromatogram in higher mz_3703; similar chromatogram in higher mz_2674; found in higher mz's MsMs_2674; similar chromatogram in higher mz_3746; similar chromatogram in higher mz_5004; similar chromatogram in higher mz_2381; similar chromatogram in higher mz_2950; similar chromatogram in higher mz_3851; similar chromatogram in higher mz_1018; similar chromatogram in higher mz_2447; similar chromatogram in higher mz_2318; similar chromatogram in higher mz_742; similar chromatogram in higher mz_1629; similar chromatogram in higher mz_2582; similar chromatogram in higher mz_596; similar chromatogram in higher mz_3777; similar chromatogram in higher mz_378; similar chromatogram in higher mz_532; similar chromatogram in higher mz_628; similar chromatogram in higher mz_995; similar chromatogram in higher mz_1140; similar chromatogram in higher mz_1167; similar chromatogram in higher mz_1258; similar chromatogram in higher mz_1351; similar chromatogram in higher mz_1468; similar chromatogram in higher mz_1497; similar chromatogram in higher mz_1570; similar chromatogram in higher mz_1694; similar chromatogram in higher mz_1719; similar chromatogram in higher mz_1838; similar chromatogram in higher mz_1894; similar chromatogram in higher mz_2022; similar chromatogram in higher mz_2158; similar chromatogram in higher mz_2394; similar chromatogram in higher mz_3079; similar chromatogram in higher mz_3509; similar chromatogram in higher mz_3522; similar chromatogram in higher mz_3630; similar chromatogram in higher mz_3824; similar chromatogram in higher mz_4888; similar chromatogram in higher mz_5046; similar chromatogram in higher mz_2137; similar chromatogram in higher mz_1547",0.107,FALSE,"null","null","null","null",999,FALSE,FALSE,FALSE,"null","null","null","null","null",70.93,3865.33333333333,114.616346236745,24,"Leaf vs Root","Leaf","Leaf enriched - FDR supported"
"F4357_mz439.1895_rt4.69",-1.60583988380825,17.1523706806733,-8.47132273827931,0.000378032285468227,0.00283996735850664,0.879208693891696,4357,4.692,439.18948,"Unknown","[M+H]+","ion correlated with 2470; ion correlated with 1350",0.214,FALSE,"null","null","null","null",999,FALSE,FALSE,FALSE,"null","null","null","null","null",1353.12,0,161602,6,"Leaf vs Root","Root","Root enriched - FDR supported"
"F2415_mz251.031_rt0.42",2.328717357036,20.4079290733736,8.46584764453987,0.000379186777506981,0.00283996735850664,0.876037180215874,2415,0.424,251.03101,"Unknown","[M+H]+","ion correlated with 1657; ion correlated with 1505; ion correlated with 1879; ion correlated with 1942",0.571,TRUE,"null","null","null","null",999,FALSE,FALSE,FALSE,"null","null","null","null","null",195.38,0,5778351,17,"Leaf vs Root","Leaf","Leaf enriched - FDR supported"
"F3166_mz304.8961_rt0.41",-2.30853247168399,17.9072495045823,-8.45251334290851,0.000382016056929802,0.00284644317237492,0.868303653874984,3166,0.413,304.89606,"Unknown","[M+H]+",NA,0.857,FALSE,"null","null","null","null",999,FALSE,FALSE,FALSE,"null","null","null","null","null",195.24,88693.3333333333,6.67600711056325,24,"Leaf vs Root","Root","Root enriched - FDR supported"
"F27_mz64.0161_rt5.78",-1.87006680559099,19.0108727529745,-8.44694314741802,0.000383205368912524,0.00284644317237492,0.865069111798414,27,5.779,64.01605,"Unknown","[M+H]+","ion correlated with 132; ion correlated with 3113; ion correlated with 606; ion correlated with 4371; similar chromatogram in higher mz_4371; similar chromatogram in higher mz_132; similar chromatogram in higher mz_4389; similar chromatogram in higher mz_150; similar chromatogram in higher mz_4273",0.179,TRUE,"null","null","null","null",999,FALSE,FALSE,FALSE,"null","null","null","null","null",21.35,82350.3333333333,7.07510099006695,24,"Leaf vs Root","Root","Root enriched - FDR supported"
"F4359_mz439.2049_rt5.78",-2.02395356661545,17.5863570641219,-8.43112935598478,0.000386605883263184,0.00285993286594281,0.855873426887729,4359,5.777,439.20486,"Unknown","[M+H]+","ion correlated with 4420; ion correlated with 1025; ion correlated with 4273; ion correlated with 150; ion correlated with 627; ion correlated with 4389; ion correlated with 3316; ion correlated with 3749; ion correlated with 1963; ion correlated with 3788; ion correlated with 3775; ion correlated with 3577; ion correlated with 3357",0.179,FALSE,"null","null","null","null",999,FALSE,FALSE,FALSE,"null","null","null","null","null",19.35,0,218279,6,"Leaf vs Root","Root","Root enriched - FDR supported"
"F3663_mz349.1095_rt0.45",-4.53600102298118,17.0824056614935,-8.39375223636728,0.000394786840324659,0.00289880368101899,0.834063100899528,3663,0.448,349.10953,"Unknown","[M+H]+","ion correlated with 1829",0.107,FALSE,"null","null","null","null",999,FALSE,FALSE,FALSE,"null","null","null","null","null",6855.92,0,376995,6,"Leaf vs Root","Root","Root enriched - FDR supported"
"F3115_mz301.2168_rt3.54",5.57189059990576,23.4738534355169,8.39004233621646,0.000395610018339492,0.00289880368101899,0.831892480157348,3115,3.544,301.21677,"Unknown","[M+H]+",NA,0.214,TRUE,"null","null","null","null",999,FALSE,FALSE,FALSE,"null","null","null","null","null",5061.91,2663.66666666667,88023.4499624719,9,"Leaf vs Root","Leaf","Leaf enriched - FDR supported"
"F552_mz118.0864_rt0.47",-2.89849742501802,21.2774882529192,-8.38524101398812,0.00039667839845523,0.00289880368101899,0.829081716921316,552,0.465,118.08639,"Unknown","[M+H]+","ion correlated with 547; found in higher mz's MsMs_2227",0.464,TRUE,"null","null","null","null",999,FALSE,FALSE,FALSE,"null","null","null","null","null",1668.43,5914958,88.1741254673109,24,"Leaf vs Root","Root","Root enriched - FDR supported"
"F2448_mz253.1954_rt3.55",5.73902323406144,16.4105065985576,8.37293285786017,0.000399432880980986,0.00289989972744475,0.8218682766212,2448,3.547,253.19543,"Unknown","[M+H]+","ion correlated with 3115; ion correlated with 3702; ion correlated with 3318; ion correlated with 3338; ion correlated with 1190; ion correlated with 2317; ion correlated with 2474; ion correlated with 2676; ion correlated with 2746; ion correlated with 2954; ion correlated with 3083; ion correlated with 3504; ion correlated with 3745; ion correlated with 3906; ion correlated with 5005; ion correlated with 5013; ion correlated with 3515; found in higher mz's MsMs_3504",0.107,TRUE,"null","null","null","null",999,FALSE,FALSE,FALSE,"null","null","null","null","null",143.85,672.333333333333,2814.94158415842,10,"Leaf vs Root","Leaf","Leaf enriched - FDR supported"
"F3252_mz312.9204_rt0.38",-1.5853089287512,17.8965786880051,-8.37022659362026,0.000400041569049165,0.00289989972744475,0.820280657870371,3252,0.384,312.92041,"Unknown","[M+H]+",NA,0.75,FALSE,"null","null","null","null",999,FALSE,FALSE,FALSE,"null","null","null","null","null",383.06,0,434104,24,"Leaf vs Root","Root","Root enriched - FDR supported"
"F2233_mz236.105_rt0.91",3.3752764583673,23.0474098183541,8.36219825363597,0.000401853784112676,0.00290138432129352,0.815567554985303,2233,0.912,236.10497,"Unknown","[M+H]+",NA,0.607,TRUE,"null","null","null","null",999,FALSE,FALSE,FALSE,"null","null","null","null","null",2064.43,41453.6666666667,1384.22063458879,24,"Leaf vs Root","Leaf","Leaf enriched - FDR supported"
"F1505_mz184.0735_rt0.47",2.86220731132129,19.7003582568488,8.35240677079807,0.000404077208752754,0.00290581419043315,0.809812674234689,1505,0.466,184.07347,"Unknown","[M+H]+","ion correlated with 1828; ion correlated with 2965; ion correlated with 2415; found in higher mz's MsMs_2511",0.607,FALSE,"null","null","null","null",999,FALSE,FALSE,FALSE,"null","null","null","null","null",159.08,0,4247746,22,"Leaf vs Root","Leaf","Leaf enriched - FDR supported"
"F2892_mz286.2296_rt7.38",-1.84252192891729,16.8360612073092,-8.32235897042814,0.000410992214522419,0.0029242799325932,0.792106103540342,2892,7.385,286.22964,"Unknown","[M+H]+","ion correlated with 2915",0.107,FALSE,"null","null","null","null",999,FALSE,FALSE,FALSE,"null","null","null","null","null",26.16,1672.33333333333,75.5336653386454,17,"Leaf vs Root","Root","Root enriched - FDR supported"
"F799_mz135.117_rt1.07",2.94022900877446,17.4246633676715,8.31191645569666,0.000413428245863434,0.0029242799325932,0.785936180590037,799,1.074,135.11702,"Unknown","[M+H]+","ion correlated with 3937; ion correlated with 1217; ion correlated with 3309; ion correlated with 4550; ion correlated with 4658; ion correlated with 4165; ion correlated with 4759; ion correlated with 2865; ion correlated with 1837; ion correlated with 4035; ion correlated with 4338; ion correlated with 4649; ion correlated with 2012; ion correlated with 3463; ion correlated with 3491; ion correlated with 4678; ion correlated with 3680; ion correlated with 3971; ion correlated with 4724; ion correlated with 4684",0.107,FALSE,"null","null","null","null",999,FALSE,FALSE,FALSE,"null","null","null","null","null",128.89,28574,42.5315485564304,24,"Leaf vs Root","Leaf","Leaf enriched - FDR supported"
"F4171_mz407.117_rt0.49",2.57403822407421,17.100826925085,8.30904144382698,0.000414101938034284,0.0029242799325932,0.784236004955948,4171,0.486,407.11697,"Unknown","[M+H]+","ion correlated with 2200; ion correlated with 998; ion correlated with 1822; ion correlated with 2220; ion correlated with 3142; ion correlated with 3708; ion correlated with 245; ion correlated with 3533; ion correlated with 2575; ion correlated with 2488; ion correlated with 2556; ion correlated with 4513; ion correlated with 3561; ion correlated with 2337",0.107,FALSE,"null","null","null","null",999,FALSE,FALSE,FALSE,"null","null","null","null","null",7395.37,0,656031,6,"Leaf vs Root","Leaf","Leaf enriched - FDR supported"
"F1459_mz181.1225_rt5.96",3.85357996575402,15.2544832627046,8.30610307743398,0.000414791823954032,0.0029242799325932,0.782497700627013,1459,5.955,181.12247,"Unknown","[M+H]+","ion correlated with 2476; ion correlated with 4813; ion correlated with 4850; found in higher mz's MsMs_4856",0.107,TRUE,"null","null","null","null",999,FALSE,FALSE,FALSE,"null","null","null","null","null",4.06,4430,63.5301286391334,24,"Leaf vs Root","Leaf","Leaf enriched - FDR supported"
"F120_mz79.0214_rt2.97",-1.83601603697705,22.4622024811225,-8.29951201689321,0.000416344282431857,0.0029242799325932,0.77859606347806,120,2.971,79.02142,"Unknown","[M+H]+",NA,0.036,TRUE,"null","null","null","null",999,FALSE,FALSE,FALSE,"null","null","null","null","null",21.93,1132114.66666667,5.42298740381946,24,"Leaf vs Root","Root","Root enriched - FDR supported"
"F119_mz79.0214_rt2.18",-1.94204731703675,23.3753464788513,-8.29942163374405,0.000416365619211331,0.0029242799325932,0.778542536889763,119,2.176,79.02142,"Unknown","[M+H]+","ion correlated with 114",0.107,TRUE,"null","null","null","null",999,FALSE,FALSE,FALSE,"null","null","null","null","null",39.97,2051736.33333333,6.16137884446547,24,"Leaf vs Root","Root","Root enriched - FDR supported"
"F3201_mz307.227_rt4.84",-4.22723637704706,17.7678877933524,-8.28286808646423,0.000420295420795308,0.00294043889354857,0.768728491647543,3201,4.843,307.22699,"Unknown","[M+H]+","similar chromatogram in higher mz_3404; similar chromatogram in higher mz_3444; similar chromatogram in higher mz_3632",0.143,TRUE,"null","null","null","null",999,FALSE,FALSE,FALSE,"null","null","null","null","null",100.46,0,719587,6,"Leaf vs Root","Root","Root enriched - FDR supported"
"F1257_mz167.1068_rt3.55",3.48608678944112,16.2182057040832,8.27423143570399,0.000422363242947151,0.00294349673173594,0.763599627751761,1257,3.547,167.10684,"Unknown","[M+H]+","ion correlated with 419; ion correlated with 779; ion correlated with 3115; ion correlated with 3702; ion correlated with 3318; ion correlated with 3338; ion correlated with 397; ion correlated with 597; ion correlated with 625; ion correlated with 994; ion correlated with 1019; ion correlated with 1190; ion correlated with 1630; ion correlated with 2317; ion correlated with 2448; ion correlated with 2474; ion correlated with 2676; ion correlated with 2746; ion correlated with 2954; ion correlated with 3083; ion correlated with 3504; ion correlated with 3745; ion correlated with 3906; ion correlated with 5005; ion correlated with 5013; ion correlated with 5038; ion correlated with 5047; ion correlated with 3515; found in higher mz's MsMs_2448; found in higher mz's MsMs_3083",0.107,FALSE,"null","null","null","null",999,FALSE,FALSE,FALSE,"null","null","null","null","null",41.31,7839.33333333333,97.2856596233153,24,"Leaf vs Root","Leaf","Leaf enriched - FDR supported"
"F3338_mz318.2188_rt3.54",6.2926868168185,20.0837686146353,8.26360962055125,0.000424922956802436,0.00294994591164768,0.757283884053314,3338,3.544,318.21875,"Unknown","[M+H]+","ion correlated with 3115; ion correlated with 3702; ion correlated with 3318; ion correlated with 2676; ion correlated with 3745",0.143,FALSE,"null","null","null","null",999,FALSE,FALSE,FALSE,"null","null","null","null","null",1255.46,0,29975097,6,"Leaf vs Root","Leaf","Leaf enriched - FDR supported"
"F140_mz81.0172_rt0.93",-1.9890233622262,23.8759271332492,-8.25237813212163,0.000427649664727037,0.0029546606424197,0.750596020399065,140,0.929,81.0172,"Unknown","[M+H]+","found in higher mz's MsMs_4588",0.214,TRUE,"null","null","null","null",999,FALSE,FALSE,FALSE,"null","null","null","null","null",216.96,1014418,16.8424201439445,24,"Leaf vs Root","Root","Root enriched - FDR supported"
"F2674_mz271.2061_rt2.08",8.62642234487372,19.3083767874364,8.24735468349775,0.00042887594920441,0.0029546606424197,0.747601573442492,2674,2.077,271.20609,"Unknown","[M+H]+","ion correlated with 3520; ion correlated with 1751; ion correlated with 3323; ion correlated with 3503; ion correlated with 3746; ion correlated with 5012; ion correlated with 3703",0.107,TRUE,"null","null","null","null",999,FALSE,FALSE,FALSE,"null","null","null","null","null",907.32,0,26168697,8,"Leaf vs Root","Leaf","Leaf enriched - FDR supported"
"F176_mz85.0286_rt0.78",3.76712417081547,17.8518146172145,8.19910245227856,0.000440870191805801,0.00302574409205122,0.718737535393354,176,0.775,85.02858,"Unknown","[M+H]+","found in higher mz's MsMs_2487; found in higher mz's MsMs_2555; found in higher mz's MsMs_2265; found in higher mz's MsMs_951",0.107,TRUE,"null","null","null","null",999,FALSE,FALSE,FALSE,"null","null","null","null","null",21.46,77116.6666666667,23.1407416372383,24,"Leaf vs Root","Leaf","Leaf enriched - FDR supported"
"F1779_mz203.053_rt0.57",-4.41840966809257,18.8618697224948,-8.18812458185637,0.00044365438078909,0.00303331877774359,0.712144983891546,1779,0.569,203.05296,"Unknown","[M+H]+",NA,0.036,FALSE,"null","null","null","null",999,FALSE,FALSE,FALSE,"null","null","null","null","null",63.9,13410.6666666667,246.537069715422,22,"Leaf vs Root","Root","Root enriched - FDR supported"
"F2477_mz255.2323_rt3.17",3.79151436322186,13.9425673628922,8.12715617953247,0.000459502636538343,0.00312430570210705,0.675356993956806,2477,3.171,255.2323,"Unknown","[M+H]+","ion correlated with 3280; ion correlated with 4611; ion correlated with 4711",0.036,FALSE,"null","null","null","null",999,FALSE,FALSE,FALSE,"null","null","null","null","null",3.21,2350,81.5065929391748,21,"Leaf vs Root","Leaf","Leaf enriched - FDR supported"
"F587_mz120.5276_rt0.94",-1.91934639221976,17.9290764791345,-8.11818375350668,0.000461891292729079,0.00312430570210705,0.669917985306264,587,0.942,120.52758,"Unknown","[M+H]+",NA,0.071,FALSE,"null","null","null","null",999,FALSE,FALSE,FALSE,"null","null","null","null","null",59.01,6609,39.7320726172466,24,"Leaf vs Root","Root","Root enriched - FDR supported"
"F3680_mz350.2179_rt1.11",4.06013227107161,16.6337826138292,8.11719689358018,0.000462154915491736,0.00312430570210705,0.66931936442003,3680,1.11,350.21786,"Unknown","[M+H]+","ion correlated with 4035; ion correlated with 3349; ion correlated with 799; ion correlated with 392; ion correlated with 4649; ion correlated with 819; ion correlated with 3823; ion correlated with 2012; ion correlated with 3491; ion correlated with 4603; ion correlated with 3140; ion correlated with 3971; ion correlated with 4724; ion correlated with 4647; ion correlated with 4639; ion correlated with 4250; ion correlated with 739; ion correlated with 1189; ion correlated with 1598; ion correlated with 1870",0.107,FALSE,"null","null","null","null",999,FALSE,FALSE,FALSE,"null","null","null","null","null",52.54,0,756725,19,"Leaf vs Root","Leaf","Leaf enriched - FDR supported"
"F115_mz79.0214_rt2.67",-1.85671397327798,22.7697524350909,-8.10745537845401,0.000464766804707289,0.0031302391137935,0.663406041046605,115,2.674,79.02139,"Unknown","[M+H]+",NA,0.036,TRUE,"null","null","null","null",999,FALSE,FALSE,FALSE,"null","null","null","null","null",22.9,1401393,5.33001497080764,24,"Leaf vs Root","Root","Root enriched - FDR supported"
"F114_mz79.0214_rt2.13",-1.9097864176442,23.4349065131645,-8.09662366005225,0.000467691606635635,0.00313822806683019,0.65682196636982,114,2.128,79.02139,"Unknown","[M+H]+","ion correlated with 119",0.036,TRUE,"null","null","null","null",999,FALSE,FALSE,FALSE,"null","null","null","null","null",20.19,2055375.66666667,6.15046925705426,24,"Leaf vs Root","Root","Root enriched - FDR supported"
"F439_mz111.0204_rt7.96",-1.72551610055899,16.085636231826,-8.08582232965189,0.000470629992141925,0.00314624865117101,0.650246936552414,439,7.957,111.02037,"Unknown","[M+H]+",NA,0.036,TRUE,"null","null","null","null",999,FALSE,FALSE,FALSE,"null","null","null","null","null",4.65,55308.6666666667,7.0444286411658,24,"Leaf vs Root","Root","Root enriched - FDR supported"
"F1808_mz205.0635_rt0.47",-3.48134867171879,17.024881308443,-8.06682852198042,0.000475850395670155,0.0031527072088944,0.638662061921786,1808,0.473,205.06355,"Unknown","[M+H]+","ion correlated with 2812; ion correlated with 2016; ion correlated with 1812; ion correlated with 2372",0.036,FALSE,"null","null","null","null",999,FALSE,FALSE,FALSE,"null","null","null","null","null",25.11,776.666666666667,1745.46763823403,20,"Leaf vs Root","Root","Root enriched - FDR supported"
"F1382_mz176.0085_rt0.51",-3.0936746389042,19.4179364179022,-8.06386979016003,0.000476669771790486,0.0031527072088944,0.636854813549641,1382,0.506,176.00853,"Unknown","[M+H]+",NA,0.179,FALSE,"null","null","null","null",999,FALSE,FALSE,FALSE,"null","null","null","null","null",200.27,2035,620.051571709234,22,"Leaf vs Root","Root","Root enriched - FDR supported"
"F106_mz78.9994_rt0.53",-2.12716983323911,22.2429086079985,-8.06327010819554,0.00047683604876907,0.0031527072088944,0.63648843007483,106,0.532,78.99937,"Unknown","[M+H]+",NA,0.036,TRUE,"null","null","null","null",999,FALSE,FALSE,FALSE,"null","null","null","null","null",3146.21,93457.3333333333,59.8562674988854,24,"Leaf vs Root","Root","Root enriched - FDR supported"
"F1335_mz173.0786_rt0.91",-3.80463504661131,17.4487494929111,-8.05203161186341,0.000479964981659045,0.00315466587256553,0.629616721600654,1335,0.912,173.07861,"Unknown","[M+H]+",NA,0.071,FALSE,"null","null","null","null",999,FALSE,FALSE,FALSE,"null","null","null","null","null",16.2,67195.6666666667,6.19789672106751,16,"Leaf vs Root","Root","Root enriched - FDR supported"
"F278_mz98.0966_rt0.92",2.71492338942127,20.0297936089724,8.04333615227788,0.000482402638485801,0.00315466587256553,0.624292888556519,278,0.92,98.09656,"Unknown","[M+H]+","ion correlated with 3191; similar chromatogram in higher mz_1509; similar chromatogram in higher mz_2343; similar chromatogram in higher mz_3430; similar chromatogram in higher mz_3616; found in higher mz's MsMs_1730; found in higher mz's MsMs_1929",0.214,TRUE,"null","null","null","null",999,FALSE,FALSE,FALSE,"null","null","null","null","null",207.05,19514,264.618242377658,14,"Leaf vs Root","Leaf","Leaf enriched - FDR supported"
"F2491_mz256.264_rt6.08",-2.38675936204072,16.3933551436517,-8.03730716493751,0.000484101415909675,0.00315466587256553,0.620597999175027,2491,6.08,256.26395,"Unknown","[M+H]+",NA,0.321,TRUE,"null","null","null","null",999,FALSE,FALSE,FALSE,"null","null","null","null","null",69.26,48719,18.9220853858785,24,"Leaf vs Root","Root","Root enriched - FDR supported"
"F1366_mz174.8962_rt0.44",5.01548344485145,18.0332133858621,8.0372298773333,0.000484123239169336,0.00315466587256553,0.620550613914267,1366,0.442,174.89624,"Unknown","[M+H]+","ion correlated with 1828; similar chromatogram in higher mz_1711; similar chromatogram in higher mz_2756; similar chromatogram in higher mz_4602",0.536,FALSE,"null","null","null","null",999,FALSE,FALSE,FALSE,"null","null","null","null","null",260.2,0,2908737,24,"Leaf vs Root","Leaf","Leaf enriched - FDR supported"
"F1870_mz209.1539_rt1.17",3.46505374864959,16.7084068659587,8.02618030871951,0.000487255298095823,0.00316145476998052,0.613771073277116,1870,1.167,209.15385,"Unknown","[M+H]+","ion correlated with 3680; ion correlated with 1764; ion correlated with 3971; ion correlated with 4724; ion correlated with 4684; ion correlated with 4647; ion correlated with 4639; ion correlated with 4709; ion correlated with 3143; ion correlated with 4250; ion correlated with 1598; ion correlated with 798; ion correlated with 4952; ion correlated with 4960; ion correlated with 4792; ion correlated with 4062; ion correlated with 4100; ion correlated with 4871",0.107,FALSE,"null","null","null","null",999,FALSE,FALSE,FALSE,"null","null","null","null","null",55.1,31347,24.7126451448258,24,"Leaf vs Root","Leaf","Leaf enriched - FDR supported"
"F3444_mz329.2091_rt4.85",-3.91472924388402,16.5478969983744,-8.01588077264312,0.000490196440341143,0.00316145476998052,0.607442735718834,3444,4.846,329.20914,"Unknown","[M+H]+","ion correlated with 3201",0.107,TRUE,"null","null","null","null",999,FALSE,FALSE,FALSE,"null","null","null","null","null",36.53,0,282605,7,"Leaf vs Root","Root","Root enriched - FDR supported"
"F1963_mz215.9837_rt5.78",-2.32013778871231,16.9052803999857,-8.01510237138589,0.000490419576506674,0.00316145476998052,0.606964110299353,1963,5.78,215.98367,"Unknown","[M+H]+","ion correlated with 1369; ion correlated with 4504; ion correlated with 1025; ion correlated with 4273; ion correlated with 5067; ion correlated with 4359; ion correlated with 4389; ion correlated with 3749; ion correlated with 3775; ion correlated with 3577; ion correlated with 3357; ion correlated with 2473",0.107,FALSE,"null","null","null","null",999,FALSE,FALSE,FALSE,"null","null","null","null","null",39.07,10729.3333333333,15.9246683855736,24,"Leaf vs Root","Root","Root enriched - FDR supported"
"F3137_mz302.9369_rt0.4",-1.64956014451135,16.8600378086798,-7.99725799943865,0.000495568056808516,0.0031696050074194,0.59597829512763,3137,0.402,302.93689,"Unknown","[M+H]+",NA,0.143,FALSE,"null","null","null","null",999,FALSE,FALSE,FALSE,"null","null","null","null","null",75.8,0,164236,24,"Leaf vs Root","Root","Root enriched - FDR supported"
"F2493_mz256.96_rt0.52",-2.41147561360255,19.1601790657603,-7.99149511793548,0.000497244459642148,0.0031696050074194,0.592424816051689,2493,0.522,256.96002,"Unknown","[M+H]+",NA,0.321,FALSE,"null","null","null","null",999,FALSE,FALSE,FALSE,"null","null","null","null","null",356.95,2331,348.840051457976,20,"Leaf vs Root","Root","Root enriched - FDR supported"
"F4939_mz643.2537_rt6.74",5.80674435915709,17.2640900534237,7.98854077135029,0.000498106478950247,0.0031696050074194,0.590602062825574,4939,6.738,643.25366,"Unknown","[M+H]+","ion correlated with 4900",0.107,TRUE,"null","null","null","null",999,FALSE,FALSE,FALSE,"null","null","null","null","null",1109.94,0,2031696,6,"Leaf vs Root","Leaf","Leaf enriched - FDR supported"
"F2177_mz231.0657_rt0.4",-1.7755726057086,15.7352513895231,-7.98648303086817,0.00049870793468538,0.0031696050074194,0.589332067387055,2177,0.401,231.06567,"Unknown","[M+H]+","ion correlated with 1944; ion correlated with 2058; ion correlated with 1639; ion correlated with 2004; ion correlated with 2763",0.357,FALSE,"null","null","null","null",999,FALSE,FALSE,FALSE,"null","null","null","null","null",75.1,0,874380,24,"Leaf vs Root","Root","Root enriched - FDR supported"
"F4792_mz574.2658_rt1.2",2.38811545213502,17.1434060744351,7.96393335589375,0.000505355777834512,0.0031931954184903,0.575392000621746,4792,1.196,574.26575,"Unknown","[M+H]+","ion correlated with 4647; ion correlated with 4639; ion correlated with 3143; ion correlated with 4250; ion correlated with 739; ion correlated with 1598; ion correlated with 1870; ion correlated with 3772; ion correlated with 4719; ion correlated with 4166; ion correlated with 4929; ion correlated with 4952; ion correlated with 4960; ion correlated with 3635; ion correlated with 4590; ion correlated with 4743; ion correlated with 4797; ion correlated with 4062; ion correlated with 4100; ion correlated with 4516; ion correlated with 2013; ion correlated with 4871; ion correlated with 4381; ion correlated with 4954; ion correlated with 3284; ion correlated with 4031",0.107,FALSE,"null","null","null","null",999,FALSE,FALSE,FALSE,"null","null","null","null","null",11210.39,0,747696,6,"Leaf vs Root","Leaf","Leaf enriched - FDR supported"
"F23_mz63.998_rt0.6",-1.73272207083601,22.5303140894859,-7.95409424318681,0.00050828936559573,0.0031931954184903,0.569296362683249,23,0.599,63.99798,"Unknown","[M+H]+","ion correlated with 24",0.143,TRUE,"null","null","null","null",999,FALSE,FALSE,FALSE,"null","null","null","null","null",896.33,103403.333333333,61.1574079745207,24,"Leaf vs Root","Root","Root enriched - FDR supported"
"F3707_mz353.0846_rt0.94",-2.22848640448352,17.0999614012334,-7.95265371015501,0.000508720563116268,0.0031931954184903,0.56840323501731,3707,0.943,353.08456,"Unknown","[M+H]+",NA,0.143,FALSE,"null","null","null","null",999,FALSE,FALSE,FALSE,"null","null","null","null","null",108.09,0,174917,6,"Leaf vs Root","Root","Root enriched - FDR supported"
"F395_mz107.0856_rt2.07",3.11433252379232,14.5443856586282,7.95006679360407,0.000509496000290972,0.0031931954184903,0.566798920291273,395,2.071,107.08565,"Unknown","[M+H]+","ion correlated with 2751; ion correlated with 2502; ion correlated with 378; ion correlated with 742; ion correlated with 957; ion correlated with 1497; ion correlated with 1629; ion correlated with 1658; ion correlated with 2022; ion correlated with 1838; ion correlated with 2911; ion correlated with 1351; ion correlated with 1570; ion correlated with 1694; ion correlated with 1719; ion correlated with 1894; ion correlated with 2137; ion correlated with 596; ion correlated with 1191; ion correlated with 2158; ion correlated with 4919; ion correlated with 532; ion correlated with 2500; ion correlated with 3522; ion correlated with 3926; ion correlated with 2562; ion correlated with 2394; ion correlated with 56; ion correlated with 1140; ion correlated with 1167; ion correlated with 1258; ion correlated with 1468; ion correlated with 2582; ion correlated with 3941; ion correlated with 3509; ion correlated with 2347; ion correlated with 3824; ion correlated with 3777; ion correlated with 3979; ion correlated with 3997; ion correlated with 5027; ion correlated with 4470; ion correlated with 3472",0.071,FALSE,"null","null","null","null",999,FALSE,FALSE,FALSE,"null","null","null","null","null",16.55,2921,41.652977412731,24,"Leaf vs Root","Leaf","Leaf enriched - FDR supported"
"F1094_mz156.0422_rt0.42",-1.83274770174282,19.8851050806061,-7.94179629929186,0.000511984539199958,0.00319768890399974,0.561666128450907,1094,0.424,156.04224,"Unknown","[M+H]+","found in higher mz's MsMs_2833",0.5,TRUE,"null","null","null","null",999,FALSE,FALSE,FALSE,"null","null","null","null","null",401.5,46014.3333333333,165.231118612636,24,"Leaf vs Root","Root","Root enriched - FDR supported"
"F3517_mz335.222_rt2.7",4.17560731332023,15.7493817278684,7.89539538942075,0.000526216821240366,0.00327524607703056,0.532763517621238,3517,2.698,335.22198,"Unknown","[M+H]+","ion correlated with 2744",0.036,TRUE,"null","null","null","null",999,FALSE,FALSE,FALSE,"null","null","null","null","null",10.87,1251,507.016773162939,17,"Leaf vs Root","Leaf","Leaf enriched - FDR supported"
"F4710_mz537.2266_rt1.34",-3.02710949481013,15.7243104300378,-7.87364241806934,0.000533050391183961,0.00330637785596925,0.51915187989407,4710,1.34,537.22656,"Unknown","[M+H]+",NA,0.143,FALSE,"null","null","null","null",999,FALSE,FALSE,FALSE,"null","null","null","null","null",2583.66,0,137166,18,"Leaf vs Root","Root","Root enriched - FDR supported"
"F531_mz117.0551_rt0.46",-2.24739059153256,17.3263462486563,-7.84011277487745,0.000543790962553027,0.00335408698819,0.498093200646308,531,0.464,117.05507,"Unknown","[M+H]+","similar chromatogram in higher mz_1535",0.179,FALSE,"null","null","null","null",999,FALSE,FALSE,FALSE,"null","null","null","null","null",35.67,176431.666666667,19.0492501388632,24,"Leaf vs Root","Root","Root enriched - FDR supported"
"F4273_mz423.2324_rt5.77",-1.6822703831053,17.2999716091238,-7.83768357215008,0.000544579039669595,0.00335408698819,0.496563825779413,4273,5.773,423.23242,"Unknown","[M+H]+","ion correlated with 4420; ion correlated with 4117; ion correlated with 796; ion correlated with 1369; ion correlated with 4504; ion correlated with 1025; ion correlated with 4359; ion correlated with 627; ion correlated with 4389; ion correlated with 2876; ion correlated with 3316; ion correlated with 3749; ion correlated with 1963; ion correlated with 3788; ion correlated with 3775; ion correlated with 3357; ion correlated with 2473",0.179,FALSE,"null","null","null","null",999,FALSE,FALSE,FALSE,"null","null","null","null","null",570.25,0,180367,6,"Leaf vs Root","Root","Root enriched - FDR supported"
"F2633_mz268.1046_rt1.06",-2.57081286819838,15.206362193079,-7.83234215773642,0.000546316661788289,0.00335408698819,0.493199227860588,2633,1.062,268.10458,"Unknown","[M+H]+","ion correlated with 61; ion correlated with 3613; ion correlated with 761; ion correlated with 3432; ion correlated with 1392; ion correlated with 3479; ion correlated with 4022; ion correlated with 3786; ion correlated with 3587; ion correlated with 3129; ion correlated with 3160; ion correlated with 2526; ion correlated with 3603; ion correlated with 3335; ion correlated with 3569",0.036,FALSE,"null","null","null","null",999,FALSE,FALSE,FALSE,"null","null","null","null","null",72.09,6312,120.881355932203,24,"Leaf vs Root","Root","Root enriched - FDR supported"
"F2018_mz219.1343_rt0.96",-2.18546927201813,15.2479365135026,-7.82280606271021,0.000549435245836976,0.00336002729111485,0.487186360102398,2018,0.961,219.13431,"Unknown","[M+H]+","ion correlated with 1785; ion correlated with 1569; ion correlated with 737; ion correlated with 2210; ion correlated with 1786; ion correlated with 1568; ion correlated with 2168",0.429,TRUE,"null","null","null","null",999,FALSE,FALSE,FALSE,"null","null","null","null","null",795.08,1085,6485.19981583794,22,"Leaf vs Root","Root","Root enriched - FDR supported"
"F3186_mz306.8904_rt0.41",-2.00348746995416,16.1701881022856,-7.81802347126315,0.000551007245523544,0.00336002729111485,0.484167852076562,3186,0.409,306.89038,"Unknown","[M+H]+",NA,0.071,FALSE,"null","null","null","null",999,FALSE,FALSE,FALSE,"null","null","null","null","null",43.18,8469,13.7667060212515,24,"Leaf vs Root","Root","Root enriched - FDR supported"
"F1427_mz179.0173_rt0.64",-1.99660704042622,18.6257137906796,-7.81192978369436,0.000553017930440561,0.00336093388702092,0.480319038741317,1427,0.638,179.01732,"Unknown","[M+H]+","ion correlated with 18",0.5,FALSE,"null","null","null","null",999,FALSE,FALSE,FALSE,"null","null","null","null","null",73.29,1481.66666666667,351.098471223022,22,"Leaf vs Root","Root","Root enriched - FDR supported"
"F1049_mz152.0568_rt0.88",-2.3872147564319,17.4843213897634,-7.79765745376292,0.000557761428028024,0.00337838717312276,0.471292181572455,1049,0.879,152.05684,"Unknown","[M+H]+","ion correlated with 2856; ion correlated with 1569; ion correlated with 924; found in higher mz's MsMs_2856; similar chromatogram in higher mz_4744; similar chromatogram in higher mz_4791; similar chromatogram in higher mz_4846; similar chromatogram in higher mz_4883; similar chromatogram in higher mz_4316",0.393,TRUE,"null","null","null","null",999,FALSE,FALSE,FALSE,"null","null","null","null","null",286.07,289834,22.1681370434903,24,"Leaf vs Root","Root","Root enriched - FDR supported"
"F606_mz122.0812_rt5.78",-1.55782605239814,18.6342775464364,-7.78960469362106,0.000560459112788808,0.00338337357385886,0.466191374167219,606,5.78,122.08125,"Unknown","[M+H]+","ion correlated with 132; ion correlated with 3113; ion correlated with 27; ion correlated with 4371; ion correlated with 4235",0.107,FALSE,"null","null","null","null",999,FALSE,FALSE,FALSE,"null","null","null","null","null",18.52,79469.3333333333,5.65670208169925,24,"Leaf vs Root","Root","Root enriched - FDR supported"
"F590_mz120.9811_rt0.4",-1.57127857129975,18.584068802016,-7.75694984442094,0.000571558409496488,0.00343887643047054,0.445450213619257,590,0.398,120.98114,"Unknown","[M+H]+","ion correlated with 1315",0.786,FALSE,"null","null","null","null",999,FALSE,FALSE,FALSE,"null","null","null","null","null",163.57,25383.3333333333,61.9635339382559,24,"Leaf vs Root","Root","Root enriched - FDR supported"
"F471_mz112.9999_rt0.47",-3.09543861945474,19.0960356535112,-7.72615146033242,0.00058226640387427,0.00349166398336564,0.425804321480708,471,0.471,112.99994,"Unknown","[M+H]+","similar chromatogram in higher mz_5021; similar chromatogram in higher mz_2968",0.179,FALSE,"null","null","null","null",999,FALSE,FALSE,FALSE,"null","null","null","null","null",52.27,702.666666666667,1624.65419232591,13,"Leaf vs Root","Root","Root enriched - FDR supported"
"F291_mz99.0442_rt0.47",-2.01033121245689,18.8093797933024,-7.67731697370039,0.00059973716194771,0.00358452177919078,0.39448533803713,291,0.47,99.04417,"Unknown","[M+H]+","found in higher mz's MsMs_2833",0.357,FALSE,"null","null","null","null",999,FALSE,FALSE,FALSE,"null","null","null","null","null",32.98,216857.333333333,5.92407485685739,24,"Leaf vs Root","Root","Root enriched - FDR supported"
"F3100_mz301.1191_rt1.05",1.80442849931322,14.8912495669118,7.6698994563189,0.000602444877596005,0.00358882179558016,0.389710134733797,3100,1.052,301.11908,"Unknown","[M+H]+",NA,0.429,TRUE,"null","null","null","null",999,FALSE,FALSE,FALSE,"null","null","null","null","null",133.54,2972.33333333333,848.568834080717,23,"Leaf vs Root","Leaf","Leaf enriched - FDR supported"
"F4035_mz387.202_rt1.06",3.82745184181595,16.7435911457363,7.66291004184469,0.000605009594255245,0.00359224446589052,0.385206139760561,4035,1.061,387.202,"Unknown","[M+H]+","ion correlated with 3171; ion correlated with 3624; ion correlated with 792; ion correlated with 2793; ion correlated with 3937; ion correlated with 1217; ion correlated with 4207; ion correlated with 3309; ion correlated with 4550; ion correlated with 4658; ion correlated with 4257; ion correlated with 4165; ion correlated with 4759; ion correlated with 4152; ion correlated with 1837; ion correlated with 2094; ion correlated with 2128; ion correlated with 799; ion correlated with 4338; ion correlated with 4649; ion correlated with 819; ion correlated with 4486; ion correlated with 2012; ion correlated with 3463; ion correlated with 3491; ion correlated with 3680; ion correlated with 1764; ion correlated with 3971; ion correlated with 4724",0.107,FALSE,"null","null","null","null",999,FALSE,FALSE,FALSE,"null","null","null","null","null",205.33,0,932157,16,"Leaf vs Root","Leaf","Leaf enriched - FDR supported"
"F7_mz61.011_rt0.52",-2.04412223031227,20.6794347097794,-7.63112185439702,0.000616838676611377,0.00361772505929858,0.364667825733417,7,0.524,61.011,"Unknown","[M+H]+","found in higher mz's MsMs_109; found in higher mz's MsMs_2175",0.25,TRUE,"null","null","null","null",999,FALSE,FALSE,FALSE,"null","null","null","null","null",136.84,30825.6666666667,57.43089316609,24,"Leaf vs Root","Root","Root enriched - FDR supported"
"F4235_mz416.2411_rt5.78",-1.46182350230549,18.8688169371218,-7.6286779290032,0.00061775941674271,0.00361772505929858,0.363085138461258,4235,5.783,416.24106,"Unknown","[M+H]+","ion correlated with 3113; ion correlated with 4132",0.107,TRUE,"null","null","null","null",999,FALSE,FALSE,FALSE,"null","null","null","null","null",8129.55,0,551049,6,"Leaf vs Root","Root","Root enriched - FDR supported"
"F116_mz79.0214_rt3.61",-1.75841830234495,21.8254498878991,-7.62372568679404,0.000619630158378078,0.00361772505929858,0.359876453475358,116,3.608,79.02139,"Unknown","[M+H]+",NA,0.036,TRUE,"null","null","null","null",999,FALSE,FALSE,FALSE,"null","null","null","null","null",10.72,729746,5.15050147516879,24,"Leaf vs Root","Root","Root enriched - FDR supported"
"F4406_mz447.2489_rt7.03",-5.67549409501993,15.5690961059403,-7.62286890851835,0.000619954493195558,0.00361772505929858,0.359321105860082,4406,7.033,447.2489,"Unknown","[M+H]+","ion correlated with 4291; ion correlated with 4177",0.107,FALSE,"null","null","null","null",999,FALSE,FALSE,FALSE,"null","null","null","null","null",22.22,0,221149,6,"Leaf vs Root","Root","Root enriched - FDR supported"
"F868_mz140.0683_rt5.8",-1.76369146551347,21.3304479250328,-7.61966641584232,0.000621168585927179,0.00361772505929858,0.357244737933207,868,5.8,140.06833,"Unknown","[M+H]+","ion correlated with 2504",0.107,TRUE,"null","null","null","null",999,FALSE,FALSE,FALSE,"null","null","null","null","null",27.18,318640.666666667,8.24000523053587,24,"Leaf vs Root","Root","Root enriched - FDR supported"
"F3845_mz366.2126_rt1.09",3.330229931471,15.7329061450179,7.61924978493438,0.000621326741486183,0.00361772505929858,0.356974544757601,3845,1.088,366.21255,"Unknown","[M+H]+",NA,0.143,FALSE,"null","null","null","null",999,FALSE,FALSE,FALSE,"null","null","null","null","null",63.35,3357.33333333333,109.571612903226,23,"Leaf vs Root","Leaf","Leaf enriched - FDR supported"
"F117_mz79.0214_rt2.48",-1.85685136082292,22.9630896348023,-7.60420462554036,0.000627070101412315,0.00363860536534005,0.347207214641521,117,2.476,79.0214,"Unknown","[M+H]+",NA,0.036,TRUE,"null","null","null","null",999,FALSE,FALSE,FALSE,"null","null","null","null","null",44.35,1603353.66666667,5.72455376893114,24,"Leaf vs Root","Root","Root enriched - FDR supported"
"F2996_mz293.1752_rt1.31",3.84278946510946,15.3350266662912,7.59477608406019,0.000630701457357075,0.00363860536534005,0.341076010285074,2996,1.31,293.17523,"Unknown","[M+H]+","ion correlated with 3495; ion correlated with 4068; ion correlated with 3382; ion correlated with 3870",0.036,FALSE,"null","null","null","null",999,FALSE,FALSE,FALSE,"null","null","null","null","null",25.59,4207.33333333333,94.764594059406,23,"Leaf vs Root","Leaf","Leaf enriched - FDR supported"
"F1137_mz159.0311_rt0.6",-1.57726998201658,22.9843721004294,-7.59186219616627,0.000631828766844678,0.00363860536534005,0.339179572961864,1137,0.597,159.03111,"Unknown","[M+H]+","ion correlated with 1136",0.143,TRUE,"null","null","null","null",999,FALSE,FALSE,FALSE,"null","null","null","null","null",71.48,26082.6666666667,332.652617857919,24,"Leaf vs Root","Root","Root enriched - FDR supported"
"F388_mz106.9508_rt0.42",-2.17268097476527,17.0812017415783,-7.5889025535363,0.00063297622421982,0.00363860536534005,0.337252587725516,388,0.417,106.95077,"Unknown","[M+H]+","similar chromatogram in higher mz_747; found in higher mz's MsMs_2310; similar chromatogram in higher mz_2737; similar chromatogram in higher mz_4601; similar chromatogram in higher mz_3873",0.75,FALSE,"null","null","null","null",999,FALSE,FALSE,FALSE,"null","null","null","null","null",185.78,16297.6666666667,86.0412712696335,24,"Leaf vs Root","Root","Root enriched - FDR supported"
"F1110_mz157.0353_rt0.6",-1.59557470937435,26.5942361596283,-7.58173100737366,0.000635766905061623,0.00364135165281749,0.332580067532183,1110,0.597,157.03526,"Unknown","[M+H]+","ion correlated with 1109",0.143,TRUE,"null","null","null","null",999,FALSE,FALSE,FALSE,"null","null","null","null","null",730.66,306835,347.714951961308,24,"Leaf vs Root","Root","Root enriched - FDR supported"
"F2868_mz285.1354_rt0.96",-2.23610680417608,15.9648961671948,-7.57732487102748,0.000637488710410153,0.00364135165281749,0.329707049303236,2868,0.961,285.13544,"Unknown","[M+H]+","ion correlated with 1692; ion correlated with 855; ion correlated with 1308; ion correlated with 2828",0.321,FALSE,"null","null","null","null",999,FALSE,FALSE,FALSE,"null","null","null","null","null",46.39,20503.3333333333,23.9558629883114,24,"Leaf vs Root","Root","Root enriched - FDR supported"
"F2474_mz255.2111_rt3.55",5.8401439134518,16.9956504837974,7.52915314744065,0.000656678277277938,0.00373913025390119,0.298183986358525,2474,3.547,255.21112,"Unknown","[M+H]+","ion correlated with 3115; ion correlated with 3702; ion correlated with 3318; ion correlated with 3338; ion correlated with 1190; ion correlated with 2448; ion correlated with 2676; ion correlated with 2746; ion correlated with 2954; ion correlated with 3083; ion correlated with 3745; ion correlated with 3906; ion correlated with 5005; ion correlated with 5013; ion correlated with 3515",0.107,TRUE,"null","null","null","null",999,FALSE,FALSE,FALSE,"null","null","null","null","null",46.8,0,2976583,6,"Leaf vs Root","Leaf","Leaf enriched - FDR supported"
"F279_mz98.0966_rt0.49",5.83549365183846,19.1751041828507,7.52014234157065,0.000660343407828163,0.00374102245802468,0.292264390924069,279,0.486,98.09657,"Unknown","[M+H]+",NA,0.107,TRUE,"null","null","null","null",999,FALSE,FALSE,FALSE,"null","null","null","null","null",693.24,51386.6666666667,216.043882124764,17,"Leaf vs Root","Leaf","Leaf enriched - FDR supported"
"F180_mz86.0602_rt0.89",-2.87980834117191,16.2588976688136,-7.51815315754232,0.000661155769589957,0.00374102245802468,0.290956627118961,180,0.889,86.06018,"Unknown","[M+H]+","ion correlated with 2163; similar chromatogram in higher mz_3012; similar chromatogram in higher mz_2761; similar chromatogram in higher mz_491; similar chromatogram in higher mz_593; similar chromatogram in higher mz_762; similar chromatogram in higher mz_1358; similar chromatogram in higher mz_2105; similar chromatogram in higher mz_2734; similar chromatogram in higher mz_3015; similar chromatogram in higher mz_4040; similar chromatogram in higher mz_4305; similar chromatogram in higher mz_4894; found in higher mz's MsMs_2163",0.071,TRUE,"null","null","null","null",999,FALSE,FALSE,FALSE,"null","null","null","null","null",866.96,140515.666666667,46.1651785078876,24,"Leaf vs Root","Root","Root enriched - FDR supported"
"F851_mz139.0391_rt0.48",1.30671693444226,19.8392196212517,7.49383470096819,0.000671183570724442,0.00378589482861756,0.27494001577714,851,0.481,139.03908,"Unknown","[M+2H]2+","ion correlated with 2200; ion correlated with 2220; ion correlated with 2266; ion correlated with 1942; ion correlated with 251; ion correlated with 1323; ion correlated with 3203; ion correlated with 2488",0.143,FALSE,"null","null","null","null",999,FALSE,FALSE,FALSE,"null","null","null","null","null",105.87,88508,29.927928233287,13,"Leaf vs Root","Leaf","Leaf enriched - FDR supported"
"F4385_mz442.8785_rt0.39",-2.27833242789412,17.3673366960345,-7.45821045182415,0.000686200805360038,0.00384079310417821,0.25138085298005,4385,0.391,442.87854,"Unknown","[M+H]+","ion correlated with 4464; ion correlated with 3634; ion correlated with 2414",0.643,FALSE,"null","null","null","null",999,FALSE,FALSE,FALSE,"null","null","null","null","null",4114.22,0,683782,24,"Leaf vs Root","Root","Root enriched - FDR supported"
"F1896_mz211.1696_rt1.17",4.83171417183722,16.1494957204824,7.45762221421575,0.000686452096833571,0.00384079310417821,0.250990872858884,1896,1.169,211.16957,"Unknown","[M+H]+","ion correlated with 986; ion correlated with 3305; ion correlated with 2871; ion correlated with 4726; ion correlated with 3816; ion correlated with 4516; ion correlated with 2872",0.071,FALSE,"null","null","null","null",999,FALSE,FALSE,FALSE,"null","null","null","null","null",120.82,15176.3333333333,72.7745102345603,19,"Leaf vs Root","Leaf","Leaf enriched - FDR supported"
"F4462_mz458.3269_rt4.89",4.98178471634204,14.9273442559186,7.45563969909765,0.000687299818642416,0.00384079310417821,0.249676306164445,4462,4.886,458.3269,"Unknown","[M+H]+","ion correlated with 4418; ion correlated with 4525; ion correlated with 4195; ion correlated with 3104",0.107,TRUE,"null","null","null","null",999,FALSE,FALSE,FALSE,"null","null","null","null","null",101.23,0,416063,6,"Leaf vs Root","Leaf","Leaf enriched - FDR supported"
"F2954_mz289.2169_rt3.55",5.72736000116373,16.4773262428114,7.43116581605447,0.000697867709955795,0.003887812396513,0.23341871670321,2954,3.547,289.21689,"Unknown","[M+H]+","ion correlated with 3115; ion correlated with 3702; ion correlated with 3318; ion correlated with 3338; ion correlated with 1190; ion correlated with 2317; ion correlated with 2448; ion correlated with 2474; ion correlated with 2676; ion correlated with 2746; ion correlated with 3083; ion correlated with 3504; ion correlated with 3745; ion correlated with 3906; ion correlated with 5005; ion correlated with 5013; ion correlated with 3996; ion correlated with 3515",0.107,TRUE,"null","null","null","null",999,FALSE,FALSE,FALSE,"null","null","null","null","null",60.38,0,1908451,7,"Leaf vs Root","Leaf","Leaf enriched - FDR supported"
"F3408_mz325.1135_rt0.55",2.80218681614879,18.6776878450051,7.38917095697139,0.000716453453789017,0.00397907225873592,0.205394776972232,3408,0.546,325.11353,"Unknown","[M+H]+",NA,0.214,TRUE,"null","null","null","null",999,FALSE,FALSE,FALSE,"null","null","null","null","null",1156.12,0,6393057,18,"Leaf vs Root","Leaf","Leaf enriched - FDR supported"
"F3694_mz351.217_rt1.44",4.03490132797054,15.1284360717578,7.38415841962815,0.000718710820750066,0.00397936512715911,0.202039011439978,3694,1.439,351.21701,"Unknown","[M+H]+",NA,0.036,FALSE,"null","null","null","null",999,FALSE,FALSE,FALSE,"null","null","null","null","null",35.73,4419.66666666667,75.0669582265118,23,"Leaf vs Root","Leaf","Leaf enriched - FDR supported"
"F3952_mz377.2667_rt5.77",-5.37768343194974,15.593054147662,-7.37633386199492,0.000722251433420676,0.00398673956368293,0.196796047381784,3952,5.773,377.26669,"Unknown","[M+H]+",NA,0.107,FALSE,"null","null","null","null",999,FALSE,FALSE,FALSE,"null","null","null","null","null",70.66,0,194384,6,"Leaf vs Root","Root","Root enriched - FDR supported"
"F1369_mz174.957_rt5.77",-2.14126940316647,16.6079998161167,-7.36445492576099,0.000727666238963743,0.00400438280893157,0.188825596266645,1369,5.772,174.957,"Unknown","[M+H]+","ion correlated with 4420; ion correlated with 4504; ion correlated with 1025; ion correlated with 4273; ion correlated with 5067; ion correlated with 4359; ion correlated with 4389; ion correlated with 2876; ion correlated with 3316; ion correlated with 3749; ion correlated with 1963; ion correlated with 3775; ion correlated with 4997; ion correlated with 2473",0.036,FALSE,"null","null","null","null",999,FALSE,FALSE,FALSE,"null","null","null","null","null",20.21,11701,11.892582464536,24,"Leaf vs Root","Root","Root enriched - FDR supported"
"F1315_mz171.9921_rt0.4",-1.65562331409563,18.6693755143912,-7.35803725549026,0.000730611630413042,0.00400837079907459,0.184514088319168,1315,0.397,171.99205,"Unknown","[M+H]+","ion correlated with 590",0.786,FALSE,"null","null","null","null",999,FALSE,FALSE,FALSE,"null","null","null","null","null",125.67,86997,14.5982091542334,24,"Leaf vs Root","Root","Root enriched - FDR supported"
"F1105_mz156.9825_rt0.51",-2.45028190906644,18.0614977960113,-7.35283894788556,0.000733007753735705,0.00400933028937257,0.181018978411077,1105,0.514,156.9825,"Unknown","[M+H]+",NA,0.321,FALSE,"null","null","null","null",999,FALSE,FALSE,FALSE,"null","null","null","null","null",26.22,10056,37.0012926319976,18,"Leaf vs Root","Root","Root enriched - FDR supported"
"F1399_mz177.0075_rt0.4",-1.59076674966767,17.9979849280366,-7.34631458208222,0.000736028303151356,0.00401278758198725,0.176628745705599,1399,0.396,177.00754,"Unknown","[M+H]+","ion correlated with 717; ion correlated with 35",0.286,FALSE,"null","null","null","null",999,FALSE,FALSE,FALSE,"null","null","null","null","null",160.49,54517.6666666667,11.5223837706963,24,"Leaf vs Root","Root","Root enriched - FDR supported"
"F1717_mz199.1232_rt1.75",3.12166917826178,14.5986460215417,7.34188781589416,0.00073808613696386,0.00401278758198725,0.17364773721661,1717,1.75,199.12323,"Unknown","[M+H]+",NA,0.143,FALSE,"null","null","null","null",999,FALSE,FALSE,FALSE,"null","null","null","null","null",8.9,1201,119.226289517471,20,"Leaf vs Root","Leaf","Leaf enriched - FDR supported"
"F3775_mz359.2194_rt5.8",-2.12978137426048,17.8088009831308,-7.31334590006561,0.000751519058642528,0.00407354925180109,0.154383744059469,3775,5.797,359.21939,"Unknown","[M+H]+","ion correlated with 150; ion correlated with 4359; ion correlated with 627; ion correlated with 4389; ion correlated with 3788; ion correlated with 3577; ion correlated with 3357",0.143,FALSE,"null","null","null","null",999,FALSE,FALSE,FALSE,"null","null","null","null","null",50.66,0,278091,6,"Leaf vs Root","Root","Root enriched - FDR supported"
"F873_mz140.0684_rt0.44",-2.9234704839112,17.328714113878,-7.30723849059175,0.000754430938293502,0.004077089352155,0.150251773556736,873,0.443,140.06836,"Unknown","[M+H]+","ion correlated with 2790; found in higher mz's MsMs_2833; similar chromatogram in higher mz_4732; similar chromatogram in higher mz_4563",0.75,TRUE,"null","null","null","null",999,FALSE,FALSE,FALSE,"null","null","null","null","null",63.69,391610,24.8209932815983,24,"Leaf vs Root","Root","Root enriched - FDR supported"
"F2738_mz275.0531_rt0.51",4.13920317009686,18.7641708222588,7.29327383394298,0.000761139349411206,0.00408918950735144,0.140790886741307,2738,0.508,275.0531,"Unknown","[M+H]+","ion correlated with 2220; ion correlated with 1701; ion correlated with 2771",0.107,TRUE,"null","null","null","null",999,FALSE,FALSE,FALSE,"null","null","null","null","null",36798.25,0,5416445,12,"Leaf vs Root","Leaf","Leaf enriched - FDR supported"
"F870_mz140.0683_rt5.72",-1.5069105097781,21.3354926651933,-7.29314632473696,0.000761200927684257,0.00408918950735144,0.14070441675291,870,5.717,140.06834,"Unknown","[M+H]+",NA,0.143,TRUE,"null","null","null","null",999,FALSE,FALSE,FALSE,"null","null","null","null","null",16.42,311750.333333333,8.44173454484023,24,"Leaf vs Root","Root","Root enriched - FDR supported"
"F2947_mz289.2165_rt2.58",2.24870311497729,17.0545244326546,7.2876821623628,0.000763845299910301,0.00409121889121096,0.136997480625936,2947,2.575,289.21652,"Unknown","[M+H]+","ion correlated with 3670; ion correlated with 3516; ion correlated with 3077; similar chromatogram in higher mz_4147",0.107,TRUE,"null","null","null","null",999,FALSE,FALSE,FALSE,"null","null","null","null","null",24.79,0,591314,6,"Leaf vs Root","Leaf","Leaf enriched - FDR supported"
"F3515_mz335.222_rt3.55",7.38803703752761,17.1851929457232,7.28064152024008,0.000767268667885352,0.00409739628855935,0.132216920851922,3515,3.553,335.22198,"Unknown","[M+H]+","ion correlated with 3115; ion correlated with 3702; ion correlated with 3318; ion correlated with 3338; ion correlated with 2474; ion correlated with 2676; ion correlated with 3745; ion correlated with 3906; ion correlated with 5005; ion correlated with 5013; similar chromatogram in higher mz_3942; similar chromatogram in higher mz_3996",0.107,TRUE,"null","null","null","null",999,FALSE,FALSE,FALSE,"null","null","null","null","null",94.13,0,6401210,14,"Leaf vs Root","Leaf","Leaf enriched - FDR supported"
"F734_mz130.9654_rt0.39",-1.28637584735188,18.202490026167,-7.27487593480734,0.000770085606302048,0.00410030831674099,0.12829865395725,734,0.39,130.96538,"Unknown","[M+H]+","ion correlated with 947; ion correlated with 590",0.5,FALSE,"null","null","null","null",999,FALSE,FALSE,FALSE,"null","null","null","null","null",187.06,212996.666666667,6.16273887194382,24,"Leaf vs Root","Root","Root enriched - FDR supported"
"F4122_mz398.9058_rt0.39",-1.36968126979836,18.0751128853421,-7.26364519485142,0.000775607948810178,0.00411756572824227,0.120657322832511,4122,0.388,398.90576,"Unknown","[M+H]+","ion correlated with 3457",0.679,FALSE,"null","null","null","null",999,FALSE,FALSE,FALSE,"null","null","null","null","null",3159.1,0,331340,24,"Leaf vs Root","Root","Root enriched - FDR supported"
"F3749_mz357.2041_rt5.78",-1.79860741113397,16.9587634049689,-7.24695683751966,0.000783900777080551,0.00414841574925556,0.109280721551844,3749,5.78,357.20413,"Unknown","[M+H]+","ion correlated with 4420; ion correlated with 4117; ion correlated with 796; ion correlated with 595; ion correlated with 3908; ion correlated with 4091; ion correlated with 1369; ion correlated with 4504; ion correlated with 1025; ion correlated with 4273; ion correlated with 5067; ion correlated with 4359; ion correlated with 627; ion correlated with 2876; ion correlated with 3316; ion correlated with 1963; ion correlated with 3788; ion correlated with 3775; ion correlated with 3357; ion correlated with 4997; ion correlated with 2473",0.107,FALSE,"null","null","null","null",999,FALSE,FALSE,FALSE,"null","null","null","null","null",40.7,0,147645,6,"Leaf vs Root","Root","Root enriched - FDR supported"
"F4666_mz518.3245_rt2.63",3.07695069005914,13.9492379039817,7.24273441280413,0.000786015615648423,0.00414841574925556,0.106398091323818,4666,2.629,518.32446,"Unknown","[M+H]+","ion correlated with 4147; ion correlated with 3748; ion correlated with 3296; ion correlated with 3062",0.036,FALSE,"null","null","null","null",999,FALSE,FALSE,FALSE,"null","null","null","null","null",2212.42,0,110622,6,"Leaf vs Root","Leaf","Leaf enriched - FDR supported"
"F1666_mz195.1382_rt1.44",-3.05198251488697,15.9061288937112,-7.23089559181756,0.000791981323774599,0.00416771512948441,0.0983067920531706,1666,1.442,195.1382,"Unknown","[M+H]+","ion correlated with 1919; ion correlated with 3027",0.143,TRUE,"null","null","null","null",999,FALSE,FALSE,FALSE,"null","null","null","null","null",49.63,22228,31.9022898016105,24,"Leaf vs Root","Root","Root enriched - FDR supported"
"F4147_mz403.2455_rt2.58",1.64604589368047,15.1523375023235,7.18708230075358,0.000814530772591719,0.00427391873409318,0.0682466732206954,4147,2.576,403.24554,"Unknown","[M+H]+","ion correlated with 2947; ion correlated with 3670; ion correlated with 3762; ion correlated with 3748; ion correlated with 3758; ion correlated with 4666; ion correlated with 4530",0.071,FALSE,"null","null","null","null",999,FALSE,FALSE,FALSE,"null","null","null","null","null",16.7,0,120255,6,"Leaf vs Root","Leaf","Leaf enriched - FDR supported"
"F2456_mz254.1615_rt0.9",-3.66675849621311,15.070126649078,-7.17784282274546,0.000819382654559808,0.00428691504776943,0.0618841479076337,2456,0.896,254.16148,"Unknown","[M+H]+","ion correlated with 2105; ion correlated with 1237; ion correlated with 2305",0.607,TRUE,"null","null","null","null",999,FALSE,FALSE,FALSE,"null","null","null","null","null",1039.04,49676.3333333333,160.773364109721,24,"Leaf vs Root","Root","Root enriched - FDR supported"
"F3853_mz366.3008_rt3.91",3.97828648849401,15.2365032840826,7.15992232137498,0.000828891067393048,0.00431651136745458,0.049520366133148,3853,3.907,366.30084,"Unknown","[M+H]+","ion correlated with 3152; ion correlated with 2914; ion correlated with 3163; ion correlated with 3705",0.107,TRUE,"null","null","null","null",999,FALSE,FALSE,FALSE,"null","null","null","null","null",24.29,0,427130,6,"Leaf vs Root","Leaf","Leaf enriched - FDR supported"
"F1904_mz212.1647_rt0.93",3.10780696816879,18.6434169821743,7.15818012359255,0.000829822406928941,0.00431651136745458,0.0483167396575075,1904,0.934,212.16472,"Unknown","[M+H]+","ion correlated with 842; ion correlated with 4514; ion correlated with 521; ion correlated with 1730; ion correlated with 278; ion correlated with 1929; ion correlated with 1114; ion correlated with 3191; ion correlated with 1654; similar chromatogram in higher mz_3060; similar chromatogram in higher mz_3707",0.143,TRUE,"null","null","null","null",999,FALSE,FALSE,FALSE,"null","null","null","null","null",331.43,0,2330309,6,"Leaf vs Root","Leaf","Leaf enriched - FDR supported"
"F1002_mz148.0276_rt0.41",-1.39441117251056,18.9288772063457,-7.12621407905294,0.000847132653114149,0.00439339737085563,0.026180626605238,1002,0.406,148.02765,"Unknown","[M+H]+",NA,0.25,FALSE,"null","null","null","null",999,FALSE,FALSE,FALSE,"null","null","null","null","null",44.23,105466.666666667,5.30465893180532,24,"Leaf vs Root","Root","Root enriched - FDR supported"
"F94_mz76.5154_rt0.4",-2.20741651585502,16.2850283846743,-7.12195476082661,0.000849471292204219,0.00439339737085563,0.0232236578904423,94,0.399,76.51539,"Unknown","[M+H]2+","found in higher mz's MsMs_108; found in higher mz's MsMs_222; found in higher mz's MsMs_195; found in higher mz's MsMs_142; found in higher mz's MsMs_306; found in higher mz's MsMs_329; adduct linked to 1061_[M+H]+; found in higher mz's MsMs_615",0.214,FALSE,"null","null","null","null",999,FALSE,FALSE,FALSE,"null","null","null","null","null",220.44,668,506.807174887892,24,"Leaf vs Root","Root","Root enriched - FDR supported"
"F4502_mz466.2935_rt5.55",-5.54597827218865,15.5393044312352,-7.08578577430925,0.000869641468884654,0.00448072437220333,-0.00195696238031839,4502,5.546,466.29346,"Unknown","[M+H]+","ion correlated with 4419; ion correlated with 4323; ion correlated with 2785; ion correlated with 3735",0.071,FALSE,"null","null","null","null",999,FALSE,FALSE,FALSE,"null","null","null","null","null",8.12,0,211599,9,"Leaf vs Root","Root","Root enriched - FDR supported"
"F2111_mz227.0069_rt0.52",-2.04443173107494,18.4994538981421,-7.08281906473924,0.000871320916699928,0.00448072437220333,-0.00402800674309045,2111,0.523,227.00693,"Unknown","[M+H]+",NA,0.179,FALSE,"null","null","null","null",999,FALSE,FALSE,FALSE,"null","null","null","null","null",29.2,0,437350,15,"Leaf vs Root","Root","Root enriched - FDR supported"
"F1298_mz170.0813_rt0.75",4.59643757462632,18.4812351460774,7.06916915804167,0.000879097738166601,0.00450787334485999,-0.0135679894005714,1298,0.75,170.0813,"Unknown","[M+H]+","similar chromatogram in higher mz_2446; similar chromatogram in higher mz_4568",0.536,TRUE,"null","null","null","null",999,FALSE,FALSE,FALSE,"null","null","null","null","null",405.48,14144.6666666667,282.545184626623,24,"Leaf vs Root","Leaf","Leaf enriched - FDR supported"
"F2935_mz288.2902_rt1.87",-4.00019582592378,15.602899963887,-7.05095754368188,0.000889601825720528,0.00454146572466578,-0.0263245130072693,2935,1.869,288.29022,"Unknown","[M+H]+","ion correlated with 2330",0.25,TRUE,"null","null","null","null",999,FALSE,FALSE,FALSE,"null","null","null","null","null",234.72,6005.33333333333,146.646373272657,22,"Leaf vs Root","Root","Root enriched - FDR supported"
"F4291_mz425.2667_rt7.04",-5.40347453741761,15.2837781454105,-7.04627519193263,0.000892326471581395,0.00454146572466578,-0.0296095654734261,4291,7.036,425.26672,"Unknown","[M+H]+","ion correlated with 4406; ion correlated with 4177",0.071,FALSE,"null","null","null","null",999,FALSE,FALSE,FALSE,"null","null","null","null","null",21.69,0,163053,6,"Leaf vs Root","Root","Root enriched - FDR supported"
"F3830_mz365.1003_rt1.07",4.31444072979563,16.7510706249399,7.0447829790518,0.000893196859975819,0.00454146572466578,-0.0306569265596739,3830,1.075,365.10025,"Unknown","[M+H]+","ion correlated with 4037; ion correlated with 3608; ion correlated with 4687; ion correlated with 4207; ion correlated with 3741; ion correlated with 1403; ion correlated with 3962; ion correlated with 392; ion correlated with 4693",0.071,FALSE,"null","null","null","null",999,FALSE,FALSE,FALSE,"null","null","null","null","null",540.36,0,1077821,15,"Leaf vs Root","Leaf","Leaf enriched - FDR supported"
"F1670_mz195.9491_rt0.85",-3.06974368056161,18.4329715615653,-7.02298639269825,0.000906025763110594,0.0045819382803341,-0.0459805468686518,1670,0.852,195.94911,"Unknown","[M+H]+",NA,0.143,FALSE,"null","null","null","null",999,FALSE,FALSE,FALSE,"null","null","null","null","null",79.41,10414.6666666667,55.9884468909015,24,"Leaf vs Root","Root","Root enriched - FDR supported"
"F707_mz129.0548_rt1.29",-2.13146532061178,14.952995768936,-7.02263598819283,0.000906233776221205,0.0045819382803341,-0.0462272729682569,707,1.295,129.05484,"Unknown","[M+H]+",NA,0.107,FALSE,"null","null","null","null",999,FALSE,FALSE,FALSE,"null","null","null","null","null",50.46,32618.6666666667,10.6960320461072,24,"Leaf vs Root","Root","Root enriched - FDR supported"
"F442_mz111.0205_rt7.9",-1.70861280084164,16.2281855802845,-7.0154333458374,0.000910522077718894,0.00459076075497934,-0.0513014638900131,442,7.905,111.02049,"Unknown","[M+H]+","ion correlated with 368",0.036,TRUE,"null","null","null","null",999,FALSE,FALSE,FALSE,"null","null","null","null","null",8.32,74371.6666666667,7.79649333536514,24,"Leaf vs Root","Root","Root enriched - FDR supported"
"F3238_mz311.2584_rt6.12",-5.42946334077679,15.3727772537252,-7.00428131622609,0.000917209229553348,0.00461159515137547,-0.0591680596050344,3238,6.118,311.25839,"Unknown","[M+H]+",NA,0.071,FALSE,"null","null","null","null",999,FALSE,FALSE,FALSE,"null","null","null","null","null",31.92,5568.66666666667,41.9613980489557,24,"Leaf vs Root","Root","Root enriched - FDR supported"
"F2075_mz223.9438_rt0.84",-3.79549219752437,17.0454586288809,-6.99009270677556,0.000925801414041325,0.00464186542317942,-0.0691944241171907,2075,0.845,223.94382,"Unknown","[M+H]+",NA,0.036,FALSE,"null","null","null","null",999,FALSE,FALSE,FALSE,"null","null","null","null","null",38.45,1850.66666666667,185.140234023402,14,"Leaf vs Root","Root","Root enriched - FDR supported"
"F343_mz102.9705_rt0.4",-1.46908279981023,21.0424190053811,-6.97711333858677,0.00093374483804423,0.00466872419022115,-0.0783837574771153,343,0.396,102.97046,"Unknown","[M+H]+","ion correlated with 5; ion correlated with 1974; found in higher mz's MsMs_1246; found in higher mz's MsMs_2507",0.857,TRUE,"null","null","null","null",999,FALSE,FALSE,FALSE,"null","null","null","null","null",421.21,122203.666666667,91.7602273781143,24,"Leaf vs Root","Root","Root enriched - FDR supported"
"F18_mz62.9903_rt0.64",-1.77858612193951,18.8917682547675,-6.96898559098803,0.000938760113709666,0.00468083426863521,-0.0841466876914927,18,0.643,62.9903,"Unknown","[M+H]+","ion correlated with 1427; found in higher mz's MsMs_319; found in higher mz's MsMs_136",0.357,FALSE,"null","null","null","null",999,FALSE,FALSE,FALSE,"null","null","null","null","null",173.53,5505.66666666667,92.936803874092,24,"Leaf vs Root","Root","Root enriched - FDR supported"
"F387_mz106.05_rt0.45",-1.47323428776119,20.0368373242051,-6.96049542784808,0.00094403309044408,0.00469415903099605,-0.090173608297456,387,0.447,106.04995,"Unknown","[M+H]+","ion correlated with 336; ion correlated with 783; ion correlated with 776; ion correlated with 4587; similar chromatogram in higher mz_3459; similar chromatogram in higher mz_3276",0.571,TRUE,"null","null","null","null",999,FALSE,FALSE,FALSE,"null","null","null","null","null",1893.79,0,9271356,22,"Leaf vs Root","Root","Root enriched - FDR supported"
"F2256_mz238.1342_rt1.58",-1.53427986663206,15.0897194176542,-6.95607727333127,0.000946790927870393,0.00469493852968698,-0.0933127702210443,2256,1.579,238.13422,"Unknown","[M+H]+",NA,0.25,TRUE,"null","null","null","null",999,FALSE,FALSE,FALSE,"null","null","null","null","null",23.89,31259.6666666667,10.1641466379476,24,"Leaf vs Root","Root","Root enriched - FDR supported"
"F2013_mz219.102_rt1.21",2.62930742466598,16.2323987853705,6.94578765762401,0.000953250797158457,0.00471008993689331,-0.100631242255215,2013,1.21,219.10205,"Unknown","[M+H]+","ion correlated with 3898; ion correlated with 3143; ion correlated with 1598; ion correlated with 4110; ion correlated with 1870; ion correlated with 3772; ion correlated with 4353; ion correlated with 4719; ion correlated with 4341; ion correlated with 3733; ion correlated with 4388; ion correlated with 2740; ion correlated with 4166; ion correlated with 396; ion correlated with 4952; ion correlated with 3566; ion correlated with 4960; ion correlated with 3635; ion correlated with 4743; ion correlated with 4797; ion correlated with 4789; ion correlated with 4792; ion correlated with 4937; ion correlated with 1381; ion correlated with 1635; ion correlated with 4871; ion correlated with 4381; ion correlated with 4031",0.107,FALSE,"null","null","null","null",999,FALSE,FALSE,FALSE,"null","null","null","null","null",35.88,0,465955,17,"Leaf vs Root","Leaf","Leaf enriched - FDR supported"
"F2348_mz245.1611_rt0.48",3.64496986008441,17.2273231283875,6.94291221144974,0.000955065327924074,0.00471008993689331,-0.102678289971834,2348,0.476,245.16106,"Unknown","[M+H]+","ion correlated with 3508; ion correlated with 2556",0.107,FALSE,"null","null","null","null",999,FALSE,FALSE,FALSE,"null","null","null","null","null",136.34,0,1363518,7,"Leaf vs Root","Leaf","Leaf enriched - FDR supported"
"F397_mz107.0858_rt3.55",3.76611742427699,15.2070087095136,6.929867786622,0.000963348410463589,0.00473799422584953,-0.11197508885246,397,3.547,107.08578,"Unknown","[M+H]+","ion correlated with 1041; ion correlated with 419; ion correlated with 779; ion correlated with 2014; ion correlated with 2157; ion correlated with 3115; ion correlated with 3702; ion correlated with 856; ion correlated with 1379; ion correlated with 2563; ion correlated with 3318; ion correlated with 3338; ion correlated with 956; ion correlated with 597; ion correlated with 625; ion correlated with 994; ion correlated with 1019; ion correlated with 1190; ion correlated with 1257; ion correlated with 1349; ion correlated with 1630; ion correlated with 1752; ion correlated with 2317; ion correlated with 2448; ion correlated with 2474; ion correlated with 2676; ion correlated with 2746; ion correlated with 2954; ion correlated with 3083; ion correlated with 3098; ion correlated with 3118; ion correlated with 3504; ion correlated with 3745; ion correlated with 3906; ion correlated with 5013; ion correlated with 5038; ion correlated with 5047; ion correlated with 3515; ion correlated with 4188; similar chromatogram in higher mz_3115; found in higher mz's MsMs_3115; similar chromatogram in higher mz_3702; found in higher mz's MsMs_3702; similar chromatogram in higher mz_3338; similar chromatogram in higher mz_3745; similar chromatogram in higher mz_3318; found in higher mz's MsMs_3318; similar chromatogram in higher mz_2676; found in higher mz's MsMs_2676; similar chromatogram in higher mz_5005; found in higher mz's MsMs_5005; found in higher mz's MsMs_3847; found in higher mz's MsMs_3515; similar chromatogram in higher mz_5013; similar chromatogram in higher mz_3906; similar chromatogram in higher mz_2474; found in higher mz's MsMs_2474; similar chromatogram in higher mz_2746; similar chromatogram in higher mz_2954; found in higher mz's MsMs_2954; similar chromatogram in higher mz_2448; similar chromatogram in higher mz_1190; found in higher mz's MsMs_1190; similar chromatogram in higher mz_3083; found in higher mz's MsMs_3083; similar chromatogram in higher mz_3504; found in higher mz's MsMs_3504; similar chromatogram in higher mz_2317; similar chromatogram in higher mz_5038; similar chromatogram in higher mz_1630; similar chromatogram in higher mz_419; similar chromatogram in higher mz_625; similar chromatogram in higher mz_597; similar chromatogram in higher mz_1019; similar chromatogram in higher mz_5047; similar chromatogram in higher mz_779; similar chromatogram in higher mz_2563; similar chromatogram in higher mz_741; similar chromatogram in higher mz_956; similar chromatogram in higher mz_1041; similar chromatogram in higher mz_1141; similar chromatogram in higher mz_1166; similar chromatogram in higher mz_1379; similar chromatogram in higher mz_1521; similar chromatogram in higher mz_1546; similar chromatogram in higher mz_1693; similar chromatogram in higher mz_1752; similar chromatogram in higher mz_1893; similar chromatogram in higher mz_1991; similar chromatogram in higher mz_2138; similar chromatogram in higher mz_2157; similar chromatogram in higher mz_2271; similar chromatogram in higher mz_2293; similar chromatogram in higher mz_3098; similar chromatogram in higher mz_3118; similar chromatogram in higher mz_3959; similar chromatogram in higher mz_4251",0.107,FALSE,"null","null","null","null",999,FALSE,FALSE,FALSE,"null","null","null","null","null",35.97,5144,74.0310981535471,24,"Leaf vs Root","Leaf","Leaf enriched - FDR supported"
"F3113_mz301.2167_rt5.78",-1.58938155821986,19.5738768850253,-6.90809290397046,0.000977365369478255,0.00479387090192459,-0.127532145803936,3113,5.777,301.21674,"Unknown","[M+H]+","ion correlated with 132; ion correlated with 27; ion correlated with 606; ion correlated with 4371",0.107,TRUE,"null","null","null","null",999,FALSE,FALSE,FALSE,"null","null","null","null","null",27.01,2825.66666666667,339.100825471698,18,"Leaf vs Root","Root","Root enriched - FDR supported"
"F4340_mz434.8538_rt0.41",-1.37346851769108,16.7828636233973,-6.86833798992519,0.00100358378758385,0.00490912936744946,-0.156058324850517,4340,0.411,434.85379,"Unknown","[M+H]+",NA,0.321,FALSE,"null","null","null","null",999,FALSE,FALSE,FALSE,"null","null","null","null","null",2040.93,0,157891,24,"Leaf vs Root","Root","Root enriched - FDR supported"
"F4338_mz434.2028_rt1.07",3.2916586745308,17.0968424092985,6.84776030853817,0.00101748117498379,0.00496365816444796,-0.170886765211817,4338,1.074,434.20285,"Unknown","[M+H]+","ion correlated with 3937; ion correlated with 3311; ion correlated with 1088; ion correlated with 4550; ion correlated with 4165; ion correlated with 4759; ion correlated with 2865; ion correlated with 1837; ion correlated with 4035; ion correlated with 799; ion correlated with 1439; ion correlated with 4486; ion correlated with 2012; ion correlated with 3491; ion correlated with 4678; ion correlated with 3971; ion correlated with 4684",0.107,FALSE,"null","null","null","null",999,FALSE,FALSE,FALSE,"null","null","null","null","null",66.99,0,1321480,10,"Leaf vs Root","Leaf","Leaf enriched - FDR supported"
"F1767_mz202.144_rt1.29",-1.78847079363507,13.7166515432883,-6.83391731846057,0.0010269583067385,0.00499638744922638,-0.180886389798347,1767,1.287,202.14401,"Unknown","[M+H]+","ion correlated with 965; ion correlated with 1152",0.321,TRUE,"null","null","null","null",999,FALSE,FALSE,FALSE,"null","null","null","null","null",151.69,13079.6666666667,74.0927067937414,24,"Leaf vs Root","Root","Root enriched - FDR supported"
"F3316_mz317.2111_rt5.78",-1.52052205843893,17.0856591423621,-6.82256956826648,0.00103480508194108,0.00501514266934593,-0.189098146847344,3316,5.78,317.21109,"Unknown","[M+H]+","ion correlated with 4420; ion correlated with 4117; ion correlated with 796; ion correlated with 595; ion correlated with 3908; ion correlated with 4091; ion correlated with 1369; ion correlated with 4504; ion correlated with 1025; ion correlated with 4273; ion correlated with 4359; ion correlated with 627; ion correlated with 2876; ion correlated with 3749; ion correlated with 3788; ion correlated with 2473",0.107,FALSE,"null","null","null","null",999,FALSE,FALSE,FALSE,"null","null","null","null","null",12.12,0,162844,9,"Leaf vs Root","Root","Root enriched - FDR supported"
"F2933_mz288.2455_rt6.9",3.05462582536479,13.6790476311405,6.82031831184166,0.00103637020258506,0.00501514266934593,-0.190728825902223,2933,6.904,288.24548,"Unknown","[M+H]+",NA,0.036,FALSE,"null","null","null","null",999,FALSE,FALSE,FALSE,"null","null","null","null","null",3.3,0,102953,8,"Leaf vs Root","Leaf","Leaf enriched - FDR supported"
"F2330_mz244.2639_rt1.89",-2.22187741679902,15.8136850755515,-6.80802737553455,0.00104496463806916,0.00504321168907711,-0.199640820693157,2330,1.893,244.26393,"Unknown","[M+H]+","ion correlated with 2935",0.214,TRUE,"null","null","null","null",999,FALSE,FALSE,FALSE,"null","null","null","null","null",89.36,22272.3333333333,30.6050733313379,24,"Leaf vs Root","Root","Root enriched - FDR supported"
"F2444_mz253.1188_rt0.99",-1.94827983030978,13.2588862202474,-6.80235128742939,0.00104896207041651,0.00504900409893813,-0.20376170787076,2444,0.988,253.1188,"Unknown","[M+H]+","ion correlated with 3381; ion correlated with 1273; ion correlated with 2802; ion correlated with 2829; ion correlated with 3902; ion correlated with 3778; ion correlated with 3743; ion correlated with 1446; ion correlated with 2994; ion correlated with 3132; ion correlated with 2245; ion correlated with 2926; ion correlated with 1544; ion correlated with 2620; ion correlated with 3432; ion correlated with 1374; ion correlated with 3627; ion correlated with 1392; similar chromatogram in higher mz_2754",0.357,TRUE,"null","null","null","null",999,FALSE,FALSE,FALSE,"null","null","null","null","null",290.88,2845.33333333333,599.95748916735,23,"Leaf vs Root","Root","Root enriched - FDR supported"
"F4408_mz447.2875_rt8.46",-6.13564110827939,15.9959850791064,-6.79686387481428,0.00105284382523794,0.00505421038445342,-0.20774876192439,4408,8.458,447.28748,"Unknown","[M+H]+","ion correlated with 4294",0.071,TRUE,"null","null","null","null",999,FALSE,FALSE,FALSE,"null","null","null","null","null",70.59,0,580527,15,"Leaf vs Root","Root","Root enriched - FDR supported"
"F3171_mz305.0661_rt1",2.12723891498619,18.2053154734023,6.78252350106199,0.00106306855182957,0.00508975792056334,-0.21818284635064,3171,1.002,305.0661,"Unknown","[M+H]+","ion correlated with 4843; ion correlated with 1654; ion correlated with 1405; ion correlated with 1458; ion correlated with 3624; ion correlated with 792; ion correlated with 2793; ion correlated with 3937; ion correlated with 1217; ion correlated with 4207; ion correlated with 3309; ion correlated with 4550; ion correlated with 4658; ion correlated with 4165; ion correlated with 4759; ion correlated with 1837; ion correlated with 4035",0.107,FALSE,"null","null","null","null",999,FALSE,FALSE,FALSE,"null","null","null","null","null",728.4,0,1545487,6,"Leaf vs Root","Leaf","Leaf enriched - FDR supported"
"F3876_mz369.1522_rt1.09",2.12588197579331,15.4847985954755,6.76852642768368,0.00107316189853568,0.00510361005456619,-0.228387597061857,3876,1.094,369.15222,"Unknown","[M+H]+","ion correlated with 4668; ion correlated with 4257; ion correlated with 3962; ion correlated with 3757; ion correlated with 3536; ion correlated with 4310; ion correlated with 4575; ion correlated with 4597; ion correlated with 3895; ion correlated with 4693; ion correlated with 4167; ion correlated with 4739; ion correlated with 3194; ion correlated with 4640; ion correlated with 3022; ion correlated with 4223; ion correlated with 4153; ion correlated with 4618; ion correlated with 4192; ion correlated with 4307",0.071,FALSE,"null","null","null","null",999,FALSE,FALSE,FALSE,"null","null","null","null","null",1491.06,0,196702,14,"Leaf vs Root","Leaf","Leaf enriched - FDR supported"
"F1627_mz193.1226_rt2.7",3.14736977838442,14.0045046308874,6.76832261419001,0.00107330970396395,0.00510361005456619,-0.228536339487366,1627,2.698,193.12262,"Unknown","[M+H]+","ion correlated with 2744; ion correlated with 2948; ion correlated with 2995; ion correlated with 3517; ion correlated with 2156",0.036,FALSE,"null","null","null","null",999,FALSE,FALSE,FALSE,"null","null","null","null","null",3.51,1143.33333333333,129.043693562482,22,"Leaf vs Root","Leaf","Leaf enriched - FDR supported"
"F4761_mz559.179_rt1.16",-1.9822172361608,19.2622794090893,-6.76599345459811,0.00107500051916505,0.00510361005456619,-0.230236457672897,4761,1.156,559.17896,"Unknown","[M+H]+",NA,0.214,TRUE,"null","null","null","null",999,FALSE,FALSE,FALSE,"null","null","null","null","null",11635.08,0,736735,6,"Leaf vs Root","Root","Root enriched - FDR supported"
"F3705_mz352.2851_rt3.91",3.89091971453823,16.0858183826424,6.76287161706457,0.00107727170680871,0.00510361005456619,-0.232516053771289,3705,3.907,352.28513,"Unknown","[M+H]+","ion correlated with 2914; ion correlated with 3163; ion correlated with 3853",0.107,TRUE,"null","null","null","null",999,FALSE,FALSE,FALSE,"null","null","null","null","null",34.67,0,830951,6,"Leaf vs Root","Leaf","Leaf enriched - FDR supported"
"F2746_mz275.1647_rt3.55",6.11445149837619,16.8576340480424,6.74916736420172,0.00108730911904646,0.00513767790544205,-0.242534975287089,2746,3.547,275.16467,"Unknown","[M+H]+","ion correlated with 3115; ion correlated with 3702; ion correlated with 3318; ion correlated with 3338; ion correlated with 1190; ion correlated with 2448; ion correlated with 2474; ion correlated with 2676; ion correlated with 2954; ion correlated with 3083; ion correlated with 3745; ion correlated with 3906; ion correlated with 5005; ion correlated with 5013; ion correlated with 3515",0.107,TRUE,"null","null","null","null",999,FALSE,FALSE,FALSE,"null","null","null","null","null",286.86,616.666666666667,4674.15704263357,6,"Leaf vs Root","Leaf","Leaf enriched - FDR supported"
"F1278_mz169.0461_rt0.4",-1.2731132336115,20.2447580302912,-6.72404964489223,0.00110599458254265,0.00521232433809264,-0.260948706760415,1278,0.399,169.0461,"Unknown","[M+H]+",NA,0.357,FALSE,"null","null","null","null",999,FALSE,FALSE,FALSE,"null","null","null","null","null",116.3,206319,7.1308889104304,24,"Leaf vs Root","Root","Root enriched - FDR supported"
"F1332_mz173.0296_rt0.39",-1.6459402910273,17.338106960058,-6.7087323323215,0.00111757567240328,0.00525318773095815,-0.272210061667757,1332,0.389,173.0296,"Unknown","[M+H]+",NA,0.179,FALSE,"null","null","null","null",999,FALSE,FALSE,FALSE,"null","null","null","null","null",7.37,5878.66666666667,31.9798741425251,24,"Leaf vs Root","Root","Root enriched - FDR supported"
"F2906_mz287.1397_rt1.03",-3.28155487096527,14.4254030905771,-6.69787013336027,0.00112587524287003,0.00527845406072831,-0.280210864498591,2906,1.035,287.13971,"Unknown","[M+H]+","ion correlated with 2434; ion correlated with 1436",0.071,FALSE,"null","null","null","null",999,FALSE,FALSE,FALSE,"null","null","null","null","null",148.98,10793,49.6844543264777,24,"Leaf vs Root","Root","Root enriched - FDR supported"
"F5162_mz797.5184_rt9.48",1.6197656989571,16.8915067563615,6.69227240475162,0.0011301807778271,0.005284912704606,-0.284338827205677,5162,9.481,797.51843,"Unknown","[M+H]+","ion correlated with 4884",0.107,TRUE,"null","null","null","null",999,FALSE,FALSE,FALSE,"null","null","null","null","null",88.28,0,352742,7,"Leaf vs Root","Leaf","Leaf enriched - FDR supported"
"F2867_mz285.124_rt1.08",-3.91428375844076,16.0549650410832,-6.68305362626583,0.00113731395450901,0.00530452632529394,-0.291144247059951,2867,1.076,285.12405,"Unknown","[M+H]+","ion correlated with 3277",0.143,FALSE,"null","null","null","null",999,FALSE,FALSE,FALSE,"null","null","null","null","null",60.12,43728,13.0241944704887,24,"Leaf vs Root","Root","Root enriched - FDR supported"
"F61_mz72.0809_rt1",-2.14170295761149,16.2158838519827,-6.67491790167316,0.00114365332850836,0.00532034602566388,-0.2971575621021,61,1.003,72.08093,"Unknown","[M+H]+","ion correlated with 95; ion correlated with 3480; ion correlated with 3778; ion correlated with 3900; ion correlated with 3785; ion correlated with 916; ion correlated with 3294; ion correlated with 3477; ion correlated with 3132; ion correlated with 4312; ion correlated with 3393; ion correlated with 2891; ion correlated with 3913; ion correlated with 1544; ion correlated with 2698; ion correlated with 3613; ion correlated with 761; ion correlated with 3432; ion correlated with 1392; ion correlated with 4022; ion correlated with 3786; ion correlated with 3587; ion correlated with 3129; ion correlated with 3160; ion correlated with 2526; ion correlated with 2908; ion correlated with 2633; found in higher mz's MsMs_2762",0.036,FALSE,"null","null","null","null",999,FALSE,FALSE,FALSE,"null","null","null","null","null",21.54,62084,10.7920914874768,24,"Leaf vs Root","Root","Root enriched - FDR supported"
"F3827_mz364.2851_rt4.53",3.9713839527503,16.3218881324135,6.6708010322456,0.00114687710788788,0.00532162771140779,-0.300203096288951,3827,4.531,364.28506,"Unknown","[M+H]+","ion correlated with 3682; ion correlated with 2877; ion correlated with 3114",0.107,TRUE,"null","null","null","null",999,FALSE,FALSE,FALSE,"null","null","null","null","null",85.5,0,857853,6,"Leaf vs Root","Leaf","Leaf enriched - FDR supported"
"F5122_mz766.5466_rt9.46",3.80229699603196,14.7846560125787,6.66160617297238,0.00115411614000235,0.00534148623770317,-0.307011621646365,5122,9.456,766.54657,"Unknown","[M+H]+","ion correlated with 5128; ion correlated with 5162",0.107,TRUE,"null","null","null","null",999,FALSE,FALSE,FALSE,"null","null","null","null","null",55.41,4018.66666666667,54.0092047433452,24,"Leaf vs Root","Leaf","Leaf enriched - FDR supported"
"F2331_mz244.264_rt2.03",-1.87228896842148,15.8210314047936,-6.65486943839923,0.00115945419259329,0.00535246756427338,-0.312005639774836,2331,2.033,244.26398,"Unknown","[M+H]+",NA,0.214,TRUE,"null","null","null","null",999,FALSE,FALSE,FALSE,"null","null","null","null","null",140.7,22708.6666666667,37.6727678374848,24,"Leaf vs Root","Root","Root enriched - FDR supported"
"F4195_mz409.2742_rt4.89",4.50818216357482,16.5649174286196,6.6033218293347,0.00120127945556891,0.00551086201709109,-0.350377662798897,4195,4.889,409.27417,"Unknown","[M+H]+","ion correlated with 4418",0.107,TRUE,"null","null","null","null",999,FALSE,FALSE,FALSE,"null","null","null","null","null",58.78,591.333333333333,1723.59876195836,13,"Leaf vs Root","Leaf","Leaf enriched - FDR supported"
"F1659_mz195.1133_rt1.11",-1.45992124613881,17.7629610943589,-6.60000689331112,0.00120402963136197,0.00551086201709109,-0.352854974282025,1659,1.111,195.11328,"Unknown","[M+H]+","ion correlated with 2149; ion correlated with 2775",0.321,TRUE,"null","null","null","null",999,FALSE,FALSE,FALSE,"null","null","null","null","null",85.4,169504.666666667,7.66585581209674,24,"Leaf vs Root","Root","Root enriched - FDR supported"
"F2069_mz223.1179_rt0.92",1.88810729418234,18.6346467984385,6.59952712819004,0.00120442827546042,0.00551086201709109,-0.35321360859546,2069,0.924,223.11787,"Unknown","[M+H]+","ion correlated with 2282",0.107,TRUE,"null","null","null","null",999,FALSE,FALSE,FALSE,"null","null","null","null","null",76.96,66972.3333333333,28.4609844714314,24,"Leaf vs Root","Leaf","Leaf enriched - FDR supported"
"F1497_mz183.1019_rt2.07",1.5874616014221,15.4726398642675,6.5949236806096,0.00120826128523709,0.00551086201709109,-0.356656030328619,1497,2.074,183.1019,"Unknown","[M+H]+","ion correlated with 2751; ion correlated with 2502; ion correlated with 395; ion correlated with 378; ion correlated with 742; ion correlated with 957; ion correlated with 1629; ion correlated with 1658; ion correlated with 2022; ion correlated with 797; ion correlated with 1838; ion correlated with 2911; ion correlated with 628; ion correlated with 1351; ion correlated with 1570; ion correlated with 1694; ion correlated with 1719; ion correlated with 1894; ion correlated with 2137; ion correlated with 2318; ion correlated with 596; ion correlated with 1191; ion correlated with 2158; ion correlated with 4919; ion correlated with 532; ion correlated with 2500; ion correlated with 3522; ion correlated with 2562; ion correlated with 2394; ion correlated with 56; ion correlated with 1140; ion correlated with 1167; ion correlated with 1258; ion correlated with 1468; ion correlated with 2582; ion correlated with 3941; ion correlated with 5039; ion correlated with 3509; ion correlated with 2347; ion correlated with 3824; ion correlated with 3777; ion correlated with 3979; ion correlated with 3997; ion correlated with 5027; ion correlated with 4470; found in higher mz's MsMs_2674; found in higher mz's MsMs_3079",0.107,FALSE,"null","null","null","null",999,FALSE,FALSE,FALSE,"null","null","null","null","null",15.71,7664.66666666667,18.3262599469496,24,"Leaf vs Root","Leaf","Leaf enriched - FDR supported"
"F1190_mz163.1119_rt3.55",5.77387063093431,16.2526269748727,6.59116948511193,0.00121139784435348,0.00551086201709109,-0.359465064815051,1190,3.547,163.11194,"Unknown","[M+H]+","ion correlated with 3115; ion correlated with 3702; ion correlated with 3318; ion correlated with 3338; ion correlated with 2317; ion correlated with 2448; ion correlated with 2474; ion correlated with 2676; ion correlated with 2746; ion correlated with 2954; ion correlated with 3083; ion correlated with 3504; ion correlated with 3745; ion correlated with 3906; ion correlated with 5005; ion correlated with 5013; ion correlated with 3515; found in higher mz's MsMs_3318",0.107,TRUE,"null","null","null","null",999,FALSE,FALSE,FALSE,"null","null","null","null","null",68.83,0,1658653,8,"Leaf vs Root","Leaf","Leaf enriched - FDR supported"
"F3153_mz303.2324_rt5.78",-1.97193430048278,24.6372820352076,-6.59034934789811,0.00121208433284497,0.00551086201709109,-0.360078923847903,3153,5.779,303.23236,"Unknown","[M+H]+",NA,0.214,TRUE,"null","null","null","null",999,FALSE,FALSE,FALSE,"null","null","null","null","null",2195.06,0,31574249,8,"Leaf vs Root","Root","Root enriched - FDR supported"
"F925_mz144.0658_rt0.47",-1.66307894662793,17.9726578295919,-6.58000890356594,0.00122077924960744,0.00553644860688803,-0.367824750799667,925,0.471,144.06575,"Unknown","[M+H]+","ion correlated with 1541; ion correlated with 4903",0.429,FALSE,"null","null","null","null",999,FALSE,FALSE,FALSE,"null","null","null","null","null",123.27,83452,21.094640096821,24,"Leaf vs Root","Root","Root enriched - FDR supported"
"F3682_mz350.2694_rt4.53",3.8687203588587,17.0050926232808,6.5636381388235,0.00123469597085399,0.00558552939195854,-0.380111219552566,3682,4.528,350.26944,"Unknown","[M+H]+","ion correlated with 2877; ion correlated with 3827",0.107,TRUE,"null","null","null","null",999,FALSE,FALSE,FALSE,"null","null","null","null","null",75.11,773.333333333333,1685.2974601808,6,"Leaf vs Root","Leaf","Leaf enriched - FDR supported"
"F4239_mz416.917_rt0.4",-1.35700203162856,16.9440082762548,-6.55440193246343,0.00124263029227452,0.00560736919388879,-0.387055820615269,4239,0.397,416.91699,"Unknown","[M+H]+",NA,0.25,FALSE,"null","null","null","null",999,FALSE,FALSE,FALSE,"null","null","null","null","null",2597.77,0,178893,23,"Leaf vs Root","Root","Root enriched - FDR supported"
"F1702_mz198.1126_rt0.9",2.28849255228401,17.9305686165838,6.54310569791467,0.00125241627529655,0.00563743485513782,-0.395561827423463,1702,0.899,198.11264,"Unknown","[M+H]+",NA,0.393,FALSE,"null","null","null","null",999,FALSE,FALSE,FALSE,"null","null","null","null","null",235.25,6059.66666666667,215.20190298097,24,"Leaf vs Root","Leaf","Leaf enriched - FDR supported"
"F2504_mz257.2268_rt5.78",-2.02673859373193,21.8637302102673,-6.53253014058955,0.00126166051394703,0.00566491847680194,-0.403537651970939,2504,5.777,257.22678,"Unknown","[M+H]+","ion correlated with 868",0.214,TRUE,"null","null","null","null",999,FALSE,FALSE,FALSE,"null","null","null","null","null",278.48,0,4607078,7,"Leaf vs Root","Root","Root enriched - FDR supported"
"F861_mz139.9881_rt7.71",-1.90010213503918,15.6822007050751,-6.52591227215419,0.00126748627124111,0.00567695463918163,-0.408534837397785,861,7.709,139.98814,"Unknown","[M+H]+",NA,0.036,FALSE,"null","null","null","null",999,FALSE,FALSE,FALSE,"null","null","null","null","null",4.61,36436.6666666667,5.73738713602225,24,"Leaf vs Root","Root","Root enriched - FDR supported"
"F2999_mz293.2115_rt3.31",-4.70227862331141,15.8962371029455,-6.52214602517,0.00127081590697217,0.00567777899030882,-0.411380866695994,2999,3.312,293.21149,"Unknown","[M+H]+",NA,0.107,FALSE,"null","null","null","null",999,FALSE,FALSE,FALSE,"null","null","null","null","null",12.71,974.666666666667,237.81072770755,18,"Leaf vs Root","Root","Root enriched - FDR supported"
"F3996_mz382.2593_rt3.55",5.48836661015393,17.0042689700628,6.49078157630348,0.00129894919521734,0.00578914394411679,-0.435141766837775,3996,3.55,382.25928,"Unknown","[M+H]+","ion correlated with 2954; ion correlated with 3906; ion correlated with 3847; ion correlated with 3976",0.107,FALSE,"null","null","null","null",999,FALSE,FALSE,FALSE,"null","null","null","null","null",112.22,470.333333333333,3710.99787835926,7,"Leaf vs Root","Leaf","Leaf enriched - FDR supported"
"F1051_mz152.0709_rt0.74",1.71423061725541,16.0106175882364,6.48344584024554,0.00130563491808876,0.00580460844125668,-0.440714584987499,1051,0.74,152.07091,"Unknown","[M+H]+","ion correlated with 1268",0.071,FALSE,"null","null","null","null",999,FALSE,FALSE,FALSE,"null","null","null","null","null",9.94,21556,33.6499512919237,24,"Leaf vs Root","Leaf","Leaf enriched - FDR supported"
"F3457_mz330.9316_rt0.4",-1.19442663771728,18.0967642238008,-6.47019442501883,0.00131781539978707,0.00584436559365027,-0.450796330094871,3457,0.396,330.93164,"Unknown","[M+H]+","ion correlated with 4122",0.679,FALSE,"null","null","null","null",999,FALSE,FALSE,FALSE,"null","null","null","null","null",362.58,0,366294,24,"Leaf vs Root","Root","Root enriched - FDR supported"
"F3278_mz315.1821_rt0.96",-1.66878718281666,15.4610451860023,-6.46323462216879,0.0013242664458479,0.00585858072243984,-0.456099079649833,3278,0.961,315.18213,"Unknown","[M+H]+",NA,0.179,FALSE,"null","null","null","null",999,FALSE,FALSE,FALSE,"null","null","null","null","null",26.02,7945.66666666667,25.9676174496644,24,"Leaf vs Root","Root","Root enriched - FDR supported"
"F2668_mz271.1447_rt1.15",-2.29234816869334,16.1060597757329,-6.42410668390582,0.00136123581444143,0.00600623168942234,-0.486010111572366,2668,1.145,271.14468,"Unknown","[M+H]+",NA,0.25,FALSE,"null","null","null","null",999,FALSE,FALSE,FALSE,"null","null","null","null","null",29.02,38281.3333333333,8.70077581477966,24,"Leaf vs Root","Root","Root enriched - FDR supported"
"F195_mz88.0233_rt0.4",-1.40439905912886,22.7368454932495,-6.41955829781761,0.00136561182781748,0.00600623168942234,-0.489498032543209,195,0.402,88.02334,"Unknown","[M+2H]2+","ion correlated with 142; ion correlated with 49; ion correlated with 174; found in higher mz's MsMs_306; found in higher mz's MsMs_615; found in higher mz's MsMs_329; similar chromatogram in higher mz_2864; similar chromatogram in higher mz_2611; similar chromatogram in higher mz_1577; similar chromatogram in higher mz_3067",0.857,TRUE,"null","null","null","null",999,FALSE,FALSE,FALSE,"null","null","null","null","null",820.26,247678.666666667,105.782785291216,24,"Leaf vs Root","Root","Root enriched - FDR supported"
"F1822_mz206.0712_rt0.46",4.10182840972951,17.6770890887901,6.41747268977503,0.00136762394700974,0.00600623168942234,-0.49109814146235,1822,0.457,206.07124,"Unknown","[M+2H]2+","ion correlated with 3384; ion correlated with 1860; ion correlated with 2989; ion correlated with 2200; ion correlated with 2220; ion correlated with 1711; ion correlated with 245; ion correlated with 851; ion correlated with 2266; ion correlated with 1323; ion correlated with 3203; ion correlated with 2575; ion correlated with 2488; ion correlated with 2556",0.107,FALSE,"null","null","null","null",999,FALSE,FALSE,FALSE,"null","null","null","null","null",341.5,6328.66666666667,239.912159671389,17,"Leaf vs Root","Leaf","Leaf enriched - FDR supported"
"F31_mz65.9937_rt0.63",-1.89953119033162,17.7016000002039,-6.40723465193893,0.00137755212436194,0.0060206329849049,-0.498959892188721,31,0.629,65.99371,"Unknown","[M+H]+","found in higher mz's MsMs_1136; found in higher mz's MsMs_136",0.25,FALSE,"null","null","null","null",999,FALSE,FALSE,FALSE,"null","null","null","null","null",129.36,1113.33333333333,238.17200119653,24,"Leaf vs Root","Root","Root enriched - FDR supported"
"F737_mz131.0493_rt0.96",-3.76679326265447,18.7594287274714,-6.40452296288279,0.0013801959738888,0.0060206329849049,-0.501044132187065,737,0.955,131.04933,"Unknown","[M+H]+","ion correlated with 1785; ion correlated with 1569; ion correlated with 2018; ion correlated with 2210; ion correlated with 1786; ion correlated with 2168; found in higher mz's MsMs_3783; similar chromatogram in higher mz_4074",0.393,TRUE,"null","null","null","null",999,FALSE,FALSE,FALSE,"null","null","null","null","null",699.89,777.333333333333,7498.45053533191,20,"Leaf vs Root","Root","Root enriched - FDR supported"
"F2877_mz285.2217_rt4.53",3.8188013581182,18.2261677265305,6.40379194683368,0.00138090972617763,0.0060206329849049,-0.501606140227375,2877,4.531,285.22174,"Unknown","[M+H]+",NA,0.107,TRUE,"null","null","null","null",999,FALSE,FALSE,FALSE,"null","null","null","null","null",78.38,0,3357641,6,"Leaf vs Root","Leaf","Leaf enriched - FDR supported"
"F1439_mz180.0868_rt1.07",5.26764481130062,15.9730443106704,6.39931064518393,0.00138529472863534,0.00602519755466698,-0.505052677714672,1439,1.075,180.08684,"Unknown","[M+H]+","ion correlated with 4165; ion correlated with 2865; ion correlated with 4338; ion correlated with 3188; ion correlated with 3125; ion correlated with 4678",0.071,FALSE,"null","null","null","null",999,FALSE,FALSE,FALSE,"null","null","null","null","null",180.53,4501.33333333333,320.242392833346,24,"Leaf vs Root","Leaf","Leaf enriched - FDR supported"
"F2235_mz236.1649_rt1.15",-1.76148098152672,15.8381516702013,-6.39244318251964,0.00139204654257128,0.00604000963783933,-0.510338719046826,2235,1.146,236.1649,"Unknown","[M+H]+","ion correlated with 1539",0.107,FALSE,"null","null","null","null",999,FALSE,FALSE,FALSE,"null","null","null","null","null",26.31,45709.6666666667,5.12696525974973,24,"Leaf vs Root","Root","Root enriched - FDR supported"
"F4117_mz398.2307_rt5.74",-1.19896403840509,16.9210571681642,-6.38586978822052,0.00139854564138772,0.00605365679305715,-0.515403316987771,4117,5.739,398.23068,"Unknown","[M+H]+","ion correlated with 4358; ion correlated with 3908; ion correlated with 4091; ion correlated with 4273; ion correlated with 3316; ion correlated with 3749",0.107,FALSE,"null","null","null","null",999,FALSE,FALSE,FALSE,"null","null","null","null","null",26.54,0,138222,11,"Leaf vs Root","Root","Root enriched - FDR supported"
"F3906_mz373.1778_rt3.55",6.256181666988,17.1649766666195,6.36366739724153,0.00142076333435048,0.00613511439833161,-0.532545144615345,3906,3.547,373.1778,"Unknown","[M+H]+","ion correlated with 3115; ion correlated with 3702; ion correlated with 3318; ion correlated with 3338; ion correlated with 2448; ion correlated with 2474; ion correlated with 2676; ion correlated with 2746; ion correlated with 2954; ion correlated with 3745; ion correlated with 5005; ion correlated with 5013; ion correlated with 3996; ion correlated with 3976; ion correlated with 3515",0.107,TRUE,"null","null","null","null",999,FALSE,FALSE,FALSE,"null","null","null","null","null",336.35,0,3307293,8,"Leaf vs Root","Leaf","Leaf enriched - FDR supported"
"F963_mz146.0069_rt0.52",-2.03065118979124,19.7644290292128,-6.35436104393079,0.00143019979812773,0.00616112323537124,-0.539746676973505,963,0.519,146.00693,"Unknown","[M+H]+",NA,0.179,TRUE,"null","null","null","null",999,FALSE,FALSE,FALSE,"null","null","null","null","null",96.58,0,1117657,22,"Leaf vs Root","Root","Root enriched - FDR supported"
"F797_mz135.117_rt2.07",1.49325594466731,15.3785525329096,6.33859563842525,0.00144635490057468,0.00621347683955205,-0.551968540836682,797,2.074,135.11699,"Unknown","[M+H]+","ion correlated with 2751; ion correlated with 378; ion correlated with 742; ion correlated with 957; ion correlated with 1497; ion correlated with 1629; ion correlated with 1658; ion correlated with 2022; ion correlated with 1838; ion correlated with 2911; ion correlated with 628; ion correlated with 995; ion correlated with 1351; ion correlated with 1570; ion correlated with 1694; ion correlated with 1719; ion correlated with 1894; ion correlated with 2137; ion correlated with 2318; ion correlated with 2447; ion correlated with 596; ion correlated with 1191; ion correlated with 2158; ion correlated with 532; ion correlated with 2500; ion correlated with 4888; ion correlated with 2562; ion correlated with 2394; ion correlated with 56; ion correlated with 1140; ion correlated with 1167; ion correlated with 1258; ion correlated with 1468; ion correlated with 2582; ion correlated with 5039; ion correlated with 2347; ion correlated with 3777; ion correlated with 3997; found in higher mz's MsMs_3520; found in higher mz's MsMs_5004; found in higher mz's MsMs_2950; found in higher mz's MsMs_3851",0.071,FALSE,"null","null","null","null",999,FALSE,FALSE,FALSE,"null","null","null","null","null",15.72,14552.6666666667,9.34328118916195,24,"Leaf vs Root","Leaf","Leaf enriched - FDR supported"
"F2465_mz255.098_rt0.48",-1.4377669968343,18.80880611535,-6.33580438272127,0.00144923753432211,0.00621347683955205,-0.554135319056142,2465,0.481,255.09801,"Unknown","[M+H]+",NA,0.393,FALSE,"null","null","null","null",999,FALSE,FALSE,FALSE,"null","null","null","null","null",135.66,0,1346025,16,"Leaf vs Root","Root","Root enriched - FDR supported"
"F181_mz86.0602_rt0.45",-1.88881957152144,19.2813511850467,-6.33186175437643,0.00145332078918596,0.00621621806748972,-0.557197368368967,181,0.453,86.06023,"Unknown","[M+H]+","found in higher mz's MsMs_2435; found in higher mz's MsMs_2215; similar chromatogram in higher mz_1573; similar chromatogram in higher mz_1517; similar chromatogram in higher mz_1822; similar chromatogram in higher mz_3069; similar chromatogram in higher mz_1091; similar chromatogram in higher mz_3230; similar chromatogram in higher mz_4109; similar chromatogram in higher mz_4205; similar chromatogram in higher mz_4451; similar chromatogram in higher mz_4528; similar chromatogram in higher mz_4465; similar chromatogram in higher mz_2044; similar chromatogram in higher mz_1420; similar chromatogram in higher mz_3005; similar chromatogram in higher mz_4646; similar chromatogram in higher mz_4212; similar chromatogram in higher mz_3240; similar chromatogram in higher mz_4651; similar chromatogram in higher mz_2103",0.536,FALSE,"null","null","null","null",999,FALSE,FALSE,FALSE,"null","null","null","null","null",108.33,152351,10.0758440978786,24,"Leaf vs Root","Root","Root enriched - FDR supported"
"F2600_mz265.1553_rt1.04",-2.33416057114642,15.1985868509502,-6.32585091315162,0.0014595721741855,0.00622819804823837,-0.561869061281019,2600,1.036,265.15527,"Unknown","[M+H]+","ion correlated with 2168; ion correlated with 2068; ion correlated with 183; ion correlated with 2806",0.357,TRUE,"null","null","null","null",999,FALSE,FALSE,FALSE,"null","null","null","null","null",594.73,16679.6666666667,345.888393749251,24,"Leaf vs Root","Root","Root enriched - FDR supported"
"F468_mz112.8959_rt0.44",2.44427230307683,15.8366706351363,6.29512005550984,0.00149203281906202,0.0063516963169975,-0.585817047033663,468,0.441,112.8959,"Unknown","[M+H]+","similar chromatogram in higher mz_1366; similar chromatogram in higher mz_1906; similar chromatogram in higher mz_1874; similar chromatogram in higher mz_1394; similar chromatogram in higher mz_1934; similar chromatogram in higher mz_3138",0.214,FALSE,"null","null","null","null",999,FALSE,FALSE,FALSE,"null","null","null","null","null",268.83,0,459380,18,"Leaf vs Root","Leaf","Leaf enriched - FDR supported"
"F612_mz122.0966_rt0.99",5.07933942767967,18.26973213426,6.27043143290745,0.00151872914853847,0.00642629040032551,-0.605133826427753,612,0.988,122.09656,"Unknown","[M+H]+","ion correlated with 377",0.143,TRUE,"null","null","null","null",999,FALSE,FALSE,FALSE,"null","null","null","null","null",154.83,163438.333333333,54.6279700112988,24,"Leaf vs Root","Leaf","Leaf enriched - FDR supported"
"F2630_mz268.1043_rt0.51",-2.37652881515628,19.3639802474438,-6.26905317902394,0.00152023601160055,0.00642629040032551,-0.606214234213547,2630,0.507,268.10431,"Unknown","[M+H]+",NA,0.25,TRUE,"null","null","null","null",999,FALSE,FALSE,FALSE,"null","null","null","null","null",1037.64,73402.3333333333,107.670859633986,24,"Leaf vs Root","Root","Root enriched - FDR supported"
"F2632_mz268.1045_rt0.47",-2.37652881515628,19.3639802474438,-6.26905317902394,0.00152023601160055,0.00642629040032551,-0.606214234213547,2632,0.474,268.10449,"Unknown","[M+H]+",NA,0.393,TRUE,"null","null","null","null",999,FALSE,FALSE,FALSE,"null","null","null","null","null",694.24,73402.3333333333,107.670859633986,24,"Leaf vs Root","Root","Root enriched - FDR supported"
"F2832_mz282.0872_rt0.45",-5.42502505672423,17.7584162449884,-6.2577515133885,0.001532658999542,0.00646366704246099,-0.615081720004717,2832,0.453,282.08725,"Unknown","[M+2H]2+",NA,0.214,FALSE,"null","null","null","null",999,FALSE,FALSE,FALSE,"null","null","null","null","null",131.92,0,1566493,17,"Leaf vs Root","Root","Root enriched - FDR supported"
"F3976_mz380.28_rt3.55",3.0684788412453,19.2688566819615,6.24667533243734,0.00154495043889866,0.00650031594921229,-0.623786412213583,3976,3.552,380.28,"Unknown","[M+H]+","ion correlated with 3906; ion correlated with 3847",0.179,TRUE,"null","null","null","null",999,FALSE,FALSE,FALSE,"null","null","null","null","null",212.36,0,3550130,6,"Leaf vs Root","Leaf","Leaf enriched - FDR supported"
"F1104_mz156.9811_rt0.64",-2.42349605007331,17.4783895059638,-6.24006484471749,0.00155234159903459,0.00651295075348039,-0.628988223134453,1104,0.643,156.98109,"Unknown","[M+H]+",NA,0.143,FALSE,"null","null","null","null",999,FALSE,FALSE,FALSE,"null","null","null","null","null",19.44,3548.66666666667,80.6213728988637,19,"Leaf vs Root","Root","Root enriched - FDR supported"
"F3507_mz334.9143_rt0.41",-3.67692598585795,15.7543360436092,-6.23648365928673,0.00155636311668018,0.00651295075348039,-0.6318083544552,3507,0.41,334.91428,"Unknown","[M+H]+",NA,0.321,FALSE,"null","null","null","null",999,FALSE,FALSE,FALSE,"null","null","null","null","null",451.52,0,171516,24,"Leaf vs Root","Root","Root enriched - FDR supported"
"F1868_mz209.1331_rt1.36",1.76227558352145,15.9644794542236,6.23433821583488,0.00155877824127619,0.00651295075348039,-0.633498562871768,1868,1.361,209.13306,"Unknown","[M+H]+","ion correlated with 2898; ion correlated with 4842; ion correlated with 4908; ion correlated with 3162; ion correlated with 3382; ion correlated with 3571; ion correlated with 3726; ion correlated with 1288; ion correlated with 3870; ion correlated with 3795; ion correlated with 4977; ion correlated with 3872; ion correlated with 2752; ion correlated with 3000; ion correlated with 3655; ion correlated with 3711; ion correlated with 5151; found in higher mz's MsMs_2910; found in higher mz's MsMs_2423; found in higher mz's MsMs_3571",0.107,FALSE,"null","null","null","null",999,FALSE,FALSE,FALSE,"null","null","null","null","null",17.94,14064.6666666667,17.3207573998152,24,"Leaf vs Root","Leaf","Leaf enriched - FDR supported"
"F1046_mz152.0475_rt0.94",-1.7445663006382,17.5872184470109,-6.2289218944943,0.00156489507621,0.00652340788119875,-0.63776795675516,1046,0.937,152.0475,"Unknown","[M+H]+",NA,0.036,FALSE,"null","null","null","null",999,FALSE,FALSE,FALSE,"null","null","null","null","null",18.63,314216,13.9210768354354,24,"Leaf vs Root","Root","Root enriched - FDR supported"
"F998_mz147.5556_rt0.46",2.30539608177374,16.692949506013,6.22284234005002,0.00157179466276845,0.00653545593484006,-0.642564146661965,998,0.457,147.5556,"Unknown","[M+H]+","ion correlated with 4169; ion correlated with 4259; ion correlated with 3829; ion correlated with 3927; ion correlated with 4413; ion correlated with 4463; ion correlated with 4725; ion correlated with 4731; ion correlated with 1230; ion correlated with 3508; ion correlated with 4249; ion correlated with 3095; ion correlated with 3069; ion correlated with 3230; ion correlated with 1091; ion correlated with 1822; ion correlated with 1872; ion correlated with 4124; ion correlated with 3142; ion correlated with 1926; ion correlated with 3422; ion correlated with 4171; ion correlated with 3533; ion correlated with 2556; ion correlated with 2417; ion correlated with 4513",0.107,FALSE,"null","null","null","null",999,FALSE,FALSE,FALSE,"null","null","null","null","null",305.45,0,446007,6,"Leaf vs Root","Leaf","Leaf enriched - FDR supported"
"F2081_mz224.077_rt0.75",3.08277699206034,17.8576207576707,6.22000518234926,0.0015750267765404,0.00653545593484006,-0.644803845162327,2081,0.746,224.07698,"Unknown","[M+H]+","ion correlated with 697; ion correlated with 1619; ion correlated with 3204; ion correlated with 695; ion correlated with 250; ion correlated with 2174; ion correlated with 1574; ion correlated with 3475; ion correlated with 2265; ion correlated with 2555; ion correlated with 2770",0.107,FALSE,"null","null","null","null",999,FALSE,FALSE,FALSE,"null","null","null","null","null",103.4,34346.6666666667,39.138117096746,18,"Leaf vs Root","Leaf","Leaf enriched - FDR supported"
"F1301_mz170.5719_rt0.46",1.66190260972028,15.5670257680825,6.20421086981341,0.00159316367167175,0.00659555143891632,-0.657289038190623,1301,0.459,170.57188,"Unknown","[M+H]+","ion correlated with 1042; ion correlated with 3946; ion correlated with 4169; ion correlated with 4589; ion correlated with 4630; ion correlated with 4424; ion correlated with 4623; ion correlated with 4824; ion correlated with 3531; ion correlated with 3273; ion correlated with 998; ion correlated with 4124; ion correlated with 4451; ion correlated with 2129; ion correlated with 977; ion correlated with 3086; ion correlated with 3422; ion correlated with 2968; ion correlated with 3089; ion correlated with 450; ion correlated with 2417; ion correlated with 4879; ion correlated with 4757",0.071,FALSE,"null","null","null","null",999,FALSE,FALSE,FALSE,"null","null","null","null","null",96.94,0,184030,7,"Leaf vs Root","Leaf","Leaf enriched - FDR supported"
"F3971_mz380.1918_rt1.12",2.47742704477343,18.5186120706277,6.1990462954482,0.00159914758364357,0.00660517480200604,-0.661377793041606,3971,1.12,380.19183,"Unknown","[M+H]+","ion correlated with 1837; ion correlated with 799; ion correlated with 4649; ion correlated with 819; ion correlated with 3463; ion correlated with 4722; ion correlated with 3491; ion correlated with 4603; ion correlated with 4724; ion correlated with 2899; ion correlated with 4684; ion correlated with 4647; ion correlated with 4639; ion correlated with 820; ion correlated with 1189; ion correlated with 1598; ion correlated with 4719; ion correlated with 4929",0.143,TRUE,"null","null","null","null",999,FALSE,FALSE,FALSE,"null","null","null","null","null",743.39,0,1932221,16,"Leaf vs Root","Leaf","Leaf enriched - FDR supported"
"F3847_mz366.2642_rt3.55",3.83768848500187,20.3530487183364,6.17815226132056,0.00162362835194952,0.00668581427864287,-0.67795085262866,3847,3.548,366.26419,"Unknown","[M+H]+",NA,0.179,TRUE,"null","null","null","null",999,FALSE,FALSE,FALSE,"null","null","null","null","null",434.99,0,9484541,6,"Leaf vs Root","Leaf","Leaf enriched - FDR supported"
"F4152_mz404.2284_rt1.05",3.45558717726442,16.1835845249388,6.17608118904593,0.00162607892981951,0.00668581427864287,-0.679596367061663,4152,1.054,404.22845,"Unknown","[M+H]+","ion correlated with 1405; ion correlated with 3171; ion correlated with 3624; ion correlated with 4550; ion correlated with 4694; ion correlated with 1020; ion correlated with 1837; ion correlated with 4035; ion correlated with 2094; ion correlated with 2128; ion correlated with 4338; ion correlated with 3463",0.071,FALSE,"null","null","null","null",999,FALSE,FALSE,FALSE,"null","null","null","null","null",227.85,0,650543,14,"Leaf vs Root","Leaf","Leaf enriched - FDR supported"
"F4424_mz450.9708_rt0.42",1.97934469686635,15.3516410515319,6.16982037621442,0.00163351353263052,0.00670111801454109,-0.684573746663274,4424,0.419,450.97083,"Unknown","[M+H]+","ion correlated with 1042; ion correlated with 3946; ion correlated with 4169; ion correlated with 4589; ion correlated with 4630; ion correlated with 4270; ion correlated with 4891; ion correlated with 4413; ion correlated with 4701; ion correlated with 4260; ion correlated with 4493; ion correlated with 4249; ion correlated with 4623; ion correlated with 4824; ion correlated with 3531; ion correlated with 3661; ion correlated with 3069; ion correlated with 3273; ion correlated with 4528; ion correlated with 714; ion correlated with 998; ion correlated with 1091; ion correlated with 1872; ion correlated with 4124; ion correlated with 4451; ion correlated with 4646; ion correlated with 1301; ion correlated with 2129; ion correlated with 977; ion correlated with 3086",0.107,FALSE,"null","null","null","null",999,FALSE,FALSE,FALSE,"null","null","null","null","null",2734.18,0,153404,7,"Leaf vs Root","Leaf","Leaf enriched - FDR supported"
"F40_mz69.0337_rt0.47",-1.47084242518267,19.4851932660712,-6.16486684635602,0.00163942415903074,0.00671011475521654,-0.688515048265524,40,0.474,69.03374,"Unknown","[M+H]+","found in higher mz's MsMs_1621; found in higher mz's MsMs_3408; found in higher mz's MsMs_1901; found in higher mz's MsMs_1657; found in higher mz's MsMs_3782; found in higher mz's MsMs_2608; found in higher mz's MsMs_1698",0.214,FALSE,"null","null","null","null",999,FALSE,FALSE,FALSE,"null","null","null","null","null",19.02,32761,26.6278005005799,24,"Leaf vs Root","Root","Root enriched - FDR supported"
"F3781_mz360.1504_rt0.55",2.21478647023682,22.2076406147017,6.1583944341858,0.00164718516516446,0.00671169060631189,-0.693669146524092,3781,0.549,360.15039,"Unknown","[M+H]+",NA,0.179,TRUE,"null","null","null","null",999,FALSE,FALSE,FALSE,"null","null","null","null","null",9624.85,0,24844687,20,"Leaf vs Root","Leaf","Leaf enriched - FDR supported"
"F1829_mz207.0144_rt0.44",-3.39074277431566,17.7978121940521,-6.15834388418771,0.00164724594936076,0.00671169060631189,-0.693709419539183,1829,0.438,207.01436,"Unknown","[M+H]+","ion correlated with 3663",0.107,FALSE,"null","null","null","null",999,FALSE,FALSE,FALSE,"null","null","null","null","null",76.69,3384.66666666667,125.292606084474,8,"Leaf vs Root","Root","Root enriched - FDR supported"
"F3910_mz373.2228_rt1.18",3.08401482930881,14.9821271185724,6.13593468394565,0.00167445430447585,0.0067993279594457,-0.711592026576233,3910,1.177,373.22275,"Unknown","[M+H]+","ion correlated with 3364; ion correlated with 986; ion correlated with 3122; ion correlated with 4412; ion correlated with 4838; ion correlated with 3136; ion correlated with 4480; ion correlated with 3739; ion correlated with 3654; ion correlated with 1896; ion correlated with 3752; ion correlated with 4762; ion correlated with 3105; ion correlated with 3258; ion correlated with 3816; ion correlated with 4698; ion correlated with 4688; ion correlated with 4556; ion correlated with 2872; ion correlated with 3642; ion correlated with 4942; ion correlated with 3838; ion correlated with 2624",0.071,FALSE,"null","null","null","null",999,FALSE,FALSE,FALSE,"null","null","null","null","null",29.45,1071,289.773320895522,14,"Leaf vs Root","Leaf","Leaf enriched - FDR supported"
"F2007_mz219.0101_rt0.64",-3.02122790651666,17.1709975618142,-6.13214244404921,0.00167911091401867,0.0067993279594457,-0.714624033476341,2007,0.639,219.01012,"Unknown","[M+H]+",NA,0.071,FALSE,"null","null","null","null",999,FALSE,FALSE,FALSE,"null","null","null","null","null",56.64,50206.6666666667,5.88220922435485,24,"Leaf vs Root","Root","Root enriched - FDR supported"
"F964_mz146.03_rt0.4",-1.16864364738494,21.7183724076507,-6.12645140781762,0.00168612777936612,0.0067993279594457,-0.719177334059983,964,0.399,146.02997,"Unknown","[M+H]+","ion correlated with 2006; ion correlated with 1061; found in higher mz's MsMs_1285",0.5,TRUE,"null","null","null","null",999,FALSE,FALSE,FALSE,"null","null","null","null","null",304.22,23259,179.917497850387,24,"Leaf vs Root","Root","Root enriched - FDR supported"
"F3634_mz346.9093_rt0.4",-1.72891920083499,17.5275272481837,-6.12602613095823,0.00168665351814614,0.0067993279594457,-0.719517742720013,3634,0.397,346.90933,"Unknown","[M+H]+","ion correlated with 3434; ion correlated with 4385; ion correlated with 3606; ion correlated with 4464; ion correlated with 717; ion correlated with 770; ion correlated with 1183; ion correlated with 35; ion correlated with 803; ion correlated with 2414",0.607,FALSE,"null","null","null","null",999,FALSE,FALSE,FALSE,"null","null","null","null","null",2566.81,0,952431,24,"Leaf vs Root","Root","Root enriched - FDR supported"
"F183_mz86.0966_rt1.05",-1.61107752615392,15.0514800483664,-6.1252694441106,0.00168758943259372,0.0067993279594457,-0.72012347749352,183,1.055,86.09657,"Unknown","[M+H]+","ion correlated with 2068; ion correlated with 2600; ion correlated with 2806; ion correlated with 584; found in higher mz's MsMs_766; found in higher mz's MsMs_2351; found in higher mz's MsMs_2806",0.143,TRUE,"null","null","null","null",999,FALSE,FALSE,FALSE,"null","null","null","null","null",291.81,44435.6666666667,83.7480684119721,24,"Leaf vs Root","Root","Root enriched - FDR supported"
"F1211_mz165.0067_rt0.56",-1.88990759104933,17.829093777723,-6.10872332250343,0.00170820843953275,0.00685780651010726,-0.733385548230459,1211,0.562,165.00668,"Unknown","[M+H]+",NA,0.071,FALSE,"null","null","null","null",999,FALSE,FALSE,FALSE,"null","null","null","null","null",33.21,0,263229,20,"Leaf vs Root","Root","Root enriched - FDR supported"
"F71_mz74.0601_rt0.45",-1.25710985919302,18.1223273685837,-6.10753357379022,0.00170970245404336,0.00685780651010726,-0.734340393172382,71,0.451,74.06015,"Unknown","[M+H]+","ion correlated with 1085; ion correlated with 93; ion correlated with 4479; similar chromatogram in higher mz_218; found in higher mz's MsMs_2435; similar chromatogram in higher mz_783; found in higher mz's MsMs_2215; similar chromatogram in higher mz_754; similar chromatogram in higher mz_1778; similar chromatogram in higher mz_1971; similar chromatogram in higher mz_2009; similar chromatogram in higher mz_2042; similar chromatogram in higher mz_2252; similar chromatogram in higher mz_2655; similar chromatogram in higher mz_3021; similar chromatogram in higher mz_3352; similar chromatogram in higher mz_4001; similar chromatogram in higher mz_4617; similar chromatogram in higher mz_3378; similar chromatogram in higher mz_4569; similar chromatogram in higher mz_3949",0.393,FALSE,"null","null","null","null",999,FALSE,FALSE,FALSE,"null","null","null","null","null",29.38,259343.333333333,12.9204789514069,24,"Leaf vs Root","Root","Root enriched - FDR supported"
"F2806_mz279.1709_rt1.08",-1.80068978163516,18.0205076091246,-6.10220955886038,0.00171640691712997,0.00686943344882393,-0.738615269642473,2806,1.076,279.17093,"Unknown","[M+H]+","ion correlated with 2600; ion correlated with 1233; ion correlated with 584",0.393,TRUE,"null","null","null","null",999,FALSE,FALSE,FALSE,"null","null","null","null","null",250.11,180241.333333333,30.3657797742669,24,"Leaf vs Root","Root","Root enriched - FDR supported"
"F4649_mz510.2342_rt1.08",2.83538415408768,18.9890892998722,6.09051245313308,0.00173124601822686,0.00690350903205793,-0.748019061235436,4649,1.078,510.23425,"Unknown","[M+H]+","ion correlated with 987; ion correlated with 3309; ion correlated with 4658; ion correlated with 1837; ion correlated with 4557; ion correlated with 819; ion correlated with 3463; ion correlated with 4722; ion correlated with 4603; ion correlated with 3140; ion correlated with 3971; ion correlated with 4724",0.143,TRUE,"null","null","null","null",999,FALSE,FALSE,FALSE,"null","null","null","null","null",22262.71,0,2708970,9,"Leaf vs Root","Leaf","Leaf enriched - FDR supported"
"F492_mz114.0916_rt1.06",-1.44394698498618,18.6813207551938,-6.08947422899127,0.00173257041081565,0.00690350903205793,-0.748854510271801,492,1.059,114.09155,"Unknown","[M+H]+","similar chromatogram in higher mz_1284; similar chromatogram in higher mz_1691; similar chromatogram in higher mz_2410; similar chromatogram in higher mz_4081",0.786,TRUE,"null","null","null","null",999,FALSE,FALSE,FALSE,"null","null","null","null","null",147.16,427677.333333333,16.8831185431418,24,"Leaf vs Root","Root","Root enriched - FDR supported"
"F474_mz113.0347_rt0.8",-2.77667577590933,17.3590514668544,-6.07701443060312,0.00174855801277358,0.00695186610805357,-0.758890693762257,474,0.795,113.03468,"Unknown","[M+H]+","ion correlated with 1006; ion correlated with 618; similar chromatogram in higher mz_2224; similar chromatogram in higher mz_1579; similar chromatogram in higher mz_2277; similar chromatogram in higher mz_2614",0.464,TRUE,"null","null","null","null",999,FALSE,FALSE,FALSE,"null","null","null","null","null",192.34,15123,282.924953715948,24,"Leaf vs Root","Root","Root enriched - FDR supported"
"F4418_mz449.2668_rt4.88",4.16074296399733,17.1039750308338,6.05911278806449,0.00177183348963112,0.00701985945282849,-0.773342269138572,4418,4.883,449.26682,"Unknown","[M+H]+","ion correlated with 4195",0.107,TRUE,"null","null","null","null",999,FALSE,FALSE,FALSE,"null","null","null","null","null",65.41,0,1249394,6,"Leaf vs Root","Leaf","Leaf enriched - FDR supported"
"F2476_mz255.2112_rt5.92",1.91908817216295,16.043107940287,6.05788880822371,0.00177343817755667,0.00701985945282849,-0.774331743170729,2476,5.916,255.21117,"Unknown","[M+H]+","ion correlated with 4813; ion correlated with 4850; ion correlated with 1459",0.071,TRUE,"null","null","null","null",999,FALSE,FALSE,FALSE,"null","null","null","null","null",5.03,0,284130,6,"Leaf vs Root","Leaf","Leaf enriched - FDR supported"
"F3526_mz336.2538_rt4.53",3.88045199147551,15.119793686005,6.05368608851496,0.00177896116027269,0.00702631267897636,-0.777730601987408,3526,4.531,336.25378,"Unknown","[M+H]+","ion correlated with 3682; ion correlated with 2877; ion correlated with 3827; ion correlated with 3114",0.107,TRUE,"null","null","null","null",999,FALSE,FALSE,FALSE,"null","null","null","null","null",12.84,0,386733,6,"Leaf vs Root","Leaf","Leaf enriched - FDR supported"
"F4022_mz385.245_rt1.03",-1.22626520287819,15.8038911770916,-6.04790829995767,0.00178658711612531,0.00704102564324493,-0.782406680079183,4022,1.034,385.245,"Unknown","[M+H]+","ion correlated with 3294; ion correlated with 3477; ion correlated with 4312; ion correlated with 2891; ion correlated with 3913; ion correlated with 3451; ion correlated with 1544; ion correlated with 2698; ion correlated with 61; ion correlated with 3613; ion correlated with 761; ion correlated with 1392; ion correlated with 3479; ion correlated with 3786; ion correlated with 3587; ion correlated with 3129; ion correlated with 3160; ion correlated with 2526; ion correlated with 2633; ion correlated with 3603; ion correlated with 3335; ion correlated with 3569",0.357,FALSE,"null","null","null","null",999,FALSE,FALSE,FALSE,"null","null","null","null","null",138.01,40613.6666666667,14.6196447917009,24,"Leaf vs Root","Root","Root enriched - FDR supported"
"F754_mz131.5424_rt0.45",-1.80786869726701,19.3193450266414,-6.04343716787724,0.00179251488287985,0.00704899643485432,-0.786027972654654,754,0.448,131.54236,"Unknown","[M+H]+","similar chromatogram in higher mz_2396; similar chromatogram in higher mz_2832; similar chromatogram in higher mz_1725; similar chromatogram in higher mz_3306; similar chromatogram in higher mz_1517; similar chromatogram in higher mz_1905; similar chromatogram in higher mz_4001; similar chromatogram in higher mz_4395; similar chromatogram in higher mz_1312",0.357,FALSE,"null","null","null","null",999,FALSE,FALSE,FALSE,"null","null","null","null","null",5.49,9062.33333333333,95.4517469657962,19,"Leaf vs Root","Root","Root enriched - FDR supported"
"F4845_mz596.1553_rt0.96",-2.60278781074755,18.9784706769017,-6.03532035873897,0.00180333533902936,0.0070761310585826,-0.792608064889595,4845,0.961,596.15533,"Unknown","[M+H]+",NA,0.107,TRUE,"null","null","null","null",999,FALSE,FALSE,FALSE,"null","null","null","null","null",11503.64,0,874004,6,"Leaf vs Root","Root","Root enriched - FDR supported"
"F1114_mz157.1335_rt0.95",2.21888364933389,19.2812773064729,6.03080787388616,0.00180938416254345,0.00708446510496947,-0.796269609364978,1114,0.949,157.13351,"Unknown","[M+H]+","ion correlated with 278; ion correlated with 1929; ion correlated with 1904; ion correlated with 3191; ion correlated with 1654; ion correlated with 2793; similar chromatogram in higher mz_4505",0.143,FALSE,"null","null","null","null",999,FALSE,FALSE,FALSE,"null","null","null","null","null",51.3,3487.33333333333,741.903010033445,21,"Leaf vs Root","Leaf","Leaf enriched - FDR supported"
"F1041_mz151.112_rt3.54",2.47361097134649,15.0875784360633,6.01019759357245,0.00183731710212652,0.00715720413177619,-0.813024149638982,1041,3.542,151.11203,"Unknown","[M+H]+","ion correlated with 779; ion correlated with 2014; ion correlated with 2157; ion correlated with 3115; ion correlated with 3702; ion correlated with 376; ion correlated with 741; ion correlated with 856; ion correlated with 1141; ion correlated with 1379; ion correlated with 1893; ion correlated with 2293; ion correlated with 2563; ion correlated with 3959; ion correlated with 3318; ion correlated with 3338; ion correlated with 956; ion correlated with 397; ion correlated with 597; ion correlated with 625; ion correlated with 994; ion correlated with 1019; ion correlated with 1190; ion correlated with 1257; ion correlated with 1349; ion correlated with 1630; ion correlated with 1752; ion correlated with 2317; ion correlated with 2448; ion correlated with 2474; ion correlated with 2676; ion correlated with 2746; ion correlated with 2954; ion correlated with 3083; ion correlated with 3098; ion correlated with 3118; ion correlated with 3504; ion correlated with 3745; ion correlated with 3906; ion correlated with 5005; ion correlated with 5013; ion correlated with 5038; ion correlated with 5047; ion correlated with 4092; ion correlated with 3515; ion correlated with 4188; ion correlated with 3942; ion correlated with 4987",0.071,FALSE,"null","null","null","null",999,FALSE,FALSE,FALSE,"null","null","null","null","null",35.74,3655.66666666667,64.646581586144,24,"Leaf vs Root","Leaf","Leaf enriched - FDR supported"
"F3851_mz366.2646_rt2.09",6.59357117030708,18.0705340389317,6.0101413387094,0.00183739403582473,0.00715720413177619,-0.813069949775522,3851,2.093,366.26456,"Unknown","[M+H]+","ion correlated with 1018; ion correlated with 2381; ion correlated with 2674; ion correlated with 2950; ion correlated with 3503; ion correlated with 3746; ion correlated with 3907; ion correlated with 5004; ion correlated with 5012; ion correlated with 3703; ion correlated with 3079",0.107,TRUE,"null","null","null","null",999,FALSE,FALSE,FALSE,"null","null","null","null","null",345.19,0,4831138,6,"Leaf vs Root","Leaf","Leaf enriched - FDR supported"
"F2042_mz221.1862_rt0.45",-1.54222101966941,18.0324279978112,-6.0083415167929,0.00183985746102169,0.00715720413177619,-0.814535482007313,2042,0.447,221.18622,"Unknown","[M+H]+",NA,0.643,TRUE,"null","null","null","null",999,FALSE,FALSE,FALSE,"null","null","null","null","null",466.95,2040.33333333333,9679.00669497061,18,"Leaf vs Root","Root","Root enriched - FDR supported"
"F2219_mz234.9617_rt0.4",-1.24741365983118,20.4754034696096,-5.99712790274434,0.00185529348041505,0.0072017306067724,-0.823675060895504,2219,0.398,234.9617,"Unknown","[M+H]+","ion correlated with 1709; ion correlated with 2507",0.857,FALSE,"null","null","null","null",999,FALSE,FALSE,FALSE,"null","null","null","null","null",3495.13,21151.6666666667,206.970972926975,24,"Leaf vs Root","Root","Root enriched - FDR supported"
"F3277_mz315.1348_rt1.08",-1.59319432667949,15.2700175076589,-5.98915236548937,0.00186636497442251,0.00720704934149211,-0.830184629038471,3277,1.076,315.13477,"Unknown","[M+H]+","ion correlated with 2867",0.357,FALSE,"null","null","null","null",999,FALSE,FALSE,FALSE,"null","null","null","null","null",44.3,6101,123.70190101606,24,"Leaf vs Root","Root","Root enriched - FDR supported"
"F3139_mz303.0239_rt0.52",-3.4451927827466,17.8557638876203,-5.98159070105331,0.00187693383821085,0.00720704934149211,-0.836363442353337,3139,0.518,303.02386,"Unknown","[M+H]+",NA,0.143,FALSE,"null","null","null","null",999,FALSE,FALSE,FALSE,"null","null","null","null","null",79.87,0,469024,13,"Leaf vs Root","Root","Root enriched - FDR supported"
"F953_mz145.0498_rt0.57",1.30752241528433,19.5583316548333,5.97608077417608,0.00188467939789829,0.00720704934149211,-0.840870057185704,953,0.569,145.04977,"Unknown","[M+H]+",NA,0.143,TRUE,"null","null","null","null",999,FALSE,FALSE,FALSE,"null","null","null","null","null",151.8,260402.333333333,11.9930530843179,24,"Leaf vs Root","Leaf","Leaf enriched - FDR supported"
"F3788_mz360.2535_rt5.79",-1.53275023938441,17.9569334294349,-5.97498093421497,0.00188622999568053,0.00720704934149211,-0.841770062269342,3788,5.794,360.25354,"Unknown","[M+H]+","ion correlated with 150; ion correlated with 4359; ion correlated with 627; ion correlated with 4389; ion correlated with 4132; ion correlated with 4235; ion correlated with 3775; ion correlated with 3357",0.036,FALSE,"null","null","null","null",999,FALSE,FALSE,FALSE,"null","null","null","null","null",25.9,0,325412,6,"Leaf vs Root","Root","Root enriched - FDR supported"
"F950_mz145.0497_rt0.47",-1.58976608269537,22.1434752047607,-5.9746347174191,0.0018867184165337,0.00720704934149211,-0.842053403475273,950,0.474,145.04967,"Unknown","[M+H]+","ion correlated with 175; found in higher mz's MsMs_2396",0.643,TRUE,"null","null","null","null",999,FALSE,FALSE,FALSE,"null","null","null","null","null",333.38,317679.666666667,15.1130411881113,24,"Leaf vs Root","Root","Root enriched - FDR supported"
"F3052_mz297.2428_rt2.49",-1.5894459416318,13.299261441472,-5.97418528071324,0.00188735267563535,0.00720704934149211,-0.842421240576003,3052,2.493,297.24277,"Unknown","[M+H]+",NA,0.179,FALSE,"null","null","null","null",999,FALSE,FALSE,FALSE,"null","null","null","null","null",25.11,10529.6666666667,19.9091858698405,24,"Leaf vs Root","Root","Root enriched - FDR supported"
"F4094_mz394.353_rt5.78",-1.56469122611561,17.6688102122452,-5.9732771713087,0.00188863499407892,0.00720704934149211,-0.843164548019715,4094,5.778,394.35303,"Unknown","[M+H]+","ion correlated with 4566",0.071,FALSE,"null","null","null","null",999,FALSE,FALSE,FALSE,"null","null","null","null","null",22.86,55405.6666666667,5.02224762363133,24,"Leaf vs Root","Root","Root enriched - FDR supported"
"F994_mz147.1169_rt3.55",1.96884437443928,16.335085830715,5.97073990213801,0.00189222324773877,0.00720704934149211,-0.845241884240544,994,3.547,147.11693,"Unknown","[M+H]+","ion correlated with 419; ion correlated with 779; ion correlated with 2157; ion correlated with 3115; ion correlated with 3702; ion correlated with 3318; ion correlated with 3338; ion correlated with 397; ion correlated with 597; ion correlated with 625; ion correlated with 1019; ion correlated with 1190; ion correlated with 1257; ion correlated with 1349; ion correlated with 1630; ion correlated with 1752; ion correlated with 2317; ion correlated with 2448; ion correlated with 2474; ion correlated with 2676; ion correlated with 2746; ion correlated with 2954; ion correlated with 3083; ion correlated with 3504; ion correlated with 3745; ion correlated with 3906; ion correlated with 5013; ion correlated with 5038; ion correlated with 5047; ion correlated with 3515; found in higher mz's MsMs_3115; found in higher mz's MsMs_3702; found in higher mz's MsMs_3318; found in higher mz's MsMs_2676; found in higher mz's MsMs_5005; found in higher mz's MsMs_3847; found in higher mz's MsMs_3515; found in higher mz's MsMs_3976; found in higher mz's MsMs_2746; found in higher mz's MsMs_2954; found in higher mz's MsMs_3504",0.107,FALSE,"null","null","null","null",999,FALSE,FALSE,FALSE,"null","null","null","null","null",18.57,17551.6666666667,23.813931406434,24,"Leaf vs Root","Leaf","Leaf enriched - FDR supported"
"F1460_mz181.1225_rt1.75",2.42820377664753,17.110659161113,5.9695795996983,0.00189386684302548,0.00720704934149211,-0.846192115798192,1460,1.754,181.12251,"Unknown","[M+H]+",NA,0.179,TRUE,"null","null","null","null",999,FALSE,FALSE,FALSE,"null","null","null","null","null",12.31,23672.6666666667,39.5983019107025,24,"Leaf vs Root","Leaf","Leaf enriched - FDR supported"
"F1974_mz216.951_rt0.39",-1.23439801850797,21.4640575512047,-5.96765842217952,0.00189659193197161,0.00720704934149211,-0.847765823546296,1974,0.393,216.95103,"Unknown","[M+H]+","ion correlated with 343",0.857,TRUE,"null","null","null","null",999,FALSE,FALSE,FALSE,"null","null","null","null","null",545.53,814.666666666667,13418.6493665713,24,"Leaf vs Root","Root","Root enriched - FDR supported"
"F2068_mz223.1081_rt1",-1.52704562831201,16.2212360490386,-5.96450461699439,0.00190107545299179,0.00720891006859283,-0.850350186035398,2068,0.996,223.10815,"Unknown","[M+H]+","ion correlated with 391; ion correlated with 520; ion correlated with 1015; ion correlated with 2359; ion correlated with 2168; ion correlated with 2600; ion correlated with 183; similar chromatogram in higher mz_3091",0.357,TRUE,"null","null","null","null",999,FALSE,FALSE,FALSE,"null","null","null","null","null",200.46,45324.6666666667,78.180648197857,24,"Leaf vs Root","Root","Root enriched - FDR supported"
"F35_mz67.5101_rt0.4",-1.55364337622254,17.8235452847772,-5.95865010584534,0.00190943147968251,0.00722541681515082,-0.855150799854674,35,0.399,67.51008,"Unknown","[M+H]+","ion correlated with 3434; ion correlated with 717; ion correlated with 1399; ion correlated with 3634; ion correlated with 2414; ion correlated with 1170; found in higher mz's MsMs_108; found in higher mz's MsMs_222; found in higher mz's MsMs_49; similar chromatogram in higher mz_195; found in higher mz's MsMs_195; found in higher mz's MsMs_142; found in higher mz's MsMs_306; found in higher mz's MsMs_329; similar chromatogram in higher mz_231; similar chromatogram in higher mz_2507; similar chromatogram in higher mz_422; similar chromatogram in higher mz_803; similar chromatogram in higher mz_3810; similar chromatogram in higher mz_3634; similar chromatogram in higher mz_883; similar chromatogram in higher mz_306; similar chromatogram in higher mz_964; similar chromatogram in higher mz_1278; similar chromatogram in higher mz_2239; similar chromatogram in higher mz_3137; similar chromatogram in higher mz_3660; similar chromatogram in higher mz_3828; similar chromatogram in higher mz_4239; found in higher mz's MsMs_615; similar chromatogram in higher mz_2533; similar chromatogram in higher mz_997; similar chromatogram in higher mz_4213",0.714,FALSE,"null","null","null","null",999,FALSE,FALSE,FALSE,"null","null","null","null","null",285.29,8647.33333333333,98.6517248024667,24,"Leaf vs Root","Root","Root enriched - FDR supported"
"F3864_mz367.2635_rt4.71",3.5634909197279,14.8377921880676,5.95394745467896,0.0019161748022551,0.00722690350881838,-0.859009899175072,3864,4.709,367.26346,"Unknown","[M+H]+","ion correlated with 5097; ion correlated with 5103; ion correlated with 1819; ion correlated with 5096",0.107,FALSE,"null","null","null","null",999,FALSE,FALSE,FALSE,"null","null","null","null","null",21.46,6368.33333333333,28.9951852627172,24,"Leaf vs Root","Leaf","Leaf enriched - FDR supported"
"F4132_mz400.2465_rt5.78",-1.33507347593426,18.3609567173182,-5.95279473329216,0.00191783201148144,0.00722690350881838,-0.859956255110423,4132,5.779,400.24649,"Unknown","[M+H]+","ion correlated with 627; ion correlated with 4235; ion correlated with 3788",0.214,FALSE,"null","null","null","null",999,FALSE,FALSE,FALSE,"null","null","null","null","null",71.98,0,426518,7,"Leaf vs Root","Root","Root enriched - FDR supported"
"F3099_mz301.1051_rt0.41",-1.33787200726258,16.6873129936045,-5.94665937035347,0.00192668094935376,0.00724512315329905,-0.864995937839482,3099,0.408,301.10507,"Unknown","[M+H]+",NA,0.071,FALSE,"null","null","null","null",999,FALSE,FALSE,FALSE,"null","null","null","null","null",21.56,0,113847,24,"Leaf vs Root","Root","Root enriched - FDR supported"
"F1212_mz165.0068_rt0.62",-1.87307969045761,17.8375077280189,-5.94349860897009,0.0019312584181118,0.00724723793075219,-0.867594012194439,1212,0.616,165.00684,"Unknown","[M+H]+",NA,0.036,FALSE,"null","null","null","null",999,FALSE,FALSE,FALSE,"null","null","null","null","null",33.06,0,263229,23,"Leaf vs Root","Root","Root enriched - FDR supported"
"F3175_mz305.1767_rt1.34",-1.43674092721877,21.8893190412405,-5.93946453775672,0.00193711923584436,0.00724734161056693,-0.870911682978604,3175,1.341,305.17673,"Unknown","[M+H]+","ion correlated with 1888",0.643,TRUE,"null","null","null","null",999,FALSE,FALSE,FALSE,"null","null","null","null","null",514.84,1118,4207.87578194817,24,"Leaf vs Root","Root","Root enriched - FDR supported"
"F627_mz123.117_rt5.78",-1.59625687595042,17.67024151771,-5.93795594343992,0.00193931634232899,0.00724734161056693,-0.872152875891378,627,5.777,123.11695,"Unknown","[M+H]+","ion correlated with 150; ion correlated with 4359; ion correlated with 4389; ion correlated with 4132; ion correlated with 4235; ion correlated with 3788; ion correlated with 3775; ion correlated with 3357; found in higher mz's MsMs_3153; found in higher mz's MsMs_2504; found in higher mz's MsMs_3357",0.214,FALSE,"null","null","null","null",999,FALSE,FALSE,FALSE,"null","null","null","null","null",9.95,5685,46.1953921913472,24,"Leaf vs Root","Root","Root enriched - FDR supported"
"F2926_mz288.1926_rt1",-2.62970838074519,14.3894622234674,-5.93192410115639,0.00194813043386973,0.00725527305011927,-0.877118316340532,2926,0.997,288.19263,"Unknown","[M+H]+","ion correlated with 2829; ion correlated with 3902; ion correlated with 3778; ion correlated with 3743; ion correlated with 1446; ion correlated with 2994; ion correlated with 3132; ion correlated with 2444; ion correlated with 1544; ion correlated with 2620; ion correlated with 3432; ion correlated with 1374; ion correlated with 3627; ion correlated with 1392",0.036,TRUE,"null","null","null","null",999,FALSE,FALSE,FALSE,"null","null","null","null","null",451.42,19189.6666666667,97.1153859515042,24,"Leaf vs Root","Root","Root enriched - FDR supported"
"F3257_mz313.1442_rt1.1",2.71346950142616,15.0831758633632,5.931004873921,0.00194947780017055,0.00725527305011927,-0.877875415611727,3257,1.097,313.14417,"Unknown","[M+H]+",NA,0.179,FALSE,"null","null","null","null",999,FALSE,FALSE,FALSE,"null","null","null","null","null",26.65,7835.66666666667,27.5843045512548,24,"Leaf vs Root","Leaf","Leaf enriched - FDR supported"
"F1828_mz206.8862_rt0.42",2.9912759079668,19.6268152122671,5.9107743340714,0.00197941043151289,0.00735151405119499,-0.894563780103801,1828,0.417,206.8862,"Unknown","[M+H]+","ion correlated with 3366; ion correlated with 2965; ion correlated with 1505",0.786,TRUE,"null","null","null","null",999,FALSE,FALSE,FALSE,"null","null","null","null","null",474.82,0,4489221,24,"Leaf vs Root","Leaf","Leaf enriched - FDR supported"
"F1888_mz211.0756_rt1.34",-1.43809153919802,22.224371021415,-5.89874079688182,0.00199747146909543,0.00740335934644199,-0.904513973199912,1888,1.34,211.07558,"Unknown","[M+H]+","ion correlated with 3175; found in higher mz's MsMs_4660; similar chromatogram in higher mz_2512; found in higher mz's MsMs_2512; similar chromatogram in higher mz_3175; similar chromatogram in higher mz_4660; similar chromatogram in higher mz_2365; similar chromatogram in higher mz_3213; similar chromatogram in higher mz_4619",0.643,TRUE,"null","null","null","null",999,FALSE,FALSE,FALSE,"null","null","null","null","null",896.58,0,5846437,19,"Leaf vs Root","Root","Root enriched - FDR supported"
"F1980_mz217.0977_rt1.17",-3.14033268167856,15.0905247940075,-5.89051558715017,0.00200992822163474,0.00741046876881499,-0.911325327998544,1980,1.165,217.09767,"Unknown","[M+H]+","ion correlated with 1539; ion correlated with 2205; ion correlated with 2837",0.071,FALSE,"null","null","null","null",999,FALSE,FALSE,FALSE,"null","null","null","null","null",20.46,23429.3333333333,8.77716919662546,24,"Leaf vs Root","Root","Root enriched - FDR supported"
"F4294_mz425.3055_rt8.46",-5.28332448959153,17.1185152315914,-5.88869298208454,0.00201270084171273,0.00741046876881499,-0.912835758433078,4294,8.461,425.30548,"Unknown","[M+H]+","ion correlated with 4408; similar chromatogram in higher mz_4408",0.107,TRUE,"null","null","null","null",999,FALSE,FALSE,FALSE,"null","null","null","null","null",76.47,0,923099,9,"Leaf vs Root","Root","Root enriched - FDR supported"
"F836_mz138.0551_rt0.48",5.00388769864811,21.0031188461753,5.88636631685592,0.00201624679999112,0.00741046876881499,-0.914764503846592,836,0.477,138.05513,"Unknown","[M+H]2+","adduct linked to 2760_[M+H]+; found in higher mz's MsMs_2833; similar chromatogram in higher mz_2924",0.464,TRUE,"null","null","null","null",999,FALSE,FALSE,FALSE,"null","null","null","null","null",903.67,76787.3333333333,319.302841143403,24,"Leaf vs Root","Leaf","Leaf enriched - FDR supported"
"F4655_mz512.8859_rt0.39",-1.45151871280772,16.55834364417,-5.88321100356739,0.00202106741075184,0.00741046876881499,-0.917381234571066,4655,0.387,512.88586,"Unknown","[M+H]+",NA,0.036,FALSE,"null","null","null","null",999,FALSE,FALSE,FALSE,"null","null","null","null","null",2527.41,0,126372,23,"Leaf vs Root","Root","Root enriched - FDR supported"
"F2712_mz273.2579_rt6.72",-2.30045890932028,18.8585410950006,-5.88168472233278,0.00202340409140647,0.00741046876881499,-0.918647430848061,2712,6.724,273.2579,"Unknown","[M+H]+",NA,0.214,TRUE,"null","null","null","null",999,FALSE,FALSE,FALSE,"null","null","null","null","null",22.28,0,738483,6,"Leaf vs Root","Root","Root enriched - FDR supported"
"F1929_mz214.1804_rt0.93",2.63261484942538,19.2257085615412,5.88128095772867,0.00202402277175944,0.00741046876881499,-0.918982439885168,1929,0.93,214.1804,"Unknown","[M+H]+","ion correlated with 842; ion correlated with 4514; ion correlated with 2282; ion correlated with 278; ion correlated with 1904; ion correlated with 1114; ion correlated with 3191",0.179,TRUE,"null","null","null","null",999,FALSE,FALSE,FALSE,"null","null","null","null","null",347.26,0,3575458,6,"Leaf vs Root","Leaf","Leaf enriched - FDR supported"
"F4736_mz546.3563_rt3.71",1.89549055483748,15.4439831640844,5.87059818965682,0.00204047289080309,0.00745557402408821,-0.927853330838457,4736,3.707,546.35626,"Unknown","[M+H]+","ion correlated with 3605",0.071,FALSE,"null","null","null","null",999,FALSE,FALSE,FALSE,"null","null","null","null","null",68.55,0,224979,6,"Leaf vs Root","Leaf","Leaf enriched - FDR supported"
"F419_mz109.1014_rt3.54",2.22280567854867,16.4228689306687,5.85688903860132,0.00206181426100759,0.00751833281034081,-0.939257813600628,419,3.543,109.10136,"Unknown","[M+H]+","ion correlated with 779; ion correlated with 3115; ion correlated with 3702; ion correlated with 3318; ion correlated with 3338; ion correlated with 397; ion correlated with 597; ion correlated with 625; ion correlated with 994; ion correlated with 1019; ion correlated with 1190; ion correlated with 1257; ion correlated with 1630; ion correlated with 2317; ion correlated with 2448; ion correlated with 2474; ion correlated with 2676; ion correlated with 2746; ion correlated with 2954; ion correlated with 3083; ion correlated with 3504; ion correlated with 3745; ion correlated with 3906; ion correlated with 5005; ion correlated with 5013; ion correlated with 5038; ion correlated with 5047; ion correlated with 3515; found in higher mz's MsMs_3115; found in higher mz's MsMs_3702; found in higher mz's MsMs_3318; found in higher mz's MsMs_2676; found in higher mz's MsMs_5005; found in higher mz's MsMs_3847; found in higher mz's MsMs_3515; found in higher mz's MsMs_2474; found in higher mz's MsMs_2954; found in higher mz's MsMs_3083; found in higher mz's MsMs_3504",0.107,FALSE,"null","null","null","null",999,FALSE,FALSE,FALSE,"null","null","null","null","null",23.38,20606.6666666667,26.9569092408974,24,"Leaf vs Root","Leaf","Leaf enriched - FDR supported"
"F175_mz85.0285_rt0.47",-1.71763928714642,21.9581817160042,-5.85362728244583,0.00206693051724131,0.00752179351536405,-0.941974630854745,175,0.474,85.0285,"Unknown","[M+H]+","ion correlated with 950; found in higher mz's MsMs_3782; found in higher mz's MsMs_1698; found in higher mz's MsMs_2771; found in higher mz's MsMs_1621; found in higher mz's MsMs_2814; found in higher mz's MsMs_1438; found in higher mz's MsMs_3407; found in higher mz's MsMs_3408; similar chromatogram in higher mz_709; similar chromatogram in higher mz_4326; found in higher mz's MsMs_4326; found in higher mz's MsMs_1901; found in higher mz's MsMs_1004; found in higher mz's MsMs_950; found in higher mz's MsMs_2572; similar chromatogram in higher mz_4221; similar chromatogram in higher mz_1162; similar chromatogram in higher mz_2290",0.643,TRUE,"null","null","null","null",999,FALSE,FALSE,FALSE,"null","null","null","null","null",62.44,135219,31.8438470640438,24,"Leaf vs Root","Root","Root enriched - FDR supported"
"F2183_mz231.1707_rt0.99",-1.50961209043298,17.0802252022673,-5.84843867158213,0.00207509996457129,0.00753632884517338,-0.94629908188632,2183,0.993,231.17073,"Unknown","[M+H]+","ion correlated with 2155; similar chromatogram in higher mz_3091; similar chromatogram in higher mz_2308",0.536,TRUE,"null","null","null","null",999,FALSE,FALSE,FALSE,"null","null","null","null","null",1577.73,19926,1442.18141215436,24,"Leaf vs Root","Root","Root enriched - FDR supported"
"F655_mz125.0713_rt0.96",-3.46799265899726,14.724915967038,-5.83563114340743,0.00209542848598645,0.00759487633977017,-0.956987721105452,655,0.959,125.07133,"Unknown","[M+H]+","ion correlated with 1780; ion correlated with 2214; ion correlated with 1916; ion correlated with 1499; ion correlated with 855",0.036,FALSE,"null","null","null","null",999,FALSE,FALSE,FALSE,"null","null","null","null","null",21.18,52701,7.78554893552427,24,"Leaf vs Root","Root","Root enriched - FDR supported"
"F1976_mz217.015_rt0.64",-3.75514589411673,18.0308513711942,-5.82805813482798,0.00210755879621529,0.00761832665624588,-0.963317366093098,1976,0.636,217.015,"Unknown","[M+H]+",NA,0.107,FALSE,"null","null","null","null",999,FALSE,FALSE,FALSE,"null","null","null","null","null",74.81,5758.66666666667,98.336419931709,19,"Leaf vs Root","Root","Root enriched - FDR supported"
"F2876_mz285.2216_rt5.78",-1.84030195615956,16.6875231292651,-5.82632916745385,0.00211033979397393,0.00761832665624588,-0.964763458981189,2876,5.779,285.22162,"Unknown","[M+H]+","ion correlated with 4420; ion correlated with 796; ion correlated with 595; ion correlated with 3908; ion correlated with 4091; ion correlated with 1369; ion correlated with 4504; ion correlated with 1025; ion correlated with 4273; ion correlated with 5067; ion correlated with 4359; ion correlated with 3316; ion correlated with 3749; ion correlated with 1963; ion correlated with 3775; ion correlated with 4997; ion correlated with 2473",0.107,TRUE,"null","null","null","null",999,FALSE,FALSE,FALSE,"null","null","null","null","null",13.01,0,138013,6,"Leaf vs Root","Root","Root enriched - FDR supported"
"F4166_mz406.2079_rt1.17",2.50689202388073,16.1842658413129,5.82189907695782,0.0021174851948899,0.00762886382590073,-0.968470434192183,4166,1.172,406.20795,"Unknown","[M+H]+","ion correlated with 1747; ion correlated with 3971; ion correlated with 4223; ion correlated with 5140; ion correlated with 4684; ion correlated with 4647; ion correlated with 4543; ion correlated with 4153; ion correlated with 4333; ion correlated with 3143; ion correlated with 4110; ion correlated with 3772; ion correlated with 4353; ion correlated with 4341; ion correlated with 4388; ion correlated with 2740; ion correlated with 4952; ion correlated with 3566; ion correlated with 4960; ion correlated with 4041; ion correlated with 3635; ion correlated with 4797; ion correlated with 4789; ion correlated with 4895; ion correlated with 4792; ion correlated with 4937; ion correlated with 1381; ion correlated with 1635; ion correlated with 4062; ion correlated with 4100; ion correlated with 2013; ion correlated with 4871; ion correlated with 4381; ion correlated with 4909; ion correlated with 1402",0.036,FALSE,"null","null","null","null",999,FALSE,FALSE,FALSE,"null","null","null","null","null",6440.87,726.666666666667,573.78332569858,8,"Leaf vs Root","Leaf","Leaf enriched - FDR supported"
"F670_mz126.0552_rt0.94",-2.10193324694862,16.4485365600463,-5.7847737506732,0.00217849716276424,0.00783304258723,-0.999631508716226,670,0.942,126.05521,"Unknown","[M+H]+","ion correlated with 638; ion correlated with 1726; ion correlated with 1111; similar chromatogram in higher mz_1231; similar chromatogram in higher mz_2305; similar chromatogram in higher mz_4181; similar chromatogram in higher mz_4522",0.071,FALSE,"null","null","null","null",999,FALSE,FALSE,FALSE,"null","null","null","null","null",56.23,90465.3333333333,14.3585016893946,24,"Leaf vs Root","Root","Root enriched - FDR supported"
"F3908_mz373.1989_rt5.77",-1.58885442586733,16.5757565549135,-5.77742090845317,0.00219082480516119,0.00786170730281502,-1.00582344009679,3908,5.771,373.19891,"Unknown","[M+H]+","ion correlated with 4420; ion correlated with 4117; ion correlated with 796; ion correlated with 595; ion correlated with 4091; ion correlated with 4504; ion correlated with 1025; ion correlated with 4273; ion correlated with 2876; ion correlated with 3316; ion correlated with 3749; ion correlated with 3788; ion correlated with 2473",0.036,FALSE,"null","null","null","null",999,FALSE,FALSE,FALSE,"null","null","null","null","null",15.74,0,128779,6,"Leaf vs Root","Root","Root enriched - FDR supported"
"F1254_mz167.0131_rt7.9",-1.8790689351131,13.8321249526079,-5.76570535275244,0.00221063676370602,0.00791706221922493,-1.01570321365269,1254,7.905,167.01311,"Unknown","[M+H]+","ion correlated with 242; ion correlated with 335",0.036,FALSE,"null","null","null","null",999,FALSE,FALSE,FALSE,"null","null","null","null","null",3.93,15357,11.0212918348743,24,"Leaf vs Root","Root","Root enriched - FDR supported"
"F3117_mz301.2853_rt1.71",-1.66904960201417,16.9906530933339,-5.75545354542294,0.00222814638477036,0.00796230892841723,-1.02436268090559,3117,1.705,301.28531,"Unknown","[M+H]+",NA,0.071,FALSE,"null","null","null","null",999,FALSE,FALSE,FALSE,"null","null","null","null","null",5.6,3254.33333333333,45.3781486790907,24,"Leaf vs Root","Root","Root enriched - FDR supported"
"F580_mz120.0446_rt1.21",-1.41186907050568,17.057752297466,-5.75310679876065,0.0022321774214753,0.00796230892841723,-1.02634677518097,580,1.212,120.04462,"Unknown","[M+H]+","ion correlated with 728; ion correlated with 1207; found in higher mz's MsMs_1003",0.071,TRUE,"null","null","null","null",999,FALSE,FALSE,FALSE,"null","null","null","null","null",418.21,25147.3333333333,130.615415203128,24,"Leaf vs Root","Root","Root enriched - FDR supported"
"F1061_mz153.033_rt0.39",-1.08591556232734,21.6111732056376,-5.74831943216249,0.00224042735472041,0.00796230892841723,-1.03039647094539,1061,0.392,153.03296,"Unknown","[M+H]+","ion correlated with 16; ion correlated with 964; found in higher mz's MsMs_2296; found in higher mz's MsMs_2006; adduct linked to 94_[M+H]2+",0.75,FALSE,"null","null","null","null",999,FALSE,FALSE,FALSE,"null","null","null","null","null",190.68,5676.66666666667,742.700698643809,24,"Leaf vs Root","Root","Root enriched - FDR supported"
"F30_mz65.9937_rt0.53",-2.04673212908906,17.6928186942952,-5.74552709274415,0.00224525586253279,0.00796230892841723,-1.03275987455708,30,0.528,65.99371,"Unknown","[M+H]+","found in higher mz's MsMs_135; found in higher mz's MsMs_1135",0.25,FALSE,"null","null","null","null",999,FALSE,FALSE,FALSE,"null","null","null","null","null",146.62,3164.33333333333,93.3364574557708,20,"Leaf vs Root","Root","Root enriched - FDR supported"
"F3132_mz302.2082_rt0.98",-2.54742896259795,15.0742587474124,-5.74548600346616,0.00224532700529882,0.00796230892841723,-1.03279465934883,3132,0.981,302.20819,"Unknown","[M+H]+","ion correlated with 3025; ion correlated with 3334; ion correlated with 3381; ion correlated with 1273; ion correlated with 2802; ion correlated with 2829; ion correlated with 3902; ion correlated with 3778; ion correlated with 3743; ion correlated with 1446; ion correlated with 916; ion correlated with 2444; ion correlated with 3393; ion correlated with 2891; ion correlated with 2926; ion correlated with 1544; ion correlated with 2620; ion correlated with 3432; ion correlated with 3627; ion correlated with 1392; ion correlated with 2672; ion correlated with 3786",0.25,FALSE,"null","null","null","null",999,FALSE,FALSE,FALSE,"null","null","null","null","null",422.93,659.333333333333,2179.24634023221,21,"Leaf vs Root","Root","Root enriched - FDR supported"
"F3003_mz293.2479_rt7.47",-2.62705030865534,16.674028416598,-5.74060412776496,0.00225379846934621,0.00796714747948946,-1.03692899867402,3003,7.468,293.24792,"Unknown","[M+H]+",NA,0.143,FALSE,"null","null","null","null",999,FALSE,FALSE,FALSE,"null","null","null","null","null",10.1,0,161479,6,"Leaf vs Root","Root","Root enriched - FDR supported"
"F1020_mz149.0965_rt1.06",3.0104252338186,15.8788793322832,5.73961508695409,0.00225551931413801,0.00796714747948946,-1.03776695740518,1020,1.061,149.0965,"Unknown","[M+H]+","ion correlated with 3171; ion correlated with 3624; ion correlated with 3535; ion correlated with 792; ion correlated with 3937; ion correlated with 3565; ion correlated with 567; ion correlated with 3309; ion correlated with 4550; ion correlated with 4658; ion correlated with 4565; ion correlated with 4759; ion correlated with 4694; ion correlated with 4152; ion correlated with 1837; ion correlated with 4035; ion correlated with 2094; ion correlated with 2128; ion correlated with 799; ion correlated with 4338; ion correlated with 4486; ion correlated with 2012; ion correlated with 4283; ion correlated with 3491; ion correlated with 4167; ion correlated with 1747; ion correlated with 1764; ion correlated with 3971; found in higher mz's MsMs_1837; similar chromatogram in higher mz_4035",0.107,TRUE,"null","null","null","null",999,FALSE,FALSE,FALSE,"null","null","null","null","null",11.28,11299.6666666667,34.5951271311427,21,"Leaf vs Root","Leaf","Leaf enriched - FDR supported"
"F3220_mz309.9744_rt0.39",-1.36443416972326,17.1443670220338,-5.73704283895103,0.00226000203750278,0.0079673899954932,-1.03994685420615,3220,0.389,309.9744,"Unknown","[M+H]+",NA,0.214,FALSE,"null","null","null","null",999,FALSE,FALSE,FALSE,"null","null","null","null","null",2317.04,0,200903,23,"Leaf vs Root","Root","Root enriched - FDR supported"
"F3296_mz316.2851_rt2.64",2.59737804337009,15.9113421165299,5.72912538973281,0.00227386584658636,0.0080006390898409,-1.04666185739854,3296,2.644,316.28506,"Unknown","[M+H]+","ion correlated with 3762; ion correlated with 3748; ion correlated with 1463; ion correlated with 1918",0.107,TRUE,"null","null","null","null",999,FALSE,FALSE,FALSE,"null","null","null","null","null",10.36,744.666666666667,462.005364327224,7,"Leaf vs Root","Leaf","Leaf enriched - FDR supported"
"F262_mz97.0288_rt0.4",-1.53105910982703,18.154010013047,-5.71009799757081,0.00230759443259049,0.00810351741405806,-1.06283179669167,262,0.404,97.02875,"Unknown","[M+H]+","ion correlated with 35; similar chromatogram in higher mz_2670",0.179,FALSE,"null","null","null","null",999,FALSE,FALSE,FALSE,"null","null","null","null","null",69.04,118697,7.01592276196735,24,"Leaf vs Root","Root","Root enriched - FDR supported"
"F3662_mz349.0897_rt1.03",1.95433738371987,16.9431236888121,5.70288901035189,0.00232052666079885,0.00813310800532414,-1.06897010698166,3662,1.028,349.08972,"Unknown","[M+H]+","ion correlated with 3056; ion correlated with 4284; ion correlated with 4151; ion correlated with 4483; ion correlated with 4037; ion correlated with 4247; ion correlated with 3961; ion correlated with 4668; ion correlated with 4052; ion correlated with 3741; ion correlated with 3962; ion correlated with 392; ion correlated with 3757; ion correlated with 3536; ion correlated with 3830; similar chromatogram in higher mz_4042; similar chromatogram in higher mz_4115",0.107,FALSE,"null","null","null","null",999,FALSE,FALSE,FALSE,"null","null","null","null","null",8400.52,0,541510,6,"Leaf vs Root","Leaf","Leaf enriched - FDR supported"
"F4092_mz394.2708_rt3.55",3.7948292191361,14.2099603571117,5.69803207326272,0.00232928756283993,0.00814365352402674,-1.07310939906063,4092,3.552,394.27084,"Unknown","[M+H]+","ion correlated with 1041; ion correlated with 779; ion correlated with 2014; ion correlated with 2157; ion correlated with 3115; ion correlated with 3702; ion correlated with 376; ion correlated with 741; ion correlated with 1141; ion correlated with 1166; ion correlated with 1379; ion correlated with 1521; ion correlated with 1546; ion correlated with 1693; ion correlated with 1893; ion correlated with 1991; ion correlated with 2293; ion correlated with 2563; ion correlated with 3959; ion correlated with 3318; ion correlated with 3338; ion correlated with 956; ion correlated with 397; ion correlated with 597; ion correlated with 625; ion correlated with 1019; ion correlated with 1190; ion correlated with 1257; ion correlated with 1349; ion correlated with 1630; ion correlated with 1752; ion correlated with 2317; ion correlated with 2448; ion correlated with 2474; ion correlated with 2676; ion correlated with 2746; ion correlated with 2954; ion correlated with 3083; ion correlated with 3098; ion correlated with 3118; ion correlated with 3504; ion correlated with 3745; ion correlated with 5013; ion correlated with 5038; ion correlated with 5047; ion correlated with 3515; ion correlated with 4188; ion correlated with 3942; ion correlated with 4987",0.071,FALSE,"null","null","null","null",999,FALSE,FALSE,FALSE,"null","null","null","null","null",26.63,0,200728,6,"Leaf vs Root","Leaf","Leaf enriched - FDR supported"
"F4895_mz619.2769_rt1.19",5.82133577153277,17.8939430293415,5.69445334369058,0.00233576771912341,0.00814365352402674,-1.07616125831166,4895,1.186,619.27686,"Unknown","[M+H]+","ion correlated with 4639; ion correlated with 820; ion correlated with 4719; ion correlated with 4929; ion correlated with 4590; ion correlated with 4743; ion correlated with 4673; ion correlated with 4500; ion correlated with 4909",0.107,TRUE,"null","null","null","null",999,FALSE,FALSE,FALSE,"null","null","null","null","null",53779.1,0,4110869,7,"Leaf vs Root","Leaf","Leaf enriched - FDR supported"
"F947_mz145.0175_rt0.39",-1.18530996801058,17.8418460287723,-5.6937351953268,0.00233707065121654,0.00814365352402674,-1.0767738743565,947,0.393,145.0175,"Unknown","[M+H]+","ion correlated with 3434; ion correlated with 734; ion correlated with 590",0.25,FALSE,"null","null","null","null",999,FALSE,FALSE,FALSE,"null","null","null","null","null",8.05,8687,136.635819521179,24,"Leaf vs Root","Root","Root enriched - FDR supported"
"F2442_mz253.029_rt0.41",2.47605995107838,17.3794051609683,5.68550352896669,0.00235206647242616,0.00818011557365937,-1.08380056219656,2442,0.414,253.02898,"Unknown","[M+H]+","ion correlated with 3508",0.357,FALSE,"null","null","null","null",999,FALSE,FALSE,FALSE,"null","null","null","null","null",442.25,0,760233,16,"Leaf vs Root","Leaf","Leaf enriched - FDR supported"
"F4659_mz514.8766_rt0.42",-1.72913414206294,15.6293285044963,-5.6825059227015,0.00235755534318563,0.00818083822656955,-1.08636150408425,4659,0.417,514.87659,"Unknown","[M+H]+",NA,0.071,FALSE,"null","null","null","null",999,FALSE,FALSE,FALSE,"null","null","null","null","null",2062.59,0,105404,22,"Leaf vs Root","Root","Root enriched - FDR supported"
"F3772_mz359.1493_rt1.17",2.93083819492768,16.4476719424077,5.68044439965572,0.0023613389008547,0.00818083822656955,-1.08812338504295,3772,1.167,359.14929,"Unknown","[M+H]+","ion correlated with 1747; ion correlated with 1764; ion correlated with 4684; ion correlated with 4543; ion correlated with 3898; ion correlated with 3143; ion correlated with 1598; ion correlated with 4719; ion correlated with 4341; ion correlated with 4166; ion correlated with 798; ion correlated with 4952; ion correlated with 3635; ion correlated with 4743; ion correlated with 4797; ion correlated with 4792; ion correlated with 2013; ion correlated with 4871; ion correlated with 4381",0.107,FALSE,"null","null","null","null",999,FALSE,FALSE,FALSE,"null","null","null","null","null",56.08,0,749536,11,"Leaf vs Root","Leaf","Leaf enriched - FDR supported"
"F2088_mz225.0102_rt0.65",-1.26007551061429,19.4935208929321,-5.66232056590055,0.00239491082695515,0.00828125295527596,-1.10363617913673,2088,0.647,225.01022,"Unknown","[M+H]+",NA,0.071,FALSE,"null","null","null","null",999,FALSE,FALSE,FALSE,"null","null","null","null","null",111.71,0,803795,20,"Leaf vs Root","Root","Root enriched - FDR supported"
"F3069_mz298.9934_rt0.45",1.76511193134361,16.703930197194,5.65904242505192,0.00240104285344352,0.0082865819320565,-1.10644651583218,3069,0.451,298.99341,"Unknown","[M+H]+","ion correlated with 3829; ion correlated with 4413; ion correlated with 3508; ion correlated with 4249; ion correlated with 3095; ion correlated with 998; ion correlated with 1091; ion correlated with 1872; ion correlated with 4124; ion correlated with 1926; ion correlated with 2348",0.107,FALSE,"null","null","null","null",999,FALSE,FALSE,FALSE,"null","null","null","null","null",191.04,0,387519,15,"Leaf vs Root","Leaf","Leaf enriched - FDR supported"
"F921_mz143.9971_rt0.4",-1.63667328125633,21.8959739438039,-5.65657340916711,0.00240567352545602,0.00828671891879411,-1.10856409770988,921,0.398,143.99707,"Unknown","[M+H]+","ion correlated with 306",0.857,TRUE,"null","null","null","null",999,FALSE,FALSE,FALSE,"null","null","null","null","null",591.37,162936.333333333,78.3333797042626,24,"Leaf vs Root","Root","Root enriched - FDR supported"
"F345_mz102.9991_rt0.64",-2.98596230260815,16.455677080291,-5.649938796292,0.00241816889385628,0.00831389495887731,-1.11425820888483,345,0.638,102.99911,"Unknown","[M+H]+",NA,0.071,FALSE,"null","null","null","null",999,FALSE,FALSE,FALSE,"null","null","null","null","null",125.66,6996.33333333333,32.557402820122,24,"Leaf vs Root","Root","Root enriched - FDR supported"
"F3053_mz297.243_rt2.38",-1.51768614543968,13.2637598992592,-5.64702933547068,0.00242367249432925,0.00831697500430473,-1.11675700679287,3053,2.381,297.24298,"Unknown","[M+H]+","ion correlated with 2808; ion correlated with 3290",0.214,TRUE,"null","null","null","null",999,FALSE,FALSE,FALSE,"null","null","null","null","null",40.27,11354,27.9985909291061,24,"Leaf vs Root","Root","Root enriched - FDR supported"
"F488_mz114.0552_rt1.27",-1.30342690836024,15.054770156487,-5.62316194771321,0.00246938028645155,0.00845774462437389,-1.13729646440831,488,1.271,114.05518,"Unknown","[M+H]+","ion correlated with 1768; ion correlated with 2603; ion correlated with 2002; ion correlated with 4899; ion correlated with 4573; ion correlated with 4641",0.036,TRUE,"null","null","null","null",999,FALSE,FALSE,FALSE,"null","null","null","null","null",41.17,27677.3333333333,21.2939483350394,24,"Leaf vs Root","Root","Root enriched - FDR supported"
"F613_mz122.0967_rt0.91",-1.64871454000765,17.0188712660185,-5.61337481261971,0.00248841554870752,0.00850679936632023,-1.14574005947673,613,0.913,122.0967,"Unknown","[M+H]+",NA,0.286,TRUE,"null","null","null","null",999,FALSE,FALSE,FALSE,"null","null","null","null","null",31.82,106699.333333333,6.47562175688298,24,"Leaf vs Root","Root","Root enriched - FDR supported"
"F1367_mz174.9384_rt0.42",-2.51797292526428,14.2218370799393,-5.60016784954452,0.00251437596500556,0.00857929795242918,-1.15715355071713,1367,0.416,174.93839,"Unknown","[M+H]+",NA,0.214,FALSE,"null","null","null","null",999,FALSE,FALSE,FALSE,"null","null","null","null","null",96.08,0,702440,24,"Leaf vs Root","Root","Root enriched - FDR supported"
"F2844_mz282.9052_rt0.41",-1.55941915487796,16.716562671899,-5.58290099609574,0.00254879798158864,0.00866992495632071,-1.17210952994106,2844,0.407,282.90521,"Unknown","[M+H]+",NA,0.321,FALSE,"null","null","null","null",999,FALSE,FALSE,FALSE,"null","null","null","null","null",83.36,11107,23.5400612171408,24,"Leaf vs Root","Root","Root enriched - FDR supported"
"F636_mz124.0396_rt1.02",-1.53912709203975,16.5360482609222,-5.58203294732705,0.0025505430203913,0.00866992495632071,-1.17286242189426,636,1.025,124.03963,"Unknown","[M+H]+",NA,0.179,TRUE,"null","null","null","null",999,FALSE,FALSE,FALSE,"null","null","null","null","null",45.45,105861,16.4496136479568,24,"Leaf vs Root","Root","Root enriched - FDR supported"
"F3181_mz306.0975_rt1.05",-4.46240905163992,15.4862757545542,-5.56223590601081,0.00259072439565457,0.00878995777097085,-1.19005963800062,3181,1.048,306.09747,"Unknown","[M+H]+","ion correlated with 4297; ion correlated with 2342; ion correlated with 4172",0.036,FALSE,"null","null","null","null",999,FALSE,FALSE,FALSE,"null","null","null","null","null",54.48,0,151503,12,"Leaf vs Root","Root","Root enriched - FDR supported"
"F2856_mz284.0995_rt0.88",-2.72761038486627,17.1104043211545,-5.55652657210075,0.00260245017368968,0.00881317554129433,-1.19502864183854,2856,0.88,284.09949,"Unknown","[M+H]+","ion correlated with 1049; ion correlated with 924; similar chromatogram in higher mz_4400",0.464,TRUE,"null","null","null","null",999,FALSE,FALSE,FALSE,"null","null","null","null","null",1270.15,0,9523319,24,"Leaf vs Root","Root","Root enriched - FDR supported"
"F4230_mz415.2122_rt2.39",-1.69727620696122,12.1041919068393,-5.54749965715894,0.00262111692934654,0.00885976789788482,-1.2028936785421,4230,2.39,415.21222,"Unknown","[M+H]+","ion correlated with 4329; ion correlated with 4403; ion correlated with 4350",0.071,FALSE,"null","null","null","null",999,FALSE,FALSE,FALSE,"null","null","null","null","null",136.17,431,518.935185185185,23,"Leaf vs Root","Root","Root enriched - FDR supported"
"F4750_mz554.224_rt1.15",-0.965347201238642,22.1625684247436,-5.53533249073231,0.00264652666255291,0.00891301365913797,-1.21351155870027,4750,1.152,554.224,"Unknown","[M+H]+",NA,0.214,TRUE,"null","null","null","null",999,FALSE,FALSE,FALSE,"null","null","null","null","null",50387.83,0,6050183,6,"Leaf vs Root","Root","Not selected"
"F2231_mz236.1049_rt0.52",3.20179087920467,22.7495891810377,5.53260911007252,0.00265225366074014,0.00891301365913797,-1.21589080506376,2231,0.521,236.1049,"Unknown","[M+H]+","ion correlated with 2176; ion correlated with 2202",0.214,TRUE,"null","null","null","null",999,FALSE,FALSE,FALSE,"null","null","null","null","null",7038.67,77629.6666666667,546.109814849802,19,"Leaf vs Root","Leaf","Leaf enriched - FDR supported"
"F4509_mz470.3636_rt8.46",-6.09612649011697,14.6318634822845,-5.53081107426578,0.00265604272236778,0.00891301365913797,-1.21746216620558,4509,8.463,470.36356,"Unknown","[M+H]+","ion correlated with 4408; ion correlated with 4294",0.071,TRUE,"null","null","null","null",999,FALSE,FALSE,FALSE,"null","null","null","null","null",48.46,0,215761,6,"Leaf vs Root","Root","Root enriched - FDR supported"
"F4091_mz394.2591_rt5.77",-1.29123406488304,16.67929173907,-5.53053681056819,0.00265662124577076,0.00891301365913797,-1.21770189113392,4091,5.771,394.25906,"Unknown","[M+H]+","ion correlated with 4420; ion correlated with 4117; ion correlated with 796; ion correlated with 595; ion correlated with 3908; ion correlated with 1025; ion correlated with 4273; ion correlated with 2876; ion correlated with 3316; ion correlated with 3749; ion correlated with 3788",0.036,FALSE,"null","null","null","null",999,FALSE,FALSE,FALSE,"null","null","null","null","null",53.49,0,141606,6,"Leaf vs Root","Root","Root enriched - FDR supported"
"F676_mz127.0391_rt0.47",-1.34941278687363,22.0643604265971,-5.52054617683215,0.00267779634056475,0.00896738848741999,-1.22644107449619,676,0.473,127.03914,"Unknown","[M+H]+","found in higher mz's MsMs_1438; found in higher mz's MsMs_3782",0.643,TRUE,"null","null","null","null",999,FALSE,FALSE,FALSE,"null","null","null","null","null",432.2,781006.666666667,6.45575096787355,24,"Leaf vs Root","Root","Root enriched - FDR supported"
"F4701_mz532.9348_rt0.42",2.10591493104449,15.691018271323,5.51496714381819,0.0026897072372089,0.00897499963157366,-1.23132694264178,4701,0.419,532.93475,"Unknown","[M+H]+","ion correlated with 3829; ion correlated with 4413; ion correlated with 4424; ion correlated with 4493; ion correlated with 3508; ion correlated with 4249; ion correlated with 3531; ion correlated with 3661; ion correlated with 3069; ion correlated with 3273; ion correlated with 4528; ion correlated with 1091; ion correlated with 1872; ion correlated with 4451; ion correlated with 2129; ion correlated with 977; ion correlated with 3086; ion correlated with 2348",0.107,FALSE,"null","null","null","null",999,FALSE,FALSE,FALSE,"null","null","null","null","null",3703.75,0,250775,9,"Leaf vs Root","Leaf","Leaf enriched - FDR supported"
"F1050_mz152.0569_rt0.64",-1.15342124967467,17.9764615949533,-5.51443184715839,0.00269085332832849,0.00897499963157366,-1.23179594571873,1050,0.645,152.05687,"Unknown","[M+H]+","ion correlated with 2321; ion correlated with 1679; ion correlated with 458; ion correlated with 2363",0.25,TRUE,"null","null","null","null",999,FALSE,FALSE,FALSE,"null","null","null","null","null",206.09,277926,17.7908083777395,24,"Leaf vs Root","Root","Root enriched - FDR supported"
"F705_mz129.0522_rt0.57",1.78967868785246,17.3842697896708,5.51171480261514,0.00269667947070416,0.00897499963157366,-1.23417707755082,705,0.571,129.05222,"Unknown","[M+H]+",NA,0.036,FALSE,"null","null","null","null",999,FALSE,FALSE,FALSE,"null","null","null","null","null",211.73,170828,6.1189142358733,23,"Leaf vs Root","Leaf","Leaf enriched - FDR supported"
"F2512_mz258.1263_rt1.34",-1.40392391565447,24.4968858402572,-5.51018871719232,0.00269995833791939,0.00897499963157366,-1.23551491453664,2512,1.341,258.12628,"Unknown","[M+2H]2+","ion correlated with 4660; similar chromatogram in higher mz_4660",0.643,TRUE,"null","null","null","null",999,FALSE,FALSE,FALSE,"null","null","null","null","null",4461.15,0,26413423,20,"Leaf vs Root","Root","Root enriched - FDR supported"
"F1186_mz163.0602_rt0.47",-1.43422386766668,20.009062683828,-5.49423271972193,0.00273452220571088,0.00907318489211055,-1.24952096731935,1186,0.473,163.06023,"Unknown","[M+H]+","ion correlated with 1575",0.607,FALSE,"null","null","null","null",999,FALSE,FALSE,FALSE,"null","null","null","null","null",197.54,63156,70.9386132970217,24,"Leaf vs Root","Root","Root enriched - FDR supported"
"F4188_mz408.3116_rt3.55",4.04236235004084,14.912118940292,5.48200244813651,0.00276136717350084,0.0091368243244415,-1.26027924760971,4188,3.553,408.31155,"Unknown","[M+H]+","ion correlated with 1041; ion correlated with 779; ion correlated with 2014; ion correlated with 2157; ion correlated with 2293; ion correlated with 956; ion correlated with 397; ion correlated with 597; ion correlated with 625; ion correlated with 994; ion correlated with 1019; ion correlated with 1257; ion correlated with 1349; ion correlated with 1630; ion correlated with 1752; ion correlated with 2317; ion correlated with 3098; ion correlated with 3118; ion correlated with 3906; ion correlated with 5038; ion correlated with 5047; ion correlated with 4092; ion correlated with 4106",0.107,FALSE,"null","null","null","null",999,FALSE,FALSE,FALSE,"null","null","null","null","null",13.34,0,272502,6,"Leaf vs Root","Leaf","Leaf enriched - FDR supported"
"F3713_mz353.2303_rt1.44",-2.96905860959278,15.2631837190584,-5.48088917393404,0.00276382608373688,0.0091368243244415,-1.26125950952425,3713,1.438,353.23026,"Unknown","[M+H]+","ion correlated with 3657",0.321,TRUE,"null","null","null","null",999,FALSE,FALSE,FALSE,"null","null","null","null","null",248.25,2322.66666666667,869.869172285182,24,"Leaf vs Root","Root","Root enriched - FDR supported"
"F3835_mz365.1208_rt1",-4.62851245984704,18.1866188816826,-5.47323593318472,0.00278079964163306,0.00916938597062132,-1.26800277265342,3835,0.997,365.12082,"Unknown","[M+H]+",NA,0.143,TRUE,"null","null","null","null",999,FALSE,FALSE,FALSE,"null","null","null","null","null",466.05,0,2101823,6,"Leaf vs Root","Root","Root enriched - FDR supported"
"F3463_mz331.1545_rt1.09",4.10820969468958,18.3232441019684,5.47187275842833,0.00278383574066509,0.00916938597062132,-1.26920467480576,3463,1.095,331.15448,"Unknown","[M+H]+","ion correlated with 3309; ion correlated with 4658; ion correlated with 1837; ion correlated with 4649; ion correlated with 819; ion correlated with 4722; ion correlated with 4603; ion correlated with 3971; ion correlated with 4724; ion correlated with 4639; ion correlated with 820; similar chromatogram in higher mz_4167",0.143,TRUE,"null","null","null","null",999,FALSE,FALSE,FALSE,"null","null","null","null","null",349.25,0,3233989,19,"Leaf vs Root","Leaf","Leaf enriched - FDR supported"
"F796_mz135.117_rt5.76",-1.70769930576645,16.6285834746723,-5.45601788002899,0.00281943529912773,0.00926972807818863,-1.28320183722753,796,5.762,135.11696,"Unknown","[M+H]+","ion correlated with 4358; ion correlated with 4420; ion correlated with 595; ion correlated with 3908; ion correlated with 4091; ion correlated with 1025; ion correlated with 4273; ion correlated with 4359; ion correlated with 627; ion correlated with 2876; ion correlated with 3316; ion correlated with 3749; ion correlated with 3788; ion correlated with 3775; ion correlated with 2473; found in higher mz's MsMs_3153",0.036,FALSE,"null","null","null","null",999,FALSE,FALSE,FALSE,"null","null","null","null","null",15.96,8254.66666666667,15.0301611014657,24,"Leaf vs Root","Root","Root enriched - FDR supported"
"F2689_mz272.2954_rt2.69",-2.28084511540035,12.646639743386,-5.44814927228795,0.00283730110377108,0.00931150634964873,-1.29016082154362,2689,2.693,272.29535,"Unknown","[M+H]+","ion correlated with 3301",0.143,TRUE,"null","null","null","null",999,FALSE,FALSE,FALSE,"null","null","null","null","null",44.76,1315.33333333333,215.593567991897,21,"Leaf vs Root","Root","Root enriched - FDR supported"
"F1357_mz174.025_rt0.4",-1.27034775265803,18.7859626207717,-5.43907351980802,0.00285807288994738,0.00936265257051728,-1.2981975895618,1357,0.4,174.02496,"Unknown","[M+H]+",NA,0.5,FALSE,"null","null","null","null",999,FALSE,FALSE,FALSE,"null","null","null","null","null",54.94,32499,17.4473538461538,24,"Leaf vs Root","Root","Root enriched - FDR supported"
"F1902_mz212.1132_rt0.59",1.71443898385955,17.8833324514514,5.43093855602141,0.00287684318441974,0.00940706874615513,-1.30541055774471,1902,0.589,212.11325,"Unknown","[M+H]+","ion correlated with 1506; ion correlated with 4170; ion correlated with 2201",0.071,FALSE,"null","null","null","null",999,FALSE,FALSE,FALSE,"null","null","null","null","null",75.93,3507.33333333333,230.86432304038,19,"Leaf vs Root","Leaf","Leaf enriched - FDR supported"
"F4191_mz409.1837_rt1.06",2.84471058132198,15.9741609379648,5.42256164874313,0.00289632298093787,0.00945364010957118,-1.31284723812509,4191,1.061,409.18369,"Unknown","[M+H]+",NA,0.107,FALSE,"null","null","null","null",999,FALSE,FALSE,FALSE,"null","null","null","null","null",3953.52,0,417951,10,"Leaf vs Root","Leaf","Leaf enriched - FDR supported"
"F2932_mz288.2452_rt6.25",-1.78783772748683,17.0380298987087,-5.39379864658463,0.00296439623329933,0.00965836678899871,-1.33845303679189,2932,6.248,288.24515,"Unknown","[M+H]+",NA,0.071,FALSE,"null","null","null","null",999,FALSE,FALSE,FALSE,"null","null","null","null","null",4.21,0,161128,8,"Leaf vs Root","Root","Root enriched - FDR supported"
"F4719_mz538.229_rt1.17",1.98229688472223,19.2064973822174,5.38899206033036,0.00297595401502397,0.00967855314796084,-1.34274279850665,4719,1.169,538.229,"Unknown","[M+H]+","ion correlated with 3971; ion correlated with 4639; ion correlated with 4709; ion correlated with 820; ion correlated with 4929; ion correlated with 4590; ion correlated with 4743; ion correlated with 4895; ion correlated with 4909; similar chromatogram in higher mz_4796",0.214,TRUE,"null","null","null","null",999,FALSE,FALSE,FALSE,"null","null","null","null","null",22469.14,0,3362790,7,"Leaf vs Root","Leaf","Leaf enriched - FDR supported"
"F4206_mz411.1631_rt1.17",2.3093972043509,15.1556772454864,5.38311519954269,0.00299015720010871,0.00970725493920184,-1.34799195703674,4206,1.172,411.16309,"Unknown","[M+H]+","ion correlated with 3194; ion correlated with 4640; ion correlated with 3022; ion correlated with 2690; ion correlated with 4223; ion correlated with 5140; ion correlated with 4647; ion correlated with 4838; ion correlated with 4153; ion correlated with 4677; ion correlated with 3739; ion correlated with 4333; ion correlated with 4832; ion correlated with 4307; ion correlated with 4250; ion correlated with 4950; ion correlated with 4110; ion correlated with 4080; ion correlated with 4341; ion correlated with 4388; ion correlated with 2740; ion correlated with 4166; ion correlated with 4003; ion correlated with 4952; ion correlated with 3957; ion correlated with 4960; ion correlated with 4041; ion correlated with 3635; ion correlated with 4229; ion correlated with 4734; ion correlated with 4656; ion correlated with 4789; ion correlated with 4803; ion correlated with 4806; ion correlated with 3224; ion correlated with 4937; ion correlated with 4448; ion correlated with 1381; ion correlated with 1635; ion correlated with 4100; ion correlated with 3600; ion correlated with 4688; ion correlated with 3904; ion correlated with 4825; ion correlated with 4381; ion correlated with 3563; ion correlated with 4942",0.071,FALSE,"null","null","null","null",999,FALSE,FALSE,FALSE,"null","null","null","null","null",1501.63,0,149583,13,"Leaf vs Root","Leaf","Leaf enriched - FDR supported"
"F1978_mz217.0686_rt0.62",-1.62353858667577,19.5398294940012,-5.35911895229573,0.00304898197469666,0.00988045325732042,-1.36947326855542,1978,0.622,217.06862,"Unknown","[M+H]+",NA,0.214,TRUE,"null","null","null","null",999,FALSE,FALSE,FALSE,"null","null","null","null","null",77.88,0,957774,15,"Leaf vs Root","Root","Root enriched - FDR supported"
"F2914_mz287.2374_rt3.91",3.11755804870234,17.1075755462016,5.35649540390513,0.00305549526678835,0.00988381533432432,-1.37182654827658,2914,3.907,287.23743,"Unknown","[M+H]+","ion correlated with 3163; ion correlated with 3705",0.107,TRUE,"null","null","null","null",999,FALSE,FALSE,FALSE,"null","null","null","null","null",24.59,0,1319042,6,"Leaf vs Root","Leaf","Leaf enriched - FDR supported"
"F3660_mz348.9416_rt0.4",-1.41389046930358,17.2680722081337,-5.34564417911501,0.00308260858367058,0.00993634688900938,-1.38156976602154,3660,0.404,348.94159,"Unknown","[M+H]+",NA,0.214,FALSE,"null","null","null","null",999,FALSE,FALSE,FALSE,"null","null","null","null","null",465.84,0,232030,23,"Leaf vs Root","Root","Root enriched - FDR supported"
"F694_mz128.1071_rt0.49",3.07287773333361,17.3960067202872,5.3443979729086,0.003085740418465,0.00993634688900938,-1.38268973966404,694,0.489,128.1071,"Unknown","[M+H]+","ion correlated with 1822; ion correlated with 1926; ion correlated with 2556",0.107,FALSE,"null","null","null","null",999,FALSE,FALSE,FALSE,"null","null","null","null","null",150.98,120654.666666667,8.07207010583838,19,"Leaf vs Root","Leaf","Leaf enriched - FDR supported"
"F1874_mz209.9569_rt0.43",2.40070461723294,16.5432313425702,5.34161848894736,0.0030927389673333,0.00993634688900938,-1.38518843492122,1874,0.434,209.95694,"Unknown","[M+H]+",NA,0.286,FALSE,"null","null","null","null",999,FALSE,FALSE,FALSE,"null","null","null","null","null",85.29,3424.66666666667,125.689111608446,22,"Leaf vs Root","Leaf","Leaf enriched - FDR supported"
"F265_mz97.5117_rt0.59",-2.62231330047176,16.8807151207927,-5.34121576363005,0.00309375454383561,0.00993634688900938,-1.38555056265232,265,0.587,97.51168,"Unknown","[M+H]+",NA,0.214,FALSE,"null","null","null","null",999,FALSE,FALSE,FALSE,"null","null","null","null","null",113.63,4280,70.6117729502453,24,"Leaf vs Root","Root","Root enriched - FDR supported"
"F2316_mz243.1838_rt0.44",2.91580028367529,16.6251002683419,5.32533216209885,0.00313412257534983,0.0100481194467255,-1.39985046013729,2316,0.44,243.18379,"Unknown","[M+H]+",NA,0.25,TRUE,"null","null","null","null",999,FALSE,FALSE,FALSE,"null","null","null","null","null",39.8,0,1146484,18,"Leaf vs Root","Leaf","Leaf enriched - FDR supported"
"F4019_mz385.1474_rt1.11",1.56939454495459,17.1838321801425,5.31663008983947,0.00315650037736981,0.0100892711376018,-1.40769935092846,4019,1.114,385.14737,"Unknown","[M+H]+","ion correlated with 4052; ion correlated with 3741; ion correlated with 4035; ion correlated with 3349; ion correlated with 2128; ion correlated with 3757; ion correlated with 4649; ion correlated with 3823; ion correlated with 4486; ion correlated with 3491; ion correlated with 3140; ion correlated with 1289; ion correlated with 4693; ion correlated with 3680; ion correlated with 3638; ion correlated with 4167; ion correlated with 1764; ion correlated with 4724; ion correlated with 3194; ion correlated with 4640; ion correlated with 4223; ion correlated with 4647; ion correlated with 4192; ion correlated with 2871; ion correlated with 3143; ion correlated with 4250; ion correlated with 1870; ion correlated with 3733; ion correlated with 4952",0.107,FALSE,"null","null","null","null",999,FALSE,FALSE,FALSE,"null","null","null","null","null",174.64,1359,313.296323529412,13,"Leaf vs Root","Leaf","Leaf enriched - FDR supported"
"F309_mz100.0759_rt0.97",-1.54437372879582,16.313680406362,-5.31599629851675,0.00315813750290584,0.0100892711376018,-1.40827140405096,309,0.968,100.07587,"Unknown","[M+H]+","ion correlated with 1120; similar chromatogram in higher mz_2868; similar chromatogram in higher mz_3900; similar chromatogram in higher mz_4467; similar chromatogram in higher mz_4696; similar chromatogram in higher mz_1120; similar chromatogram in higher mz_2994; similar chromatogram in higher mz_2178; similar chromatogram in higher mz_4753; similar chromatogram in higher mz_4607",0.357,TRUE,"null","null","null","null",999,FALSE,FALSE,FALSE,"null","null","null","null","null",444.67,182151,42.7413094558391,24,"Leaf vs Root","Root","Root enriched - FDR supported"
"F1037_mz151.0354_rt0.39",-1.02330594767433,24.5240140135689,-5.3065197067922,0.0031827351983212,0.01014988875083,-1.41683137104828,1037,0.392,151.03539,"Unknown","[M+H]+",NA,0.857,TRUE,"null","null","null","null",999,FALSE,FALSE,FALSE,"null","null","null","null","null",732.15,92989.3333333333,347.847908922433,24,"Leaf vs Root","Root","Root enriched - FDR supported"
"F2144_mz228.2327_rt4.53",-1.258872933175,14.3388973860047,-5.29506039340297,0.00321277967909616,0.0102059236131006,-1.42719857396994,2144,4.526,228.23265,"Unknown","[M+H]+",NA,0.286,TRUE,"null","null","null","null",999,FALSE,FALSE,FALSE,"null","null","null","null","null",46.64,20057,33.1226941868581,24,"Leaf vs Root","Root","Root enriched - FDR supported"
"F2180_mz231.1_rt0.42",-1.48730421843833,18.5770598728062,-5.29404010502619,0.00321547078133693,0.0102059236131006,-1.42812249132062,2180,0.418,231.09995,"Unknown","[M+H]+",NA,0.214,FALSE,"null","null","null","null",999,FALSE,FALSE,FALSE,"null","null","null","null","null",41.15,946.666666666667,460.081603939501,24,"Leaf vs Root","Root","Root enriched - FDR supported"
"F2033_mz221.0249_rt0.45",-1.52113139824064,20.6592288747753,-5.29243381649486,0.00321971286376539,0.0102059236131006,-1.42957734548891,2033,0.45,221.02493,"Unknown","[M+H]+",NA,0.571,FALSE,"null","null","null","null",999,FALSE,FALSE,FALSE,"null","null","null","null","null",302.13,2911.66666666667,980.722590981918,20,"Leaf vs Root","Root","Root enriched - FDR supported"
"F3114_mz301.2167_rt4.53",2.50193203477714,16.2126541302859,5.2912198339007,0.00322292324624228,0.0102059236131006,-1.43067711178814,3114,4.532,301.21674,"Unknown","[M+H]+","ion correlated with 3682; ion correlated with 2877; ion correlated with 3526; ion correlated with 3827",0.071,TRUE,"null","null","null","null",999,FALSE,FALSE,FALSE,"null","null","null","null","null",10.01,1757,274.836746302617,23,"Leaf vs Root","Leaf","Leaf enriched - FDR supported"
"F3537_mz337.1051_rt2.67",-1.85816095866365,17.3737512874096,-5.28228698916227,0.00324666183348099,0.0102519534938799,-1.43877569316191,3537,2.671,337.10507,"Unknown","[M+H]+",NA,0.214,TRUE,"null","null","null","null",999,FALSE,FALSE,FALSE,"null","null","null","null","null",923.6,8617.33333333333,21.0754206149681,24,"Leaf vs Root","Root","Root enriched - FDR supported"
"F595_mz121.1011_rt5.77",-1.73672045430636,16.3335183525401,-5.28147922547854,0.00324881850332373,0.0102519534938799,-1.43950855382094,595,5.771,121.10114,"Unknown","[M+H]+","ion correlated with 4420; ion correlated with 796; ion correlated with 3908; ion correlated with 4091; ion correlated with 1025; ion correlated with 2876; ion correlated with 3316; ion correlated with 3749; ion correlated with 2473; found in higher mz's MsMs_3153",0.036,FALSE,"null","null","null","null",999,FALSE,FALSE,FALSE,"null","null","null","null","null",9.14,3981.66666666667,27.192333444928,24,"Leaf vs Root","Root","Root enriched - FDR supported"
"F2824_mz281.0663_rt0.47",-2.40205041044729,15.265547715168,-5.2521283072235,0.00332833347466098,0.0104845408756772,-1.46619826351274,2824,0.474,281.06628,"Unknown","[M+H]+",NA,0.036,FALSE,"null","null","null","null",999,FALSE,FALSE,FALSE,"null","null","null","null","null",27.79,0,264550,18,"Leaf vs Root","Root","Root enriched - FDR supported"
"F489_mz114.0552_rt1",1.3692424396911,17.7693278990537,5.24651919508808,0.00334378734856603,0.0105148713661353,-1.47131222816239,489,1.005,114.05519,"Unknown","[M+H]+",NA,0.107,FALSE,"null","null","null","null",999,FALSE,FALSE,FALSE,"null","null","null","null","null",32.68,44203,15.2383494706361,24,"Leaf vs Root","Leaf","Leaf enriched - FDR supported"
"F3719_mz353.9471_rt0.39",-1.67605212890111,17.5425776508966,-5.23662514636651,0.00337125207971762,0.0105828000067657,-1.48034340107468,3719,0.391,353.94708,"Unknown","[M+H]+",NA,0.464,FALSE,"null","null","null","null",999,FALSE,FALSE,FALSE,"null","null","null","null","null",1850.14,0,372423,24,"Leaf vs Root","Root","Root enriched - FDR supported"
"F4430_mz451.3202_rt2.52",-3.0853100837674,16.2367816819426,-5.23336820276747,0.0033803506915633,0.0105929392331107,-1.4833192440487,4430,2.517,451.32022,"Unknown","[M+H]+",NA,0.036,TRUE,"null","null","null","null",999,FALSE,FALSE,FALSE,"null","null","null","null","null",24.2,494.333333333333,476.598250336474,21,"Leaf vs Root","Root","Root enriched - FDR supported"
"F5161_mz797.5175_rt9.56",-1.33495993216142,17.5884123238796,-5.22981964946608,0.0033902966860607,0.0106056941392367,-1.48656318914498,5161,9.558,797.51752,"Unknown","[M+H]+",NA,0.107,TRUE,"null","null","null","null",999,FALSE,FALSE,FALSE,"null","null","null","null","null",64.11,0,210931,7,"Leaf vs Root","Root","Root enriched - FDR supported"
"F583_mz120.0809_rt0.95",1.50643495216858,21.6367940704073,5.22388352446449,0.00340701132888747,0.0106232173573206,-1.49199363106444,583,0.954,120.08092,"Unknown","[M+H]+","found in higher mz's MsMs_1231; found in higher mz's MsMs_4074; found in higher mz's MsMs_3428; found in higher mz's MsMs_3223; found in higher mz's MsMs_3381; found in higher mz's MsMs_4588; similar chromatogram in higher mz_4002",0.679,TRUE,"null","null","null","null",999,FALSE,FALSE,FALSE,"null","null","null","null","null",11317.66,127630,2099.5415925598,24,"Leaf vs Root","Leaf","Leaf enriched - FDR supported"
"F709_mz129.066_rt0.47",1.35011395497107,19.6095265270439,5.2236505933463,0.00340766916891337,0.0106232173573206,-1.49220681832715,709,0.473,129.06604,"Unknown","[M+H]+","similar chromatogram in higher mz_3427; similar chromatogram in higher mz_4004; similar chromatogram in higher mz_4551; similar chromatogram in higher mz_4507",0.536,TRUE,"null","null","null","null",999,FALSE,FALSE,FALSE,"null","null","null","null","null",721.4,4010.33333333333,1821.32881834801,24,"Leaf vs Root","Leaf","Leaf enriched - FDR supported"
"F4189_mz408.369_rt6.45",-1.372954574364,17.7165839858865,-5.20928312716647,0.00344853444047606,0.0107320770087229,-1.50537092075128,4189,6.448,408.36896,"Unknown","[M+H]+","ion correlated with 4606; ion correlated with 4433",0.143,FALSE,"null","null","null","null",999,FALSE,FALSE,FALSE,"null","null","null","null","null",48.8,37034.3333333333,8.45870610048062,24,"Leaf vs Root","Root","Root enriched - FDR supported"
"F1025_mz149.1328_rt5.77",-1.75377195290568,16.9879745055979,-5.19671145096354,0.00348476311195858,0.0108261573443808,-1.51691302381907,1025,5.773,149.13277,"Unknown","[M+H]+","ion correlated with 4420; ion correlated with 796; ion correlated with 595; ion correlated with 3908; ion correlated with 4091; ion correlated with 1369; ion correlated with 4504; ion correlated with 4273; ion correlated with 4359; ion correlated with 627; ion correlated with 2876; ion correlated with 3316; ion correlated with 3749; ion correlated with 1963; ion correlated with 3788; ion correlated with 3775; ion correlated with 2473; similar chromatogram in higher mz_3527",0.143,FALSE,"null","null","null","null",999,FALSE,FALSE,FALSE,"null","null","null","null","null",13.32,443.333333333333,392.381095273818,8,"Leaf vs Root","Root","Root enriched - FDR supported"
"F2902_mz287.1107_rt0.93",1.92121146463093,17.1059507203459,5.19054240976847,0.00350270367516919,0.0108631961059801,-1.5225848406027,2902,0.927,287.11072,"Unknown","[M+H]+","ion correlated with 4069; ion correlated with 3268; ion correlated with 521; ion correlated with 1686; ion correlated with 3389; ion correlated with 3170; ion correlated with 4123; ion correlated with 4880; ion correlated with 1393; ion correlated with 3860; ion correlated with 2553; ion correlated with 1904; ion correlated with 4002; ion correlated with 3955; ion correlated with 4029",0.036,FALSE,"null","null","null","null",999,FALSE,FALSE,FALSE,"null","null","null","null","null",93.88,0,547529,9,"Leaf vs Root","Leaf","Leaf enriched - FDR supported"
"F3567_mz339.217_rt2.27",1.56390198532595,15.852449375836,5.18366382412143,0.00352283529468108,0.0108968901398219,-1.5289152295288,3567,2.266,339.21695,"Unknown","[M+H]+","ion correlated with 3796; ion correlated with 3596; ion correlated with 3282",0.071,FALSE,"null","null","null","null",999,FALSE,FALSE,FALSE,"null","null","null","null","null",24.9,15180.3333333333,15.275799227121,24,"Leaf vs Root","Leaf","Leaf enriched - FDR supported"
"F835_mz138.0182_rt0.51",-1.33701137126242,20.6495450350568,-5.18270847522697,0.00352564201753794,0.0108968901398219,-1.52979495964004,835,0.514,138.01825,"Unknown","[M+2H]2+","similar chromatogram in higher mz_3139; similar chromatogram in higher mz_1115",0.179,TRUE,"null","null","null","null",999,FALSE,FALSE,FALSE,"null","null","null","null","null",188.99,0,1812729,18,"Leaf vs Root","Root","Root enriched - FDR supported"
"F4358_mz439.2045_rt5.71",-1.30469520197439,17.0133050013401,-5.17923488515899,0.00353586916541322,0.0109098185360186,-1.53299467163374,4358,5.708,439.20453,"Unknown","[M+H]+","ion correlated with 4420; ion correlated with 4117; ion correlated with 796",0.036,FALSE,"null","null","null","null",999,FALSE,FALSE,FALSE,"null","null","null","null","null",19.89,0,173658,6,"Leaf vs Root","Root","Root enriched - FDR supported"
"F770_mz132.9028_rt0.39",-1.84943528223917,15.9282536452765,-5.16976546379637,0.0035639263675457,0.0109527162177429,-1.54172597731153,770,0.394,132.90283,"Unknown","[M+H]+","ion correlated with 3606; ion correlated with 4464; ion correlated with 3634; ion correlated with 2414",0.143,FALSE,"null","null","null","null",999,FALSE,FALSE,FALSE,"null","null","null","null","null",207.28,0,927825,23,"Leaf vs Root","Root","Root enriched - FDR supported"
"F2118_mz227.128_rt1.1",2.12595540901791,16.0442769691972,5.16854067584828,0.00356757431552659,0.0109527162177429,-1.54285620639592,2118,1.096,227.12804,"Unknown","[M+H]+",NA,0.036,FALSE,"null","null","null","null",999,FALSE,FALSE,FALSE,"null","null","null","null","null",22.35,19552.3333333333,19.7709512444596,24,"Leaf vs Root","Leaf","Leaf enriched - FDR supported"
"F2529_mz259.2023_rt1.17",-1.98479753000604,15.6434859784076,-5.16840581624372,0.00356797625264977,0.0109527162177429,-1.54298066700999,2529,1.173,259.20227,"Unknown","[M+H]+",NA,0.036,FALSE,"null","null","null","null",999,FALSE,FALSE,FALSE,"null","null","null","null","null",65.8,0,365133,10,"Leaf vs Root","Root","Root enriched - FDR supported"
"F423_mz109.5218_rt7.93",-1.80455930638022,14.0447628053647,-5.15181992487806,0.0036178154394214,0.0110868537659688,-1.55830692366613,423,7.931,109.52176,"Unknown","[M+H]+","ion correlated with 2557",0.071,FALSE,"null","null","null","null",999,FALSE,FALSE,FALSE,"null","null","null","null","null",15.73,12454.3333333333,9.43290692073007,24,"Leaf vs Root","Root","Root enriched - FDR supported"
"F4323_mz431.2558_rt5.54",-5.63898451979297,15.486471324853,-5.14229258917947,0.00364681241725227,0.0111567735815938,-1.56712803340862,4323,5.543,431.25583,"Unknown","[M+H]+","ion correlated with 4419; ion correlated with 4502",0.107,FALSE,"null","null","null","null",999,FALSE,FALSE,FALSE,"null","null","null","null","null",45.33,0,225337,7,"Leaf vs Root","Root","Root enriched - FDR supported"
"F2534_mz260.0106_rt0.39",-1.24135860274112,17.8200502616234,-5.11476726055272,0.00373212684279194,0.0113984584623341,-1.59268430170484,2534,0.394,260.01056,"Unknown","[M+H]+",NA,0.179,FALSE,"null","null","null","null",999,FALSE,FALSE,FALSE,"null","null","null","null","null",106.41,0,312930,24,"Leaf vs Root","Root","Root enriched - FDR supported"
"F1612_mz192.1597_rt0.49",-2.01160740277145,21.8693378836188,-5.10869618688278,0.00375125692988113,0.0114375316865463,-1.59833536445163,1612,0.49,192.15967,"Unknown","[M+H]+","similar chromatogram in higher mz_2382; similar chromatogram in higher mz_3128; similar chromatogram in higher mz_3089",0.75,TRUE,"null","null","null","null",999,FALSE,FALSE,FALSE,"null","null","null","null","null",496.82,327228,27.1614221233448,18,"Leaf vs Root","Root","Root enriched - FDR supported"
"F2470_mz255.211_rt4.69",-1.13822841403846,17.2749836614144,-5.10235868265463,0.00377134897490534,0.0114614044480783,-1.60423994762797,2470,4.692,255.21097,"Unknown","[M+H]+","ion correlated with 4357; ion correlated with 1350",0.214,FALSE,"null","null","null","null",999,FALSE,FALSE,FALSE,"null","null","null","null","null",11.37,0,215392,6,"Leaf vs Root","Root","Root enriched - FDR supported"
"F3299_mz316.2853_rt2.25",-1.32838611332053,13.8513149328391,-5.1022211843914,0.00377178628374433,0.0114614044480783,-1.60436811581284,3299,2.252,316.28525,"Unknown","[M+H]+",NA,0.071,TRUE,"null","null","null","null",999,FALSE,FALSE,FALSE,"null","null","null","null","null",89.35,1298.66666666667,178.430366760708,18,"Leaf vs Root","Root","Root enriched - FDR supported"
"F2288_mz241.0977_rt1.08",-3.89935543825238,14.8240458023201,-5.08993428794936,0.00381110482068413,0.0115614188257729,-1.61583201117018,2288,1.076,241.09773,"Unknown","[M+H]+","ion correlated with 1943",0.357,TRUE,"null","null","null","null",999,FALSE,FALSE,FALSE,"null","null","null","null","null",95.19,29593.3333333333,49.7394884155751,24,"Leaf vs Root","Root","Root enriched - FDR supported"
"F530_mz117.0548_rt0.7",-2.17022749553644,16.221580851768,-5.08399713908144,0.00383027552330983,0.0115955430572206,-1.62137909642939,530,0.704,117.05482,"Unknown","[M+H]+","ion correlated with 4471; ion correlated with 1256; ion correlated with 2583; ion correlated with 52; ion correlated with 1567; ion correlated with 2015; ion correlated with 2206; ion correlated with 2543; ion correlated with 1187; ion correlated with 1441; ion correlated with 361; ion correlated with 1376; ion correlated with 2929; ion correlated with 2962",0.143,FALSE,"null","null","null","null",999,FALSE,FALSE,FALSE,"null","null","null","null","null",84.31,173482.666666667,10.0126371166546,24,"Leaf vs Root","Root","Root enriched - FDR supported"
"F1604_mz192.0555_rt0.45",-2.61998475038576,19.1966526328406,-5.08247709202516,0.00383520177571229,0.0115955430572206,-1.62280007721644,1604,0.449,192.05545,"Unknown","[M+2H]2+",NA,0.214,FALSE,"null","null","null","null",999,FALSE,FALSE,FALSE,"null","null","null","null","null",90.91,3017,437.537773359841,24,"Leaf vs Root","Root","Root enriched - FDR supported"
"F806_mz136.0759_rt0.85",1.36411349361892,16.2115701196522,5.07686014484273,0.00385346985056082,0.0116312927763583,-1.62805377798824,806,0.848,136.07594,"Unknown","[M+H]+","ion correlated with 1214; ion correlated with 2544; ion correlated with 2928; found in higher mz's MsMs_1477; found in higher mz's MsMs_3267",0.5,TRUE,"null","null","null","null",999,FALSE,FALSE,FALSE,"null","null","null","null","null",839,29914.3333333333,657.794408664453,24,"Leaf vs Root","Leaf","Leaf enriched - FDR supported"
"F4658_mz514.2289_rt1.04",4.95323248470471,17.7743500904433,5.06255219176221,0.00390046520484523,0.0117339288989106,-1.64145657286891,4658,1.041,514.22894,"Unknown","[M+H]+","ion correlated with 1654; ion correlated with 2793; ion correlated with 3608; ion correlated with 1217; ion correlated with 3309; ion correlated with 1837; ion correlated with 4557; ion correlated with 4649; ion correlated with 819; ion correlated with 3463; ion correlated with 4722; ion correlated with 4603; ion correlated with 3140",0.107,TRUE,"null","null","null","null",999,FALSE,FALSE,FALSE,"null","null","null","null","null",41395.82,0,2577571,9,"Leaf vs Root","Leaf","Leaf enriched - FDR supported"
"F1231_mz166.0864_rt0.95",1.46497225994831,22.8717990370991,5.06223314425817,0.00390152074640827,0.0117339288989106,-1.64175576653445,1231,0.952,166.08643,"Unknown","[M+H]+","ion correlated with 762; similar chromatogram in higher mz_2114; similar chromatogram in higher mz_4435",0.964,TRUE,"null","null","null","null",999,FALSE,FALSE,FALSE,"null","null","null","null","null",21733.08,296004.666666667,1864.25577325659,24,"Leaf vs Root","Leaf","Leaf enriched - FDR supported"
"F4684_mz524.2498_rt1.13",3.78040729251704,17.1006350910663,5.05956969863666,0.00391034556848678,0.0117339288989106,-1.64425403214902,4684,1.133,524.24982,"Unknown","[M+H]+","ion correlated with 799; ion correlated with 4338; ion correlated with 2012; ion correlated with 3463; ion correlated with 3971; ion correlated with 4709; ion correlated with 1598; ion correlated with 1870; ion correlated with 4719; ion correlated with 798; ion correlated with 4952; ion correlated with 4743",0.107,TRUE,"null","null","null","null",999,FALSE,FALSE,FALSE,"null","null","null","null","null",19076.33,0,1554244,9,"Leaf vs Root","Leaf","Leaf enriched - FDR supported"
"F634_mz124.0395_rt0.5",-2.18655727829147,16.150341738026,-5.05862641164927,0.00391347656351478,0.0117339288989106,-1.64513905972732,634,0.499,124.03953,"Unknown","[M+H]+","found in higher mz's MsMs_2482; found in higher mz's MsMs_3427",0.143,FALSE,"null","null","null","null",999,FALSE,FALSE,FALSE,"null","null","null","null","null",71.5,187739.333333333,15.5056398820356,24,"Leaf vs Root","Root","Root enriched - FDR supported"
"F2322_mz244.0933_rt0.49",-1.98161770773906,16.2975643273882,-5.03131584544873,0.00400541008316517,0.0119744882521753,-1.67081757525941,2322,0.488,244.09331,"Unknown","[M+H]+","ion correlated with 505; ion correlated with 4479; ion correlated with 459; ion correlated with 968; ion correlated with 1680",0.357,FALSE,"null","null","null","null",999,FALSE,FALSE,FALSE,"null","null","null","null","null",681.5,0,4080381,18,"Leaf vs Root","Root","Root enriched - FDR supported"
"F990_mz147.0765_rt0.46",-1.83806509943233,24.9445503084961,-5.03085714927022,0.00400697557025701,0.0119744882521753,-1.67124976472766,990,0.459,147.07654,"Unknown","[M+H]+",NA,0.643,TRUE,"null","null","null","null",999,FALSE,FALSE,FALSE,"null","null","null","null","null",1406.56,847.333333333333,55467.7497053045,24,"Leaf vs Root","Root","Root enriched - FDR supported"
"F727_mz130.0979_rt0.49",-2.2736344491096,19.5099856228929,-5.02574511244443,0.0040244709393524,0.0120068926372415,-1.676068417662,727,0.489,130.09787,"Unknown","[M+H]+",NA,0.071,FALSE,"null","null","null","null",999,FALSE,FALSE,FALSE,"null","null","null","null","null",94.17,3615.66666666667,858.2933640553,18,"Leaf vs Root","Root","Root enriched - FDR supported"
"F467_mz112.5388_rt0.39",-1.73176027129686,16.0965960175875,-5.02001871090368,0.00404417498126958,0.0120457687148376,-1.68147059410053,467,0.393,112.53885,"Unknown","[M+H]+",NA,0.071,FALSE,"null","null","null","null",999,FALSE,FALSE,FALSE,"null","null","null","null","null",15.6,770.666666666667,177.523542116631,20,"Leaf vs Root","Root","Root enriched - FDR supported"
"F1566_mz189.0526_rt0.41",-1.64209036731821,17.3882333200525,-5.01326843948045,0.00406754697210909,0.0120954238626967,-1.68784466989204,1566,0.412,189.05261,"Unknown","[M+H]+",NA,0.321,FALSE,"null","null","null","null",999,FALSE,FALSE,FALSE,"null","null","null","null","null",30.05,7721.33333333333,26.683515345103,24,"Leaf vs Root","Root","Root enriched - FDR supported"
"F1088_mz155.1068_rt1.02",3.332083054904,18.6231319578513,5.01131416829649,0.00407434282474944,0.0120957052609749,-1.68969124155728,1088,1.025,155.10681,"Unknown","[M+H]+","ion correlated with 1714; ion correlated with 3311",0.107,TRUE,"null","null","null","null",999,FALSE,FALSE,FALSE,"null","null","null","null","null",353.56,38314.6666666667,140.105796584513,22,"Leaf vs Root","Leaf","Leaf enriched - FDR supported"
"F3285_mz315.2323_rt6.04",-1.51155876450184,16.6360979719104,-5.00845776592978,0.00408429965527237,0.0121053544790913,-1.69239120847616,3285,6.038,315.2323,"Unknown","[M+H]+",NA,0.036,FALSE,"null","null","null","null",999,FALSE,FALSE,FALSE,"null","null","null","null","null",3.53,0,141674,6,"Leaf vs Root","Root","Root enriched - FDR supported"
"F2965_mz290.8478_rt0.42",3.63972742934564,19.8061008578982,5.00533905705361,0.00409520330587265,0.0121058878876162,-1.6953404462966,2965,0.418,290.84775,"Unknown","[M+H]+","ion correlated with 1828; ion correlated with 1657; ion correlated with 1505; ion correlated with 2176; ion correlated with 2202",0.786,TRUE,"null","null","null","null",999,FALSE,FALSE,FALSE,"null","null","null","null","null",18719.76,0,6420465,24,"Leaf vs Root","Leaf","Leaf enriched - FDR supported"
"F4464_mz458.856_rt0.39",-2.14499545697061,16.4077068628481,-5.00457113015088,0.0040978933514313,0.0121058878876162,-1.69606685705214,4464,0.392,458.85596,"Unknown","[M+H]+","ion correlated with 4385; ion correlated with 3606; ion correlated with 770; ion correlated with 3634; ion correlated with 2414",0.393,FALSE,"null","null","null","null",999,FALSE,FALSE,FALSE,"null","null","null","null","null",6300.05,0,985812,24,"Leaf vs Root","Root","Root enriched - FDR supported"
"F1714_mz199.0968_rt1",2.94688967903244,18.2957711175538,4.99735626902677,0.00412326803310888,0.0121609457512443,-1.70289577848429,1714,1.005,199.09677,"Unknown","[M+H]+","ion correlated with 1458; ion correlated with 3311; ion correlated with 1088; ion correlated with 1837",0.107,TRUE,"null","null","null","null",999,FALSE,FALSE,FALSE,"null","null","null","null","null",84.71,109497.666666667,24.510307583654,24,"Leaf vs Root","Leaf","Leaf enriched - FDR supported"
"F2198_mz232.9286_rt0.4",-1.78194720344356,19.1540615583449,-4.98719540853863,0.00415931567998629,0.0122472509011016,-1.7125257362866,2198,0.397,232.92859,"Unknown","[M+H]+","ion correlated with 1709; ion correlated with 1936",0.821,TRUE,"null","null","null","null",999,FALSE,FALSE,FALSE,"null","null","null","null","null",958.51,5584,792.939122649955,24,"Leaf vs Root","Root","Root enriched - FDR supported"
"F3308_mz317.1368_rt0.42",-1.13590960877282,17.2511392844122,-4.98414376097496,0.00417021377549106,0.0122593417992856,-1.71542082237112,3308,0.415,317.13681,"Unknown","[M+H]+","similar chromatogram in higher mz_3640",0.321,FALSE,"null","null","null","null",999,FALSE,FALSE,FALSE,"null","null","null","null","null",52.62,0,306581,24,"Leaf vs Root","Root","Root enriched - FDR supported"
"F2837_mz282.1456_rt1.22",-1.61888564677732,14.3704151498625,-4.95495795590028,0.00427614469282247,0.0125503108464139,-1.74317678750338,2837,1.221,282.14557,"Unknown","[M+H]+","ion correlated with 1980; ion correlated with 2147",0.071,FALSE,"null","null","null","null",999,FALSE,FALSE,FALSE,"null","null","null","null","null",35.19,20132,11.0346197784732,24,"Leaf vs Root","Root","Root enriched - FDR supported"
"F663_mz125.9864_rt0.39",-1.33126484740567,23.4376336430541,-4.95299103275634,0.00428339600502217,0.0125511847225081,-1.74505175352006,663,0.394,125.98639,"Unknown","[M+H]+","ion correlated with 222",0.857,TRUE,"null","null","null","null",999,FALSE,FALSE,FALSE,"null","null","null","null","null",936.84,345436.333333333,160.462959996603,24,"Leaf vs Root","Root","Root enriched - FDR supported"
"F2631_mz268.1044_rt0.87",-1.77894619265328,21.213612726017,-4.92563533491493,0.00438574931179372,0.0128302714875003,-1.77118635627279,2631,0.869,268.1044,"Unknown","[M+H]+","ion correlated with 1477",0.643,TRUE,"null","null","null","null",999,FALSE,FALSE,FALSE,"null","null","null","null","null",13901.03,36097.3333333333,3336.55562121982,24,"Leaf vs Root","Root","Root enriched - FDR supported"
"F2936_mz288.9192_rt0.41",-1.36414082264333,17.5710045279786,-4.92218631802247,0.00439885563736561,0.0128477903324351,-1.77448909009509,2936,0.409,288.91925,"Unknown","[M+H]+",NA,0.821,FALSE,"null","null","null","null",999,FALSE,FALSE,FALSE,"null","null","null","null","null",79.9,6287,77.2760814249364,24,"Leaf vs Root","Root","Root enriched - FDR supported"
"F571_mz119.5247_rt0.54",-1.9876448827713,16.887912962271,-4.91413974633883,0.00442961086569412,0.0129167166600612,-1.78220107649117,571,0.542,119.52468,"Unknown","[M+H]+",NA,0.107,FALSE,"null","null","null","null",999,FALSE,FALSE,FALSE,"null","null","null","null","null",154.65,0,237359,18,"Leaf vs Root","Root","Root enriched - FDR supported"
"F2812_mz280.0922_rt0.45",-2.55117615581161,17.591606633596,-4.9112923992136,0.00444055391764822,0.0129277416473468,-1.78493227412461,2812,0.452,280.09225,"Unknown","[M+H]+",NA,0.536,FALSE,"null","null","null","null",999,FALSE,FALSE,FALSE,"null","null","null","null","null",3066.23,0,1719333,18,"Leaf vs Root","Root","Root enriched - FDR supported"
"F1832_mz207.1017_rt1.12",3.385542607534,16.3652210555719,4.90311328092011,0.0044721641577485,0.0129988024230854,-1.79278428594266,1832,1.118,207.10173,"Unknown","[M+H]+",NA,0.179,FALSE,"null","null","null","null",999,FALSE,FALSE,FALSE,"null","null","null","null","null",66.74,3548,206.714285714286,24,"Leaf vs Root","Leaf","Leaf enriched - FDR supported"
"F2414_mz250.9391_rt0.4",-1.91345219553178,17.4703585428982,-4.88306713129591,0.00455075416278656,0.0132059666621057,-1.81206981261537,2414,0.401,250.93913,"Unknown","[M+H]+","ion correlated with 3606; ion correlated with 4464; ion correlated with 717; ion correlated with 770; ion correlated with 3634; ion correlated with 35; ion correlated with 1170",0.429,FALSE,"null","null","null","null",999,FALSE,FALSE,FALSE,"null","null","null","null","null",130.93,1010.66666666667,1000.60032948929,24,"Leaf vs Root","Root","Root enriched - FDR supported"
"F1687_mz197.0811_rt1.01",4.27629021781211,16.7844294393601,4.87004095004818,0.00460268646720742,0.0133352312573185,-1.82463307797124,1687,1.012,197.0811,"Unknown","[M+H]+","ion correlated with 4687; similar chromatogram in higher mz_2036",0.107,TRUE,"null","null","null","null",999,FALSE,FALSE,FALSE,"null","null","null","null","null",112.9,24007.3333333333,72.8248385977091,21,"Leaf vs Root","Leaf","Leaf enriched - FDR supported"
"F4587_mz490.1775_rt0.47",1.54853091177712,18.666993899504,4.86367181065308,0.00462833016565828,0.0133880383798288,-1.83078488082498,4587,0.471,490.17746,"Unknown","[M+H]+","ion correlated with 747; ion correlated with 1096; ion correlated with 387; ion correlated with 336",0.536,TRUE,"null","null","null","null",999,FALSE,FALSE,FALSE,"null","null","null","null","null",102628.44,0,9690417,17,"Leaf vs Root","Leaf","Leaf enriched - FDR supported"
"F1214_mz165.0548_rt0.83",1.80043676615711,16.5031298182152,4.84693906255071,0.00469649808499027,0.0135634864694519,-1.84697488339182,1214,0.833,165.05482,"Unknown","[M+H]+","ion correlated with 806",0.357,TRUE,"null","null","null","null",999,FALSE,FALSE,FALSE,"null","null","null","null","null",1207.12,10033.6666666667,2076.01146027106,24,"Leaf vs Root","Leaf","Leaf enriched - FDR supported"
"F2937_mz289.0713_rt1.06",-1.48232917585806,19.8944632411264,-4.83912454720851,0.00472873445736124,0.0136347694816886,-1.85454995778624,2937,1.064,289.07126,"Unknown","[M+H]+","similar chromatogram in higher mz_3371",0.214,TRUE,"null","null","null","null",999,FALSE,FALSE,FALSE,"null","null","null","null","null",193.45,0,1469501,7,"Leaf vs Root","Root","Root enriched - FDR supported"
"F2507_mz257.9776_rt0.4",-1.41743864592724,20.522889175785,-4.83556031429286,0.00474352322626321,0.0136555971665153,-1.85800795148787,2507,0.397,257.9776,"Unknown","[M+H]+","ion correlated with 2219",0.857,TRUE,"null","null","null","null",999,FALSE,FALSE,FALSE,"null","null","null","null","null",15563.92,0,5058283,24,"Leaf vs Root","Root","Root enriched - FDR supported"
"F233_mz92.5225_rt0.39",-1.29586529290932,18.2016902779961,-4.83121816483657,0.00476161265936761,0.0136661710382296,-1.86222319105978,233,0.394,92.52245,"Unknown","[M+H]2+","ion correlated with 273; ion correlated with 452; adduct linked to 1516_[M+H]+",0.679,FALSE,"null","null","null","null",999,FALSE,FALSE,FALSE,"null","null","null","null","null",189.17,2488.66666666667,634.356808140313,24,"Leaf vs Root","Root","Root enriched - FDR supported"
"F691_mz128.0194_rt0.4",-0.983263172076989,25.5609286712865,-4.82963848961813,0.004768213542908,0.0136661710382296,-1.86375738251246,691,0.395,128.01941,"Unknown","[M+H]+","ion correlated with 427; found in higher mz's MsMs_1037; found in higher mz's MsMs_964; found in higher mz's MsMs_1285",0.857,TRUE,"null","null","null","null",999,FALSE,FALSE,FALSE,"null","null","null","null","null",6753.87,274398.666666667,232.88126321825,24,"Leaf vs Root","Root","Not selected"
"F3067_mz298.8794_rt0.41",-1.97173193341211,15.6645327751286,-4.82763295633433,0.00477660930665386,0.0136661710382296,-1.86570569780948,3067,0.41,298.87936,"Unknown","[M+H]+",NA,0.214,FALSE,"null","null","null","null",999,FALSE,FALSE,FALSE,"null","null","null","null","null",73.52,2072,72.1953690303907,20,"Leaf vs Root","Root","Root enriched - FDR supported"
"F721_mz130.0082_rt0.44",-1.05155725110489,22.8683754873804,-4.82742487141251,0.00477748139896006,0.0136661710382296,-1.86590787985845,721,0.439,130.00816,"Unknown","[M+H]+",NA,0.036,FALSE,"null","null","null","null",999,FALSE,FALSE,FALSE,"null","null","null","null","null",38.2,221735.666666667,43.7511988695299,24,"Leaf vs Root","Root","Root enriched - FDR supported"
"F1120_mz158.0814_rt0.97",2.18925862285543,18.4523845850984,4.82162245882267,0.00480187446158313,0.013713063839354,-1.87154825218862,1120,0.974,158.08145,"Unknown","[M+H]+","ion correlated with 2114; ion correlated with 309; similar chromatogram in higher mz_4843; similar chromatogram in higher mz_3246; similar chromatogram in higher mz_3674",0.5,TRUE,"null","null","null","null",999,FALSE,FALSE,FALSE,"null","null","null","null","null",337.88,41592.6666666667,218.29227206065,24,"Leaf vs Root","Leaf","Leaf enriched - FDR supported"
"F2611_mz266.928_rt0.41",-4.41573657670649,15.2480248213629,-4.8199176606386,0.00480906892538009,0.013713063839354,-1.87320638149715,2611,0.406,266.92801,"Unknown","[M+H]+",NA,0.393,FALSE,"null","null","null","null",999,FALSE,FALSE,FALSE,"null","null","null","null","null",53.71,0,199566,24,"Leaf vs Root","Root","Root enriched - FDR supported"
"F1123_mz158.1177_rt1.15",-1.9062685307348,13.4788834238344,-4.81479255572729,0.00483077330199433,0.0137532268298104,-1.87819375894707,1123,1.145,158.11772,"Unknown","[M+H]+","ion correlated with 4335; ion correlated with 3958; ion correlated with 3759; ion correlated with 3584; ion correlated with 2671; ion correlated with 3738; ion correlated with 1966",0.071,FALSE,"null","null","null","null",999,FALSE,FALSE,FALSE,"null","null","null","null","null",4.54,17067.6666666667,9.50361285786822,24,"Leaf vs Root","Root","Root enriched - FDR supported"
"F686_mz127.513_rt0.54",-2.53214854014481,16.6006153065004,-4.809043854483,0.00485525455368109,0.0138011566447155,-1.88379257133845,686,0.54,127.51295,"Unknown","[M+H]+",NA,0.25,FALSE,"null","null","null","null",999,FALSE,FALSE,FALSE,"null","null","null","null","null",141.93,540.333333333333,493.309729064039,17,"Leaf vs Root","Root","Root enriched - FDR supported"
"F723_mz130.017_rt0.39",-1.04164891490905,22.9428287863252,-4.80399291709583,0.00487688373715395,0.013840841423841,-1.88871582726956,723,0.394,130.01697,"Unknown","[M+H]+",NA,0.321,FALSE,"null","null","null","null",999,FALSE,FALSE,FALSE,"null","null","null","null","null",950.49,171398,59.6954708020467,24,"Leaf vs Root","Root","Root enriched - FDR supported"
"F1275_mz168.9213_rt0.41",-1.18971519800821,17.032770843757,-4.7933661342686,0.00492275760967855,0.0139491012330766,-1.89908625146139,1275,0.414,168.92134,"Unknown","[M+H]+",NA,0.357,FALSE,"null","null","null","null",999,FALSE,FALSE,FALSE,"null","null","null","null","null",76.71,21990,8.34227638579419,24,"Leaf vs Root","Root","Root enriched - FDR supported"
"F1026_mz149.5264_rt0.51",-1.86122182221042,18.2954239446275,-4.78351163880545,0.00496574758276306,0.014048862675372,-1.90871790583501,1026,0.511,149.52644,"Unknown","[M+H]+","similar chromatogram in higher mz_1265; similar chromatogram in higher mz_1115; similar chromatogram in higher mz_2958; similar chromatogram in higher mz_4089; similar chromatogram in higher mz_4513; similar chromatogram in higher mz_4571; similar chromatogram in higher mz_4768",0.214,FALSE,"null","null","null","null",999,FALSE,FALSE,FALSE,"null","null","null","null","null",2436.13,492.666666666667,956.671843349088,13,"Leaf vs Root","Root","Root enriched - FDR supported"
"F222_mz90.526_rt0.4",-1.36068193533889,23.9002412398364,-4.77228498682342,0.00501525765760297,0.0141513535059746,-1.91970817143446,222,0.396,90.52601,"Unknown","[M+2H]2+",NA,0.857,TRUE,"null","null","null","null",999,FALSE,FALSE,FALSE,"null","null","null","null","null",810.78,293752,287.8033756251,24,"Leaf vs Root","Root","Root enriched - FDR supported"
"F859_mz139.9881_rt8.02",-1.68967455461815,15.1376327468239,-4.77174478737137,0.00501765442871123,0.0141513535059746,-1.92023746660003,859,8.023,139.9881,"Unknown","[M+H]+",NA,0.036,TRUE,"null","null","null","null",999,FALSE,FALSE,FALSE,"null","null","null","null","null",6.93,23784.3333333333,9.59885643814115,24,"Leaf vs Root","Root","Root enriched - FDR supported"
"F122_mz79.3637_rt0.64",-2.65503390623199,18.1220350376905,-4.76834252700959,0.00503278037188586,0.0141718698459501,-1.92357204269571,122,0.645,79.36369,"Unknown","[M+H]+","ion correlated with 101",0.429,FALSE,"null","null","null","null",999,FALSE,FALSE,FALSE,"null","null","null","null","null",403.53,7179.33333333333,155.345573557402,24,"Leaf vs Root","Root","Root enriched - FDR supported"
"F4713_mz537.3409_rt8.95",-3.61932350733516,14.856373628758,-4.75965126322051,0.00507166223028126,0.0142591126567877,-1.93209818632897,4713,8.949,537.34088,"Unknown","[M+H]+",NA,0.071,TRUE,"null","null","null","null",999,FALSE,FALSE,FALSE,"null","null","null","null","null",3006.55,2097,80.0414680648236,18,"Leaf vs Root","Root","Root enriched - FDR supported"
"F545_mz118.0863_rt0.65",-1.09078630896282,22.6899568692554,-4.75530876794619,0.0050912201634609,0.0142918388725458,-1.93636237547557,545,0.654,118.08631,"Unknown","[M+H]+",NA,0.357,TRUE,"null","null","null","null",999,FALSE,FALSE,FALSE,"null","null","null","null","null",556.45,5296999.33333333,37.1691637927655,24,"Leaf vs Root","Root","Root enriched - FDR supported"
"F594_mz121.065_rt1.2",2.67317764139971,14.4205588251352,4.72973653692572,0.00520819149075309,0.0145863870943755,-1.96153026935834,594,1.201,121.06503,"Unknown","[M+H]+","ion correlated with 3105",0.036,FALSE,"null","null","null","null",999,FALSE,FALSE,FALSE,"null","null","null","null","null",23.45,5081.33333333333,28.827310290549,24,"Leaf vs Root","Leaf","Leaf enriched - FDR supported"
"F588_mz120.5548_rt0.41",-1.17255477149671,15.2939226607567,-4.72884835578633,0.00521231006973528,0.0145863870943755,-1.96240615432362,588,0.409,120.5548,"Unknown","[M+H]+","ion correlated with 528",0.107,FALSE,"null","null","null","null",999,FALSE,FALSE,FALSE,"null","null","null","null","null",126.73,0,204287,23,"Leaf vs Root","Root","Root enriched - FDR supported"
"F3468_mz331.2247_rt5.57",-14.0750695115307,13.6687653883622,-4.71811024866116,0.00526240496727553,0.0147037785850346,-1.9730048992416,3468,5.566,331.22467,"Unknown","[M+H]+","ion correlated with 3217; similar chromatogram in higher mz_3735",0.107,TRUE,"null","null","null","null",999,FALSE,FALSE,FALSE,"null","null","null","null","null",78.64,0,1045779,7,"Leaf vs Root","Root","Root enriched - FDR supported"
"F717_mz129.9793_rt0.39",-1.51444880918615,17.6191350886428,-4.71265082874397,0.00528808882692938,0.0147527053054212,-1.97840005677423,717,0.393,129.97932,"Unknown","[M+H]+","ion correlated with 3434; ion correlated with 3606; ion correlated with 3634; ion correlated with 35; ion correlated with 2414; ion correlated with 1170",0.429,FALSE,"null","null","null","null",999,FALSE,FALSE,FALSE,"null","null","null","null","null",59.66,40799,21.608112745098,24,"Leaf vs Root","Root","Root enriched - FDR supported"
"F184_mz86.0966_rt1.14",-1.29237235131021,14.901905046265,-4.70455978113054,0.00532642209167,0.0148339220106618,-1.98640404695765,184,1.143,86.0966,"Unknown","[M+H]+","ion correlated with 584; ion correlated with 2345; found in higher mz's MsMs_1359; found in higher mz's MsMs_696",0.071,FALSE,"null","null","null","null",999,FALSE,FALSE,FALSE,"null","null","null","null","null",49.49,47254,49.0365675589885,24,"Leaf vs Root","Root","Root enriched - FDR supported"
"F5102_mz746.2346_rt0.95",1.42629629650297,15.5173722187717,4.7019293232594,0.00533895412235251,0.0148339220106618,-1.98900830800009,5102,0.95,746.23462,"Unknown","[M+H]+","ion correlated with 2695; ion correlated with 1886; ion correlated with 4073; ion correlated with 4151; ion correlated with 4483; ion correlated with 4729",0.107,FALSE,"null","null","null","null",999,FALSE,FALSE,FALSE,"null","null","null","null","null",20.29,0,153778,6,"Leaf vs Root","Leaf","Leaf enriched - FDR supported"
"F256_mz97.0286_rt0.48",-1.06838166597998,21.049906588665,-4.70132133718656,0.00534185557170645,0.0148339220106618,-1.98961038623396,256,0.477,97.02856,"Unknown","[M+H]+","found in higher mz's MsMs_3782; found in higher mz's MsMs_2608; found in higher mz's MsMs_1698; found in higher mz's MsMs_2771; found in higher mz's MsMs_2814; found in higher mz's MsMs_1438; found in higher mz's MsMs_3407; found in higher mz's MsMs_3408; found in higher mz's MsMs_2790; found in higher mz's MsMs_2833; found in higher mz's MsMs_2482; found in higher mz's MsMs_2572",0.643,FALSE,"null","null","null","null",999,FALSE,FALSE,FALSE,"null","null","null","null","null",206.97,117632,25.2849965570886,24,"Leaf vs Root","Root","Root enriched - FDR supported"
"F2912_mz287.2371_rt4.2",-2.84463344717548,15.5333758898725,-4.6538363569319,0.00557424073725875,0.0154554601086821,-2.03680498483332,2912,4.195,287.23712,"Unknown","[M+H]+",NA,0.036,TRUE,"null","null","null","null",999,FALSE,FALSE,FALSE,"null","null","null","null","null",15.63,0,139141,7,"Leaf vs Root","Root","Root enriched - FDR supported"
"F1408_mz177.1276_rt1.19",2.63662650474609,13.8671699364661,4.64879583321042,0.00559959213385224,0.0155019383460173,-2.04183456081951,1408,1.192,177.12762,"Unknown","[M+H]+","ion correlated with 4543; ion correlated with 3574; ion correlated with 955; ion correlated with 1195; ion correlated with 3744; ion correlated with 4111; ion correlated with 4432; ion correlated with 4076; ion correlated with 1470; similar chromatogram in higher mz_3011; similar chromatogram in higher mz_2777; similar chromatogram in higher mz_4792; similar chromatogram in higher mz_2522; similar chromatogram in higher mz_4937; similar chromatogram in higher mz_4806; similar chromatogram in higher mz_3274; similar chromatogram in higher mz_4593; similar chromatogram in higher mz_4673",0.036,FALSE,"null","null","null","null",999,FALSE,FALSE,FALSE,"null","null","null","null","null",23.79,2087,68.9516283524904,24,"Leaf vs Root","Leaf","Leaf enriched - FDR supported"
"F1246_mz167.013_rt0.4",-1.65714203808989,20.9493104291977,-4.64266304866586,0.00563061815331369,0.0155639598265409,-2.04795918317715,1246,0.397,167.01297,"Unknown","[M+H]+","ion correlated with 2274",0.821,TRUE,"null","null","null","null",999,FALSE,FALSE,FALSE,"null","null","null","null","null",52.84,67494.6666666667,119.357766177582,24,"Leaf vs Root","Root","Root enriched - FDR supported"
"F2943_mz289.1422_rt0.42",-0.919249706058449,17.6401807586572,-4.63458746422067,0.00567177840314104,0.0156537614949076,-2.05603266386408,2943,0.415,289.14215,"Unknown","[M+H]+",NA,0.25,FALSE,"null","null","null","null",999,FALSE,FALSE,FALSE,"null","null","null","null","null",20.2,0,248020,24,"Leaf vs Root","Root","Not selected"
"F1787_mz203.1506_rt0.48",-1.39322258473077,20.50148961584,-4.6278181658401,0.0057065504737846,0.0157256848934064,-2.06280777628025,1787,0.476,203.15056,"Unknown","[M+H]+",NA,0.464,TRUE,"null","null","null","null",999,FALSE,FALSE,FALSE,"null","null","null","null","null",297.74,0,1715559,18,"Leaf vs Root","Root","Root enriched - FDR supported"
"F3823_mz364.1972_rt1.08",1.59426848554739,18.1094611816918,4.62113426655402,0.00574112735324885,0.0157901945553879,-2.06950420315916,3823,1.085,364.19717,"Unknown","[M+H]+","ion correlated with 1217; ion correlated with 3562; ion correlated with 4257; ion correlated with 4557; ion correlated with 3349; ion correlated with 3962; ion correlated with 392; ion correlated with 4649; ion correlated with 819; ion correlated with 3491; ion correlated with 4603; ion correlated with 3140; ion correlated with 4693; ion correlated with 3680; ion correlated with 4724; ion correlated with 4510; ion correlated with 4647",0.143,FALSE,"null","null","null","null",999,FALSE,FALSE,FALSE,"null","null","null","null","null",690.61,737.333333333333,1288.54808126411,16,"Leaf vs Root","Leaf","Leaf enriched - FDR supported"
"F306_mz99.5314_rt0.41",-1.34069342884764,22.2318644208573,-4.61991600042308,0.00574745585755672,0.0157901945553879,-2.07072547976151,306,0.406,99.53137,"Unknown","[M+2H]2+","ion correlated with 142; similar chromatogram in higher mz_4287; similar chromatogram in higher mz_2241; similar chromatogram in higher mz_3740; similar chromatogram in higher mz_4157; similar chromatogram in higher mz_4261; similar chromatogram in higher mz_3168; similar chromatogram in higher mz_4596; similar chromatogram in higher mz_4140",0.857,TRUE,"null","null","null","null",999,FALSE,FALSE,FALSE,"null","null","null","null","null",465.42,129915.333333333,153.389389068349,24,"Leaf vs Root","Root","Root enriched - FDR supported"
"F174_mz84.9599_rt0.39",-1.10731704024587,21.9979354259731,-4.61422875502347,0.00577710682154606,0.0158316720099879,-2.07642974688799,174,0.393,84.95986,"Unknown","[M+H]+","ion correlated with 142; ion correlated with 49; ion correlated with 195; found in higher mz's MsMs_663; found in higher mz's MsMs_1974; found in higher mz's MsMs_1246; found in higher mz's MsMs_921; found in higher mz's MsMs_343; found in higher mz's MsMs_2006; found in higher mz's MsMs_2507",0.857,TRUE,"null","null","null","null",999,FALSE,FALSE,FALSE,"null","null","null","null","null",181.52,155291.333333333,155.602498084258,24,"Leaf vs Root","Root","Root enriched - FDR supported"
"F3982_mz381.0947_rt0.99",-3.61039003726742,14.6533415150767,-4.61365744629537,0.00578009521029475,0.0158316720099879,-2.07700303581877,3982,0.991,381.09467,"Unknown","[M+H]+","ion correlated with 5037; ion correlated with 3835",0.036,FALSE,"null","null","null","null",999,FALSE,FALSE,FALSE,"null","null","null","null","null",113.33,0,140390,6,"Leaf vs Root","Root","Root enriched - FDR supported"
"F2274_mz239.9668_rt0.39",-1.31252829539077,21.0267076741289,-4.60152520162513,0.00584398263571077,0.0159824070567545,-2.08918899206096,2274,0.39,239.96683,"Unknown","[M+H]+","ion correlated with 1974; ion correlated with 1246",0.857,FALSE,"null","null","null","null",999,FALSE,FALSE,FALSE,"null","null","null","null","null",7020.12,756,13114.9194187583,24,"Leaf vs Root","Root","Root enriched - FDR supported"
"F668_mz126.0551_rt0.62",-1.47013689630748,15.3090998223778,-4.59891497413525,0.00585783498339439,0.0159956159616002,-2.09181368872538,668,0.623,126.05506,"Unknown","[M+H]+",NA,0.429,TRUE,"null","null","null","null",999,FALSE,FALSE,FALSE,"null","null","null","null","null",135.68,109893.333333333,52.6810693908997,24,"Leaf vs Root","Root","Root enriched - FDR supported"
"F3933_mz375.2147_rt5.69",1.15200118627524,15.4483749839613,4.59727905965795,0.0058665361587697,0.0159956159616002,-2.09345919775114,3933,5.693,375.21466,"Unknown","[M+H]+","ion correlated with 2949; ion correlated with 4078; ion correlated with 4085; ion correlated with 3578; ion correlated with 2782; ion correlated with 1467; ion correlated with 4812; ion correlated with 4852; ion correlated with 1833",0.071,FALSE,"null","null","null","null",999,FALSE,FALSE,FALSE,"null","null","null","null","null",12.52,0,136518,6,"Leaf vs Root","Leaf","Leaf enriched - FDR supported"
"F261_mz97.0287_rt0.79",2.42719974568671,17.4608438597105,4.59487997911582,0.00587932368458328,0.0160063035455095,-2.09587308234518,261,0.79,97.02866,"Unknown","[M+H]+",NA,0.036,FALSE,"null","null","null","null",999,FALSE,FALSE,FALSE,"null","null","null","null","null",43.74,78694,10.3051655124214,24,"Leaf vs Root","Leaf","Leaf enriched - FDR supported"
"F792_mz135.0807_rt1",3.5504181065583,16.586281322296,4.5918620462227,0.00589545584835994,0.0160257356089262,-2.09891087730204,792,1.005,135.08067,"Unknown","[M+H]+","ion correlated with 4843; ion correlated with 3955; ion correlated with 4029; ion correlated with 3171; ion correlated with 1458; ion correlated with 3937; ion correlated with 3803; ion correlated with 4550; ion correlated with 4165; ion correlated with 4912; ion correlated with 4759; ion correlated with 2865; ion correlated with 4035; found in higher mz's MsMs_1714",0.107,FALSE,"null","null","null","null",999,FALSE,FALSE,FALSE,"null","null","null","null","null",131.12,14171.6666666667,68.9503974787149,16,"Leaf vs Root","Leaf","Leaf enriched - FDR supported"
"F814_mz137.0019_rt0.64",-1.52381123678555,18.9597380501262,-4.58913276114691,0.00591008938627967,0.0160257356089262,-2.10165931420074,814,0.635,137.00189,"Unknown","[M+H]+",NA,0.214,FALSE,"null","null","null","null",999,FALSE,FALSE,FALSE,"null","null","null","null","null",224,0,718240,21,"Leaf vs Root","Root","Root enriched - FDR supported"
"F1621_mz193.0709_rt0.48",1.14182378351214,22.3992743714462,4.5879944381062,0.00591620517788916,0.0160257356089262,-2.10280595897871,1621,0.476,193.07092,"Unknown","[M+H]+","ion correlated with 2176; ion correlated with 1879; ion correlated with 2202; ion correlated with 3203; ion correlated with 2771; ion correlated with 2231",0.214,TRUE,"null","null","null","null",999,FALSE,FALSE,FALSE,"null","null","null","null","null",225.12,0,14195092,9,"Leaf vs Root","Leaf","Leaf enriched - FDR supported"
"F329_mz102.034_rt0.39",-1.79453711794539,21.4374681055645,-4.58692168315253,0.00592197543000211,0.0160257356089262,-2.10388673628737,329,0.394,102.03397,"Unknown","[M+2H]2+",NA,0.679,TRUE,"null","null","null","null",999,FALSE,FALSE,FALSE,"null","null","null","null","null",29.92,190837.666666667,57.4595242753041,24,"Leaf vs Root","Root","Root enriched - FDR supported"
"F3462_mz331.1478_rt0.42",-1.13157011445164,16.6137896558692,-4.58349890940774,0.00594043000189538,0.0160516110081155,-2.10733627414487,3462,0.418,331.14783,"Unknown","[M+H]+",NA,0.214,FALSE,"null","null","null","null",999,FALSE,FALSE,FALSE,"null","null","null","null","null",40.01,0,220537,24,"Leaf vs Root","Root","Root enriched - FDR supported"
"F1183_mz163.0282_rt0.4",-1.00698353373631,17.7864308670145,-4.57783658441603,0.00597110652452896,0.0161103845691701,-2.11304678072531,1183,0.399,163.02815,"Unknown","[M+H]+","ion correlated with 3634; ion correlated with 35",0.214,FALSE,"null","null","null","null",999,FALSE,FALSE,FALSE,"null","null","null","null","null",48.99,20742.3333333333,28.1733890406556,24,"Leaf vs Root","Root","Root enriched - FDR supported"
"F2494_mz256.9603_rt0.64",-1.3566907620352,19.1165656249561,-4.57441802419022,0.00598971623004771,0.0161336976848974,-2.11649678804196,2494,0.643,256.96027,"Unknown","[M+H]+",NA,0.571,FALSE,"null","null","null","null",999,FALSE,FALSE,FALSE,"null","null","null","null","null",274.88,1652.66666666667,472.345494859907,19,"Leaf vs Root","Root","Root enriched - FDR supported"
"F267_mz97.5118_rt0.71",-1.96153785339344,17.7267261040741,-4.5729691376202,0.00599762390391476,0.0161336976848974,-2.11795953874593,267,0.713,97.5118,"Unknown","[M+H]+",NA,0.214,FALSE,"null","null","null","null",999,FALSE,FALSE,FALSE,"null","null","null","null","null",66.84,17899.6666666667,15.2696547614614,24,"Leaf vs Root","Root","Root enriched - FDR supported"
"F3246_mz312.1658_rt0.98",2.34287462426843,15.8987446734436,4.56327648504002,0.00605083721721636,0.0162526207992195,-2.12775315013558,3246,0.976,312.16583,"Unknown","[M+H]+","ion correlated with 3430; ion correlated with 3226; similar chromatogram in higher mz_4058",0.107,FALSE,"null","null","null","null",999,FALSE,FALSE,FALSE,"null","null","null","null","null",39.14,9354.33333333333,28.5188127984038,23,"Leaf vs Root","Leaf","Leaf enriched - FDR supported"
"F2678_mz271.2062_rt3.31",1.80103112007483,15.7757351940219,4.56074551080978,0.00606482263746707,0.0162659804764161,-2.13031284085741,2678,3.31,271.20621,"Unknown","[M+H]+","ion correlated with 3279; ion correlated with 3470; ion correlated with 3848; ion correlated with 3899; ion correlated with 4093; ion correlated with 3975; similar chromatogram in higher mz_3426",0.071,FALSE,"null","null","null","null",999,FALSE,FALSE,FALSE,"null","null","null","null","null",5.17,0,269723,7,"Leaf vs Root","Leaf","Leaf enriched - FDR supported"
"F547_mz118.0863_rt0.51",-1.34322952177344,22.0551222045415,-4.551732198626,0.00611493350322327,0.0163760459544777,-2.13943634188908,547,0.512,118.08634,"Unknown","[M+H]+","ion correlated with 552; found in higher mz's MsMs_2372",0.143,TRUE,"null","null","null","null",999,FALSE,FALSE,FALSE,"null","null","null","null","null",463.22,5041950,103.441373587328,24,"Leaf vs Root","Root","Root enriched - FDR supported"
"F4433_mz452.3954_rt6.42",-1.34974433699889,17.7154836775513,-4.54346178587034,0.00616133774465249,0.0164758735245893,-2.1478187555724,4433,6.418,452.39545,"Unknown","[M+H]+","ion correlated with 4606; ion correlated with 4189",0.036,FALSE,"null","null","null","null",999,FALSE,FALSE,FALSE,"null","null","null","null","null",80.73,22543.3333333333,14.7275146747889,24,"Leaf vs Root","Root","Root enriched - FDR supported"
"F245_mz95.0493_rt0.48",0.986627712736841,18.7610980643289,4.53926138228533,0.00618506225761502,0.0165148481878626,-2.15208003829042,245,0.48,95.04926,"Unknown","[M+H]+","ion correlated with 2200; ion correlated with 1822; ion correlated with 2220; ion correlated with 1711; ion correlated with 851; ion correlated with 1323; ion correlated with 841; ion correlated with 2575; ion correlated with 2488; ion correlated with 2556; found in higher mz's MsMs_1621",0.107,FALSE,"null","null","null","null",999,FALSE,FALSE,FALSE,"null","null","null","null","null",57.05,38317.3333333333,31.0206080640251,13,"Leaf vs Root","Leaf","Not selected"
"F64_mz72.081_rt0.39",2.88068179764415,20.2382380180017,4.53663257352076,0.00619996415335394,0.0165197488361498,-2.15474831834291,64,0.393,72.08096,"Unknown","[M+H]+","found in higher mz's MsMs_2420",0.357,TRUE,"null","null","null","null",999,FALSE,FALSE,FALSE,"null","null","null","null","null",198.43,59794.3333333333,135.058265416476,24,"Leaf vs Root","Leaf","Leaf enriched - FDR supported"
"F2496_mz257.1182_rt1.39",-1.71191816127745,16.2618817547019,-4.53571031007599,0.00620520205590559,0.0165197488361498,-2.15568467952988,2496,1.394,257.11816,"Unknown","[M+H]+","similar chromatogram in higher mz_4657",0.036,FALSE,"null","null","null","null",999,FALSE,FALSE,FALSE,"null","null","null","null","null",14.62,467,303.628205128205,18,"Leaf vs Root","Root","Root enriched - FDR supported"
"F1860_mz208.8843_rt0.42",3.22248937803514,17.2060118032733,4.52531063360803,0.00626462313765935,0.016653379622202,-2.16625232079762,1860,0.418,208.88429,"Unknown","[M+H]+","ion correlated with 3384; ion correlated with 4156; ion correlated with 2989; ion correlated with 2200; ion correlated with 1822; ion correlated with 2220; similar chromatogram in higher mz_4623; similar chromatogram in higher mz_4824",0.321,FALSE,"null","null","null","null",999,FALSE,FALSE,FALSE,"null","null","null","null","null",197.46,0,856413,24,"Leaf vs Root","Leaf","Leaf enriched - FDR supported"
"F54_mz71.0293_rt0.39",-0.85276197206884,23.2337663452402,-4.5137110927388,0.00633168112993906,0.0168068888816765,-2.17805871803684,54,0.39,71.02927,"Unknown","[M+2H]2+","found in higher mz's MsMs_147; found in higher mz's MsMs_238; found in higher mz's MsMs_69; similar chromatogram in higher mz_645",0.857,TRUE,"null","null","null","null",999,FALSE,FALSE,FALSE,"null","null","null","null","null",1594.45,12554.3333333333,1086.69906547019,24,"Leaf vs Root","Root","Not selected"
"F58_mz72.0281_rt0.39",-0.820475507674054,20.3536101450475,-4.5115878385889,0.00634404591582017,0.0168149821997877,-2.18022206664425,58,0.391,72.02808,"Unknown","[M+H]+","ion correlated with 2320; found in higher mz's MsMs_134; similar chromatogram in higher mz_1790",0.179,FALSE,"null","null","null","null",999,FALSE,FALSE,FALSE,"null","null","null","null","null",94.44,981.333333333333,1968.42449949101,24,"Leaf vs Root","Root","Not selected"
"F2239_mz236.9593_rt0.4",-1.29752709548833,17.6292786395415,-4.5066058979584,0.00637316851866622,0.0168674034841533,-2.18530079508358,2239,0.399,236.95926,"Unknown","[M+H]+",NA,0.286,FALSE,"null","null","null","null",999,FALSE,FALSE,FALSE,"null","null","null","null","null",211.99,3643.33333333333,152.361748833806,24,"Leaf vs Root","Root","Root enriched - FDR supported"
"F2640_mz268.9482_rt0.39",-1.09093966434445,18.6608600752673,-4.49188251202312,0.00646014751790474,0.0170725714052973,-2.20033246533535,2640,0.387,268.94818,"Unknown","[M+H]+","ion correlated with 2897",0.464,FALSE,"null","null","null","null",999,FALSE,FALSE,FALSE,"null","null","null","null","null",177.04,0,563869,24,"Leaf vs Root","Root","Root enriched - FDR supported"
"F4609_mz497.2004_rt1.18",-2.9768043355382,15.783135175342,-4.48493120704011,0.00650169105933934,0.0171572402954788,-2.20744088241978,4609,1.182,497.20035,"Unknown","[M+H]+",NA,0.071,FALSE,"null","null","null","null",999,FALSE,FALSE,FALSE,"null","null","null","null","null",2455.77,0,145300,7,"Leaf vs Root","Root","Root enriched - FDR supported"
"F909_mz143.0504_rt0.44",-1.69455089549567,18.9759716852141,-4.47916001799902,0.00653641752544209,0.0172236987349241,-2.21334815168748,909,0.445,143.05042,"Unknown","[M+H]+",NA,0.214,FALSE,"null","null","null","null",999,FALSE,FALSE,FALSE,"null","null","null","null","null",58.65,0,709210,20,"Leaf vs Root","Root","Root enriched - FDR supported"
"F1180_mz162.9738_rt0.55",-4.67028821061422,17.1315983529165,-4.45945069322824,0.00665664622817957,0.0175149365041751,-2.23356083804084,1180,0.547,162.97377,"Unknown","[M+H]+",NA,0.143,FALSE,"null","null","null","null",999,FALSE,FALSE,FALSE,"null","null","null","null","null",45.18,47416.3333333333,8.74652728959874,24,"Leaf vs Root","Root","Root enriched - FDR supported"
"F3467_mz331.2093_rt8.68",-2.30351640839468,16.3647575944586,-4.45140978938208,0.00670643214583494,0.0176202474865096,-2.24182428686786,3467,8.675,331.20935,"Unknown","[M+H]+","ion correlated with 1982",0.036,FALSE,"null","null","null","null",999,FALSE,FALSE,FALSE,"null","null","null","null","null",40.95,40218,5.04584897685174,24,"Leaf vs Root","Root","Root enriched - FDR supported"
"F1240_mz166.9955_rt0.77",-2.01868670922692,16.618015132443,-4.44496915157453,0.00674662164836739,0.0177000756908476,-2.24845037278357,1240,0.768,166.99548,"Unknown","[M+H]+",NA,0.036,FALSE,"null","null","null","null",999,FALSE,FALSE,FALSE,"null","null","null","null","null",2.34,1721,91.4976771196283,18,"Leaf vs Root","Root","Root enriched - FDR supported"
"F2351_mz245.1865_rt1.04",-2.03960030287097,17.1564307685123,-4.44173213350367,0.00676692606518232,0.0177130409868308,-2.25178301327609,2351,1.04,245.18651,"Unknown","[M+H]+","ion correlated with 2183; ion correlated with 2580; ion correlated with 766; similar chromatogram in higher mz_2439",0.536,TRUE,"null","null","null","null",999,FALSE,FALSE,FALSE,"null","null","null","null","null",1719.43,6023.66666666667,3266.50686068385,24,"Leaf vs Root","Root","Root enriched - FDR supported"
"F4797_mz576.2815_rt1.18",1.61198060673549,16.5808927711039,4.44105376083799,0.00677119018333145,0.0177130409868308,-2.25248163031514,4797,1.184,576.28149,"Unknown","[M+H]+","ion correlated with 4223; ion correlated with 4684; ion correlated with 4543; ion correlated with 4153; ion correlated with 3574; ion correlated with 3143; ion correlated with 1598; ion correlated with 4110; ion correlated with 3772; ion correlated with 4353; ion correlated with 4719; ion correlated with 4341; ion correlated with 3733; ion correlated with 4388; ion correlated with 2740; ion correlated with 4166; ion correlated with 396; ion correlated with 4952; ion correlated with 3566; ion correlated with 3635; ion correlated with 4743; ion correlated with 4789; ion correlated with 4803; ion correlated with 4792; ion correlated with 4937; ion correlated with 1381; ion correlated with 1635; ion correlated with 2013; ion correlated with 4871; ion correlated with 4381",0.071,FALSE,"null","null","null","null",999,FALSE,FALSE,FALSE,"null","null","null","null","null",6298.24,0,423497,6,"Leaf vs Root","Leaf","Leaf enriched - FDR supported"
"F1379_mz175.112_rt3.54",2.82659488536157,14.6388065706115,4.43837270461152,0.00678807330940118,0.0177156533522606,-2.25524339161912,1379,3.544,175.11198,"Unknown","[M+H]+","ion correlated with 1041; ion correlated with 779; ion correlated with 2014; ion correlated with 2157; ion correlated with 376; ion correlated with 741; ion correlated with 856; ion correlated with 1141; ion correlated with 1546; ion correlated with 1893; ion correlated with 2293; ion correlated with 2563; ion correlated with 3959; ion correlated with 3338; ion correlated with 956; ion correlated with 397; ion correlated with 597; ion correlated with 625; ion correlated with 1019; ion correlated with 1190; ion correlated with 1257; ion correlated with 1349; ion correlated with 1630; ion correlated with 1752; ion correlated with 2317; ion correlated with 2448; ion correlated with 2474; ion correlated with 2746; ion correlated with 2954; ion correlated with 3083; ion correlated with 3098; ion correlated with 3118; ion correlated with 3504; ion correlated with 5005; ion correlated with 5013; ion correlated with 5038; ion correlated with 5047; ion correlated with 4092; ion correlated with 3515; ion correlated with 3942; ion correlated with 4987",0.036,FALSE,"null","null","null","null",999,FALSE,FALSE,FALSE,"null","null","null","null","null",31.25,5372,42.1487064954402,24,"Leaf vs Root","Leaf","Leaf enriched - FDR supported"
"F3880_mz369.925_rt0.39",-2.0933204934981,16.7269887367053,-4.43777903697459,0.00679181834889992,0.0177156533522606,-2.25585507996824,3880,0.394,369.92505,"Unknown","[M+H]+",NA,0.393,FALSE,"null","null","null","null",999,FALSE,FALSE,FALSE,"null","null","null","null","null",861.1,0,602872,24,"Leaf vs Root","Root","Root enriched - FDR supported"
"F2989_mz292.8458_rt0.42",3.91105946497783,17.8244911493187,4.4332287086281,0.00682060295041144,0.0177647646181398,-2.26054534127951,2989,0.419,292.84579,"Unknown","[M+H]+","ion correlated with 2200; ion correlated with 1822; ion correlated with 2220",0.357,FALSE,"null","null","null","null",999,FALSE,FALSE,FALSE,"null","null","null","null","null",3317.82,0,1775201,23,"Leaf vs Root","Leaf","Leaf enriched - FDR supported"
"F366_mz104.1071_rt7.96",-1.40152556461648,16.3431164146057,-4.431695983116,0.00683033055124044,0.0177647646181398,-2.26212592206074,366,7.957,104.10712,"Unknown","[M+H]+","similar chromatogram in higher mz_439; similar chromatogram in higher mz_423; similar chromatogram in higher mz_750; similar chromatogram in higher mz_1984; similar chromatogram in higher mz_2557",0.036,TRUE,"null","null","null","null",999,FALSE,FALSE,FALSE,"null","null","null","null","null",32.63,59372.3333333333,5.53019312822816,24,"Leaf vs Root","Root","Root enriched - FDR supported"
"F1982_mz217.1048_rt8.68",-2.3163446303807,16.4073407582416,-4.4178380754487,0.00691901545885084,0.0179475251628701,-2.27643299895707,1982,8.675,217.10481,"Unknown","[M+H]+","ion correlated with 3467",0.036,FALSE,"null","null","null","null",999,FALSE,FALSE,FALSE,"null","null","null","null","null",16.91,32545.6666666667,6.10756861941827,24,"Leaf vs Root","Root","Root enriched - FDR supported"
"F805_mz136.0619_rt0.49",-1.70806786949754,19.6369472188018,-4.41612351964304,0.00693008046838874,0.0179475251628701,-2.27820519375106,805,0.487,136.06195,"Unknown","[M+H]+","found in higher mz's MsMs_2630",0.571,TRUE,"null","null","null","null",999,FALSE,FALSE,FALSE,"null","null","null","null","null",988.07,49382.3333333333,343.630529868377,24,"Leaf vs Root","Root","Root enriched - FDR supported"
"F776_mz133.0609_rt0.45",-2.56209247245124,20.6961830996185,-4.41606950574605,0.00693042938422184,0.0179475251628701,-2.27826103085323,776,0.454,133.06094,"Unknown","[M+H]+","ion correlated with 387; ion correlated with 783",0.643,TRUE,"null","null","null","null",999,FALSE,FALSE,FALSE,"null","null","null","null","null",905.35,2556.33333333333,5083.35140771637,23,"Leaf vs Root","Root","Root enriched - FDR supported"
"F2897_mz286.959_rt0.39",-1.06181471205631,18.5169020631247,-4.41017013975231,0.00696866066972183,0.0180058334588854,-2.28436224612467,2897,0.394,286.95905,"Unknown","[M+H]+","ion correlated with 2640",0.429,FALSE,"null","null","null","null",999,FALSE,FALSE,FALSE,"null","null","null","null","null",172.68,0,508983,24,"Leaf vs Root","Root","Root enriched - FDR supported"
"F1936_mz214.9177_rt0.39",-1.64723282520283,19.1781594571966,-4.40951888094967,0.00697289617050465,0.0180058334588854,-2.2850361184813,1936,0.393,214.91771,"Unknown","[M+H]+",NA,0.857,FALSE,"null","null","null","null",999,FALSE,FALSE,FALSE,"null","null","null","null","null",626.87,2391,2905.63670568562,24,"Leaf vs Root","Root","Root enriched - FDR supported"
"F4093_mz394.2956_rt3.31",1.84422617791464,16.1587566707424,4.40165175870415,0.00702429699422233,0.0181126515351019,-2.29318160329027,4093,3.307,394.29559,"Unknown","[M+H]+","ion correlated with 3279; ion correlated with 3470; ion correlated with 3848; ion correlated with 3899; ion correlated with 3975; ion correlated with 2678",0.107,FALSE,"null","null","null","null",999,FALSE,FALSE,FALSE,"null","null","null","null","null",60.81,0,346587,6,"Leaf vs Root","Leaf","Leaf enriched - FDR supported"
"F491_mz114.0915_rt0.89",0.880430364726744,19.0121270172772,4.39962556725287,0.00703760642063305,0.0181210835795188,-2.29528104167058,491,0.887,114.09153,"Unknown","[M+H]+","found in higher mz's MsMs_2513",0.5,TRUE,"null","null","null","null",999,FALSE,FALSE,FALSE,"null","null","null","null","null",53.73,219991.666666667,6.27725469636867,24,"Leaf vs Root","Leaf","Not selected"
"F803_mz136.0082_rt0.4",-0.996942746850829,17.7193518574573,-4.39652931001593,0.00705800129301216,0.0181477098773318,-2.29849045899945,803,0.4,136.00822,"Unknown","[M+H]+","ion correlated with 3634; ion correlated with 2533",0.286,FALSE,"null","null","null","null",999,FALSE,FALSE,FALSE,"null","null","null","null","null",73.58,751.666666666667,1408.86138175376,24,"Leaf vs Root","Root","Not selected"
"F3401_mz324.156_rt0.97",2.21495245221837,16.4218470235937,4.39263404598511,0.00708375657395457,0.0181880236358293,-2.30253019781483,3401,0.973,324.15604,"Unknown","[M+H]+",NA,0.071,FALSE,"null","null","null","null",999,FALSE,FALSE,FALSE,"null","null","null","null","null",30.53,2181.66666666667,224.269700671961,23,"Leaf vs Root","Leaf","Leaf enriched - FDR supported"
"F1048_mz152.0568_rt0.48",-3.42438185639005,17.1339009060466,-4.38822502419476,0.00711304034282812,0.0182072043293475,-2.3071055916111,1048,0.484,152.05682,"Unknown","[M+H]+",NA,0.286,TRUE,"null","null","null","null",999,FALSE,FALSE,FALSE,"null","null","null","null","null",107.64,521345,5.46643687685338,22,"Leaf vs Root","Root","Root enriched - FDR supported"
"F3561_mz339.0598_rt0.53",1.96845725161225,17.4226831675284,4.38765966427718,0.00711680548183657,0.0182072043293475,-2.30769250343755,3561,0.533,339.05978,"Unknown","[M+H]+","ion correlated with 245; ion correlated with 4171; ion correlated with 2556; ion correlated with 2417; ion correlated with 4513; ion correlated with 1203; ion correlated with 1902; ion correlated with 1620",0.107,FALSE,"null","null","null","null",999,FALSE,FALSE,FALSE,"null","null","null","null","null",8089.75,0,708770,6,"Leaf vs Root","Leaf","Leaf enriched - FDR supported"
"F3414_mz326.2079_rt1.3",-1.52315590902678,12.4980097912634,-4.38695700284039,0.00712148823075862,0.0182072043293475,-2.30842202000671,3414,1.301,326.20795,"Unknown","[M+H]+","ion correlated with 2603; ion correlated with 2002; ion correlated with 4805; ion correlated with 4899; ion correlated with 4573; ion correlated with 4641; ion correlated with 4619; ion correlated with 4680; similar chromatogram in higher mz_4020",0.036,FALSE,"null","null","null","null",999,FALSE,FALSE,FALSE,"null","null","null","null","null",68.64,3498,117.592740783081,20,"Leaf vs Root","Root","Root enriched - FDR supported"
"F2094_mz225.149_rt1.07",3.33653885764029,16.5021977607172,4.38317692959242,0.00714674115327204,0.0182459233121019,-2.31234788069437,2094,1.068,225.14903,"Unknown","[M+H]+","ion correlated with 3937; ion correlated with 4207; ion correlated with 3309; ion correlated with 4550; ion correlated with 4658; ion correlated with 4759; ion correlated with 4694; ion correlated with 4152; ion correlated with 4052; ion correlated with 1020; ion correlated with 1837; ion correlated with 4035; ion correlated with 2128; ion correlated with 799; ion correlated with 4338; ion correlated with 4486; ion correlated with 2012; ion correlated with 3463; ion correlated with 1764; ion correlated with 3971",0.107,FALSE,"null","null","null","null",999,FALSE,FALSE,FALSE,"null","null","null","null","null",94.61,8569.66666666667,79.5929915992533,20,"Leaf vs Root","Leaf","Leaf enriched - FDR supported"
"F3574_mz341.1387_rt1.14",2.65475155714114,15.3453676846909,4.3728678963284,0.00721614023340738,0.0183970806798027,-2.32306579376984,3574,1.144,341.1387,"Unknown","[M+H]+","ion correlated with 4215; ion correlated with 4486; ion correlated with 2012; ion correlated with 4283; ion correlated with 4396; ion correlated with 3370; ion correlated with 1764; ion correlated with 5140; ion correlated with 4684; ion correlated with 4543; ion correlated with 4153; ion correlated with 4709; ion correlated with 1598; ion correlated with 4110; ion correlated with 3772; ion correlated with 4353; ion correlated with 4341; ion correlated with 3733; ion correlated with 2740; ion correlated with 396; ion correlated with 1221; ion correlated with 4111; ion correlated with 4229; ion correlated with 2037; ion correlated with 4797; ion correlated with 1407; ion correlated with 4789; ion correlated with 4937",0.071,FALSE,"null","null","null","null",999,FALSE,FALSE,FALSE,"null","null","null","null","null",33.85,0,293559,14,"Leaf vs Root","Leaf","Leaf enriched - FDR supported"
"F1350_mz173.1327_rt4.69",-1.02645882231078,16.8877080274508,-4.36896055815795,0.00724264780315621,0.0184386167626191,-2.32713242546125,1350,4.692,173.13271,"Unknown","[M+H]+","ion correlated with 2470; ion correlated with 4357",0.071,FALSE,"null","null","null","null",999,FALSE,FALSE,FALSE,"null","null","null","null","null",7.91,515.666666666667,328.618064516129,12,"Leaf vs Root","Root","Root enriched - FDR supported"
"F2009_mz219.0268_rt0.45",-1.44055866606974,24.4770678515421,-4.35851177280085,0.00731408896881739,0.0185557920355984,-2.33801885913186,2009,0.45,219.02676,"Unknown","[M+H]+",NA,0.643,TRUE,"null","null","null","null",999,FALSE,FALSE,FALSE,"null","null","null","null","null",4144.05,97434.3333333333,408.695692185586,24,"Leaf vs Root","Root","Root enriched - FDR supported"
"F1786_mz203.1394_rt0.97",-1.61491911819852,18.0358282735513,-4.3581991226517,0.00731623919032999,0.0185557920355984,-2.33834486664687,1786,0.969,203.13939,"Unknown","[M+H]+","ion correlated with 1958; ion correlated with 1993; ion correlated with 350; ion correlated with 2018; ion correlated with 2210; ion correlated with 1568; ion correlated with 2580",0.607,TRUE,"null","null","null","null",999,FALSE,FALSE,FALSE,"null","null","null","null","null",856.79,2518.66666666667,3826.93557348856,23,"Leaf vs Root","Root","Root enriched - FDR supported"
"F725_mz130.05_rt0.46",-1.35976059759597,24.4760342950176,-4.35772306438282,0.007319514642297,0.0185557920355984,-2.33884129282139,725,0.456,130.05005,"Unknown","[M+H]+","found in higher mz's MsMs_4587",0.571,TRUE,"null","null","null","null",999,FALSE,FALSE,FALSE,"null","null","null","null","null",3045.47,43102.6666666667,839.251966190038,24,"Leaf vs Root","Root","Root enriched - FDR supported"
"F3163_mz304.2402_rt3.91",3.5516083823285,16.2438674649674,4.3515858480876,0.00736189338897921,0.0186370512862657,-2.34524424901857,3163,3.907,304.24023,"Unknown","[M+H]+","ion correlated with 2914; ion correlated with 3705",0.107,FALSE,"null","null","null","null",999,FALSE,FALSE,FALSE,"null","null","null","null","null",34.48,16279.6666666667,52.491646533721,21,"Leaf vs Root","Leaf","Leaf enriched - FDR supported"
"F3698_mz352.1875_rt1.01",-2.14548534467092,14.8943367686187,-4.34424961367803,0.00741292510083127,0.0187399577128858,-2.35290584541404,3698,1.013,352.18747,"Unknown","[M+H]+","ion correlated with 3362; ion correlated with 3629",0.036,FALSE,"null","null","null","null",999,FALSE,FALSE,FALSE,"null","null","null","null","null",58.64,19303.3333333333,9.98962236458136,24,"Leaf vs Root","Root","Root enriched - FDR supported"
"F1334_mz173.0786_rt8.09",-2.75861916130322,17.6987625886215,-4.32407711224654,0.00755537329436685,0.0190733549599051,-2.3740163009788,1334,8.087,173.07858,"Unknown","[M+H]+",NA,0.071,TRUE,"null","null","null","null",999,FALSE,FALSE,FALSE,"null","null","null","null","null",6.85,94104,5.45943361139153,24,"Leaf vs Root","Root","Root enriched - FDR supported"
"F461_mz112.0759_rt1.22",-2.58778417763853,13.8808971532161,-4.31374689112844,0.00762954616220273,0.0192254367950023,-2.38485146216636,461,1.223,112.07594,"Unknown","[M+H]+","found in higher mz's MsMs_1444",0.179,TRUE,"null","null","null","null",999,FALSE,FALSE,FALSE,"null","null","null","null","null",10.53,24447.3333333333,19.4510191560434,24,"Leaf vs Root","Root","Root enriched - FDR supported"
"F2521_mz259.0947_rt0.41",-1.21406219471235,17.9505071693866,-4.31272646441966,0.00763691866039702,0.0192254367950023,-2.38592267308561,2521,0.414,259.09467,"Unknown","[M+H]+",NA,0.643,FALSE,"null","null","null","null",999,FALSE,FALSE,FALSE,"null","null","null","null","null",53.53,1096.33333333333,299.547995139733,24,"Leaf vs Root","Root","Root enriched - FDR supported"
"F355_mz103.5607_rt0.39",-0.860271187683592,19.9134763783574,-4.29954296014727,0.00773291385986498,0.0194399853997998,-2.39977694563647,355,0.391,103.5607,"Unknown","[M+H]+","ion correlated with 2593",0.857,FALSE,"null","null","null","null",999,FALSE,FALSE,FALSE,"null","null","null","null","null",291.41,3367,471.04067695962,24,"Leaf vs Root","Root","Not selected"
"F955_mz145.1013_rt1.15",3.4128859515176,14.6494538730879,4.29742977003379,0.00774843052573209,0.0194519013893553,-2.40200018485088,955,1.154,145.10132,"Unknown","[M+H]+","ion correlated with 4844; ion correlated with 3370; ion correlated with 4910; ion correlated with 4348; ion correlated with 4038; ion correlated with 396; ion correlated with 4111; ion correlated with 4076; ion correlated with 1431; found in higher mz's MsMs_1598",0.071,FALSE,"null","null","null","null",999,FALSE,FALSE,FALSE,"null","null","null","null","null",51.35,703.666666666667,563.483443708609,14,"Leaf vs Root","Leaf","Leaf enriched - FDR supported"
"F765_mz132.1021_rt0.96",-0.982289899351086,17.6957281389519,-4.28913864168125,0.00780965944756072,0.0195783823650654,-2.41072985238426,765,0.956,132.10213,"Unknown","[M+H]+","ion correlated with 2544; ion correlated with 2928; ion correlated with 1958; ion correlated with 1993; ion correlated with 350; ion correlated with 2183",0.036,FALSE,"null","null","null","null",999,FALSE,FALSE,FALSE,"null","null","null","null","null",19,348002.333333333,54.4202114922271,24,"Leaf vs Root","Root","Not selected"
"F4420_mz449.2669_rt5.74",-1.79966650068871,17.1167986059989,-4.28517030867648,0.00783916311704252,0.0196250893568124,-2.41491189490334,4420,5.738,449.26691,"Unknown","[M+H]+","ion correlated with 796; ion correlated with 3908; ion correlated with 4091; ion correlated with 1369; ion correlated with 1025; ion correlated with 4273; ion correlated with 4359; ion correlated with 627; ion correlated with 2876; ion correlated with 3316; ion correlated with 3749; ion correlated with 3788; ion correlated with 3775",0.071,FALSE,"null","null","null","null",999,FALSE,FALSE,FALSE,"null","null","null","null","null",11.73,0,197506,6,"Leaf vs Root","Root","Root enriched - FDR supported"
"F4566_mz482.4055_rt5.73",-1.32270033780527,17.7195008277255,-4.28248567881414,0.00785919589383406,0.0196479897345852,-2.41774250299852,4566,5.733,482.40552,"Unknown","[M+H]+","ion correlated with 4094",0.071,FALSE,"null","null","null","null",999,FALSE,FALSE,FALSE,"null","null","null","null","null",59.25,31689.6666666667,10.2604973073039,24,"Leaf vs Root","Root","Root enriched - FDR supported"
"F1768_mz202.144_rt1.22",-1.60254524376031,14.504046172302,-4.27920554183737,0.00788375282264483,0.0196821215005172,-2.42120253430017,1768,1.222,202.14404,"Unknown","[M+H]+","ion correlated with 2194; ion correlated with 2707; ion correlated with 2166; ion correlated with 2946; ion correlated with 3235; ion correlated with 2392; ion correlated with 2358; ion correlated with 2603; ion correlated with 2002; ion correlated with 488",0.036,TRUE,"null","null","null","null",999,FALSE,FALSE,FALSE,"null","null","null","null","null",279.25,20623,54.5558087664856,24,"Leaf vs Root","Root","Root enriched - FDR supported"
"F901_mz142.0865_rt0.96",-1.2359341880087,15.1962354546769,-4.25941473363651,0.00803381561127855,0.0199727190265997,-2.44211459133718,901,0.965,142.08653,"Unknown","[M+H]+",NA,0.357,FALSE,"null","null","null","null",999,FALSE,FALSE,FALSE,"null","null","null","null","null",27.75,34727.3333333333,9.09119354993521,24,"Leaf vs Root","Root","Root enriched - FDR supported"
"F598_mz121.1013_rt1.1",1.80140305365865,15.9165967293111,4.25900679995312,0.0080369433281824,0.0199727190265997,-2.44254628392861,598,1.097,121.10133,"Unknown","[M+H]+","ion correlated with 4387; ion correlated with 4550; ion correlated with 4668; ion correlated with 4257; ion correlated with 4565; ion correlated with 1020; ion correlated with 3349; ion correlated with 2128; ion correlated with 4486; ion correlated with 4283; ion correlated with 4310; ion correlated with 3491; ion correlated with 4603; ion correlated with 4597; ion correlated with 3638; ion correlated with 4167; ion correlated with 4019; ion correlated with 1764; ion correlated with 3194; ion correlated with 4640; ion correlated with 3022; ion correlated with 4223; ion correlated with 4153; ion correlated with 4192; ion correlated with 4307; ion correlated with 3143; ion correlated with 4250",0.107,FALSE,"null","null","null","null",999,FALSE,FALSE,FALSE,"null","null","null","null","null",22.11,12764.3333333333,16.7556925005222,23,"Leaf vs Root","Leaf","Leaf enriched - FDR supported"
"F3271_mz314.2694_rt2.2",1.53410523117934,17.0142546714752,4.25842490787128,0.00804140726022686,0.0199727190265997,-2.44316211190053,3271,2.198,314.26944,"Unknown","[M+H]+","ion correlated with 3037",0.107,TRUE,"null","null","null","null",999,FALSE,FALSE,FALSE,"null","null","null","null","null",85.82,1911,252.349372384937,14,"Leaf vs Root","Leaf","Leaf enriched - FDR supported"
"F783_mz134.0449_rt0.45",1.30843795744109,20.2046194221317,4.25803321621693,0.00804441370212632,0.0199727190265997,-2.44357667695648,783,0.452,134.04491,"Unknown","[M+H]+","ion correlated with 387; ion correlated with 776; similar chromatogram in higher mz_2083; similar chromatogram in higher mz_4395; similar chromatogram in higher mz_3492; similar chromatogram in higher mz_3180",0.643,TRUE,"null","null","null","null",999,FALSE,FALSE,FALSE,"null","null","null","null","null",993.67,2507,4014.74043062201,22,"Leaf vs Root","Leaf","Leaf enriched - FDR supported"
"F1093_mz156.0144_rt0.39",-1.02569747156566,20.4763166662063,-4.24912000714702,0.00811318001911522,0.0201157828770645,-2.45301690825543,1093,0.393,156.01439,"Unknown","[M+H]+",NA,0.071,FALSE,"null","null","null","null",999,FALSE,FALSE,FALSE,"null","null","null","null","null",259.19,19428.6666666667,99.9614163907427,24,"Leaf vs Root","Root","Root enriched - FDR supported"
"F2905_mz287.1258_rt0.42",-1.03721094504392,17.4062329301911,-4.2461188930303,0.00813648675114256,0.0201458965511829,-2.4561982859182,2905,0.415,287.12576,"Unknown","[M+H]+",NA,0.107,FALSE,"null","null","null","null",999,FALSE,FALSE,FALSE,"null","null","null","null","null",31.39,0,227345,24,"Leaf vs Root","Root","Root enriched - FDR supported"
"F997_mz147.5162_rt0.41",-1.02739049220545,15.963242405377,-4.22843004519358,0.00827544236673042,0.0204618814684225,-2.47497844001366,997,0.405,147.51619,"Unknown","[M+H]+",NA,0.107,FALSE,"null","null","null","null",999,FALSE,FALSE,FALSE,"null","null","null","null","null",914.42,0,321469,24,"Leaf vs Root","Root","Root enriched - FDR supported"
"F4374_mz441.3002_rt5.42",-1.28401830216604,16.4647612507533,-4.22476126141526,0.00830460514839911,0.0205058991694397,-2.47887974152643,4374,5.418,441.30023,"Unknown","[M+H]+","ion correlated with 4275; ion correlated with 4487",0.036,FALSE,"null","null","null","null",999,FALSE,FALSE,FALSE,"null","null","null","null","null",59.98,0,123928,6,"Leaf vs Root","Root","Root enriched - FDR supported"
"F820_mz137.06_rt1.15",0.961607391073794,20.1319196992101,4.21685953310748,0.00836781962648292,0.0206265162161984,-2.48728946940585,820,1.154,137.05997,"Unknown","[M+H]+","ion correlated with 3463; ion correlated with 4722; ion correlated with 4603; ion correlated with 3140; ion correlated with 4639; ion correlated with 4719; ion correlated with 4929; ion correlated with 4590; ion correlated with 4743; ion correlated with 4895; found in higher mz's MsMs_4750; found in higher mz's MsMs_4719; found in higher mz's MsMs_4684; similar chromatogram in higher mz_4761",0.214,TRUE,"null","null","null","null",999,FALSE,FALSE,FALSE,"null","null","null","null","null",162.98,11833.3333333333,283.836098357885,24,"Leaf vs Root","Leaf","Not selected"
"F249_mz95.5232_rt0.39",-1.09950234449047,16.7887401154998,-4.21580372358869,0.00837630824735369,0.0206265162161984,-2.48841390255664,249,0.393,95.52324,"Unknown","[M+H]+",NA,0.429,FALSE,"null","null","null","null",999,FALSE,FALSE,FALSE,"null","null","null","null","null",91.67,1882.33333333333,268.245663716814,24,"Leaf vs Root","Root","Root enriched - FDR supported"
"F2675_mz271.2061_rt2.87",3.43704732129611,15.3054949096604,4.1896189352686,0.00859005044199876,0.0211129740641986,-2.5163569168427,2675,2.87,271.20609,"Unknown","[M+H]+","ion correlated with 2475; ion correlated with 3322; ion correlated with 1753; ion correlated with 3082",0.036,FALSE,"null","null","null","null",999,FALSE,FALSE,FALSE,"null","null","null","null","null",13.58,0,311426,7,"Leaf vs Root","Leaf","Leaf enriched - FDR supported"
"F4481_mz462.2746_rt5.81",-2.64710832515869,16.3023070742184,-4.18814948105036,0.0086022309276375,0.0211129740641986,-2.51792825084968,4481,5.806,462.27457,"Unknown","[M+H]+",NA,0.107,FALSE,"null","null","null","null",999,FALSE,FALSE,FALSE,"null","null","null","null","null",2515.78,0,155029,6,"Leaf vs Root","Root","Root enriched - FDR supported"
"F3783_mz360.1653_rt1",-2.68240665827655,20.4026520088389,-4.18734030997367,0.00860894676523554,0.0211129740641986,-2.5187936689253,3783,0.997,360.16534,"Unknown","[M+H]+",NA,0.071,TRUE,"null","null","null","null",999,FALSE,FALSE,FALSE,"null","null","null","null","null",1576.4,0,4589811,9,"Leaf vs Root","Root","Root enriched - FDR supported"
"F3543_mz337.224_rt1.05",-1.94891689378848,15.2878838223108,-4.16781620459387,0.00877284113691486,0.0214857235442759,-2.53970633526772,3543,1.055,337.224,"Unknown","[M+H]+","ion correlated with 2985; ion correlated with 3776; ion correlated with 3921; ion correlated with 3374; ion correlated with 711",0.25,FALSE,"null","null","null","null",999,FALSE,FALSE,FALSE,"null","null","null","null","null",31.08,30571,7.97929477953683,24,"Leaf vs Root","Root","Root enriched - FDR supported"
"F1734_mz200.2375_rt1.86",-1.93169210570602,19.4694698119643,-4.16459978089618,0.0088001857030933,0.0215172345290281,-2.54315730134919,1734,1.859,200.23752,"Unknown","[M+H]+","similar chromatogram in higher mz_2935",0.679,TRUE,"null","null","null","null",999,FALSE,FALSE,FALSE,"null","null","null","null","null",111.63,82326.6666666667,14.9145001882721,24,"Leaf vs Root","Root","Root enriched - FDR supported"
"F1678_mz196.0973_rt0.96",-1.45582787167804,16.1452696591896,-4.1634799141108,0.00880972939364608,0.0215172345290281,-2.54435921365914,1678,0.958,196.09729,"Unknown","[M+H]+","ion correlated with 1797; ion correlated with 2082",0.429,FALSE,"null","null","null","null",999,FALSE,FALSE,FALSE,"null","null","null","null","null",98.36,3825.66666666667,307.2143728223,24,"Leaf vs Root","Root","Root enriched - FDR supported"
"F1877_mz210.061_rt0.73",1.95903107078037,20.845067748662,4.16210416631985,0.0088214701116237,0.0215172345290281,-2.54583602568577,1877,0.733,210.06104,"Unknown","[M+H]+","ion correlated with 2232",0.571,TRUE,"null","null","null","null",999,FALSE,FALSE,FALSE,"null","null","null","null","null",292.32,4061.33333333333,1715.33560351194,18,"Leaf vs Root","Leaf","Leaf enriched - FDR supported"
"F2575_mz263.0165_rt0.51",2.99257105821366,17.7378031553143,4.16068551264608,0.00883359592010088,0.0215177336515278,-2.54735920953519,2575,0.506,263.01654,"Unknown","[M+H]+","ion correlated with 2200; ion correlated with 1822; ion correlated with 2220; ion correlated with 3708; ion correlated with 245; ion correlated with 1362; ion correlated with 2738; ion correlated with 2771",0.071,FALSE,"null","null","null","null",999,FALSE,FALSE,FALSE,"null","null","null","null","null",511.57,27437.6666666667,50.8363987560134,7,"Leaf vs Root","Leaf","Leaf enriched - FDR supported"
"F1689_mz197.1011_rt0.42",-2.41521734892317,18.9487741492405,-4.155167121586,0.00888094727104124,0.0216039215959965,-2.55328724322766,1689,0.424,197.1011,"Unknown","[M+H]+",NA,0.536,TRUE,"null","null","null","null",999,FALSE,FALSE,FALSE,"null","null","null","null","null",177.01,0,1347060,18,"Leaf vs Root","Root","Root enriched - FDR supported"
"F1589_mz191.0392_rt0.44",-3.32114510063807,16.4047981304242,-4.15329859668572,0.00889704679692732,0.021613956215954,-2.55529556670796,1589,0.44,191.03917,"Unknown","[M+H]+",NA,0.036,FALSE,"null","null","null","null",999,FALSE,FALSE,FALSE,"null","null","null","null","null",13.19,0,149783,17,"Leaf vs Root","Root","Root enriched - FDR supported"
"F2987_mz292.1984_rt0.44",-2.79089281562816,17.6593253137601,-4.14634233952091,0.00895728007393845,0.0217310356632512,-2.56277714052664,2987,0.437,292.19843,"Unknown","[M+H]+",NA,0.429,FALSE,"null","null","null","null",999,FALSE,FALSE,FALSE,"null","null","null","null","null",135.64,0,1062405,17,"Leaf vs Root","Root","Root enriched - FDR supported"
"F3143_mz303.1234_rt1.16",2.59341292493912,16.7195664471658,4.13146281728081,0.00908770736687241,0.0220178681841674,-2.57880608992006,3143,1.156,303.12341,"Unknown","[M+H]+","ion correlated with 3491; ion correlated with 3680; ion correlated with 3638; ion correlated with 4167; ion correlated with 4019; ion correlated with 1747; ion correlated with 1764; ion correlated with 3971; ion correlated with 4640; ion correlated with 4684; ion correlated with 4647; ion correlated with 4639; ion correlated with 3898; ion correlated with 4250; ion correlated with 1598; ion correlated with 1870; ion correlated with 3772; ion correlated with 4719; ion correlated with 4341; ion correlated with 3733; ion correlated with 4166; ion correlated with 4952; ion correlated with 4960; ion correlated with 3635; ion correlated with 4797; ion correlated with 4792; ion correlated with 4062; ion correlated with 4100; ion correlated with 2013; ion correlated with 4871",0.036,FALSE,"null","null","null","null",999,FALSE,FALSE,FALSE,"null","null","null","null","null",6.44,0,591132,17,"Leaf vs Root","Leaf","Leaf enriched - FDR supported"
"F2148_mz229.0841_rt0.42",-1.02862687589531,17.9932494424173,-4.11667081530485,0.00921954517135723,0.0222953484936051,-2.59477559466731,2148,0.415,229.08414,"Unknown","[M+H]+",NA,0.857,FALSE,"null","null","null","null",999,FALSE,FALSE,FALSE,"null","null","null","null","null",31.73,1699.66666666667,210.41219129753,24,"Leaf vs Root","Root","Root enriched - FDR supported"
"F3606_mz344.876_rt0.39",-3.20047693886604,15.0462823160228,-4.11584845217932,0.00922693923807368,0.0222953484936051,-2.59566444103938,3606,0.391,344.87595,"Unknown","[M+H]+","ion correlated with 4464; ion correlated with 770; ion correlated with 3634; ion correlated with 2414",0.286,FALSE,"null","null","null","null",999,FALSE,FALSE,FALSE,"null","null","null","null","null",6072.46,0,1035606,24,"Leaf vs Root","Root","Root enriched - FDR supported"
"F3863_mz367.2462_rt1.78",-4.76273275085736,15.4299134988515,-4.11107015048608,0.00927003774774568,0.0223695429608034,-2.60083116682158,3863,1.779,367.24615,"Unknown","[M+H]+","ion correlated with 2126; ion correlated with 3807",0.071,FALSE,"null","null","null","null",999,FALSE,FALSE,FALSE,"null","null","null","null","null",24.61,974.666666666667,158.138025281859,20,"Leaf vs Root","Root","Root enriched - FDR supported"
"F3311_mz317.1599_rt1.02",3.25921345803346,17.8300091183955,4.10829972920274,0.00929513228872485,0.0224001519107455,-2.60382845523792,3311,1.024,317.15994,"Unknown","[M+H]+","ion correlated with 1458; ion correlated with 1088",0.036,TRUE,"null","null","null","null",999,FALSE,FALSE,FALSE,"null","null","null","null","null",516.16,0,3266110,17,"Leaf vs Root","Leaf","Leaf enriched - FDR supported"
"F51_mz70.0653_rt0.48",1.03541062247291,19.3053561307308,4.10610560213106,0.00931506237305522,0.0224182501111529,-2.60620312307029,51,0.482,70.06532,"Unknown","[M+H]+","ion correlated with 1096; ion correlated with 4326; ion correlated with 4472; similar chromatogram in higher mz_519; found in higher mz's MsMs_519; found in higher mz's MsMs_2176; found in higher mz's MsMs_279; similar chromatogram in higher mz_785; similar chromatogram in higher mz_912; similar chromatogram in higher mz_2322; similar chromatogram in higher mz_3101; similar chromatogram in higher mz_459; found in higher mz's MsMs_1612; found in higher mz's MsMs_1942; similar chromatogram in higher mz_1389; similar chromatogram in higher mz_2364; similar chromatogram in higher mz_2584; similar chromatogram in higher mz_3643; similar chromatogram in higher mz_525; similar chromatogram in higher mz_5034; similar chromatogram in higher mz_3496",0.464,TRUE,"null","null","null","null",999,FALSE,FALSE,FALSE,"null","null","null","null","null",618.29,202394.666666667,45.0350946248849,24,"Leaf vs Root","Leaf","Leaf enriched - FDR supported"
"F1170_mz162.0076_rt0.4",-1.67192670746291,18.1075979762414,-4.10288462020639,0.00934440915022516,0.0224589327778381,-2.60969052568721,1170,0.401,162.00763,"Unknown","[M+H]+","ion correlated with 717; ion correlated with 3634; ion correlated with 35; ion correlated with 2414",0.286,FALSE,"null","null","null","null",999,FALSE,FALSE,FALSE,"null","null","null","null","null",218.43,9116.66666666667,91.1340620772859,24,"Leaf vs Root","Root","Root enriched - FDR supported"
"F3322_mz317.2117_rt2.87",2.65067681768175,17.0106760697209,4.09379201828388,0.00942783027308403,0.0226293000570701,-2.6195441173198,3322,2.868,317.21167,"Unknown","[M+H]+","ion correlated with 1753",0.071,TRUE,"null","null","null","null",999,FALSE,FALSE,FALSE,"null","null","null","null","null",14.93,0,892314,6,"Leaf vs Root","Leaf","Leaf enriched - FDR supported"
"F238_mz94.0452_rt0.39",-1.18023318117654,23.6064381461941,-4.08742442841041,0.0094867620259232,0.0227405118948093,-2.62645246262185,238,0.39,94.04518,"Unknown","[M+H]2+","adduct linked to 1556_[M+H]+",0.857,TRUE,"null","null","null","null",999,FALSE,FALSE,FALSE,"null","null","null","null","null",117.41,71247,235.171331125084,24,"Leaf vs Root","Root","Root enriched - FDR supported"
"F101_mz78.6814_rt0.64",-2.58177014635393,18.1515048605287,-4.08530451238094,0.00950647594435611,0.0227575451983591,-2.62875384021542,101,0.641,78.6814,"Unknown","[M+H]+","ion correlated with 122",0.25,FALSE,"null","null","null","null",999,FALSE,FALSE,FALSE,"null","null","null","null","null",508.35,7858.66666666667,145.549811272743,23,"Leaf vs Root","Root","Root enriched - FDR supported"
"F1942_mz215.053_rt0.48",0.803301250665119,21.1645978181886,4.08031225972209,0.00955308776061758,0.0228388389508804,-2.63417624803608,1942,0.483,215.05296,"Unknown","[M+H]+","ion correlated with 2415; ion correlated with 1657; ion correlated with 1621; ion correlated with 1901; ion correlated with 1879; ion correlated with 251; ion correlated with 3203; ion correlated with 2771",0.214,TRUE,"null","null","null","null",999,FALSE,FALSE,FALSE,"null","null","null","null","null",358.4,7041,821.521584777052,8,"Leaf vs Root","Leaf","Not selected"
"F3158_mz304.0918_rt0.46",2.07121912680111,17.0302511725611,4.07827431728719,0.00957219140332785,0.0228542400568873,-2.6363909293626,3158,0.459,304.09183,"Unknown","[M+2H]2+",NA,0.179,FALSE,"null","null","null","null",999,FALSE,FALSE,FALSE,"null","null","null","null","null",291.63,0,666425,11,"Leaf vs Root","Leaf","Leaf enriched - FDR supported"
"F2635_mz268.1392_rt0.72",1.47593906360509,16.3693162161404,4.07515752059314,0.00960149348475756,0.0228939177542766,-2.63977930689224,2635,0.72,268.13925,"Unknown","[M+H]+",NA,0.107,FALSE,"null","null","null","null",999,FALSE,FALSE,FALSE,"null","null","null","null","null",31.28,47204.6666666667,5.28904721890733,20,"Leaf vs Root","Leaf","Leaf enriched - FDR supported"
"F3975_mz380.2799_rt3.31",2.14949853098056,16.843892298425,4.07291540789923,0.00962263633211665,0.0229140614504889,-2.64221774195596,3975,3.31,380.27988,"Unknown","[M+H]+","ion correlated with 3279; ion correlated with 3470; ion correlated with 3848; ion correlated with 3899; ion correlated with 4093",0.107,TRUE,"null","null","null","null",999,FALSE,FALSE,FALSE,"null","null","null","null","null",53.65,0,596911,6,"Leaf vs Root","Leaf","Leaf enriched - FDR supported"
"F4274_mz423.2891_rt1.77",-3.41302854041132,17.6117208784834,-4.06189032268579,0.00972738571387524,0.0231329792009813,-2.65421984919234,4274,1.768,423.28906,"Unknown","[M+H]+",NA,0.214,TRUE,"null","null","null","null",999,FALSE,FALSE,FALSE,"null","null","null","null","null",3685.64,1635.33333333333,605.297209207578,23,"Leaf vs Root","Root","Root enriched - FDR supported"
"F4296_mz425.9528_rt0.39",-0.955501618147748,16.4731019192894,-4.04432631582798,0.00989698871869152,0.0235053482068924,-2.67338036177662,4296,0.388,425.95276,"Unknown","[M+H]+","ion correlated with 4015",0.071,FALSE,"null","null","null","null",999,FALSE,FALSE,FALSE,"null","null","null","null","null",2416.39,0,136208,19,"Leaf vs Root","Root","Not selected"
"F1153_mz160.0969_rt0.48",-1.01263241897194,18.9515338932911,-4.04167508152157,0.00992288473970898,0.0235358829897171,-2.67627685714931,1153,0.481,160.09691,"Unknown","[M+H]+","similar chromatogram in higher mz_2814",0.179,FALSE,"null","null","null","null",999,FALSE,FALSE,FALSE,"null","null","null","null","null",115.11,27185.3333333333,24.6204220257728,24,"Leaf vs Root","Root","Root enriched - FDR supported"
"F4329_mz432.2387_rt2.38",-1.711021576657,12.8768770039292,-4.02678874935016,0.0100697457151469,0.0238528753488716,-2.69256112485539,4329,2.384,432.23874,"Unknown","[M+H]+","ion correlated with 4230; ion correlated with 4403",0.179,TRUE,"null","null","null","null",999,FALSE,FALSE,FALSE,"null","null","null","null","null",56.55,0,296142,23,"Leaf vs Root","Root","Root enriched - FDR supported"
"F260_mz97.0287_rt0.94",2.52582405014444,16.3065886037536,4.0159565568246,0.0101781854820863,0.0240781452099159,-2.70443277292965,260,0.94,97.02866,"Unknown","[M+H]+","similar chromatogram in higher mz_886; similar chromatogram in higher mz_2802; similar chromatogram in higher mz_3443",0.214,FALSE,"null","null","null","null",999,FALSE,FALSE,FALSE,"null","null","null","null","null",83.81,56925,17.4074939395004,24,"Leaf vs Root","Leaf","Leaf enriched - FDR supported"
"F681_mz127.0392_rt0.97",-0.913160759535461,18.3094567668178,-4.00833332182875,0.0102553073886825,0.024228834864623,-2.71279876561419,681,0.966,127.0392,"Unknown","[M+H]+",NA,0.107,TRUE,"null","null","null","null",999,FALSE,FALSE,FALSE,"null","null","null","null","null",158.07,303423.333333333,10.5105677088082,24,"Leaf vs Root","Root","Not selected"
"F390_mz107.001_rt0.39",-0.991883759544424,19.5699013308283,-4.00020001667809,0.0103383325858499,0.0243930592385085,-2.72173476200946,390,0.392,107.00104,"Unknown","[M+H]+","ion correlated with 772",0.571,FALSE,"null","null","null","null",999,FALSE,FALSE,FALSE,"null","null","null","null","null",128.41,83429,13.7518758240441,24,"Leaf vs Root","Root","Not selected"
"F147_mz82.5372_rt0.39",-0.815628035644139,25.8478347977548,-3.99812637337439,0.0103596240989376,0.0243954900254522,-2.72401474797277,147,0.391,82.53722,"Unknown","[M+H]+",NA,0.857,TRUE,"null","null","null","null",999,FALSE,FALSE,FALSE,"null","null","null","null","null",4367.84,140271.333333333,772.76399717692,24,"Leaf vs Root","Root","Not selected"
"F3082_mz299.2011_rt2.87",3.53828727372486,15.1694530471797,3.99746807804614,0.0103663938224498,0.0243954900254522,-2.7247386921879,3082,2.873,299.20108,"Unknown","[M+H]+","ion correlated with 2475; ion correlated with 3322; ion correlated with 2675; ion correlated with 1753",0.071,FALSE,"null","null","null","null",999,FALSE,FALSE,FALSE,"null","null","null","null","null",13.17,0,348276,8,"Leaf vs Root","Leaf","Leaf enriched - FDR supported"
"F4106_mz396.2753_rt3.56",2.87122142081224,15.4507038940195,3.99051706515873,0.0104381877987492,0.0245324596051331,-2.7323871254224,4106,3.556,396.2753,"Unknown","[M+H]+","ion correlated with 2014; ion correlated with 1349; ion correlated with 3098; ion correlated with 3118; ion correlated with 5038; ion correlated with 5047; ion correlated with 3996; ion correlated with 4188",0.107,FALSE,"null","null","null","null",999,FALSE,FALSE,FALSE,"null","null","null","null","null",10.81,0,231659,9,"Leaf vs Root","Leaf","Leaf enriched - FDR supported"
"F5077_mz732.5629_rt9.27",-1.47226325437765,16.6951458320127,-3.98856566201053,0.0104584457888852,0.0245481074758618,-2.73453570825638,5077,9.268,732.56293,"Unknown","[M+H]+",NA,0.036,TRUE,"null","null","null","null",999,FALSE,FALSE,FALSE,"null","null","null","null","null",48.46,735,233.618206521739,17,"Leaf vs Root","Root","Root enriched - FDR supported"
"F1004_mz148.0606_rt0.46",1.23206678108438,23.5391061179276,3.98093534156921,0.0105380936842699,0.024702933896243,-2.74294287892684,1004,0.457,148.06058,"Unknown","[M+H]+",NA,0.607,TRUE,"null","null","null","null",999,FALSE,FALSE,FALSE,"null","null","null","null","null",11822.95,6511.33333333333,22656.781440344,24,"Leaf vs Root","Leaf","Leaf enriched - FDR supported"
"F3188_mz307.0792_rt1.08",5.05682708856401,16.068366310471,3.97794916023238,0.0105694544016864,0.0247443128340389,-2.74623562062474,3188,1.08,307.07925,"Unknown","[M+H]+","ion correlated with 2865; ion correlated with 1439; ion correlated with 3125; ion correlated with 4678; similar chromatogram in higher mz_3664; similar chromatogram in higher mz_3757",0.071,TRUE,"null","null","null","null",999,FALSE,FALSE,FALSE,"null","null","null","null","null",516.42,0,1865343,7,"Leaf vs Root","Leaf","Leaf enriched - FDR supported"
"F2037_mz221.1175_rt1.18",2.18369372184441,15.3063116792317,3.97009027993817,0.0106525025955942,0.0248746618220855,-2.7549081056358,2037,1.184,221.11755,"Unknown","[M+H]+","ion correlated with 3991; ion correlated with 4153; ion correlated with 3574; ion correlated with 4709; ion correlated with 1598; ion correlated with 3733; ion correlated with 1221; ion correlated with 4111; ion correlated with 4797; ion correlated with 1407; ion correlated with 4789; ion correlated with 2013",0.071,FALSE,"null","null","null","null",999,FALSE,FALSE,FALSE,"null","null","null","null","null",13.88,4718.66666666667,51.0928031640653,23,"Leaf vs Root","Leaf","Leaf enriched - FDR supported"
"F4487_mz463.2825_rt5.42",-1.34321862228459,17.3965043046348,-3.96925784237552,0.0106613432292556,0.0248746618220855,-2.75582730134804,4487,5.417,463.28247,"Unknown","[M+H]+","ion correlated with 4275",0.214,FALSE,"null","null","null","null",999,FALSE,FALSE,FALSE,"null","null","null","null","null",18.48,0,227641,6,"Leaf vs Root","Root","Root enriched - FDR supported"
"F452_mz111.5494_rt0.4",-1.57992227186974,18.0991747291875,-3.96877495150641,0.0106664754849275,0.0248746618220855,-2.75636057077344,452,0.396,111.54935,"Unknown","[M+H]+","ion correlated with 233",0.857,FALSE,"null","null","null","null",999,FALSE,FALSE,FALSE,"null","null","null","null","null",30.76,14329.3333333333,98.3028075643739,24,"Leaf vs Root","Root","Root enriched - FDR supported"
"F4806_mz581.2355_rt1.19",2.19211851438805,15.7520634004467,3.95930012902859,0.0107677531273953,0.0250784443805788,-2.76683141910102,4806,1.19,581.23547,"Unknown","[M+H]+","ion correlated with 4223; ion correlated with 5140; ion correlated with 4647; ion correlated with 4838; ion correlated with 4153; ion correlated with 3739; ion correlated with 4333; ion correlated with 4192; ion correlated with 4307; ion correlated with 4250; ion correlated with 4950; ion correlated with 4110; ion correlated with 4080; ion correlated with 4341; ion correlated with 4388; ion correlated with 2740; ion correlated with 4206; ion correlated with 4003; ion correlated with 3957; ion correlated with 4960; ion correlated with 4041; ion correlated with 3635; ion correlated with 4656; ion correlated with 4789; ion correlated with 4803; ion correlated with 4937; ion correlated with 4448; ion correlated with 1381; ion correlated with 1635; ion correlated with 4100; ion correlated with 3600; ion correlated with 3904; ion correlated with 4825; ion correlated with 3563; ion correlated with 3934",0.107,FALSE,"null","null","null","null",999,FALSE,FALSE,FALSE,"null","null","null","null","null",3859.64,0,199316,6,"Leaf vs Root","Leaf","Leaf enriched - FDR supported"
"F2969_mz291.0868_rt1.04",-1.86270400702663,22.2137787510132,-3.95423825520175,0.0108223134137105,0.0251730357110148,-2.77243130051369,2969,1.039,291.08676,"Unknown","[M+H]+",NA,0.214,TRUE,"null","null","null","null",999,FALSE,FALSE,FALSE,"null","null","null","null","null",21048.57,0,7971118,7,"Leaf vs Root","Root","Root enriched - FDR supported"
"F1289_mz169.1225_rt1.1",1.19257514276516,16.9503650578614,3.94735874431502,0.0108969760737313,0.0253140821275226,-2.78004858141289,1289,1.104,169.12248,"Unknown","[M+H]+","ion correlated with 4257; ion correlated with 3349; ion correlated with 3823; ion correlated with 4486; ion correlated with 3491; ion correlated with 4019; ion correlated with 4192; ion correlated with 3143; ion correlated with 4250; similar chromatogram in higher mz_4693",0.107,FALSE,"null","null","null","null",999,FALSE,FALSE,FALSE,"null","null","null","null","null",75.9,53652.3333333333,6.66048086481113,24,"Leaf vs Root","Leaf","Leaf enriched - FDR supported"
"F1393_mz176.1646_rt0.92",1.49110024626101,17.9613226318801,3.93748899238386,0.0110051287295919,0.0255008364003792,-2.79099000990883,1393,0.92,176.16464,"Unknown","[M+H]+","ion correlated with 4069; ion correlated with 4514; ion correlated with 521; ion correlated with 3170; ion correlated with 3377; ion correlated with 1429; ion correlated with 4880; ion correlated with 2902; ion correlated with 1929; ion correlated with 1904; ion correlated with 4843",0.071,FALSE,"null","null","null","null",999,FALSE,FALSE,FALSE,"null","null","null","null","null",183.2,0,1015955,6,"Leaf vs Root","Leaf","Leaf enriched - FDR supported"
"F4606_mz496.4216_rt6.4",-1.31562545990757,17.586048049897,-3.93744404029105,0.01100562413069,0.0255008364003792,-2.79103987865425,4606,6.398,496.4216,"Unknown","[M+H]+","ion correlated with 4433; ion correlated with 4189",0.036,FALSE,"null","null","null","null",999,FALSE,FALSE,FALSE,"null","null","null","null","null",137.86,17691.6666666667,18.282772523456,24,"Leaf vs Root","Root","Root enriched - FDR supported"
"F213_mz89.1075_rt0.39",3.39145870764121,19.3886083824273,3.93492043448822,0.0110334770770296,0.025532597594921,-2.7938400236237,213,0.394,89.1075,"Unknown","[M+H]+","ion correlated with 64",0.464,FALSE,"null","null","null","null",999,FALSE,FALSE,FALSE,"null","null","null","null","null",255.17,6306.66666666667,851.189082069439,20,"Leaf vs Root","Leaf","Leaf enriched - FDR supported"
"F360_mz104.0304_rt0.39",-2.8755240319496,15.5549582488288,-3.93244830556815,0.0110608405043609,0.0255631461080301,-2.79658403932062,360,0.393,104.03045,"Unknown","[M+H]+",NA,0.071,FALSE,"null","null","null","null",999,FALSE,FALSE,FALSE,"null","null","null","null","null",17.33,2070,86.3906325446644,24,"Leaf vs Root","Root","Root enriched - FDR supported"
"F3944_mz376.3062_rt2.7",-12.9761209877997,13.8718965948371,-3.9171898933388,0.0112314698171128,0.0259173970829514,-2.81354224092944,3944,2.698,376.30621,"Unknown","[M+H]+","ion correlated with 3988; ion correlated with 2291",0.107,TRUE,"null","null","null","null",999,FALSE,FALSE,FALSE,"null","null","null","null","null",271.44,0,768743,5,"Leaf vs Root","Root","Root enriched - FDR supported"
"F3993_mz382.2354_rt2.83",1.17906255377326,15.6676377970895,3.9161828176129,0.0112428376265656,0.0259173970829514,-2.81466281644073,3993,2.827,382.23544,"Unknown","[M+H]+","ion correlated with 2673; ion correlated with 3076; ion correlated with 2709; ion correlated with 3525; ion correlated with 3576; ion correlated with 3681; ion correlated with 3826; ion correlated with 3792",0.071,FALSE,"null","null","null","null",999,FALSE,FALSE,FALSE,"null","null","null","null","null",7.71,16992,8.390572588713,24,"Leaf vs Root","Leaf","Leaf enriched - FDR supported"
"F2752_mz275.2011_rt1.37",2.6229703251031,15.5238802899794,3.91322346234506,0.0112763192662392,0.0259614238208696,-2.81795663778151,2752,1.367,275.20108,"Unknown","[M+H]+","ion correlated with 2898; ion correlated with 4908; ion correlated with 3162; ion correlated with 3382; ion correlated with 1288; ion correlated with 1868; ion correlated with 3655",0.071,FALSE,"null","null","null","null",999,FALSE,FALSE,FALSE,"null","null","null","null","null",16.02,0,244489,16,"Leaf vs Root","Leaf","Leaf enriched - FDR supported"
"F2628_mz267.8584_rt0.42",1.55948224901988,16.1264288118855,3.90211659341323,0.0114030068640961,0.0262196527257241,-2.83033131384237,2628,0.416,267.8584,"Unknown","[M+H]+","ion correlated with 307; ion correlated with 96; ion correlated with 3084; ion correlated with 2159; ion correlated with 2186; ion correlated with 254; ion correlated with 801; ion correlated with 3328; ion correlated with 2602; ion correlated with 3696; ion correlated with 4589; ion correlated with 3927; ion correlated with 4476; ion correlated with 4689; ion correlated with 4731; ion correlated with 1564; ion correlated with 1872; ion correlated with 2044; ion correlated with 2129; ion correlated with 3038; ion correlated with 3708",0.107,FALSE,"null","null","null","null",999,FALSE,FALSE,FALSE,"null","null","null","null","null",4134.07,0,279961,6,"Leaf vs Root","Leaf","Leaf enriched - FDR supported"
"F621_mz123.0553_rt0.49",-1.24718991722598,17.5891605113859,-3.89722677129585,0.0114592994167878,0.0263155667268472,-2.83578555448159,621,0.492,123.05533,"Unknown","[M+H]+","similar chromatogram in higher mz_2790; similar chromatogram in higher mz_1607; similar chromatogram in higher mz_1236; similar chromatogram in higher mz_3687; similar chromatogram in higher mz_4399; similar chromatogram in higher mz_3915; similar chromatogram in higher mz_1500; similar chromatogram in higher mz_1884; similar chromatogram in higher mz_3859",0.143,FALSE,"null","null","null","null",999,FALSE,FALSE,FALSE,"null","null","null","null","null",23.25,55721,12.8865439144324,20,"Leaf vs Root","Root","Root enriched - FDR supported"
"F3833_mz365.1057_rt0.61",1.85075215738013,19.9083916927796,3.89397981195615,0.0114968554570066,0.0263682644217242,-2.8394094170783,3833,0.611,365.10574,"Unknown","[M+H]+",NA,0.071,TRUE,"null","null","null","null",999,FALSE,FALSE,FALSE,"null","null","null","null","null",1237.09,0,3326971,18,"Leaf vs Root","Leaf","Leaf enriched - FDR supported"
"F615_mz122.9247_rt0.42",1.62481191356092,22.1733722252886,3.87069419599469,0.0117703711887302,0.0269613197914442,-2.86544748246081,615,0.418,122.92467,"Unknown","[M+H]+","similar chromatogram in higher mz_1676; similar chromatogram in higher mz_2415; similar chromatogram in higher mz_2442; similar chromatogram in higher mz_3508; similar chromatogram in higher mz_4142; similar chromatogram in higher mz_4260; found in higher mz's MsMs_2965; similar chromatogram in higher mz_1909; found in higher mz's MsMs_2516; similar chromatogram in higher mz_4249; similar chromatogram in higher mz_2312; similar chromatogram in higher mz_4413; similar chromatogram in higher mz_3829; similar chromatogram in higher mz_3769; similar chromatogram in higher mz_2823; similar chromatogram in higher mz_2764; similar chromatogram in higher mz_2967; similar chromatogram in higher mz_4701; similar chromatogram in higher mz_3928; similar chromatogram in higher mz_4493; similar chromatogram in higher mz_4288; similar chromatogram in higher mz_4424; similar chromatogram in higher mz_4891; similar chromatogram in higher mz_4270; similar chromatogram in higher mz_3609",0.857,TRUE,"null","null","null","null",999,FALSE,FALSE,FALSE,"null","null","null","null","null",535.46,0,15231889,24,"Leaf vs Root","Leaf","Leaf enriched - FDR supported"
"F898_mz142.0352_rt0.39",-0.891359722391821,18.31737815748,-3.84443803501836,0.0120877868725125,0.0276533020340749,-2.89491141046199,898,0.394,142.03519,"Unknown","[M+H]+","ion correlated with 1774",0.393,FALSE,"null","null","null","null",999,FALSE,FALSE,FALSE,"null","null","null","null","null",37.66,1782,251.316320807628,24,"Leaf vs Root","Root","Not selected"
"F4500_mz466.2654_rt1.21",2.46787553582519,20.7370604280054,3.82606110429461,0.0123157974286636,0.0281392586819466,-2.91559918245789,4500,1.207,466.26538,"Unknown","[M+H]+","ion correlated with 4929; ion correlated with 4673; similar chromatogram in higher mz_4556",0.214,TRUE,"null","null","null","null",999,FALSE,FALSE,FALSE,"null","null","null","null","null",322.72,0,8607839,7,"Leaf vs Root","Leaf","Leaf enriched - FDR supported"
"F568_mz119.0856_rt2.07",0.759962105878948,18.8918618014838,3.82093860321629,0.0123802314226,0.0282507177216093,-2.9213754624388,568,2.074,119.08565,"Unknown","[M+H]+","ion correlated with 1018; ion correlated with 2950; ion correlated with 3907; ion correlated with 4118; ion correlated with 3851; found in higher mz's MsMs_3323; found in higher mz's MsMs_1751; found in higher mz's MsMs_3520; found in higher mz's MsMs_3703; found in higher mz's MsMs_2674; found in higher mz's MsMs_5012; found in higher mz's MsMs_5004; found in higher mz's MsMs_2381; found in higher mz's MsMs_2950; found in higher mz's MsMs_3851; found in higher mz's MsMs_3979",0.107,FALSE,"null","null","null","null",999,FALSE,FALSE,FALSE,"null","null","null","null","null",27.73,201589.333333333,5.88788152871087,24,"Leaf vs Root","Leaf","Not selected"
"F2815_mz280.1396_rt1.02",2.98766789795353,16.7469798097177,3.81872104660927,0.0124082451198162,0.0282788919712982,-2.92387734669336,2815,1.025,280.13959,"Unknown","[M+H]+",NA,0.143,FALSE,"null","null","null","null",999,FALSE,FALSE,FALSE,"null","null","null","null","null",32.28,14208.6666666667,58.4570362898496,24,"Leaf vs Root","Leaf","Leaf enriched - FDR supported"
"F1569_mz189.1237_rt0.91",-1.72111362439875,17.0613853013261,-3.81628030287453,0.0124391623737526,0.0283136041420221,-2.92663194482519,1569,0.906,189.12373,"Unknown","[M+H]+","ion correlated with 1049; ion correlated with 2559; ion correlated with 4352; ion correlated with 1785; ion correlated with 1993; ion correlated with 737; ion correlated with 2018; ion correlated with 2210",0.286,TRUE,"null","null","null","null",999,FALSE,FALSE,FALSE,"null","null","null","null","null",659.34,1880.66666666667,3809.38883968113,24,"Leaf vs Root","Root","Root enriched - FDR supported"
"F648_mz124.9228_rt0.42",1.70473428079831,19.2665486246425,3.8117417332219,0.0124968883399412,0.0284091731153575,-2.93175666399482,648,0.418,124.92282,"Unknown","[M+H]+","similar chromatogram in higher mz_2965; similar chromatogram in higher mz_1828; similar chromatogram in higher mz_1860; similar chromatogram in higher mz_2238; similar chromatogram in higher mz_2261; similar chromatogram in higher mz_2440; similar chromatogram in higher mz_2628; similar chromatogram in higher mz_2735; similar chromatogram in higher mz_3018; similar chromatogram in higher mz_3366; similar chromatogram in higher mz_3384; similar chromatogram in higher mz_3405; similar chromatogram in higher mz_3558; similar chromatogram in higher mz_3764; similar chromatogram in higher mz_3829; similar chromatogram in higher mz_3927; similar chromatogram in higher mz_3946; similar chromatogram in higher mz_4046; similar chromatogram in higher mz_4156; similar chromatogram in higher mz_4169; similar chromatogram in higher mz_4259; similar chromatogram in higher mz_4384; similar chromatogram in higher mz_4413; similar chromatogram in higher mz_4424; similar chromatogram in higher mz_4463; similar chromatogram in higher mz_4476; similar chromatogram in higher mz_4526; similar chromatogram in higher mz_4582; similar chromatogram in higher mz_4589; similar chromatogram in higher mz_4630; similar chromatogram in higher mz_4689; similar chromatogram in higher mz_4695; similar chromatogram in higher mz_4701; similar chromatogram in higher mz_4725; similar chromatogram in higher mz_4731; similar chromatogram in higher mz_4787; similar chromatogram in higher mz_4795",0.857,FALSE,"null","null","null","null",999,FALSE,FALSE,FALSE,"null","null","null","null","null",93.76,0,2190479,24,"Leaf vs Root","Leaf","Leaf enriched - FDR supported"
"F2560_mz261.145_rt1",-1.10255597635492,15.4987552480866,-3.78890192477702,0.0127920918609117,0.0290436802628246,-2.9575962629802,2560,1.004,261.14502,"Unknown","[M+2H]2+","ion correlated with 520; ion correlated with 2975; similar chromatogram in higher mz_3243; similar chromatogram in higher mz_3007",0.429,TRUE,"null","null","null","null",999,FALSE,FALSE,FALSE,"null","null","null","null","null",637.21,0,3391935,24,"Leaf vs Root","Root","Root enriched - FDR supported"
"F4015_mz384.9268_rt0.39",-1.18269524921679,16.0468882142675,-3.78474376499428,0.0128466921056455,0.0291310040837816,-2.96230954331945,4015,0.387,384.92682,"Unknown","[M+H]+","ion correlated with 4296",0.036,FALSE,"null","null","null","null",999,FALSE,FALSE,FALSE,"null","null","null","null","null",2181.86,0,109094,20,"Leaf vs Root","Root","Root enriched - FDR supported"
"F5153_mz792.5624_rt8.96",3.71951886679508,16.0572163180592,3.77306084222137,0.0130015343883247,0.0294451312056789,-2.97556696355137,5153,8.962,792.56244,"Unknown","[M+H]+","ion correlated with 4885; ion correlated with 4822; ion correlated with 5135; ion correlated with 5126",0.107,TRUE,"null","null","null","null",999,FALSE,FALSE,FALSE,"null","null","null","null","null",117.71,9502.66666666667,47.772824523868,22,"Leaf vs Root","Leaf","Leaf enriched - FDR supported"
"F4593_mz492.2444_rt1.19",-2.29747779692986,19.2776356979937,-3.7657933021046,0.0130989353265233,0.0296285441909455,-2.98382496258978,4593,1.191,492.24445,"Unknown","[M+H]+",NA,0.214,TRUE,"null","null","null","null",999,FALSE,FALSE,FALSE,"null","null","null","null","null",5889.43,0,1346080,6,"Leaf vs Root","Root","Root enriched - FDR supported"
"F437_mz110.0602_rt0.69",-1.92380650966891,16.0298283922913,-3.75366235694083,0.0132633851470482,0.029932868969313,-2.9976279991015,437,0.694,110.06021,"Unknown","[M+H]+","similar chromatogram in higher mz_622; similar chromatogram in higher mz_775; similar chromatogram in higher mz_790; similar chromatogram in higher mz_1031; similar chromatogram in higher mz_2454; similar chromatogram in higher mz_2886; similar chromatogram in higher mz_2888; similar chromatogram in higher mz_4592",0.429,TRUE,"null","null","null","null",999,FALSE,FALSE,FALSE,"null","null","null","null","null",81.6,120898.666666667,53.0821397357037,24,"Leaf vs Root","Root","Root enriched - FDR supported"
"F2879_mz285.2904_rt1.69",-2.68468007774932,17.1374900443245,-3.75342359384316,0.0132666455265653,0.029932868969313,-2.99789990873049,2879,1.687,285.29037,"Unknown","[M+H]+",NA,0.286,TRUE,"null","null","null","null",999,FALSE,FALSE,FALSE,"null","null","null","null","null",17.61,11435.3333333333,40.2167361333761,24,"Leaf vs Root","Root","Root enriched - FDR supported"
"F4880_mz611.1401_rt0.92",1.12801473057396,18.6421059177133,3.74413309978262,0.0133942256663294,0.0301829929185075,-3.00848724300684,4880,0.918,611.14014,"Unknown","[M+H]+","ion correlated with 842; ion correlated with 4069; ion correlated with 4514; ion correlated with 1363; ion correlated with 521; ion correlated with 1730; ion correlated with 3377; ion correlated with 278; ion correlated with 1393; ion correlated with 1929; ion correlated with 1904; ion correlated with 1114; ion correlated with 3191",0.179,FALSE,"null","null","null","null",999,FALSE,FALSE,FALSE,"null","null","null","null","null",12691.42,0,1132765,6,"Leaf vs Root","Leaf","Leaf enriched - FDR supported"
"F1560_mz188.1285_rt1.2",-1.5545027003089,14.32883258602,-3.72753800571116,0.0136256277597486,0.0306661572398333,-3.02743314315096,1560,1.201,188.12851,"Unknown","[M+H]+","ion correlated with 1798",0.179,FALSE,"null","null","null","null",999,FALSE,FALSE,FALSE,"null","null","null","null","null",110.98,18947,18.8447857293646,24,"Leaf vs Root","Root","Root enriched - FDR supported"
"F852_mz139.0392_rt1.04",-1.53951743017823,18.7953382874318,-3.71463826165004,0.0138086662532045,0.0310394054633054,-3.0421906148002,852,1.038,139.03917,"Unknown","[M+H]+","ion correlated with 2937; found in higher mz's MsMs_2969",0.143,TRUE,"null","null","null","null",999,FALSE,FALSE,FALSE,"null","null","null","null","null",24.14,18902.3333333333,40.1582084288485,23,"Leaf vs Root","Root","Root enriched - FDR supported"
"F1478_mz182.0815_rt0.75",1.67240381893752,16.8454034267525,3.70970534795356,0.0138794035853258,0.031159606307852,-3.04784095423886,1478,0.747,182.0815,"Unknown","[M+H]+",NA,0.071,TRUE,"null","null","null","null",999,FALSE,FALSE,FALSE,"null","null","null","null","null",369.46,4504,4272.2128745838,24,"Leaf vs Root","Leaf","Leaf enriched - FDR supported"
"F4668_mz519.1845_rt1.04",3.02994064987254,15.9411479117026,3.69696970623994,0.0140639563499114,0.031534709579615,-3.06244678001751,4668,1.041,519.18451,"Unknown","[M+H]+","ion correlated with 4151; ion correlated with 4483; ion correlated with 3535; ion correlated with 4037; ion correlated with 4247; ion correlated with 567; ion correlated with 3662; ion correlated with 3961; ion correlated with 4550; ion correlated with 4257; ion correlated with 4565; ion correlated with 4052; ion correlated with 4770; ion correlated with 3741; ion correlated with 2128; ion correlated with 3757; ion correlated with 3536; ion correlated with 3830; ion correlated with 4098; ion correlated with 4310; ion correlated with 4575; ion correlated with 598",0.107,FALSE,"null","null","null","null",999,FALSE,FALSE,FALSE,"null","null","null","null","null",5891.89,0,321019,6,"Leaf vs Root","Leaf","Leaf enriched - FDR supported"
"F526_mz116.9772_rt0.51",1.00104647579089,20.8935890186378,3.68276678511079,0.0142730912480695,0.031963932633704,-3.07876586533227,526,0.511,116.97725,"Unknown","[M+H]+",NA,0.643,TRUE,"null","null","null","null",999,FALSE,FALSE,FALSE,"null","null","null","null","null",687.47,196725,26.6035653650255,24,"Leaf vs Root","Leaf","Leaf enriched - FDR supported"
"F3434_mz328.8984_rt0.39",-1.84577607619431,17.3699684209077,-3.67819840506773,0.0143411140289153,0.0320764694203123,-3.08402174661054,3434,0.388,328.89838,"Unknown","[M+H]+","ion correlated with 717; ion correlated with 947; ion correlated with 35",0.714,FALSE,"null","null","null","null",999,FALSE,FALSE,FALSE,"null","null","null","null","null",334.39,0,1141674,24,"Leaf vs Root","Root","Root enriched - FDR supported"
"F3670_mz349.2377_rt2.58",1.07158385352533,17.3215942340589,3.67075538369934,0.0144527355195647,0.0322861232831861,-3.092592000032,3670,2.575,349.23767,"Unknown","[M+H]+","ion correlated with 2947; ion correlated with 3762; ion correlated with 3516; ion correlated with 3077",0.107,TRUE,"null","null","null","null",999,FALSE,FALSE,FALSE,"null","null","null","null","null",29.11,0,449936,8,"Leaf vs Root","Leaf","Leaf enriched - FDR supported"
"F827_mz137.1327_rt1.21",0.951816991431533,17.9429614813597,3.66765916353326,0.0144994612194725,0.0323504666268823,-3.09615973602257,827,1.21,137.13268,"Unknown","[M+H]+","ion correlated with 1189; ion correlated with 4590; ion correlated with 4895; ion correlated with 4673; ion correlated with 4062; ion correlated with 4909; ion correlated with 4954; ion correlated with 1690; ion correlated with 3495; ion correlated with 3284; ion correlated with 4031; similar chromatogram in higher mz_4500; similar chromatogram in higher mz_3904; similar chromatogram in higher mz_4516; similar chromatogram in higher mz_4544; similar chromatogram in higher mz_4871",0.107,FALSE,"null","null","null","null",999,FALSE,FALSE,FALSE,"null","null","null","null","null",55.14,95199,7.53531512605042,24,"Leaf vs Root","Leaf","Not selected"
"F244_mz95.044_rt0.39",-1.2002898289744,20.7241027560755,-3.65780046290758,0.0146493952889762,0.0326446401192618,-3.10752996163146,244,0.393,95.04404,"Unknown","[M+H]+",NA,0.107,FALSE,"null","null","null","null",999,FALSE,FALSE,FALSE,"null","null","null","null","null",131.75,38462.3333333333,65.4345003899818,24,"Leaf vs Root","Root","Root enriched - FDR supported"
"F2822_mz280.9941_rt0.4",-1.45040594868209,17.7397706364487,-3.6558867297929,0.014678704878294,0.032647522307589,-3.1097388991015,2822,0.396,280.99411,"Unknown","[M+H]+","ion correlated with 2533",0.5,FALSE,"null","null","null","null",999,FALSE,FALSE,FALSE,"null","null","null","null","null",126.55,0,749235,24,"Leaf vs Root","Root","Root enriched - FDR supported"
"F667_mz126.055_rt0.74",-2.35049750132695,16.0932199339836,-3.65535481790101,0.0146868632209209,0.032647522307589,-3.11035296496312,667,0.74,126.05503,"Unknown","[M+H]+","ion correlated with 2509; ion correlated with 1268; ion correlated with 2341; ion correlated with 2165",0.071,FALSE,"null","null","null","null",999,FALSE,FALSE,FALSE,"null","null","null","null","null",74.95,116228.666666667,7.91057934147621,24,"Leaf vs Root","Root","Root enriched - FDR supported"
"F1987_mz217.1051_rt7.9",-1.19818140991257,14.8821700845568,-3.63483070763187,0.0150056504175676,0.033315127925842,-3.13408139435228,1987,7.905,217.10512,"Unknown","[M+H]+","ion correlated with 335",0.036,FALSE,"null","null","null","null",999,FALSE,FALSE,FALSE,"null","null","null","null","null",37.19,35278.6666666667,6.30399947089447,24,"Leaf vs Root","Root","Root enriched - FDR supported"
"F1923_mz213.9154_rt0.4",1.96238676321357,14.6628238353998,3.61926787131711,0.0152526512278594,0.033788053460989,-3.15211858912007,1923,0.398,213.91545,"Unknown","[M+H]+","ion correlated with 307; ion correlated with 96; ion correlated with 3084; ion correlated with 3718; ion correlated with 2628; ion correlated with 4695; ion correlated with 4476; ion correlated with 4731; ion correlated with 4260; ion correlated with 3187; ion correlated with 2566; ion correlated with 4528; ion correlated with 2044; ion correlated with 4451; ion correlated with 4646",0.036,FALSE,"null","null","null","null",999,FALSE,FALSE,FALSE,"null","null","null","null","null",26.73,6360.66666666667,17.8582132564841,12,"Leaf vs Root","Leaf","Leaf enriched - FDR supported"
"F3286_mz315.2324_rt5.03",1.65436115153745,18.1013715367032,3.61905250935662,0.0152561017012222,0.033788053460989,-3.15236846148873,3286,5.028,315.23239,"Unknown","[M+H]+","similar chromatogram in higher mz_3481; similar chromatogram in higher mz_3850",0.179,TRUE,"null","null","null","null",999,FALSE,FALSE,FALSE,"null","null","null","null","null",13.7,0,1190093,6,"Leaf vs Root","Leaf","Leaf enriched - FDR supported"
"F4556_mz480.2815_rt1.21",2.35378411422541,15.189091189378,3.6153687471154,0.0153152602084293,0.0338444405346701,-3.15664366297011,4556,1.213,480.28146,"Unknown","[M+H]+","ion correlated with 3654; ion correlated with 1896; ion correlated with 1668; ion correlated with 1921; ion correlated with 3752; ion correlated with 3910; ion correlated with 1410; ion correlated with 3096; ion correlated with 4762; ion correlated with 4484; ion correlated with 4726; ion correlated with 3258; ion correlated with 3816; ion correlated with 4698; ion correlated with 3600; ion correlated with 4688; ion correlated with 2872; ion correlated with 3642; ion correlated with 4942; ion correlated with 2624; ion correlated with 4985; ion correlated with 3886; ion correlated with 3934; ion correlated with 4174; ion correlated with 4133; ion correlated with 4159",0.071,FALSE,"null","null","null","null",999,FALSE,FALSE,FALSE,"null","null","null","null","null",39.3,0,244557,7,"Leaf vs Root","Leaf","Leaf enriched - FDR supported"
"F231_mz91.5425_rt0.4",-0.943532189053768,21.110661175414,-3.61513253314958,0.015319062557798,0.0338444405346701,-3.15691787524865,231,0.399,91.54252,"Unknown","[M+2H]2+","ion correlated with 16; similar chromatogram in higher mz_2177; similar chromatogram in higher mz_3304",0.857,FALSE,"null","null","null","null",999,FALSE,FALSE,FALSE,"null","null","null","null","null",250.37,3080,1184.4699772801,24,"Leaf vs Root","Root","Not selected"
"F2508_mz258.0868_rt0.91",2.08765904195013,15.8001546189865,3.60945331529626,0.0154108065092001,0.0340055082507411,-3.16351333838137,2508,0.91,258.08682,"Unknown","[M+H]+",NA,0.143,FALSE,"null","null","null","null",999,FALSE,FALSE,FALSE,"null","null","null","null","null",152,0,301824,9,"Leaf vs Root","Leaf","Leaf enriched - FDR supported"
"F1259_mz167.1069_rt1.06",1.23601361252014,17.8008421014837,3.60099603649827,0.0155485930804842,0.0342676563007007,-3.1733445312851,1259,1.059,167.10687,"Unknown","[M+H]+","ion correlated with 3491",0.179,FALSE,"null","null","null","null",999,FALSE,FALSE,FALSE,"null","null","null","null","null",48.16,62457.3333333333,11.2143562374917,24,"Leaf vs Root","Leaf","Leaf enriched - FDR supported"
"F2320_mz243.9975_rt0.39",-0.883148313755955,20.7225612206282,-3.59906459618223,0.0155802571386145,0.0342955660185355,-3.17559133031884,2320,0.392,243.99754,"Unknown","[M+H]+","ion correlated with 58",0.821,FALSE,"null","null","null","null",999,FALSE,FALSE,FALSE,"null","null","null","null","null",199.86,2176,1283.18052365641,24,"Leaf vs Root","Root","Not selected"
"F3712_mz353.2302_rt1.66",-1.41136456578036,11.5388541139649,-3.59771437303598,0.0156024364216275,0.0343025551047962,-3.17716236400529,3712,1.663,353.23016,"Unknown","[M+H]+",NA,0.143,TRUE,"null","null","null","null",999,FALSE,FALSE,FALSE,"null","null","null","null","null",47.81,2886.33333333333,98.0925883167859,21,"Leaf vs Root","Root","Root enriched - FDR supported"
"F3505_mz334.2957_rt1.51",1.39032201970989,15.0015832719837,3.58773074722891,0.0157675539870714,0.0346234001784233,-3.18878763242807,3505,1.513,334.29572,"Unknown","[M+H]+","ion correlated with 3050; ion correlated with 3110; ion correlated with 4134; ion correlated with 4120; ion correlated with 4012",0.071,FALSE,"null","null","null","null",999,FALSE,FALSE,FALSE,"null","null","null","null","null",35.5,1032,118.705711519845,16,"Leaf vs Root","Leaf","Leaf enriched - FDR supported"
"F2145_mz228.2689_rt2.66",-1.30455951661736,18.3055211368637,-3.577588735903,0.0159373356252827,0.0349506629330874,-3.20061347653471,2145,2.658,228.26892,"Unknown","[M+H]+",NA,0.5,TRUE,"null","null","null","null",999,FALSE,FALSE,FALSE,"null","null","null","null","null",37.43,42265,10.3843041688355,24,"Leaf vs Root","Root","Root enriched - FDR supported"
"F2337_mz245.0059_rt0.53",1.0703726369398,16.9478201939222,3.57652186082268,0.0159553164857972,0.0349506629330874,-3.20185842541206,2337,0.533,245.00594,"Unknown","[M+H]+","ion correlated with 3388; ion correlated with 4171; ion correlated with 3533; ion correlated with 2575; ion correlated with 2199; ion correlated with 4513; ion correlated with 3561; ion correlated with 1572",0.107,FALSE,"null","null","null","null",999,FALSE,FALSE,FALSE,"null","null","null","null","null",106.62,13800,28.6892978769654,10,"Leaf vs Root","Leaf","Leaf enriched - FDR supported"
"F3309_mz317.1389_rt1.04",3.26658189916322,17.9424387031532,3.56163020448894,0.0162087277527146,0.0354627316286666,-3.21925444035702,3309,1.04,317.13889,"Unknown","[M+H]+","ion correlated with 1654; ion correlated with 1405; ion correlated with 3171; ion correlated with 3624; ion correlated with 2793; ion correlated with 3937; ion correlated with 3608; ion correlated with 1217; ion correlated with 4207; ion correlated with 4658; ion correlated with 4759; ion correlated with 1837; ion correlated with 799; ion correlated with 392; ion correlated with 4649; ion correlated with 819; ion correlated with 3463; ion correlated with 4722; ion correlated with 3491; ion correlated with 4603",0.107,FALSE,"null","null","null","null",999,FALSE,FALSE,FALSE,"null","null","null","null","null",235.42,0,1583828,19,"Leaf vs Root","Leaf","Leaf enriched - FDR supported"
"F102_mz78.9515_rt0.57",-2.12074104289869,16.4878029867301,-3.53167714649752,0.0167324616417019,0.0365642775584406,-3.25435066835018,102,0.571,78.95152,"Unknown","[M+H]+",NA,0.036,FALSE,"null","null","null","null",999,FALSE,FALSE,FALSE,"null","null","null","null","null",153.1,764.666666666667,270.262516325642,21,"Leaf vs Root","Root","Root enriched - FDR supported"
"F440_mz111.0204_rt8.02",-1.50189121756267,16.0879548567824,-3.511777013872,0.0170910776725053,0.0372700252301242,-3.27774582783853,440,8.023,111.0204,"Unknown","[M+H]+",NA,0.036,TRUE,"null","null","null","null",999,FALSE,FALSE,FALSE,"null","null","null","null","null",5.07,48985.3333333333,7.30291441830715,24,"Leaf vs Root","Root","Root enriched - FDR supported"
"F3999_mz382.928_rt0.38",-1.15165889818038,17.1287553607007,-3.51146768402357,0.0170967207149822,0.0372700252301242,-3.2781099753679,3999,0.379,382.92804,"Unknown","[M+H]+","ion correlated with 4279; ion correlated with 4135",0.179,FALSE,"null","null","null","null",999,FALSE,FALSE,FALSE,"null","null","null","null","null",2265.76,0,187829,23,"Leaf vs Root","Root","Root enriched - FDR supported"
"F4413_mz448.9731_rt0.42",1.07883898701118,17.1675428009168,3.50368819803703,0.0172393402655847,0.0375153875009531,-3.28727303000072,4413,0.419,448.97311,"Unknown","[M+H]+","ion correlated with 3829; ion correlated with 3508; ion correlated with 4249; ion correlated with 3095; ion correlated with 3069; ion correlated with 998; ion correlated with 1091; ion correlated with 1872; ion correlated with 4124; ion correlated with 1926; ion correlated with 2348",0.107,FALSE,"null","null","null","null",999,FALSE,FALSE,FALSE,"null","null","null","null","null",7089.74,0,426822,12,"Leaf vs Root","Leaf","Leaf enriched - FDR supported"
"F3074_mz299.1103_rt1.51",-3.27452932866068,16.2625846878277,-3.50306395197252,0.0172508430059784,0.0375153875009531,-3.28800870821338,3074,1.513,299.11035,"Unknown","[M+H]+",NA,0.036,TRUE,"null","null","null","null",999,FALSE,FALSE,FALSE,"null","null","null","null","null",25.63,11780.6666666667,41.0111755552412,24,"Leaf vs Root","Root","Root enriched - FDR supported"
"F3470_mz331.2271_rt3.31",1.61018817242676,17.4810336260608,3.4945514794891,0.0174085740899564,0.0378128474517103,-3.29804680363822,3470,3.307,331.22711,"Unknown","[M+H]+","ion correlated with 3669; ion correlated with 3899; ion correlated with 3975",0.107,TRUE,"null","null","null","null",999,FALSE,FALSE,FALSE,"null","null","null","null","null",99.68,0,857134,6,"Leaf vs Root","Leaf","Leaf enriched - FDR supported"
"F396_mz107.0857_rt1.17",1.79398496413822,15.6149619033029,3.48878273239052,0.0175163986501134,0.0380013215906907,-3.30485588277866,396,1.172,107.08566,"Unknown","[M+H]+","ion correlated with 4684; ion correlated with 4543; ion correlated with 3574; ion correlated with 955; ion correlated with 4038; ion correlated with 1598; ion correlated with 3772; ion correlated with 798; ion correlated with 4111; ion correlated with 4076; ion correlated with 4797; ion correlated with 2013; ion correlated with 4871; found in higher mz's MsMs_1598",0.036,FALSE,"null","null","null","null",999,FALSE,FALSE,FALSE,"null","null","null","null","null",40.29,17110,17.1984103792882,24,"Leaf vs Root","Leaf","Leaf enriched - FDR supported"
"F788_mz134.9917_rt0.39",-0.85274963125691,17.0549022057818,-3.47214283453519,0.0178316995025212,0.0386389166891365,-3.32452573646782,788,0.391,134.99173,"Unknown","[M+H]+","found in higher mz's MsMs_2296; found in higher mz's MsMs_2006",0.286,FALSE,"null","null","null","null",999,FALSE,FALSE,FALSE,"null","null","null","null","null",78.83,36500.6666666667,12.0093420391763,24,"Leaf vs Root","Root","Not selected"
"F3037_mz296.259_rt2.19",1.70169783586467,16.3812337434029,3.4473020654454,0.0183144799462036,0.0396374536005965,-3.35397005364834,3037,2.192,296.25897,"Unknown","[M+H]+","ion correlated with 3271",0.107,FALSE,"null","null","null","null",999,FALSE,FALSE,FALSE,"null","null","null","null","null",21.59,0,369209,6,"Leaf vs Root","Leaf","Leaf enriched - FDR supported"
"F103_mz78.952_rt0.64",-1.97093210705485,16.8142212772354,-3.44267891941477,0.0184059616857782,0.0397877375363229,-3.35946056043348,103,0.64,78.95203,"Unknown","[M+H]+",NA,0.214,FALSE,"null","null","null","null",999,FALSE,FALSE,FALSE,"null","null","null","null","null",162.21,0,270125,23,"Leaf vs Root","Root","Root enriched - FDR supported"
"F3062_mz298.2744_rt2.64",2.91520321065938,14.5658360303765,3.43992297397108,0.0184607427034443,0.039858421746073,-3.36273513415991,3062,2.645,298.27444,"Unknown","[M+H]+","ion correlated with 3762; ion correlated with 3748; ion correlated with 4666; ion correlated with 3296; ion correlated with 1463",0.071,FALSE,"null","null","null","null",999,FALSE,FALSE,FALSE,"null","null","null","null","null",21.99,0,147622,6,"Leaf vs Root","Leaf","Leaf enriched - FDR supported"
"F2760_mz276.1196_rt0.48",-2.10834765608915,17.7022907077066,-3.43101141545848,0.0186391534378998,0.0401955459443359,-3.37333177698292,2760,0.481,276.1196,"Unknown","[M+H]+","adduct linked to 836_[M+H]2+",0.179,FALSE,"null","null","null","null",999,FALSE,FALSE,FALSE,"null","null","null","null","null",101.25,0,513879,18,"Leaf vs Root","Root","Root enriched - FDR supported"
"F4660_mz515.2449_rt1.34",-0.860307061059799,24.3454774956612,-3.42608760113481,0.0187385686532162,0.0403617141038846,-3.37919190998627,4660,1.342,515.24487,"Unknown","[M+H]+","ion correlated with 2512",0.643,TRUE,"null","null","null","null",999,FALSE,FALSE,FALSE,"null","null","null","null","null",323969,0,26317981,22,"Leaf vs Root","Root","Not selected"
"F217_mz89.5452_rt0.39",-0.716216188356362,17.868659318251,-3.4169710807068,0.0189242316025101,0.0406930213781769,-3.39005193877692,217,0.391,89.54515,"Unknown","[M+H]+",NA,0.536,FALSE,"null","null","null","null",999,FALSE,FALSE,FALSE,"null","null","null","null","null",25.68,0,341181,24,"Leaf vs Root","Root","Not selected"
"F1403_mz177.0548_rt1.07",1.52226063105323,19.5726866965911,3.41632480045335,0.018937472552725,0.0406930213781769,-3.39082230581271,1403,1.067,177.05481,"Unknown","[M+H]+","ion correlated with 392; ion correlated with 819; ion correlated with 3140; found in higher mz's MsMs_4018",0.214,TRUE,"null","null","null","null",999,FALSE,FALSE,FALSE,"null","null","null","null","null",142.56,2439.33333333333,1272.54951509357,22,"Leaf vs Root","Leaf","Leaf enriched - FDR supported"
"F1889_mz211.0869_rt1.82",-1.98034028023907,12.9558976373212,-3.41094526717959,0.0190480972463732,0.0408820636500638,-3.39723722002738,1889,1.816,211.08687,"Unknown","[M+H]+",NA,0.429,TRUE,"null","null","null","null",999,FALSE,FALSE,FALSE,"null","null","null","null","null",196.53,6165,251.086279597794,24,"Leaf vs Root","Root","Root enriched - FDR supported"
"F459_mz112.0507_rt0.48",-1.36465326984289,17.7411640066384,-3.40935666308346,0.0190809054882166,0.0409038413375665,-3.39913243162793,459,0.481,112.05074,"Unknown","[M+H]+","ion correlated with 4326; ion correlated with 51; ion correlated with 4472; ion correlated with 1032; found in higher mz's MsMs_2833; similar chromatogram in higher mz_4897; similar chromatogram in higher mz_4840; similar chromatogram in higher mz_4932; similar chromatogram in higher mz_4863; similar chromatogram in higher mz_4831; similar chromatogram in higher mz_4187",0.393,FALSE,"null","null","null","null",999,FALSE,FALSE,FALSE,"null","null","null","null","null",147.55,45348.3333333333,139.68776461249,24,"Leaf vs Root","Root","Root enriched - FDR supported"
"F1458_mz181.0862_rt1",3.11139933642716,17.9878853676832,3.40406759814905,0.0191905998024862,0.0410414599665286,-3.40544511375218,1458,1.004,181.08617,"Unknown","[M+H]+","ion correlated with 3171; ion correlated with 1714; ion correlated with 3311; ion correlated with 1088; ion correlated with 4165; ion correlated with 4759; ion correlated with 2865; ion correlated with 1837",0.143,TRUE,"null","null","null","null",999,FALSE,FALSE,FALSE,"null","null","null","null","null",38.56,16425.3333333333,142.904259420849,19,"Leaf vs Root","Leaf","Leaf enriched - FDR supported"
"F4516_mz471.2211_rt1.21",1.84616998066851,17.5599054397933,3.40230912924378,0.0192272285848428,0.0410414599665286,-3.40754486223826,4516,1.209,471.22113,"Unknown","[M+H]+","ion correlated with 2871; ion correlated with 4250; ion correlated with 739; ion correlated with 1189; ion correlated with 1896; ion correlated with 4952; ion correlated with 4960; ion correlated with 4807; ion correlated with 4726; ion correlated with 4792; ion correlated with 4062; ion correlated with 4100; ion correlated with 2872; ion correlated with 4909; ion correlated with 4954; ion correlated with 3495; ion correlated with 4031; ion correlated with 4068",0.143,FALSE,"null","null","null","null",999,FALSE,FALSE,FALSE,"null","null","null","null","null",3026.51,0,801199,8,"Leaf vs Root","Leaf","Leaf enriched - FDR supported"
"F2846_mz283.0269_rt0.39",-1.78479136633154,16.1961959702073,-3.40207154449853,0.0192321835407818,0.0410414599665286,-3.40782859340759,2846,0.387,283.02686,"Unknown","[M+H]+",NA,0.036,FALSE,"null","null","null","null",999,FALSE,FALSE,FALSE,"null","null","null","null","null",26.27,0,119925,23,"Leaf vs Root","Root","Root enriched - FDR supported"
"F2028_mz220.1184_rt0.96",0.972827457668313,20.6106461327248,3.40188607061123,0.0192360527045336,0.0410414599665286,-3.40805009819537,2028,0.96,220.11839,"Unknown","[M+H]+","similar chromatogram in higher mz_3191; similar chromatogram in higher mz_4845; similar chromatogram in higher mz_4839; similar chromatogram in higher mz_3066; similar chromatogram in higher mz_3376",0.643,TRUE,"null","null","null","null",999,FALSE,FALSE,FALSE,"null","null","null","null","null",1282.7,10889,1289.89761248852,24,"Leaf vs Root","Leaf","Not selected"
"F1274_mz168.1385_rt0.99",-1.09910253691614,18.6789671012618,-3.40002705651959,0.0192748823738907,0.0410757528747021,-3.41027054446391,1274,0.992,168.13849,"Unknown","[M+H]+","ion correlated with 3650",0.214,FALSE,"null","null","null","null",999,FALSE,FALSE,FALSE,"null","null","null","null","null",46.78,0,615042,9,"Leaf vs Root","Root","Root enriched - FDR supported"
"F4156_mz404.8284_rt0.41",1.54417622887115,17.5542776502389,3.39399768430158,0.0194014327908726,0.0412660174125271,-3.41747581610533,4156,0.414,404.8284,"Unknown","[M+H]+","ion correlated with 3384; ion correlated with 1860; ion correlated with 1822",0.286,FALSE,"null","null","null","null",999,FALSE,FALSE,FALSE,"null","null","null","null","null",4026.91,0,684915,24,"Leaf vs Root","Leaf","Leaf enriched - FDR supported"
"F4279_mz423.9539_rt0.39",-1.06721827904384,17.3027965941767,-3.39359641085892,0.0194098885225681,0.0412660174125271,-3.41795554778162,4279,0.391,423.95389,"Unknown","[M+H]+","ion correlated with 3999",0.179,FALSE,"null","null","null","null",999,FALSE,FALSE,FALSE,"null","null","null","null","null",3424.3,0,223673,19,"Leaf vs Root","Root","Root enriched - FDR supported"
"F133_mz80.948_rt5.69",-0.884202998290933,18.2659456474155,-3.37868439221079,0.0197271031713803,0.0418910837933428,-3.4358007492095,133,5.692,80.94802,"Unknown","[M+H]+","ion correlated with 3789; ion correlated with 4236",0.036,TRUE,"null","null","null","null",999,FALSE,FALSE,FALSE,"null","null","null","null","null",20.01,68713.3333333333,6.46338221525834,24,"Leaf vs Root","Root","Not selected"
"F3696_mz351.8194_rt0.41",1.55985308044425,17.2722546672728,3.36601821495551,0.0200011673686303,0.0424231575797623,-3.45098513044548,3696,0.413,351.8194,"Unknown","[M+H]+","ion correlated with 203; ion correlated with 2461; ion correlated with 2186; ion correlated with 3029; ion correlated with 254; ion correlated with 801; ion correlated with 538; ion correlated with 2384; ion correlated with 2405; ion correlated with 3927; ion correlated with 4463; ion correlated with 4725; ion correlated with 4249; ion correlated with 1872; ion correlated with 3708",0.107,FALSE,"null","null","null","null",999,FALSE,FALSE,FALSE,"null","null","null","null","null",9112.4,0,605440,6,"Leaf vs Root","Leaf","Leaf enriched - FDR supported"
"F4124_mz399.1449_rt0.46",2.14891017728598,16.2816776525752,3.36063045582577,0.0201190517691753,0.0426231085015979,-3.45745148632057,4124,0.457,399.1449,"Unknown","[M+H]+","ion correlated with 4169; ion correlated with 4259; ion correlated with 4589; ion correlated with 4630; ion correlated with 4787; ion correlated with 3829; ion correlated with 3927; ion correlated with 4413; ion correlated with 4463; ion correlated with 4725; ion correlated with 4731; ion correlated with 1230; ion correlated with 4249; ion correlated with 3095; ion correlated with 3069; ion correlated with 3230; ion correlated with 3273; ion correlated with 998; ion correlated with 1091; ion correlated with 1872; ion correlated with 3142; ion correlated with 2129; ion correlated with 1926; ion correlated with 977; ion correlated with 3086; ion correlated with 3422; ion correlated with 4171; ion correlated with 3533; ion correlated with 450; ion correlated with 2556; ion correlated with 2417; ion correlated with 4513",0.107,FALSE,"null","null","null","null",999,FALSE,FALSE,FALSE,"null","null","null","null","null",3786.6,0,322819,6,"Leaf vs Root","Leaf","Leaf enriched - FDR supported"
"F926_mz144.0658_rt0.92",-0.783396679076629,16.7610097097555,-3.35525303459398,0.0202374959766017,0.042823775190816,-3.46390985419489,926,0.923,144.06583,"Unknown","[M+H]+","ion correlated with 2163; ion correlated with 1287; found in higher mz's MsMs_3428; found in higher mz's MsMs_3223",0.071,TRUE,"null","null","null","null",999,FALSE,FALSE,FALSE,"null","null","null","null","null",596.31,72592,44.7784910390809,24,"Leaf vs Root","Root","Not selected"
"F837_mz138.0553_rt0.98",1.20294579342035,17.3048311005221,3.35116503052191,0.0203280681266788,0.0429650620241865,-3.46882256251613,837,0.983,138.05528,"Unknown","[M+H]+",NA,0.321,TRUE,"null","null","null","null",999,FALSE,FALSE,FALSE,"null","null","null","null","null",464.17,30179,123.736348575215,24,"Leaf vs Root","Leaf","Leaf enriched - FDR supported"
"F3605_mz344.3164_rt3.65",11.5489956945803,13.4601861128137,3.34862818545112,0.0203845044001671,0.043033953733686,-3.47187246516094,3605,3.651,344.31644,"Unknown","[M+H]+",NA,0.107,TRUE,"null","null","null","null",999,FALSE,FALSE,FALSE,"null","null","null","null","null",235.79,887.333333333333,1665.12157598499,5,"Leaf vs Root","Leaf","Leaf enriched - FDR supported"
"F49_mz70.0127_rt0.39",-0.819025232374706,22.4014977732645,-3.34579418150283,0.0204477615373924,0.0430704382140286,-3.47528078364663,49,0.388,70.01273,"Unknown","[M+2H]2+","ion correlated with 142; similar chromatogram in higher mz_99; similar chromatogram in higher mz_1709; similar chromatogram in higher mz_3252; similar chromatogram in higher mz_844",0.857,TRUE,"null","null","null","null",999,FALSE,FALSE,FALSE,"null","null","null","null","null",1630.29,43609.3333333333,1037.49138201191,24,"Leaf vs Root","Root","Not selected"
"F3320_mz317.2116_rt1.62",11.5133247469482,13.2058251644096,3.34571598921455,0.02044950999968,0.0430704382140286,-3.47537483903191,3320,1.625,317.21164,"Unknown","[M+H]+","ion correlated with 3111; ion correlated with 3355; ion correlated with 3281; ion correlated with 3199; ion correlated with 3441; ion correlated with 3704",0.107,TRUE,"null","null","null","null",999,FALSE,FALSE,FALSE,"null","null","null","null","null",24.56,0,1198562,10,"Leaf vs Root","Leaf","Leaf enriched - FDR supported"
"F3030_mz296.0663_rt0.44",1.24844387162482,17.9805694340332,3.31958067398843,0.0210435276030535,0.0442698919854446,-3.50686431986253,3030,0.441,296.06628,"Unknown","[M+H]+",NA,0.357,FALSE,"null","null","null","null",999,FALSE,FALSE,FALSE,"null","null","null","null","null",457.51,0,2684935,18,"Leaf vs Root","Leaf","Leaf enriched - FDR supported"
"F3850_mz366.2644_rt5.02",1.57461807654108,17.1289592575174,3.31285357149895,0.021199570457348,0.0445462452567092,-3.51498629892169,3850,5.021,366.2644,"Unknown","[M+H]+","ion correlated with 3286",0.107,TRUE,"null","null","null","null",999,FALSE,FALSE,FALSE,"null","null","null","null","null",37.49,0,583849,6,"Leaf vs Root","Leaf","Leaf enriched - FDR supported"
"F631_mz124.0394_rt0.67",-1.49455184847924,16.5019928453617,-3.3084581827006,0.0213022339539333,0.0447099212637785,-3.52029676987716,631,0.671,124.03944,"Unknown","[M+H]+","ion correlated with 60; ion correlated with 726; ion correlated with 967; ion correlated with 622; ion correlated with 775",0.357,TRUE,"null","null","null","null",999,FALSE,FALSE,FALSE,"null","null","null","null","null",275.94,166114,93.0290702224363,24,"Leaf vs Root","Root","Root enriched - FDR supported"
"F848_mz139.0164_rt0.5",-1.87700167262834,18.3496115295712,-3.30329530427787,0.0214235431319244,0.0448677556512711,-3.52653823528058,848,0.504,139.01642,"Unknown","[M+H]+","similar chromatogram in higher mz_1265",0.107,FALSE,"null","null","null","null",999,FALSE,FALSE,FALSE,"null","null","null","null","null",20.61,3659,134.61693989071,20,"Leaf vs Root","Root","Root enriched - FDR supported"
"F798_mz135.117_rt1.17",1.90413660667166,17.3515790561105,3.30044499204603,0.021490850093269,0.0448677556512711,-3.5299857317134,798,1.172,135.117,"Unknown","[M+H]+","ion correlated with 4684; ion correlated with 4709; ion correlated with 1598; ion correlated with 1870; ion correlated with 3772; ion correlated with 4719; ion correlated with 4743; ion correlated with 1665; ion correlated with 4871",0.036,FALSE,"null","null","null","null",999,FALSE,FALSE,FALSE,"null","null","null","null","null",143.69,21687,47.5196883068978,24,"Leaf vs Root","Leaf","Leaf enriched - FDR supported"
"F3656_mz348.2535_rt3.3",1.90705276492179,14.5126489122431,3.30038413804256,0.0214922896995239,0.0448677556512711,-3.53005934889636,3656,3.299,348.25348,"Unknown","[M+H]+","ion correlated with 3470; ion correlated with 3848; ion correlated with 3899; ion correlated with 4093; ion correlated with 3975; ion correlated with 2678; similar chromatogram in higher mz_3975",0.036,FALSE,"null","null","null","null",999,FALSE,FALSE,FALSE,"null","null","null","null","null",29.98,0,109795,6,"Leaf vs Root","Leaf","Leaf enriched - FDR supported"
"F3907_mz373.1779_rt2.08",12.2613103546934,14.3954162395687,3.30022364158447,0.0214960870430624,0.0448677556512711,-3.53025350965956,3907,2.08,373.17786,"Unknown","[M+H]+","ion correlated with 568; ion correlated with 1018; ion correlated with 1751; ion correlated with 2381; ion correlated with 2674; ion correlated with 2950; ion correlated with 3503; ion correlated with 3746; ion correlated with 5004; ion correlated with 5012; ion correlated with 3703; ion correlated with 3079; ion correlated with 4118; ion correlated with 3851; ion correlated with 3979",0.107,TRUE,"null","null","null","null",999,FALSE,FALSE,FALSE,"null","null","null","null","null",367.75,0,2915137,7,"Leaf vs Root","Leaf","Leaf enriched - FDR supported"
"F250_mz96.0809_rt0.72",3.91599290955349,17.4264469216399,3.29998552664414,0.0215017222373127,0.0448677556512711,-3.53054157660542,250,0.722,96.08089,"Unknown","[M+H]+","ion correlated with 2739; ion correlated with 2081; ion correlated with 1574; ion correlated with 3475; ion correlated with 2265; ion correlated with 2770; found in higher mz's MsMs_4060",0.071,FALSE,"null","null","null","null",999,FALSE,FALSE,FALSE,"null","null","null","null","null",115.05,2592,660.797146162746,7,"Leaf vs Root","Leaf","Leaf enriched - FDR supported"
"F2447_mz253.1954_rt2.08",11.6076601616863,13.6642473491917,3.29591868666904,0.0215982260130814,0.0450170877062494,-3.53546287909539,2447,2.077,253.19539,"Unknown","[M+H]+","ion correlated with 742; ion correlated with 1018; ion correlated with 2318; ion correlated with 2950; ion correlated with 3503; ion correlated with 3746; ion correlated with 3907; ion correlated with 3941; ion correlated with 5012; ion correlated with 5039; ion correlated with 4118; ion correlated with 3851; ion correlated with 3979",0.107,FALSE,"null","null","null","null",999,FALSE,FALSE,FALSE,"null","null","null","null","null",189.43,594,2277.82016806723,9,"Leaf vs Root","Leaf","Leaf enriched - FDR supported"
"F764_mz132.1021_rt1.14",-1.38639558130035,16.5372606278442,-3.29055766636454,0.0217261895476107,0.045231571088163,-3.54195407272173,764,1.143,132.10213,"Unknown","[M+H]+","ion correlated with 1233",0.071,TRUE,"null","null","null","null",999,FALSE,FALSE,FALSE,"null","null","null","null","null",74.02,109969.666666667,106.653986517617,24,"Leaf vs Root","Root","Root enriched - FDR supported"
"F1747_mz201.1125_rt1.12",1.23336421046783,16.3659274892077,3.28872102132069,0.0217702259493947,0.0452710343763334,-3.54417889879102,1747,1.117,201.11246,"Unknown","[M+H]+","ion correlated with 1020; ion correlated with 4035; ion correlated with 2094; ion correlated with 2128; ion correlated with 4486; ion correlated with 4167; ion correlated with 1764; ion correlated with 3971; ion correlated with 4684; ion correlated with 4647; ion correlated with 4543; ion correlated with 3898; ion correlated with 3143; ion correlated with 3772; ion correlated with 4341; ion correlated with 4388; ion correlated with 4166; ion correlated with 4952",0.107,FALSE,"null","null","null","null",999,FALSE,FALSE,FALSE,"null","null","null","null","null",20.67,19791,14.6685529506871,24,"Leaf vs Root","Leaf","Leaf enriched - FDR supported"
"F3439_mz329.1217_rt1.03",0.894201487535524,16.1217595406134,3.28029559790337,0.021973536526606,0.0456412352480136,-3.55439154350113,3439,1.035,329.1217,"Unknown","[M+H]+","ion correlated with 3882; ion correlated with 4310",0.071,FALSE,"null","null","null","null",999,FALSE,FALSE,FALSE,"null","null","null","null","null",15.03,0,181219,18,"Leaf vs Root","Leaf","Not selected"
"F1162_mz161.0922_rt0.48",-1.23236651885092,18.1915821645449,-3.27242226474115,0.0221654672609605,0.0459869751793492,-3.56394458861576,1162,0.478,161.09222,"Unknown","[M+H]+","ion correlated with 1812; ion correlated with 1989; similar chromatogram in higher mz_3954; similar chromatogram in higher mz_3787",0.464,FALSE,"null","null","null","null",999,FALSE,FALSE,FALSE,"null","null","null","null","null",203.12,4129.66666666667,298.89388315042,24,"Leaf vs Root","Root","Root enriched - FDR supported"
"F3081_mz299.201_rt1.81",12.3279918241283,14.558578588018,3.2677761624978,0.0222796156146495,0.046119123343292,-3.56958624262999,3081,1.815,299.20102,"Unknown","[M+H]+","similar chromatogram in higher mz_3978",0.107,TRUE,"null","null","null","null",999,FALSE,FALSE,FALSE,"null","null","null","null","null",125.85,0,3654062,8,"Leaf vs Root","Leaf","Leaf enriched - FDR supported"
"F883_mz141.0512_rt0.4",-0.877182720370483,17.9042064726262,-3.26774987030942,0.0222802634655682,0.046119123343292,-3.56961817778576,883,0.4,141.05124,"Unknown","[M+H]+","ion correlated with 652",0.214,FALSE,"null","null","null","null",999,FALSE,FALSE,FALSE,"null","null","null","null","null",28.54,61191.3333333333,9.12290755377852,24,"Leaf vs Root","Root","Not selected"
"F427_mz110.0088_rt0.39",-0.666679681851556,25.2452179783118,-3.26606916169884,0.0223217210724428,0.0461520120684527,-3.57165982273813,427,0.389,110.00883,"Unknown","[M+H]+","ion correlated with 691",0.857,TRUE,"null","null","null","null",999,FALSE,FALSE,FALSE,"null","null","null","null","null",764.28,116999.333333333,486.6793399449,24,"Leaf vs Root","Root","Not selected"
"F3295_mz316.2238_rt1.07",-2.12154034428188,14.4171360488608,-3.264157596552,0.0223689791679375,0.0461968048033492,-3.57398241289133,3295,1.067,316.22382,"Unknown","[M+H]+","ion correlated with 1836; ion correlated with 2985; ion correlated with 3379; ion correlated with 3776; ion correlated with 3453; ion correlated with 3523",0.321,FALSE,"null","null","null","null",999,FALSE,FALSE,FALSE,"null","null","null","null","null",107.86,0,390211,18,"Leaf vs Root","Root","Root enriched - FDR supported"
"F2479_mz255.9445_rt0.39",-1.38677208956428,18.651026206921,-3.26023730868214,0.0224662514626237,0.046344667302898,-3.57874734384573,2479,0.394,255.9445,"Unknown","[M+H]+","ion correlated with 273",0.679,FALSE,"null","null","null","null",999,FALSE,FALSE,FALSE,"null","null","null","null","null",405.9,15550.6666666667,236.485907191083,24,"Leaf vs Root","Root","Root enriched - FDR supported"
"F1984_mz217.1049_rt7.96",-1.17888896799623,15.4093123205059,-3.25576016107609,0.0225779259866676,0.0465218680433048,-3.58419190879882,1984,7.957,217.10492,"Unknown","[M+H]+",NA,0.036,TRUE,"null","null","null","null",999,FALSE,FALSE,FALSE,"null","null","null","null","null",39.84,27444,10.0408088905083,24,"Leaf vs Root","Root","Root enriched - FDR supported"
"F131_mz80.5351_rt0.4",-0.670500985115049,17.1613152094625,-3.25337360092455,0.0226377106936883,0.0465345742592811,-3.58709537143098,131,0.397,80.5351,"Unknown","[M+H]+",NA,0.179,FALSE,"null","null","null","null",999,FALSE,FALSE,FALSE,"null","null","null","null","null",118.43,0,212713,24,"Leaf vs Root","Root","Not selected"
"F3481_mz332.2354_rt5.02",1.62261919212398,15.5055138194178,3.25286158036735,0.0226505603928139,0.0465345742592811,-3.587718400155,3481,5.021,332.23544,"Unknown","[M+H]+","ion correlated with 3471; ion correlated with 3850; ion correlated with 3977; ion correlated with 3286",0.107,FALSE,"null","null","null","null",999,FALSE,FALSE,FALSE,"null","null","null","null","null",6.1,0,185081,6,"Leaf vs Root","Leaf","Leaf enriched - FDR supported"
"F3410_mz325.2377_rt2.36",1.94106450568645,14.4343098428045,3.25242850417543,0.022661435331805,0.0465345742592811,-3.58824539942791,3410,2.355,325.2377,"Unknown","[M+H]+","ion correlated with 4628; ion correlated with 4648; similar chromatogram in higher mz_4628; similar chromatogram in higher mz_4648",0.036,FALSE,"null","null","null","null",999,FALSE,FALSE,FALSE,"null","null","null","null","null",26.59,4865,35.0665844636252,24,"Leaf vs Root","Leaf","Leaf enriched - FDR supported"
"F766_mz132.1022_rt1.06",-0.90573409406762,17.0892472731657,-3.24877913956126,0.0227533088411672,0.0466701391571669,-3.59268732253882,766,1.058,132.10217,"Unknown","[M+H]+","ion correlated with 2580; ion correlated with 2351; found in higher mz's MsMs_3335",0.357,TRUE,"null","null","null","null",999,FALSE,FALSE,FALSE,"null","null","null","null","null",810.94,117776,157.283807534578,24,"Leaf vs Root","Root","Not selected"
"F1676_mz196.049_rt0.43",1.59528398198389,16.9284926822018,3.2428413866929,0.0229036935979257,0.046925274624581,-3.59991883818052,1676,0.426,196.04897,"Unknown","[M+H]+","ion correlated with 2442; similar chromatogram in higher mz_1689",0.071,FALSE,"null","null","null","null",999,FALSE,FALSE,FALSE,"null","null","null","null","null",64.5,0,391543,17,"Leaf vs Root","Leaf","Leaf enriched - FDR supported"
"F1027_mz149.9529_rt0.4",-0.712428767151015,15.8609071661094,-3.23798078430358,0.0230276333279362,0.0471080789788169,-3.60584238950361,1027,0.396,149.95294,"Unknown","[M+H]+","ion correlated with 2187; ion correlated with 1165",0.214,FALSE,"null","null","null","null",999,FALSE,FALSE,FALSE,"null","null","null","null","null",51.82,10558.3333333333,18.1397815518656,23,"Leaf vs Root","Root","Not selected"
"F3640_mz347.1831_rt0.42",-0.677665916611127,16.5151088542999,-3.23729755003286,0.0230451156444849,0.0471080789788169,-3.60667531794905,3640,0.423,347.18307,"Unknown","[M+H]+",NA,0.107,FALSE,"null","null","null","null",999,FALSE,FALSE,FALSE,"null","null","null","null","null",54.42,0,125037,24,"Leaf vs Root","Root","Not selected"
"F5095_mz741.182_rt1.46",12.2383257770762,14.5617243149261,3.23328091505152,0.0231481951524289,0.0472652627263961,-3.611573377058,5095,1.463,741.18195,"Unknown","[M+H]+","ion correlated with 5127",0.107,TRUE,"null","null","null","null",999,FALSE,FALSE,FALSE,"null","null","null","null","null",812.67,0,2914563,5,"Leaf vs Root","Leaf","Leaf enriched - FDR supported"
"F2296_mz241.9999_rt0.39",-0.779543815363014,22.635577108263,-3.22286417950657,0.0234179553575863,0.0477620445428737,-3.62428707974191,2296,0.393,241.99988,"Unknown","[M+H]+",NA,0.857,TRUE,"null","null","null","null",999,FALSE,FALSE,FALSE,"null","null","null","null","null",1384.11,0,10563256,24,"Leaf vs Root","Root","Not selected"
"F3566_mz339.2168_rt1.18",0.933920203097276,16.0051094100154,3.21177175989357,0.0237091212163487,0.0483013135389498,-3.63784299871246,3566,1.177,339.21683,"Unknown","[M+H]+","ion correlated with 5140; ion correlated with 4543; ion correlated with 4333; ion correlated with 3143; ion correlated with 4110; ion correlated with 3772; ion correlated with 4353; ion correlated with 4341; ion correlated with 4388; ion correlated with 4166; ion correlated with 4952; ion correlated with 4041; ion correlated with 3635; ion correlated with 4797; ion correlated with 4789; ion correlated with 4792; ion correlated with 4937; ion correlated with 1381; ion correlated with 1635; ion correlated with 2013; ion correlated with 4871; ion correlated with 4381",0.071,FALSE,"null","null","null","null",999,FALSE,FALSE,FALSE,"null","null","null","null","null",23.29,27295,7.64976553341149,23,"Leaf vs Root","Leaf","Not selected"
"F2221_mz235.0573_rt0.42",-1.50936785391267,18.5807879645341,-3.21063087517297,0.0237392993451519,0.0483082698060869,-3.63923828426719,2221,0.419,235.05733,"Unknown","[M+H]+",NA,0.321,FALSE,"null","null","null","null",999,FALSE,FALSE,FALSE,"null","null","null","null","null",513.89,0,1045910,19,"Leaf vs Root","Root","Root enriched - FDR supported"
"F4275_mz423.2898_rt5.41",-0.983810530589939,16.8841710403503,-3.20917702847818,0.0237778186046023,0.0483321650690396,-3.6410165939881,4275,5.414,423.28976,"Unknown","[M+H]+","ion correlated with 4487; ion correlated with 4374",0.143,FALSE,"null","null","null","null",999,FALSE,FALSE,FALSE,"null","null","null","null","null",23.59,0,176282,6,"Leaf vs Root","Root","Not selected"
"F3587_mz342.2394_rt1.04",-1.28772185640311,14.3206934492353,-3.20206197824186,0.0239673495290847,0.0486626163104588,-3.64972400817265,3587,1.037,342.23935,"Unknown","[M+H]+","ion correlated with 3132; ion correlated with 4312; ion correlated with 3393; ion correlated with 2891; ion correlated with 3913; ion correlated with 1544; ion correlated with 2698; ion correlated with 61; ion correlated with 3613; ion correlated with 761; ion correlated with 3432; ion correlated with 1392; ion correlated with 3479; ion correlated with 4022; ion correlated with 3786; ion correlated with 3129; ion correlated with 3160; ion correlated with 2526; ion correlated with 2908; ion correlated with 2633; ion correlated with 3603; ion correlated with 3335; ion correlated with 3569",0.357,FALSE,"null","null","null","null",999,FALSE,FALSE,FALSE,"null","null","null","null","null",195.16,4329,198.632563510393,23,"Leaf vs Root","Root","Root enriched - FDR supported"
"F2533_mz259.9752_rt0.4",-1.28419314001559,17.6888327715638,-3.19728446145689,0.0240955692045996,0.048867980240789,-3.65557489252569,2533,0.398,259.97516,"Unknown","[M+H]+","ion correlated with 2822; ion correlated with 803",0.464,FALSE,"null","null","null","null",999,FALSE,FALSE,FALSE,"null","null","null","null","null",151.15,0,875679,24,"Leaf vs Root","Root","Root enriched - FDR supported"
"F3273_mz315.0328_rt0.45",1.33505859671539,16.1287955669969,3.18531489666844,0.0244202199730599,0.0494616919502621,-3.67024826292941,3273,0.454,315.03284,"Unknown","[M+H]+","ion correlated with 4169; ion correlated with 4589; ion correlated with 4630; ion correlated with 3829; ion correlated with 4413; ion correlated with 4424; ion correlated with 4701; ion correlated with 4493; ion correlated with 4249; ion correlated with 4623; ion correlated with 4824; ion correlated with 3531; ion correlated with 3661; ion correlated with 3095; ion correlated with 3069; ion correlated with 4528; ion correlated with 998; ion correlated with 1091; ion correlated with 1872; ion correlated with 4124; ion correlated with 4451; ion correlated with 1301; ion correlated with 2129; ion correlated with 977; ion correlated with 3086; ion correlated with 4768",0.107,FALSE,"null","null","null","null",999,FALSE,FALSE,FALSE,"null","null","null","null","null",50.65,0,211202,6,"Leaf vs Root","Leaf","Leaf enriched - FDR supported"
"F2687_mz272.1358_rt0.48",-1.76077466354219,15.9803706286513,-3.18447742393029,0.0244431186812376,0.0494616919502621,-3.67127569177993,2687,0.484,272.13577,"Unknown","[M+H]+","ion correlated with 1865",0.321,FALSE,"null","null","null","null",999,FALSE,FALSE,FALSE,"null","null","null","null","null",121.33,0,450484,18,"Leaf vs Root","Root","Root enriched - FDR supported"
"F364_mz104.1071_rt0.44",-0.737970798075326,27.173248521576,-3.17011327791781,0.0248396632344879,0.05020782994205,-3.68891373691848,364,0.44,104.1071,"Unknown","[M+H]+","similar chromatogram in higher mz_1380; found in higher mz's MsMs_2511; found in higher mz's MsMs_2042; found in higher mz's MsMs_2316; similar chromatogram in higher mz_4515; similar chromatogram in higher mz_4613; similar chromatogram in higher mz_3095; similar chromatogram in higher mz_1008; similar chromatogram in higher mz_879; similar chromatogram in higher mz_3559; similar chromatogram in higher mz_3973",0.643,TRUE,"null","null","null","null",999,FALSE,FALSE,FALSE,"null","null","null","null","null",15447.05,24680.3333333333,9645.38883636757,24,"Leaf vs Root","Root","Not selected"
"F4802_mz579.1507_rt1",-1.58554036789845,19.7666937494188,-3.16094409889738,0.0250965808570864,0.0506703897617907,-3.70018834996786,4802,1.001,579.1507,"Unknown","[M+H]+",NA,0.214,TRUE,"null","null","null","null",999,FALSE,FALSE,FALSE,"null","null","null","null","null",17772,0,1473758,6,"Leaf vs Root","Root","Root enriched - exploratory"
"F4796_mz575.1187_rt1.17",-11.3227383264223,13.6715441531608,-3.15096379000828,0.025379633010156,0.0511846229981359,-3.71247408555,4796,1.168,575.11871,"Unknown","[M+H]+","ion correlated with 4800",0.107,TRUE,"null","null","null","null",999,FALSE,FALSE,FALSE,"null","null","null","null","null",6815.93,0,408397,5,"Leaf vs Root","Root","Root enriched - exploratory"
"F273_mz97.9915_rt0.4",-1.01309902541529,18.3345872994845,-3.14507445890292,0.025548345919431,0.0514673709649252,-3.71973053499356,273,0.395,97.99152,"Unknown","[M+H]+","ion correlated with 2479",0.607,FALSE,"null","null","null","null",999,FALSE,FALSE,FALSE,"null","null","null","null","null",72.9,10287.3333333333,272.912911064312,24,"Leaf vs Root","Root","Root enriched - exploratory"
"F2593_mz265.016_rt0.39",-0.955255352807665,20.1879618747571,-3.13398613610274,0.0258694319720721,0.0520561033551729,-3.73340628418919,2593,0.391,265.01596,"Unknown","[M+H]+","ion correlated with 355",0.607,FALSE,"null","null","null","null",999,FALSE,FALSE,FALSE,"null","null","null","null","null",250.11,622.666666666667,3125.54302512026,24,"Leaf vs Root","Root","Not selected"
"F2166_mz230.1392_rt1.18",-1.4790454911484,14.7308516462668,-3.13089779144747,0.0259596681861538,0.0521795112204985,-3.7372184022117,2166,1.182,230.13921,"Unknown","[M+H]+","ion correlated with 2194; ion correlated with 2707; ion correlated with 2946; ion correlated with 3235; ion correlated with 2392; ion correlated with 2358; ion correlated with 1768",0.036,TRUE,"null","null","null","null",999,FALSE,FALSE,FALSE,"null","null","null","null","null",381.39,25106.6666666667,77.8999907066898,24,"Leaf vs Root","Root","Root enriched - exploratory"
"F323_mz101.0254_rt0.39",-0.738793193999999,20.1468910105114,-3.12490634997374,0.0261357394963623,0.052400458778984,-3.74461783918309,323,0.393,101.02541,"Unknown","[M+2H]2+",NA,0.25,FALSE,"null","null","null","null",999,FALSE,FALSE,FALSE,"null","null","null","null","null",62.68,13914.6666666667,164.101444415168,24,"Leaf vs Root","Root","Not selected"
"F3341_mz318.3008_rt2.46",-1.1860614797298,21.640625862086,-3.12488872120007,0.0261362595334255,0.052400458778984,-3.74463961825061,3341,2.455,318.30075,"Unknown","[M+H]+",NA,0.214,TRUE,"null","null","null","null",999,FALSE,FALSE,FALSE,"null","null","null","null","null",255.06,19211.3333333333,249.064125474955,24,"Leaf vs Root","Root","Root enriched - exploratory"
"F5126_mz769.4866_rt8.97",11.7253768799883,14.2333016514427,3.12419668620575,0.026156683301864,0.052400458778984,-3.74549461194032,5126,8.972,769.48663,"Unknown","[M+H]+","ion correlated with 5121",0.107,TRUE,"null","null","null","null",999,FALSE,FALSE,FALSE,"null","null","null","null","null",339.92,0,1921853,7,"Leaf vs Root","Leaf","Leaf enriched - exploratory"
"F3454_mz330.2643_rt2.14",-10.3203570483204,12.5430301718125,-3.10833017438258,0.0266299036876394,0.0532893305500987,-3.76511590002077,3454,2.144,330.26434,"Unknown","[M+H]+",NA,0.071,FALSE,"null","null","null","null",999,FALSE,FALSE,FALSE,"null","null","null","null","null",49.07,1580,85.2416192283365,8,"Leaf vs Root","Root","Root enriched - exploratory"
"F1477_mz182.0814_rt0.84",0.98849004036564,19.3024867259595,3.10063671204952,0.0268628208054871,0.0536958931936923,-3.77464276957362,1477,0.838,182.08145,"Unknown","[M+H]+","ion correlated with 2631",0.571,TRUE,"null","null","null","null",999,FALSE,FALSE,FALSE,"null","null","null","null","null",6129.55,8056.33333333333,14505.454368691,24,"Leaf vs Root","Leaf","Not selected"
"F772_mz132.9984_rt0.39",-0.885570338725834,19.8210544390171,-3.09955916868993,0.0268956254782826,0.0537019955622788,-3.77597776243645,772,0.392,132.99841,"Unknown","[M+H]+","ion correlated with 2032; ion correlated with 390",0.714,FALSE,"null","null","null","null",999,FALSE,FALSE,FALSE,"null","null","null","null","null",141.7,8975.66666666667,151.578759747494,24,"Leaf vs Root","Root","Not selected"
"F3695_mz351.2173_rt1.24",2.23525858254326,15.8836113863002,3.09580009660262,0.0270104193550394,0.0538716098738631,-3.78063623532456,3695,1.242,351.21732,"Unknown","[M+H]+","ion correlated with 3816; ion correlated with 3642; ion correlated with 3131; similar chromatogram in higher mz_3886; similar chromatogram in higher mz_4985",0.071,FALSE,"null","null","null","null",999,FALSE,FALSE,FALSE,"null","null","null","null","null",42.33,10350,56.1309052265482,24,"Leaf vs Root","Leaf","Leaf enriched - exploratory"
"F3032_mz296.0981_rt0.46",2.0618928527802,17.2992034575241,3.08547544144065,0.0273285538548993,0.0544459599427078,-3.7934413423496,3032,0.46,296.09814,"Unknown","[M+H]+","ion correlated with 3221; ion correlated with 3427; ion correlated with 2572",0.214,FALSE,"null","null","null","null",999,FALSE,FALSE,FALSE,"null","null","null","null","null",300.23,0,2574992,23,"Leaf vs Root","Leaf","Leaf enriched - exploratory"
"F2613_mz267.0136_rt0.39",-0.913038568873178,18.3559744830549,-3.06895300715904,0.0278464534461365,0.0554165914777027,-3.81396406401049,2613,0.392,267.01364,"Unknown","[M+H]+",NA,0.321,FALSE,"null","null","null","null",999,FALSE,FALSE,FALSE,"null","null","null","null","null",101.38,0,572703,24,"Leaf vs Root","Root","Not selected"
"F2864_mz284.939_rt0.4",-0.668003383500706,17.8520596160396,-3.05277395624317,0.028364285891392,0.056384951579254,-3.83409680296389,2864,0.4,284.93896,"Unknown","[M+H]+",NA,0.679,FALSE,"null","null","null","null",999,FALSE,FALSE,FALSE,"null","null","null","null","null",62.87,0,329682,24,"Leaf vs Root","Root","Not selected"
"F4465_mz459.1023_rt0.46",-1.8371370773446,16.7582326449454,-3.0506220851516,0.0284339697462489,0.0564612930604832,-3.83677723694026,4465,0.455,459.10229,"Unknown","[M+H]+",NA,0.143,FALSE,"null","null","null","null",999,FALSE,FALSE,FALSE,"null","null","null","null","null",2086.83,0,195555,11,"Leaf vs Root","Root","Root enriched - exploratory"
"F3899_mz371.2197_rt3.31",1.60006404711958,17.1676762336361,3.04958109276637,0.0284677489984954,0.0564662493871255,-3.83807415515812,3899,3.307,371.2197,"Unknown","[M+H]+","ion correlated with 3279; ion correlated with 3470; ion correlated with 3848; ion correlated with 4093; ion correlated with 3975",0.107,TRUE,"null","null","null","null",999,FALSE,FALSE,FALSE,"null","null","null","null","null",100.3,0,673011,6,"Leaf vs Root","Leaf","Leaf enriched - exploratory"
"F930_mz144.1022_rt0.49",-2.01426939735065,17.5064359100773,-3.04721930195008,0.0285445539425681,0.0565564433219927,-3.84101713683816,930,0.49,144.10216,"Unknown","[M+H]+","similar chromatogram in higher mz_2372; similar chromatogram in higher mz_3648",0.321,FALSE,"null","null","null","null",999,FALSE,FALSE,FALSE,"null","null","null","null","null",91.88,36742.3333333333,21.6150775650912,24,"Leaf vs Root","Root","Root enriched - exploratory"
"F1539_mz187.087_rt1.16",-1.41005517363045,14.4752201061808,-3.03058979646052,0.0290919649066865,0.0575778472111503,-3.86176035730198,1539,1.155,187.08696,"Unknown","[M+H]+","ion correlated with 2235; ion correlated with 1980",0.071,FALSE,"null","null","null","null",999,FALSE,FALSE,FALSE,"null","null","null","null","null",25.28,14290,15.7930865579736,24,"Leaf vs Root","Root","Root enriched - exploratory"
"F905_mz143.0317_rt0.71",-1.2399037260214,17.0066733016229,-3.0275933287303,0.0291918485821469,0.0576170013292097,-3.86550206565028,905,0.707,143.03168,"Unknown","[M+H]+","ion correlated with 348; ion correlated with 839; ion correlated with 592",0.107,FALSE,"null","null","null","null",999,FALSE,FALSE,FALSE,"null","null","null","null","null",176.67,153614.333333333,10.5666339731711,24,"Leaf vs Root","Root","Root enriched - exploratory"
"F3789_mz360.2537_rt5.7",-0.588008861611808,18.6427946465967,-3.0275066617107,0.0291947432356566,0.0576170013292097,-3.86561030537946,3789,5.695,360.25369,"Unknown","[M+H]+","ion correlated with 3994; ion correlated with 3356; ion correlated with 4236",0.143,TRUE,"null","null","null","null",999,FALSE,FALSE,FALSE,"null","null","null","null","null",36.92,0,563573,6,"Leaf vs Root","Root","Not selected"
"F2345_mz245.1289_rt1.18",-2.90933499828754,14.2287915474628,-3.02712452375196,0.0292075103691007,0.0576170013292097,-3.86608757526414,2345,1.175,245.12889,"Unknown","[M+H]+","ion correlated with 184",0.429,TRUE,"null","null","null","null",999,FALSE,FALSE,FALSE,"null","null","null","null","null",342.75,9302.33333333333,265.002651379434,24,"Leaf vs Root","Root","Root enriched - exploratory"
"F3869_mz368.2282_rt1.15",2.02337273236927,16.0346877790236,3.00785872727417,0.0298593543311737,0.0588385748556425,-3.89017501391525,3869,1.149,368.22821,"Unknown","[M+H]+",NA,0.107,FALSE,"null","null","null","null",999,FALSE,FALSE,FALSE,"null","null","null","null","null",24.3,12491.6666666667,31.2686642830461,24,"Leaf vs Root","Leaf","Leaf enriched - exploratory"
"F1444_mz180.1022_rt1.23",-1.23422511483923,12.9852065803897,-2.98299899785673,0.0307246569990092,0.0604776509086277,-3.92132961745391,1444,1.225,180.10219,"Unknown","[M+H]+",NA,0.429,TRUE,"null","null","null","null",999,FALSE,FALSE,FALSE,"null","null","null","null","null",1652.71,4287,2998.70289179104,24,"Leaf vs Root","Root","Root enriched - exploratory"
"F3780_mz360.1446_rt0.99",-1.74020635776409,19.535674293449,-2.98096569363014,0.0307966628332202,0.0605533512134667,-3.9238814043131,3780,0.989,360.14459,"Unknown","[M+H]+",NA,0.036,TRUE,"null","null","null","null",999,FALSE,FALSE,FALSE,"null","null","null","null","null",885.32,0,1423251,18,"Leaf vs Root","Root","Root enriched - exploratory"
"F2302_mz242.1003_rt0.96",-0.726076863689466,17.8216366069694,-2.97948310640946,0.0308492849713743,0.0605908154225578,-3.9257423869447,2302,0.959,242.10034,"Unknown","[M+H]+",NA,0.286,FALSE,"null","null","null","null",999,FALSE,FALSE,FALSE,"null","null","null","null","null",72.37,0,433333,20,"Leaf vs Root","Root","Not selected"
"F4858_mz600.4182_rt7.93",9.79685021881767,12.2280632245795,2.97722382992019,0.0309296679413229,0.0606826637327041,-3.92857884595061,4858,7.926,600.41815,"Unknown","[M+H]+","ion correlated with 4818",0.107,TRUE,"null","null","null","null",999,FALSE,FALSE,FALSE,"null","null","null","null","null",21.35,777.666666666667,329.625,5,"Leaf vs Root","Leaf","Leaf enriched - exploratory"
"F4506_mz469.2957_rt6.23",-1.49946609996216,16.90550507281,-2.96780091458063,0.0312674608372036,0.0612787913258984,-3.94041626838813,4506,6.233,469.29572,"Unknown","[M+H]+",NA,0.179,TRUE,"null","null","null","null",999,FALSE,FALSE,FALSE,"null","null","null","null","null",14.35,0,238407,6,"Leaf vs Root","Root","Root enriched - exploratory"
"F952_mz145.0498_rt0.68",1.03792637800554,18.5972020648846,2.9667471586792,0.0313054915595072,0.0612867811983844,-3.94174075787913,952,0.681,145.04976,"Unknown","[M+H]+",NA,0.107,FALSE,"null","null","null","null",999,FALSE,FALSE,FALSE,"null","null","null","null","null",130.35,325141.666666667,6.78016214420747,24,"Leaf vs Root","Leaf","Leaf enriched - exploratory"
"F1709_mz198.9403_rt0.38",-0.64203084076504,19.7142802105272,-2.96445712930399,0.0313883185502873,0.0613823564282433,-3.9446196463863,1709,0.384,198.94032,"Unknown","[M+H]+","ion correlated with 2198; ion correlated with 2219",0.821,FALSE,"null","null","null","null",999,FALSE,FALSE,FALSE,"null","null","null","null","null",156.47,0,3702283,24,"Leaf vs Root","Root","Not selected"
"F2289_mz241.1549_rt0.77",1.7012383521369,16.7183006178365,2.96143848240163,0.0314978729470666,0.0614869754883965,-3.94841555248215,2289,0.772,241.15492,"Unknown","[M+H]+",NA,0.321,FALSE,"null","null","null","null",999,FALSE,FALSE,FALSE,"null","null","null","null","null",85.92,2287.66666666667,325.111564229537,23,"Leaf vs Root","Leaf","Leaf enriched - exploratory"
"F3112_mz301.2167_rt3.8",-0.601557225985743,20.3249219890315,-2.96110654405567,0.0315099458874054,0.0614869754883965,-3.94883303259403,3112,3.803,301.21674,"Unknown","[M+H]+",NA,0.214,TRUE,"null","null","null","null",999,FALSE,FALSE,FALSE,"null","null","null","null","null",40.16,1924,1020.10753246753,6,"Leaf vs Root","Root","Not selected"
"F2002_mz218.139_rt1.26",-1.44105186940631,13.1656514314915,-2.95054095110299,0.0318969416968958,0.0621749241499968,-3.96212888125923,2002,1.261,218.13898,"Unknown","[M+H]+","ion correlated with 1768; ion correlated with 2603; ion correlated with 488; ion correlated with 4899; ion correlated with 4573; ion correlated with 4641",0.036,TRUE,"null","null","null","null",999,FALSE,FALSE,FALSE,"null","null","null","null","null",193.37,5226.66666666667,114.077281132436,24,"Leaf vs Root","Root","Root enriched - exploratory"
"F1753_mz201.1641_rt2.87",3.26206575979309,15.9038413506489,2.94769860954285,0.0320019549006808,0.0623123285822318,-3.96570817509835,1753,2.873,201.16409,"Unknown","[M+H]+","ion correlated with 3322; ion correlated with 3082; similar chromatogram in higher mz_3322; similar chromatogram in higher mz_2475; similar chromatogram in higher mz_3817",0.071,TRUE,"null","null","null","null",999,FALSE,FALSE,FALSE,"null","null","null","null","null",35.63,0,712659,8,"Leaf vs Root","Leaf","Leaf enriched - exploratory"
"F2312_mz243.094_rt0.42",-1.59907517910092,18.3856983465528,-2.94514449259874,0.0320966487550201,0.0624293653047536,-3.96892540194459,2312,0.42,243.09404,"Unknown","[M+H]+",NA,0.143,FALSE,"null","null","null","null",999,FALSE,FALSE,FALSE,"null","null","null","null","null",16.49,7777,59.3230907688352,20,"Leaf vs Root","Root","Root enriched - exploratory"
"F1534_mz187.0306_rt0.46",-1.23476650688254,18.4043761889609,-2.94128025412999,0.032240510626319,0.0626416810339137,-3.97379448287982,1534,0.459,187.03059,"Unknown","[M+H]+",NA,0.214,FALSE,"null","null","null","null",999,FALSE,FALSE,FALSE,"null","null","null","null","null",28.76,0,659350,20,"Leaf vs Root","Root","Root enriched - exploratory"
"F1909_mz213.075_rt0.42",1.03741235940952,22.3207476913556,2.92629071142548,0.0328054071833041,0.0636707096407139,-3.99269992207637,1909,0.425,213.07503,"Unknown","[M+H]+",NA,0.571,TRUE,"null","null","null","null",999,FALSE,FALSE,FALSE,"null","null","null","null","null",317.49,21264.6666666667,675.68302584761,22,"Leaf vs Root","Leaf","Leaf enriched - exploratory"
"F1189_mz163.0756_rt1.16",1.18732039233965,18.4010994469703,2.9225918520202,0.0329464956587474,0.06380916858935,-3.99736947544321,1189,1.16,163.07556,"Unknown","[M+H]+","ion correlated with 3680; ion correlated with 3971; ion correlated with 4724; ion correlated with 3305; ion correlated with 4647; ion correlated with 739; ion correlated with 4590; ion correlated with 4895; ion correlated with 4726; ion correlated with 4062; ion correlated with 4100; ion correlated with 4516; ion correlated with 827",0.071,FALSE,"null","null","null","null",999,FALSE,FALSE,FALSE,"null","null","null","null","null",49.12,8939,118.275279642058,24,"Leaf vs Root","Leaf","Leaf enriched - exploratory"
"F1008_mz148.5364_rt0.44",-1.99669740282237,17.1433516412886,-2.92256692342607,0.0329474488228666,0.06380916858935,-3.99740095194235,1008,0.445,148.53639,"Unknown","[M+H]+",NA,0.179,FALSE,"null","null","null","null",999,FALSE,FALSE,FALSE,"null","null","null","null","null",1548.69,0,220467,9,"Leaf vs Root","Root","Root enriched - exploratory"
"F3495_mz333.2064_rt1.25",10.8563478553707,13.7138679467475,2.9171350341783,0.0331558766957753,0.064144005826232,-4.00426148916629,3495,1.251,333.20642,"Unknown","[M+H]+","ion correlated with 4673; ion correlated with 4726; ion correlated with 4062; ion correlated with 4100; ion correlated with 4516; ion correlated with 827; ion correlated with 2872; ion correlated with 4909; ion correlated with 4954; ion correlated with 1690; ion correlated with 3284; ion correlated with 4031; ion correlated with 4068",0.071,TRUE,"null","null","null","null",999,FALSE,FALSE,FALSE,"null","null","null","null","null",94.42,570.666666666667,2536.32069970845,16,"Leaf vs Root","Leaf","Leaf enriched - exploratory"
"F706_mz129.0523_rt0.74",1.36508786511009,16.6250514180709,2.91614767446172,0.0331939205442829,0.0641488507306537,-4.00550893547384,706,0.741,129.05234,"Unknown","[M+H]+",NA,0.429,TRUE,"null","null","null","null",999,FALSE,FALSE,FALSE,"null","null","null","null","null",360.96,155803.333333333,30.458491740709,24,"Leaf vs Root","Leaf","Leaf enriched - exploratory"
"F3676_mz350.0889_rt0.47",-1.27471816382307,15.8337789527377,-2.91339007277929,0.0333004314556673,0.064197863989592,-4.00899358434438,3676,0.465,350.08893,"Unknown","[M+H]+",NA,0.071,FALSE,"null","null","null","null",999,FALSE,FALSE,FALSE,"null","null","null","null","null",1157.32,0,146920,12,"Leaf vs Root","Root","Root enriched - exploratory"
"F626_mz123.1169_rt1.05",1.20924822625269,15.0799282299229,2.91291324750246,0.0333188871953026,0.064197863989592,-4.00959622254401,626,1.054,123.11687,"Unknown","[M+H]+",NA,0.036,FALSE,"null","null","null","null",999,FALSE,FALSE,FALSE,"null","null","null","null","null",4.55,22725.6666666667,5.21924317981813,22,"Leaf vs Root","Leaf","Leaf enriched - exploratory"
"F624_mz123.0556_rt0.6",-1.50270393606628,15.7789561252368,-2.91273000841569,0.0333259825807466,0.064197863989592,-4.0098278178525,624,0.6,123.0556,"Unknown","[M+H]+","similar chromatogram in higher mz_1330; found in higher mz's MsMs_2463",0.107,FALSE,"null","null","null","null",999,FALSE,FALSE,FALSE,"null","null","null","null","null",28.01,49524,11.3555174154467,22,"Leaf vs Root","Root","Root enriched - exploratory"
"F2423_mz251.18_rt1.36",0.608486366001473,19.9693012395952,2.90482089328768,0.0336338507980209,0.0647218557467246,-4.01982813681399,2423,1.358,251.17998,"Unknown","[M+H]+","ion correlated with 3080; ion correlated with 2648; ion correlated with 2910; ion correlated with 3611",0.107,TRUE,"null","null","null","null",999,FALSE,FALSE,FALSE,"null","null","null","null","null",61.59,357025.666666667,6.70779306867834,24,"Leaf vs Root","Leaf","Not selected"
"F4207_mz411.1631_rt1.04",1.35081080936755,18.404511303064,2.90077483809013,0.0337925711959683,0.0649580308932084,-4.02494701011075,4207,1.039,411.16312,"Unknown","[M+H]+","ion correlated with 1654; ion correlated with 1405; ion correlated with 3171; ion correlated with 3624; ion correlated with 2793; ion correlated with 3937; ion correlated with 4037; ion correlated with 3608; ion correlated with 4687; ion correlated with 1217; ion correlated with 3309; ion correlated with 4550; ion correlated with 4658; ion correlated with 4035; ion correlated with 392; ion correlated with 3830; ion correlated with 4649; ion correlated with 819; ion correlated with 3463; ion correlated with 4722",0.143,TRUE,"null","null","null","null",999,FALSE,FALSE,FALSE,"null","null","null","null","null",6435.48,0,1052561,12,"Leaf vs Root","Leaf","Leaf enriched - exploratory"
"F4360_mz439.285_rt6.71",-10.0343236322998,12.5137097794994,-2.89977610312334,0.0338318783299179,0.0649644046654274,-4.02621087521783,4360,6.71,439.28503,"Unknown","[M+H]+",NA,0.036,FALSE,"null","null","null","null",999,FALSE,FALSE,FALSE,"null","null","null","null","null",52.56,0,182951,5,"Leaf vs Root","Root","Root enriched - exploratory"
"F3977_mz380.28_rt5.02",1.91879755712453,15.8762799186501,2.89637330375395,0.0339661850060431,0.065152990367596,-4.03051793325901,3977,5.021,380.28003,"Unknown","[M+H]+","ion correlated with 3481; ion correlated with 3850; ion correlated with 3286",0.107,TRUE,"null","null","null","null",999,FALSE,FALSE,FALSE,"null","null","null","null","null",23.19,0,281565,6,"Leaf vs Root","Leaf","Leaf enriched - exploratory"
"F4708_mz536.1658_rt9.32",-3.35859271404829,14.3461396730818,-2.8926743194129,0.0341128561564292,0.0653648676882746,-4.03520151433899,4708,9.324,536.16583,"Unknown","[M+H]+",NA,0.071,TRUE,"null","null","null","null",999,FALSE,FALSE,FALSE,"null","null","null","null","null",3174.44,5407.66666666667,37.5356834709725,24,"Leaf vs Root","Root","Root enriched - exploratory"
"F3650_mz348.1294_rt0.94",-0.782398839827222,18.6764993990383,-2.8912328451282,0.0341702040412158,0.0654053216271416,-4.03702713943554,3650,0.941,348.12936,"Unknown","[M+H]+","ion correlated with 1363; ion correlated with 1300; ion correlated with 1274",0.214,TRUE,"null","null","null","null",999,FALSE,FALSE,FALSE,"null","null","null","null","null",3219.06,0,653078,7,"Leaf vs Root","Root","Not selected"
"F3792_mz360.3115_rt2.84",4.01436397458916,14.6541065984815,2.88671517830587,0.0343506325264317,0.0656810293540351,-4.04275042054627,3792,2.841,360.31146,"Unknown","[M+H]+","ion correlated with 1920; ion correlated with 2709; ion correlated with 3525; ion correlated with 3826; ion correlated with 3993",0.107,FALSE,"null","null","null","null",999,FALSE,FALSE,FALSE,"null","null","null","null","null",12.34,9924,20.3899244332494,21,"Leaf vs Root","Leaf","Leaf enriched - exploratory"
"F2950_mz289.2166_rt2.08",12.2889406429699,15.6314055481774,2.87897436394936,0.0346622599822588,0.0662067505481239,-4.05256283883071,2950,2.077,289.21664,"Unknown","[M+H]+","ion correlated with 3520; ion correlated with 1018; ion correlated with 1751; ion correlated with 2381; ion correlated with 2674; ion correlated with 3323; ion correlated with 3503; ion correlated with 3746; ion correlated with 5004; ion correlated with 5012; ion correlated with 3703; ion correlated with 3079; ion correlated with 3851",0.107,TRUE,"null","null","null","null",999,FALSE,FALSE,FALSE,"null","null","null","null","null",297.47,0,7287519,5,"Leaf vs Root","Leaf","Leaf enriched - exploratory"
"F455_mz112.0063_rt0.39",-0.607412228521788,22.3255240556753,-2.86890869211938,0.0350721976611762,0.0669189395120751,-4.06533325936872,455,0.386,112.00633,"Unknown","[M+H]+","ion correlated with 373",0.286,FALSE,"null","null","null","null",999,FALSE,FALSE,FALSE,"null","null","null","null","null",151.7,10622,747.970064953403,24,"Leaf vs Root","Root","Not selected"
"F3832_mz365.1057_rt0.55",1.05029607218276,20.2347206380184,2.86591194717757,0.0351952841126792,0.0670828804893199,-4.06913764140339,3832,0.549,365.10571,"Unknown","[M+H]+",NA,0.036,FALSE,"null","null","null","null",999,FALSE,FALSE,FALSE,"null","null","null","null","null",1515.66,0,4248327,18,"Leaf vs Root","Leaf","Leaf enriched - exploratory"
"F3317_mz317.2115_rt2.63",11.5744547150237,14.6345038897607,2.85287776090815,0.0357362614498225,0.0680421433722887,-4.08569722216516,3317,2.628,317.21152,"Unknown","[M+H]+",NA,0.107,TRUE,"null","null","null","null",999,FALSE,FALSE,FALSE,"null","null","null","null","null",51.75,0,2467218,9,"Leaf vs Root","Leaf","Leaf enriched - exploratory"
"F3848_mz366.2642_rt3.31",1.52615397185776,16.4898857200778,2.8503109510601,0.0358438818020249,0.0681477365765074,-4.08896069033345,3848,3.307,366.26422,"Unknown","[M+H]+","ion correlated with 3279; ion correlated with 3470; ion correlated with 3899; ion correlated with 4093; ion correlated with 3975; ion correlated with 2678",0.107,TRUE,"null","null","null","null",999,FALSE,FALSE,FALSE,"null","null","null","null","null",20.42,0,419493,7,"Leaf vs Root","Leaf","Leaf enriched - exploratory"
"F2154_mz229.1551_rt1.04",0.940260338327224,18.336275661947,2.84975521890513,0.0358672297771091,0.0681477365765074,-4.08966735762261,2154,1.045,229.15509,"Unknown","[M+H]+",NA,0.143,TRUE,"null","null","null","null",999,FALSE,FALSE,FALSE,"null","null","null","null","null",71.18,6854.66666666667,183.472601740652,22,"Leaf vs Root","Leaf","Not selected"
"F3699_mz352.1971_rt1.08",0.770066474121563,16.4348538508771,2.84872872102503,0.0359104005021459,0.0681580156744199,-4.09097274615963,3699,1.081,352.19708,"Unknown","[M+H]+",NA,0.107,FALSE,"null","null","null","null",999,FALSE,FALSE,FALSE,"null","null","null","null","null",24.92,17102.3333333333,12.6930812707075,24,"Leaf vs Root","Leaf","Not selected"
"F1613_mz192.1597_rt0.67",-1.17120008247404,21.9260391518487,-2.84752634131839,0.0359610416417492,0.0681714151758513,-4.09250196204495,1613,0.667,192.15973,"Unknown","[M+H]+",NA,0.857,TRUE,"null","null","null","null",999,FALSE,FALSE,FALSE,"null","null","null","null","null",897.99,50527.6666666667,373.831969970842,24,"Leaf vs Root","Root","Root enriched - exploratory"
"F373_mz105.0035_rt0.39",-0.889545123439737,22.3544290250169,-2.84676860101303,0.0359929964889675,0.0681714151758513,-4.09346576324087,373,0.392,105.00348,"Unknown","[M+H]+","ion correlated with 455; found in higher mz's MsMs_691; found in higher mz's MsMs_427; found in higher mz's MsMs_1037; found in higher mz's MsMs_615; found in higher mz's MsMs_964",0.857,TRUE,"null","null","null","null",999,FALSE,FALSE,FALSE,"null","null","null","null","null",512.67,46697.6666666667,174.760128768844,24,"Leaf vs Root","Root","Not selected"
"F2480_mz255.9637_rt0.52",-0.678109692595398,17.532727473292,-2.83508904937956,0.036489550798678,0.0690394540792597,-4.10833009462741,2480,0.522,255.96373,"Unknown","[M+H]+","ion correlated with 3388",0.214,FALSE,"null","null","null","null",999,FALSE,FALSE,FALSE,"null","null","null","null","null",83.62,0,309068,7,"Leaf vs Root","Root","Not selected"
"F4538_mz475.1779_rt0.47",-1.70213354094979,16.5578328567404,-2.82340184935518,0.0369940596823261,0.0699207096613597,-4.12322026287256,4538,0.468,475.17786,"Unknown","[M+H]+","ion correlated with 2655; ion correlated with 1266; ion correlated with 4246; ion correlated with 4998",0.464,FALSE,"null","null","null","null",999,FALSE,FALSE,FALSE,"null","null","null","null","null",13340.74,0,1247586,16,"Leaf vs Root","Root","Root enriched - exploratory"
"F1938_mz215.0164_rt0.74",1.56917532867049,19.2034465750328,2.81783294180419,0.0372371771125286,0.0703065948620442,-4.1303209896526,1938,0.736,215.01642,"Unknown","[M+H]+",NA,0.179,TRUE,"null","null","null","null",999,FALSE,FALSE,FALSE,"null","null","null","null","null",27.05,15222.3333333333,138.449901467046,22,"Leaf vs Root","Leaf","Leaf enriched - exploratory"
"F362_mz104.0707_rt0.55",-1.04330210538896,19.5085224048398,-2.81535857611221,0.037345767198178,0.070437941267201,-4.13347712627314,362,0.549,104.07069,"Unknown","[M+H]+",NA,0.036,FALSE,"null","null","null","null",999,FALSE,FALSE,FALSE,"null","null","null","null","null",72.61,50847,27.5598450283197,24,"Leaf vs Root","Root","Root enriched - exploratory"
"F969_mz146.1177_rt0.99",-1.02960781125207,18.5280170096075,-2.81303125565805,0.037448224881574,0.0705138006396272,-4.1364463487961,969,0.989,146.11769,"Unknown","[M+H]+",NA,0.429,FALSE,"null","null","null","null",999,FALSE,FALSE,FALSE,"null","null","null","null","null",67.35,4854.66666666667,145.872245486373,24,"Leaf vs Root","Root","Root enriched - exploratory"
"F4869_mz606.2848_rt8.07",9.82166817752395,12.693710646142,2.81267085463191,0.0374641190101953,0.0705138006396272,-4.13690620861421,4869,8.068,606.28485,"Unknown","[M+H]+",NA,0.107,TRUE,"null","null","null","null",999,FALSE,FALSE,FALSE,"null","null","null","null","null",4966.2,0,431891,5,"Leaf vs Root","Leaf","Leaf enriched - exploratory"
"F1312_mz171.5526_rt0.45",-2.33445777145905,16.6209498779965,-2.80271771672099,0.0379060360859636,0.0712712449324629,-4.14961199409035,1312,0.446,171.55258,"Unknown","[M+H]+","ion correlated with 1197; ion correlated with 1008",0.107,FALSE,"null","null","null","null",999,FALSE,FALSE,FALSE,"null","null","null","null","null",1130.91,0,159292,8,"Leaf vs Root","Root","Root enriched - exploratory"
"F446_mz111.0442_rt0.49",0.523684080391662,20.0638785400748,2.80097435036945,0.0379840347210232,0.0713435823844401,-4.15183867658939,446,0.489,111.04417,"Unknown","[M+H]+","found in higher mz's MsMs_1621",0.357,FALSE,"null","null","null","null",999,FALSE,FALSE,FALSE,"null","null","null","null","null",10.76,171604.333333333,13.7598112723769,24,"Leaf vs Root","Leaf","Not selected"
"F2210_mz233.15_rt0.97",-1.18436763217674,16.1037529192339,-2.79852731043771,0.0380938163225481,0.0714754038068599,-4.15496469851316,2210,0.966,233.14998,"Unknown","[M+H]+","ion correlated with 1569; ion correlated with 1958; ion correlated with 1993; ion correlated with 350; ion correlated with 765; ion correlated with 2018; ion correlated with 1786; ion correlated with 1568; ion correlated with 2580",0.393,TRUE,"null","null","null","null",999,FALSE,FALSE,FALSE,"null","null","null","null","null",1142.16,816,13434.3549571603,19,"Leaf vs Root","Root","Root enriched - exploratory"
"F2517_mz259.0648_rt0.42",-2.08942661039308,17.7143587352115,-2.79216187693285,0.0383810404974189,0.0719395411192536,-4.16309954446037,2517,0.417,259.06479,"Unknown","[M+H]+",NA,0.071,FALSE,"null","null","null","null",999,FALSE,FALSE,FALSE,"null","null","null","null","null",53.17,0,358160,24,"Leaf vs Root","Root","Root enriched - exploratory"
"F2783_mz277.2166_rt3.94",-10.0497623926694,13.013146472978,-2.78692469871767,0.0386191557485466,0.072310763616314,-4.16979595195489,2783,3.945,277.21661,"Unknown","[M+H]+","ion correlated with 3026; ion correlated with 3315; similar chromatogram in higher mz_3026; similar chromatogram in higher mz_4705; similar chromatogram in higher mz_3315",0.107,FALSE,"null","null","null","null",999,FALSE,FALSE,FALSE,"null","null","null","null","null",13.62,0,173375,12,"Leaf vs Root","Root","Root enriched - exploratory"
"F1586_mz190.9121_rt0.42",-0.801978700480398,17.7657382498277,-2.78333120592437,0.0387834856918632,0.0725432038070602,-4.17439248307375,1586,0.418,190.91214,"Unknown","[M+H]+",NA,0.857,FALSE,"null","null","null","null",999,FALSE,FALSE,FALSE,"null","null","null","null","null",92.21,0,1171261,24,"Leaf vs Root","Root","Not selected"
"F266_mz97.5118_rt0.4",-1.00875926626798,17.7038404258453,-2.77375921790734,0.0392250044750019,0.0732930984237872,-4.18664331762188,266,0.396,97.51176,"Unknown","[M+H]+",NA,0.429,FALSE,"null","null","null","null",999,FALSE,FALSE,FALSE,"null","null","null","null","null",112.47,21842.6666666667,32.5018693442798,24,"Leaf vs Root","Root","Root enriched - exploratory"
"F2581_mz263.1646_rt1.88",9.84332547989788,12.8463867774658,2.77108000513164,0.0393495814143214,0.0734498391446226,-4.19007417014344,2581,1.884,263.16461,"Unknown","[M+H]+","ion correlated with 3693; ion correlated with 2401; ion correlated with 3494; ion correlated with 3909; ion correlated with 3995; ion correlated with 3283",0.107,TRUE,"null","null","null","null",999,FALSE,FALSE,FALSE,"null","null","null","null","null",55.36,1241.33333333333,374.642607995707,18,"Leaf vs Root","Leaf","Leaf enriched - exploratory"
"F977_mz146.539_rt0.46",0.974165315741194,16.4278345531776,2.76727348420408,0.0395273295893984,0.0737054027984133,-4.19494995773078,977,0.463,146.53903,"Unknown","[M+H]+","ion correlated with 4169; ion correlated with 4630; ion correlated with 3829; ion correlated with 4413; ion correlated with 4424; ion correlated with 4701; ion correlated with 4493; ion correlated with 4249; ion correlated with 4623; ion correlated with 879; ion correlated with 3661; ion correlated with 3095; ion correlated with 3069; ion correlated with 3273; ion correlated with 998; ion correlated with 1091; ion correlated with 1872; ion correlated with 4124; ion correlated with 1301; ion correlated with 2129; ion correlated with 3086; ion correlated with 3887",0.036,FALSE,"null","null","null","null",999,FALSE,FALSE,FALSE,"null","null","null","null","null",128.99,0,241798,6,"Leaf vs Root","Leaf","Not selected"
"F742_mz131.0857_rt2.07",10.3414663852199,13.5135994219683,2.76551942291161,0.0396095357875491,0.0737824686238661,-4.19719727989142,742,2.074,131.08568,"Unknown","[M+H]+","ion correlated with 957; ion correlated with 1018; ion correlated with 1629; ion correlated with 1658; ion correlated with 628; ion correlated with 995; ion correlated with 2318; ion correlated with 2447; ion correlated with 2950; ion correlated with 596; ion correlated with 56; ion correlated with 2582; ion correlated with 3503; ion correlated with 3907; ion correlated with 3941; ion correlated with 5039; ion correlated with 4118; ion correlated with 3851; ion correlated with 3979; found in higher mz's MsMs_3323; found in higher mz's MsMs_1751; found in higher mz's MsMs_3520; found in higher mz's MsMs_3703; found in higher mz's MsMs_2674; found in higher mz's MsMs_5012; found in higher mz's MsMs_3079; found in higher mz's MsMs_5004; found in higher mz's MsMs_2381; found in higher mz's MsMs_2950; found in higher mz's MsMs_3851; found in higher mz's MsMs_3979",0.107,FALSE,"null","null","null","null",999,FALSE,FALSE,FALSE,"null","null","null","null","null",73,2714,293.642357274401,21,"Leaf vs Root","Leaf","Leaf enriched - exploratory"
"F4722_mz540.2446_rt1.1",3.33753022253718,19.3572135873457,2.75859873257038,0.0399357337857447,0.0743134015291434,-4.20606744020883,4722,1.096,540.24463,"Unknown","[M+H]+","ion correlated with 1837; ion correlated with 3463; ion correlated with 3140; ion correlated with 2899; ion correlated with 4639; ion correlated with 820",0.179,TRUE,"null","null","null","null",999,FALSE,FALSE,FALSE,"null","null","null","null","null",29668.92,0,4262797,12,"Leaf vs Root","Leaf","Leaf enriched - exploratory"
"F16_mz62.024_rt0.39",-0.666615273055381,21.3457663849522,-2.74836087365695,0.0404237475646967,0.0751440415595031,-4.2191987547549,16,0.389,62.02398,"Unknown","[M+2H]2+","ion correlated with 1061; similar chromatogram in higher mz_663; similar chromatogram in higher mz_49; similar chromatogram in higher mz_142; similar chromatogram in higher mz_174; similar chromatogram in higher mz_921; similar chromatogram in higher mz_2420; similar chromatogram in higher mz_373; similar chromatogram in higher mz_343; similar chromatogram in higher mz_64; similar chromatogram in higher mz_1974; similar chromatogram in higher mz_881; similar chromatogram in higher mz_187; similar chromatogram in higher mz_2274; similar chromatogram in higher mz_1246; similar chromatogram in higher mz_37; similar chromatogram in higher mz_54; similar chromatogram in higher mz_58; similar chromatogram in higher mz_69; similar chromatogram in higher mz_192; similar chromatogram in higher mz_202; similar chromatogram in higher mz_217; similar chromatogram in higher mz_237; similar chromatogram in higher mz_323; similar chromatogram in higher mz_371; similar chromatogram in higher mz_380; similar chromatogram in higher mz_427; similar chromatogram in higher mz_455; similar chromatogram in higher mz_497; similar chromatogram in higher mz_772; similar chromatogram in higher mz_844; similar chromatogram in higher mz_898; similar chromatogram in higher mz_1061; similar chromatogram in higher mz_1697; similar chromatogram in higher mz_1709; similar chromatogram in higher mz_1936; similar chromatogram in higher mz_2097; similar chromatogram in higher mz_2613; similar chromatogram in higher mz_3434; similar chromatogram in higher mz_3606; similar chromatogram in higher mz_3719; similar chromatogram in higher mz_3880; similar chromatogram in higher mz_4122; similar chromatogram in higher mz_4385; similar chromatogram in higher mz_4464; similar chromatogram in higher mz_4518; similar chromatogram in higher mz_4553; similar chromatogram in higher mz_4788; similar chromatogram in higher mz_35; similar chromatogram in higher mz_244; similar chromatogram in higher mz_266; similar chromatogram in higher mz_273; similar chromatogram in higher mz_390; similar chromatogram in higher mz_452; similar chromatogram in higher mz_494; similar chromatogram in higher mz_617; similar chromatogram in higher mz_691; similar chromatogram in higher mz_849; similar chromatogram in higher mz_989; similar chromatogram in higher mz_1037; similar chromatogram in higher mz_1181; similar chromatogram in higher mz_1315; similar chromatogram in higher mz_1353; similar chromatogram in higher mz_2006; similar chromatogram in higher mz_2032; similar chromatogram in higher mz_2320; similar chromatogram in higher mz_2549; similar chromatogram in higher mz_2661; similar chromatogram in higher mz_2822; similar chromatogram in higher mz_3457; similar chromatogram in higher mz_4537; similar chromatogram in higher mz_1473; similar chromatogram in higher mz_2461; similar chromatogram in higher mz_4217; similar chromatogram in higher mz_538; similar chromatogram in higher mz_1014; similar chromatogram in higher mz_2405; similar chromatogram in higher mz_249; similar chromatogram in higher mz_2159; similar chromatogram in higher mz_186; similar chromatogram in higher mz_788; similar chromatogram in higher mz_564; similar chromatogram in higher mz_307; similar chromatogram in higher mz_4827; similar chromatogram in higher mz_88; similar chromatogram in higher mz_467",0.786,FALSE,"null","null","null","null",999,FALSE,FALSE,FALSE,"null","null","null","null","null",490.41,29047,153.583207105481,24,"Leaf vs Root","Root","Not selected"
"F1159_mz161.0296_rt0.39",-0.98502155535891,19.3963264360271,-2.74554488399907,0.0405591331723719,0.0753181433910816,-4.22281259825599,1159,0.39,161.02963,"Unknown","[M+H]+",NA,0.786,FALSE,"null","null","null","null",999,FALSE,FALSE,FALSE,"null","null","null","null","null",134.82,12193.6666666667,75.1731904657774,24,"Leaf vs Root","Root","Not selected"
"F3681_mz350.2694_rt2.82",10.1607348924794,13.3352042108268,2.74411330876831,0.0406281518774586,0.0753687709545866,-4.22465010881946,3681,2.821,350.26938,"Unknown","[M+H]+","ion correlated with 3354; ion correlated with 3576; ion correlated with 3826",0.107,TRUE,"null","null","null","null",999,FALSE,FALSE,FALSE,"null","null","null","null","null",51.23,0,639636,6,"Leaf vs Root","Leaf","Leaf enriched - exploratory"
"F2051_mz222.1129_rt1.29",-1.42184875363692,12.6041445074559,-2.72824916746752,0.0414017439922587,0.0767249978501304,-4.24502731974698,2051,1.291,222.11285,"Unknown","[M+H]+","ion correlated with 1648; ion correlated with 2484; ion correlated with 3213; similar chromatogram in higher mz_3843",0.321,TRUE,"null","null","null","null",999,FALSE,FALSE,FALSE,"null","null","null","null","null",178.52,16442.6666666667,176.864263850317,24,"Leaf vs Root","Root","Root enriched - exploratory"
"F2594_mz265.0235_rt0.44",-2.44095838716401,19.5837601044145,-2.72165871367343,0.0417278922168929,0.0772500978989659,-4.25350047278033,2594,0.443,265.02347,"Unknown","[M+H]+",NA,0.214,FALSE,"null","null","null","null",999,FALSE,FALSE,FALSE,"null","null","null","null","null",195.81,622.666666666667,3125.54302512026,24,"Leaf vs Root","Root","Root enriched - exploratory"
"F3092_mz300.2902_rt2.45",-1.49322710732738,17.3279689820863,-2.72035384338704,0.0417928036386763,0.0772909944342323,-4.25517864616085,3092,2.448,300.29016,"Unknown","[M+H]+",NA,0.179,FALSE,"null","null","null","null",999,FALSE,FALSE,FALSE,"null","null","null","null","null",26.7,748.666666666667,409.165851489551,9,"Leaf vs Root","Root","Root enriched - exploratory"
"F2839_mz282.1552_rt1.06",0.8022097377881,16.0419144663943,2.71146713126841,0.042237854672915,0.0780341122667467,-4.26661242232305,2839,1.059,282.15518,"Unknown","[M+H]+","ion correlated with 3803",0.071,FALSE,"null","null","null","null",999,FALSE,FALSE,FALSE,"null","null","null","null","null",20.42,27808.6666666667,6.9474762972108,24,"Leaf vs Root","Leaf","Not selected"
"F1665_mz195.1382_rt1.18",2.34905855432169,16.9266592893364,2.70285368093152,0.0426742187953778,0.078759677838095,-4.27770239939432,1665,1.184,195.1382,"Unknown","[M+H]+","ion correlated with 4038; ion correlated with 798; ion correlated with 1625; ion correlated with 4061; ion correlated with 4076; similar chromatogram in higher mz_4929; similar chromatogram in higher mz_4590; similar chromatogram in higher mz_4743; similar chromatogram in higher mz_2005; similar chromatogram in higher mz_4365; similar chromatogram in higher mz_4656; similar chromatogram in higher mz_4789; similar chromatogram in higher mz_4797; similar chromatogram in higher mz_4807; similar chromatogram in higher mz_4952; similar chromatogram in higher mz_4960",0.071,FALSE,"null","null","null","null",999,FALSE,FALSE,FALSE,"null","null","null","null","null",42.81,25691,60.4472598474233,24,"Leaf vs Root","Leaf","Leaf enriched - exploratory"
"F523_mz116.1072_rt1.14",-0.969698886126067,14.9072526107638,-2.69796996968362,0.0429238398183172,0.0791394595220251,-4.28399363939285,523,1.143,116.10721,"Unknown","[M+H]+","ion correlated with 2587; ion correlated with 2253; ion correlated with 1306; ion correlated with 2418; ion correlated with 1519; similar chromatogram in higher mz_2418",0.143,TRUE,"null","null","null","null",999,FALSE,FALSE,FALSE,"null","null","null","null","null",27.44,28338.3333333333,60.8989978592769,24,"Leaf vs Root","Root","Not selected"
"F2394_mz248.6282_rt2.08",9.65488201535631,12.8217865061545,2.69516238981407,0.0430680725173032,0.0793243580548288,-4.28761148514135,2394,2.08,248.62816,"Unknown","[M+H]+","ion correlated with 378; ion correlated with 742; ion correlated with 957; ion correlated with 1629; ion correlated with 1658; ion correlated with 2022; ion correlated with 420; ion correlated with 628; ion correlated with 995; ion correlated with 1351; ion correlated with 1570; ion correlated with 1694; ion correlated with 1719; ion correlated with 1894; ion correlated with 2137; ion correlated with 2318; ion correlated with 2447; ion correlated with 596; ion correlated with 1191; ion correlated with 2158; ion correlated with 2500; ion correlated with 56; ion correlated with 1140; ion correlated with 1167; ion correlated with 1258; ion correlated with 1468; ion correlated with 2582; ion correlated with 3941; ion correlated with 5039; ion correlated with 2347; ion correlated with 4118; ion correlated with 3777; ion correlated with 3851; ion correlated with 3979; ion correlated with 3997; similar chromatogram in higher mz_4470",0.107,FALSE,"null","null","null","null",999,FALSE,FALSE,FALSE,"null","null","null","null","null",6695.69,0,366140,5,"Leaf vs Root","Leaf","Leaf enriched - exploratory"
"F1551_mz188.0229_rt0.39",-0.851947653164373,17.6857581344955,-2.68238395819669,0.0437313209284548,0.080463847376005,-4.30408778621914,1551,0.393,188.02287,"Unknown","[M+H]+",NA,0.143,FALSE,"null","null","null","null",999,FALSE,FALSE,FALSE,"null","null","null","null","null",53.95,0,322558,23,"Leaf vs Root","Root","Not selected"
"F4582_mz488.7899_rt0.42",1.77559186486944,16.9888284397088,2.68125559148479,0.0437904262736402,0.080490549311528,-4.30554346746507,4582,0.416,488.78992,"Unknown","[M+H]+","ion correlated with 4156; ion correlated with 3927; ion correlated with 4463; ion correlated with 4725; ion correlated with 3142; ion correlated with 3708",0.107,FALSE,"null","null","null","null",999,FALSE,FALSE,FALSE,"null","null","null","null","null",8164.36,0,513165,23,"Leaf vs Root","Leaf","Leaf enriched - exploratory"
"F2781_mz277.1804_rt2.63",10.5153189392362,14.0290278809654,2.66985583229733,0.044392523094016,0.0815142463730406,-4.32025709667309,2781,2.628,277.18039,"Unknown","[M+H]+","ion correlated with 3516; ion correlated with 3077; ion correlated with 3317; similar chromatogram in higher mz_4530; similar chromatogram in higher mz_3077; similar chromatogram in higher mz_4666",0.107,TRUE,"null","null","null","null",999,FALSE,FALSE,FALSE,"null","null","null","null","null",170.57,548,2108.7941712204,9,"Leaf vs Root","Leaf","Leaf enriched - exploratory"
"F1926_mz214.0594_rt0.46",2.64284776884939,17.4511479909487,2.65008910560074,0.0454582629144947,0.0833863460982348,-4.34579988133933,1926,0.463,214.05939,"Unknown","[M+H]+","ion correlated with 3508; ion correlated with 1822; ion correlated with 694; ion correlated with 2556",0.143,FALSE,"null","null","null","null",999,FALSE,FALSE,FALSE,"null","null","null","null","null",95.11,1514.33333333333,548.280026396832,16,"Leaf vs Root","Leaf","Leaf enriched - exploratory"
"F1573_mz189.1349_rt0.45",-1.17600683042162,22.1075569360027,-2.64706321146063,0.0456238777121573,0.0836051769243085,-4.34971327118314,1573,0.451,189.13486,"Unknown","[M+H]+",NA,0.214,TRUE,"null","null","null","null",999,FALSE,FALSE,FALSE,"null","null","null","null","null",663.3,755.333333333333,8355.55795504628,18,"Leaf vs Root","Root","Root enriched - exploratory"
"F392_mz107.0493_rt1.07",10.7401587055365,14.4348366458868,2.64324094338263,0.045834029516939,0.08390509460251,-4.35465784568411,392,1.074,107.04929,"Unknown","[M+H]+","ion correlated with 4037; ion correlated with 3608; ion correlated with 1217; ion correlated with 3309; ion correlated with 3664; ion correlated with 1403; ion correlated with 3962; ion correlated with 3599; ion correlated with 4649; ion correlated with 3918; ion correlated with 819; ion correlated with 3140; ion correlated with 4724; similar chromatogram in higher mz_3599; found in higher mz's MsMs_3599; found in higher mz's MsMs_4649; similar chromatogram in higher mz_3349; similar chromatogram in higher mz_3664; similar chromatogram in higher mz_3741; similar chromatogram in higher mz_3757; similar chromatogram in higher mz_3830; similar chromatogram in higher mz_3903; similar chromatogram in higher mz_4338",0.107,TRUE,"null","null","null","null",999,FALSE,FALSE,FALSE,"null","null","null","null","null",212.74,3264.33333333333,539.614434463046,23,"Leaf vs Root","Leaf","Leaf enriched - exploratory"
"F4046_mz388.8576_rt0.41",-1.26184668191067,16.7426279809928,-2.64122865633014,0.0459450945222351,0.0840231971759213,-4.35726153777058,4046,0.414,388.85764,"Unknown","[M+H]+",NA,0.643,FALSE,"null","null","null","null",999,FALSE,FALSE,FALSE,"null","null","null","null","null",582.42,0,212815,24,"Leaf vs Root","Root","Root enriched - exploratory"
"F336_mz102.0552_rt0.45",0.70768423863228,20.3137888702825,2.63499929241773,0.0462907947615074,0.0845697211989078,-4.36532408675487,336,0.451,102.05521,"Unknown","[M+H]+","ion correlated with 387; ion correlated with 783; ion correlated with 4587; found in higher mz's MsMs_1228; found in higher mz's MsMs_4587; found in higher mz's MsMs_2435; found in higher mz's MsMs_2215",0.357,FALSE,"null","null","null","null",999,FALSE,FALSE,FALSE,"null","null","null","null","null",58.12,214017.333333333,40.5225938587816,24,"Leaf vs Root","Leaf","Not selected"
"F1441_mz180.0869_rt0.69",-0.939865754959612,18.2402078590343,-2.62680689278308,0.0467497943911135,0.0852868749266705,-4.37593281725871,1441,0.694,180.0869,"Unknown","[M+H]+","ion correlated with 4471; ion correlated with 1567; ion correlated with 2015; ion correlated with 2543; ion correlated with 1187; ion correlated with 1700; ion correlated with 361; ion correlated with 530; ion correlated with 1376; ion correlated with 2929",0.179,FALSE,"null","null","null","null",999,FALSE,FALSE,FALSE,"null","null","null","null","null",157.77,103776.333333333,18.6025882337826,24,"Leaf vs Root","Root","Not selected"
"F1169_mz161.9699_rt9.7",-1.6241870633256,15.8259224104645,-2.6263091437029,0.0467778427575644,0.0852868749266705,-4.37657757469988,1169,9.7,161.96985,"Unknown","[M+H]+",NA,0.179,FALSE,"null","null","null","null",999,FALSE,FALSE,FALSE,"null","null","null","null","null",77.97,14440.6666666667,8.46474321984997,23,"Leaf vs Root","Root","Root enriched - exploratory"
"F3589_mz342.8614_rt0.42",-1.68713305174497,14.4615721026811,-2.61890340868028,0.0471973501730675,0.0859649011729434,-4.38617322630382,3589,0.417,342.86136,"Unknown","[M+H]+","ion correlated with 2547; ion correlated with 4203",0.5,FALSE,"null","null","null","null",999,FALSE,FALSE,FALSE,"null","null","null","null","null",1193.87,0,360648,24,"Leaf vs Root","Root","Root enriched - exploratory"
"F1694_mz197.133_rt2.08",9.29513031050526,12.5840077198961,2.61043511294765,0.0476821183227997,0.0867603060208199,-4.39715169675585,1694,2.077,197.133,"Unknown","[M+H]+","ion correlated with 2751; ion correlated with 378; ion correlated with 742; ion correlated with 957; ion correlated with 1497; ion correlated with 1629; ion correlated with 1658; ion correlated with 2022; ion correlated with 797; ion correlated with 1838; ion correlated with 2911; ion correlated with 420; ion correlated with 628; ion correlated with 995; ion correlated with 1351; ion correlated with 1570; ion correlated with 1719; ion correlated with 1894; ion correlated with 2137; ion correlated with 2318; ion correlated with 2447; ion correlated with 4946; ion correlated with 596; ion correlated with 1191; ion correlated with 2158; ion correlated with 2500; ion correlated with 2562; ion correlated with 2394; ion correlated with 56; ion correlated with 1140; ion correlated with 1167; ion correlated with 1258; ion correlated with 1468; ion correlated with 2582; ion correlated with 3907; ion correlated with 3941; ion correlated with 5039; ion correlated with 2347; ion correlated with 3777; ion correlated with 3997; found in higher mz's MsMs_3323; found in higher mz's MsMs_3703; found in higher mz's MsMs_2674; found in higher mz's MsMs_3079; found in higher mz's MsMs_5004; found in higher mz's MsMs_3851",0.107,FALSE,"null","null","null","null",999,FALSE,FALSE,FALSE,"null","null","null","null","null",43.26,2149.33333333333,136.709967446907,16,"Leaf vs Root","Leaf","Leaf enriched - exploratory"
"F4_mz60.0811_rt0.44",-0.648649351553518,18.3676560038837,-2.60893423961943,0.0477686048475583,0.0868301427490863,-4.39909812649016,4,0.444,60.0811,"Unknown","[M+H]+","found in higher mz's MsMs_1517; found in higher mz's MsMs_364",0.036,FALSE,"null","null","null","null",999,FALSE,FALSE,FALSE,"null","null","null","null","null",2.79,31724.3333333333,17.7507985206355,24,"Leaf vs Root","Root","Not selected"
"F1625_mz193.1226_rt1.18",3.07504573104316,15.9702109707249,2.60773604240587,0.0478377735284548,0.0868683915682706,-4.40065216949163,1625,1.182,193.12259,"Unknown","[M+H]+","ion correlated with 4061; ion correlated with 4076; ion correlated with 1665",0.036,FALSE,"null","null","null","null",999,FALSE,FALSE,FALSE,"null","null","null","null","null",30.82,10859.3333333333,173.831681041098,24,"Leaf vs Root","Leaf","Leaf enriched - exploratory"
"F1191_mz163.112_rt2.08",9.21135230242789,12.4885349079078,2.60646294040095,0.0479113867298041,0.0869146261781874,-4.40230350187503,1191,2.077,163.11201,"Unknown","[M+H]+","ion correlated with 2751; ion correlated with 395; ion correlated with 378; ion correlated with 742; ion correlated with 957; ion correlated with 1018; ion correlated with 1497; ion correlated with 1629; ion correlated with 1658; ion correlated with 2022; ion correlated with 797; ion correlated with 1838; ion correlated with 2911; ion correlated with 628; ion correlated with 995; ion correlated with 1351; ion correlated with 1570; ion correlated with 1694; ion correlated with 1719; ion correlated with 1894; ion correlated with 2137; ion correlated with 2318; ion correlated with 2447; ion correlated with 2950; ion correlated with 4946; ion correlated with 596; ion correlated with 2158; ion correlated with 4919; ion correlated with 532; ion correlated with 2500; ion correlated with 3522; ion correlated with 2562; ion correlated with 2394; ion correlated with 56; ion correlated with 1140; ion correlated with 1167; ion correlated with 1258; ion correlated with 1468; ion correlated with 2582; ion correlated with 3907; ion correlated with 3941; ion correlated with 5039; ion correlated with 2347; ion correlated with 4118; ion correlated with 3777; ion correlated with 3997; ion correlated with 5027; found in higher mz's MsMs_5004; found in higher mz's MsMs_3851",0.107,FALSE,"null","null","null","null",999,FALSE,FALSE,FALSE,"null","null","null","null","null",14.59,0,289669,11,"Leaf vs Root","Leaf","Leaf enriched - exploratory"
"F203_mz89.0084_rt0.38",0.985322879443624,18.5039529515533,2.60336128125539,0.0480912515146381,0.0871533222730139,-4.40632724160379,203,0.378,89.00842,"Unknown","[M+H]+","ion correlated with 2461; ion correlated with 2661; ion correlated with 538; ion correlated with 3508",0.107,FALSE,"null","null","null","null",999,FALSE,FALSE,FALSE,"null","null","null","null","null",94.02,841.666666666667,1152.5352056962,17,"Leaf vs Root","Leaf","Not selected"
"F2782_mz277.1804_rt5.7",0.583431115054445,15.8581720542694,2.60139272818047,0.0482057919174288,0.08727327423366,-4.40888145641615,2782,5.698,277.18042,"Unknown","[M+H]+","ion correlated with 2949; ion correlated with 4078; ion correlated with 4085; ion correlated with 3933; ion correlated with 3578; ion correlated with 1467; ion correlated with 4812; ion correlated with 4852",0.071,FALSE,"null","null","null","null",999,FALSE,FALSE,FALSE,"null","null","null","null","null",20.65,0,129393,10,"Leaf vs Root","Leaf","Not selected"
"F4491_mz464.2776_rt4.36",-9.5032877931587,12.9199474021568,-2.59158588788388,0.0487808803925199,0.0882259409904793,-4.42161093989966,4491,4.361,464.27765,"Unknown","[M+H]+",NA,0.036,FALSE,"null","null","null","null",999,FALSE,FALSE,FALSE,"null","null","null","null","null",43.75,0,138869,5,"Leaf vs Root","Root","Root enriched - exploratory"
"F2179_mz231.0979_rt0.49",1.3850252847426,15.6101327488857,2.58742261189509,0.0490272927891184,0.0885828463306894,-4.42701746416748,2179,0.491,231.09792,"Unknown","[M+H]+",NA,0.357,FALSE,"null","null","null","null",999,FALSE,FALSE,FALSE,"null","null","null","null","null",96.07,2931.66666666667,190.670152307343,24,"Leaf vs Root","Leaf","Leaf enriched - exploratory"
"F3279_mz315.1958_rt3.27",3.13208294472898,15.9047589256492,2.57139966519936,0.0499884525603529,0.0902291568714371,-4.44783889626005,3279,3.267,315.1958,"Unknown","[M+H]+","ion correlated with 3715; ion correlated with 3470; ion correlated with 3848; ion correlated with 3899; ion correlated with 4093; ion correlated with 3975; ion correlated with 2678",0.107,TRUE,"null","null","null","null",999,FALSE,FALSE,FALSE,"null","null","null","null","null",21.49,0,417277,6,"Leaf vs Root","Leaf","Leaf enriched - exploratory"
"F313_mz100.1122_rt0.94",-1.66837718857268,21.5017310781433,-2.56972944959971,0.0500898248671836,0.0903218120731933,-4.45001053266802,313,0.94,100.11221,"Unknown","[M+H]+","similar chromatogram in higher mz_3650; similar chromatogram in higher mz_3707",0.607,TRUE,"null","null","null","null",999,FALSE,FALSE,FALSE,"null","null","null","null","null",159.74,691537.666666667,7.22737171601877,24,"Leaf vs Root","Root","Not selected"
"F4280_mz424.1603_rt1.12",-9.49145586163066,12.9589799737877,-2.56677280020991,0.050269828568167,0.0905559287081251,-4.45385536970149,4280,1.118,424.16034,"Unknown","[M+H]+",NA,0.071,FALSE,"null","null","null","null",999,FALSE,FALSE,FALSE,"null","null","null","null","null",2811.17,0,171557,7,"Leaf vs Root","Root","Not selected"
"F4598_mz493.2306_rt5.23",-9.43251726112459,12.9207170037398,-2.56168891525571,0.0505809984606433,0.0910256253454249,-4.46046814071153,4598,5.229,493.23062,"Unknown","[M+H]+","ion correlated with 3002; ion correlated with 4324; ion correlated with 4417; ion correlated with 3548; ion correlated with 4501; ion correlated with 4517",0.036,FALSE,"null","null","null","null",999,FALSE,FALSE,FALSE,"null","null","null","null","null",2696.92,0,134847,6,"Leaf vs Root","Root","Not selected"
"F1699_mz198.0976_rt0.57",-0.599711404777959,19.0047248487101,-2.54667778111806,0.0515121524946353,0.0926089992557936,-4.48000572687936,1699,0.569,198.09756,"Unknown","[M+H]+","ion correlated with 1440",0.429,TRUE,"null","null","null","null",999,FALSE,FALSE,FALSE,"null","null","null","null","null",445.3,20751.6666666667,186.992884448585,24,"Leaf vs Root","Root","Not selected"
"F2401_mz249.1488_rt1.88",9.55466587341111,12.8633804362598,2.54311491552369,0.0517359028084857,0.0929187110142455,-4.48464555380771,2401,1.884,249.14879,"Unknown","[M+H]+","ion correlated with 3871; ion correlated with 3693; ion correlated with 4050; ion correlated with 2581; ion correlated with 3494; ion correlated with 3909; ion correlated with 3995; ion correlated with 3283",0.107,TRUE,"null","null","null","null",999,FALSE,FALSE,FALSE,"null","null","null","null","null",24.42,642,675.771384136859,13,"Leaf vs Root","Leaf","Not selected"
"F1019_mz149.0964_rt3.55",9.21360893133447,12.6585009549411,2.54030448571692,0.0519131493118764,0.0931443682981479,-4.48830620041557,1019,3.547,149.09636,"Unknown","[M+H]+","ion correlated with 1041; ion correlated with 419; ion correlated with 779; ion correlated with 2014; ion correlated with 2157; ion correlated with 3115; ion correlated with 3702; ion correlated with 376; ion correlated with 856; ion correlated with 1379; ion correlated with 2563; ion correlated with 3318; ion correlated with 3338; ion correlated with 956; ion correlated with 397; ion correlated with 597; ion correlated with 625; ion correlated with 994; ion correlated with 1190; ion correlated with 1257; ion correlated with 1349; ion correlated with 1630; ion correlated with 1752; ion correlated with 2317; ion correlated with 2448; ion correlated with 2474; ion correlated with 2676; ion correlated with 2746; ion correlated with 2954; ion correlated with 3083; ion correlated with 3098; ion correlated with 3118; ion correlated with 3504; ion correlated with 3745; ion correlated with 3906; ion correlated with 5005; ion correlated with 5013; ion correlated with 5038; ion correlated with 5047; ion correlated with 3515; ion correlated with 4188; found in higher mz's MsMs_3318; found in higher mz's MsMs_2676; found in higher mz's MsMs_5005; found in higher mz's MsMs_3847; found in higher mz's MsMs_3976; found in higher mz's MsMs_3504",0.107,FALSE,"null","null","null","null",999,FALSE,FALSE,FALSE,"null","null","null","null","null",12.1,3027,147.0964332893,13,"Leaf vs Root","Leaf","Not selected"
"F1572_mz189.1347_rt0.55",1.4147541520521,17.637720605235,2.53801408151844,0.0520580900695765,0.0933116708794296,-4.4912899540641,1572,0.549,189.13472,"Unknown","[M+H]+","ion correlated with 2556",0.071,FALSE,"null","null","null","null",999,FALSE,FALSE,FALSE,"null","null","null","null","null",91,0,662159,7,"Leaf vs Root","Leaf","Not selected"
"F5090_mz739.715_rt9.7",-9.32949661006176,12.2107234044235,-2.53502515393979,0.0522479001288043,0.093558987829853,-4.49518429414172,5090,9.699,739.71503,"Unknown","[M+H]+",NA,0.036,FALSE,"null","null","null","null",999,FALSE,FALSE,FALSE,"null","null","null","null","null",28.13,5027,32.2595465393795,14,"Leaf vs Root","Root","Not selected"
"F1701_mz198.1126_rt0.49",1.75813640500582,19.4547116659999,2.53355005982718,0.05234185369002,0.093634336878579,-4.49710647883439,1701,0.493,198.11264,"Unknown","[M+H]+","ion correlated with 2738",0.143,TRUE,"null","null","null","null",999,FALSE,FALSE,FALSE,"null","null","null","null","null",489.82,6481.66666666667,606.395824763472,22,"Leaf vs Root","Leaf","Not selected"
"F2143_mz228.1963_rt1.68",-0.923376105560951,16.2660734870098,-2.53103264831343,0.0525026224456857,0.0938289440737255,-4.50038728229954,2143,1.682,228.19626,"Unknown","[M+H]+",NA,0.143,FALSE,"null","null","null","null",999,FALSE,FALSE,FALSE,"null","null","null","null","null",39.13,26842,9.41869388667437,24,"Leaf vs Root","Root","Not selected"
"F2006_mz218.9839_rt0.39",-0.779572929383643,22.0753500260646,-2.52827491374583,0.052679358258598,0.0940516732510083,-4.50398183607677,2006,0.391,218.9839,"Unknown","[M+H]+","found in higher mz's MsMs_2296",0.857,TRUE,"null","null","null","null",999,FALSE,FALSE,FALSE,"null","null","null","null","null",696.64,0,6654493,24,"Leaf vs Root","Root","Not selected"
"F2818_mz280.2641_rt5.32",-7.9005812298167,10.9316603341915,-2.52004088772562,0.0532109323380324,0.094906850662202,-4.51471782075154,2818,5.32,280.2641,"Unknown","[M+H]+",NA,0.286,TRUE,"null","null","null","null",999,FALSE,FALSE,FALSE,"null","null","null","null","null",18.53,1425.33333333333,558.579107268053,19,"Leaf vs Root","Root","Not selected"
"F4651_mz511.0743_rt0.45",-1.09456299280397,16.1827105931,-2.51749759530407,0.0533763043856397,0.0950902387601625,-4.51803492345412,4651,0.454,511.07434,"Unknown","[M+H]+",NA,0.071,FALSE,"null","null","null","null",999,FALSE,FALSE,FALSE,"null","null","null","null","null",2162.26,0,111141,7,"Leaf vs Root","Root","Not selected"
"F2113_mz227.082_rt1.07",-1.96409814858634,14.7664673246802,-2.51684060693773,0.053419114738396,0.0950902387601625,-4.51889188121538,2113,1.07,227.08199,"Unknown","[M+H]+","ion correlated with 1063; ion correlated with 1222; ion correlated with 2123",0.321,TRUE,"null","null","null","null",999,FALSE,FALSE,FALSE,"null","null","null","null","null",48.68,39153,13.3501302548909,24,"Leaf vs Root","Root","Not selected"
"F3871_mz368.2438_rt1.86",9.08069452154713,12.3582095739983,2.51570548268772,0.0534931694792664,0.0951282472020452,-4.52037258083415,3871,1.861,368.24377,"Unknown","[M+H]+","ion correlated with 3200; ion correlated with 3849; ion correlated with 3978; ion correlated with 3998; ion correlated with 3693; ion correlated with 4050; ion correlated with 4105; ion correlated with 2401; ion correlated with 2581; ion correlated with 3909; ion correlated with 3995; ion correlated with 4917; ion correlated with 4931",0.107,FALSE,"null","null","null","null",999,FALSE,FALSE,FALSE,"null","null","null","null","null",12.23,0,229490,6,"Leaf vs Root","Leaf","Not selected"
"F3576_mz341.2091_rt2.82",10.06198013302,13.8603798918443,2.51384588897434,0.0536147303432054,0.0952135796616039,-4.52279850931261,3576,2.821,341.20908,"Unknown","[M+H]+","ion correlated with 2673; ion correlated with 3354; ion correlated with 3681; ion correlated with 3108",0.107,TRUE,"null","null","null","null",999,FALSE,FALSE,FALSE,"null","null","null","null","null",76.28,0,821664,6,"Leaf vs Root","Leaf","Not selected"
"F2625_mz267.196_rt1.53",1.20282838435276,14.4108751768297,2.51335829486497,0.0536466540254023,0.0952135796616039,-4.52343464064731,2625,1.529,267.19604,"Unknown","[M+H]+","ion correlated with 4332",0.036,FALSE,"null","null","null","null",999,FALSE,FALSE,FALSE,"null","null","null","null","null",18.36,8392.33333333333,13.2103653693407,23,"Leaf vs Root","Leaf","Not selected"
"F37_mz68.9822_rt0.39",-0.702935455508356,19.0108868821224,-2.50869879707928,0.0539527680896889,0.0956628157189474,-4.52951444202237,37,0.389,68.9822,"Unknown","[M+H]+","ion correlated with 202; similar chromatogram in higher mz_691; found in higher mz's MsMs_691; found in higher mz's MsMs_427; found in higher mz's MsMs_1037; found in higher mz's MsMs_964; similar chromatogram in higher mz_131; similar chromatogram in higher mz_186; similar chromatogram in higher mz_222; similar chromatogram in higher mz_238; similar chromatogram in higher mz_266; similar chromatogram in higher mz_343; similar chromatogram in higher mz_538; similar chromatogram in higher mz_1551; similar chromatogram in higher mz_2692; similar chromatogram in higher mz_2822; similar chromatogram in higher mz_3029; similar chromatogram in higher mz_3328; similar chromatogram in higher mz_3457; similar chromatogram in higher mz_3880",0.75,FALSE,"null","null","null","null",999,FALSE,FALSE,FALSE,"null","null","null","null","null",167.67,1823.33333333333,443.138863511785,24,"Leaf vs Root","Root","Not selected"
"F2317_mz243.2112_rt3.55",9.75119992627327,13.4913816358397,2.50125727091773,0.0544456110292281,0.0964419312146779,-4.53922750844941,2317,3.547,243.21117,"Unknown","[M+H]+","ion correlated with 419; ion correlated with 3115; ion correlated with 3702; ion correlated with 3318; ion correlated with 3338; ion correlated with 597; ion correlated with 625; ion correlated with 994; ion correlated with 1190; ion correlated with 1257; ion correlated with 1630; ion correlated with 2448; ion correlated with 2474; ion correlated with 2676; ion correlated with 2746; ion correlated with 2954; ion correlated with 3083; ion correlated with 3504; ion correlated with 3745; ion correlated with 3906; ion correlated with 5005; ion correlated with 5013; ion correlated with 5038; ion correlated with 3515",0.107,FALSE,"null","null","null","null",999,FALSE,FALSE,FALSE,"null","null","null","null","null",17.45,0,950781,5,"Leaf vs Root","Leaf","Not selected"
"F1218_mz165.0608_rt0.4",-0.616603880118929,17.6411005553534,-2.49804109290923,0.0546601318926662,0.096726998104179,-4.5434266413009,1218,0.396,165.06081,"Unknown","[M+H]+",NA,0.107,FALSE,"null","null","null","null",999,FALSE,FALSE,FALSE,"null","null","null","null","null",31.83,12296.3333333333,24.8598612165239,24,"Leaf vs Root","Root","Not selected"
"F4324_mz431.2561_rt5.22",-9.44829684867551,13.1747638302987,-2.49088312170255,0.0551408869180312,0.0974068546133536,-4.55277487207971,4324,5.225,431.25613,"Unknown","[M+H]+","ion correlated with 3002; ion correlated with 4417; ion correlated with 4598; ion correlated with 3548; ion correlated with 4501; ion correlated with 4517",0.071,FALSE,"null","null","null","null",999,FALSE,FALSE,FALSE,"null","null","null","null","null",49.67,0,167671,6,"Leaf vs Root","Root","Not selected"
"F4871_mz607.277_rt1.21",9.7941429120953,13.6553001845246,2.49071480811181,0.0551522467672285,0.0974068546133536,-4.55299473022188,4871,1.21,607.27698,"Unknown","[M+H]+","ion correlated with 3143; ion correlated with 1598; ion correlated with 1870; ion correlated with 3772; ion correlated with 4719; ion correlated with 798; ion correlated with 4929; ion correlated with 4952; ion correlated with 4743; ion correlated with 4792; ion correlated with 4062; ion correlated with 2013; ion correlated with 4381; ion correlated with 4031",0.107,FALSE,"null","null","null","null",999,FALSE,FALSE,FALSE,"null","null","null","null","null",9751.3,0,1006035,5,"Leaf vs Root","Leaf","Not selected"
"F1879_mz210.0974_rt0.48",0.844651910062275,22.1833562972764,2.48907778671868,0.0552628659838947,0.0975068163254446,-4.55513317591921,1879,0.478,210.09737,"Unknown","[M+H]+","ion correlated with 1657; ion correlated with 1621; ion correlated with 1901; ion correlated with 3203; ion correlated with 2771",0.214,TRUE,"null","null","null","null",999,FALSE,FALSE,FALSE,"null","null","null","null","null",1078.43,5455.33333333333,2077.97238682876,15,"Leaf vs Root","Leaf","Not selected"
"F1628_mz193.1226_rt1.07",2.14457072903055,15.8148247752327,2.48575114388089,0.0554884041615276,0.0978091499136302,-4.55947934031712,1628,1.073,193.12263,"Unknown","[M+H]+","ion correlated with 3311; ion correlated with 1088; ion correlated with 4912; ion correlated with 4881; ion correlated with 4938; ion correlated with 4215; ion correlated with 4844; ion correlated with 4348; found in higher mz's MsMs_4722",0.036,FALSE,"null","null","null","null",999,FALSE,FALSE,FALSE,"null","null","null","null","null",20.35,8095.66666666667,83.0754219843557,22,"Leaf vs Root","Leaf","Not selected"
"F5_mz61.0076_rt0.38",-0.613992656448038,20.0776256955279,-2.48046266760567,0.0558490161496703,0.0983487552684438,-4.56639011881293,5,0.38,61.00764,"Unknown","[M+2H]2+","ion correlated with 343; similar chromatogram in higher mz_16; similar chromatogram in higher mz_33; similar chromatogram in higher mz_49; similar chromatogram in higher mz_69; similar chromatogram in higher mz_87; similar chromatogram in higher mz_99; similar chromatogram in higher mz_142; similar chromatogram in higher mz_186; similar chromatogram in higher mz_427; similar chromatogram in higher mz_455; similar chromatogram in higher mz_540; similar chromatogram in higher mz_630; similar chromatogram in higher mz_1735; similar chromatogram in higher mz_2097; similar chromatogram in higher mz_3252; similar chromatogram in higher mz_3434; found in higher mz's MsMs_329",0.5,TRUE,"null","null","null","null",999,FALSE,FALSE,FALSE,"null","null","null","null","null",425.73,24247.3333333333,556.791380850918,24,"Leaf vs Root","Root","Not selected"
"F3125_mz302.1238_rt1.09",10.5861041164327,14.3017323123817,2.47958866839631,0.0559088579729072,0.0983581760634478,-4.56753240733403,3125,1.086,302.12384,"Unknown","[M+H]+",NA,0.036,TRUE,"null","null","null","null",999,FALSE,FALSE,FALSE,"null","null","null","null","null",859.75,0,4880365,17,"Leaf vs Root","Leaf","Not selected"
"F335_mz102.0341_rt7.9",-0.540452821756797,12.8935989498112,-2.47367886160898,0.0563153326747908,0.0989768018286245,-4.5752576554317,335,7.905,102.03412,"Unknown","[M+H]+","ion correlated with 242",0.036,TRUE,"null","null","null","null",999,FALSE,FALSE,FALSE,"null","null","null","null","null",3.38,13407,29.8926760143198,24,"Leaf vs Root","Root","Not selected"
"F2201_mz233.0424_rt0.62",1.39509149986336,18.2161177648159,2.46309360063192,0.0570514453124518,0.100172809575197,-4.58910028182734,2201,0.62,233.04239,"Unknown","[M+H]+","ion correlated with 1902; ion correlated with 1506; ion correlated with 1401",0.107,FALSE,"null","null","null","null",999,FALSE,FALSE,FALSE,"null","null","null","null","null",372.59,28162.6666666667,41.5744517167509,10,"Leaf vs Root","Leaf","Not selected"
"F521_mz116.1072_rt0.9",10.3055365013027,14.4950806177013,2.46152434023012,0.0571614616557156,0.100172809575197,-4.59115305306105,521,0.901,116.10715,"Unknown","[M+H]+","ion correlated with 4069; ion correlated with 4514; ion correlated with 1730; ion correlated with 4880; ion correlated with 278; ion correlated with 1929; ion correlated with 1904; ion correlated with 1114",0.107,TRUE,"null","null","null","null",999,FALSE,FALSE,FALSE,"null","null","null","null","null",113.32,40129.6666666667,38.2226393780318,13,"Leaf vs Root","Leaf","Not selected"
"F3631_mz346.2593_rt1.36",-9.0739603446085,12.7408451662719,-2.46151206038637,0.0571623234695031,0.100172809575197,-4.59116911710572,3631,1.362,346.25928,"Unknown","[M+H]+",NA,0.25,FALSE,"null","null","null","null",999,FALSE,FALSE,FALSE,"null","null","null","null","null",72.2,0,230604,23,"Leaf vs Root","Root","Not selected"
"F2665_mz271.0854_rt0.48",1.74119306241749,16.3412276398897,2.45307005274944,0.0577581500103166,0.101118778631059,-4.6022148672586,2665,0.482,271.08539,"Unknown","[M+H]+",NA,0.25,FALSE,"null","null","null","null",999,FALSE,FALSE,FALSE,"null","null","null","null","null",78.69,943.666666666667,306.330275229358,18,"Leaf vs Root","Leaf","Not selected"
"F3471_mz331.2272_rt5.01",1.79699649160594,14.8097628369698,2.4520431842748,0.0578310844023012,0.101148359831544,-4.60355874946569,3471,5.013,331.22717,"Unknown","[M+H]+","ion correlated with 3481; ion correlated with 3850; ion correlated with 3977",0.036,FALSE,"null","null","null","null",999,FALSE,FALSE,FALSE,"null","null","null","null","null",8.85,0,117546,6,"Leaf vs Root","Leaf","Not selected"
"F1215_mz165.0548_rt0.96",10.4179425641198,14.7068792355757,2.44903928438641,0.0580450146782486,0.101424251204491,-4.60749037852034,1215,0.962,165.05482,"Unknown","[M+H]+",NA,0.25,TRUE,"null","null","null","null",999,FALSE,FALSE,FALSE,"null","null","null","null","null",109.83,3694.33333333333,443.207919898972,23,"Leaf vs Root","Leaf","Not selected"
"F1816_mz205.1953_rt3.93",1.60727691422365,14.9118987894403,2.44191974665813,0.0585554918418979,0.102217275410663,-4.61681089195398,1816,3.929,205.1953,"Unknown","[M+H]+",NA,0.036,FALSE,"null","null","null","null",999,FALSE,FALSE,FALSE,"null","null","null","null","null",5.24,0,122619,15,"Leaf vs Root","Leaf","Not selected"
"F2232_mz236.1049_rt0.75",11.3963709827442,16.1559062231631,2.42768224635164,0.0595910149132627,0.103924426974337,-4.63545874949938,2232,0.748,236.1049,"Unknown","[M+H]+",NA,0.286,TRUE,"null","null","null","null",999,FALSE,FALSE,FALSE,"null","null","null","null","null",482.26,48386,179.56670180007,22,"Leaf vs Root","Leaf","Not selected"
"F2662_mz271.0607_rt1.06",-0.659420959249041,17.319750428827,-2.42626474792206,0.0596951951976728,0.104005624837644,-4.63731597905066,2662,1.06,271.06073,"Unknown","[M+H]+","similar chromatogram in higher mz_3741",0.143,FALSE,"null","null","null","null",999,FALSE,FALSE,FALSE,"null","null","null","null","null",10.25,0,308684,8,"Leaf vs Root","Root","Not selected"
"F2959_mz290.076_rt0.45",-10.8708928999832,15.3029293016983,-2.42541619105959,0.0597576551489659,0.104014047776165,-4.638427825767,2959,0.45,290.07605,"Unknown","[M+2H]2+",NA,0.571,FALSE,"null","null","null","null",999,FALSE,FALSE,FALSE,"null","null","null","null","null",848.06,2696.33333333333,629.037197231834,17,"Leaf vs Root","Root","Not selected"
"F1407_mz177.0912_rt1.19",2.97815555536731,14.3439931421671,2.41989436922429,0.060165836698732,0.104533843272965,-4.64566392871064,1407,1.186,177.09123,"Unknown","[M+H]+","ion correlated with 3991; ion correlated with 3574; ion correlated with 4950; ion correlated with 1221; ion correlated with 4111; ion correlated with 4229; ion correlated with 2037",0.036,FALSE,"null","null","null","null",999,FALSE,FALSE,FALSE,"null","null","null","null","null",14.18,3568.33333333333,45.0204519985058,22,"Leaf vs Root","Leaf","Not selected"
"F1213_mz165.007_rt0.4",-0.977647332204736,18.8297889060523,-2.41980978774246,0.0601721125543548,0.104533843272965,-4.64577478200288,1213,0.395,165.00699,"Unknown","[M+H]+",NA,0.429,FALSE,"null","null","null","null",999,FALSE,FALSE,FALSE,"null","null","null","null","null",46.42,3017.33333333333,219.412810601877,24,"Leaf vs Root","Root","Not selected"
"F1626_mz193.1226_rt2.26",3.08399725550731,14.6692813527138,2.41460693679185,0.0605595264124463,0.105105716513909,-4.65259443209198,1626,2.263,193.12262,"Unknown","[M+H]+",NA,0.071,TRUE,"null","null","null","null",999,FALSE,FALSE,FALSE,"null","null","null","null","null",7.83,1259.66666666667,369.201480698043,24,"Leaf vs Root","Leaf","Not selected"
"F760_mz132.0658_rt0.49",0.98677747689374,17.6218835154244,2.40851230848864,0.06101678514318,0.105797595757387,-4.66058481727558,760,0.486,132.06575,"Unknown","[M+H]+","found in higher mz's MsMs_2223; found in higher mz's MsMs_2992",0.321,FALSE,"null","null","null","null",999,FALSE,FALSE,FALSE,"null","null","null","null","null",19.9,29624,16.6756455696203,24,"Leaf vs Root","Leaf","Not selected"
"F652_mz125.0379_rt0.39",-0.825646998612489,17.7884544571821,-2.40698459535682,0.0611319895858347,0.105895624954349,-4.66258803652094,652,0.389,125.03793,"Unknown","[M+H]+","ion correlated with 883",0.071,FALSE,"null","null","null","null",999,FALSE,FALSE,FALSE,"null","null","null","null","null",16.46,9198.66666666667,65.5434617196275,24,"Leaf vs Root","Root","Not selected"
"F3262_mz313.2381_rt1.45",-7.64120008747993,10.8592868377482,-2.40610280629775,0.0611985922996409,0.105909356760165,-4.66374434060243,3262,1.447,313.23813,"Unknown","[M+H]+","ion correlated with 2784; ion correlated with 3809; ion correlated with 3877",0.036,FALSE,"null","null","null","null",999,FALSE,FALSE,FALSE,"null","null","null","null","null",39.81,1044.33333333333,101.993303571429,19,"Leaf vs Root","Root","Not selected"
"F1016_mz149.0599_rt2.67",-0.760280481901754,16.9481091254957,-2.40419512363534,0.061342951244566,0.106057497123028,-4.66624605245117,1016,2.671,149.05994,"Unknown","[M+H]+",NA,0.107,FALSE,"null","null","null","null",999,FALSE,FALSE,FALSE,"null","null","null","null","null",7.01,6201,31.1462431473718,24,"Leaf vs Root","Root","Not selected"
"F1064_mz153.1275_rt1.16",0.927087647766523,18.9267692415636,2.40224476855768,0.0614909206574305,0.106211590226471,-4.66880391698119,1064,1.163,153.12753,"Unknown","[M+H]+","ion correlated with 4709; ion correlated with 4719; ion correlated with 4743",0.107,TRUE,"null","null","null","null",999,FALSE,FALSE,FALSE,"null","null","null","null","null",68.95,226023.666666667,8.05016119184632,24,"Leaf vs Root","Leaf","Not selected"
"F2562_mz261.1492_rt2.08",8.5497854059109,12.2294647100548,2.39778831772343,0.0618304748726059,0.106695991534468,-4.6746492148814,2562,2.079,261.14923,"Unknown","[M+H]+","ion correlated with 2502; ion correlated with 395; ion correlated with 378; ion correlated with 742; ion correlated with 957; ion correlated with 1497; ion correlated with 1629; ion correlated with 1658; ion correlated with 2022; ion correlated with 1838; ion correlated with 2911; ion correlated with 1351; ion correlated with 1570; ion correlated with 1694; ion correlated with 1719; ion correlated with 1894; ion correlated with 2137; ion correlated with 2318; ion correlated with 2447; ion correlated with 596; ion correlated with 1191; ion correlated with 2158; ion correlated with 4919; ion correlated with 532; ion correlated with 2500; ion correlated with 3522; ion correlated with 3926; ion correlated with 4888; ion correlated with 2394; ion correlated with 56; ion correlated with 1140; ion correlated with 1167; ion correlated with 1258; ion correlated with 1468; ion correlated with 2582; ion correlated with 5039; ion correlated with 3509; ion correlated with 2347; ion correlated with 3824; ion correlated with 3777; ion correlated with 3997; ion correlated with 5027; ion correlated with 4470; ion correlated with 3472",0.036,FALSE,"null","null","null","null",999,FALSE,FALSE,FALSE,"null","null","null","null","null",29.36,0,184326,6,"Leaf vs Root","Leaf","Not selected"
"F1554_mz188.0709_rt1.01",1.12920323428879,21.4499533756847,2.39598985495713,0.0619680811232354,0.106831314639389,-4.67700844755449,1554,1.006,188.07086,"Unknown","[M+H]+","ion correlated with 2155; ion correlated with 1810; similar chromatogram in higher mz_4802; similar chromatogram in higher mz_4029; similar chromatogram in higher mz_3460; similar chromatogram in higher mz_4729",0.571,TRUE,"null","null","null","null",999,FALSE,FALSE,FALSE,"null","null","null","null","null",6184.02,37676.3333333333,1332.12668093991,24,"Leaf vs Root","Leaf","Not selected"
"F4311_mz429.262_rt6.19",0.809853241305684,16.1369107276925,2.39121185904464,0.0623352737780915,0.10736180264261,-4.68327702057057,4311,6.187,429.26202,"Unknown","[M+H]+","ion correlated with 4285; ion correlated with 4429",0.071,TRUE,"null","null","null","null",999,FALSE,FALSE,FALSE,"null","null","null","null","null",41.38,0,247036,8,"Leaf vs Root","Leaf","Not selected"
"F4898_mz620.264_rt6.74",9.37230946273995,13.4467353586914,2.38615302974014,0.0627266161244468,0.107932833274191,-4.6899152419133,4898,6.738,620.26398,"Unknown","[M+H]+","ion correlated with 4939",0.107,TRUE,"null","null","null","null",999,FALSE,FALSE,FALSE,"null","null","null","null","null",9431.45,0,513183,5,"Leaf vs Root","Leaf","Not selected"
"F2293_mz241.1956_rt3.54",8.28858205217047,11.8915449474251,2.37898071566691,0.0632860152782967,0.108697535898865,-4.69932885752921,2293,3.544,241.19565,"Unknown","[M+H]+","ion correlated with 1041; ion correlated with 779; ion correlated with 2014; ion correlated with 2157; ion correlated with 3115; ion correlated with 3702; ion correlated with 376; ion correlated with 741; ion correlated with 1141; ion correlated with 1166; ion correlated with 1379; ion correlated with 1521; ion correlated with 1546; ion correlated with 1693; ion correlated with 1893; ion correlated with 1991; ion correlated with 2563; ion correlated with 3959; ion correlated with 3318; ion correlated with 3338; ion correlated with 956; ion correlated with 397; ion correlated with 597; ion correlated with 625; ion correlated with 1019; ion correlated with 1190; ion correlated with 1257; ion correlated with 1349; ion correlated with 1630; ion correlated with 1752; ion correlated with 2317; ion correlated with 2448; ion correlated with 2474; ion correlated with 2676; ion correlated with 2746; ion correlated with 2954; ion correlated with 3083; ion correlated with 3098; ion correlated with 3118; ion correlated with 3504; ion correlated with 3745; ion correlated with 3906; ion correlated with 5013; ion correlated with 5038; ion correlated with 5047; ion correlated with 4092; ion correlated with 3515; ion correlated with 4188; ion correlated with 3942; ion correlated with 4987; found in higher mz's MsMs_3115; found in higher mz's MsMs_3702; found in higher mz's MsMs_5005; found in higher mz's MsMs_3847; found in higher mz's MsMs_3976",0.036,FALSE,"null","null","null","null",999,FALSE,FALSE,FALSE,"null","null","null","null","null",17.65,451.333333333333,409.881355932203,16,"Leaf vs Root","Leaf","Not selected"
"F3701_mz352.235_rt1.12",-0.523029489962246,16.5098752624005,-2.37891106743671,0.0632914738114723,0.108697535898865,-4.69942028204855,3701,1.123,352.23495,"Unknown","[M+H]+",NA,0.321,FALSE,"null","null","null","null",999,FALSE,FALSE,FALSE,"null","null","null","null","null",29.34,47873.6666666667,6.76441263298613,24,"Leaf vs Root","Root","Not selected"
"F4018_mz385.1131_rt1.07",-9.86083215166565,14.1091051013474,-2.37809285496905,0.0633556376115946,0.108704302175787,-4.70049433428339,4018,1.069,385.1131,"Unknown","[M+H]+",NA,0.107,TRUE,"null","null","null","null",999,FALSE,FALSE,FALSE,"null","null","null","null","null",98.24,0,434731,5,"Leaf vs Root","Root","Not selected"
"F683_mz127.0393_rt1.05",-0.564306095023528,18.0663818779894,-2.3748247252143,0.0636126248216383,0.109041583858554,-4.70478465022616,683,1.048,127.03927,"Unknown","[M+H]+",NA,0.179,TRUE,"null","null","null","null",999,FALSE,FALSE,FALSE,"null","null","null","null","null",160.03,189590.666666667,14.1861562129137,24,"Leaf vs Root","Root","Not selected"
"F1517_mz185.0325_rt0.44",-0.973114469377462,21.9780675922579,-2.36235724143933,0.0646033900251642,0.110634837756567,-4.72115597089674,1517,0.439,185.03252,"Unknown","[M+H]+","ion correlated with 1518",0.321,TRUE,"null","null","null","null",999,FALSE,FALSE,FALSE,"null","null","null","null","null",99.06,51260.3333333333,166.44397336524,24,"Leaf vs Root","Root","Not selected"
"F2461_mz254.9424_rt0.39",0.559849433020332,19.1211789998106,2.35228052879225,0.0654163421855981,0.111920850848346,-4.73439271585618,2461,0.389,254.94244,"Unknown","[M+H]+","ion correlated with 203; ion correlated with 470; ion correlated with 3384; ion correlated with 2057",0.214,FALSE,"null","null","null","null",999,FALSE,FALSE,FALSE,"null","null","null","null","null",8440.42,813.666666666667,1794.97831423895,14,"Leaf vs Root","Leaf","Not selected"
"F986_mz147.0433_rt1.13",4.76445969245143,16.4218919515518,2.34455789591867,0.0660468456009355,0.112892572262963,-4.74453989327457,986,1.132,147.04326,"Unknown","[M+H]+","ion correlated with 3130; found in higher mz's MsMs_3130; found in higher mz's MsMs_4693; found in higher mz's MsMs_2899",0.036,TRUE,"null","null","null","null",999,FALSE,FALSE,FALSE,"null","null","null","null","null",29.02,0,2168364,18,"Leaf vs Root","Leaf","Not selected"
"F21_mz63.0227_rt0.39",-0.487781366203128,18.3214922313173,-2.33044496787327,0.0672160661440877,0.114782402450405,-4.76308939813025,21,0.393,63.02274,"Unknown","[M+H]+","ion correlated with 2852; ion correlated with 2549",0.107,FALSE,"null","null","null","null",999,FALSE,FALSE,FALSE,"null","null","null","null","null",100.45,553.666666666667,1000.59194711538,24,"Leaf vs Root","Root","Not selected"
"F1629_mz193.1227_rt2.07",9.25077329010527,13.4912436804973,2.3280575575112,0.067416052961951,0.115015099807487,-4.76622802281769,1629,2.074,193.12267,"Unknown","[M+H]+","ion correlated with 378; ion correlated with 742; ion correlated with 957; ion correlated with 1018; ion correlated with 1658; ion correlated with 420; ion correlated with 628; ion correlated with 995; ion correlated with 1570; ion correlated with 1694; ion correlated with 1719; ion correlated with 2318; ion correlated with 2447; ion correlated with 2950; ion correlated with 4946; ion correlated with 596; ion correlated with 2394; ion correlated with 56; ion correlated with 1140; ion correlated with 1468; ion correlated with 2582; ion correlated with 3907; ion correlated with 3941; ion correlated with 5004; ion correlated with 5039; ion correlated with 4118; ion correlated with 3777; ion correlated with 3979; similar chromatogram in higher mz_3979",0.107,FALSE,"null","null","null","null",999,FALSE,FALSE,FALSE,"null","null","null","null","null",10.38,2139.66666666667,290.191840548116,16,"Leaf vs Root","Leaf","Not selected"
"F3733_mz355.1736_rt1.17",2.51502286018517,16.5572337445231,2.32710417567901,0.067496094093412,0.115042917694626,-4.76748144706269,3733,1.17,355.17358,"Unknown","[M+H]+","ion correlated with 4167; ion correlated with 4019; ion correlated with 1764; ion correlated with 4640; ion correlated with 4223; ion correlated with 4153; ion correlated with 4192; ion correlated with 3143; ion correlated with 4250; ion correlated with 1598; ion correlated with 1870; ion correlated with 4797; ion correlated with 4792; ion correlated with 2013; ion correlated with 4871",0.107,FALSE,"null","null","null","null",999,FALSE,FALSE,FALSE,"null","null","null","null","null",55.77,0,507571,14,"Leaf vs Root","Leaf","Not selected"
"F966_mz146.0602_rt1.02",0.664289255018954,16.9056281484846,2.32537726354771,0.0676413375826362,0.115181711638357,-4.76975192063772,966,1.018,146.06024,"Unknown","[M+H]+","ion correlated with 1043; ion correlated with 1981; ion correlated with 2181; ion correlated with 1691; found in higher mz's MsMs_1810; found in higher mz's MsMs_1554; similar chromatogram in higher mz_2985; similar chromatogram in higher mz_4178; similar chromatogram in higher mz_2196",0.429,TRUE,"null","null","null","null",999,FALSE,FALSE,FALSE,"null","null","null","null","null",395.56,19105,177.085051816183,24,"Leaf vs Root","Leaf","Not selected"
"F3608_mz345.1451_rt1.02",9.99858257759024,14.62858376624,2.3170076042576,0.0683500578879284,0.116278844946005,-4.78075740099001,3608,1.02,345.14514,"Unknown","[M+H]+","ion correlated with 3191; ion correlated with 1654; ion correlated with 1405; ion correlated with 2793; ion correlated with 4037; ion correlated with 1217; ion correlated with 4207; ion correlated with 3309; ion correlated with 4658; ion correlated with 3664; ion correlated with 1403; ion correlated with 392; ion correlated with 3830; ion correlated with 4649",0.036,FALSE,"null","null","null","null",999,FALSE,FALSE,FALSE,"null","null","null","null","null",67.17,0,1559733,16,"Leaf vs Root","Leaf","Not selected"
"F1197_mz163.5635_rt0.44",-1.81440884653721,16.13945741153,-2.31568162050427,0.0684630700157729,0.116361432559765,-4.78250117738612,1197,0.435,163.56354,"Unknown","[M+H]+","ion correlated with 1312",0.036,FALSE,"null","null","null","null",999,FALSE,FALSE,FALSE,"null","null","null","null","null",102.61,0,124929,6,"Leaf vs Root","Root","Not selected"
"F2624_mz267.1748_rt1.23",8.58767160127759,12.5770932423532,2.304036613154,0.0694642373242453,0.117951974007773,-4.79781760244515,2624,1.232,267.1748,"Unknown","[M+H]+","ion correlated with 3957; ion correlated with 3752; ion correlated with 3910; ion correlated with 4041; ion correlated with 4762; ion correlated with 3224; ion correlated with 4726; ion correlated with 1381; ion correlated with 1635; ion correlated with 3105; ion correlated with 3258; ion correlated with 3816; ion correlated with 4516; ion correlated with 3600; ion correlated with 4688; ion correlated with 2872; ion correlated with 3642; ion correlated with 4381; ion correlated with 1402; ion correlated with 4942; ion correlated with 4954; ion correlated with 3886; ion correlated with 3934; ion correlated with 3495; ion correlated with 4068; ion correlated with 3513; ion correlated with 3321; ion correlated with 4511",0.036,FALSE,"null","null","null","null",999,FALSE,FALSE,FALSE,"null","null","null","null","null",35.75,3160,95.5941157861436,21,"Leaf vs Root","Leaf","Not selected"
"F408_mz108.5367_rt0.41",-1.00419028926001,15.7945052747588,-2.29990528727838,0.0698231965759693,0.118450065619948,-4.8032523904117,408,0.41,108.53668,"Unknown","[M+H]+",NA,0.179,FALSE,"null","null","null","null",999,FALSE,FALSE,FALSE,"null","null","null","null","null",99.67,0,291737,23,"Leaf vs Root","Root","Not selected"
"F259_mz97.0286_rt1.01",1.30039477876081,15.1994131190142,2.29641576816562,0.070127943841646,0.118855341440536,-4.80784324176822,259,1.015,97.02865,"Unknown","[M+H]+","ion correlated with 1542; ion correlated with 1504; found in higher mz's MsMs_650; found in higher mz's MsMs_3013; found in higher mz's MsMs_3243; found in higher mz's MsMs_1504",0.071,FALSE,"null","null","null","null",999,FALSE,FALSE,FALSE,"null","null","null","null","null",45.5,23135.6666666667,17.4035873793402,24,"Leaf vs Root","Leaf","Not selected"
"F4525_mz472.3424_rt4.89",8.60944444682884,12.6114919061124,2.29076654083005,0.0706243357388727,0.119584358357097,-4.8152761098391,4525,4.886,472.34241,"Unknown","[M+H]+","ion correlated with 4418; ion correlated with 4462; ion correlated with 4195; ion correlated with 3104",0.107,TRUE,"null","null","null","null",999,FALSE,FALSE,FALSE,"null","null","null","null","null",18.96,0,270594,5,"Leaf vs Root","Leaf","Not selected"
"F2776_mz277.1286_rt1.51",-2.27171998025647,15.6316099088579,-2.28869471486329,0.0708073294189684,0.119781845924309,-4.81800228039646,2776,1.513,277.12857,"Unknown","[M+H]+","ion correlated with 3074",0.036,TRUE,"null","null","null","null",999,FALSE,FALSE,FALSE,"null","null","null","null","null",48.19,4362.66666666667,53.548315636697,24,"Leaf vs Root","Root","Not selected"
"F218_mz90.0551_rt0.45",0.620335333083347,21.3424124482601,2.27746066000389,0.0718084762102152,0.121361703707339,-4.83278616703696,218,0.448,90.05509,"Unknown","[M+H]+","similar chromatogram in higher mz_1698; similar chromatogram in higher mz_2959",0.607,TRUE,"null","null","null","null",999,FALSE,FALSE,FALSE,"null","null","null","null","null",3716.96,129928.333333333,423.929651502868,24,"Leaf vs Root","Leaf","Not selected"
"F1405_mz177.0548_rt1",9.60048680207218,14.2424288102458,2.27007425730155,0.0724749976905308,0.122373592919933,-4.84250810743495,1405,0.995,177.05484,"Unknown","[M+H]+","ion correlated with 1114; ion correlated with 3191; ion correlated with 4029; ion correlated with 1654; ion correlated with 4201; ion correlated with 3171; ion correlated with 3624; ion correlated with 2793; ion correlated with 3937; ion correlated with 4037; ion correlated with 3608; ion correlated with 1217; ion correlated with 4207; ion correlated with 3309; ion correlated with 4550; ion correlated with 4658; ion correlated with 4257; ion correlated with 4759",0.036,FALSE,"null","null","null","null",999,FALSE,FALSE,FALSE,"null","null","null","null","null",108.38,3433.33333333333,307.527225080074,21,"Leaf vs Root","Leaf","Not selected"
"F540_mz117.9975_rt0.38",-0.498056188810048,15.5646661901579,-2.25639633482269,0.0737268123846293,0.124370931172202,-4.86051369789108,540,0.38,117.99747,"Unknown","[M+H]+",NA,0.143,FALSE,"null","null","null","null",999,FALSE,FALSE,FALSE,"null","null","null","null","null",77.33,0,296601,23,"Leaf vs Root","Root","Not selected"
"F1810_mz205.0975_rt1.01",0.974027231945306,22.1815894534148,2.24135778085634,0.0751299190436758,0.126619518089482,-4.88031392746351,1810,1.006,205.09747,"Unknown","[M+H]+","similar chromatogram in higher mz_4785",0.643,TRUE,"null","null","null","null",999,FALSE,FALSE,FALSE,"null","null","null","null","null",5198.17,71626,1011.79768802267,24,"Leaf vs Root","Leaf","Not selected"
"F3083_mz299.2013_rt3.55",9.55220553234238,14.2496757528837,2.24028597244055,0.0752310040180493,0.126671606578898,-4.88172522160671,3083,3.547,299.20129,"Unknown","[M+H]+","ion correlated with 3115; ion correlated with 3702; ion correlated with 3318; ion correlated with 3338; ion correlated with 1190; ion correlated with 1257; ion correlated with 2317; ion correlated with 2448; ion correlated with 2474; ion correlated with 2676; ion correlated with 2746; ion correlated with 2954; ion correlated with 3504; ion correlated with 3745; ion correlated with 3906; ion correlated with 5005; ion correlated with 5013; ion correlated with 3515",0.107,TRUE,"null","null","null","null",999,FALSE,FALSE,FALSE,"null","null","null","null","null",41.86,0,1551992,6,"Leaf vs Root","Leaf","Not selected"
"F5143_mz782.5704_rt8.94",2.42478042543032,17.4656762700411,2.2308082740866,0.0761312222482538,0.128067899494966,-4.89420546453461,5143,8.938,782.57037,"Unknown","[M+H]+",NA,0.107,TRUE,"null","null","null","null",999,FALSE,FALSE,FALSE,"null","null","null","null","null",190.08,33545,47.2011566207596,24,"Leaf vs Root","Leaf","Not selected"
"F650_mz125.0236_rt1.02",-2.30765126821706,13.2831703196412,-2.22888396227978,0.0763154005439083,0.128258191789343,-4.89673951279995,650,1.019,125.02357,"Unknown","[M+H]+","ion correlated with 1578; ion correlated with 885; similar chromatogram in higher mz_966; similar chromatogram in higher mz_2975; similar chromatogram in higher mz_3144; similar chromatogram in higher mz_4033; similar chromatogram in higher mz_4175; similar chromatogram in higher mz_4321; found in higher mz's MsMs_1504",0.107,TRUE,"null","null","null","null",999,FALSE,FALSE,FALSE,"null","null","null","null","null",304.95,13448,237.297048107666,24,"Leaf vs Root","Root","Not selected"
"F2076_mz223.944_rt0.68",-9.46984947192909,14.2191844951607,-2.22766890994804,0.0764319398070183,0.1283345593969,-4.8983395833922,2076,0.679,223.944,"Unknown","[M+H]+","ion correlated with 2921",0.071,FALSE,"null","null","null","null",999,FALSE,FALSE,FALSE,"null","null","null","null","null",26.92,3923,72.6837410805301,14,"Leaf vs Root","Root","Not selected"
"F179_mz86.0258_rt0.4",-1.09667311708498,15.2279066241854,-2.22228772896533,0.0769503540766477,0.129084934115566,-4.90542606792341,179,0.396,86.02583,"Unknown","[M+H]+",NA,0.107,FALSE,"null","null","null","null",999,FALSE,FALSE,FALSE,"null","null","null","null","null",23.1,0,171503,23,"Leaf vs Root","Root","Not selected"
"F739_mz131.0494_rt1.16",1.06397510548012,17.8868311559214,2.21960717609274,0.0772099937190498,0.129400221599707,-4.90895617279181,739,1.16,131.04941,"Unknown","[M+H]+","ion correlated with 3680; ion correlated with 3971; ion correlated with 4647; ion correlated with 2871; ion correlated with 1189; ion correlated with 4952; ion correlated with 4960; ion correlated with 4807; ion correlated with 4726; ion correlated with 4792; ion correlated with 4062; ion correlated with 4100; ion correlated with 4516; found in higher mz's MsMs_4719; found in higher mz's MsMs_4684",0.107,FALSE,"null","null","null","null",999,FALSE,FALSE,FALSE,"null","null","null","null","null",62.79,0,718695,19,"Leaf vs Root","Leaf","Not selected"
"F4167_mz406.2442_rt1.11",8.77222534915912,13.2222304698179,2.21639267514299,0.07752258524844,0.129803586617286,-4.91318951221023,4167,1.11,406.2442,"Unknown","[M+H]+","ion correlated with 4052; ion correlated with 4770; ion correlated with 1020; ion correlated with 3741; ion correlated with 4035; ion correlated with 3349; ion correlated with 2128; ion correlated with 3757; ion correlated with 4098; ion correlated with 3823; ion correlated with 4486; ion correlated with 4283; ion correlated with 4310; ion correlated with 3491; ion correlated with 4575; ion correlated with 4603; ion correlated with 598; ion correlated with 3140; ion correlated with 3638; ion correlated with 4019; ion correlated with 1764; ion correlated with 4724; ion correlated with 3194; ion correlated with 4640; ion correlated with 3022; ion correlated with 4223; ion correlated with 4647; ion correlated with 4838; ion correlated with 4153; ion correlated with 4639; ion correlated with 4333; ion correlated with 4192; ion correlated with 4307; ion correlated with 2871; ion correlated with 3143; ion correlated with 4250; ion correlated with 4110; ion correlated with 4080; ion correlated with 4341; ion correlated with 3733; ion correlated with 4388",0.107,FALSE,"null","null","null","null",999,FALSE,FALSE,FALSE,"null","null","null","null","null",137.93,0,346019,7,"Leaf vs Root","Leaf","Not selected"
"F2200_mz233.0272_rt0.46",10.0984650146523,15.1968687373191,2.21192527955191,0.0779592575824967,0.130413771952184,-4.91907294714736,2200,0.456,233.02718,"Unknown","[M+H]+","ion correlated with 2989; ion correlated with 1822; ion correlated with 2220; ion correlated with 2176; ion correlated with 851; ion correlated with 2266; ion correlated with 1323; ion correlated with 3203; ion correlated with 2488; ion correlated with 2771",0.036,FALSE,"null","null","null","null",999,FALSE,FALSE,FALSE,"null","null","null","null","null",35.52,6498.33333333333,358.470920094369,7,"Leaf vs Root","Leaf","Not selected"
"F3200_mz307.191_rt1.81",8.11847003176061,12.253195780062,2.20645843864378,0.0784971943833688,0.131108212024099,-4.92627274105473,3200,1.813,307.19095,"Unknown","[M+H]+","ion correlated with 2449; ion correlated with 3849; ion correlated with 3978; ion correlated with 3998; ion correlated with 3871",0.036,FALSE,"null","null","null","null",999,FALSE,FALSE,FALSE,"null","null","null","null","null",21.35,585.333333333333,314.44911881751,10,"Leaf vs Root","Leaf","Not selected"
"F3672_mz349.238_rt2.44",7.97111115870966,12.0374143358943,2.20601615161136,0.0785408881007022,0.131108212024099,-4.92685523459823,3672,2.435,349.23804,"Unknown","[M+H]+","ion correlated with 4965",0.071,FALSE,"null","null","null","null",999,FALSE,FALSE,FALSE,"null","null","null","null","null",12.34,0,120440,5,"Leaf vs Root","Leaf","Not selected"
"F63_mz72.081_rt0.5",0.785200422700004,17.8657640240732,2.20549616362823,0.0785922910859142,0.131108212024099,-4.92754006125423,63,0.503,72.08095,"Unknown","[M+H]+","ion correlated with 2511; ion correlated with 1228; found in higher mz's MsMs_4472; found in higher mz's MsMs_2372; found in higher mz's MsMs_1680",0.429,TRUE,"null","null","null","null",999,FALSE,FALSE,FALSE,"null","null","null","null","null",1441.41,69589.6666666667,516.688842373498,24,"Leaf vs Root","Leaf","Not selected"
"F2071_mz223.1446_rt0.97",-1.15097383353697,14.4406154317196,-2.20279287388522,0.078860100948672,0.13143350158112,-4.93110031733331,2071,0.971,223.14462,"Unknown","[M+H]+","ion correlated with 1780; ion correlated with 928; ion correlated with 2214; ion correlated with 655; ion correlated with 1916; ion correlated with 1499; ion correlated with 855; ion correlated with 2123",0.071,FALSE,"null","null","null","null",999,FALSE,FALSE,FALSE,"null","null","null","null","null",69.03,21499.3333333333,16.6823925210462,24,"Leaf vs Root","Root","Not selected"
"F927_mz144.0811_rt1.04",0.57678634269459,16.1235579946256,2.19941169186666,0.0791964379097073,0.131872297441902,-4.93555338207978,927,1.04,144.0811,"Unknown","[M+H]+","ion correlated with 2245; found in higher mz's MsMs_1981",0.464,FALSE,"null","null","null","null",999,FALSE,FALSE,FALSE,"null","null","null","null","null",139.6,1619,831.933333333333,24,"Leaf vs Root","Leaf","Not selected"
"F3979_mz380.2803_rt2.09",9.92424541453064,15.0035500843355,2.19235509066774,0.0799033127082257,0.132926709159767,-4.94484704752506,3979,2.093,380.2803,"Unknown","[M+H]+","ion correlated with 1018; ion correlated with 2318; ion correlated with 2447; ion correlated with 2950; ion correlated with 3503; ion correlated with 3746; ion correlated with 3907; ion correlated with 4118; ion correlated with 3851",0.107,TRUE,"null","null","null","null",999,FALSE,FALSE,FALSE,"null","null","null","null","null",187.82,0,1818875,5,"Leaf vs Root","Leaf","Not selected"
"F1599_mz191.1434_rt1.38",8.26681719668564,12.5527067406062,2.18722511542824,0.0804214086409181,0.133665416755854,-4.95160328568481,1599,1.379,191.14336,"Unknown","[M+H]+","ion correlated with 2618; ion correlated with 3162; ion correlated with 3382; ion correlated with 1288; ion correlated with 2747; ion correlated with 3870; ion correlated with 4967; ion correlated with 3872; ion correlated with 3655; ion correlated with 3711; ion correlated with 3249; ion correlated with 4926; ion correlated with 4051; ion correlated with 3925; ion correlated with 4972; similar chromatogram in higher mz_3711; similar chromatogram in higher mz_3655; similar chromatogram in higher mz_4657; similar chromatogram in higher mz_5113",0.036,FALSE,"null","null","null","null",999,FALSE,FALSE,FALSE,"null","null","null","null","null",16.4,955.666666666667,210.49756097561,19,"Leaf vs Root","Leaf","Not selected"
"F4107_mz396.3028_rt8.42",1.4874672092233,15.6519892952743,2.18537763153836,0.0806088677684421,0.133853731667008,-4.95403642957031,4107,8.423,396.30276,"Unknown","[M+H]+","ion correlated with 4817",0.071,TRUE,"null","null","null","null",999,FALSE,FALSE,FALSE,"null","null","null","null","null",8.05,431,415.118055555556,14,"Leaf vs Root","Leaf","Not selected"
"F1150_mz160.0428_rt0.78",-2.07040600364805,15.2902841811184,-2.18267490815973,0.0808839436960478,0.134187057326623,-4.95759590808192,1150,0.776,160.04276,"Unknown","[M+H]+",NA,0.036,FALSE,"null","null","null","null",999,FALSE,FALSE,FALSE,"null","null","null","null","null",43.23,0,169653,18,"Leaf vs Root","Root","Not selected"
"F1943_mz215.0821_rt1.04",-8.43352974437254,12.6036832457857,-2.18032114836739,0.0811243165287962,0.134413241924786,-4.96069577999621,1943,1.042,215.08211,"Unknown","[M+H]+","ion correlated with 2288",0.214,TRUE,"null","null","null","null",999,FALSE,FALSE,FALSE,"null","null","null","null","null",90.88,16855,79.5115092548647,23,"Leaf vs Root","Root","Not selected"
"F1616_mz192.9989_rt0.43",-8.58079564969758,13.042174482145,-2.17988231593877,0.0811692153451617,0.134413241924786,-4.96127371411037,1616,0.431,192.99886,"Unknown","[M+H]+","ion correlated with 1944; ion correlated with 1590; ion correlated with 1226; ion correlated with 1266; ion correlated with 4538; ion correlated with 2151",0.393,FALSE,"null","null","null","null",999,FALSE,FALSE,FALSE,"null","null","null","null","null",107.77,0,930399,18,"Leaf vs Root","Root","Not selected"
"F1373_mz175.0603_rt0.48",1.0495950437704,17.8557017938321,2.17899996887875,0.0812595720364676,0.134439530271149,-4.96243574598449,1373,0.476,175.0603,"Unknown","[M+H]+","ion correlated with 2903",0.107,FALSE,"null","null","null","null",999,FALSE,FALSE,FALSE,"null","null","null","null","null",67.92,16881.3333333333,37.1734752305171,24,"Leaf vs Root","Leaf","Not selected"
"F1622_mz193.0862_rt4.9",7.77007810438074,11.8369570894768,2.17468472683128,0.0817030172078753,0.135049401154043,-4.96811876726628,1622,4.903,193.08624,"Unknown","[M+H]+","ion correlated with 4418; ion correlated with 4462; ion correlated with 4525; ion correlated with 4195; ion correlated with 3104; ion correlated with 4304; similar chromatogram in higher mz_4418",0.036,FALSE,"null","null","null","null",999,FALSE,FALSE,FALSE,"null","null","null","null","null",18.19,0,119857,5,"Leaf vs Root","Leaf","Not selected"
"F3521_mz335.2584_rt8.95",8.37856017598931,12.7718632477339,2.170519471713,0.0821334896881685,0.135636732742126,-4.97360415282174,3521,8.949,335.25842,"Unknown","[M+H]+","ion correlated with 4781; ion correlated with 3728; ion correlated with 264; ion correlated with 451; ion correlated with 4885; ion correlated with 4822; ion correlated with 5135; ion correlated with 5153; ion correlated with 5126",0.107,TRUE,"null","null","null","null",999,FALSE,FALSE,FALSE,"null","null","null","null","null",7.14,0,230883,6,"Leaf vs Root","Leaf","Not selected"
"F1024_mz149.1326_rt1.44",-7.70109848821014,11.6757410762035,-2.16932929010592,0.0822569352976281,0.135716424325611,-4.97517152648802,1024,1.44,149.13264,"Unknown","[M+H]+","ion correlated with 2784; ion correlated with 3877; similar chromatogram in higher mz_3713; similar chromatogram in higher mz_3657; similar chromatogram in higher mz_1919; similar chromatogram in higher mz_3027; similar chromatogram in higher mz_2784; similar chromatogram in higher mz_3262; similar chromatogram in higher mz_3809; similar chromatogram in higher mz_3877",0.179,FALSE,"null","null","null","null",999,FALSE,FALSE,FALSE,"null","null","null","null","null",25.84,590.666666666667,365.327323943662,21,"Leaf vs Root","Root","Not selected"
"F192_mz87.5344_rt0.39",-0.64625547786127,18.0579174482322,-2.16350751863526,0.0828636156525481,0.136562255736694,-4.98283816583546,192,0.39,87.53439,"Unknown","[M+H]+",NA,0.75,FALSE,"null","null","null","null",999,FALSE,FALSE,FALSE,"null","null","null","null","null",493.12,856,670.150525087515,24,"Leaf vs Root","Root","Not selected"
"F1743_mz201.0358_rt0.43",-8.87349247283463,13.4782571796079,-2.16296011097118,0.0829209043143584,0.136562255736694,-4.98355902663584,1743,0.428,201.0358,"Unknown","[M+H]+",NA,0.036,FALSE,"null","null","null","null",999,FALSE,FALSE,FALSE,"null","null","null","null","null",10.82,0,168594,22,"Leaf vs Root","Root","Not selected"
"F4038_mz388.1971_rt1.15",2.51148491420202,15.9028355926654,2.16012788359631,0.0832179819540551,0.13692657924072,-4.98728863465837,4038,1.154,388.19711,"Unknown","[M+H]+","ion correlated with 4844; ion correlated with 4348; ion correlated with 1625; ion correlated with 4061; ion correlated with 4076; ion correlated with 1665",0.071,FALSE,"null","null","null","null",999,FALSE,FALSE,FALSE,"null","null","null","null","null",102.11,0,927857,15,"Leaf vs Root","Leaf","Not selected"
"F1910_mz213.0761_rt0.97",8.52662655583567,12.9794684416419,2.15681236155477,0.0835671893059359,0.137375935061215,-4.99165456084003,1910,0.966,213.07605,"Unknown","[M+H]+","similar chromatogram in higher mz_4414; found in higher mz's MsMs_4414",0.107,FALSE,"null","null","null","null",999,FALSE,FALSE,FALSE,"null","null","null","null","null",54.87,5392,85.1895049137771,21,"Leaf vs Root","Leaf","Not selected"
"F2032_mz220.9814_rt0.39",-0.709542115336336,20.1295385927286,-2.14804618686878,0.0844979975579856,0.138779695716255,-5.003197351037,2032,0.392,220.98143,"Unknown","[M+H]+","ion correlated with 1735; ion correlated with 772",0.643,FALSE,"null","null","null","null",999,FALSE,FALSE,FALSE,"null","null","null","null","null",181.23,2295.66666666667,776.393904208999,24,"Leaf vs Root","Root","Not selected"
"F3939_mz376.1761_rt1.41",2.02403620498878,15.0095817726219,2.14519132249167,0.0848035005607309,0.139147174015987,-5.00695624804803,3939,1.409,376.17609,"Unknown","[M+H]+","ion correlated with 3773",0.036,FALSE,"null","null","null","null",999,FALSE,FALSE,FALSE,"null","null","null","null","null",27.6,0,449341,9,"Leaf vs Root","Leaf","Not selected"
"F2472_mz255.211_rt5.34",7.93560452652093,12.1885252493459,2.14451616038291,0.0848759216573969,0.139147174015987,-5.00784519218724,2472,5.343,255.21101,"Unknown","[M+H]+","ion correlated with 5052; ion correlated with 4870; ion correlated with 2913; ion correlated with 3425",0.071,FALSE,"null","null","null","null",999,FALSE,FALSE,FALSE,"null","null","null","null","null",4.31,0,151769,5,"Leaf vs Root","Leaf","Not selected"
"F2128_mz227.1645_rt1.07",8.78138526859335,13.4896315021163,2.13911179432488,0.0854579871447326,0.139974289288786,-5.01496053067464,2128,1.073,227.16451,"Unknown","[M+H]+","ion correlated with 3937; ion correlated with 4037; ion correlated with 4247; ion correlated with 4207; ion correlated with 3309; ion correlated with 4550; ion correlated with 4658; ion correlated with 4668; ion correlated with 4694; ion correlated with 4152; ion correlated with 4052; ion correlated with 1020; ion correlated with 3741; ion correlated with 4035; ion correlated with 2094; ion correlated with 4486; ion correlated with 3491; ion correlated with 1040; ion correlated with 3638; ion correlated with 4167; ion correlated with 4019; ion correlated with 1747; ion correlated with 1764; ion correlated with 3971; ion correlated with 4724; ion correlated with 3194; ion correlated with 4640; ion correlated with 4223; similar chromatogram in higher mz_3699",0.071,FALSE,"null","null","null","null",999,FALSE,FALSE,FALSE,"null","null","null","null","null",56.27,8746,54.4580999199726,16,"Leaf vs Root","Leaf","Not selected"
"F4223_mz414.2338_rt1.13",8.47083193941213,13.0691949591858,2.13828953710756,0.0855469166140803,0.139992914314066,-5.01604306531889,4223,1.13,414.23376,"Unknown","[M+H]+","ion correlated with 3349; ion correlated with 2128; ion correlated with 4649; ion correlated with 4486; ion correlated with 4283; ion correlated with 4310; ion correlated with 3491; ion correlated with 4603; ion correlated with 598; ion correlated with 4597; ion correlated with 3638; ion correlated with 4167; ion correlated with 4019; ion correlated with 1764; ion correlated with 4724; ion correlated with 3194; ion correlated with 4640; ion correlated with 3022; ion correlated with 4647; ion correlated with 4153; ion correlated with 4639; ion correlated with 4333; ion correlated with 4192; ion correlated with 4307; ion correlated with 3143; ion correlated with 4250; ion correlated with 4110; ion correlated with 4080; ion correlated with 4341; ion correlated with 3733; ion correlated with 4388; ion correlated with 2740; ion correlated with 4166; ion correlated with 4952; ion correlated with 3957; ion correlated with 4960; ion correlated with 4041; ion correlated with 3635; ion correlated with 4797; ion correlated with 4656; ion correlated with 4789; ion correlated with 4803; ion correlated with 4806",0.107,FALSE,"null","null","null","null",999,FALSE,FALSE,FALSE,"null","null","null","null","null",63.91,0,312298,13,"Leaf vs Root","Leaf","Not selected"
"F3854_mz366.865_rt0.41",-0.546490217336518,17.4256358206542,-2.13314527038362,0.086105513287183,0.14077939445957,-5.02281543180172,3854,0.411,366.86505,"Unknown","[M+H]+",NA,0.357,FALSE,"null","null","null","null",999,FALSE,FALSE,FALSE,"null","null","null","null","null",1820.45,0,269870,24,"Leaf vs Root","Root","Not selected"
"F1406_mz177.0761_rt0.46",0.470715337787432,18.0465138812891,2.13230095546018,0.086197562663779,0.140802353491512,-5.02392691666697,1406,0.462,177.07613,"Unknown","[M+H]+",NA,0.143,FALSE,"null","null","null","null",999,FALSE,FALSE,FALSE,"null","null","null","null","null",75.3,10337.3333333333,54.2813799774303,14,"Leaf vs Root","Leaf","Not selected"
"F1819_mz205.1954_rt4.69",8.40853740402622,12.9280412773026,2.13151057323378,0.0862838265728657,0.140815829081395,-5.02496739055214,1819,4.689,205.19536,"Unknown","[M+H]+","ion correlated with 5097; ion correlated with 5103; ion correlated with 3864",0.107,FALSE,"null","null","null","null",999,FALSE,FALSE,FALSE,"null","null","null","null","null",20.69,0,349581,6,"Leaf vs Root","Leaf","Not selected"
"F2976_mz291.196_rt2.54",0.763009799953618,17.056315250501,2.12512759353377,0.0869838354870844,0.1418300117924,-5.03336961472187,2976,2.536,291.19598,"Unknown","[M+H]+","ion correlated with 3670",0.107,TRUE,"null","null","null","null",999,FALSE,FALSE,FALSE,"null","null","null","null","null",70.22,782,434.39846743295,19,"Leaf vs Root","Leaf","Not selected"
"F761_mz132.0812_rt1.01",1.10123709330068,15.4491113207582,2.11487094314819,0.0881212736621661,0.143554962960478,-5.04686911074026,761,1.007,132.08116,"Unknown","[M+H]+","ion correlated with 95; ion correlated with 3778; ion correlated with 3900; ion correlated with 3785; ion correlated with 916; ion correlated with 3393; ion correlated with 2698; ion correlated with 61; ion correlated with 3197; ion correlated with 1392; ion correlated with 2672; ion correlated with 4022; ion correlated with 3786; ion correlated with 3587; ion correlated with 3129; ion correlated with 3160; ion correlated with 2526; ion correlated with 2633; found in higher mz's MsMs_1810",0.286,TRUE,"null","null","null","null",999,FALSE,FALSE,FALSE,"null","null","null","null","null",42.52,1693.33333333333,456.878221522723,24,"Leaf vs Root","Leaf","Not selected"
"F417_mz109.0469_rt0.41",-1.05138263112996,16.2341371701785,-2.1077546489226,0.0889196850525016,0.144725005878959,-5.05623388731129,417,0.406,109.04688,"Unknown","[M+H]+","ion correlated with 3810",0.179,FALSE,"null","null","null","null",999,FALSE,FALSE,FALSE,"null","null","null","null","null",49.15,4283.66666666667,91.7042165862766,24,"Leaf vs Root","Root","Not selected"
"F4076_mz392.2287_rt1.18",8.51441323032932,13.1083838853732,2.10680343966014,0.0890269834104041,0.144769103653855,-5.05748554403112,4076,1.183,392.22867,"Unknown","[M+H]+","ion correlated with 4038; ion correlated with 396; ion correlated with 1625; ion correlated with 4061; ion correlated with 1665; similar chromatogram in higher mz_4960; similar chromatogram in higher mz_4762; similar chromatogram in higher mz_4473",0.107,FALSE,"null","null","null","null",999,FALSE,FALSE,FALSE,"null","null","null","null","null",17.38,0,946587,9,"Leaf vs Root","Leaf","Not selected"
"F2097_mz225.987_rt0.38",-0.462799241439495,19.0387782416225,-2.10347031450413,0.0894040469877428,0.145204273690209,-5.06187127196887,2097,0.384,225.98697,"Unknown","[M+H]+",NA,0.643,FALSE,"null","null","null","null",999,FALSE,FALSE,FALSE,"null","null","null","null","null",136.94,3931.33333333333,209.468763244893,24,"Leaf vs Root","Root","Not selected"
"F4052_mz389.2175_rt1.05",8.77233068763483,13.6718876238432,2.10301675982239,0.089455486062888,0.145204273690209,-5.06246803584432,4052,1.055,389.2175,"Unknown","[M+H]+","ion correlated with 1405; ion correlated with 4483; ion correlated with 3624; ion correlated with 4037; ion correlated with 3608; ion correlated with 4687; ion correlated with 4247; ion correlated with 3662; ion correlated with 3961; ion correlated with 4207; ion correlated with 4550; ion correlated with 4668; ion correlated with 3741; ion correlated with 2094; ion correlated with 2128; ion correlated with 392; ion correlated with 3757; ion correlated with 3830; ion correlated with 3638; ion correlated with 4167; ion correlated with 4019",0.107,FALSE,"null","null","null","null",999,FALSE,FALSE,FALSE,"null","null","null","null","null",76.22,0,584991,15,"Leaf vs Root","Leaf","Not selected"
"F4395_mz445.0871_rt0.45",-9.64216458201683,15.1079133404556,-2.09074453782415,0.0908592391247195,0.147350338382856,-5.07861291103674,4395,0.454,445.08713,"Unknown","[M+H]+",NA,0.107,FALSE,"null","null","null","null",999,FALSE,FALSE,FALSE,"null","null","null","null","null",10223.7,0,552954,16,"Leaf vs Root","Root","Not selected"
"F1099_mz156.1384_rt0.5",-0.520924657593474,25.7899015860074,-2.08309995409103,0.0917453877914623,0.148653882373061,-5.08866744764957,1099,0.499,156.13838,"Unknown","[M+H]+","found in higher mz's MsMs_1942",0.214,TRUE,"null","null","null","null",999,FALSE,FALSE,FALSE,"null","null","null","null","null",6034.52,7618.33333333333,11987.6998425059,12,"Leaf vs Root","Root","Not selected"
"F856_mz139.1119_rt3.54",0.93796844534635,15.5659236756988,2.08065822491523,0.0920303446528856,0.148846829273716,-5.0918785147326,856,3.544,139.11194,"Unknown","[M+H]+","ion correlated with 1041; ion correlated with 419; ion correlated with 779; ion correlated with 2157; ion correlated with 376; ion correlated with 1379; ion correlated with 2563; ion correlated with 956; ion correlated with 397; ion correlated with 597; ion correlated with 625; ion correlated with 994; ion correlated with 1019; ion correlated with 1190; ion correlated with 1257; ion correlated with 1349; ion correlated with 1630; ion correlated with 1752; ion correlated with 2317; ion correlated with 2448; ion correlated with 2474; ion correlated with 2954; ion correlated with 3083; ion correlated with 3098; ion correlated with 3118; ion correlated with 3504; ion correlated with 5005; ion correlated with 5038; ion correlated with 5047; ion correlated with 3515",0.036,FALSE,"null","null","null","null",999,FALSE,FALSE,FALSE,"null","null","null","null","null",10.08,20489.6666666667,10.5933107756377,24,"Leaf vs Root","Leaf","Not selected"
"F1233_mz166.0865_rt1.1",0.616177416592714,16.5116125331253,2.07999232559617,0.0921082187153967,0.148846829273716,-5.09275418882076,1233,1.105,166.08655,"Unknown","[M+H]+","ion correlated with 764",0.357,TRUE,"null","null","null","null",999,FALSE,FALSE,FALSE,"null","null","null","null","null",699.68,25679.6666666667,332.069105163417,24,"Leaf vs Root","Leaf","Not selected"
"F2744_mz275.1646_rt2.7",8.65065926194679,13.5672927489513,2.07996119883895,0.0921118605533191,0.148846829273716,-5.09279512089364,2744,2.697,275.16455,"Unknown","[M+H]+","ion correlated with 3517; similar chromatogram in higher mz_2995",0.107,TRUE,"null","null","null","null",999,FALSE,FALSE,FALSE,"null","null","null","null","null",44.12,0,724152,7,"Leaf vs Root","Leaf","Not selected"
"F1764_mz202.0898_rt1.12",8.5849615277185,13.4928585242479,2.07661920350379,0.0925037583293137,0.149346407678364,-5.09718968464928,1764,1.12,202.08984,"Unknown","[M+H]+","ion correlated with 1020; ion correlated with 4035; ion correlated with 2094; ion correlated with 3349; ion correlated with 2128; ion correlated with 799; ion correlated with 4338; ion correlated with 4486; ion correlated with 2012; ion correlated with 4283; ion correlated with 3491; ion correlated with 4678; ion correlated with 3680; ion correlated with 4167; ion correlated with 4019; ion correlated with 1747; ion correlated with 4640; ion correlated with 4223; ion correlated with 4153; ion correlated with 4639; ion correlated with 4192; ion correlated with 3898; ion correlated with 3143; ion correlated with 4250; ion correlated with 1598; ion correlated with 1870; ion correlated with 3772; ion correlated with 4341; ion correlated with 3733; ion correlated with 4952; ion correlated with 4960; similar chromatogram in higher mz_4724; similar chromatogram in higher mz_3971; similar chromatogram in higher mz_4739; similar chromatogram in higher mz_4640",0.107,FALSE,"null","null","null","null",999,FALSE,FALSE,FALSE,"null","null","null","null","null",93.65,0,504334,17,"Leaf vs Root","Leaf","Not selected"
"F1476_mz182.0814_rt0.52",1.41945384529055,18.7330168772092,2.07193708368859,0.0930557601938228,0.150103348659383,-5.10334575915092,1476,0.518,182.08141,"Unknown","[M+H]+",NA,0.393,TRUE,"null","null","null","null",999,FALSE,FALSE,FALSE,"null","null","null","null","null",575.01,11555,1018.96659743856,24,"Leaf vs Root","Leaf","Not selected"
"F1440_mz180.0868_rt0.56",-0.535420260296105,19.4638615420017,-2.06733204482202,0.0936020567609044,0.150849743261993,-5.10939967345692,1440,0.565,180.08685,"Unknown","[M+H]+","ion correlated with 1185; ion correlated with 1699",0.393,TRUE,"null","null","null","null",999,FALSE,FALSE,FALSE,"null","null","null","null","null",187.63,88954,38.3981001630038,24,"Leaf vs Root","Root","Not selected"
"F2769_mz277.0093_rt0.4",-0.574656236643243,16.5707619703109,-2.06650498912517,0.093700527377102,0.150873730522452,-5.11048685626299,2769,0.399,277.00928,"Unknown","[M+H]+",NA,0.143,FALSE,"null","null","null","null",999,FALSE,FALSE,FALSE,"null","null","null","null","null",269.97,0,438441,24,"Leaf vs Root","Root","Not selected"
"F3375_mz321.2428_rt2.29",8.2374107983373,12.9949324650981,2.0609149487599,0.0943689497699228,0.151814576055892,-5.1178343620021,3375,2.293,321.24283,"Unknown","[M+H]+","ion correlated with 3154; ion correlated with 3596; ion correlated with 3282",0.107,TRUE,"null","null","null","null",999,FALSE,FALSE,FALSE,"null","null","null","null","null",51.56,6698,37.7069711897298,15,"Leaf vs Root","Leaf","Not selected"
"F1228_mz166.0534_rt0.46",-0.725628382014323,17.0238411650833,-2.05930509578555,0.0945623743033425,0.15199028104856,-5.11995010095286,1228,0.461,166.05345,"Unknown","[M+H]+","ion correlated with 992; ion correlated with 582; ion correlated with 2511; ion correlated with 63; similar chromatogram in higher mz_1266; similar chromatogram in higher mz_1505; similar chromatogram in higher mz_2215; similar chromatogram in higher mz_2227; similar chromatogram in higher mz_2409; similar chromatogram in higher mz_3511; similar chromatogram in higher mz_4315; similar chromatogram in higher mz_4643; similar chromatogram in higher mz_4669; similar chromatogram in higher mz_4925; similar chromatogram in higher mz_5033",0.464,TRUE,"null","null","null","null",999,FALSE,FALSE,FALSE,"null","null","null","null","null",2691.75,10217.3333333333,3827.21327679008,23,"Leaf vs Root","Root","Not selected"
"F567_mz119.0494_rt1.03",8.37159478262783,13.2527239266978,2.05580733297815,0.0949840694578075,0.152532246771657,-5.12454663371833,567,1.027,119.04938,"Unknown","[M+H]+","ion correlated with 4483; ion correlated with 3535; ion correlated with 3937; ion correlated with 4387; ion correlated with 4550; ion correlated with 4668; ion correlated with 4257; ion correlated with 4565; ion correlated with 1020; ion correlated with 4557; ion correlated with 3349; found in higher mz's MsMs_987; found in higher mz's MsMs_3562",0.036,FALSE,"null","null","null","null",999,FALSE,FALSE,FALSE,"null","null","null","null","null",9.73,0,339990,8,"Leaf vs Root","Leaf","Not selected"
"F3742_mz357.1831_rt4.53",7.49031462931641,11.8009450207617,2.050048971292,0.0956826142759105,0.153517438904905,-5.13211273368865,3742,4.53,357.18314,"Unknown","[M+H]+","ion correlated with 4586; ion correlated with 3682; ion correlated with 2527; ion correlated with 2710; ion correlated with 2877; ion correlated with 3526; ion correlated with 3827; ion correlated with 3114",0.036,FALSE,"null","null","null","null",999,FALSE,FALSE,FALSE,"null","null","null","null","null",26.07,0,144338,13,"Leaf vs Root","Leaf","Not selected"
"F4693_mz528.2446_rt1.11",9.06038046686442,14.316871399554,2.03852852346341,0.0970963924944937,0.155647414256271,-5.14724524179504,4693,1.107,528.24463,"Unknown","[M+H]+","ion correlated with 3664; ion correlated with 3962; ion correlated with 392; ion correlated with 3830; ion correlated with 3823; ion correlated with 4739; ion correlated with 4510; ion correlated with 4250",0.107,TRUE,"null","null","null","null",999,FALSE,FALSE,FALSE,"null","null","null","null","null",15860.01,0,1001476,8,"Leaf vs Root","Leaf","Not selected"
"F3834_mz365.1059_rt0.47",-1.03636423475854,21.1739056352355,-2.03778610074841,0.0971882502869627,0.155656425703609,-5.14822022071688,3834,0.473,365.10587,"Unknown","[M+H]+",NA,0.607,TRUE,"null","null","null","null",999,FALSE,FALSE,FALSE,"null","null","null","null","null",6987.83,0,16643077,18,"Leaf vs Root","Root","Not selected"
"F1624_mz193.1225_rt2.85",7.06377803408439,11.0233075278731,2.03470506111062,0.0975704330959197,0.156129992675652,-5.15226607017187,1624,2.847,193.12251,"Unknown","[M+H]+","ion correlated with 3538",0.036,FALSE,"null","null","null","null",999,FALSE,FALSE,FALSE,"null","null","null","null","null",3.66,1959.66666666667,64.2398843930636,19,"Leaf vs Root","Leaf","Not selected"
"F2249_mz237.9958_rt0.84",-8.50846680766361,13.5975325892451,-2.03269454493679,0.0978206736538894,0.156276490229598,-5.15490590910463,2249,0.845,237.99579,"Unknown","[M+H]+",NA,0.036,FALSE,"null","null","null","null",999,FALSE,FALSE,FALSE,"null","null","null","null","null",28.79,2361.66666666667,62.256348758465,14,"Leaf vs Root","Root","Not selected"
"F3353_mz319.2271_rt1.67",8.35792935264267,13.3505288207462,2.03240439908543,0.0978568424000413,0.156276490229598,-5.15528685802549,3353,1.672,319.22714,"Unknown","[M+H]+","ion correlated with 3747; ion correlated with 4992; ion correlated with 3671; ion correlated with 3320; ion correlated with 3704; ion correlated with 2119; ion correlated with 2951; ion correlated with 2677; ion correlated with 3109; ion correlated with 3259; ion correlated with 3612; ion correlated with 4145; ion correlated with 2585",0.071,TRUE,"null","null","null","null",999,FALSE,FALSE,FALSE,"null","null","null","null","null",23.51,1067.33333333333,358.628705148206,13,"Leaf vs Root","Leaf","Not selected"
"F2740_mz275.092_rt1.17",8.04728186883982,12.8342248499485,2.03188420618137,0.0979217232408176,0.156276490229598,-5.15596983789353,2740,1.172,275.09198,"Unknown","[M+H]+","ion correlated with 4019; ion correlated with 1764; ion correlated with 3194; ion correlated with 4640; ion correlated with 3022; ion correlated with 2690; ion correlated with 4223; ion correlated with 5140; ion correlated with 4647; ion correlated with 4153; ion correlated with 3574; ion correlated with 4639; ion correlated with 4677; ion correlated with 4333; ion correlated with 4192; ion correlated with 4307; ion correlated with 3143; ion correlated with 4250; ion correlated with 4950; ion correlated with 4110; ion correlated with 4080; ion correlated with 4353; ion correlated with 4341; ion correlated with 3733; ion correlated with 4388; ion correlated with 4166; ion correlated with 4206; ion correlated with 1221; ion correlated with 4952; ion correlated with 3957; ion correlated with 4960; ion correlated with 4041; ion correlated with 3635; ion correlated with 4229; ion correlated with 4797; ion correlated with 4656; ion correlated with 4789; ion correlated with 4803; ion correlated with 4806; ion correlated with 3224; ion correlated with 4792; ion correlated with 4937; ion correlated with 1381; ion correlated with 1635; ion correlated with 4100; ion correlated with 2013; ion correlated with 4871; ion correlated with 3600; ion correlated with 4825; ion correlated with 4381; ion correlated with 3563",0.036,FALSE,"null","null","null","null",999,FALSE,FALSE,FALSE,"null","null","null","null","null",122.62,0,240324,11,"Leaf vs Root","Leaf","Not selected"
"F2475_mz255.2111_rt2.86",7.73108384768889,12.2330658832012,2.03036605942237,0.0981113313233961,0.156328943884951,-5.15796298694731,2475,2.863,255.21112,"Unknown","[M+H]+","ion correlated with 3322; ion correlated with 2675; ion correlated with 1753; ion correlated with 3082",0.071,FALSE,"null","null","null","null",999,FALSE,FALSE,FALSE,"null","null","null","null","null",6.11,0,184783,6,"Leaf vs Root","Leaf","Not selected"
"F617_mz123.0405_rt0.39",-0.636374906218037,20.7320382963402,-2.03023427988313,0.0981278079898335,0.156328943884951,-5.15813599240568,617,0.391,123.0405,"Unknown","[M+H]+",NA,0.821,FALSE,"null","null","null","null",999,FALSE,FALSE,FALSE,"null","null","null","null","null",92.57,61496,86.2093272842578,24,"Leaf vs Root","Root","Not selected"
"F1759_mz202.0302_rt0.42",1.39663103248635,16.4336483306915,2.02248488423416,0.0991018455779493,0.15774147378148,-5.16830808702971,1759,0.416,202.03017,"Unknown","[M+H]+","ion correlated with 1230",0.107,FALSE,"null","null","null","null",999,FALSE,FALSE,FALSE,"null","null","null","null","null",66.59,0,346293,14,"Leaf vs Root","Leaf","Not selected"
"F1785_mz203.1394_rt0.91",-0.890369307216429,16.3498974846272,-2.02079361450216,0.0993157674231433,0.157904912039042,-5.17052766651459,1785,0.906,203.13937,"Unknown","[M+H]+","ion correlated with 2559; ion correlated with 1569; ion correlated with 737; ion correlated with 2359; ion correlated with 2018",0.393,TRUE,"null","null","null","null",999,FALSE,FALSE,FALSE,"null","null","null","null","null",773.64,2040,2821.37187653111,24,"Leaf vs Root","Root","Not selected"
"F2898_mz287.0554_rt1.31",8.44983026232807,13.5512478192734,2.02029055699653,0.0993794903470092,0.157904912039042,-5.17118783583623,2898,1.311,287.05545,"Unknown","[M+H]+","ion correlated with 3284; ion correlated with 4031; ion correlated with 4416; ion correlated with 3321; ion correlated with 3080; ion correlated with 4842; ion correlated with 4908; ion correlated with 3162; ion correlated with 3382; ion correlated with 3571; ion correlated with 3726; ion correlated with 1868; ion correlated with 3795; ion correlated with 4977; ion correlated with 3872; ion correlated with 2752; ion correlated with 3000; found in higher mz's MsMs_4842",0.036,FALSE,"null","null","null","null",999,FALSE,FALSE,FALSE,"null","null","null","null","null",201.36,0,510101,5,"Leaf vs Root","Leaf","Not selected"
"F4552_mz479.2772_rt5.04",8.28234003997681,13.1399866897285,2.01644480368581,0.0998680527605169,0.158541631691058,-5.17623420176021,4552,5.044,479.27725,"Unknown","[M+H]+","ion correlated with 4455",0.107,TRUE,"null","null","null","null",999,FALSE,FALSE,FALSE,"null","null","null","null","null",38.22,0,559412,5,"Leaf vs Root","Leaf","Not selected"
"F2138_mz228.1149_rt3.54",7.1507049951184,11.4058109061443,2.01287175748428,0.100324222592749,0.159125853936653,-5.18092196738621,2138,3.544,228.11493,"Unknown","[M+H]+","ion correlated with 376; ion correlated with 741; ion correlated with 1141; ion correlated with 1166; ion correlated with 1521; ion correlated with 1546; ion correlated with 1893; ion correlated with 2293; ion correlated with 2563; ion correlated with 3959; ion correlated with 956; ion correlated with 1752; ion correlated with 3942; ion correlated with 4987",0.036,FALSE,"null","null","null","null",999,FALSE,FALSE,FALSE,"null","null","null","null","null",14.34,0,116975,6,"Leaf vs Root","Leaf","Not selected"
"F4165_mz406.2077_rt1.05",8.94581465871211,14.2800370203442,2.0074575962657,0.101019603613452,0.160088133908939,-5.18802381410465,4165,1.048,406.20773,"Unknown","[M+H]+","ion correlated with 3171; ion correlated with 1458; ion correlated with 792; ion correlated with 3311; ion correlated with 1088; ion correlated with 4759; ion correlated with 2865; ion correlated with 4035; ion correlated with 799; ion correlated with 4338; ion correlated with 1439; ion correlated with 2012; ion correlated with 4844",0.107,FALSE,"null","null","null","null",999,FALSE,FALSE,FALSE,"null","null","null","null","null",499.58,0,1471373,14,"Leaf vs Root","Leaf","Not selected"
"F4547_mz478.2936_rt3.14",-1.17458499351853,15.6369236735442,-2.00251056478527,0.101659392368434,0.160960704583354,-5.19451137494408,4547,3.139,478.29364,"Unknown","[M+H]+",NA,0.071,TRUE,"null","null","null","null",999,FALSE,FALSE,FALSE,"null","null","null","null","null",4247.23,0,296984,12,"Leaf vs Root","Root","Not selected"
"F2511_mz258.1104_rt0.46",0.730778828982969,17.9370317974195,1.99553228120668,0.102569082789028,0.162258715542678,-5.20366013641191,2511,0.455,258.11044,"Unknown","[M+H]+","ion correlated with 992; ion correlated with 582; ion correlated with 1228; ion correlated with 63",0.571,TRUE,"null","null","null","null",999,FALSE,FALSE,FALSE,"null","null","null","null","null",4164.03,1724,21198.5002898551,24,"Leaf vs Root","Leaf","Not selected"
"F1639_mz194.0328_rt0.42",0.726300999769255,16.0556905823767,1.99453653073911,0.102699580193205,0.162322891636371,-5.20496534473124,1639,0.423,194.03278,"Unknown","[M+H]+","ion correlated with 2177; ion correlated with 1944; ion correlated with 2058; ion correlated with 1471; ion correlated with 1861",0.25,FALSE,"null","null","null","null",999,FALSE,FALSE,FALSE,"null","null","null","null","null",82.09,0,730111,18,"Leaf vs Root","Leaf","Not selected"
"F2903_mz287.1242_rt0.48",8.78698048098712,14.2450320824054,1.99063183391099,0.103212981681543,0.162991628989664,-5.21008291251233,2903,0.482,287.12415,"Unknown","[M+H]+","ion correlated with 3508; ion correlated with 1373; ion correlated with 2556",0.25,FALSE,"null","null","null","null",999,FALSE,FALSE,FALSE,"null","null","null","null","null",61.03,0,735415,17,"Leaf vs Root","Leaf","Not selected"
"F1524_mz186.0166_rt0.45",8.91843643378704,14.4498336646348,1.98870902976534,0.103466781031728,0.163249597694291,-5.21260260453411,1524,0.446,186.01659,"Unknown","[M+H]+",NA,0.464,FALSE,"null","null","null","null",999,FALSE,FALSE,FALSE,"null","null","null","null","null",115.95,22021.6666666667,52.1895471332566,16,"Leaf vs Root","Leaf","Not selected"
"F4142_mz402.9805_rt0.43",1.32873704661348,15.4394846920385,1.98589788392388,0.103839008462081,0.163646447392128,-5.21628595520392,4142,0.426,402.98047,"Unknown","[M+H]+",NA,0.036,FALSE,"null","null","null","null",999,FALSE,FALSE,FALSE,"null","null","null","null","null",2480.54,0,144999,16,"Leaf vs Root","Leaf","Not selected"
"F4448_mz456.2449_rt1.2",7.61724352734163,12.360816997148,1.98544106581363,0.103899628094946,0.163646447392128,-5.21688445810614,4448,1.197,456.24493,"Unknown","[M+H]+","ion correlated with 2591; ion correlated with 4677; ion correlated with 3739; ion correlated with 4333; ion correlated with 4832; ion correlated with 4307; ion correlated with 2871; ion correlated with 3654; ion correlated with 4950; ion correlated with 4110; ion correlated with 4388; ion correlated with 2615; ion correlated with 2740; ion correlated with 4206; ion correlated with 4003; ion correlated with 3957; ion correlated with 4960; ion correlated with 4041; ion correlated with 3635; ion correlated with 4229; ion correlated with 4734; ion correlated with 4656; ion correlated with 4789; ion correlated with 4803; ion correlated with 4806; ion correlated with 4752; ion correlated with 3224; ion correlated with 4726; ion correlated with 1381; ion correlated with 1635; ion correlated with 4100; ion correlated with 4698; ion correlated with 4516; ion correlated with 3600; ion correlated with 4688; ion correlated with 3904; ion correlated with 4825; ion correlated with 4381; ion correlated with 3563; ion correlated with 4942; ion correlated with 2624; ion correlated with 4954; ion correlated with 4985; ion correlated with 3886; ion correlated with 3934; ion correlated with 3051; ion correlated with 4214; ion correlated with 4031",0.071,FALSE,"null","null","null","null",999,FALSE,FALSE,FALSE,"null","null","null","null","null",65.12,0,147838,6,"Leaf vs Root","Leaf","Not selected"
"F4720_mz539.1338_rt0.96",-1.70425568041662,15.5057637147619,-1.98324624386336,0.104191395195737,0.163962919205149,-5.21975981748523,4720,0.965,539.13379,"Unknown","[M+H]+",NA,0.036,FALSE,"null","null","null","null",999,FALSE,FALSE,FALSE,"null","null","null","null","null",2188.76,0,109439,6,"Leaf vs Root","Root","Not selected"
"F3313_mz317.2076_rt1.39",7.74867044547243,12.5836039432935,1.98239166188167,0.104305229325202,0.16399907572473,-5.22087928558705,3313,1.39,317.20755,"Unknown","[M+H]+","similar chromatogram in higher mz_4721",0.036,TRUE,"null","null","null","null",999,FALSE,FALSE,FALSE,"null","null","null","null","null",210.22,532.333333333333,740.214375,14,"Leaf vs Root","Leaf","Not selected"
"F3226_mz310.1501_rt0.97",8.17922762971637,13.2598849950242,1.98012854165335,0.104607313550144,0.164330897265457,-5.22384363675203,3226,0.971,310.15005,"Unknown","[M+H]+","ion correlated with 3060; ion correlated with 3246; ion correlated with 4201",0.071,FALSE,"null","null","null","null",999,FALSE,FALSE,FALSE,"null","null","null","null","null",34.66,1409.66666666667,199.168950850662,19,"Leaf vs Root","Leaf","Not selected"
"F512_mz116.0021_rt0.4",-1.48103765968523,14.4253100339245,-1.97636130872998,0.105112191831318,0.1649804402222,-5.22877735186144,512,0.398,116.00211,"Unknown","[M+H]+","ion correlated with 528",0.036,FALSE,"null","null","null","null",999,FALSE,FALSE,FALSE,"null","null","null","null","null",6.76,4088.66666666667,57.541119895672,24,"Leaf vs Root","Root","Not selected"
"F2169_mz230.2482_rt2.01",-0.816194813876131,24.0998266960627,-1.97387998421809,0.10544612057304,0.165360771185349,-5.23202643691725,2169,2.008,230.24815,"Unknown","[M+H]+","similar chromatogram in higher mz_4469",0.964,TRUE,"null","null","null","null",999,FALSE,FALSE,FALSE,"null","null","null","null","null",824.39,128880.666666667,270.242912749421,24,"Leaf vs Root","Root","Not selected"
"F2718_mz273.9629_rt0.64",-9.56928309018691,15.6138375502061,-1.9712861885817,0.105796366271541,0.165766007916781,-5.23542231561069,2718,0.642,273.96286,"Unknown","[M+H]+",NA,0.5,TRUE,"null","null","null","null",999,FALSE,FALSE,FALSE,"null","null","null","null","null",217.41,0,741242,19,"Leaf vs Root","Root","Not selected"
"F2012_mz219.102_rt1.09",2.64684867617026,17.2997146052153,1.96989205938508,0.105985118614024,0.165917726884921,-5.23724734929108,2012,1.09,219.10197,"Unknown","[M+H]+","ion correlated with 1217; ion correlated with 3309; ion correlated with 4550; ion correlated with 4658; ion correlated with 4165; ion correlated with 4759; ion correlated with 2865; ion correlated with 1837; ion correlated with 4035; ion correlated with 2094; ion correlated with 799; ion correlated with 4338; ion correlated with 4486; ion correlated with 3491; ion correlated with 4678; ion correlated with 3971; ion correlated with 4684; ion correlated with 4709; similar chromatogram in higher mz_3463; similar chromatogram in higher mz_4338; similar chromatogram in higher mz_2128",0.143,FALSE,"null","null","null","null",999,FALSE,FALSE,FALSE,"null","null","null","null","null",90.2,0,1032958,18,"Leaf vs Root","Leaf","Not selected"
"F2112_mz227.0529_rt0.92",8.45314488497936,13.7832907888792,1.96834901476897,0.106194441400252,0.166021403608818,-5.23926715802408,2112,0.921,227.05293,"Unknown","[M+H]+","ion correlated with 2146",0.107,FALSE,"null","null","null","null",999,FALSE,FALSE,FALSE,"null","null","null","null","null",39.37,0,662583,9,"Leaf vs Root","Leaf","Not selected"
"F3991_mz382.1865_rt1.13",1.97815285127419,15.5862353411215,1.96804817151835,0.106235302586252,0.166021403608818,-5.23966093402771,3991,1.126,382.18652,"Unknown","[M+H]+","ion correlated with 4283; ion correlated with 4678; ion correlated with 4223; ion correlated with 3733; ion correlated with 2037",0.036,FALSE,"null","null","null","null",999,FALSE,FALSE,FALSE,"null","null","null","null","null",23.03,664.333333333333,351.35621242485,15,"Leaf vs Root","Leaf","Not selected"
"F1262_mz167.4868_rt0.65",-8.55210202920577,13.9789515543249,-1.96635130673536,0.106466080990031,0.166122001226798,-5.24188184614709,1262,0.647,167.48679,"Unknown","[M+H]+",NA,0.179,FALSE,"null","null","null","null",999,FALSE,FALSE,FALSE,"null","null","null","null","null",1446.28,0,195033,15,"Leaf vs Root","Root","Not selected"
"F1079_mz154.1229_rt0.59",0.609333626667196,24.7530367979316,1.96622160220817,0.106483742614629,0.166122001226798,-5.24205159876528,1079,0.59,154.12289,"Unknown","[M+H]+",NA,0.036,FALSE,"null","null","null","null",999,FALSE,FALSE,FALSE,"null","null","null","null","null",29.38,91015.3333333333,754.668513709993,21,"Leaf vs Root","Leaf","Not selected"
"F2498_mz257.1388_rt1.04",-0.674999011256779,18.3246920543144,-1.95115134840383,0.108556711744381,0.169209727719004,-5.26176614729007,2498,1.036,257.13885,"Unknown","[M+H]+","similar chromatogram in higher mz_2969; similar chromatogram in higher mz_4267",0.143,FALSE,"null","null","null","null",999,FALSE,FALSE,FALSE,"null","null","null","null","null",19.73,91436,7.27362008814812,24,"Leaf vs Root","Root","Not selected"
"F2003_mz218.1394_rt0.99",-6.50674415985482,10.5791250783093,-1.94837290018927,0.10894345244498,0.169666032496281,-5.26539887326103,2003,0.99,218.1394,"Unknown","[M+H]+",NA,0.036,FALSE,"null","null","null","null",999,FALSE,FALSE,FALSE,"null","null","null","null","null",61.98,8825.66666666667,32.0660120845921,23,"Leaf vs Root","Root","Not selected"
"F2636_mz268.1395_rt0.9",1.07212105029312,16.7479757867358,1.9432915121389,0.109654450136108,0.17062610559972,-5.2720409660162,2636,0.898,268.13947,"Unknown","[M+H]+",NA,0.071,FALSE,"null","null","null","null",999,FALSE,FALSE,FALSE,"null","null","null","null","null",37.08,43416,8.02501324366032,24,"Leaf vs Root","Leaf","Not selected"
"F1730_mz200.1284_rt0.91",1.18727753344162,18.77138260952,1.941929126144,0.109845895102753,0.170776779207983,-5.27382142966874,1730,0.908,200.12842,"Unknown","[M+H]+","ion correlated with 842; ion correlated with 1363; ion correlated with 521; ion correlated with 4880; ion correlated with 278; ion correlated with 1904; ion correlated with 1114; ion correlated with 3191",0.179,TRUE,"null","null","null","null",999,FALSE,FALSE,FALSE,"null","null","null","null","null",128.33,4141,293.272815065186,19,"Leaf vs Root","Leaf","Not selected"
"F2596_mz265.0977_rt1.12",-6.8779771984506,11.1822330692572,-1.93596822591689,0.110687616753329,0.171937304853492,-5.28160969891121,2596,1.124,265.09769,"Unknown","[M+H]+",NA,0.357,TRUE,"null","null","null","null",999,FALSE,FALSE,FALSE,"null","null","null","null","null",285.03,6096.33333333333,1058.96342663459,23,"Leaf vs Root","Root","Not selected"
"F1474_mz182.0274_rt1.18",-7.18205395445486,11.8552895370874,-1.92949770087876,0.111608871982258,0.173219272509007,-5.29006031948903,1474,1.184,182.0274,"Unknown","[M+H]+",NA,0.25,TRUE,"null","null","null","null",999,FALSE,FALSE,FALSE,"null","null","null","null","null",100.57,12288.3333333333,66.2247477487252,21,"Leaf vs Root","Root","Not selected"
"F3961_mz379.1005_rt1.04",8.20130315184298,13.5758933041704,1.92760997716662,0.111879134752776,0.173489551742922,-5.29252501819279,3961,1.038,379.10052,"Unknown","[M+H]+","ion correlated with 4284; ion correlated with 4151; ion correlated with 4483; ion correlated with 3460; ion correlated with 4037; ion correlated with 4247; ion correlated with 3662; ion correlated with 4668; ion correlated with 4052; ion correlated with 3741; ion correlated with 3757; ion correlated with 3536; ion correlated with 3830; ion correlated with 4098",0.107,FALSE,"null","null","null","null",999,FALSE,FALSE,FALSE,"null","null","null","null","null",7206.94,0,517878,5,"Leaf vs Root","Leaf","Not selected"
"F1302_mz170.958_rt0.41",-7.92251729689604,13.1476919291905,-1.92333239289701,0.112494060825051,0.174293373209628,-5.29810883332976,1302,0.411,170.95804,"Unknown","[M+H]+",NA,0.321,FALSE,"null","null","null","null",999,FALSE,FALSE,FALSE,"null","null","null","null","null",91.11,8199.33333333333,27.9967887484249,23,"Leaf vs Root","Root","Not selected"
"F1866_mz209.1176_rt1.18",1.21660261359227,15.712043813214,1.92237426338044,0.112632276087227,0.174315331970579,-5.29935931379491,1866,1.18,209.11765,"Unknown","[M+H]+",NA,0.071,FALSE,"null","null","null","null",999,FALSE,FALSE,FALSE,"null","null","null","null","null",73.13,20202,20.8894718606148,24,"Leaf vs Root","Leaf","Not selected"
"F2693_mz273.076_rt1.17",7.73965317982892,12.8261060668446,1.92170671808295,0.112728676893818,0.174315331970579,-5.30023049491006,2693,1.173,273.07599,"Unknown","[M+H]+",NA,0.107,FALSE,"null","null","null","null",999,FALSE,FALSE,FALSE,"null","null","null","null","null",11.95,612.333333333333,449.695108695652,11,"Leaf vs Root","Leaf","Not selected"
"F2290_mz241.1553_rt0.5",-0.556662789411395,18.2827584359156,-1.9212273575969,0.112797954427499,0.174315331970579,-5.3008560596564,2290,0.496,241.15527,"Unknown","[M+H]+",NA,0.429,FALSE,"null","null","null","null",999,FALSE,FALSE,FALSE,"null","null","null","null","null",41.88,2043.33333333333,280.910647317789,18,"Leaf vs Root","Root","Not selected"
"F187_mz86.9929_rt0.39",-0.53666854909151,21.8322260924766,-1.91571163411289,0.113598267097589,0.175401943636568,-5.30805252476454,187,0.389,86.99292,"Unknown","[M+H]+","found in higher mz's MsMs_691; found in higher mz's MsMs_427; found in higher mz's MsMs_1037; found in higher mz's MsMs_615; found in higher mz's MsMs_964",0.857,FALSE,"null","null","null","null",999,FALSE,FALSE,FALSE,"null","null","null","null","null",422.41,17556.6666666667,394.851840601447,24,"Leaf vs Root","Root","Not selected"
"F1267_mz168.0507_rt0.39",-0.800116828682958,15.8851187064871,-1.91253598126681,0.114061704766028,0.17596698897665,-5.31219454966433,1267,0.388,168.05069,"Unknown","[M+H]+",NA,0.036,FALSE,"null","null","null","null",999,FALSE,FALSE,FALSE,"null","null","null","null","null",12.84,0,112881,24,"Leaf vs Root","Root","Not selected"
"F4140_mz402.9017_rt0.41",-7.43586097148471,12.3582350723437,-1.9116637905236,0.114189329348,0.176013441053066,-5.3133319843162,4140,0.408,402.90167,"Unknown","[M+H]+",NA,0.036,FALSE,"null","null","null","null",999,FALSE,FALSE,FALSE,"null","null","null","null","null",2127.32,0,106367,23,"Leaf vs Root","Root","Not selected"
"F3882_mz370.1711_rt1.06",7.74576734033988,12.9295843603644,1.90859589422553,0.114639417342249,0.176472182400511,-5.31733227953627,3882,1.059,370.17114,"Unknown","[M+H]+","ion correlated with 4247; ion correlated with 3439; ion correlated with 3757",0.071,FALSE,"null","null","null","null",999,FALSE,FALSE,FALSE,"null","null","null","null","null",107.28,711.333333333333,327.503977538606,17,"Leaf vs Root","Leaf","Not selected"
"F3255_mz313.0255_rt0.51",-8.77059318376022,14.6260538702924,-1.90778806678206,0.114758237475381,0.176472182400511,-5.31838547014149,3255,0.511,313.02548,"Unknown","[M+H]+",NA,0.143,FALSE,"null","null","null","null",999,FALSE,FALSE,FALSE,"null","null","null","null","null",86.68,0,363261,5,"Leaf vs Root","Root","Not selected"
"F346_mz102.9992_rt0.51",-8.47998657601824,14.1489730493413,-1.90763853846111,0.114780244951912,0.176472182400511,-5.31858040799615,346,0.511,102.99917,"Unknown","[M+H]+",NA,0.286,FALSE,"null","null","null","null",999,FALSE,FALSE,FALSE,"null","null","null","null","null",264,8471,69.8258970727101,23,"Leaf vs Root","Root","Not selected"
"F4788_mz572.8366_rt0.39",-7.6848392553026,12.7378273164922,-1.90613456121838,0.115001841870867,0.176662403895247,-5.3205409983946,4788,0.394,572.83661,"Unknown","[M+H]+",NA,0.143,FALSE,"null","null","null","null",999,FALSE,FALSE,FALSE,"null","null","null","null","null",3920.13,0,296327,22,"Leaf vs Root","Root","Not selected"
"F5015_mz694.4012_rt2.5",-0.930804827991316,18.1203972540878,-1.90262574823337,0.115520551841794,0.177252271691418,-5.32511422818131,5015,2.505,694.40125,"Unknown","[M+H]+",NA,0.214,TRUE,"null","null","null","null",999,FALSE,FALSE,FALSE,"null","null","null","null","null",84.38,0,661580,6,"Leaf vs Root","Root","Not selected"
"F4718_mz538.1278_rt0.9",-1.10028886783536,18.1053380603569,-1.90220961396593,0.11558222924144,0.177252271691418,-5.32565651738421,4718,0.9,538.12775,"Unknown","[M+H]+","ion correlated with 4558",0.214,FALSE,"null","null","null","null",999,FALSE,FALSE,FALSE,"null","null","null","null","null",5623.4,0,385485,6,"Leaf vs Root","Root","Not selected"
"F3508_mz334.9924_rt0.43",8.66041230625043,14.4676897889346,1.9002567829355,0.115872122704358,0.177545994466355,-5.32820113423622,3508,0.426,334.99237,"Unknown","[M+H]+","ion correlated with 203; ion correlated with 2442; ion correlated with 4249; ion correlated with 1822; ion correlated with 1926; ion correlated with 2348; ion correlated with 2903",0.107,FALSE,"null","null","null","null",999,FALSE,FALSE,FALSE,"null","null","null","null","null",10858.27,0,921463,14,"Leaf vs Root","Leaf","Not selected"
"F3366_mz320.8667_rt0.41",0.797374872024889,20.1920348461771,1.89948245449231,0.115987277714729,0.177571701675221,-5.32921000837745,3366,0.413,320.86673,"Unknown","[M+H]+","ion correlated with 1828; ion correlated with 2965",0.857,TRUE,"null","null","null","null",999,FALSE,FALSE,FALSE,"null","null","null","null","null",413,0,3099647,24,"Leaf vs Root","Leaf","Not selected"
"F3197_mz307.1775_rt1.02",7.91177397947333,13.2626893093327,1.89576683244906,0.11654149499334,0.178268981748286,-5.3340502493951,3197,1.022,307.17749,"Unknown","[M+H]+","ion correlated with 761",0.321,FALSE,"null","null","null","null",999,FALSE,FALSE,FALSE,"null","null","null","null","null",126.28,5579.66666666667,108.571078724167,23,"Leaf vs Root","Leaf","Not selected"
"F1875_mz209.9645_rt0.68",-8.73594082024466,14.6612790826769,-1.89042695926796,0.117342770570424,0.179342676443366,-5.3410038607246,1875,0.68,209.96451,"Unknown","[M+H]+",NA,0.036,FALSE,"null","null","null","null",999,FALSE,FALSE,FALSE,"null","null","null","null","null",60.67,13400.6666666667,25.1061310782241,12,"Leaf vs Root","Root","Not selected"
"F3722_mz354.1082_rt0.48",0.629266028255418,17.1163172982539,1.88941390413358,0.117495424527137,0.17942406198941,-5.34232272962672,3722,0.483,354.10815,"Unknown","[M+H]+",NA,0.179,FALSE,"null","null","null","null",999,FALSE,FALSE,FALSE,"null","null","null","null","null",2617.96,0,362925,15,"Leaf vs Root","Leaf","Not selected"
"F1141_mz159.1171_rt3.54",7.20006059513504,12.0937326139265,1.88595218264445,0.118018606141459,0.17979192626242,-5.3468286293147,1141,3.544,159.11714,"Unknown","[M+H]+","ion correlated with 1041; ion correlated with 779; ion correlated with 2014; ion correlated with 2157; ion correlated with 3115; ion correlated with 3702; ion correlated with 376; ion correlated with 741; ion correlated with 1166; ion correlated with 1379; ion correlated with 1521; ion correlated with 1546; ion correlated with 1693; ion correlated with 1893; ion correlated with 1991; ion correlated with 2293; ion correlated with 2563; ion correlated with 3959; ion correlated with 3318; ion correlated with 3338; ion correlated with 956; ion correlated with 397; ion correlated with 597; ion correlated with 625; ion correlated with 1019; ion correlated with 1190; ion correlated with 1257; ion correlated with 1349; ion correlated with 1630; ion correlated with 1752; ion correlated with 2317; ion correlated with 2448; ion correlated with 2474; ion correlated with 2676; ion correlated with 2746; ion correlated with 2954; ion correlated with 3083; ion correlated with 3098; ion correlated with 3118; ion correlated with 3504; ion correlated with 3745; ion correlated with 3906; ion correlated with 5013; ion correlated with 5038; ion correlated with 5047; ion correlated with 4092; ion correlated with 4188; ion correlated with 3942; ion correlated with 4987; found in higher mz's MsMs_3115; found in higher mz's MsMs_3318; found in higher mz's MsMs_2676; found in higher mz's MsMs_2954; found in higher mz's MsMs_3083; found in higher mz's MsMs_3504",0.036,FALSE,"null","null","null","null",999,FALSE,FALSE,FALSE,"null","null","null","null","null",16.3,2222.33333333333,63.8046476761619,20,"Leaf vs Root","Leaf","Not selected"
"F3028_mz295.2272_rt3.07",-5.5009023575197,9.19055402420365,-1.88537990670716,0.118105327033073,0.17979192626242,-5.34757340081071,3028,3.068,295.22723,"Unknown","[M+H]+","ion correlated with 3261; ion correlated with 3514; similar chromatogram in higher mz_3261; similar chromatogram in higher mz_3514",0.179,FALSE,"null","null","null","null",999,FALSE,FALSE,FALSE,"null","null","null","null","null",23.86,961.666666666667,146.564750692521,20,"Leaf vs Root","Root","Not selected"
"F3430_mz328.1604_rt0.92",8.00842046659667,13.4781352612896,1.88503959083202,0.118156928547348,0.17979192626242,-5.34801627811643,3430,0.921,328.1604,"Unknown","[M+H]+","ion correlated with 3268; ion correlated with 3389; ion correlated with 3170; ion correlated with 3860; ion correlated with 2553; ion correlated with 3246",0.107,FALSE,"null","null","null","null",999,FALSE,FALSE,FALSE,"null","null","null","null","null",103.51,0,385412,14,"Leaf vs Root","Leaf","Not selected"
"F3432_mz328.2236_rt1.01",-0.817448978711078,15.1180363934877,-1.88453777753439,0.118233060008282,0.17979192626242,-5.34866930080929,3432,1.011,328.22357,"Unknown","[M+H]+","ion correlated with 3902; ion correlated with 3778; ion correlated with 3743; ion correlated with 1446; ion correlated with 916; ion correlated with 3477; ion correlated with 3132; ion correlated with 2444; ion correlated with 3393; ion correlated with 2891; ion correlated with 2926; ion correlated with 1544; ion correlated with 2620; ion correlated with 1374; ion correlated with 3627; ion correlated with 1392; ion correlated with 3786; ion correlated with 2908",0.357,FALSE,"null","null","null","null",999,FALSE,FALSE,FALSE,"null","null","null","null","null",299.25,12712,114.151970423975,24,"Leaf vs Root","Root","Not selected"
"F1071_mz154.0701_rt0.86",-0.481454241632052,19.5957036363299,-1.88452922379592,0.11823435815706,0.17979192626242,-5.34868043177661,1071,0.864,154.07014,"Unknown","[M+H]+","ion correlated with 252; ion correlated with 1324; ion correlated with 842; ion correlated with 1363",0.107,TRUE,"null","null","null","null",999,FALSE,FALSE,FALSE,"null","null","null","null","null",98.91,807.333333333333,1605.76824742268,7,"Leaf vs Root","Root","Not selected"
"F2619_mz267.1208_rt1.18",-1.12088429895377,14.4108257637761,-1.88270437736563,0.118511639856021,0.180033885950432,-5.35105492114942,2619,1.178,267.12082,"Unknown","[M+H]+","ion correlated with 2418; ion correlated with 523; ion correlated with 2799; ion correlated with 2120; ion correlated with 2102; ion correlated with 1003; ion correlated with 1754; ion correlated with 2021; ion correlated with 1272; ion correlated with 1996",0.071,FALSE,"null","null","null","null",999,FALSE,FALSE,FALSE,"null","null","null","null","null",128.98,12766,41.4609540220882,24,"Leaf vs Root","Root","Not selected"
"F2840_mz282.182_rt1.03",-7.02096443383707,11.8232721150246,-1.88217003565222,0.118592958667625,0.180033885950432,-5.35175013809365,2840,1.035,282.18198,"Unknown","[M+H]+","ion correlated with 1825",0.036,FALSE,"null","null","null","null",999,FALSE,FALSE,FALSE,"null","null","null","null","null",23.98,14846.6666666667,8.51783669712413,23,"Leaf vs Root","Root","Not selected"
"F3693_mz351.2169_rt1.88",7.68213993876575,12.9377575289722,1.88074673681697,0.118809843874061,0.180211569909816,-5.35360180049778,3693,1.883,351.21692,"Unknown","[M+H]+","ion correlated with 3998; ion correlated with 3871; ion correlated with 4050; ion correlated with 4105; ion correlated with 2401; ion correlated with 2581; ion correlated with 3494; ion correlated with 3909; ion correlated with 3995; ion correlated with 3283",0.071,FALSE,"null","null","null","null",999,FALSE,FALSE,FALSE,"null","null","null","null","null",21.7,1673.66666666667,136.888734076433,22,"Leaf vs Root","Leaf","Not selected"
"F4670_mz520.3402_rt3.38",0.815766946374906,16.0086222734129,1.87074135275103,0.120346050017839,0.182388430127792,-5.36661214164718,4670,3.383,520.34021,"Unknown","[M+H]+",NA,0.143,TRUE,"null","null","null","null",999,FALSE,FALSE,FALSE,"null","null","null","null","null",40.39,0,228234,18,"Leaf vs Root","Leaf","Not selected"
"F416_mz109.0286_rt0.76",-0.395744954896766,19.0327950271458,-1.86417883512466,0.121364723422238,0.183666485440066,-5.37513946421068,416,0.76,109.02863,"Unknown","[M+H]+","similar chromatogram in higher mz_951; found in higher mz's MsMs_673",0.071,FALSE,"null","null","null","null",999,FALSE,FALSE,FALSE,"null","null","null","null","null",44.32,186161.333333333,5.12424819199014,24,"Leaf vs Root","Root","Not selected"
"F4486_mz463.1972_rt1.09",8.31443010222519,14.1047260244428,1.86399836013288,0.121392862675899,0.183666485440066,-5.37537390288542,4486,1.087,463.19724,"Unknown","[M+H]+","ion correlated with 3803; ion correlated with 1217; ion correlated with 3309; ion correlated with 4550; ion correlated with 4658; ion correlated with 4257; ion correlated with 4759; ion correlated with 1020; ion correlated with 4035; ion correlated with 2094; ion correlated with 3349; ion correlated with 2128; ion correlated with 799; ion correlated with 4338; ion correlated with 4649; ion correlated with 2012; ion correlated with 3491; ion correlated with 4603; ion correlated with 1289; ion correlated with 4678; ion correlated with 3680; ion correlated with 4167; ion correlated with 4019; ion correlated with 1764; ion correlated with 3971; ion correlated with 4724; ion correlated with 4640; ion correlated with 4647; ion correlated with 4639; ion correlated with 4709",0.107,FALSE,"null","null","null","null",999,FALSE,FALSE,FALSE,"null","null","null","null","null",7922.01,0,705628,5,"Leaf vs Root","Leaf","Not selected"
"F4636_mz506.2604_rt1.23",-1.08301825473845,17.0263860855935,-1.86245006221275,0.121634545313114,0.183878018668485,-5.37738500021253,4636,1.226,506.26035,"Unknown","[M+H]+",NA,0.143,FALSE,"null","null","null","null",999,FALSE,FALSE,FALSE,"null","null","null","null","null",3180.96,0,184409,6,"Leaf vs Root","Root","Not selected"
"F5026_mz699.3568_rt2.5",-0.975017581431789,15.870104361787,-1.86099948736791,0.121861422149919,0.184066834293392,-5.37926890983602,5026,2.503,699.35681,"Unknown","[M+H]+","ion correlated with 3716",0.036,FALSE,"null","null","null","null",999,FALSE,FALSE,FALSE,"null","null","null","null","null",25.86,0,141468,6,"Leaf vs Root","Root","Not selected"
"F879_mz140.5477_rt0.44",-0.556753105728289,16.797323009745,-1.85864237712525,0.122231012515269,0.184374672424015,-5.38232963880412,879,0.435,140.54768,"Unknown","[M+H]+","ion correlated with 3829; ion correlated with 3095; ion correlated with 4602; ion correlated with 977; similar chromatogram in higher mz_1840; similar chromatogram in higher mz_1861",0.107,FALSE,"null","null","null","null",999,FALSE,FALSE,FALSE,"null","null","null","null","null",112.84,0,192063,6,"Leaf vs Root","Root","Not selected"
"F2078_mz223.9891_rt0.38",-0.439709277822917,21.0473783789142,-1.85839721414567,0.122269519607505,0.184374672424015,-5.38264794741971,2078,0.382,223.98914,"Unknown","[M+H]+",NA,0.786,FALSE,"null","null","null","null",999,FALSE,FALSE,FALSE,"null","null","null","null","null",179.88,59519.3333333333,57.6990216228628,24,"Leaf vs Root","Root","Not selected"
"F1619_mz193.0709_rt0.69",9.25386416836748,15.7502348141872,1.85747581653164,0.122414352429739,0.184438986757662,-5.38384418491416,1619,0.693,193.07088,"Unknown","[M+H]+","ion correlated with 697; ion correlated with 695; ion correlated with 2232",0.036,TRUE,"null","null","null","null",999,FALSE,FALSE,FALSE,"null","null","null","null","null",40.91,3188,939.005644402634,8,"Leaf vs Root","Leaf","Not selected"
"F564_mz118.984_rt0.4",-0.823362989187024,14.4729232599043,-1.85411576220954,0.122944006570824,0.185082511976928,-5.38820563691361,564,0.397,118.98398,"Unknown","[M+H]+",NA,0.25,FALSE,"null","null","null","null",999,FALSE,FALSE,FALSE,"null","null","null","null","null",125.6,0,194686,24,"Leaf vs Root","Root","Not selected"
"F1703_mz198.1127_rt0.69",9.68521972822294,16.4748581794251,1.85115751046525,0.123412269418488,0.185632621916976,-5.39204441129868,1703,0.685,198.11273,"Unknown","[M+H]+","found in higher mz's MsMs_2813",0.143,TRUE,"null","null","null","null",999,FALSE,FALSE,FALSE,"null","null","null","null","null",939.25,6601.66666666667,1424.63242124394,20,"Leaf vs Root","Leaf","Not selected"
"F3708_mz353.0848_rt0.47",8.348022836282,14.2758545975933,1.84294946487936,0.124721122518755,0.187445150829603,-5.40268996355803,3708,0.47,353.08481,"Unknown","[M+H]+","ion correlated with 3696; ion correlated with 4582; ion correlated with 3927; ion correlated with 4463; ion correlated with 4725; ion correlated with 2200; ion correlated with 2220; ion correlated with 3142; ion correlated with 4171; ion correlated with 2575; ion correlated with 2738; ion correlated with 2771; ion correlated with 4513",0.107,FALSE,"null","null","null","null",999,FALSE,FALSE,FALSE,"null","null","null","null","null",8176.44,0,834586,6,"Leaf vs Root","Leaf","Not selected"
"F2697_mz273.124_rt1.05",-6.83568368231132,11.6802231346206,-1.84062171393075,0.125094887556596,0.187850475906535,-5.40570744998011,2697,1.05,273.12399,"Unknown","[M+H]+","ion correlated with 2324; ion correlated with 1641",0.143,TRUE,"null","null","null","null",999,FALSE,FALSE,FALSE,"null","null","null","null","null",83.34,1628.66666666667,672.482920842708,23,"Leaf vs Root","Root","Not selected"
"F3133_mz302.2201_rt1.93",7.24369861891727,12.4115272246227,1.83574203516588,0.125882139989483,0.188801629536404,-5.41203079748039,3133,1.932,302.22012,"Unknown","[M+H]+","ion correlated with 1995; ion correlated with 3693; ion correlated with 4050; ion correlated with 4105; ion correlated with 3176; ion correlated with 2401; ion correlated with 2581; ion correlated with 3995; ion correlated with 4917",0.036,FALSE,"null","null","null","null",999,FALSE,FALSE,FALSE,"null","null","null","null","null",9.68,729.333333333333,188.037425832953,5,"Leaf vs Root","Leaf","Not selected"
"F1428_mz179.0174_rt0.52",-9.11938366432235,15.5783978898265,-1.83540015722539,0.12593748585143,0.188801629536404,-5.41247370704867,1428,0.515,179.01741,"Unknown","[M+H]+",NA,0.536,FALSE,"null","null","null","null",999,FALSE,FALSE,FALSE,"null","null","null","null","null",125.48,2396,390.077179808093,19,"Leaf vs Root","Root","Not selected"
"F1031_mz150.0585_rt0.7",9.05641976437341,15.5075759241112,1.83212216001846,0.126469418986576,0.18944174379317,-5.41671965109347,1031,0.696,150.05849,"Unknown","[M+H]+","similar chromatogram in higher mz_3697",0.464,TRUE,"null","null","null","null",999,FALSE,FALSE,FALSE,"null","null","null","null","null",6356.01,4367.66666666667,12574.4830611933,21,"Leaf vs Root","Leaf","Not selected"
"F741_mz131.0856_rt3.54",7.02972877208462,12.0686013026937,1.82700697197315,0.127304074770147,0.190533876418006,-5.42334248556768,741,3.544,131.08559,"Unknown","[M+H]+","ion correlated with 1041; ion correlated with 779; ion correlated with 2014; ion correlated with 2157; ion correlated with 3115; ion correlated with 3702; ion correlated with 376; ion correlated with 1141; ion correlated with 1166; ion correlated with 1379; ion correlated with 1521; ion correlated with 1546; ion correlated with 1693; ion correlated with 1893; ion correlated with 1991; ion correlated with 2138; ion correlated with 2293; ion correlated with 2563; ion correlated with 3959; ion correlated with 3318; ion correlated with 3338; ion correlated with 956; ion correlated with 397; ion correlated with 597; ion correlated with 1019; ion correlated with 1190; ion correlated with 1257; ion correlated with 1349; ion correlated with 1630; ion correlated with 1752; ion correlated with 2317; ion correlated with 2448; ion correlated with 2474; ion correlated with 2676; ion correlated with 2746; ion correlated with 2954; ion correlated with 3083; ion correlated with 3098; ion correlated with 3118; ion correlated with 3504; ion correlated with 3745; ion correlated with 5013; ion correlated with 5038; ion correlated with 5047; ion correlated with 4092; ion correlated with 3515; ion correlated with 4188; ion correlated with 3942; ion correlated with 4987; found in higher mz's MsMs_3115; found in higher mz's MsMs_3702; found in higher mz's MsMs_3318; found in higher mz's MsMs_2676; found in higher mz's MsMs_5005; found in higher mz's MsMs_3847; found in higher mz's MsMs_3976; found in higher mz's MsMs_2474; found in higher mz's MsMs_2746; found in higher mz's MsMs_2954; found in higher mz's MsMs_3083; found in higher mz's MsMs_3504",0.036,FALSE,"null","null","null","null",999,FALSE,FALSE,FALSE,"null","null","null","null","null",20.63,989.666666666667,141.689434724092,19,"Leaf vs Root","Leaf","Not selected"
"F4608_mz497.0586_rt0.44",-7.78612912580282,13.3956234576405,-1.82241260260736,0.12805854659992,0.191504288825895,-5.42928804676087,4608,0.445,497.05856,"Unknown","[M+H]+",NA,0.25,FALSE,"null","null","null","null",999,FALSE,FALSE,FALSE,"null","null","null","null","null",2390.95,0,182218,15,"Leaf vs Root","Root","Not selected"
"F2070_mz223.1332_rt1.69",6.94414896118911,11.9783205624799,1.82032169860268,0.128403418732692,0.191861068553402,-5.43199294390199,2070,1.685,223.13316,"Unknown","[M+H]+","ion correlated with 3593; ion correlated with 2119; ion correlated with 4982; ion correlated with 3353; ion correlated with 3109; ion correlated with 3737; ion correlated with 3814; ion correlated with 3259; ion correlated with 3612; ion correlated with 4145; ion correlated with 3001; ion correlated with 2561",0.036,FALSE,"null","null","null","null",999,FALSE,FALSE,FALSE,"null","null","null","null","null",7.26,539.333333333333,188.181986428131,19,"Leaf vs Root","Leaf","Not selected"
"F3831_mz365.1057_rt0.79",8.23813128605035,14.2413316117208,1.81318576379999,0.129587570982461,0.193470277604087,-5.44121986614509,3831,0.792,365.10565,"Unknown","[M+H]+",NA,0.071,FALSE,"null","null","null","null",999,FALSE,FALSE,FALSE,"null","null","null","null","null",119.46,0,859708,17,"Leaf vs Root","Leaf","Not selected"
"F3297_mz316.2851_rt2.14",-0.632768339350581,20.2809335683557,-1.79580337909122,0.132518860092429,0.197683092947797,-5.46366585098626,3297,2.145,316.28513,"Unknown","[M+H]+",NA,0.214,TRUE,"null","null","null","null",999,FALSE,FALSE,FALSE,"null","null","null","null","null",88.16,2889.66666666667,768.434155904059,21,"Leaf vs Root","Root","Not selected"
"F844_mz138.511_rt0.38",-1.35493128518464,15.0021311145002,-1.7880684566856,0.133844862108185,0.199366410814071,-5.47363993839653,844,0.385,138.51096,"Unknown","[M+H]+",NA,0.071,FALSE,"null","null","null","null",999,FALSE,FALSE,FALSE,"null","null","null","null","null",114.15,0,160287,23,"Leaf vs Root","Root","Not selected"
"F3005_mz294.0038_rt0.46",-8.02437051504845,13.8873516070727,-1.78793305507379,0.133868193854102,0.199366410814071,-5.47381445790625,3005,0.456,294.00385,"Unknown","[M+H]+",NA,0.143,FALSE,"null","null","null","null",999,FALSE,FALSE,FALSE,"null","null","null","null","null",648.96,0,142337,13,"Leaf vs Root","Root","Not selected"
"F2421_mz251.1647_rt1.17",6.98165348163,12.2434397549269,1.77834171377749,0.135531485155457,0.201677106929595,-5.48616970525422,2421,1.168,251.1647,"Unknown","[M+H]+",NA,0.036,TRUE,"null","null","null","null",999,FALSE,FALSE,FALSE,"null","null","null","null","null",20.64,10062.6666666667,28.5407903017456,23,"Leaf vs Root","Leaf","Not selected"
"F4605_mz496.3401_rt3.91",0.87476817758953,16.6730777976485,1.7773029053142,0.13571288612527,0.2017806914795,-5.48750701914036,4605,3.906,496.34009,"Unknown","[M+H]+",NA,0.357,TRUE,"null","null","null","null",999,FALSE,FALSE,FALSE,"null","null","null","null","null",38.93,0,466099,18,"Leaf vs Root","Leaf","Not selected"
"F4694_mz528.2451_rt1.05",7.8845174167418,13.7289398744927,1.77246483384445,0.136560981107637,0.202874543950029,-5.4937331193097,4694,1.054,528.24506,"Unknown","[M+H]+","ion correlated with 3171; ion correlated with 3624; ion correlated with 3535; ion correlated with 792; ion correlated with 3565; ion correlated with 4550; ion correlated with 4165; ion correlated with 4759; ion correlated with 4152; ion correlated with 1020; ion correlated with 1837; ion correlated with 4035; ion correlated with 2094; ion correlated with 2128; ion correlated with 4338; ion correlated with 4486; ion correlated with 2012; ion correlated with 3463",0.036,FALSE,"null","null","null","null",999,FALSE,FALSE,FALSE,"null","null","null","null","null",319.52,0,577018,12,"Leaf vs Root","Leaf","Not selected"
"F2620_mz267.1344_rt1",-1.11968177978118,14.7075059277102,-1.76985812614952,0.137020153235531,0.203389289958991,-5.49708616346571,2620,0.999,267.13443,"Unknown","[M+H]+","ion correlated with 391; ion correlated with 2359; ion correlated with 1446; ion correlated with 2444; ion correlated with 2245; ion correlated with 2068; ion correlated with 2926; ion correlated with 3627; ion correlated with 183",0.357,TRUE,"null","null","null","null",999,FALSE,FALSE,FALSE,"null","null","null","null","null",251.64,5752.33333333333,399.605388180765,24,"Leaf vs Root","Root","Not selected"
"F2413_mz250.1806_rt0.94",7.53428079100333,13.2541658628341,1.76479702234599,0.137916142030801,0.204551056997203,-5.50359325298693,2413,0.943,250.18059,"Unknown","[M+H]+","ion correlated with 1686; ion correlated with 3389; ion correlated with 3170; ion correlated with 1429; ion correlated with 2553; ion correlated with 3955; ion correlated with 4029",0.107,FALSE,"null","null","null","null",999,FALSE,FALSE,FALSE,"null","null","null","null","null",22.58,11798.6666666667,35.6347354445041,12,"Leaf vs Root","Leaf","Not selected"
"F3484_mz332.2802_rt2.38",-5.19740491832642,8.96066030260694,-1.76322749621264,0.138195206137016,0.204796672477269,-5.50561036851198,3484,2.381,332.28018,"Unknown","[M+H]+",NA,0.107,FALSE,"null","null","null","null",999,FALSE,FALSE,FALSE,"null","null","null","null","null",37.84,11408.3333333333,14.1022262475167,18,"Leaf vs Root","Root","Not selected"
"F142_mz81.5208_rt0.38",-0.644104466457438,21.9153663156529,-1.76123149105106,0.138550925132981,0.205155389552938,-5.50817500968128,142,0.383,81.52076,"Unknown","[M+2H]2+","ion correlated with 49; ion correlated with 174; ion correlated with 195",0.857,TRUE,"null","null","null","null",999,FALSE,FALSE,FALSE,"null","null","null","null","null",486.47,41752.3333333333,788.565615519719,24,"Leaf vs Root","Root","Not selected"
"F4386_mz443.1238_rt0.46",-0.69548601639056,16.1709511639332,-1.75934177523974,0.138888556067884,0.205486757133222,-5.51060248515946,4386,0.463,443.12384,"Unknown","[M+H]+",NA,0.036,FALSE,"null","null","null","null",999,FALSE,FALSE,FALSE,"null","null","null","null","null",2621.92,0,131097,14,"Leaf vs Root","Root","Not selected"
"F202_mz88.9905_rt0.39",-0.554648499331373,18.9208165723408,-1.7555803717161,0.139563077438362,0.206110263571603,-5.51543253995925,202,0.389,88.99046,"Unknown","[M+H]+","ion correlated with 37",0.643,FALSE,"null","null","null","null",999,FALSE,FALSE,FALSE,"null","null","null","null","null",1368.73,1626,513.845728334358,24,"Leaf vs Root","Root","Not selected"
"F731_mz130.5261_rt0.44",-8.02482836150384,14.2227215912304,-1.7549572147654,0.139675145961003,0.206110263571603,-5.5162325171241,731,0.443,130.52608,"Unknown","[M+H]+",NA,0.179,FALSE,"null","null","null","null",999,FALSE,FALSE,FALSE,"null","null","null","null","null",21.22,0,220537,21,"Leaf vs Root","Root","Not selected"
"F3822_mz364.1606_rt0.89",8.63140216669682,15.1244534443149,1.75450359184391,0.139756782738592,0.206110263571603,-5.51681481477205,3822,0.891,364.16061,"Unknown","[M+H]+","ion correlated with 4088",0.143,TRUE,"null","null","null","null",999,FALSE,FALSE,FALSE,"null","null","null","null","null",22351.12,0,2424511,18,"Leaf vs Root","Leaf","Not selected"
"F4248_mz418.8769_rt0.41",-7.55086647892206,13.3748648968493,-1.754448291169,0.139766738288998,0.206110263571603,-5.5168857997142,4248,0.41,418.87692,"Unknown","[M+H]+",NA,0.143,FALSE,"null","null","null","null",999,FALSE,FALSE,FALSE,"null","null","null","null","null",109.93,0,149714,23,"Leaf vs Root","Root","Not selected"
"F88_mz74.9756_rt0.4",-6.59445525283265,11.5076463572548,-1.7521501457091,0.140181098730055,0.206552557720611,-5.51983529199622,88,0.399,74.97564,"Unknown","[M+H]+","ion correlated with 20",0.107,FALSE,"null","null","null","null",999,FALSE,FALSE,FALSE,"null","null","null","null","null",138.08,0,148847,23,"Leaf vs Root","Root","Not selected"
"F2550_mz261.0373_rt0.53",8.55475749060078,15.1813658253696,1.750866696232,0.140413047711665,0.206725571875657,-5.52148211770819,2550,0.529,261.03726,"Unknown","[M+H]+","ion correlated with 2175",0.143,FALSE,"null","null","null","null",999,FALSE,FALSE,FALSE,"null","null","null","null","null",251.52,2320.33333333333,604.755887421022,15,"Leaf vs Root","Leaf","Not selected"
"F3591_mz343.1237_rt0.49",0.813638360881006,18.7071208005033,1.74969777709527,0.14062463600702,0.206790127147651,-5.52298174702918,3591,0.489,343.12366,"Unknown","[M+H]+",NA,0.429,FALSE,"null","null","null","null",999,FALSE,FALSE,FALSE,"null","null","null","null","null",79,0,1008697,17,"Leaf vs Root","Leaf","Not selected"
"F747_mz131.1293_rt0.42",7.64565063397548,13.5719443544404,1.74935896333657,0.14068602556084,0.206790127147651,-5.52341637502949,747,0.42,131.1293,"Unknown","[M+H]+","ion correlated with 1096; ion correlated with 4587; similar chromatogram in higher mz_1471; similar chromatogram in higher mz_1682; similar chromatogram in higher mz_1689; similar chromatogram in higher mz_2567",0.5,TRUE,"null","null","null","null",999,FALSE,FALSE,FALSE,"null","null","null","null","null",818.65,0,10936066,17,"Leaf vs Root","Leaf","Not selected"
"F4687_mz526.2289_rt1.02",2.1433829324237,17.9936586621986,1.74369371987006,0.141716530470203,0.208135343774383,-5.53068084002614,4687,1.024,526.22894,"Unknown","[M+H]+","ion correlated with 1687; ion correlated with 4037; ion correlated with 3608; ion correlated with 4207; ion correlated with 1403; ion correlated with 3830",0.143,TRUE,"null","null","null","null",999,FALSE,FALSE,FALSE,"null","null","null","null","null",15632.71,0,1402963,8,"Leaf vs Root","Leaf","Not selected"
"F3514_mz335.2197_rt3.07",6.15421224831144,10.9334651384536,1.74182360585236,0.142058374355118,0.208467777000803,-5.53307766358122,3514,3.068,335.21967,"Unknown","[M+H]+","ion correlated with 3261",0.179,TRUE,"null","null","null","null",999,FALSE,FALSE,FALSE,"null","null","null","null","null",70.99,0,242147,20,"Leaf vs Root","Leaf","Not selected"
"F2149_mz229.0977_rt1.05",-7.4728623252132,13.2965885491112,-1.74079191104866,0.142247317212953,0.208493066521875,-5.53439967413474,2149,1.052,229.09773,"Unknown","[M+H]+","ion correlated with 1659",0.357,TRUE,"null","null","null","null",999,FALSE,FALSE,FALSE,"null","null","null","null","null",176.65,39738.3333333333,48.185030783942,23,"Leaf vs Root","Root","Not selected"
"F3251_mz312.363_rt4.99",5.76415629265919,10.0924473755428,1.74046835531108,0.14230662490579,0.208493066521875,-5.53481423976018,3251,4.993,312.36304,"Unknown","[M+H]+",NA,0.393,TRUE,"null","null","null","null",999,FALSE,FALSE,FALSE,"null","null","null","null","null",342.09,8579.33333333333,54.6773629618119,20,"Leaf vs Root","Leaf","Not selected"
"F4110_mz397.1651_rt1.16",7.39933617346068,13.179498885528,1.73432933870146,0.143436645189711,0.209978219438304,-5.54267660623097,4110,1.164,397.16507,"Unknown","[M+H]+","ion correlated with 4300; ion correlated with 3638; ion correlated with 4167; ion correlated with 4019; ion correlated with 1764; ion correlated with 3194; ion correlated with 4640; ion correlated with 3022; ion correlated with 2690; ion correlated with 4223; ion correlated with 5140; ion correlated with 4647; ion correlated with 4153; ion correlated with 3574; ion correlated with 4639; ion correlated with 4677; ion correlated with 4333; ion correlated with 4192; ion correlated with 4307; ion correlated with 3143; ion correlated with 4250; ion correlated with 4950; ion correlated with 4080; ion correlated with 4353; ion correlated with 4341; ion correlated with 3733; ion correlated with 4388; ion correlated with 2740; ion correlated with 4166; ion correlated with 4206; ion correlated with 1221; ion correlated with 4952; ion correlated with 3957; ion correlated with 3566; ion correlated with 4960; ion correlated with 4041; ion correlated with 3635; ion correlated with 4229; ion correlated with 4797; ion correlated with 4656; ion correlated with 4789; ion correlated with 4803; ion correlated with 4806; ion correlated with 3224; ion correlated with 4792; ion correlated with 4937; ion correlated with 1381; ion correlated with 1635; ion correlated with 4100; ion correlated with 2013; ion correlated with 4871; ion correlated with 3600; ion correlated with 4825",0.071,FALSE,"null","null","null","null",999,FALSE,FALSE,FALSE,"null","null","null","null","null",33.33,0,244949,10,"Leaf vs Root","Leaf","Not selected"
"F4803_mz579.2208_rt1.19",7.43656975972095,13.1821479516435,1.73110600249775,0.144033589671315,0.210681223141591,-5.54680216346248,4803,1.19,579.22083,"Unknown","[M+H]+","ion correlated with 4223; ion correlated with 5140; ion correlated with 4647; ion correlated with 4153; ion correlated with 4639; ion correlated with 4333; ion correlated with 4192; ion correlated with 4307; ion correlated with 3143; ion correlated with 4250; ion correlated with 4950; ion correlated with 4110; ion correlated with 4080; ion correlated with 4341; ion correlated with 3733; ion correlated with 4388; ion correlated with 2740; ion correlated with 4166; ion correlated with 4206; ion correlated with 1221; ion correlated with 4003; ion correlated with 4952; ion correlated with 3957; ion correlated with 4960; ion correlated with 4041; ion correlated with 3635; ion correlated with 4229; ion correlated with 4797; ion correlated with 4656; ion correlated with 4789; ion correlated with 4806; ion correlated with 3224; ion correlated with 4792; ion correlated with 4937; ion correlated with 4448; ion correlated with 1381; ion correlated with 1635; ion correlated with 4100; ion correlated with 2013; ion correlated with 3600; ion correlated with 3904; ion correlated with 4825; ion correlated with 4381; ion correlated with 3563; ion correlated with 3934",0.107,FALSE,"null","null","null","null",999,FALSE,FALSE,FALSE,"null","null","null","null","null",4013.69,0,223263,6,"Leaf vs Root","Leaf","Not selected"
"F3152_mz303.2323_rt3.9",7.17492459819463,12.7911524457854,1.73008412215359,0.144223358710364,0.210787985807455,-5.54810968837896,3152,3.901,303.23227,"Unknown","[M+H]+","ion correlated with 2711; ion correlated with 2914; ion correlated with 3163; ion correlated with 3705; ion correlated with 3853",0.071,TRUE,"null","null","null","null",999,FALSE,FALSE,FALSE,"null","null","null","null","null",6.41,0,245562,6,"Leaf vs Root","Leaf","Not selected"
"F2577_mz263.0879_rt0.48",-7.81102994273119,13.9795087569876,-1.7293805274258,0.144354166734578,0.21080847164718,-5.54900985023471,2577,0.479,263.08795,"Unknown","[M+H]+",NA,0.286,TRUE,"null","null","null","null",999,FALSE,FALSE,FALSE,"null","null","null","null","null",904.92,0,1752247,22,"Leaf vs Root","Root","Not selected"
"F2578_mz263.1032_rt1.06",8.10432120628093,14.4395759229427,1.72821173407553,0.144571725923437,0.210955509532581,-5.55050498137546,2578,1.058,263.10315,"Unknown","[M+H]+",NA,0.214,TRUE,"null","null","null","null",999,FALSE,FALSE,FALSE,"null","null","null","null","null",152.57,0,1206323,17,"Leaf vs Root","Leaf","Not selected"
"F3020_mz295.103_rt1.23",7.29033400110933,13.0316866236217,1.72753047664715,0.144698687534067,0.21097021890064,-5.55137633986647,3020,1.234,295.10297,"Unknown","[M+H]+","similar chromatogram in higher mz_4871; similar chromatogram in higher mz_4825; similar chromatogram in higher mz_4620",0.214,FALSE,"null","null","null","null",999,FALSE,FALSE,FALSE,"null","null","null","null","null",63.87,0,235987,20,"Leaf vs Root","Leaf","Not selected"
"F1296_mz170.0425_rt0.44",-0.754631855297739,16.6348141367524,-1.72639824727794,0.144909942406032,0.210983520534018,-5.55282432813513,1296,0.444,170.04253,"Unknown","[M+H]+","ion correlated with 1285; ion correlated with 1304; ion correlated with 2655; ion correlated with 1266; ion correlated with 4460; ion correlated with 4903",0.179,FALSE,"null","null","null","null",999,FALSE,FALSE,FALSE,"null","null","null","null","null",195.77,5332.33333333333,356.4721875,23,"Leaf vs Root","Root","Not selected"
"F2970_mz291.1303_rt0.66",8.67365289151517,15.4637009030388,1.7262287871772,0.144941587513675,0.210983520534018,-5.55304102795052,2970,0.658,291.13028,"Unknown","[M+H]+",NA,0.107,TRUE,"null","null","null","null",999,FALSE,FALSE,FALSE,"null","null","null","null","null",526.59,0,2997115,6,"Leaf vs Root","Leaf","Not selected"
"F4889_mz615.4993_rt8.27",6.84294678507625,11.9826631576635,1.72478681076304,0.145211145004576,0.211205573515923,-5.55488476997135,4889,8.272,615.49927,"Unknown","[M+H]+",NA,0.107,FALSE,"null","null","null","null",999,FALSE,FALSE,FALSE,"null","null","null","null","null",837.54,637,218.025078369906,9,"Leaf vs Root","Leaf","Not selected"
"F1986_mz217.105_rt7.71",-0.939995081506664,15.0489947499333,-1.72175498492446,0.145779550216061,0.211861584653776,-5.55876010603175,1986,7.709,217.10503,"Unknown","[M+H]+",NA,0.036,FALSE,"null","null","null","null",999,FALSE,FALSE,FALSE,"null","null","null","null","null",23.11,22488.6666666667,7.27760897597415,24,"Leaf vs Root","Root","Not selected"
"F1115_mz157.5149_rt0.51",-8.33116970059739,14.9630329786194,-1.72048297243235,0.146018692878124,0.211923093902009,-5.56038552038347,1115,0.511,157.51488,"Unknown","[M+H]+",NA,0.286,FALSE,"null","null","null","null",999,FALSE,FALSE,FALSE,"null","null","null","null","null",1108.93,0,352989,13,"Leaf vs Root","Root","Not selected"
"F428_mz110.0201_rt0.09",-1.1704293668293,18.7189918472307,-1.71998444075965,0.146112526164172,0.211923093902009,-5.56102247831506,428,0.093,110.02011,"Unknown","[M+H]+",NA,0.071,TRUE,"null","null","null","null",999,FALSE,FALSE,FALSE,"null","null","null","null","null",8.95,114545.666666667,7.38038936095914,24,"Leaf vs Root","Root","Not selected"
"F3838_mz365.1963_rt1.23",6.78662251463545,12.1550769864029,1.71965747284707,0.146174100780056,0.211923093902009,-5.5614402101433,3838,1.231,365.19632,"Unknown","[M+H]+","ion correlated with 3752; ion correlated with 3910; ion correlated with 4762; ion correlated with 3105; ion correlated with 3258; ion correlated with 3642; ion correlated with 2624; ion correlated with 3886; ion correlated with 4174; ion correlated with 4159; ion correlated with 3513",0.036,FALSE,"null","null","null","null",999,FALSE,FALSE,FALSE,"null","null","null","null","null",62.82,2780.33333333333,53.6393815915628,23,"Leaf vs Root","Leaf","Not selected"
"F3346_mz319.0012_rt0.65",-7.9496199258515,14.3458373269303,-1.70845258614595,0.148300048447896,0.214832734709834,-5.5757435927404,3346,0.647,319.00116,"Unknown","[M+H]+",NA,0.143,FALSE,"null","null","null","null",999,FALSE,FALSE,FALSE,"null","null","null","null","null",107.25,0,254904,14,"Leaf vs Root","Root","Not selected"
"F3370_mz321.0611_rt1.1",7.13113067514383,12.8199843071786,1.70473388159927,0.149012457111422,0.215691648024152,-5.58048545286521,3370,1.103,321.06113,"Unknown","[M+H]+","ion correlated with 4564; ion correlated with 4165; ion correlated with 4912; ion correlated with 3709; ion correlated with 4411; ion correlated with 4338; ion correlated with 4938; ion correlated with 3386; ion correlated with 4215; ion correlated with 4283; ion correlated with 4396; ion correlated with 4678; ion correlated with 4300; ion correlated with 4348; ion correlated with 4543; ion correlated with 3574; ion correlated with 4709; ion correlated with 955; ion correlated with 4038",0.036,FALSE,"null","null","null","null",999,FALSE,FALSE,FALSE,"null","null","null","null","null",86.18,0,270978,6,"Leaf vs Root","Leaf","Not selected"
"F3159_mz304.1506_rt0.46",-0.802100184786097,18.5135894641042,-1.69961617711876,0.149998498003803,0.216944943026334,-5.58700693361011,3159,0.457,304.15057,"Unknown","[M+H]+",NA,0.393,FALSE,"null","null","null","null",999,FALSE,FALSE,FALSE,"null","null","null","null","null",182.2,0,592368,16,"Leaf vs Root","Root","Not selected"
"F1867_mz209.1288_rt0.93",-6.74672653207398,12.1433929800554,-1.69659094156769,0.15058445271516,0.217569124334048,-5.59085962022649,1867,0.934,209.1288,"Unknown","[M+H]+","ion correlated with 2034; ion correlated with 2243; ion correlated with 824; ion correlated with 1911; ion correlated with 1348; ion correlated with 2082; ion correlated with 2139",0.429,FALSE,"null","null","null","null",999,FALSE,FALSE,FALSE,"null","null","null","null","null",118.53,19632,54.6347985534559,23,"Leaf vs Root","Root","Not selected"
"F1195_mz163.1482_rt1.18",6.54717160567095,11.7101812077116,1.69614439123105,0.15067113873549,0.217569124334048,-5.59142815937368,1195,1.182,163.14822,"Unknown","[M+H]+","ion correlated with 955; ion correlated with 4038; ion correlated with 1625; ion correlated with 4061; ion correlated with 4111; ion correlated with 4432; ion correlated with 4076; ion correlated with 1408; ion correlated with 1470; ion correlated with 1431; ion correlated with 4620",0.036,FALSE,"null","null","null","null",999,FALSE,FALSE,FALSE,"null","null","null","null","null",10.69,2761.33333333333,61.0755400024134,15,"Leaf vs Root","Leaf","Not selected"
"F4455_mz457.2956_rt5.04",7.45150392467046,13.4551790677908,1.691486556359,0.151578321673962,0.218704133190649,-5.5973561075458,4455,5.037,457.29556,"Unknown","[M+H]+","ion correlated with 4552",0.107,TRUE,"null","null","null","null",999,FALSE,FALSE,FALSE,"null","null","null","null","null",28.06,0,542484,5,"Leaf vs Root","Leaf","Not selected"
"F4348_mz436.2188_rt1.11",7.43602283106726,13.2131655411699,1.69069009498868,0.151733991345754,0.21875387729959,-5.59836932521615,4348,1.109,436.21878,"Unknown","[M+H]+","ion correlated with 4881; ion correlated with 1628; ion correlated with 1439; ion correlated with 4938; ion correlated with 4215; ion correlated with 4844; ion correlated with 955; ion correlated with 4038",0.071,FALSE,"null","null","null","null",999,FALSE,FALSE,FALSE,"null","null","null","null","null",179.17,0,672441,10,"Leaf vs Root","Leaf","Not selected"
"F3603_mz344.2551_rt1.09",-6.40979357818721,11.6516228821899,-1.68323898689218,0.153198097143904,0.22061862728826,-5.60784216222927,3603,1.086,344.2551,"Unknown","[M+H]+","ion correlated with 3479; ion correlated with 4022; ion correlated with 3786; ion correlated with 3587; ion correlated with 3129; ion correlated with 3160; ion correlated with 2526; ion correlated with 2633; ion correlated with 3335; ion correlated with 3569; ion correlated with 2499; ion correlated with 807; ion correlated with 1798",0.286,FALSE,"null","null","null","null",999,FALSE,FALSE,FALSE,"null","null","null","null","null",130.04,0,674685,17,"Leaf vs Root","Root","Not selected"
"F1091_mz155.5443_rt0.46",1.15727878505199,16.984215385731,1.68286533775025,0.153271888431844,0.22061862728826,-5.60831690299429,1091,0.457,155.5443,"Unknown","[M+H]+","ion correlated with 3829; ion correlated with 4413; ion correlated with 1230; ion correlated with 4249; ion correlated with 3095; ion correlated with 3069; ion correlated with 998; ion correlated with 1872; ion correlated with 4124; ion correlated with 977",0.107,FALSE,"null","null","null","null",999,FALSE,FALSE,FALSE,"null","null","null","null","null",197.55,0,348380,6,"Leaf vs Root","Leaf","Not selected"
"F4317_mz430.1861_rt1.03",-7.50754875548144,13.5971848431402,-1.67951772657628,0.153934589810856,0.22139596383155,-5.61256896372117,4317,1.03,430.1861,"Unknown","[M+H]+",NA,0.071,FALSE,"null","null","null","null",999,FALSE,FALSE,FALSE,"null","null","null","null","null",2876.38,0,178902,9,"Leaf vs Root","Root","Not selected"
"F3350_mz319.1296_rt0.96",7.84966739663067,14.3852057885651,1.67528621411226,0.154776370297195,0.222429417505124,-5.61794048525069,3350,0.96,319.12955,"Unknown","[M+H]+",NA,0.143,TRUE,"null","null","null","null",999,FALSE,FALSE,FALSE,"null","null","null","null","null",259.05,0,923913,14,"Leaf vs Root","Leaf","Not selected"
"F1657_mz195.0866_rt0.46",0.507316942849867,21.4067748070349,1.67146839754688,0.155539798956428,0.223348716878562,-5.62278371237037,1657,0.456,195.08656,"Unknown","[M+H]+","ion correlated with 2965; ion correlated with 2415; ion correlated with 1621; ion correlated with 1901; ion correlated with 1879; ion correlated with 1977; ion correlated with 1942; ion correlated with 3203; ion correlated with 2771; similar chromatogram in higher mz_3242",0.5,TRUE,"null","null","null","null",999,FALSE,FALSE,FALSE,"null","null","null","null","null",193.85,3881,1658.60664605873,24,"Leaf vs Root","Leaf","Not selected"
"F4622_mz502.84_rt0.41",-6.95047068277735,12.7103536860849,-1.66933579170072,0.155967880248611,0.223785392566569,-5.62548779566175,4622,0.412,502.84003,"Unknown","[M+H]+",NA,0.071,FALSE,"null","null","null","null",999,FALSE,FALSE,FALSE,"null","null","null","null","null",1518.95,0,146262,23,"Leaf vs Root","Root","Not selected"
"F2146_mz229.0323_rt0.93",7.53583849938486,13.8352252737722,1.66622360882816,0.156594704171872,0.224506307410825,-5.62943225714889,2146,0.927,229.03233,"Unknown","[M+H]+","ion correlated with 2112; ion correlated with 3275",0.107,FALSE,"null","null","null","null",999,FALSE,FALSE,FALSE,"null","null","null","null","null",38.81,0,441034,5,"Leaf vs Root","Leaf","Not selected"
"F1473_mz181.9885_rt0.4",-0.430099904177955,20.3894110601781,-1.66036907055947,0.157780681207827,0.226027086968355,-5.63684694140025,1473,0.399,181.98851,"Unknown","[M+H]+","ion correlated with 470; ion correlated with 275; ion correlated with 2692",0.25,FALSE,"null","null","null","null",999,FALSE,FALSE,FALSE,"null","null","null","null","null",180.19,52342.3333333333,47.1834490224798,15,"Leaf vs Root","Root","Not selected"
"F3055_mz298.0637_rt0.45",-7.04415011302828,12.935363355922,-1.65897568433632,0.158064261294364,0.226253760219134,-5.63861057495031,3055,0.449,298.06369,"Unknown","[M+H]+",NA,0.143,FALSE,"null","null","null","null",999,FALSE,FALSE,FALSE,"null","null","null","null","null",37.5,0,216285,15,"Leaf vs Root","Root","Not selected"
"F1015_mz149.0599_rt0.95",7.22625831615282,13.3626171615573,1.65262598892916,0.159362983329815,0.227932000721328,-5.64664223381821,1015,0.954,149.05994,"Unknown","[M+H]+","ion correlated with 1785; ion correlated with 391; ion correlated with 2359; ion correlated with 2018; ion correlated with 2168; ion correlated with 2068",0.357,TRUE,"null","null","null","null",999,FALSE,FALSE,FALSE,"null","null","null","null","null",270.41,7738.33333333333,467.798561460936,23,"Leaf vs Root","Leaf","Not selected"
"F1812_mz205.1184_rt0.49",0.646427830149862,16.473433824542,1.65188918464046,0.159514370218657,0.227967884595943,-5.64757364657591,1812,0.488,205.11844,"Unknown","[M+H]+","ion correlated with 493; ion correlated with 2004; ion correlated with 1266; ion correlated with 1808; ion correlated with 2364; ion correlated with 1162; ion correlated with 2016; ion correlated with 1989; ion correlated with 1541; ion correlated with 4903; ion correlated with 2372; ion correlated with 5035; ion correlated with 991",0.25,FALSE,"null","null","null","null",999,FALSE,FALSE,FALSE,"null","null","null","null","null",175.05,2831.33333333333,526.193362363187,20,"Leaf vs Root","Leaf","Not selected"
"F104_mz78.952_rt0.73",-1.0328516890323,16.0312055004628,-1.65063671225989,0.159772036837999,0.228093840238745,-5.64915665792607,104,0.728,78.95203,"Unknown","[M+H]+",NA,0.036,FALSE,"null","null","null","null",999,FALSE,FALSE,FALSE,"null","null","null","null","null",80.99,2455,46.7459283387622,18,"Leaf vs Root","Root","Not selected"
"F1606_mz192.0693_rt1.05",-6.04505756820308,11.0010324039321,-1.65023270619957,0.15985523983491,0.228093840238745,-5.64966721213797,1606,1.055,192.06927,"Unknown","[M+H]+","ion correlated with 1927; ion correlated with 1765; ion correlated with 3243; ion correlated with 1504; ion correlated with 4175; ion correlated with 1578; ion correlated with 2486; ion correlated with 2587; ion correlated with 2253",0.071,TRUE,"null","null","null","null",999,FALSE,FALSE,FALSE,"null","null","null","null","null",153.58,13005.6666666667,83.0873141978473,23,"Leaf vs Root","Root","Not selected"
"F4135_mz400.9388_rt0.39",-0.737048347751843,17.3420172052938,-1.63996866916781,0.161983575249644,0.230924948291914,-5.66262615457887,4135,0.391,400.93881,"Unknown","[M+H]+","ion correlated with 3999",0.143,FALSE,"null","null","null","null",999,FALSE,FALSE,FALSE,"null","null","null","null","null",4263.32,0,266401,21,"Leaf vs Root","Root","Not selected"
"F1617_mz193.0347_rt0.73",8.10727179652232,15.014639729771,1.63943386089501,0.162095240712385,0.230924948291914,-5.66330074137651,1617,0.73,193.03471,"Unknown","[M+H]+","ion correlated with 847; ion correlated with 704; ion correlated with 1371; ion correlated with 2174; ion correlated with 1938; similar chromatogram in higher mz_4268; similar chromatogram in higher mz_4370",0.214,FALSE,"null","null","null","null",999,FALSE,FALSE,FALSE,"null","null","null","null","null",32.34,4571.33333333333,225.780782970037,15,"Leaf vs Root","Leaf","Not selected"
"F2859_mz284.171_rt0.78",7.14817696104312,13.2838659076139,1.63780473189029,0.162435866407804,0.2312277120395,-5.66535526833449,2859,0.777,284.17099,"Unknown","[M+H]+",NA,0.071,FALSE,"null","null","null","null",999,FALSE,FALSE,FALSE,"null","null","null","null","null",45.7,21021,12.458043953953,17,"Leaf vs Root","Leaf","Not selected"
"F1818_mz205.1953_rt4.24",-0.960313580851588,16.2989892549019,-1.63707231592824,0.162589234689278,0.231263647450076,-5.66627873872937,1818,4.242,205.19534,"Unknown","[M+H]+",NA,0.107,FALSE,"null","null","null","null",999,FALSE,FALSE,FALSE,"null","null","null","null","null",13.54,0,128292,6,"Leaf vs Root","Root","Not selected"
"F3134_mz302.3058_rt3.01",0.561252110600092,19.2049386725018,1.63422082141967,0.163187709081397,0.231932137710174,-5.66987290953998,3134,3.011,302.30582,"Unknown","[M+H]+",NA,0.214,TRUE,"null","null","null","null",999,FALSE,FALSE,FALSE,"null","null","null","null","null",75.37,1574.33333333333,960.204401184934,19,"Leaf vs Root","Leaf","Not selected"
"F695_mz128.1072_rt0.71",8.35180448410632,15.5982130674251,1.6322079715481,0.163611483166058,0.232067062858949,-5.67240890215368,695,0.714,128.10716,"Unknown","[M+H]+","ion correlated with 697; ion correlated with 1619; ion correlated with 2081; ion correlated with 2232",0.071,TRUE,"null","null","null","null",999,FALSE,FALSE,FALSE,"null","null","null","null","null",147.38,102656.666666667,17.5533407149328,23,"Leaf vs Root","Leaf","Not selected"
"F697_mz128.1072_rt0.69",8.35180448410632,15.5982130674251,1.6322079715481,0.163611483166058,0.232067062858949,-5.67240890215368,697,0.686,128.10719,"Unknown","[M+H]+","ion correlated with 1619; ion correlated with 695; ion correlated with 2081",0.214,FALSE,"null","null","null","null",999,FALSE,FALSE,FALSE,"null","null","null","null","null",74.64,102656.666666667,17.5533407149328,23,"Leaf vs Root","Leaf","Not selected"
"F369_mz104.5285_rt0.4",-0.876423432513455,16.6670650087022,-1.63193825987535,0.163668349595259,0.232067062858949,-5.67274864240003,369,0.4,104.52849,"Unknown","[M+H]+",NA,0.143,FALSE,"null","null","null","null",999,FALSE,FALSE,FALSE,"null","null","null","null","null",87.67,710,434.06188466948,24,"Leaf vs Root","Root","Not selected"
"F2153_mz229.1551_rt0.9",0.587846504945857,19.9675620730038,1.63053147079898,0.163965277024157,0.232305592644116,-5.67452042493888,2153,0.901,229.15508,"Unknown","[M+H]+",NA,0.286,TRUE,"null","null","null","null",999,FALSE,FALSE,FALSE,"null","null","null","null","null",138.59,1223.33333333333,2280.52845085761,18,"Leaf vs Root","Leaf","Not selected"
"F2053_mz222.1129_rt1.18",0.746693932789839,14.0992232311099,1.62445346977266,0.165254293266804,0.233948234781633,-5.68217016019487,2053,1.179,222.11288,"Unknown","[M+H]+",NA,0.107,TRUE,"null","null","null","null",999,FALSE,FALSE,FALSE,"null","null","null","null","null",453.87,21574.3333333333,150.442820504898,24,"Leaf vs Root","Leaf","Not selected"
"F1836_mz207.1133_rt1.01",-1.06931921573743,14.0348856285135,-1.62123812688409,0.165940253753607,0.234735233562117,-5.68621351913942,1836,1.009,207.11331,"Unknown","[M+H]+","ion correlated with 4224; ion correlated with 3480; ion correlated with 4443; ion correlated with 3465; ion correlated with 3294; ion correlated with 4231; ion correlated with 1581; ion correlated with 4454; ion correlated with 3451; ion correlated with 2985; ion correlated with 3379; ion correlated with 3479; ion correlated with 3776; ion correlated with 2554; ion correlated with 3295",0.036,FALSE,"null","null","null","null",999,FALSE,FALSE,FALSE,"null","null","null","null","null",73.89,21376,18.6276371801469,24,"Leaf vs Root","Root","Not selected"
"F2991_mz293.0636_rt0.48",-0.596832282549102,19.4040231370139,-1.62041559876479,0.166116183938515,0.234800087712623,-5.68724747821866,2991,0.475,293.0636,"Unknown","[M+H]+","ion correlated with 1072; ion correlated with 841",0.214,FALSE,"null","null","null","null",999,FALSE,FALSE,FALSE,"null","null","null","null","null",56.25,2760.66666666667,452.406155703078,9,"Leaf vs Root","Root","Not selected"
"F2178_mz231.0771_rt0.97",-6.89868149124216,12.9780195654722,-1.61553814570036,0.167163217984312,0.235971679640013,-5.69337542164532,2178,0.968,231.07715,"Unknown","[M+H]+",NA,0.25,FALSE,"null","null","null","null",999,FALSE,FALSE,FALSE,"null","null","null","null","null",93.76,13065,34.734654829328,23,"Leaf vs Root","Root","Not selected"
"F1304_mz171.0168_rt0.44",-0.882036264794996,17.9106053828009,-1.6153370559817,0.167206525351566,0.235971679640013,-5.69362794683307,1304,0.44,171.01677,"Unknown","[M+H]+","ion correlated with 1285; ion correlated with 1831; ion correlated with 4460; ion correlated with 4903",0.357,FALSE,"null","null","null","null",999,FALSE,FALSE,FALSE,"null","null","null","null","null",107.39,0,2595263,21,"Leaf vs Root","Root","Not selected"
"F1985_mz217.105_rt8.02",-0.984748526965952,15.685069872195,-1.61370679842399,0.167558032865401,0.236151927659612,-5.69567484421787,1985,8.023,217.105,"Unknown","[M+H]+",NA,0.036,FALSE,"null","null","null","null",999,FALSE,FALSE,FALSE,"null","null","null","null","null",34.36,27275.3333333333,7.58903322782877,24,"Leaf vs Root","Root","Not selected"
"F1252_mz167.013_rt8.02",-1.21959797117326,13.6929710848831,-1.6135313251926,0.167595910987237,0.236151927659612,-5.6958951250243,1252,8.023,167.01305,"Unknown","[M+H]+",NA,0.036,FALSE,"null","null","null","null",999,FALSE,FALSE,FALSE,"null","null","null","null","null",4.57,8239.66666666667,23.5836501901141,24,"Leaf vs Root","Root","Not selected"
"F1075_mz154.1227_rt0.83",-0.367765709817717,28.4990455336523,-1.61156869082765,0.16802014752886,0.2363806440293,-5.69835842450279,1075,0.829,154.12271,"Unknown","[M+H]+","ion correlated with 1077",0.107,TRUE,"null","null","null","null",999,FALSE,FALSE,FALSE,"null","null","null","null","null",14195.71,88058,6971.56952724878,24,"Leaf vs Root","Root","Not selected"
"F1077_mz154.1228_rt0.86",-0.367765709817717,28.4990455336523,-1.61156869082765,0.16802014752886,0.2363806440293,-5.69835842450279,1077,0.863,154.12282,"Unknown","[M+H]+","ion correlated with 1075",0.143,TRUE,"null","null","null","null",999,FALSE,FALSE,FALSE,"null","null","null","null","null",28138.63,83837,7322.56782127436,24,"Leaf vs Root","Root","Not selected"
"F4214_mz413.1576_rt1.25",6.59987622943352,12.4318909998408,1.60998313488728,0.168363650684499,0.23667943106349,-5.70034778251062,4214,1.251,413.15759,"Unknown","[M+H]+","ion correlated with 3224; ion correlated with 4937; ion correlated with 4448; ion correlated with 1381; ion correlated with 1635; ion correlated with 3600; ion correlated with 4688; ion correlated with 3904; ion correlated with 4825; ion correlated with 4381; ion correlated with 3563; ion correlated with 4985; ion correlated with 3934; ion correlated with 3051; ion correlated with 4031; ion correlated with 2952; ion correlated with 3513; ion correlated with 4416; ion correlated with 3321; ion correlated with 4511; ion correlated with 4801; ion correlated with 2898; ion correlated with 3502; ion correlated with 4892",0.071,FALSE,"null","null","null","null",999,FALSE,FALSE,FALSE,"null","null","null","null","null",1048.36,0,105379,5,"Leaf vs Root","Leaf","Not selected"
"F3803_mz362.1815_rt1.04",7.49758045929447,14.1306701120541,1.60897955091101,0.168581430748223,0.23680115369692,-5.70160664367357,3803,1.037,362.18149,"Unknown","[M+H]+","ion correlated with 792; ion correlated with 4035; ion correlated with 4338; ion correlated with 4486; ion correlated with 2012",0.179,FALSE,"null","null","null","null",999,FALSE,FALSE,FALSE,"null","null","null","null","null",658.91,0,588547,14,"Leaf vs Root","Leaf","Not selected"
"F5086_mz739.6367_rt0.53",-7.12070826431722,13.1204056549659,-1.60707940987008,0.168994527968318,0.237196829691146,-5.70398945260082,5086,0.527,739.63672,"Unknown","[M+H]+",NA,0.071,FALSE,"null","null","null","null",999,FALSE,FALSE,FALSE,"null","null","null","null","null",15.43,1734.66666666667,75.0466679469944,17,"Leaf vs Root","Root","Not selected"
"F2557_mz261.1313_rt7.93",-1.37234540894792,11.7591534461539,-1.60491341117531,0.16946664239815,0.23767466163843,-5.70670458987231,2557,7.931,261.13126,"Unknown","[M+H]+","ion correlated with 423",0.071,FALSE,"null","null","null","null",999,FALSE,FALSE,FALSE,"null","null","null","null","null",30.11,5798.66666666667,20.2465084200241,23,"Leaf vs Root","Root","Not selected"
"F1700_mz198.0976_rt0.69",-0.924145065348589,17.4791797757112,-1.60319525303653,0.169842068211927,0.238016252424323,-5.70885753905299,1700,0.693,198.09758,"Unknown","[M+H]+","ion correlated with 4471; ion correlated with 1187; ion correlated with 1441; ion correlated with 361",0.357,FALSE,"null","null","null","null",999,FALSE,FALSE,FALSE,"null","null","null","null","null",191.32,20539.3333333333,86.9845669495789,22,"Leaf vs Root","Root","Not selected"
"F100_mz78.6808_rt0.52",-8.39093720587119,15.8931393739583,-1.60116158384311,0.170287495046447,0.23845533635286,-5.71140491348949,100,0.525,78.68075,"Unknown","[M+H]+","ion correlated with 123; found in higher mz's MsMs_109",0.429,TRUE,"null","null","null","null",999,FALSE,FALSE,FALSE,"null","null","null","null","null",683.15,7577.33333333333,191.54040026391,21,"Leaf vs Root","Root","Not selected"
"F4642_mz507.3664_rt8.55",-1.33497358004092,15.4234895327217,-1.59585973035817,0.171454162143966,0.239719065492142,-5.71804125402308,4642,8.551,507.36642,"Unknown","[M+H]+",NA,0.036,FALSE,"null","null","null","null",999,FALSE,FALSE,FALSE,"null","null","null","null","null",51.58,523.333333333333,313.245390972664,9,"Leaf vs Root","Root","Not selected"
"F2714_mz273.2581_rt6.19",0.396947129974792,18.3122339929212,1.59585332959595,0.171455575374158,0.239719065492142,-5.71804926168649,2714,6.193,273.25812,"Unknown","[M+H]+","ion correlated with 4285; similar chromatogram in higher mz_4285; similar chromatogram in higher mz_4311",0.214,TRUE,"null","null","null","null",999,FALSE,FALSE,FALSE,"null","null","null","null","null",9.12,0,849693,7,"Leaf vs Root","Leaf","Not selected"
"F1568_mz189.1237_rt0.97",-0.796439211796935,14.8568131055405,-1.59409245498297,0.171844796597832,0.240077289364618,-5.72025181588856,1568,0.969,189.12367,"Unknown","[M+H]+","ion correlated with 1958; ion correlated with 1993; ion correlated with 350; ion correlated with 765; ion correlated with 2210; ion correlated with 1786; ion correlated with 2580",0.357,TRUE,"null","null","null","null",999,FALSE,FALSE,FALSE,"null","null","null","null","null",1373.06,2952,4107.05621401964,24,"Leaf vs Root","Root","Not selected"
"F4115_mz398.2022_rt1.03",6.74331684306708,12.7997097567944,1.5926014322163,0.17217505040621,0.240352641905034,-5.72211622978326,4115,1.026,398.20221,"Unknown","[M+H]+","similar chromatogram in higher mz_4674",0.071,FALSE,"null","null","null","null",999,FALSE,FALSE,FALSE,"null","null","null","null","null",1757.46,611,284.735294117647,15,"Leaf vs Root","Leaf","Not selected"
"F3476_mz332.1458_rt0.46",7.2994557617789,13.886743105751,1.59180642102171,0.172351396607561,0.240412883212247,-5.72311010640618,3476,0.462,332.14584,"Unknown","[M+H]+",NA,0.393,FALSE,"null","null","null","null",999,FALSE,FALSE,FALSE,"null","null","null","null","null",3241.03,0,644070,17,"Leaf vs Root","Leaf","Not selected"
"F3683_mz350.3058_rt5.39",0.393116007568954,16.4101606788214,1.59033325984201,0.172678637410348,0.240683351757281,-5.72495134957354,3683,5.389,350.30579,"Unknown","[M+H]+","ion correlated with 5052; ion correlated with 2913; ion correlated with 3178; ion correlated with 3425; ion correlated with 3528",0.107,FALSE,"null","null","null","null",999,FALSE,FALSE,FALSE,"null","null","null","null","null",15.01,0,185320,6,"Leaf vs Root","Leaf","Not selected"
"F2186_mz231.9266_rt0.39",0.569911515974924,17.7403161610736,1.58914489853485,0.172943059678909,0.240865912592925,-5.72643623742677,2186,0.391,231.92656,"Unknown","[M+H]+","ion correlated with 2461; ion correlated with 3029; ion correlated with 254; ion correlated with 538; ion correlated with 2384; ion correlated with 2405; ion correlated with 3696",0.143,FALSE,"null","null","null","null",999,FALSE,FALSE,FALSE,"null","null","null","null","null",4953.19,0,643739,9,"Leaf vs Root","Leaf","Not selected"
"F123_mz79.3641_rt0.52",-8.25690088946345,15.7432718451492,-1.58725494605396,0.173364413809798,0.2411338855586,-5.72879705099014,123,0.52,79.36412,"Unknown","[M+H]+","ion correlated with 100",0.429,FALSE,"null","null","null","null",999,FALSE,FALSE,FALSE,"null","null","null","null","null",603.6,7794,176.236561898653,18,"Leaf vs Root","Root","Not selected"
"F2865_mz285.0973_rt1.06",7.96420125610564,15.0070701749668,1.58708366364724,0.173402650113608,0.2411338855586,-5.72901096211241,2865,1.058,285.09729,"Unknown","[M+H]+","ion correlated with 1458; ion correlated with 792; ion correlated with 4165; ion correlated with 4759; ion correlated with 799; ion correlated with 4338; ion correlated with 1439; ion correlated with 3188; ion correlated with 3125; ion correlated with 4678",0.143,TRUE,"null","null","null","null",999,FALSE,FALSE,FALSE,"null","null","null","null","null",60.13,5801,293.34160634264,19,"Leaf vs Root","Leaf","Not selected"
"F4445_mz455.2801_rt5.43",1.04873570055704,14.560777283887,1.58379105731049,0.174139290544996,0.241971839440891,-5.73312159033847,4445,5.435,455.28006,"Unknown","[M+H]+",NA,0.036,FALSE,"null","null","null","null",999,FALSE,FALSE,FALSE,"null","null","null","null","null",12.35,0,103236,6,"Leaf vs Root","Leaf","Not selected"
"F3023_mz295.1295_rt1.03",-1.02361508396085,13.7321810948676,-1.58306337931028,0.174302505372638,0.242012324767394,-5.73402968338798,3023,1.026,295.12949,"Unknown","[M+H]+",NA,0.393,TRUE,"null","null","null","null",999,FALSE,FALSE,FALSE,"null","null","null","null","null",214.19,634.666666666667,2550.92029365496,19,"Leaf vs Root","Root","Not selected"
"F1512_mz184.9699_rt0.45",6.76271552821562,12.9205682012103,1.58092031773064,0.17478405802521,0.242397245398678,-5.73670329639262,1512,0.447,184.96994,"Unknown","[M+H]+",NA,0.143,FALSE,"null","null","null","null",999,FALSE,FALSE,FALSE,"null","null","null","null","null",16.94,5219.33333333333,45.3654939020497,18,"Leaf vs Root","Leaf","Not selected"
"F1372_mz175.0455_rt0.39",-0.566178383876156,18.2150833085615,-1.58063478051667,0.174848317733562,0.242397245398678,-5.73705943471962,1372,0.394,175.04552,"Unknown","[M+H]+","ion correlated with 497",0.393,FALSE,"null","null","null","null",999,FALSE,FALSE,FALSE,"null","null","null","null","null",55.31,1777.33333333333,263.831302717901,24,"Leaf vs Root","Root","Not selected"
"F3753_mz358.09_rt0.94",6.80607369911364,12.9901430386399,1.5789656077786,0.175224427071193,0.242732226295858,-5.73914090471344,3753,0.936,358.09,"Unknown","[M+H]+","ion correlated with 4572; ion correlated with 4151",0.071,FALSE,"null","null","null","null",999,FALSE,FALSE,FALSE,"null","null","null","null","null",28.4,1591,166.913944723618,5,"Leaf vs Root","Leaf","Not selected"
"F1273_mz168.1022_rt0.93",-0.71750631469129,15.0611073356712,-1.57598507202862,0.175897998429811,0.243166548807227,-5.74285587325634,1273,0.932,168.10219,"Unknown","[M+H]+","ion correlated with 47; ion correlated with 2643; ion correlated with 4011; ion correlated with 2204; ion correlated with 2835; ion correlated with 2264; ion correlated with 2963; ion correlated with 3334; ion correlated with 3381; ion correlated with 2802; ion correlated with 2829; ion correlated with 3902; ion correlated with 3161; ion correlated with 3743; ion correlated with 1446; ion correlated with 2994; ion correlated with 3132; ion correlated with 2444; ion correlated with 3393",0.036,FALSE,"null","null","null","null",999,FALSE,FALSE,FALSE,"null","null","null","null","null",81.32,12451.3333333333,111.980780041224,24,"Leaf vs Root","Root","Not selected"
"F3558_mz338.8419_rt0.42",0.40663841318519,16.6455190485725,1.57594597311191,0.17590685126358,0.243166548807227,-5.74290459130556,3558,0.416,338.84189,"Unknown","[M+H]+",NA,0.107,FALSE,"null","null","null","null",999,FALSE,FALSE,FALSE,"null","null","null","null","null",3885.38,0,226012,24,"Leaf vs Root","Leaf","Not selected"
"F258_mz97.0286_rt0.69",7.32463062103304,14.0400015341391,1.57579026030868,0.17594211232257,0.243166548807227,-5.74309860872132,258,0.694,97.02857,"Unknown","[M+H]+",NA,0.143,FALSE,"null","null","null","null",999,FALSE,FALSE,FALSE,"null","null","null","null","null",76.89,97499.3333333333,11.5510476887259,23,"Leaf vs Root","Leaf","Not selected"
"F4257_mz420.1871_rt1.04",7.66983152445758,14.7071808040971,1.57475308462045,0.176177157098865,0.243305102190859,-5.74439076473055,4257,1.045,420.1871,"Unknown","[M+H]+","ion correlated with 4201; ion correlated with 1405; ion correlated with 4483; ion correlated with 3937; ion correlated with 4037; ion correlated with 1217; ion correlated with 4550; ion correlated with 4658; ion correlated with 3562; ion correlated with 3741; ion correlated with 4035; ion correlated with 4557; ion correlated with 3349; ion correlated with 3962; ion correlated with 4649; ion correlated with 819; ion correlated with 3823; ion correlated with 4486; ion correlated with 3491; ion correlated with 4603; ion correlated with 3140; ion correlated with 1289",0.107,FALSE,"null","null","null","null",999,FALSE,FALSE,FALSE,"null","null","null","null","null",204.79,0,701134,12,"Leaf vs Root","Leaf","Not selected"
"F4599_mz494.2603_rt1.11",6.37473218538574,12.1478980020685,1.57141333068836,0.176936107279422,0.244166417155471,-5.74854967064724,4599,1.112,494.26028,"Unknown","[M+H]+","ion correlated with 3122; ion correlated with 3136; ion correlated with 4480; ion correlated with 4237; ion correlated with 1668; ion correlated with 1921",0.036,FALSE,"null","null","null","null",999,FALSE,FALSE,FALSE,"null","null","null","null","null",91.87,0,173000,5,"Leaf vs Root","Leaf","Not selected"
"F1040_mz151.1118_rt1.1",0.713762023048507,16.5236763322142,1.5658561705422,0.17820606784281,0.245731056116327,-5.75546339213528,1040,1.1,151.1118,"Unknown","[M+H]+","ion correlated with 4550; ion correlated with 1020; ion correlated with 2128; ion correlated with 4486",0.071,FALSE,"null","null","null","null",999,FALSE,FALSE,FALSE,"null","null","null","null","null",37.62,47121,5.35654259157082,24,"Leaf vs Root","Leaf","Not selected"
"F2549_mz261.031_rt0.39",-0.421948891688599,18.713221198342,-1.56425738456268,0.178573084896345,0.246049174227407,-5.75745095220069,2549,0.393,261.03101,"Unknown","[M+H]+","ion correlated with 2097",0.464,FALSE,"null","null","null","null",999,FALSE,FALSE,FALSE,"null","null","null","null","null",133.76,0,706120,24,"Leaf vs Root","Root","Not selected"
"F1516_mz185.0239_rt0.4",-2.85902280882617,21.0340435646113,-1.5606550883003,0.179402742046745,0.247003775281751,-5.76192672666732,1516,0.401,185.02388,"Unknown","[M+H]+","adduct linked to 233_[M+H]2+",0.143,FALSE,"null","null","null","null",999,FALSE,FALSE,FALSE,"null","null","null","null","null",19.53,2009.66666666667,4243.43832891247,24,"Leaf vs Root","Root","Not selected"
"F2622_mz267.1598_rt1.23",-1.3467278914722,17.3897586974517,-1.5577584665032,0.180072608068948,0.247599326748065,-5.76552320358644,2622,1.23,267.15976,"Unknown","[M+H]+","similar chromatogram in higher mz_4402",0.071,TRUE,"null","null","null","null",999,FALSE,FALSE,FALSE,"null","null","null","null","null",72.91,36500,12.86099010986,24,"Leaf vs Root","Root","Not selected"
"F804_mz136.0619_rt0.64",-0.737519115738957,20.1229203595201,-1.55759860353606,0.180109648764659,0.247599326748065,-5.76572162565066,804,0.643,136.06194,"Unknown","[M+H]+","ion correlated with 60; similar chromatogram in higher mz_2494; similar chromatogram in higher mz_2718; similar chromatogram in higher mz_2874",0.571,TRUE,"null","null","null","null",999,FALSE,FALSE,FALSE,"null","null","null","null","null",1217.92,26421.6666666667,1000.89984609174,22,"Leaf vs Root","Root","Not selected"
"F1290_mz169.1226_rt1.22",0.390183377063733,16.3658504803368,1.5543043540184,0.180874596294285,0.248461679080049,-5.76980891845522,1290,1.221,169.12256,"Unknown","[M+H]+",NA,0.036,FALSE,"null","null","null","null",999,FALSE,FALSE,FALSE,"null","null","null","null","null",50.22,35808,5.0221731966824,24,"Leaf vs Root","Leaf","Not selected"
"F1359_mz174.1128_rt1.14",-5.74261544082254,11.1127686009589,-1.55286428865225,0.181209986162272,0.248733098876731,-5.77159473730679,1359,1.143,174.11275,"Unknown","[M+H]+","ion correlated with 1850; similar chromatogram in higher mz_1892",0.429,TRUE,"null","null","null","null",999,FALSE,FALSE,FALSE,"null","null","null","null","null",251.68,10240.3333333333,386.001399557349,23,"Leaf vs Root","Root","Not selected"
"F1097_mz156.1021_rt1.14",-1.05494103490273,13.2689943708001,-1.55122669087816,0.1815921195868,0.249068218734174,-5.77362483089033,1097,1.142,156.10214,"Unknown","[M+H]+","ion correlated with 696; ion correlated with 2801; ion correlated with 2369",0.25,FALSE,"null","null","null","null",999,FALSE,FALSE,FALSE,"null","null","null","null","null",60.74,17108,33.8732246186218,24,"Leaf vs Root","Root","Not selected"
"F3569_mz340.1873_rt1.09",6.28022698494462,12.1511867359104,1.54998585003845,0.181882193876749,0.249276659033813,-5.77516258725098,3569,1.092,340.18729,"Unknown","[M+H]+","ion correlated with 3786; ion correlated with 3587; ion correlated with 3129; ion correlated with 3160; ion correlated with 2908; ion correlated with 2633; ion correlated with 3335; ion correlated with 2190; ion correlated with 2499; ion correlated with 807",0.393,TRUE,"null","null","null","null",999,FALSE,FALSE,FALSE,"null","null","null","null","null",94.65,4444,194.004724409449,23,"Leaf vs Root","Leaf","Not selected"
"F4441_mz455.1162_rt0.47",-0.707436076112233,18.7422638337384,-1.54457415482043,0.183152596382111,0.250827341782785,-5.78186429182375,4441,0.467,455.11615,"Unknown","[M+H]+",NA,0.214,FALSE,"null","null","null","null",999,FALSE,FALSE,FALSE,"null","null","null","null","null",9069.02,0,802937,9,"Leaf vs Root","Root","Not selected"
"F1593_mz191.1069_rt2.14",7.04099163283524,12.6845651058609,1.54345046956715,0.183417466496134,0.250999641414346,-5.78325482323801,1593,2.145,191.10687,"Unknown","[M+H]+","similar chromatogram in higher mz_3297",0.071,TRUE,"null","null","null","null",999,FALSE,FALSE,FALSE,"null","null","null","null","null",28.22,536,1431.947858473,10,"Leaf vs Root","Leaf","Not selected"
"F1543_mz187.1331_rt1.1",6.60168440831292,12.8504993370558,1.53634870540705,0.185100122101509,0.253110394237291,-5.792034948852,1543,1.1,187.13312,"Unknown","[M+H]+",NA,0.071,FALSE,"null","null","null","null",999,FALSE,FALSE,FALSE,"null","null","null","null","null",22.64,17847.6666666667,13.3209950323087,23,"Leaf vs Root","Leaf","Not selected"
"F2261_mz238.903_rt0.42",0.500238310388048,17.8499305722377,1.53502536838412,0.185415324890092,0.253349478748385,-5.79366946955588,2261,0.418,238.90303,"Unknown","[M+H]+",NA,0.214,FALSE,"null","null","null","null",999,FALSE,FALSE,FALSE,"null","null","null","null","null",2374.34,0,526775,24,"Leaf vs Root","Leaf","Not selected"
"F2542_mz260.161_rt0.96",-6.59410235702473,12.9113291869748,-1.52895825997119,0.186867137559233,0.255140078134959,-5.80115692251211,2542,0.961,260.16104,"Unknown","[M+H]+",NA,0.071,FALSE,"null","null","null","null",999,FALSE,FALSE,FALSE,"null","null","null","null","null",207.29,0,547199,18,"Leaf vs Root","Root","Not selected"
"F4630_mz504.7675_rt0.42",6.74541461739761,13.2176821269765,1.52602291619439,0.187573506021221,0.255910943589043,-5.80477568354652,4630,0.416,504.76749,"Unknown","[M+H]+","ion correlated with 4672; ion correlated with 1042; ion correlated with 3946; ion correlated with 4169; ion correlated with 4259; ion correlated with 4589; ion correlated with 4787; ion correlated with 3927; ion correlated with 4424; ion correlated with 4463; ion correlated with 4476; ion correlated with 4725; ion correlated with 4731; ion correlated with 4260; ion correlated with 4249; ion correlated with 4623; ion correlated with 4824; ion correlated with 3531; ion correlated with 3138; ion correlated with 3661; ion correlated with 3273; ion correlated with 4528; ion correlated with 998; ion correlated with 1872; ion correlated with 4124; ion correlated with 4451; ion correlated with 4646; ion correlated with 1301; ion correlated with 3142; ion correlated with 2129; ion correlated with 977; ion correlated with 3038; ion correlated with 3086",0.107,FALSE,"null","null","null","null",999,FALSE,FALSE,FALSE,"null","null","null","null","null",3237.15,0,180890,8,"Leaf vs Root","Leaf","Not selected"
"F2238_mz236.9052_rt0.41",0.619150240937056,19.5835974685471,1.52380635317646,0.188108624423733,0.256447180577672,-5.80750667582438,2238,0.413,236.90521,"Unknown","[M+H]+","ion correlated with 2220",0.714,FALSE,"null","null","null","null",999,FALSE,FALSE,FALSE,"null","null","null","null","null",197.67,15040,124.025264277641,24,"Leaf vs Root","Leaf","Not selected"
"F1834_mz207.1019_rt1.22",-1.04800035487182,14.6866107466802,-1.52250538586902,0.18842339187705,0.256682431953264,-5.80910891743247,1834,1.222,207.1019,"Unknown","[M+H]+",NA,0.036,FALSE,"null","null","null","null",999,FALSE,FALSE,FALSE,"null","null","null","null","null",44.21,7686.66666666667,22.6551185882149,23,"Leaf vs Root","Root","Not selected"
"F4285_mz424.3063_rt6.19",0.360872008025259,17.6032567228612,1.5198461631918,0.189068379689852,0.257366836606473,-5.81238243086233,4285,6.186,424.3063,"Unknown","[M+H]+","ion correlated with 4816; ion correlated with 4429; ion correlated with 2714",0.107,TRUE,"null","null","null","null",999,FALSE,FALSE,FALSE,"null","null","null","null","null",70.65,0,481290,6,"Leaf vs Root","Leaf","Not selected"
"F4786_mz572.2498_rt1.31",0.886665444131837,16.1477410511591,1.51635141673536,0.189919281308792,0.258299263039696,-5.8166813482307,4786,1.311,572.24976,"Unknown","[M+H]+","ion correlated with 3051; ion correlated with 2952; ion correlated with 2898; ion correlated with 4908; ion correlated with 3162; ion correlated with 4967; similar chromatogram in higher mz_4892",0.071,FALSE,"null","null","null","null",999,FALSE,FALSE,FALSE,"null","null","null","null","null",5196.54,0,280308,7,"Leaf vs Root","Leaf","Not selected"
"F4662_mz515.5514_rt2.86",6.31899094962174,12.2931634656059,1.5158586095958,0.190039568596518,0.258299263039696,-5.81728726728835,4662,2.855,515.55139,"Unknown","[M+H]+","ion correlated with 3817",0.036,FALSE,"null","null","null","null",999,FALSE,FALSE,FALSE,"null","null","null","null","null",2390.45,0,119523,11,"Leaf vs Root","Leaf","Not selected"
"F4295_mz425.3056_rt5.74",1.0929040989114,18.8498256828285,1.51517703773975,0.190206052469982,0.258331019344107,-5.81812516006923,4295,5.741,425.30563,"Unknown","[M+H]+","ion correlated with 4497; ion correlated with 4492; ion correlated with 4475",0.214,TRUE,"null","null","null","null",999,FALSE,FALSE,FALSE,"null","null","null","null","null",55.57,0,1887031,7,"Leaf vs Root","Leaf","Not selected"
"F1495_mz183.0655_rt0.95",6.90411875518264,13.579057123841,1.51442349933103,0.190390279853886,0.258386808373131,-5.81905136643175,1495,0.947,183.06548,"Unknown","[M+H]+","ion correlated with 1017; ion correlated with 3170; ion correlated with 1429; ion correlated with 4088; ion correlated with 4123; ion correlated with 3955; ion correlated with 1458; ion correlated with 792",0.071,FALSE,"null","null","null","null",999,FALSE,FALSE,FALSE,"null","null","null","null","null",38.67,9145,41.591296741745,19,"Leaf vs Root","Leaf","Not selected"
"F1638_mz193.9829_rt0.43",-6.10611804111707,11.9825653497634,-1.51138719069318,0.191134360329212,0.259201743346527,-5.8227817291477,1638,0.428,193.98294,"Unknown","[M+H]+","ion correlated with 710; ion correlated with 4897",0.214,FALSE,"null","null","null","null",999,FALSE,FALSE,FALSE,"null","null","null","null","null",65.77,5024,84.6461691542289,23,"Leaf vs Root","Root","Not selected"
"F785_mz134.1177_rt0.48",-6.61628322179697,13.0813075948982,-1.51046732613536,0.191360338856772,0.259313372099455,-5.82391132322774,785,0.484,134.11771,"Unknown","[M+H]+",NA,0.429,FALSE,"null","null","null","null",999,FALSE,FALSE,FALSE,"null","null","null","null","null",125.45,71380.3333333333,7.96093283024507,21,"Leaf vs Root","Root","Not selected"
"F4779_mz568.2396_rt1.15",-1.0093768231468,17.5217124308279,-1.5054247180662,0.192603736155282,0.260802508447324,-5.8300991799617,4779,1.15,568.23962,"Unknown","[M+H]+",NA,0.179,FALSE,"null","null","null","null",999,FALSE,FALSE,FALSE,"null","null","null","null","null",4587.61,584,589.198290598291,7,"Leaf vs Root","Root","Not selected"
"F2938_mz289.0921_rt0.48",-0.396833174233032,19.7764711577358,-1.50250584823755,0.193327035588868,0.261585681587636,-5.83367749294756,2938,0.482,289.09207,"Unknown","[M+H]+",NA,0.5,FALSE,"null","null","null","null",999,FALSE,FALSE,FALSE,"null","null","null","null","null",154.81,0,1435243,18,"Leaf vs Root","Root","Not selected"
"F4299_mz427.0749_rt0.5",-6.98810806458385,13.8399019280114,-1.5007849301659,0.193754711626415,0.261967980888149,-5.83578600654509,4299,0.497,427.07486,"Unknown","[M+H]+",NA,0.036,FALSE,"null","null","null","null",999,FALSE,FALSE,FALSE,"null","null","null","null","null",3460.29,0,173015,7,"Leaf vs Root","Root","Not selected"
"F1185_mz163.0602_rt0.56",7.27440691928096,14.4609772628391,1.49945114350292,0.194086808346499,0.262220575647778,-5.83741958119005,1185,0.559,163.0602,"Unknown","[M+H]+","ion correlated with 1440; ion correlated with 1699",0.179,TRUE,"null","null","null","null",999,FALSE,FALSE,FALSE,"null","null","null","null","null",126.67,52425,63.6856521573265,23,"Leaf vs Root","Leaf","Not selected"
"F4169_mz406.8263_rt0.42",6.76675618393551,13.4280321034628,1.49785822954232,0.194484145580702,0.262560869688233,-5.83936981934243,4169,0.416,406.82626,"Unknown","[M+H]+","ion correlated with 4259; ion correlated with 4589; ion correlated with 4630; ion correlated with 4787; ion correlated with 4463; ion correlated with 4731; ion correlated with 1230; ion correlated with 4249; ion correlated with 4623; ion correlated with 3273; ion correlated with 998; ion correlated with 1872; ion correlated with 4124; ion correlated with 1301; ion correlated with 3142; ion correlated with 2129; ion correlated with 977; ion correlated with 3086",0.107,FALSE,"null","null","null","null",999,FALSE,FALSE,FALSE,"null","null","null","null","null",2775.05,0,233037,20,"Leaf vs Root","Leaf","Not selected"
"F1735_mz200.9733_rt0.38",-0.377193780292573,20.1592202807145,-1.49658980663033,0.194801103654717,0.262792221298029,-5.84092222477502,1735,0.385,200.97325,"Unknown","[M+H]+",NA,0.786,FALSE,"null","null","null","null",999,FALSE,FALSE,FALSE,"null","null","null","null","null",96.63,118014,15.4696352158624,24,"Leaf vs Root","Root","Not selected"
"F3384_mz322.8645_rt0.41",0.720486139325005,18.6607554079233,1.49367402482802,0.19553160259915,0.263580689089967,-5.84448894927578,3384,0.413,322.86447,"Unknown","[M+H]+","ion correlated with 2461; ion correlated with 1860; ion correlated with 2989; ion correlated with 2200; ion correlated with 1822; ion correlated with 2220; ion correlated with 1711",0.321,FALSE,"null","null","null","null",999,FALSE,FALSE,FALSE,"null","null","null","null","null",6208.16,0,1057583,23,"Leaf vs Root","Leaf","Not selected"
"F3453_mz330.2395_rt1.06",-5.85206245285746,11.5922668109211,-1.49081161122567,0.196251303179614,0.264353434506867,-5.84798785667499,3453,1.056,330.23953,"Unknown","[M+H]+","ion correlated with 2698; ion correlated with 1750; ion correlated with 3613; ion correlated with 911; ion correlated with 2985; ion correlated with 3379; ion correlated with 3479; ion correlated with 3587; ion correlated with 3776; ion correlated with 3160; ion correlated with 2526; ion correlated with 3295; ion correlated with 3921; ion correlated with 4127; ion correlated with 2433; ion correlated with 3603",0.143,FALSE,"null","null","null","null",999,FALSE,FALSE,FALSE,"null","null","null","null","null",173.07,0,423119,17,"Leaf vs Root","Root","Not selected"
"F2435_mz252.1081_rt0.46",-6.09577326683771,12.1733063517359,-1.48364329468735,0.198064872215365,0.26659738579324,-5.85673902619781,2435,0.458,252.10809,"Unknown","[M+H]+","ion correlated with 2215; ion correlated with 2814",0.429,TRUE,"null","null","null","null",999,FALSE,FALSE,FALSE,"null","null","null","null","null",634.51,72008,227.451693538308,23,"Leaf vs Root","Root","Not selected"
"F3038_mz296.6046_rt0.46",6.64066424047904,13.3169762137399,1.48185319851484,0.198520276909274,0.267011251729687,-5.85892190010903,3038,0.464,296.60461,"Unknown","[M+H]+","ion correlated with 3946; ion correlated with 2628; ion correlated with 4589; ion correlated with 4630; ion correlated with 4787; ion correlated with 3927; ion correlated with 4463; ion correlated with 4476; ion correlated with 4725; ion correlated with 4731; ion correlated with 4623; ion correlated with 4824; ion correlated with 2566; ion correlated with 3230; ion correlated with 4124; ion correlated with 4646; ion correlated with 3142; ion correlated with 2129; ion correlated with 3708; ion correlated with 3422; ion correlated with 2968; ion correlated with 4171; ion correlated with 3533; ion correlated with 450; ion correlated with 4768; ion correlated with 2199; ion correlated with 4513; ion correlated with 4434; ion correlated with 4571; ion correlated with 4757; ion correlated with 3887",0.036,FALSE,"null","null","null","null",999,FALSE,FALSE,FALSE,"null","null","null","null","null",2236.95,0,212412,5,"Leaf vs Root","Leaf","Not selected"
"F1371_mz175.0239_rt0.73",7.46062527144743,14.9752001676531,1.48004851006648,0.198980414550626,0.267430862445183,-5.86112155058252,1371,0.733,175.0239,"Unknown","[M+H]+","ion correlated with 1617; ion correlated with 847; ion correlated with 704",0.107,FALSE,"null","null","null","null",999,FALSE,FALSE,FALSE,"null","null","null","null","null",91.33,834.666666666667,1004.85520542481,13,"Leaf vs Root","Leaf","Not selected"
"F1821_mz206.0454_rt0.99",6.81088631714214,13.6623352957443,1.47616957439279,0.199972895519658,0.268564788997755,-5.86584592953066,1821,0.991,206.04535,"Unknown","[M+H]+","found in higher mz's MsMs_3243",0.071,FALSE,"null","null","null","null",999,FALSE,FALSE,FALSE,"null","null","null","null","null",49.07,0,234287,12,"Leaf vs Root","Leaf","Not selected"
"F4558_mz481.1064_rt0.9",-0.802822744750577,19.1129093825288,-1.4736775303065,0.200613030993187,0.269224179139555,-5.86887861791396,4558,0.899,481.10638,"Unknown","[M+H]+",NA,0.214,TRUE,"null","null","null","null",999,FALSE,FALSE,FALSE,"null","null","null","null","null",11408.57,0,782462,6,"Leaf vs Root","Root","Not selected"
"F560_mz118.1229_rt0.74",6.9411538157807,13.9666942763126,1.47160723756778,0.201146328101557,0.269739318145104,-5.87139655210864,560,0.737,118.12287,"Unknown","[M+H]+","ion correlated with 2416; similar chromatogram in higher mz_4075; similar chromatogram in higher mz_1574",0.071,FALSE,"null","null","null","null",999,FALSE,FALSE,FALSE,"null","null","null","null","null",58.04,25067,17.2844263603,18,"Leaf vs Root","Leaf","Not selected"
"F728_mz130.1229_rt1.24",-5.16147208062999,10.3885136269068,-1.47040668722698,0.201456207661173,0.269954309449456,-5.8728560591714,728,1.235,130.12289,"Unknown","[M+H]+","ion correlated with 580; ion correlated with 1207; similar chromatogram in higher mz_1444; similar chromatogram in higher mz_1176",0.286,TRUE,"null","null","null","null",999,FALSE,FALSE,FALSE,"null","null","null","null","null",134.51,10188.6666666667,265.412116850404,23,"Leaf vs Root","Root","Not selected"
"F4801_mz577.2058_rt1.31",6.17831235491291,12.4173781678263,1.46805588724899,0.20206431197307,0.270568310913495,-5.87571258311836,4801,1.311,577.20575,"Unknown","[M+H]+","ion correlated with 3051; ion correlated with 4214; ion correlated with 2952; ion correlated with 3815; ion correlated with 3513; ion correlated with 4786; ion correlated with 3502; ion correlated with 2747; ion correlated with 4967",0.071,FALSE,"null","null","null","null",999,FALSE,FALSE,FALSE,"null","null","null","null","null",2297.96,0,116603,5,"Leaf vs Root","Leaf","Not selected"
"F3547_mz337.2354_rt2.38",-5.0536225729536,10.2190403596429,-1.46362849650739,0.203214376034289,0.271906559482499,-5.88108759126095,3547,2.381,337.23538,"Unknown","[M+H]+",NA,0.25,TRUE,"null","null","null","null",999,FALSE,FALSE,FALSE,"null","null","null","null","null",82.99,12442.3333333333,85.6903830699169,21,"Leaf vs Root","Root","Not selected"
"F4384_mz442.7966_rt0.42",6.68710103318552,13.4980424877315,1.46281752043813,0.203425715511337,0.271987715924417,-5.88207145622063,4384,0.416,442.79657,"Unknown","[M+H]+",NA,0.107,FALSE,"null","null","null","null",999,FALSE,FALSE,FALSE,"null","null","null","null","null",3909.91,0,248208,21,"Leaf vs Root","Leaf","Not selected"
"F4259_mz420.8054_rt0.42",6.80228347476652,13.7619095764196,1.45991782997947,0.204183096947682,0.272798290148458,-5.88558756768056,4259,0.416,420.80542,"Unknown","[M+H]+","ion correlated with 4169; ion correlated with 4582; ion correlated with 4589; ion correlated with 4787; ion correlated with 3927; ion correlated with 4463; ion correlated with 4476; ion correlated with 4725; ion correlated with 4731; ion correlated with 1230; ion correlated with 4249; ion correlated with 3230; ion correlated with 998; ion correlated with 1872; ion correlated with 4124; ion correlated with 3142",0.107,FALSE,"null","null","null","null",999,FALSE,FALSE,FALSE,"null","null","null","null","null",4852.16,0,285407,19,"Leaf vs Root","Leaf","Not selected"
"F3535_mz337.0925_rt1",6.79190266802369,13.8316978598695,1.4530760045379,0.205980862782869,0.274929089978097,-5.89387290860282,3535,1.005,337.09253,"Unknown","[M+H]+","ion correlated with 3369; ion correlated with 4002; ion correlated with 3955; ion correlated with 4029; ion correlated with 1405; ion correlated with 3171; ion correlated with 3624; ion correlated with 3937; ion correlated with 3565; ion correlated with 778; ion correlated with 567; ion correlated with 3309; ion correlated with 4387; ion correlated with 4550; ion correlated with 4658; ion correlated with 4668; ion correlated with 4564; ion correlated with 4565; ion correlated with 4130; ion correlated with 4694; ion correlated with 4152; ion correlated with 4770; ion correlated with 1020; ion correlated with 4035",0.036,FALSE,"null","null","null","null",999,FALSE,FALSE,FALSE,"null","null","null","null","null",177.87,0,329900,5,"Leaf vs Root","Leaf","Not selected"
"F237_mz93.9843_rt0.39",-6.01494873254381,12.1296763338091,-1.45269060250986,0.206082581019593,0.274929089978097,-5.89433916452546,237,0.391,93.98428,"Unknown","[M+H]+","ion correlated with 494; ion correlated with 849",0.214,FALSE,"null","null","null","null",999,FALSE,FALSE,FALSE,"null","null","null","null","null",1676.01,0,633311,20,"Leaf vs Root","Root","Not selected"
"F3580_mz342.1164_rt0.94",0.755122536975358,17.9172790447008,1.45107496736937,0.206509514999414,0.275295180630681,-5.89629320884954,3580,0.939,342.11636,"Unknown","[M+H]+","ion correlated with 3056",0.143,FALSE,"null","null","null","null",999,FALSE,FALSE,FALSE,"null","null","null","null","null",1253.22,0,839191,8,"Leaf vs Root","Leaf","Not selected"
"F4733_mz545.1996_rt1.09",6.41441083674344,13.0753532373245,1.44718985246974,0.207539627715945,0.27623091276724,-5.90098853542708,4733,1.094,545.19965,"Unknown","[M+H]+","ion correlated with 3961; ion correlated with 4668; ion correlated with 4052; ion correlated with 3741; ion correlated with 4098; ion correlated with 2203; ion correlated with 4412; ion correlated with 4838; ion correlated with 2591; ion correlated with 3739; ion correlated with 4333; ion correlated with 4307",0.107,FALSE,"null","null","null","null",999,FALSE,FALSE,FALSE,"null","null","null","null","null",2635.46,0,171772,5,"Leaf vs Root","Leaf","Not selected"
"F630_mz124.0245_rt0.39",-0.485481952299109,17.2842438129942,-1.44709290712063,0.207565394846567,0.27623091276724,-5.90110563346657,630,0.39,124.02448,"Unknown","[M+H]+",NA,0.071,FALSE,"null","null","null","null",999,FALSE,FALSE,FALSE,"null","null","null","null","null",6.32,19234.3333333333,13.8344886147021,24,"Leaf vs Root","Root","Not selected"
"F5167_mz799.5341_rt8.25",7.22124914182685,14.4375884226987,1.44669738201656,0.207670553254928,0.27623091276724,-5.90158334641666,5167,8.251,799.53412,"Unknown","[M+H]+","ion correlated with 5158",0.071,TRUE,"null","null","null","null",999,FALSE,FALSE,FALSE,"null","null","null","null","null",13391.36,0,1332789,6,"Leaf vs Root","Leaf","Not selected"
"F2155_mz229.1552_rt0.98",-0.326061032217074,17.7574283706751,-1.44568929386953,0.207938804297481,0.276332323178675,-5.90280067207293,2155,0.978,229.1552,"Unknown","[M+2H]2+","ion correlated with 1554; similar chromatogram in higher mz_2546; similar chromatogram in higher mz_2639; similar chromatogram in higher mz_2754; similar chromatogram in higher mz_4607; similar chromatogram in higher mz_4626; similar chromatogram in higher mz_2460",0.393,TRUE,"null","null","null","null",999,FALSE,FALSE,FALSE,"null","null","null","null","null",4529.72,29205.3333333333,1582.38928771157,24,"Leaf vs Root","Root","Not selected"
"F687_mz127.5135_rt0.62",-6.5883994444447,13.1507122585936,-1.44526060171108,0.208052979058072,0.276332323178675,-5.90331823956959,687,0.619,127.51353,"Unknown","[M+H]+",NA,0.036,FALSE,"null","null","null","null",999,FALSE,FALSE,FALSE,"null","null","null","null","null",78.89,0,150691,17,"Leaf vs Root","Root","Not selected"
"F4759_mz558.2554_rt1.05",7.58374506109442,15.4047207154419,1.44248148902803,0.208794601302221,0.277113423051845,-5.90667200914114,4759,1.048,558.25537,"Unknown","[M+H]+","ion correlated with 1654; ion correlated with 1405; ion correlated with 3171; ion correlated with 1458; ion correlated with 3624; ion correlated with 792; ion correlated with 3937; ion correlated with 1217; ion correlated with 3309; ion correlated with 4550; ion correlated with 4658; ion correlated with 4165; ion correlated with 2865; ion correlated with 1837; ion correlated with 4035; ion correlated with 799; ion correlated with 4338; ion correlated with 2012; ion correlated with 3463; ion correlated with 3491",0.143,TRUE,"null","null","null","null",999,FALSE,FALSE,FALSE,"null","null","null","null","null",16880.97,0,1587297,7,"Leaf vs Root","Leaf","Not selected"
"F2181_mz231.1133_rt1.06",1.00453986315873,15.6268265179223,1.44149149627098,0.209059395762625,0.277260991441247,-5.90786607963443,2181,1.061,231.11334,"Unknown","[M+H]+","ion correlated with 966; ion correlated with 1981; ion correlated with 1691",0.107,TRUE,"null","null","null","null",999,FALSE,FALSE,FALSE,"null","null","null","null","null",299.08,1353.33333333333,2093.84125030765,24,"Leaf vs Root","Leaf","Not selected"
"F1133_mz158.9725_rt0.41",-0.437932753667688,21.0020127797152,-1.44011071622444,0.209429249825257,0.277547574107628,-5.90953094000177,1133,0.405,158.97252,"Unknown","[M+H]+","ion correlated with 275",0.321,TRUE,"null","null","null","null",999,FALSE,FALSE,FALSE,"null","null","null","null","null",213.43,163216.333333333,25.8869809579048,24,"Leaf vs Root","Root","Not selected"
"F3582_mz342.1401_rt0.47",-0.54470183864413,17.0158924418779,-1.43399809083947,0.211074080067619,0.279348972286014,-5.91689337043546,3582,0.472,342.14011,"Unknown","[M+H]+",NA,0.571,FALSE,"null","null","null","null",999,FALSE,FALSE,FALSE,"null","null","null","null","null",2967.7,0,1948894,18,"Leaf vs Root","Root","Not selected"
"F1993_mz217.1551_rt0.93",-5.92140048065308,12.0947423860848,-1.4339093115057,0.211098059943558,0.279348972286014,-5.9170002076491,1993,0.926,217.15509,"Unknown","[M+H]+","ion correlated with 2544; ion correlated with 2928; ion correlated with 1958; ion correlated with 350; ion correlated with 765; ion correlated with 2210; ion correlated with 1568",0.357,TRUE,"null","null","null","null",999,FALSE,FALSE,FALSE,"null","null","null","null","null",1437.14,4760,3035.44150388574,19,"Leaf vs Root","Root","Not selected"
"F965_mz146.0602_rt1.26",-5.51461871976972,11.3450091043965,-1.43273130445236,0.211416493121648,0.279449183247295,-5.91841756701585,965,1.264,146.06017,"Unknown","[M+H]+","ion correlated with 1767; similar chromatogram in higher mz_1194",0.321,TRUE,"null","null","null","null",999,FALSE,FALSE,FALSE,"null","null","null","null","null",78.56,5045,238.828180737218,23,"Leaf vs Root","Root","Not selected"
"F2823_mz281.0501_rt0.42",-0.617486894683383,17.9537483500799,-1.43248390813062,0.211483426213742,0.279449183247295,-5.91871516967168,2823,0.421,281.05008,"Unknown","[M+H]+",NA,0.214,FALSE,"null","null","null","null",999,FALSE,FALSE,FALSE,"null","null","null","null","null",25.56,26381,18.5776286862255,22,"Leaf vs Root","Root","Not selected"
"F4758_mz557.1561_rt0.48",-0.912273775240599,16.7377771041137,-1.43131474261379,0.211800017176735,0.279484312726099,-5.92012131895537,4758,0.479,557.15607,"Unknown","[M+H]+",NA,0.107,FALSE,"null","null","null","null",999,FALSE,FALSE,FALSE,"null","null","null","null","null",2372.11,0,227547,6,"Leaf vs Root","Root","Not selected"
"F1187_mz163.0603_rt0.69",6.6383373519808,13.6655056162596,1.43124214742396,0.211819689645044,0.279484312726099,-5.92020861326509,1187,0.692,163.0603,"Unknown","[M+H]+","ion correlated with 4471; ion correlated with 1256; ion correlated with 1567; ion correlated with 2015; ion correlated with 2543; ion correlated with 1700; ion correlated with 1441; ion correlated with 361; ion correlated with 530; ion correlated with 1376; ion correlated with 2929",0.214,FALSE,"null","null","null","null",999,FALSE,FALSE,FALSE,"null","null","null","null","null",69.7,74431.6666666667,26.4969816120162,23,"Leaf vs Root","Leaf","Not selected"
"F4686_mz525.1659_rt0.47",6.87009247952129,14.1430581778408,1.43016465909966,0.212111881307315,0.27966540961264,-5.92150405807768,4686,0.473,525.16589,"Unknown","[M+2H]2+",NA,0.25,FALSE,"null","null","null","null",999,FALSE,FALSE,FALSE,"null","null","null","null","null",3385.65,0,437295,13,"Leaf vs Root","Leaf","Not selected"
"F1471_mz181.9618_rt0.43",0.854969051650214,16.7781234592139,1.42818006333883,0.212651065408252,0.280171659169266,-5.92388905022522,1471,0.427,181.96178,"Unknown","[M+H]+","ion correlated with 1944; ion correlated with 2058; ion correlated with 1639; ion correlated with 1861",0.357,FALSE,"null","null","null","null",999,FALSE,FALSE,FALSE,"null","null","null","null","null",106.03,0,925912,18,"Leaf vs Root","Leaf","Not selected"
"F3461_mz331.1297_rt1.01",6.0191270662591,12.4628878920361,1.42125380687444,0.214543054920646,0.282351615045997,-5.9322019478983,3461,1.011,331.12967,"Unknown","[M+H]+","ion correlated with 1552; ion correlated with 4067; ion correlated with 3243; ion correlated with 4175",0.071,FALSE,"null","null","null","null",999,FALSE,FALSE,FALSE,"null","null","null","null","null",263.57,0,880900,17,"Leaf vs Root","Leaf","Not selected"
"F821_mz137.0653_rt0.86",6.70324497982054,13.4536531301362,1.42097877320814,0.21461851293247,0.282351615045997,-5.93253169672006,821,0.863,137.06532,"Unknown","[M+H]+",NA,0.071,FALSE,"null","null","null","null",999,FALSE,FALSE,FALSE,"null","null","null","null","null",64.31,41154.6666666667,16.6204329901917,23,"Leaf vs Root","Leaf","Not selected"
"F3460_mz331.1003_rt1.01",6.55671869446546,13.4653502181232,1.42026358076258,0.214814850575765,0.282404082512204,-5.93338904484948,3460,1.006,331.10034,"Unknown","[M+H]+","ion correlated with 4284; ion correlated with 3983; ion correlated with 3961",0.071,FALSE,"null","null","null","null",999,FALSE,FALSE,FALSE,"null","null","null","null","null",75.47,0,394301,6,"Leaf vs Root","Leaf","Not selected"
"F4326_mz432.1716_rt0.47",6.64696758268122,13.7720775557527,1.41841007099841,0.215324478059084,0.282868037042682,-5.93561012961509,4326,0.471,432.17163,"Unknown","[M+H]+","ion correlated with 4587; ion correlated with 459; ion correlated with 51; ion correlated with 4472",0.464,TRUE,"null","null","null","null",999,FALSE,FALSE,FALSE,"null","null","null","null","null",3134.7,0,7039398,15,"Leaf vs Root","Leaf","Not selected"
"F4497_mz465.2978_rt5.74",1.27322063792661,19.5857518389401,1.41457985762603,0.216381243894271,0.284049560166661,-5.94019607253205,4497,5.737,465.29782,"Unknown","[M+H]+","similar chromatogram in higher mz_4561",0.214,TRUE,"null","null","null","null",999,FALSE,FALSE,FALSE,"null","null","null","null","null",3031.08,0,4178814,6,"Leaf vs Root","Leaf","Not selected"
"F1850_mz208.0972_rt1.18",5.58483930183256,11.4137888938151,1.40814603469581,0.218167429791004,0.286186199689507,-5.94788756794568,1850,1.177,208.09721,"Unknown","[M+H]+","ion correlated with 1359; similar chromatogram in higher mz_2707; similar chromatogram in higher mz_2166; similar chromatogram in higher mz_2205",0.429,TRUE,"null","null","null","null",999,FALSE,FALSE,FALSE,"null","null","null","null","null",153.05,1656,2557.69885334943,21,"Leaf vs Root","Leaf","Not selected"
"F1585_mz190.1441_rt0.93",6.52983049257445,13.6283914762527,1.40524893278268,0.21897628849669,0.287038635248021,-5.95134613454848,1585,0.934,190.1441,"Unknown","[M+H]+","similar chromatogram in higher mz_3580; similar chromatogram in higher mz_3753",0.107,FALSE,"null","null","null","null",999,FALSE,FALSE,FALSE,"null","null","null","null","null",63.28,6064.33333333333,48.8110024181139,16,"Leaf vs Root","Leaf","Not selected"
"F1697_mz198.0616_rt0.39",-0.384854575228376,17.8163311025903,-1.39904660080436,0.220717502963814,0.289111097858987,-5.95874025993934,1697,0.393,198.06158,"Unknown","[M+H]+",NA,0.179,FALSE,"null","null","null","null",999,FALSE,FALSE,FALSE,"null","null","null","null","null",110.21,0,345853,24,"Leaf vs Root","Root","Not selected"
"F3970_mz380.1916_rt0.99",6.10966343908345,12.8617929923609,1.39017558463812,0.223230658493421,0.292121534202911,-5.96929136115462,3970,0.986,380.19159,"Unknown","[M+H]+",NA,0.036,FALSE,"null","null","null","null",999,FALSE,FALSE,FALSE,"null","null","null","null","null",61.69,0,166187,18,"Leaf vs Root","Leaf","Not selected"
"F989_mz147.0504_rt0.4",-0.489805349088232,20.0148718684334,-1.38979368111914,0.223339455512475,0.292121534202911,-5.96974494005977,989,0.396,147.05043,"Unknown","[M+H]+","ion correlated with 1093",0.464,FALSE,"null","null","null","null",999,FALSE,FALSE,FALSE,"null","null","null","null","null",15.5,14242.3333333333,119.958506903815,24,"Leaf vs Root","Root","Not selected"
"F4429_mz451.2436_rt6.19",-0.293844822919319,17.147916156465,-1.38744464692342,0.224009750560878,0.292786096859077,-5.97253364496147,4429,6.186,451.24365,"Unknown","[M+H]+","ion correlated with 4285; ion correlated with 2714",0.107,FALSE,"null","null","null","null",999,FALSE,FALSE,FALSE,"null","null","null","null","null",30.8,0,265962,6,"Leaf vs Root","Root","Not selected"
"F105_mz78.9521_rt0.53",-6.9658482095342,14.6046256451113,-1.38405376878483,0.224980678581835,0.29384234793069,-5.97655555980323,105,0.527,78.95206,"Unknown","[M+H]+",NA,0.071,FALSE,"null","null","null","null",999,FALSE,FALSE,FALSE,"null","null","null","null","null",165.6,764.666666666667,643.17675228559,17,"Leaf vs Root","Root","Not selected"
"F4402_mz446.2389_rt1.22",-1.46119093973897,15.7088376428272,-1.38298554664204,0.225287368192851,0.294030151545984,-5.97782168269438,4402,1.22,446.23889,"Unknown","[M+H]+","ion correlated with 4473",0.071,FALSE,"null","null","null","null",999,FALSE,FALSE,FALSE,"null","null","null","null","null",72.94,0,157290,7,"Leaf vs Root","Root","Not selected"
"F849_mz139.018_rt0.4",-6.21674624337634,13.1136103687045,-1.37644167994873,0.22717473300684,0.296279185749527,-5.98556847302712,849,0.399,139.01799,"Unknown","[M+2H]2+","ion correlated with 237; ion correlated with 494",0.107,FALSE,"null","null","null","null",999,FALSE,FALSE,FALSE,"null","null","null","null","null",28.98,4059.33333333333,108.98070765947,23,"Leaf vs Root","Root","Not selected"
"F5033_mz704.213_rt0.47",6.55373031545583,13.9351875876508,1.37322019210429,0.228109315861289,0.297136995583335,-5.98937617252398,5033,0.467,704.21295,"Unknown","[M+2H]2+",NA,0.429,FALSE,"null","null","null","null",999,FALSE,FALSE,FALSE,"null","null","null","null","null",81.16,0,292454,14,"Leaf vs Root","Leaf","Not selected"
"F3187_mz306.9501_rt0.44",6.06992052278129,12.8641935477654,1.37303997809108,0.228161704087813,0.297136995583335,-5.98958906279735,3187,0.435,306.95013,"Unknown","[M+H]+","ion correlated with 307; ion correlated with 96; ion correlated with 3084; ion correlated with 1923; ion correlated with 3718; ion correlated with 2628; ion correlated with 3765; ion correlated with 1564; ion correlated with 4097; ion correlated with 2873; ion correlated with 2627; ion correlated with 3189",0.036,FALSE,"null","null","null","null",999,FALSE,FALSE,FALSE,"null","null","null","null","null",67.75,0,183598,5,"Leaf vs Root","Leaf","Not selected"
"F4493_mz464.9505_rt0.42",6.30753940285258,13.4072682795139,1.36830127051111,0.229543305926078,0.298720740588732,-5.99518251392128,4493,0.423,464.95047,"Unknown","[M+H]+","ion correlated with 3829; ion correlated with 4413; ion correlated with 4424; ion correlated with 4701; ion correlated with 3531; ion correlated with 3661; ion correlated with 3069; ion correlated with 3273; ion correlated with 4528; ion correlated with 714; ion correlated with 4451; ion correlated with 977; ion correlated with 2348",0.107,FALSE,"null","null","null","null",999,FALSE,FALSE,FALSE,"null","null","null","null","null",3296.42,0,234776,8,"Leaf vs Root","Leaf","Not selected"
"F887_mz141.055_rt0.72",-5.84363075573043,12.4461821145182,-1.36654880748157,0.230056233030008,0.299169396895811,-5.99724888480709,887,0.719,141.05502,"Unknown","[M+H]+",NA,0.107,FALSE,"null","null","null","null",999,FALSE,FALSE,FALSE,"null","null","null","null","null",38.19,49629.3333333333,8.21245743530502,23,"Leaf vs Root","Root","Not selected"
"F4475_mz460.3429_rt5.74",0.99744696318962,18.4329324512916,1.3659915800994,0.230219552514283,0.299169396895811,-5.99790567583572,4475,5.74,460.34286,"Unknown","[M+H]+","ion correlated with 4497; ion correlated with 4492; ion correlated with 4295",0.143,TRUE,"null","null","null","null",999,FALSE,FALSE,FALSE,"null","null","null","null","null",1806.37,0,1371780,6,"Leaf vs Root","Leaf","Not selected"
"F4544_mz478.2653_rt1.22",-1.19083015966709,17.2669022187474,-1.36357547547007,0.230928953726524,0.299875367968615,-6.00075208860388,4544,1.216,478.26529,"Unknown","[M+H]+",NA,0.143,FALSE,"null","null","null","null",999,FALSE,FALSE,FALSE,"null","null","null","null","null",665.5,0,274676,6,"Leaf vs Root","Root","Not selected"
"F1056_mz152.5845_rt0.46",-0.86806963344766,15.9066120922763,-1.3622475710907,0.23131971599958,0.299953072305893,-6.00231552567593,1056,0.464,152.58447,"Unknown","[M+H]+","similar chromatogram in higher mz_3247; similar chromatogram in higher mz_4441",0.036,FALSE,"null","null","null","null",999,FALSE,FALSE,FALSE,"null","null","null","null","null",80.5,0,100954,8,"Leaf vs Root","Root","Not selected"
"F96_mz77.5004_rt0.39",0.64765501644778,15.9589339539605,1.36224270018872,0.231321150498506,0.299953072305893,-6.0023212592728,96,0.388,77.50037,"Unknown","[M+H]+","ion correlated with 307; ion correlated with 3084; ion correlated with 254; ion correlated with 3328; ion correlated with 2628; ion correlated with 4476; ion correlated with 4731; ion correlated with 3187",0.036,FALSE,"null","null","null","null",999,FALSE,FALSE,FALSE,"null","null","null","null","null",148.2,0,197517,8,"Leaf vs Root","Leaf","Not selected"
"F4979_mz672.4171_rt3.5",-0.69156073529624,16.4283631439322,-1.36160129061111,0.231510120808478,0.299982604493398,-6.00307618925183,4979,3.495,672.41711,"Unknown","[M+H]+",NA,0.071,FALSE,"null","null","null","null",999,FALSE,FALSE,FALSE,"null","null","null","null","null",35.7,0,217978,14,"Leaf vs Root","Root","Not selected"
"F1076_mz154.1228_rt1.54",0.487515398499342,20.5119845387174,1.35678573974813,0.232933485979937,0.301610431989804,-6.00873888038191,1076,1.539,154.12279,"Unknown","[M+H]+","ion correlated with 5127",0.036,TRUE,"null","null","null","null",999,FALSE,FALSE,FALSE,"null","null","null","null","null",28.04,51217.3333333333,69.0817675962383,24,"Leaf vs Root","Leaf","Not selected"
"F290_mz98.9844_rt0.46",0.392021939937677,18.9386810235724,1.3512437869047,0.234581684009477,0.303526838449538,-6.01524445385784,290,0.464,98.98443,"Unknown","[M+H]+","found in higher mz's MsMs_2511; similar chromatogram in higher mz_3032; similar chromatogram in higher mz_3021; similar chromatogram in higher mz_2409; similar chromatogram in higher mz_3207; similar chromatogram in higher mz_3310; similar chromatogram in higher mz_4027; similar chromatogram in higher mz_4560; similar chromatogram in higher mz_3476; similar chromatogram in higher mz_1206; similar chromatogram in higher mz_2397; similar chromatogram in higher mz_3359; similar chromatogram in higher mz_3936; similar chromatogram in higher mz_3813; similar chromatogram in higher mz_4220; similar chromatogram in higher mz_4355; similar chromatogram in higher mz_3195; similar chromatogram in higher mz_809; similar chromatogram in higher mz_2030; similar chromatogram in higher mz_4108; similar chromatogram in higher mz_3182; similar chromatogram in higher mz_1457; similar chromatogram in higher mz_3676; similar chromatogram in higher mz_1864; similar chromatogram in higher mz_4610",0.857,TRUE,"null","null","null","null",999,FALSE,FALSE,FALSE,"null","null","null","null","null",98.65,27792.6666666667,144.809393027188,24,"Leaf vs Root","Leaf","Not selected"
"F4703_mz533.1551_rt0.48",0.6393756927175,17.1986661750539,1.35002578002437,0.234945381072803,0.303567617852849,-6.01667261219428,4703,0.477,533.15509,"Unknown","[M+H]+",NA,0.214,FALSE,"null","null","null","null",999,FALSE,FALSE,FALSE,"null","null","null","null","null",5302.22,0,362860,15,"Leaf vs Root","Leaf","Not selected"
"F1833_mz207.1018_rt5.74",1.01236895002014,15.6577249713449,1.35001178344042,0.234949563512703,0.303567617852849,-6.0166890202772,1833,5.743,207.10181,"Unknown","[M+H]+","ion correlated with 3933; ion correlated with 4561; ion correlated with 4383; ion correlated with 4475; ion correlated with 4295; ion correlated with 4377",0.071,FALSE,"null","null","null","null",999,FALSE,FALSE,FALSE,"null","null","null","null","null",21.43,0,198887,9,"Leaf vs Root","Leaf","Not selected"
"F3855_mz367.0094_rt0.42",5.77592341257534,12.454778646139,1.34250535467114,0.237202658261914,0.306259512276649,-6.0254774557749,3855,0.416,367.0094,"Unknown","[M+H]+","ion correlated with 3980; ion correlated with 4270; ion correlated with 4891; ion correlated with 4424; ion correlated with 4701; ion correlated with 4493; ion correlated with 4288; ion correlated with 714; ion correlated with 4212",0.036,FALSE,"null","null","null","null",999,FALSE,FALSE,FALSE,"null","null","null","null","null",2097.95,0,104898,5,"Leaf vs Root","Leaf","Not selected"
"F3626_mz346.1865_rt1.25",-1.22860491292761,15.9564124978297,-1.33930256012032,0.23817010906493,0.307288811195281,-6.02922034725884,3626,1.255,346.18652,"Unknown","[M+H]+","ion correlated with 3686; similar chromatogram in higher mz_3686",0.036,TRUE,"null","null","null","null",999,FALSE,FALSE,FALSE,"null","null","null","null","null",3386.72,0,169337,16,"Leaf vs Root","Root","Not selected"
"F4319_mz430.244_rt1.38",5.61128258233932,11.6739976240017,1.33748824394676,0.238719778192938,0.30777799974161,-6.03133877267529,4319,1.38,430.24405,"Unknown","[M+H]+","ion correlated with 4258; ion correlated with 4594; ion correlated with 3763; ion correlated with 954; ion correlated with 1594",0.036,FALSE,"null","null","null","null",999,FALSE,FALSE,FALSE,"null","null","null","null","null",83.2,618.666666666667,354.319526627219,6,"Leaf vs Root","Leaf","Not selected"
"F3874_mz369.1158_rt0.9",6.47036912573974,13.9319988422769,1.33276767954623,0.240155464199683,0.309189370281521,-6.03684429691204,3874,0.899,369.11584,"Unknown","[M+H]+",NA,0.071,FALSE,"null","null","null","null",999,FALSE,FALSE,FALSE,"null","null","null","null","null",192,0,428695,5,"Leaf vs Root","Leaf","Not selected"
"F2058_mz223.0249_rt0.42",6.09310666998346,13.2525330617509,1.33276244016774,0.240157062124483,0.309189370281521,-6.03685040245898,2058,0.416,223.02493,"Unknown","[M+H]+","ion correlated with 493; ion correlated with 2004; ion correlated with 2655; ion correlated with 1266",0.214,FALSE,"null","null","null","null",999,FALSE,FALSE,FALSE,"null","null","null","null","null",158.77,0,1377429,16,"Leaf vs Root","Leaf","Not selected"
"F3852_mz366.2852_rt1",-0.555042150724148,15.5593073181863,-1.33085628218264,0.240739065094364,0.309669504762812,-6.03907093677172,3852,1.005,366.28519,"Unknown","[M+H]+","ion correlated with 3825; ion correlated with 4425",0.036,FALSE,"null","null","null","null",999,FALSE,FALSE,FALSE,"null","null","null","null","null",7.57,625,180.5303514377,8,"Leaf vs Root","Root","Not selected"
"F3773_mz359.1494_rt1.41",1.35070677489253,14.9416726627395,1.33041783067433,0.240873121710243,0.309669504762812,-6.03958148940621,3773,1.409,359.14935,"Unknown","[M+H]+","ion correlated with 3939; similar chromatogram in higher mz_3939",0.036,FALSE,"null","null","null","null",999,FALSE,FALSE,FALSE,"null","null","null","null","null",45.14,0,380459,7,"Leaf vs Root","Leaf","Not selected"
"F2327_mz244.1549_rt1.13",5.52728475014215,11.8981911411468,1.32563506568679,0.242339960295777,0.311333543298133,-6.04514560449087,2327,1.132,244.15486,"Unknown","[M+H]+",NA,0.036,FALSE,"null","null","null","null",999,FALSE,FALSE,FALSE,"null","null","null","null","null",25.64,9075.33333333333,17.2325094568291,23,"Leaf vs Root","Leaf","Not selected"
"F911_mz143.073_rt1.01",5.42450264716581,11.8473606422174,1.32408829233883,0.242816114659391,0.31172339044111,-6.04694304375253,911,1.008,143.07303,"Unknown","[M+H]+","ion correlated with 4224; ion correlated with 4397; ion correlated with 4637; ion correlated with 3721; ion correlated with 2432; ion correlated with 3269; ion correlated with 4231; ion correlated with 3920; ion correlated with 4454; ion correlated with 4150; ion correlated with 4138; ion correlated with 1750; ion correlated with 2985; ion correlated with 3479; ion correlated with 3776; ion correlated with 3453; ion correlated with 3174; ion correlated with 3921; found in higher mz's MsMs_1810; found in higher mz's MsMs_1554; found in higher mz's MsMs_2762",0.143,FALSE,"null","null","null","null",999,FALSE,FALSE,FALSE,"null","null","null","null","null",27.33,27699.6666666667,9.77388029168973,23,"Leaf vs Root","Leaf","Not selected"
"F629_mz123.5943_rt0.46",5.96433669821122,13.0252333819936,1.32327700765768,0.243066204876428,0.311822672211764,-6.04788540537715,629,0.462,123.5943,"Unknown","[M+H]+","similar chromatogram in higher mz_1528; similar chromatogram in higher mz_1475",0.321,FALSE,"null","null","null","null",999,FALSE,FALSE,FALSE,"null","null","null","null","null",68.02,1727.66666666667,215.080215966062,16,"Leaf vs Root","Leaf","Not selected"
"F5168_mz799.5342_rt8.01",5.81352469626993,12.4561002279812,1.32012681795524,0.244039560806179,0.312849010834626,-6.05154196031859,5168,8.005,799.53424,"Unknown","[M+H]+",NA,0.071,FALSE,"null","null","null","null",999,FALSE,FALSE,FALSE,"null","null","null","null","null",59.22,0,267502,7,"Leaf vs Root","Leaf","Not selected"
"F3764_mz358.8352_rt0.42",6.24650431923417,13.6608316074362,1.318626128417,0.24450451712526,0.313222607105106,-6.05328241293166,3764,0.417,358.83517,"Unknown","[M+H]+",NA,0.357,FALSE,"null","null","null","null",999,FALSE,FALSE,FALSE,"null","null","null","null","null",1059.93,0,198312,23,"Leaf vs Root","Leaf","Not selected"
"F3887_mz371.0692_rt0.52",6.2783154352598,13.7591895418974,1.31778209924642,0.244766381546025,0.313335687014593,-6.05426087637677,3887,0.521,371.06921,"Unknown","[M+H]+","ion correlated with 977; ion correlated with 3038; ion correlated with 3086; ion correlated with 4171; ion correlated with 3533; ion correlated with 450; ion correlated with 4768; ion correlated with 2337",0.036,FALSE,"null","null","null","null",999,FALSE,FALSE,FALSE,"null","null","null","null","null",46.44,0,215376,5,"Leaf vs Root","Leaf","Not selected"
"F563_mz118.9752_rt0.51",6.6062849472544,14.4872789800713,1.31615761220486,0.245271117650896,0.313759296498843,-6.05614326361849,563,0.512,118.97524,"Unknown","[M+H]+",NA,0.179,FALSE,"null","null","null","null",999,FALSE,FALSE,FALSE,"null","null","null","null","null",124.65,89838.6666666667,5.09434214285449,17,"Leaf vs Root","Leaf","Not selected"
"F2187_mz231.9889_rt0.42",5.86688801147724,12.9026003109115,1.31274936669635,0.246333206241924,0.314894785599627,-6.06008897808618,2187,0.421,231.98888,"Unknown","[M+H]+","ion correlated with 1027; ion correlated with 1045; ion correlated with 1165",0.25,FALSE,"null","null","null","null",999,FALSE,FALSE,FALSE,"null","null","null","null","null",149.53,0,247306,16,"Leaf vs Root","Leaf","Not selected"
"F5158_mz794.5785_rt8.26",1.52296659861632,17.2975156304434,1.3094564377008,0.247363395095201,0.315987918009086,-6.06389651675042,5158,8.256,794.57855,"Unknown","[M+H]+","ion correlated with 5167",0.071,TRUE,"null","null","null","null",999,FALSE,FALSE,FALSE,"null","null","null","null","null",355.92,18992.6666666667,54.1234095575718,24,"Leaf vs Root","Leaf","Not selected"
"F3716_mz353.2691_rt2.51",-0.686300524319387,16.6139179465624,-1.30688674098476,0.248170083566065,0.316794201440416,-6.06686459120096,3716,2.507,353.26907,"Unknown","[M+H]+","ion correlated with 5015; similar chromatogram in higher mz_5015; similar chromatogram in higher mz_5026",0.071,FALSE,"null","null","null","null",999,FALSE,FALSE,FALSE,"null","null","null","null","null",45.1,0,258119,6,"Leaf vs Root","Root","Not selected"
"F2838_mz282.1544_rt0.71",6.1168589218485,13.4985399907626,1.30534627059009,0.248654836672469,0.317188678582195,-6.06864252598893,2838,0.71,282.15436,"Unknown","[M+H]+",NA,0.107,FALSE,"null","null","null","null",999,FALSE,FALSE,FALSE,"null","null","null","null","null",20.56,22520,9.84938501842725,21,"Leaf vs Root","Leaf","Not selected"
"F1300_mz170.1178_rt0.92",-0.567604707057499,18.2264193534553,-1.30182055883482,0.24976759055848,0.318383122145521,-6.07270789468942,1300,0.915,170.11775,"Unknown","[M+H]+","ion correlated with 3650",0.214,FALSE,"null","null","null","null",999,FALSE,FALSE,FALSE,"null","null","null","null","null",55.78,7564.33333333333,78.031327106098,17,"Leaf vs Root","Root","Not selected"
"F1100_mz156.1384_rt0.88",-0.369814627797302,26.5342900897761,-1.29334768656954,0.252460502591732,0.321588713604853,-6.0824556746096,1100,0.885,156.13843,"Unknown","[M+H]+","found in higher mz's MsMs_4069",0.25,TRUE,"null","null","null","null",999,FALSE,FALSE,FALSE,"null","null","null","null","null",8831.42,3834.66666666667,43856.0781263579,17,"Leaf vs Root","Root","Not selected"
"F1765_mz202.1078_rt1",5.45454496203113,11.9014716240882,1.2894351674753,0.253712997315856,0.322956248346348,-6.08694634282577,1765,1.003,202.1078,"Unknown","[M+H]+","ion correlated with 4067; ion correlated with 4082; ion correlated with 3243; ion correlated with 650; ion correlated with 1504; ion correlated with 1578; ion correlated with 1606",0.107,TRUE,"null","null","null","null",999,FALSE,FALSE,FALSE,"null","null","null","null","null",296.01,10267.6666666667,143.679705252224,23,"Leaf vs Root","Leaf","Not selected"
"F2367_mz247.043_rt0.62",6.2498361032625,13.9757695920446,1.28467830799321,0.255243469808256,0.324675449615153,-6.09239704553499,2367,0.621,247.04298,"Unknown","[M+H]+","ion correlated with 2301; ion correlated with 2355",0.071,FALSE,"null","null","null","null",999,FALSE,FALSE,FALSE,"null","null","null","null","null",79.19,0,319987,6,"Leaf vs Root","Leaf","Not selected"
"F4770_mz563.2107_rt1.05",6.2596674766872,13.9437990634026,1.28172176421757,0.256198970118719,0.325661366946681,-6.09577978723079,4770,1.055,563.21069,"Unknown","[M+H]+","ion correlated with 3535; ion correlated with 778; ion correlated with 4668; ion correlated with 4565; ion correlated with 1020; ion correlated with 2128; ion correlated with 4167",0.107,FALSE,"null","null","null","null",999,FALSE,FALSE,FALSE,"null","null","null","null","null",4582.21,0,267731,5,"Leaf vs Root","Leaf","Not selected"
"F2661_mz270.9202_rt0.4",-0.368351638508639,18.5156618438394,-1.27684730822562,0.257781460363549,0.327442319462495,-6.10134840987835,2661,0.397,270.9202,"Unknown","[M+H]+","ion correlated with 203; ion correlated with 186",0.286,FALSE,"null","null","null","null",999,FALSE,FALSE,FALSE,"null","null","null","null","null",137.31,0,598342,13,"Leaf vs Root","Root","Not selected"
"F3189_mz307.0798_rt0.49",5.87221478965973,13.1048861866635,1.27532789995774,0.258276561260687,0.327840501459593,-6.10308202015615,3189,0.492,307.07977,"Unknown","[M+H]+","ion correlated with 3187; ion correlated with 1564; ion correlated with 3901; ion correlated with 3169; ion correlated with 2958; ion correlated with 4228",0.036,FALSE,"null","null","null","null",999,FALSE,FALSE,FALSE,"null","null","null","null","null",5422.25,0,271114,8,"Leaf vs Root","Leaf","Not selected"
"F1331_mz173.0129_rt0.4",-0.867479353932015,14.5417525998366,-1.27269606265302,0.259136206165264,0.328700528551161,-6.1060824285589,1331,0.395,173.01286,"Unknown","[M+H]+",NA,0.071,FALSE,"null","null","null","null",999,FALSE,FALSE,FALSE,"null","null","null","null","null",17.3,0,200774,24,"Leaf vs Root","Root","Not selected"
"F1555_mz188.0709_rt1.18",5.33207430900037,12.0219088141874,1.27017529682796,0.259962021892431,0.329516467356628,-6.10895327821667,1555,1.179,188.07094,"Unknown","[M+H]+","ion correlated with 2499; ion correlated with 807; ion correlated with 1798; ion correlated with 1811; ion correlated with 2525; ion correlated with 2858",0.071,FALSE,"null","null","null","null",999,FALSE,FALSE,FALSE,"null","null","null","null","null",140.76,718,895.92628650904,18,"Leaf vs Root","Leaf","Not selected"
"F4555_mz480.2444_rt1.25",-0.664573070032295,16.4013834298492,-1.26697639031599,0.261013459070624,0.330617048156124,-6.11259229985346,4555,1.252,480.24438,"Unknown","[M+H]+",NA,0.036,FALSE,"null","null","null","null",999,FALSE,FALSE,FALSE,"null","null","null","null","null",89.19,0,178597,8,"Leaf vs Root","Root","Not selected"
"F60_mz72.0809_rt0.66",6.38748169854288,14.4271336137816,1.2641012797285,0.261961777576927,0.331585559976404,-6.11585899917478,60,0.657,72.08092,"Unknown","[M+H]+","ion correlated with 804; ion correlated with 1031; found in higher mz's MsMs_545; found in higher mz's MsMs_2363; found in higher mz's MsMs_1679; found in higher mz's MsMs_967; found in higher mz's MsMs_4471",0.464,TRUE,"null","null","null","null",999,FALSE,FALSE,FALSE,"null","null","null","null","null",973.34,59461.6666666667,515.43499002175,23,"Leaf vs Root","Leaf","Not selected"
"F968_mz146.0925_rt0.49",6.14248656439192,13.9282701113688,1.26205404943104,0.262638943427387,0.332209735729806,-6.11818275641509,968,0.487,146.09251,"Unknown","[M+H]+","ion correlated with 2322; ion correlated with 1680; similar chromatogram in higher mz_2927; similar chromatogram in higher mz_5147; similar chromatogram in higher mz_1558",0.429,TRUE,"null","null","null","null",999,FALSE,FALSE,FALSE,"null","null","null","null","null",422.31,2368.33333333333,1706.24662352279,18,"Leaf vs Root","Leaf","Not selected"
"F4102_mz395.2954_rt5.49",5.40961798506049,12.191281681575,1.25930003580944,0.263552408204027,0.333131720453969,-6.12130572849622,4102,5.494,395.29535,"Unknown","[M+H]+",NA,0.036,FALSE,"null","null","null","null",999,FALSE,FALSE,FALSE,"null","null","null","null","null",33.64,0,101498,5,"Leaf vs Root","Leaf","Not selected"
"F391_mz107.0493_rt0.94",0.657119904582306,17.5381408682722,1.25722893457998,0.264241265216716,0.333768707988924,-6.12365199473686,391,0.945,107.04929,"Unknown","[M+H]+","ion correlated with 1053; ion correlated with 1015; ion correlated with 2359; ion correlated with 2168; ion correlated with 2068; ion correlated with 2620; found in higher mz's MsMs_1015; found in higher mz's MsMs_4088; found in higher mz's MsMs_3428",0.429,TRUE,"null","null","null","null",999,FALSE,FALSE,FALSE,"null","null","null","null","null",331.72,9690.66666666667,276.814823731728,24,"Leaf vs Root","Leaf","Not selected"
"F838_mz138.0553_rt1.09",0.389391932099583,16.4934018463209,1.25633969482266,0.264537532365377,0.333909262880774,-6.12465876983973,838,1.091,138.05528,"Unknown","[M+H]+",NA,0.071,TRUE,"null","null","null","null",999,FALSE,FALSE,FALSE,"null","null","null","null","null",99.7,23135,27.113545988935,24,"Leaf vs Root","Leaf","Not selected"
"F1188_mz163.0756_rt1.02",-0.723568394218227,21.053751403422,-1.25186335604798,0.266033500613927,0.33556287114475,-6.12972119692683,1188,1.021,163.07556,"Unknown","[M+H]+","ion correlated with 738; found in higher mz's MsMs_4759; found in higher mz's MsMs_3780; similar chromatogram in higher mz_4378",0.214,TRUE,"null","null","null","null",999,FALSE,FALSE,FALSE,"null","null","null","null","null",145.12,15839.6666666667,232.051155254408,24,"Leaf vs Root","Root","Not selected"
"F4676_mz522.2036_rt0.49",-0.802916864975575,17.1782535922315,-1.24708156513973,0.26764003197148,0.337353531919358,-6.13511874510095,4676,0.487,522.20361,"Unknown","[M+H]+",NA,0.536,TRUE,"null","null","null","null",999,FALSE,FALSE,FALSE,"null","null","null","null","null",23581.81,0,4630107,20,"Leaf vs Root","Root","Not selected"
"F3980_mz380.9888_rt0.42",5.53240272772507,12.5898740840814,1.24593739050955,0.268025741109686,0.337400470899797,-6.13640866697055,3980,0.416,380.98877,"Unknown","[M+H]+","ion correlated with 3855; ion correlated with 4270; ion correlated with 4701; ion correlated with 4493; ion correlated with 4288; ion correlated with 4212",0.036,FALSE,"null","null","null","null",999,FALSE,FALSE,FALSE,"null","null","null","null","null",2249.3,0,112466,5,"Leaf vs Root","Leaf","Not selected"
"F2758_mz275.9881_rt0.41",-5.45266031565377,12.4861930197785,-1.24581788635972,0.268066055831484,0.337400470899797,-6.13654335828418,2758,0.408,275.98807,"Unknown","[M+H]+",NA,0.036,FALSE,"null","null","null","null",999,FALSE,FALSE,FALSE,"null","null","null","null","null",125.69,0,215304,22,"Leaf vs Root","Root","Not selected"
"F1944_mz215.0882_rt0.4",-1.50412966996754,15.39901038494,-1.24488591295717,0.26838064564719,0.337400470899797,-6.13759354066259,1944,0.402,215.08818,"Unknown","[M+H]+","ion correlated with 2177; ion correlated with 2058; ion correlated with 1590; ion correlated with 1226; ion correlated with 1471; ion correlated with 1616; ion correlated with 2004",0.357,FALSE,"null","null","null","null",999,FALSE,FALSE,FALSE,"null","null","null","null","null",95.07,20173,39.5813918905522,24,"Leaf vs Root","Root","Not selected"
"F2354_mz246.0614_rt0.5",-0.460155706306545,18.2885762017196,-1.24432768339529,0.268569237524267,0.337400470899797,-6.13822237854671,2354,0.498,246.06137,"Unknown","[M+H]+","ion correlated with 2366",0.179,FALSE,"null","null","null","null",999,FALSE,FALSE,FALSE,"null","null","null","null","null",127.55,0,493447,6,"Leaf vs Root","Root","Not selected"
"F4561_mz481.2722_rt5.73",1.11707058069192,15.7097959982846,1.24420145688766,0.268611898439339,0.337400470899797,-6.13836455058983,4561,5.733,481.27219,"Unknown","[M+H]+","ion correlated with 4383; ion correlated with 4497; ion correlated with 4475; ion correlated with 1833; ion correlated with 4377",0.071,FALSE,"null","null","null","null",999,FALSE,FALSE,FALSE,"null","null","null","null","null",2502.86,0,247437,6,"Leaf vs Root","Leaf","Not selected"
"F3485_mz332.3316_rt3.83",1.07431215894302,16.5451656312817,1.24355238508866,0.268831362929209,0.337441314386107,-6.13909549749687,3485,3.829,332.33157,"Unknown","[M+H]+",NA,0.143,TRUE,"null","null","null","null",999,FALSE,FALSE,FALSE,"null","null","null","null","null",10.26,7173.33333333333,44.083399154393,24,"Leaf vs Root","Leaf","Not selected"
"F1230_mz166.0699_rt0.42",0.356645731221715,17.0473725219851,1.23790452476978,0.270747883433944,0.339610791937643,-6.14544737016943,1230,0.425,166.06993,"Unknown","[M+H]+","ion correlated with 1759; ion correlated with 4169; ion correlated with 4259; ion correlated with 3095; ion correlated with 998; ion correlated with 1091; ion correlated with 4124; ion correlated with 2641; ion correlated with 3422",0.036,FALSE,"null","null","null","null",999,FALSE,FALSE,FALSE,"null","null","null","null","null",35,1762.33333333333,202.010018903592,15,"Leaf vs Root","Leaf","Not selected"
"F3929_mz375.1444_rt1.16",-0.25686880260942,18.195224516375,-1.23385663804208,0.272129068237672,0.341012758047982,-6.14999049115246,3929,1.155,375.14444,"Unknown","[M+H]+","ion correlated with 4807; ion correlated with 4490",0.179,FALSE,"null","null","null","null",999,FALSE,FALSE,FALSE,"null","null","null","null","null",1413.34,0,545026,11,"Leaf vs Root","Root","Not selected"
"F1556_mz188.0773_rt0.4",-0.515957602925274,16.9537474244904,-1.23300611904445,0.272420082912177,0.341012758047982,-6.15094406929235,1556,0.404,188.07729,"Unknown","[M+H]+","adduct linked to 238_[M+H]2+",0.179,FALSE,"null","null","null","null",999,FALSE,FALSE,FALSE,"null","null","null","null","null",48.39,694,282.228776978417,24,"Leaf vs Root","Root","Not selected"
"F3123_mz302.0766_rt0.47",-5.6095626888577,12.9372276855124,-1.23297027663055,0.272432352966864,0.341012758047982,-6.15098424718659,3123,0.473,302.07657,"Unknown","[M+H]+",NA,0.036,FALSE,"null","null","null","null",999,FALSE,FALSE,FALSE,"null","null","null","null","null",2052.98,0,102650,5,"Leaf vs Root","Root","Not selected"
"F1994_mz217.1551_rt1.04",-1.53845806782581,15.8859533871488,-1.21550625532624,0.278470461812556,0.348329302544465,-6.1704867405322,1994,1.037,217.15514,"Unknown","[M+H]+",NA,0.071,FALSE,"null","null","null","null",999,FALSE,FALSE,FALSE,"null","null","null","null","null",20.58,0,207221,20,"Leaf vs Root","Root","Not selected"
"F1323_mz172.1333_rt0.5",0.410559940100177,19.9920319680957,1.21354449720359,0.279156195094713,0.348945243868391,-6.17266817048389,1323,0.497,172.13327,"Unknown","[M+H]+","ion correlated with 2200; ion correlated with 2220; ion correlated with 851; ion correlated with 1942; ion correlated with 251; ion correlated with 841; ion correlated with 2488",0.214,FALSE,"null","null","null","null",999,FALSE,FALSE,FALSE,"null","null","null","null","null",138.83,10668,197.541006654794,10,"Leaf vs Root","Leaf","Not selected"
"F5051_mz714.5524_rt6.32",5.63551624765345,13.1796161061749,1.20419121214353,0.282446503509847,0.352391552217695,-6.18304257794248,5051,6.315,714.55243,"Unknown","[M+H]+",NA,0.071,FALSE,"null","null","null","null",999,FALSE,FALSE,FALSE,"null","null","null","null","null",13.61,0,196133,6,"Leaf vs Root","Leaf","Not selected"
"F1172_mz162.0763_rt0.45",-2.30567490038606,17.819795421926,-1.20410474346363,0.28247708287919,0.352391552217695,-6.18313828319812,1172,0.447,162.07628,"Unknown","[M+H]+",NA,0.393,TRUE,"null","null","null","null",999,FALSE,FALSE,FALSE,"null","null","null","null","null",720.36,50039,77.5632494004796,24,"Leaf vs Root","Root","Not selected"
"F1096_mz156.0769_rt0.44",-0.368196708620891,20.0395899245891,-1.20404296031379,0.282498934104712,0.352391552217695,-6.18320666372443,1096,0.437,156.07687,"Unknown","[M+H]+","ion correlated with 747; ion correlated with 4587; ion correlated with 805",0.286,TRUE,"null","null","null","null",999,FALSE,FALSE,FALSE,"null","null","null","null","null",1052.34,2141.33333333333,5458.53477516726,19,"Leaf vs Root","Root","Not selected"
"F4627_mz504.3087_rt3.67",0.714573205970795,15.2598225361709,1.20131718344109,0.283464482216558,0.353351788950888,-6.18622160146442,4627,3.673,504.30869,"Unknown","[M+H]+",NA,0.036,FALSE,"null","null","null","null",999,FALSE,FALSE,FALSE,"null","null","null","null","null",2081.3,0,104066,6,"Leaf vs Root","Leaf","Not selected"
"F3056_mz298.0974_rt0.97",0.459278760819918,17.8865976880933,1.19183103927461,0.286847766595469,0.357322442170339,-6.19668485260569,3056,0.973,298.09741,"Unknown","[M+H]+","ion correlated with 3580; ion correlated with 4037; ion correlated with 4687; ion correlated with 3662",0.214,TRUE,"null","null","null","null",999,FALSE,FALSE,FALSE,"null","null","null","null","null",37.11,2699.66666666667,229.857319180449,16,"Leaf vs Root","Leaf","Not selected"
"F363_mz104.0708_rt0.66",5.99039126066693,14.136442128973,1.19063423601783,0.287277161096841,0.357610535020551,-6.19800168509766,363,0.659,104.07083,"Unknown","[M+H]+",NA,0.036,FALSE,"null","null","null","null",999,FALSE,FALSE,FALSE,"null","null","null","null","null",12.03,51840.6666666667,8.87490757113004,23,"Leaf vs Root","Leaf","Not selected"
"F4652_mz511.2153_rt1.23",-0.773670238208581,15.9062021222599,-1.18793922898173,0.288246184381028,0.358569512617337,-6.20096429868322,4652,1.226,511.21527,"Unknown","[M+H]+","ion correlated with 4636",0.036,FALSE,"null","null","null","null",999,FALSE,FALSE,FALSE,"null","null","null","null","null",2147.04,0,107353,6,"Leaf vs Root","Root","Not selected"
"F3669_mz349.2377_rt3.29",-0.45747375303942,18.5569255678722,-1.18493929897255,0.289328266387245,0.359664553062094,-6.20425773367184,3669,3.286,349.23767,"Unknown","[M+H]+","ion correlated with 3470",0.214,TRUE,"null","null","null","null",999,FALSE,FALSE,FALSE,"null","null","null","null","null",65.96,0,846027,8,"Leaf vs Root","Root","Not selected"
"F582_mz120.0655_rt0.45",-0.300853067758185,19.564737163162,-1.18439499808249,0.289524983711481,0.359664553062094,-6.20485479147449,582,0.453,120.06554,"Unknown","[M+H]+","ion correlated with 992; ion correlated with 2511; ion correlated with 1228",0.571,TRUE,"null","null","null","null",999,FALSE,FALSE,FALSE,"null","null","null","null","null",1820.67,64534,467.869171767258,24,"Leaf vs Root","Root","Not selected"
"F4712_mz537.3043_rt3.42",0.670657761134433,16.4412468837384,1.18183743886815,0.29045091062145,0.360566639389076,-6.20765819902945,4712,3.422,537.30426,"Unknown","[M+H]+","ion correlated with 3717; ion correlated with 4700",0.071,TRUE,"null","null","null","null",999,FALSE,FALSE,FALSE,"null","null","null","null","null",5915.51,0,374121,7,"Leaf vs Root","Leaf","Not selected"
"F1479_mz182.0815_rt1.22",4.63386975138572,11.0707131449799,1.17934221778904,0.291356802312956,0.361442631048031,-6.21039001638866,1479,1.217,182.0815,"Unknown","[M+H]+",NA,0.071,FALSE,"null","null","null","null",999,FALSE,FALSE,FALSE,"null","null","null","null","null",161.52,4127.66666666667,175.233327950912,23,"Leaf vs Root","Leaf","Not selected"
"F5137_mz780.5517_rt8.71",-4.91843636660258,11.5496934265389,-1.17844320842138,0.291683802189023,0.361599768510431,-6.21137347843444,5137,8.71,780.5517,"Unknown","[M+H]+","ion correlated with 5115; ion correlated with 5148",0.071,TRUE,"null","null","null","null",999,FALSE,FALSE,FALSE,"null","null","null","null","null",66.41,1640.66666666667,170.383553299492,23,"Leaf vs Root","Root","Not selected"
"F3379_mz322.1767_rt1.02",-5.00334761769895,11.9971425363632,-1.17509322704674,0.292905170624358,0.362864676030862,-6.21503445366395,3379,1.025,322.17673,"Unknown","[M+H]+","ion correlated with 3465; ion correlated with 3294; ion correlated with 4231; ion correlated with 3920; ion correlated with 3652; ion correlated with 4454; ion correlated with 3451; ion correlated with 3613; ion correlated with 1836; ion correlated with 2985; ion correlated with 3479; ion correlated with 3776; ion correlated with 3453; ion correlated with 2554; ion correlated with 3295; ion correlated with 3921; ion correlated with 3523",0.357,TRUE,"null","null","null","null",999,FALSE,FALSE,FALSE,"null","null","null","null","null",29.59,15087,27.4506892895016,23,"Leaf vs Root","Root","Not selected"
"F5142_mz782.5701_rt8.86",1.9601776515723,17.0880751199609,1.16982387979212,0.294835488652195,0.365005526074906,-6.22078111114639,5142,8.857,782.57013,"Unknown","[M+H]+","ion correlated with 5141",0.036,TRUE,"null","null","null","null",999,FALSE,FALSE,FALSE,"null","null","null","null","null",257.38,31338.6666666667,70.7430944809028,24,"Leaf vs Root","Leaf","Not selected"
"F1774_mz202.9707_rt0.38",-0.330633086829363,18.117648972013,-1.16692320540852,0.29590288710883,0.366075881584262,-6.22393830993071,1774,0.384,202.97069,"Unknown","[M+H]+","ion correlated with 2852; ion correlated with 898",0.25,FALSE,"null","null","null","null",999,FALSE,FALSE,FALSE,"null","null","null","null","null",161.82,4173,111.591039770005,24,"Leaf vs Root","Root","Not selected"
"F4016_mz385.0893_rt0.47",-1.58446765448096,16.0899338018295,-1.15966975659529,0.298586982734202,0.369063475009469,-6.23181373647396,4016,0.469,385.08926,"Unknown","[M+H]+",NA,0.107,FALSE,"null","null","null","null",999,FALSE,FALSE,FALSE,"null","null","null","null","null",825.64,0,502832,9,"Leaf vs Root","Root","Not selected"
"F807_mz136.0759_rt1.14",-1.14067357718703,12.8195883665755,-1.15929369945221,0.298726724093537,0.369063475009469,-6.23222127729056,807,1.139,136.07594,"Unknown","[M+H]+","ion correlated with 3603; ion correlated with 3335; ion correlated with 3569; ion correlated with 2499; ion correlated with 1811",0.179,TRUE,"null","null","null","null",999,FALSE,FALSE,FALSE,"null","null","null","null","null",83.46,20258.3333333333,42.2637796571128,24,"Leaf vs Root","Root","Not selected"
"F900_mz142.0713_rt0.39",-0.289950322875201,16.7702417808337,-1.15774933633419,0.299301207800501,0.369182053322672,-6.23389414315855,900,0.393,142.0713,"Unknown","[M+H]+",NA,0.071,FALSE,"null","null","null","null",999,FALSE,FALSE,FALSE,"null","null","null","null","null",26.41,0,219255,24,"Leaf vs Root","Root","Not selected"
"F3405_mz324.8622_rt0.42",5.43064389696846,13.1871417692386,1.1577246092906,0.299310413860759,0.369182053322672,-6.23392091730946,3405,0.416,324.86224,"Unknown","[M+H]+",NA,0.071,FALSE,"null","null","null","null",999,FALSE,FALSE,FALSE,"null","null","null","null","null",2179.71,0,113468,22,"Leaf vs Root","Leaf","Not selected"
"F1053_mz152.1072_rt0.9",5.80332325808425,14.0739064000902,1.157386545454,0.299436302528749,0.369182053322672,-6.23428693602957,1053,0.899,152.10725,"Unknown","[M+H]+","ion correlated with 1377; ion correlated with 2835; ion correlated with 391",0.5,FALSE,"null","null","null","null",999,FALSE,FALSE,FALSE,"null","null","null","null","null",356.76,12159.6666666667,179.232690093745,23,"Leaf vs Root","Leaf","Not selected"
"F4211_mz412.2979_rt5.49",0.468816831298711,15.4700086896985,1.15331304903782,0.300956865017422,0.370803509458326,-6.23869245698256,4211,5.494,412.29791,"Unknown","[M+H]+",NA,0.036,FALSE,"null","null","null","null",999,FALSE,FALSE,FALSE,"null","null","null","null","null",25.06,14031.3333333333,11.2754590588403,24,"Leaf vs Root","Leaf","Not selected"
"F778_mz133.065_rt1.02",1.03470252550763,16.4387489295943,1.1524627721176,0.30127511351648,0.370942414663878,-6.23961091361821,778,1.024,133.06499,"Unknown","[M+H]+","ion correlated with 3535; ion correlated with 3565; ion correlated with 4759; ion correlated with 4770; found in higher mz's MsMs_4759",0.036,FALSE,"null","null","null","null",999,FALSE,FALSE,FALSE,"null","null","null","null","null",33.18,513,637.538910505837,17,"Leaf vs Root","Leaf","Not selected"
"F4730_mz544.2395_rt1.04",6.27203584650068,15.2897718584481,1.14582229611761,0.30377075217184,0.373760196094186,-6.24677041929235,4730,1.036,544.2395,"Unknown","[M+H]+",NA,0.143,FALSE,"null","null","null","null",999,FALSE,FALSE,FALSE,"null","null","null","null","null",10523.53,0,714666,10,"Leaf vs Root","Leaf","Not selected"
"F1285_mz169.095_rt0.41",-5.19478356426658,12.7107933422165,-1.14273048746132,0.304938898227722,0.374941901431225,-6.250095719171,1285,0.412,169.09497,"Unknown","[M+H]+","ion correlated with 1831; ion correlated with 1304; ion correlated with 4409",0.357,TRUE,"null","null","null","null",999,FALSE,FALSE,FALSE,"null","null","null","null","null",235.19,54434.6666666667,49.3990275983271,22,"Leaf vs Root","Root","Not selected"
"F1113_mz157.1083_rt0.45",5.43395688127509,13.3578701319857,1.13860841911591,0.306502415800249,0.376607801578931,-6.25452095878888,1113,0.446,157.10832,"Unknown","[M+H]+",NA,0.036,FALSE,"null","null","null","null",999,FALSE,FALSE,FALSE,"null","null","null","null","null",28.51,0,139722,15,"Leaf vs Root","Leaf","Not selected"
"F2535_mz260.0536_rt0.47",5.08500910062728,12.519825598736,1.13096465923554,0.309420284939986,0.379934431507942,-6.26270216556447,2535,0.473,260.05356,"Unknown","[M+H]+",NA,0.036,FALSE,"null","null","null","null",999,FALSE,FALSE,FALSE,"null","null","null","null","null",37.66,0,111623,8,"Leaf vs Root","Leaf","Not selected"
"F1420_mz178.5603_rt0.45",5.34078080411785,13.1620681252902,1.13001167582947,0.30978576407204,0.380007523816969,-6.2637198883848,1420,0.454,178.56027,"Unknown","[M+H]+","ion correlated with 4528; ion correlated with 2682",0.036,FALSE,"null","null","null","null",999,FALSE,FALSE,FALSE,"null","null","null","null","null",2463.78,0,123190,5,"Leaf vs Root","Leaf","Not selected"
"F1409_mz177.1349_rt0.45",-4.78967162108245,11.8369021934222,-1.12971173443849,0.309900872608631,0.380007523816969,-6.26404010142614,1409,0.446,177.13486,"Unknown","[M+H]+",NA,0.036,FALSE,"null","null","null","null",999,FALSE,FALSE,FALSE,"null","null","null","null","null",43.69,7189.33333333333,22.6362245607529,18,"Leaf vs Root","Root","Not selected"
"F3666_mz349.2312_rt0.43",5.92910851846619,14.7321172412182,1.12303277013153,0.312473731559234,0.382902298346515,-6.27115747166721,3666,0.433,349.23117,"Unknown","[M+H]+",NA,0.286,FALSE,"null","null","null","null",999,FALSE,FALSE,FALSE,"null","null","null","null","null",43.85,672,774.910846953938,16,"Leaf vs Root","Leaf","Not selected"
"F4657_mz513.2296_rt1.4",-0.391526338884878,17.8098730317832,-1.1197977575856,0.313726584933384,0.384176720356009,-6.27459584774669,4657,1.401,513.22961,"Unknown","[M+H]+",NA,0.643,TRUE,"null","null","null","null",999,FALSE,FALSE,FALSE,"null","null","null","null","null",5147.49,0,411631,19,"Leaf vs Root","Root","Not selected"
"F2052_mz222.1129_rt0.99",4.79519638645842,11.9546604588649,1.11616892376018,0.315137147987647,0.385642408215392,-6.27844578388939,2052,0.99,222.11285,"Unknown","[M+H]+",NA,0.429,TRUE,"null","null","null","null",999,FALSE,FALSE,FALSE,"null","null","null","null","null",55.47,27155.3333333333,24.967435466251,23,"Leaf vs Root","Leaf","Not selected"
"F1840_mz207.2069_rt0.43",-0.429505080118595,19.3556950965691,-1.1096445183281,0.317687086386204,0.388499451847627,-6.28534893989916,1840,0.431,207.20694,"Unknown","[M+H]+",NA,0.571,FALSE,"null","null","null","null",999,FALSE,FALSE,FALSE,"null","null","null","null","null",91.54,0,1532051,18,"Leaf vs Root","Root","Not selected"
"F5072_mz728.568_rt7.31",5.22464595042854,13.0604329584792,1.10757374692949,0.318500133763494,0.389230021288494,-6.28753484988624,5072,7.314,728.56799,"Unknown","[M+H]+",NA,0.071,FALSE,"null","null","null","null",999,FALSE,FALSE,FALSE,"null","null","null","null","null",16.66,408,325.01466992665,8,"Leaf vs Root","Leaf","Not selected"
"F618_mz123.0442_rt0.83",5.04346058786439,12.6678144013632,1.10649203002877,0.318925563602579,0.389486226185829,-6.28867573615472,618,0.833,123.0442,"Unknown","[M+H]+","ion correlated with 2017; ion correlated with 474; ion correlated with 2209; ion correlated with 2019; ion correlated with 1377; found in higher mz's MsMs_1477; found in higher mz's MsMs_1214",0.357,TRUE,"null","null","null","null",999,FALSE,FALSE,FALSE,"null","null","null","null","null",120.23,71358.3333333333,67.406585450163,23,"Leaf vs Root","Leaf","Not selected"
"F4205_mz411.1474_rt0.46",5.73057697061706,14.365130741356,1.10514937307443,0.319454302042443,0.389868164426376,-6.29009090225477,4205,0.457,411.14743,"Unknown","[M+H]+",NA,0.143,FALSE,"null","null","null","null",999,FALSE,FALSE,FALSE,"null","null","null","null","null",2268.65,0,321531,5,"Leaf vs Root","Leaf","Not selected"
"F4479_mz462.1824_rt0.47",4.90224055470283,12.3578782428007,1.10280254924027,0.32038030016818,0.390734082299706,-6.29256197612506,4479,0.465,462.18237,"Unknown","[M+H]+","ion correlated with 1085; ion correlated with 93; ion correlated with 71; ion correlated with 505; ion correlated with 2322",0.357,FALSE,"null","null","null","null",999,FALSE,FALSE,FALSE,"null","null","null","null","null",55926.14,0,3546395,15,"Leaf vs Root","Leaf","Not selected"
"F4210_mz412.2182_rt1.03",5.05942496044587,12.7561093212076,1.10207480865653,0.320667918768101,0.390820792286578,-6.29332760186685,4210,1.034,412.2182,"Unknown","[M+H]+",NA,0.036,FALSE,"null","null","null","null",999,FALSE,FALSE,FALSE,"null","null","null","null","null",12.67,793.666666666667,128.169463087248,11,"Leaf vs Root","Leaf","Not selected"
"F3131_mz302.1756_rt1.26",2.74244955468089,15.8596511782787,1.09491974565958,0.323507628735209,0.394015701664677,-6.30083883362709,3131,1.261,302.17557,"Unknown","[M+H]+",NA,0.036,TRUE,"null","null","null","null",999,FALSE,FALSE,FALSE,"null","null","null","null","null",501.61,0,2339005,10,"Leaf vs Root","Leaf","Not selected"
"F3138_mz302.988_rt0.44",5.2557747152938,13.3598511439042,1.09201258986311,0.324667595041828,0.395053250261082,-6.30388220240969,3138,0.435,302.98801,"Unknown","[M+H]+","ion correlated with 4141; ion correlated with 4672; ion correlated with 4630; ion correlated with 4602",0.036,FALSE,"null","null","null","null",999,FALSE,FALSE,FALSE,"null","null","null","null","null",52.26,0,128847,8,"Leaf vs Root","Leaf","Not selected"
"F32_mz66.0191_rt9.68",-0.760676116828335,12.9808649188865,-1.09125805090945,0.324969242863459,0.395053250261082,-6.30467128810231,32,9.681,66.01914,"Unknown","[M+H]+","similar chromatogram in higher mz_2167; found in higher mz's MsMs_1220",0.179,FALSE,"null","null","null","null",999,FALSE,FALSE,FALSE,"null","null","null","null","null",85.79,36939,7.98619382782891,24,"Leaf vs Root","Root","Not selected"
"F1374_mz175.0869_rt1.01",-1.18916142379417,15.9032729839699,-1.09114087458554,0.325016108940558,0.395053250261082,-6.30479379949764,1374,1.011,175.08691,"Unknown","[M+H]+","ion correlated with 3902; ion correlated with 3743; ion correlated with 1446; ion correlated with 2994; ion correlated with 2444; ion correlated with 3393; ion correlated with 2926; ion correlated with 3432; ion correlated with 1392; ion correlated with 2672; ion correlated with 2908; similar chromatogram in higher mz_4653",0.393,TRUE,"null","null","null","null",999,FALSE,FALSE,FALSE,"null","null","null","null","null",136.23,66588.3333333333,17.8903427976453,24,"Leaf vs Root","Root","Not selected"
"F4410_mz448.1673_rt0.53",5.62430091747046,14.3483278153667,1.08777360793441,0.326365370495056,0.3964263080374,-6.30831094095833,4410,0.532,448.16733,"Unknown","[M+H]+","ion correlated with 1989",0.036,FALSE,"null","null","null","null",999,FALSE,FALSE,FALSE,"null","null","null","null","null",14612.33,0,962022,15,"Leaf vs Root","Leaf","Not selected"
"F2463_mz255.0979_rt0.61",5.5074259133178,14.0615750500793,1.08259926324057,0.32844809288328,0.398687832988784,-6.31370259378634,2463,0.606,255.09792,"Unknown","[M+H]+",NA,0.25,TRUE,"null","null","null","null",999,FALSE,FALSE,FALSE,"null","null","null","null","null",203.44,0,952372,10,"Leaf vs Root","Leaf","Not selected"
"F4783_mz568.5781_rt9.12",5.61003027894854,13.2461235624198,1.08096022722062,0.32911019066617,0.399223047145455,-6.31540716595296,4783,9.123,568.57812,"Unknown","[M+H]+",NA,0.071,TRUE,"null","null","null","null",999,FALSE,FALSE,FALSE,"null","null","null","null","null",7277.98,86509,6.87050052017108,23,"Leaf vs Root","Leaf","Not selected"
"F2615_mz267.0869_rt1.17",5.13052533945757,13.1646781139871,1.07994486640335,0.329520924147744,0.399403675513741,-6.31646232669764,2615,1.172,267.08694,"Unknown","[M+H]+","ion correlated with 4448; ion correlated with 4825; ion correlated with 3563",0.036,FALSE,"null","null","null","null",999,FALSE,FALSE,FALSE,"null","null","null","null","null",22.94,0,110423,6,"Leaf vs Root","Leaf","Not selected"
"F1552_mz188.0381_rt0.95",4.53541610354504,11.6394082732873,1.07949844531921,0.329701649039044,0.399403675513741,-6.31692605283706,1552,0.952,188.03806,"Unknown","[M+H]+","ion correlated with 1358; ion correlated with 638; ion correlated with 1726; ion correlated with 1095; ion correlated with 1111; ion correlated with 2325; ion correlated with 4067; ion correlated with 1765; ion correlated with 3243; ion correlated with 3461; found in higher mz's MsMs_1559",0.071,FALSE,"null","null","null","null",999,FALSE,FALSE,FALSE,"null","null","null","null","null",288.17,0,806171,11,"Leaf vs Root","Leaf","Not selected"
"F1362_mz174.1489_rt0.49",0.363866680357677,18.2743690938799,1.0787895859044,0.329988791172059,0.399483412518823,-6.31766214718211,1362,0.494,174.14893,"Unknown","[M+H]+","ion correlated with 2798; ion correlated with 2575",0.25,FALSE,"null","null","null","null",999,FALSE,FALSE,FALSE,"null","null","null","null","null",53.43,7826.66666666667,96.7769876080569,15,"Leaf vs Root","Leaf","Not selected"
"F1383_mz176.011_rt0.46",1.12795654427006,19.6561314434226,1.0757252235676,0.331232552676588,0.400720346904317,-6.32084080363751,1383,0.464,176.01099,"Unknown","[M+H]+",NA,0.107,TRUE,"null","null","null","null",999,FALSE,FALSE,FALSE,"null","null","null","null","null",335.6,54661.6666666667,67.5162633851257,17,"Leaf vs Root","Leaf","Not selected"
"F2684_mz272.1129_rt0.49",5.22601304590587,13.3654443246371,1.07467546634167,0.331659547428745,0.400968173549152,-6.32192842658534,2684,0.493,272.11292,"Unknown","[M+H]+",NA,0.071,FALSE,"null","null","null","null",999,FALSE,FALSE,FALSE,"null","null","null","null","null",71.57,0,267461,12,"Leaf vs Root","Leaf","Not selected"
"F1553_mz188.0555_rt0.87",5.33101623632829,13.5958008529899,1.07279209041345,0.332426799137273,0.401626755316451,-6.32387808598319,1553,0.874,188.05548,"Unknown","[M+H]+","ion correlated with 1017",0.071,TRUE,"null","null","null","null",999,FALSE,FALSE,FALSE,"null","null","null","null","null",63.49,0,347412,10,"Leaf vs Root","Leaf","Not selected"
"F4020_mz385.1474_rt1.29",0.257783462631735,17.7970612965433,1.06987217097356,0.3336193120114,0.402797898448546,-6.32689656513822,4020,1.293,385.14743,"Unknown","[M+H]+",NA,0.571,TRUE,"null","null","null","null",999,FALSE,FALSE,FALSE,"null","null","null","null","null",96.19,38261.3333333333,11.7425928023208,24,"Leaf vs Root","Leaf","Not selected"
"F4672_mz520.808_rt0.41",0.70883774596634,15.7533051680505,1.06860282474912,0.334138856567346,0.403155505417152,-6.32820715920604,4672,0.413,520.80798,"Unknown","[M+H]+","ion correlated with 4589; ion correlated with 4630; ion correlated with 3138",0.107,FALSE,"null","null","null","null",999,FALSE,FALSE,FALSE,"null","null","null","null","null",2311.12,0,121364,9,"Leaf vs Root","Leaf","Not selected"
"F1655_mz195.0664_rt1.17",4.52005395400272,11.7041622541728,1.06786452965004,0.33444135825712,0.403250936308685,-6.32896899910092,1655,1.17,195.06644,"Unknown","[M+H]+","ion correlated with 1966",0.143,FALSE,"null","null","null","null",999,FALSE,FALSE,FALSE,"null","null","null","null","null",47.6,3603.33333333333,38.18043096273,23,"Leaf vs Root","Leaf","Not selected"
"F3303_mz316.995_rt0.44",5.00535143193922,12.9211603131177,1.06637057192778,0.335054190872359,0.403720169909618,-6.33050959451863,3303,0.435,316.99496,"Unknown","[M+H]+",NA,0.036,FALSE,"null","null","null","null",999,FALSE,FALSE,FALSE,"null","null","null","null","null",77.8,0,114773,14,"Leaf vs Root","Leaf","Not selected"
"F3578_mz341.2092_rt5.7",0.294160541441132,17.1427393207637,1.06009686496848,0.337638148083488,0.406562279713606,-6.33696440122635,3578,5.695,341.20917,"Unknown","[M+H]+","ion correlated with 3994; ion correlated with 3356; ion correlated with 4236; ion correlated with 1467; ion correlated with 4812; ion correlated with 4383; ion correlated with 4377; ion correlated with 2530",0.107,FALSE,"null","null","null","null",999,FALSE,FALSE,FALSE,"null","null","null","null","null",1502.43,0,327009,6,"Leaf vs Root","Leaf","Not selected"
"F4545_mz478.2865_rt9.7",5.27740511760115,13.4503058634779,1.05497076827793,0.339761975961572,0.408846911073759,-6.34222068642489,4545,9.696,478.28653,"Unknown","[M+2H]2+","ion correlated with 4057; ion correlated with 5094",0.107,FALSE,"null","null","null","null",999,FALSE,FALSE,FALSE,"null","null","null","null","null",96.42,0,330798,6,"Leaf vs Root","Leaf","Not selected"
"F3412_mz326.1718_rt0.97",1.55168530519498,15.6005460887358,1.04028223688751,0.345910363181517,0.415968158256254,-6.3571927176892,3412,0.971,326.17178,"Unknown","[M+H]+",NA,0.036,FALSE,"null","null","null","null",999,FALSE,FALSE,FALSE,"null","null","null","null","null",26.22,3263.66666666667,127.472432101287,24,"Leaf vs Root","Leaf","Not selected"
"F4546_mz478.2936_rt3.35",0.776494595378516,15.2434723646844,1.03907467354357,0.346419976452147,0.416303633486102,-6.35841763011535,4546,3.347,478.29358,"Unknown","[M+H]+",NA,0.036,FALSE,"null","null","null","null",999,FALSE,FALSE,FALSE,"null","null","null","null","null",12.13,0,151823,15,"Leaf vs Root","Leaf","Not selected"
"F487_mz114.0551_rt0.75",4.67780015791656,12.3451938213548,1.03798440993453,0.346880629549424,0.416579864495482,-6.35952277452197,487,0.752,114.05506,"Unknown","[M+H]+","ion correlated with 1537",0.036,FALSE,"null","null","null","null",999,FALSE,FALSE,FALSE,"null","null","null","null","null",23.18,69725,5.21862719788888,23,"Leaf vs Root","Leaf","Not selected"
"F3868_mz368.2187_rt1.05",-0.616554038670341,13.600507314298,-1.03691749311861,0.3473319167975,0.416738006980505,-6.36060353311496,3868,1.048,368.21872,"Unknown","[M+H]+","ion correlated with 3969; ion correlated with 4335",0.071,FALSE,"null","null","null","null",999,FALSE,FALSE,FALSE,"null","null","null","null","null",15.02,8545,17.9473437865668,24,"Leaf vs Root","Root","Not selected"
"F2373_mz247.1296_rt0.98",4.60347350408067,12.1874545361772,1.03658165559798,0.347474072302305,0.416738006980505,-6.36094358006338,2373,0.982,247.12956,"Unknown","[M+H]+","ion correlated with 2150",0.214,TRUE,"null","null","null","null",999,FALSE,FALSE,FALSE,"null","null","null","null","null",61.07,691.333333333333,3882.55031295137,20,"Leaf vs Root","Leaf","Not selected"
"F3390_mz323.1471_rt1.25",4.0521710247444,10.3241456238829,1.03319113915352,0.348911971645466,0.4181846672112,-6.36437262734483,3390,1.246,323.14713,"Unknown","[M+H]+","ion correlated with 2645; ion correlated with 3799; ion correlated with 3568",0.036,FALSE,"null","null","null","null",999,FALSE,FALSE,FALSE,"null","null","null","null","null",27.96,1089.66666666667,97.0452322738386,22,"Leaf vs Root","Leaf","Not selected"
"F1525_mz186.0764_rt0.91",4.66005750026206,12.4255196098763,1.03002341223935,0.350259895624522,0.419521640081129,-6.36756981293227,1525,0.913,186.07639,"Unknown","[M+H]+","ion correlated with 1640; ion correlated with 2001; ion correlated with 1797; ion correlated with 1348; ion correlated with 4009; ion correlated with 1678; ion correlated with 2082; similar chromatogram in higher mz_2963",0.429,FALSE,"null","null","null","null",999,FALSE,FALSE,FALSE,"null","null","null","null","null",80.67,14374,58.7650086956522,23,"Leaf vs Root","Leaf","Not selected"
"F5044_mz712.5366_rt9.09",0.254748444716197,15.6864616176332,1.02776143480371,0.351225075575798,0.420227964982022,-6.36984894535141,5044,9.088,712.53656,"Unknown","[M+H]+",NA,0.036,TRUE,"null","null","null","null",999,FALSE,FALSE,FALSE,"null","null","null","null","null",45.64,2708.33333333333,45.0453986220472,18,"Leaf vs Root","Leaf","Not selected"
"F307_mz99.935_rt0.39",0.440213160271875,16.0229017554929,1.02755040483367,0.35131523499051,0.420227964982022,-6.3700614105147,307,0.388,99.93505,"Unknown","[M+H]+","ion correlated with 96; ion correlated with 3084; ion correlated with 2186; ion correlated with 254; ion correlated with 801; ion correlated with 3328; ion correlated with 3696; ion correlated with 2628; ion correlated with 3187; found in higher mz's MsMs_881",0.071,FALSE,"null","null","null","null",999,FALSE,FALSE,FALSE,"null","null","null","null","null",110.54,3213.33333333333,60.2208856165094,7,"Leaf vs Root","Leaf","Not selected"
"F1563_mz188.2011_rt1.3",-2.13489532560935,20.4997595964945,-1.02333397995666,0.353120702154853,0.422107859198351,-6.37430058284071,1563,1.296,188.20113,"Unknown","[M+H]+",NA,0.393,TRUE,"null","null","null","null",999,FALSE,FALSE,FALSE,"null","null","null","null","null",540.3,527.666666666667,19140.289407314,18,"Leaf vs Root","Root","Not selected"
"F5071_mz728.5679_rt7.37",5.10319857514339,13.6403912809632,1.02125231739819,0.354014922458621,0.422859752585493,-6.37638930163658,5071,7.371,728.56793,"Unknown","[M+H]+",NA,0.036,FALSE,"null","null","null","null",999,FALSE,FALSE,FALSE,"null","null","null","null","null",14.42,578,293.754749568221,7,"Leaf vs Root","Leaf","Not selected"
"F3829_mz365.0118_rt0.42",0.399629296323452,17.2001090223917,1.02064842387829,0.354274690665155,0.422859752585493,-6.37699472437399,3829,0.419,365.01175,"Unknown","[M+H]+","ion correlated with 4413; ion correlated with 3508; ion correlated with 4249; ion correlated with 3095; ion correlated with 3069; ion correlated with 998; ion correlated with 1091; ion correlated with 4124; ion correlated with 977",0.107,FALSE,"null","null","null","null",999,FALSE,FALSE,FALSE,"null","null","null","null","null",5754.31,0,359403,12,"Leaf vs Root","Leaf","Not selected"
"F5166_mz799.5338_rt8.32",5.66225241559599,15.0879464600059,1.02023522087985,0.354452523912383,0.422859752585493,-6.37740883935934,5166,8.324,799.53375,"Unknown","[M+H]+","ion correlated with 5157",0.143,TRUE,"null","null","null","null",999,FALSE,FALSE,FALSE,"null","null","null","null","null",191.82,0,1125669,6,"Leaf vs Root","Leaf","Not selected"
"F20_mz63.0041_rt0.38",4.25731031860242,11.4603621579491,1.01507281782887,0.356680587117149,0.425236763372823,-6.38257341186058,20,0.379,63.00409,"Unknown","[M+H]+","ion correlated with 371; ion correlated with 645; ion correlated with 3828",0.036,FALSE,"null","null","null","null",999,FALSE,FALSE,FALSE,"null","null","null","null","null",193.27,553.666666666667,383.493389423077,22,"Leaf vs Root","Leaf","Not selected"
"F4492_mz464.2903_rt5.74",0.685435421299777,18.9577826335268,1.01251875367267,0.357787211593315,0.426274532624379,-6.38512221246658,4492,5.739,464.29034,"Unknown","[M+H]+","ion correlated with 4497; ion correlated with 4475; ion correlated with 4295",0.214,FALSE,"null","null","null","null",999,FALSE,FALSE,FALSE,"null","null","null","null","null",3721.56,0,1764857,6,"Leaf vs Root","Leaf","Not selected"
"F449_mz111.1039_rt0.86",0.485518428521944,16.8442962501691,1.01176985650818,0.358112234521067,0.426341484685048,-6.38586876822009,449,0.859,111.10393,"Unknown","[M+H]+",NA,0.107,FALSE,"null","null","null","null",999,FALSE,FALSE,FALSE,"null","null","null","null","null",68.98,0,253706,7,"Leaf vs Root","Leaf","Not selected"
"F1443_mz180.1021_rt1.03",-0.310191493167586,18.3170006460227,-1.01130108466554,0.358315807350259,0.426341484685048,-6.38633589002035,1443,1.033,180.1021,"Unknown","[M+H]+",NA,0.071,FALSE,"null","null","null","null",999,FALSE,FALSE,FALSE,"null","null","null","null","null",82.67,34936.6666666667,35.1442759962982,24,"Leaf vs Root","Root","Not selected"
"F422_mz109.5217_rt0.4",-0.39957711377944,18.4096031643698,-0.996719774558585,0.364696107152556,0.433647215685351,-6.4007945182813,422,0.4,109.52167,"Unknown","[M+H]+","ion correlated with 3029; ion correlated with 538; ion correlated with 2384; ion correlated with 2798",0.143,FALSE,"null","null","null","null",999,FALSE,FALSE,FALSE,"null","null","null","null","null",41.67,865,633.370669745958,19,"Leaf vs Root","Root","Not selected"
"F2213_mz233.9666_rt9.71",-0.558631889063926,15.1622300815481,-0.99518185872671,0.365374491780697,0.43416784573019,-6.40231138059194,2213,9.706,233.96657,"Unknown","[M+H]+",NA,0.036,FALSE,"null","null","null","null",999,FALSE,FALSE,FALSE,"null","null","null","null","null",42.99,22829.6666666667,5.21079834141214,23,"Leaf vs Root","Root","Not selected"
"F2852_mz284.047_rt0.39",-0.293641244488878,18.2485213060132,-0.993294407746176,0.366208481100487,0.434872571306829,-6.40417086180332,2852,0.392,284.04697,"Unknown","[M+H]+","ion correlated with 1774; ion correlated with 21",0.536,FALSE,"null","null","null","null",999,FALSE,FALSE,FALSE,"null","null","null","null","null",442.76,0,575493,24,"Leaf vs Root","Root","Not selected"
"F863_mz140.0111_rt0.4",0.426873117145275,17.9408481875058,0.991291734975195,0.36709509743149,0.435638823710611,-6.40614128370722,863,0.402,140.01105,"Unknown","[M+H]+",NA,0.214,FALSE,"null","null","null","null",999,FALSE,FALSE,FALSE,"null","null","null","null","null",6.03,0,648332,24,"Leaf vs Root","Leaf","Not selected"
"F2810_mz279.9702_rt0.69",4.75813418895915,13.0470449689375,0.989324720879558,0.367967647160393,0.436233203693927,-6.4080740357192,2810,0.685,279.97015,"Unknown","[M+H]+",NA,0.036,FALSE,"null","null","null","null",999,FALSE,FALSE,FALSE,"null","null","null","null","null",50.49,0,100792,5,"Leaf vs Root","Leaf","Not selected"
"F4808_mz582.5939_rt9.11",5.46319134568491,14.2279117937878,0.989073254940835,0.368079318130666,0.436233203693927,-6.40832093651977,4808,9.109,582.59387,"Unknown","[M+H]+",NA,0.286,TRUE,"null","null","null","null",999,FALSE,FALSE,FALSE,"null","null","null","null","null",6495.25,209211,5.9675974609487,23,"Leaf vs Root","Leaf","Not selected"
"F1363_mz174.149_rt0.89",-0.259384690180574,19.3913831233,-0.977254630285222,0.373359215323119,0.442200382977842,-6.41987743270386,1363,0.891,174.14897,"Unknown","[M+H]+","ion correlated with 252; ion correlated with 1324; ion correlated with 1071; ion correlated with 842; ion correlated with 1730; ion correlated with 4880; found in higher mz's MsMs_2403",0.214,FALSE,"null","null","null","null",999,FALSE,FALSE,FALSE,"null","null","null","null","null",86.48,0,1150705,15,"Leaf vs Root","Root","Not selected"
"F3356_mz319.2273_rt5.7",0.200983397642302,18.6505909963489,0.976622829369954,0.373643206754066,0.442246549633501,-6.42049258451147,3356,5.698,319.22726,"Unknown","[M+H]+","ion correlated with 3789; ion correlated with 3994; ion correlated with 4236; ion correlated with 3116",0.143,TRUE,"null","null","null","null",999,FALSE,FALSE,FALSE,"null","null","null","null","null",41.18,979,811.031632653061,12,"Leaf vs Root","Leaf","Not selected"
"F1977_mz217.0686_rt0.48",-0.38660280006337,21.3944089228233,-0.974551310953725,0.374575583443179,0.443059585920667,-6.4225076273231,1977,0.48,217.0686,"Unknown","[M+H]+","ion correlated with 1657; ion correlated with 1901",0.536,TRUE,"null","null","null","null",999,FALSE,FALSE,FALSE,"null","null","null","null","null",129.63,3379.66666666667,1254.25527509367,21,"Leaf vs Root","Root","Not selected"
"F5056_mz716.5678_rt7.43",4.94056777610006,13.7741787821056,0.97213249495291,0.375666681220281,0.444059174592408,-6.42485683165436,5056,7.43,716.56775,"Unknown","[M+H]+",NA,0.036,TRUE,"null","null","null","null",999,FALSE,FALSE,FALSE,"null","null","null","null","null",9.79,0,221064,6,"Leaf vs Root","Leaf","Not selected"
"F1791_mz203.9713_rt9.71",-0.623205165843178,15.399107523516,-0.967715607997281,0.377665774295315,0.445848266579664,-6.42913637336046,1791,9.707,203.97127,"Unknown","[M+H]+",NA,0.071,FALSE,"null","null","null","null",999,FALSE,FALSE,FALSE,"null","null","null","null","null",24.19,17346.3333333333,8.14102071403866,23,"Leaf vs Root","Root","Not selected"
"F3335_mz318.1819_rt1.09",-0.520207126754311,13.924458091955,-0.967696948438299,0.37767423800571,0.445848266579664,-6.42915442457282,3335,1.091,318.18188,"Unknown","[M+H]+","ion correlated with 4022; ion correlated with 3786; ion correlated with 3587; ion correlated with 3129; ion correlated with 3160; ion correlated with 2526; ion correlated with 2908; ion correlated with 2633; ion correlated with 3603; ion correlated with 3569; ion correlated with 2190; ion correlated with 2499; ion correlated with 807",0.286,TRUE,"null","null","null","null",999,FALSE,FALSE,FALSE,"null","null","null","null","null",3338.87,2879.33333333333,317.937507232959,24,"Leaf vs Root","Root","Not selected"
"F2292_mz241.1802_rt1.2",0.854108791322546,14.3565616851139,0.965215096026026,0.378801347838378,0.446886557417171,-6.4315532486414,2292,1.201,241.18018,"Unknown","[M+H]+",NA,0.036,FALSE,"null","null","null","null",999,FALSE,FALSE,FALSE,"null","null","null","null","null",14.53,17136.3333333333,8.91042947171866,24,"Leaf vs Root","Leaf","Not selected"
"F1769_mz202.144_rt0.91",-0.732020089881701,17.4247944310627,-0.959210229310612,0.381539716681076,0.449823114702379,-6.437339811532,1769,0.909,202.14404,"Unknown","[M+H]+",NA,0.143,FALSE,"null","null","null","null",999,FALSE,FALSE,FALSE,"null","null","null","null","null",101.43,10331,51.1676345334882,15,"Leaf vs Root","Root","Not selected"
"F458_mz112.0507_rt0.66",4.87836478112202,13.7560788210292,0.955395060899009,0.383287856003276,0.451589151492111,-6.44100341792139,458,0.659,112.05067,"Unknown","[M+H]+","ion correlated with 1050; ion correlated with 2321; ion correlated with 1679; ion correlated with 817; similar chromatogram in higher mz_967; similar chromatogram in higher mz_1679; similar chromatogram in higher mz_2583; similar chromatogram in higher mz_4364; found in higher mz's MsMs_2321; similar chromatogram in higher mz_2626",0.393,TRUE,"null","null","null","null",999,FALSE,FALSE,FALSE,"null","null","null","null","null",101.07,14888.6666666667,399.185632093846,23,"Leaf vs Root","Leaf","Not selected"
"F2161_mz230.0053_rt9.7",-0.705128072016755,15.9436440294421,-0.950471774552982,0.385553317811852,0.453961995205736,-6.44571626688248,2161,9.697,230.00534,"Unknown","[M+H]+",NA,0.071,FALSE,"null","null","null","null",999,FALSE,FALSE,FALSE,"null","null","null","null","null",51.62,21401,5.48252499766377,19,"Leaf vs Root","Root","Not selected"
"F2392_mz248.1497_rt1.19",3.76454348871295,10.6959124106921,0.94916452792822,0.386156664504587,0.454375997021368,-6.44696481469285,2392,1.192,248.14972,"Unknown","[M+H]+","ion correlated with 2194; ion correlated with 2707; ion correlated with 2166; ion correlated with 3235; ion correlated with 2358; ion correlated with 1768",0.107,TRUE,"null","null","null","null",999,FALSE,FALSE,FALSE,"null","null","null","null","null",106.81,6117.66666666667,258.656515580737,23,"Leaf vs Root","Leaf","Not selected"
"F2440_mz252.8828_rt0.42",-0.234320685318132,18.6550063570694,-0.948601610861351,0.386416707885899,0.454385770510781,-6.4475020895124,2440,0.417,252.8828,"Unknown","[M+H]+",NA,0.75,FALSE,"null","null","null","null",999,FALSE,FALSE,FALSE,"null","null","null","null","null",92.36,0,650121,24,"Leaf vs Root","Root","Not selected"
"F2551_mz261.0374_rt0.46",0.347160828870314,19.2851641562349,0.939929073194992,0.390440909120714,0.458589093804756,-6.45575163197567,2551,0.462,261.03738,"Unknown","[M+H]+",NA,0.357,FALSE,"null","null","null","null",999,FALSE,FALSE,FALSE,"null","null","null","null","null",168.84,0,1403840,17,"Leaf vs Root","Leaf","Not selected"
"F1711_mz199.0633_rt0.46",0.256646673356518,18.9071286258754,0.939803526950037,0.390499411178897,0.458589093804756,-6.45587066815602,1711,0.462,199.06331,"Unknown","[M+2H]2+","ion correlated with 3384; ion correlated with 1822; ion correlated with 245",0.143,FALSE,"null","null","null","null",999,FALSE,FALSE,FALSE,"null","null","null","null","null",42.44,17199.3333333333,62.2278638010891,23,"Leaf vs Root","Leaf","Not selected"
"F1518_mz185.0424_rt0.48",-0.405662282776785,21.6917289365704,-0.932597318701201,0.39386916635561,0.462245673128658,-6.46268460116335,1518,0.483,185.04243,"Unknown","[M+H]+","ion correlated with 1517",0.036,FALSE,"null","null","null","null",999,FALSE,FALSE,FALSE,"null","null","null","null","null",215.57,31586,269.856554911831,22,"Leaf vs Root","Root","Not selected"
"F585_mz120.081_rt1.17",-0.463077623405589,14.8747314791812,-0.93149791376141,0.394385309722608,0.462550671896886,-6.46372093366201,585,1.173,120.08098,"Unknown","[M+H]+","found in higher mz's MsMs_3024",0.036,TRUE,"null","null","null","null",999,FALSE,FALSE,FALSE,"null","null","null","null","null",288.04,19340.6666666667,182.814545454545,24,"Leaf vs Root","Root","Not selected"
"F1078_mz154.1228_rt0.5",-0.244959529242413,28.3231886789474,-0.928721797698678,0.395691034519792,0.463780725524822,-6.46633396898069,1078,0.497,154.12285,"Unknown","[M+H]+",NA,0.214,TRUE,"null","null","null","null",999,FALSE,FALSE,FALSE,"null","null","null","null","null",23290.13,103532,5662.79428781162,18,"Leaf vs Root","Root","Not selected"
"F985_mz146.9963_rt0.38",-0.306950739029223,17.7786756571694,-0.925961663753543,0.396992662528028,0.464782339204175,-6.46892652794017,985,0.383,146.99631,"Unknown","[M+H]+",NA,0.143,FALSE,"null","null","null","null",999,FALSE,FALSE,FALSE,"null","null","null","null","null",5.13,0,372938,24,"Leaf vs Root","Root","Not selected"
"F1364_mz174.1492_rt0.66",4.67429416258478,13.5640398183893,0.925806179702926,0.397066087429427,0.464782339204175,-6.46907241062643,1364,0.663,174.14917,"Unknown","[M+H]+",NA,0.107,FALSE,"null","null","null","null",999,FALSE,FALSE,FALSE,"null","null","null","null","null",37.47,2341,93.2096498719044,16,"Leaf vs Root","Leaf","Not selected"
"F3523_mz336.1925_rt1.07",3.84554366408329,11.1525244895361,0.925272718732337,0.39731808830584,0.464782339204175,-6.46957279850082,3523,1.073,336.19247,"Unknown","[M+H]+","ion correlated with 2985; ion correlated with 3379; ion correlated with 2554; ion correlated with 3295",0.286,FALSE,"null","null","null","null",999,FALSE,FALSE,FALSE,"null","null","null","null","null",113.31,2416,185.6681836988,20,"Leaf vs Root","Leaf","Not selected"
"F2979_mz291.9515_rt0.74",4.51534440164801,13.1243970713233,0.922262800793575,0.39874232830022,0.466146309962369,-6.47239229999709,2979,0.744,291.95154,"Unknown","[M+H]+",NA,0.036,FALSE,"null","null","null","null",999,FALSE,FALSE,FALSE,"null","null","null","null","null",78.9,0,125114,7,"Leaf vs Root","Leaf","Not selected"
"F682_mz127.0392_rt0.52",0.953568791077102,20.9128696376218,0.918013317886571,0.400760022070437,0.468201838082291,-6.47636189659566,682,0.522,127.03921,"Unknown","[M+H]+",NA,0.107,TRUE,"null","null","null","null",999,FALSE,FALSE,FALSE,"null","null","null","null","null",48,693344.333333333,7.27197654271368,24,"Leaf vs Root","Leaf","Not selected"
"F2321_mz244.093_rt0.66",4.50587395052133,13.3291658220147,0.906665384088123,0.406187834588413,0.474216726851666,-6.48689857699214,2321,0.656,244.093,"Unknown","[M+H]+","ion correlated with 1050; ion correlated with 1679; ion correlated with 458; ion correlated with 2363; ion correlated with 817; ion correlated with 2371",0.464,TRUE,"null","null","null","null",999,FALSE,FALSE,FALSE,"null","null","null","null","null",512.17,0,4159465,17,"Leaf vs Root","Leaf","Not selected"
"F1811_mz205.0976_rt1.16",0.532432438792299,14.7750790539031,0.906153682956631,0.406433948165943,0.474216726851666,-6.48737149559638,1811,1.157,205.0976,"Unknown","[M+H]+","ion correlated with 2190; ion correlated with 2499; ion correlated with 807; ion correlated with 1555; ion correlated with 2858",0.143,TRUE,"null","null","null","null",999,FALSE,FALSE,FALSE,"null","null","null","null","null",153.09,15204.6666666667,55.6343249227262,24,"Leaf vs Root","Leaf","Not selected"
"F1794_mz204.0872_rt0.49",-0.304901623911959,17.3715136342785,-0.892384658680657,0.413100658060585,0.48168390684713,-6.50002495856507,1794,0.486,204.08719,"Unknown","[M+H]+",NA,0.143,FALSE,"null","null","null","null",999,FALSE,FALSE,FALSE,"null","null","null","null","null",101.33,21690.6666666667,28.6489742604687,24,"Leaf vs Root","Root","Not selected"
"F2884_mz286.0448_rt0.39",0.46416332929082,15.9538894218524,0.891554817674748,0.413505177104194,0.481844315476481,-6.50078310702075,2884,0.391,286.04483,"Unknown","[M+H]+",NA,0.107,FALSE,"null","null","null","null",999,FALSE,FALSE,FALSE,"null","null","null","null","null",72.65,0,131223,23,"Leaf vs Root","Leaf","Not selected"
"F1165_mz161.1285_rt0.43",0.210726499702932,15.8690172562707,0.88411338419306,0.417146478056655,0.485773801865976,-6.50755882011347,1165,0.426,161.12852,"Unknown","[M+H]+","ion correlated with 1027; ion correlated with 2187",0.286,FALSE,"null","null","null","null",999,FALSE,FALSE,FALSE,"null","null","null","null","null",72.62,2111,83.7528409090909,18,"Leaf vs Root","Leaf","Not selected"
"F3274_mz315.0846_rt1.2",-0.279926485582709,17.8416383849056,-0.88283568906762,0.417774198836987,0.486191121148138,-6.50871806463053,3274,1.195,315.08456,"Unknown","[M+H]+","similar chromatogram in higher mz_4673; similar chromatogram in higher mz_4726; similar chromatogram in higher mz_4656; similar chromatogram in higher mz_4062; similar chromatogram in higher mz_4490; similar chromatogram in higher mz_4593; similar chromatogram in higher mz_4789; similar chromatogram in higher mz_4792; similar chromatogram in higher mz_4806; similar chromatogram in higher mz_4895; similar chromatogram in higher mz_4937",0.536,FALSE,"null","null","null","null",999,FALSE,FALSE,FALSE,"null","null","null","null","null",64.18,48160.6666666667,7.57315984358238,24,"Leaf vs Root","Root","Not selected"
"F2405_mz249.937_rt0.4",0.239318688786154,17.9369991447247,0.87985231875107,0.419242767356323,0.487585821570981,-6.5114201064565,2405,0.399,249.93701,"Unknown","[M+H]+","ion correlated with 2461; ion correlated with 2186; ion correlated with 3029; ion correlated with 538; ion correlated with 2384; ion correlated with 3696; ion correlated with 4463; ion correlated with 4725; ion correlated with 2798; ion correlated with 2366",0.179,FALSE,"null","null","null","null",999,FALSE,FALSE,FALSE,"null","null","null","null","null",187.04,16429,35.0363359707851,12,"Leaf vs Root","Leaf","Not selected"
"F1592_mz191.1029_rt0.48",-0.249471227602762,18.1887500723952,-0.871939812417764,0.423157140187303,0.491821402471398,-6.51855411665952,1592,0.476,191.10289,"Unknown","[M+H]+","similar chromatogram in higher mz_3388; similar chromatogram in higher mz_2873; similar chromatogram in higher mz_4065",0.5,FALSE,"null","null","null","null",999,FALSE,FALSE,FALSE,"null","null","null","null","null",107.12,1018,1881.97546614328,23,"Leaf vs Root","Root","Not selected"
"F2580_mz263.1396_rt1.02",-0.263854133282766,16.0817995600798,-0.867402705377374,0.425414413773979,0.494126780477499,-6.52262351454178,2580,1.021,263.13959,"Unknown","[M+H]+","ion correlated with 1568; ion correlated with 2183; ion correlated with 2351; ion correlated with 766",0.357,TRUE,"null","null","null","null",999,FALSE,FALSE,FALSE,"null","null","null","null","null",2179.31,42979,376.974336900884,24,"Leaf vs Root","Root","Not selected"
"F1527_mz186.1128_rt0.92",-0.534365118802613,15.8560652385152,-0.866655402555284,0.425787097843276,0.494241615181423,-6.52329228464783,1527,0.917,186.11282,"Unknown","[M+H]+",NA,0.036,FALSE,"null","null","null","null",999,FALSE,FALSE,FALSE,"null","null","null","null","null",23.12,13136.3333333333,10.1939257079062,18,"Leaf vs Root","Root","Not selected"
"F4711_mz537.3041_rt3.23",0.549700608132139,17.3512010065977,0.860921848866254,0.428654834241779,0.497250627124943,-6.5284091725962,4711,3.231,537.30408,"Unknown","[M+H]+","ion correlated with 3715; ion correlated with 4699",0.107,TRUE,"null","null","null","null",999,FALSE,FALSE,FALSE,"null","null","null","null","null",8327.31,0,765203,6,"Leaf vs Root","Leaf","Not selected"
"F4991_mz680.4813_rt8.93",2.40884123963226,16.4514930373693,0.855258547283791,0.431501993622828,0.500231919389341,-6.53343870693736,4991,8.934,680.48126,"Unknown","[M+H]+",NA,0.429,TRUE,"null","null","null","null",999,FALSE,FALSE,FALSE,"null","null","null","null","null",1298.47,194108.666666667,6.17226859730496,24,"Leaf vs Root","Leaf","Not selected"
"F3930_mz375.178_rt0.42",-0.420202290311752,15.7909664294803,-0.853853597111057,0.432210556686876,0.500731742503088,-6.53468262210483,3930,0.417,375.17804,"Unknown","[M+H]+","similar chromatogram in higher mz_3946",0.071,FALSE,"null","null","null","null",999,FALSE,FALSE,FALSE,"null","null","null","null","null",4.22,0,106519,24,"Leaf vs Root","Root","Not selected"
"F5036_mz707.2225_rt0.46",-0.731509205506774,16.1536151140974,-0.852576869050548,0.432855225633996,0.501156948216397,-6.5358116945815,5036,0.463,707.22253,"Unknown","[M+H]+",NA,0.429,FALSE,"null","null","null","null",999,FALSE,FALSE,FALSE,"null","null","null","null","null",869.23,0,5786175,18,"Leaf vs Root","Root","Not selected"
"F1798_mz204.1234_rt1.14",3.5335532604163,11.0666682156355,0.846970977872082,0.435694561522808,0.504120950992737,-6.54075436866034,1798,1.142,204.12343,"Unknown","[M+H]+","ion correlated with 3603; ion correlated with 3335; ion correlated with 2499; ion correlated with 2525; ion correlated with 1555; ion correlated with 2858; ion correlated with 1560",0.107,TRUE,"null","null","null","null",999,FALSE,FALSE,FALSE,"null","null","null","null","null",140.52,17211,27.2260632117128,23,"Leaf vs Root","Leaf","Not selected"
"F4236_mz416.2412_rt5.7",0.232603464168666,18.5249524105297,0.845416207772913,0.436484551608364,0.504711477035936,-6.54212089047946,4236,5.698,416.24115,"Unknown","[M+H]+","ion correlated with 3789; ion correlated with 3994; ion correlated with 3356; ion correlated with 3116",0.107,TRUE,"null","null","null","null",999,FALSE,FALSE,FALSE,"null","null","null","null","null",110.5,0,753667,6,"Leaf vs Root","Leaf","Not selected"
"F1927_mz214.1079_rt1",3.3763464950038,10.5446503098657,0.841881124502144,0.438284813749572,0.506468686823289,-6.54522096623817,1927,0.996,214.10785,"Unknown","[M+H]+","ion correlated with 4067; ion correlated with 4082; ion correlated with 2281; ion correlated with 3351; ion correlated with 4175; ion correlated with 2250; ion correlated with 1606; similar chromatogram in higher mz_4495",0.071,FALSE,"null","null","null","null",999,FALSE,FALSE,FALSE,"null","null","null","null","null",97.89,9194.33333333333,71.7437830783731,23,"Leaf vs Root","Leaf","Not selected"
"F4661_mz515.359_rt8.94",-0.588728116194137,16.2399422486247,-0.839421355491257,0.439540793342275,0.507595094038904,-6.54737230929236,4661,8.942,515.35895,"Unknown","[M+H]+",NA,0.107,TRUE,"null","null","null","null",999,FALSE,FALSE,FALSE,"null","null","null","null","null",1711.88,1124.66666666667,136.037607343796,13,"Leaf vs Root","Root","Not selected"
"F52_mz70.0654_rt0.67",-0.760166052081264,17.1668320096455,-0.829621089079821,0.444572006896125,0.513077028419121,-6.5558967178038,52,0.666,70.06535,"Unknown","[M+H]+","ion correlated with 2015; ion correlated with 530; ion correlated with 2509; found in higher mz's MsMs_458; similar chromatogram in higher mz_3688; similar chromatogram in higher mz_1021",0.321,FALSE,"null","null","null","null",999,FALSE,FALSE,FALSE,"null","null","null","null","null",77,187364.333333333,6.34397505052518,24,"Leaf vs Root","Root","Not selected"
"F738_mz131.0493_rt1.02",-0.473877890230123,20.4058864136836,-0.825758851391793,0.446566688995256,0.5150497595121,-6.55923538587487,738,1.025,131.04933,"Unknown","[M+H]+","ion correlated with 1188; found in higher mz's MsMs_1188; found in higher mz's MsMs_4658; found in higher mz's MsMs_3780; found in higher mz's MsMs_4759",0.179,TRUE,"null","null","null","null",999,FALSE,FALSE,FALSE,"null","null","null","null","null",149.66,1398.33333333333,1830.04359218676,17,"Leaf vs Root","Root","Not selected"
"F928_mz144.1021_rt0.92",3.78054307193438,12.1051950625803,0.822863886009786,0.448066228407117,0.516156536680888,-6.56173016831285,928,0.92,144.10207,"Unknown","[M+H]+","ion correlated with 2520; ion correlated with 1525; ion correlated with 1623; ion correlated with 2001; ion correlated with 4009; ion correlated with 1916; ion correlated with 2255",0.179,FALSE,"null","null","null","null",999,FALSE,FALSE,FALSE,"null","null","null","null","null",61.24,29696,20.1487018890797,23,"Leaf vs Root","Leaf","Not selected"
"F841_mz138.1279_rt0.5",-0.212644577793155,19.697620593899,-0.822802197138713,0.448098223257037,0.516156536680888,-6.56178325737014,841,0.5,138.12794,"Unknown","[M+H]+","ion correlated with 2991; ion correlated with 245; ion correlated with 851; ion correlated with 251; ion correlated with 1072; ion correlated with 1323; found in higher mz's MsMs_2231; found in higher mz's MsMs_1942; similar chromatogram in higher mz_2488; similar chromatogram in higher mz_2453; similar chromatogram in higher mz_2266; similar chromatogram in higher mz_3169; similar chromatogram in higher mz_4016; similar chromatogram in higher mz_4299",0.214,FALSE,"null","null","null","null",999,FALSE,FALSE,FALSE,"null","null","null","null","null",283.45,26013.3333333333,59.4159758082083,12,"Leaf vs Root","Root","Not selected"
"F4968_mz663.4544_rt8.99",2.048784739164,17.3083882467026,0.822006503343881,0.448511062628137,0.51630259441568,-6.56246775569423,4968,8.988,663.45441,"Unknown","[M+H]+","ion correlated with 4969; ion correlated with 4990",0.393,TRUE,"null","null","null","null",999,FALSE,FALSE,FALSE,"null","null","null","null","null",6151.11,212019.666666667,9.78195679037578,24,"Leaf vs Root","Leaf","Not selected"
"F490_mz114.0552_rt0.87",4.01842032505434,12.9573074098424,0.817358293697915,0.45092845521478,0.518754532608463,-6.5664563321295,490,0.87,114.05521,"Unknown","[M+H]+","ion correlated with 2520",0.071,FALSE,"null","null","null","null",999,FALSE,FALSE,FALSE,"null","null","null","null","null",22.61,67943,5.89408924997056,23,"Leaf vs Root","Leaf","Not selected"
"F4526_mz472.8161_rt0.41",-0.458330823578344,16.6177305880579,-0.812963339466212,0.453223097739121,0.52106222383383,-6.57021173889088,4526,0.413,472.81613,"Unknown","[M+H]+",NA,0.571,FALSE,"null","null","null","null",999,FALSE,FALSE,FALSE,"null","null","null","null","null",1141.45,0,168245,24,"Leaf vs Root","Root","Not selected"
"F3529_mz336.8443_rt0.41",0.200306491063486,19.1872481072929,0.811542125573505,0.45396698855651,0.521585241466901,-6.57142283130893,3529,0.414,336.84427,"Unknown","[M+H]+","ion correlated with 2238",0.821,FALSE,"null","null","null","null",999,FALSE,FALSE,FALSE,"null","null","null","null","null",4915.65,0,1163026,24,"Leaf vs Root","Leaf","Not selected"
"F1431_mz179.1432_rt1.2",0.797217260977282,14.9649938925402,0.809426262013344,0.455076158909017,0.522527014523394,-6.57322286880764,1431,1.202,179.14319,"Unknown","[M+H]+","ion correlated with 955; ion correlated with 4038; ion correlated with 1625; ion correlated with 4061; ion correlated with 4076; ion correlated with 1665; ion correlated with 1470; ion correlated with 4039",0.036,FALSE,"null","null","null","null",999,FALSE,FALSE,FALSE,"null","null","null","null","null",42.6,14708.6666666667,21.4507240136871,24,"Leaf vs Root","Leaf","Not selected"
"F4423_mz450.8245_rt0.41",0.611046453027824,16.4648713839563,0.808336605649202,0.455648161636634,0.522851196283613,-6.57414847307486,4423,0.41,450.82449,"Unknown","[M+H]+",NA,0.107,FALSE,"null","null","null","null",999,FALSE,FALSE,FALSE,"null","null","null","null","null",3674.23,0,208597,21,"Leaf vs Root","Leaf","Not selected"
"F5141_mz782.5701_rt8.81",1.38270288689679,16.9285306948363,0.806176538953895,0.456783645468366,0.523821143627955,-6.57598050738534,5141,8.806,782.57013,"Unknown","[M+H]+","ion correlated with 5142",0.071,TRUE,"null","null","null","null",999,FALSE,FALSE,FALSE,"null","null","null","null","null",287.42,30123,73.5979617580667,24,"Leaf vs Root","Leaf","Not selected"
"F5055_mz716.5674_rt7.48",4.29423177843633,13.9881076314901,0.805194880284306,0.457300369380866,0.524080740782517,-6.57681184606794,5055,7.482,716.56738,"Unknown","[M+H]+",NA,0.036,FALSE,"null","null","null","null",999,FALSE,FALSE,FALSE,"null","null","null","null","null",15.54,0,197886,6,"Leaf vs Root","Leaf","Not selected"
"F2792_mz278.1507_rt1.11",3.38193584333606,11.0678349888226,0.803337964980027,0.458278996552347,0.524869028411793,-6.57838228649918,2792,1.108,278.1507,"Unknown","[M+H]+","ion correlated with 2136; ion correlated with 1825; ion correlated with 2029; ion correlated with 3450; ion correlated with 4030",0.036,FALSE,"null","null","null","null",999,FALSE,FALSE,FALSE,"null","null","null","null","null",32.83,12918.6666666667,10.2883459325576,23,"Leaf vs Root","Leaf","Not selected"
"F3685_mz351.0689_rt0.46",0.33196686902285,15.5761607684348,0.799178812965323,0.460476576892284,0.527051503671892,-6.58188966234403,3685,0.464,351.06891,"Unknown","[M+H]+",NA,0.036,FALSE,"null","null","null","null",999,FALSE,FALSE,FALSE,"null","null","null","null","null",93.65,0,122848,10,"Leaf vs Root","Leaf","Not selected"
"F2364_mz246.1817_rt0.48",-0.474417958397943,16.4202264925432,-0.789056781438616,0.465857303615074,0.53287226427453,-6.59036669085841,2364,0.476,246.18166,"Unknown","[M+H]+","ion correlated with 5065; ion correlated with 2372; ion correlated with 774",0.286,FALSE,"null","null","null","null",999,FALSE,FALSE,FALSE,"null","null","null","null","null",502.63,0,2770389,18,"Leaf vs Root","Root","Not selected"
"F4136_mz401.1579_rt1.15",0.796900642229552,15.7968484225369,0.786085159228811,0.467445723893716,0.534350558345888,-6.59283946333852,4136,1.149,401.15793,"Unknown","[M+H]+","similar chromatogram in higher mz_4750; similar chromatogram in higher mz_4709; similar chromatogram in higher mz_4543; similar chromatogram in higher mz_4618; similar chromatogram in higher mz_4761; similar chromatogram in higher mz_4779; similar chromatogram in higher mz_4466; similar chromatogram in higher mz_4760",0.071,FALSE,"null","null","null","null",999,FALSE,FALSE,FALSE,"null","null","null","null","null",76.49,0,202238,8,"Leaf vs Root","Leaf","Not selected"
"F867_mz140.0683_rt9.68",-0.951134933141562,15.8801738425913,-0.785229509956199,0.467903829661969,0.534535704139149,-6.59355012882885,867,9.676,140.0683,"Unknown","[M+H]+",NA,0.214,FALSE,"null","null","null","null",999,FALSE,FALSE,FALSE,"null","null","null","null","null",6.98,39674.3333333333,7.28606354914052,24,"Leaf vs Root","Root","Not selected"
"F724_mz130.05_rt0.76",0.280464650472799,19.2937591244142,0.783981611506303,0.468572531258549,0.534961049286325,-6.5945854998512,724,0.759,130.05005,"Unknown","[M+H]+","found in higher mz's MsMs_2722; similar chromatogram in higher mz_3818; similar chromatogram in higher mz_4437",0.429,TRUE,"null","null","null","null",999,FALSE,FALSE,FALSE,"null","null","null","null","null",6479.39,30006.3333333333,2740.10729599431,24,"Leaf vs Root","Leaf","Not selected"
"F3130_mz302.1756_rt1.13",3.45845812656374,20.8231924851205,0.780570964761026,0.470403736044532,0.536712227282161,-6.59740873847619,3130,1.131,302.17557,"Unknown","[M+H]+",NA,0.107,TRUE,"null","null","null","null",999,FALSE,FALSE,FALSE,"null","null","null","null","null",30605.64,0,253185313,13,"Leaf vs Root","Leaf","Not selected"
"F1219_mz165.0914_rt1.2",0.23026844951733,15.7680663359091,0.773822023972296,0.474042687212889,0.540522457624298,-6.60296697237995,1219,1.197,165.09135,"Unknown","[M+H]+",NA,0.036,FALSE,"null","null","null","null",999,FALSE,FALSE,FALSE,"null","null","null","null","null",27.78,23745.6666666667,7.47755474452555,24,"Leaf vs Root","Leaf","Not selected"
"F4469_mz459.4889_rt2.01",0.527307528086858,15.5520874901094,0.763032387533224,0.479902750961181,0.546858879725336,-6.61177425584833,4469,2.01,459.48886,"Unknown","[M+H]+",NA,0.036,FALSE,"null","null","null","null",999,FALSE,FALSE,FALSE,"null","null","null","null","null",162.84,560,430.928698752228,15,"Leaf vs Root","Leaf","Not selected"
"F4298_mz426.8231_rt0.42",3.54119812773737,12.0652725239521,0.762421927540536,0.480235861820405,0.546893205416928,-6.61226964536302,4298,0.418,426.82312,"Unknown","[M+H]+",NA,0.357,FALSE,"null","null","null","null",999,FALSE,FALSE,FALSE,"null","null","null","null","null",3063.81,0,227759,22,"Leaf vs Root","Leaf","Not selected"
"F4446_mz455.3165_rt6.54",-0.239326895718585,16.8095339015672,-0.759162553859238,0.482017231314695,0.548575726685388,-6.61490933213202,4446,6.54,455.31653,"Unknown","[M+H]+",NA,0.107,TRUE,"null","null","null","null",999,FALSE,FALSE,FALSE,"null","null","null","null","null",38.55,0,219831,10,"Leaf vs Root","Root","Not selected"
"F5125_mz768.563_rt7.9",1.23470734154054,14.1010237497713,0.756174289178117,0.483654602833021,0.55009234915791,-6.61732159105761,5125,7.896,768.56299,"Unknown","[M+H]+",NA,0.036,FALSE,"null","null","null","null",999,FALSE,FALSE,FALSE,"null","null","null","null","null",45.26,4900,29.959600081616,23,"Leaf vs Root","Leaf","Not selected"
"F5070_mz728.5675_rt7.43",3.94698149769079,13.6133224863951,0.754007626427072,0.484844285790698,0.551098196380485,-6.61906590064405,5070,7.43,728.5675,"Unknown","[M+H]+",NA,0.036,FALSE,"null","null","null","null",999,FALSE,FALSE,FALSE,"null","null","null","null","null",90.94,578,276.73920552677,9,"Leaf vs Root","Leaf","Not selected"
"F1727_mz200.0923_rt1.07",3.03034078584775,10.5099562330174,0.750989455360168,0.486505012973794,0.55263785300044,-6.62148910809263,1727,1.074,200.09227,"Unknown","[M+H]+","ion correlated with 2388",0.071,FALSE,"null","null","null","null",999,FALSE,FALSE,FALSE,"null","null","null","null","null",100.8,3263.66666666667,179.867061466204,23,"Leaf vs Root","Leaf","Not selected"
"F251_mz96.0809_rt0.49",0.198247156190162,20.8737171586753,0.748230137054311,0.488026864801553,0.554017918847046,-6.62369772589019,251,0.494,96.08092,"Unknown","[M+H]+","ion correlated with 1657; ion correlated with 1901; ion correlated with 1879; ion correlated with 851; ion correlated with 1942; found in higher mz's MsMs_1078; found in higher mz's MsMs_2231; found in higher mz's MsMs_2738; similar chromatogram in higher mz_3336; similar chromatogram in higher mz_5144",0.214,FALSE,"null","null","null","null",999,FALSE,FALSE,FALSE,"null","null","null","null","null",239.24,3084,1299.72803889789,7,"Leaf vs Root","Leaf","Not selected"
"F1466_mz181.1226_rt1.14",-0.141514098225323,17.9943761079218,-0.736047385544843,0.494786587004253,0.561338648361205,-6.6333714177767,1466,1.14,181.12256,"Unknown","[M+H]+",NA,0.179,FALSE,"null","null","null","null",999,FALSE,FALSE,FALSE,"null","null","null","null","null",14.54,54038,7.83915320416736,24,"Leaf vs Root","Root","Not selected"
"F3915_mz374.1663_rt0.48",-0.401284692414066,15.2212444048311,-0.734357706437152,0.49572933553452,0.562054931306413,-6.63470305751192,3915,0.484,374.16629,"Unknown","[M+H]+",NA,0.071,FALSE,"null","null","null","null",999,FALSE,FALSE,FALSE,"null","null","null","null","null",1756.66,0,175057,17,"Leaf vs Root","Root","Not selected"
"F2469_mz255.1597_rt1.17",0.316432660876627,15.1731812287194,0.733765435416432,0.49606009053505,0.56207687596721,-6.6351692458287,2469,1.172,255.15971,"Unknown","[M+H]+",NA,0.036,FALSE,"null","null","null","null",999,FALSE,FALSE,FALSE,"null","null","null","null","null",18.17,14665.3333333333,8.51098888611105,24,"Leaf vs Root","Leaf","Not selected"
"F2245_mz237.1237_rt0.99",-0.427642443337706,15.867033322401,-0.730817423314679,0.497708730806824,0.563591128673975,-6.63748518568359,2245,0.989,237.12372,"Unknown","[M+H]+","ion correlated with 2620",0.429,FALSE,"null","null","null","null",999,FALSE,FALSE,FALSE,"null","null","null","null","null",204.41,9947.33333333333,207.940257999665,24,"Leaf vs Root","Root","Not selected"
"F2374_mz247.1444_rt1.04",3.77263408315959,12.7304908547523,0.729346686912226,0.498532664256822,0.564170193720102,-6.63863778136233,2374,1.037,247.14444,"Unknown","[M+H]+",NA,0.036,FALSE,"null","null","null","null",999,FALSE,FALSE,FALSE,"null","null","null","null","null",5.22,14215.3333333333,25.4153438533143,23,"Leaf vs Root","Leaf","Not selected"
"F4611_mz497.3116_rt3.23",0.331610641567408,15.1382218413191,0.725755086544139,0.500548774962417,0.566096828826543,-6.64144460109558,4611,3.231,497.31161,"Unknown","[M+H]+","ion correlated with 2477; ion correlated with 4711; ion correlated with 3715; ion correlated with 3093",0.036,FALSE,"null","null","null","null",999,FALSE,FALSE,FALSE,"null","null","null","null","null",12.98,0,121821,6,"Leaf vs Root","Leaf","Not selected"
"F3084_mz299.9013_rt0.39",0.258536932773087,15.7932127917091,0.71839273802944,0.504699412418003,0.57043358761083,-6.64716322196638,3084,0.388,299.90128,"Unknown","[M+H]+","ion correlated with 307; ion correlated with 96; ion correlated with 254; ion correlated with 3328; ion correlated with 1923; ion correlated with 3718; ion correlated with 2628; ion correlated with 3187",0.036,FALSE,"null","null","null","null",999,FALSE,FALSE,FALSE,"null","null","null","null","null",3147.45,0,157373,11,"Leaf vs Root","Leaf","Not selected"
"F497_mz114.9878_rt0.39",-0.23125106481918,18.3515892166556,-0.715621403825772,0.506268002231967,0.571848400518586,-6.64930358080535,497,0.388,114.98779,"Unknown","[M+H]+","ion correlated with 1372",0.607,FALSE,"null","null","null","null",999,FALSE,FALSE,FALSE,"null","null","null","null","null",133.05,0,584149,24,"Leaf vs Root","Root","Not selected"
"F4434_mz453.1086_rt0.52",0.430686032066541,16.0321292505053,0.714904446633249,0.506674355889394,0.571949476160323,-6.64985620800099,4434,0.516,453.10861,"Unknown","[M+H]+","ion correlated with 3038; ion correlated with 2641; ion correlated with 4571",0.071,FALSE,"null","null","null","null",999,FALSE,FALSE,FALSE,"null","null","null","null","null",3676.87,0,206808,6,"Leaf vs Root","Leaf","Not selected"
"F3717_mz353.2691_rt3.42",0.360639448257494,16.4743637116109,0.71416066927743,0.507096150273254,0.572067844527015,-6.6504290323568,3717,3.417,353.2691,"Unknown","[M+H]+","ion correlated with 4712; ion correlated with 4700",0.036,TRUE,"null","null","null","null",999,FALSE,FALSE,FALSE,"null","null","null","null","null",60.41,0,307572,7,"Leaf vs Root","Leaf","Not selected"
"F1575_mz189.1601_rt0.42",-0.443613718611575,19.9527298155463,-0.712573863713076,0.50799683963996,0.572725980980717,-6.65164949907609,1575,0.418,189.16014,"Unknown","[M+H]+","ion correlated with 1186",0.321,TRUE,"null","null","null","null",999,FALSE,FALSE,FALSE,"null","null","null","null","null",504.1,750.666666666667,6775.85986696231,18,"Leaf vs Root","Root","Not selected"
"F3095_mz301.0178_rt0.45",0.219519580946797,17.0938218501761,0.701390094346117,0.51437632594149,0.579283843124011,-6.66018849481576,3095,0.448,301.01776,"Unknown","[M+H]+","ion correlated with 3829; ion correlated with 4413; ion correlated with 1230; ion correlated with 3069; ion correlated with 998; ion correlated with 1091; ion correlated with 4124; ion correlated with 977",0.107,FALSE,"null","null","null","null",999,FALSE,FALSE,FALSE,"null","null","null","null","null",78.99,0,291423,12,"Leaf vs Root","Leaf","Not selected"
"F3560_mz339.0593_rt0.49",0.587573978293706,17.5925460808821,0.701059032031446,0.514566009690416,0.579283843124011,-6.66043958339441,3560,0.488,339.0593,"Unknown","[M+H]+",NA,0.036,FALSE,"null","null","null","null",999,FALSE,FALSE,FALSE,"null","null","null","null","null",4019.31,0,708770,7,"Leaf vs Root","Leaf","Not selected"
"F4403_mz446.2543_rt2.39",2.80291374013681,10.2992038680727,0.700692041635789,0.514776334831532,0.579283843124011,-6.66071780753675,4403,2.39,446.2543,"Unknown","[M+H]+","ion correlated with 4329; ion correlated with 4230",0.071,FALSE,"null","null","null","null",999,FALSE,FALSE,FALSE,"null","null","null","null","null",1070.08,0,233101,23,"Leaf vs Root","Leaf","Not selected"
"F2645_mz269.1752_rt1.19",0.279261329086797,13.7891088403968,0.697979276274698,0.516332875227448,0.58067342042713,-6.66277071512762,2645,1.187,269.17523,"Unknown","[M+H]+","ion correlated with 3623; ion correlated with 958; ion correlated with 1754; ion correlated with 2021; ion correlated with 3568",0.071,FALSE,"null","null","null","null",999,FALSE,FALSE,FALSE,"null","null","null","null","null",28.24,5637.66666666667,24.5063253724285,24,"Leaf vs Root","Leaf","Not selected"
"F559_mz118.1228_rt0.58",4.03978238848146,15.0137343733771,0.693463405851933,0.518931161478489,0.583232096182237,-6.66617363332692,559,0.581,118.12277,"Unknown","[M+H]+",NA,0.286,TRUE,"null","null","null","null",999,FALSE,FALSE,FALSE,"null","null","null","null","null",86.98,49441.3333333333,86.2639708212261,23,"Leaf vs Root","Leaf","Not selected"
"F4383_mz442.3083_rt5.74",0.386788803440918,17.6460413082577,0.690381194531088,0.520709691177088,0.584866827986711,-6.66848578781969,4383,5.735,442.30826,"Unknown","[M+H]+","ion correlated with 3994; ion correlated with 4492; ion correlated with 4475; ion correlated with 4295; ion correlated with 4377",0.143,TRUE,"null","null","null","null",999,FALSE,FALSE,FALSE,"null","null","null","null","null",73.85,491,1244.36788617886,7,"Leaf vs Root","Leaf","Not selected"
"F3013_mz294.1555_rt1.04",-0.284998304983024,15.0370342671227,-0.688895831048998,0.521568273782187,0.585466874488089,-6.6695970188924,3013,1.045,294.15549,"Unknown","[M+H]+","ion correlated with 1436",0.071,TRUE,"null","null","null","null",999,FALSE,FALSE,FALSE,"null","null","null","null","null",100.16,38101.6666666667,50.7278930608531,24,"Leaf vs Root","Root","Not selected"
"F4714_mz537.5361_rt9.12",1.71789293456452,18.6534997266045,0.685896147184926,0.523305113812613,0.587051417297555,-6.67183512222249,4714,9.124,537.53607,"Unknown","[M+H]+",NA,0.214,TRUE,"null","null","null","null",999,FALSE,FALSE,FALSE,"null","null","null","null","null",778.09,706723,8.17150825499063,24,"Leaf vs Root","Leaf","Not selected"
"F415_mz109.0286_rt0.47",-0.132928422038073,20.5777415960787,-0.684175942624554,0.524302896224855,0.587805420922896,-6.67311494892878,415,0.468,109.02859,"Unknown","[M+H]+","found in higher mz's MsMs_1901; similar chromatogram in higher mz_1383; similar chromatogram in higher mz_2641; similar chromatogram in higher mz_4097; similar chromatogram in higher mz_4441; similar chromatogram in higher mz_3422; similar chromatogram in higher mz_3086; similar chromatogram in higher mz_3008",0.607,FALSE,"null","null","null","null",999,FALSE,FALSE,FALSE,"null","null","null","null","null",99.43,190091.666666667,14.5144420791263,24,"Leaf vs Root","Root","Not selected"
"F2895_mz286.3109_rt3.9",0.561389643682307,19.5660042510766,0.682066052606896,0.525528471247779,0.588813712353967,-6.67468107033676,2895,3.9,286.31091,"Unknown","[M+H]+",NA,0.5,TRUE,"null","null","null","null",999,FALSE,FALSE,FALSE,"null","null","null","null","null",161.83,2352,910.954951126222,24,"Leaf vs Root","Leaf","Not selected"
"F801_mz135.9566_rt0.4",0.202501315071768,17.1174591309909,0.680299775666969,0.526555941530206,0.589598929567011,-6.67598905582386,801,0.397,135.95663,"Unknown","[M+H]+","ion correlated with 2159; ion correlated with 2186; ion correlated with 3029; ion correlated with 254; ion correlated with 538; ion correlated with 2384; ion correlated with 2405; ion correlated with 3696; ion correlated with 2628; found in higher mz's MsMs_881",0.107,FALSE,"null","null","null","null",999,FALSE,FALSE,FALSE,"null","null","null","null","null",78.86,17177.3333333333,18.9479965072281,6,"Leaf vs Root","Leaf","Not selected"
"F1352_mz173.1399_rt0.77",0.446401714846603,15.9805138155609,0.67859154571055,0.5275509358429,0.590313608427523,-6.67725138143847,1352,0.77,173.13991,"Unknown","[M+H]+","similar chromatogram in higher mz_4233; similar chromatogram in higher mz_4520; similar chromatogram in higher mz_2073",0.357,TRUE,"null","null","null","null",999,FALSE,FALSE,FALSE,"null","null","null","null","null",76.05,0,2212920,18,"Leaf vs Root","Leaf","Not selected"
"F1072_mz154.0702_rt0.5",-0.195981884584489,19.2868941086032,-0.677708423967201,0.528065825970214,0.590313608427523,-6.67790294697957,1072,0.496,154.07019,"Unknown","[M+H]+","ion correlated with 2991; ion correlated with 251; ion correlated with 1323; ion correlated with 841",0.143,FALSE,"null","null","null","null",999,FALSE,FALSE,FALSE,"null","null","null","null","null",69.21,0,1099411,14,"Leaf vs Root","Root","Not selected"
"F4350_mz437.194_rt2.39",2.5920746304678,9.753644959084,0.677520674741675,0.528175333856205,0.590313608427523,-6.67804137723908,4350,2.393,437.19403,"Unknown","[M+H]+","ion correlated with 4230; ion correlated with 4403; ion correlated with 4474",0.036,FALSE,"null","null","null","null",999,FALSE,FALSE,FALSE,"null","null","null","null","null",3436.4,0,171821,22,"Leaf vs Root","Leaf","Not selected"
"F992_mz147.113_rt0.41",-0.268453801924069,19.840832141403,-0.665642709396038,0.535134424627713,0.597721309686276,-6.68673425417475,992,0.409,147.11299,"Unknown","[M+H]+","ion correlated with 582; ion correlated with 2511; ion correlated with 1228",0.607,TRUE,"null","null","null","null",999,FALSE,FALSE,FALSE,"null","null","null","null","null",2652.58,21978.6666666667,1509.83859324527,19,"Leaf vs Root","Root","Not selected"
"F348_mz103.0391_rt0.71",3.34482572878448,12.9252630099787,0.663154039106472,0.536600224505295,0.598526025664143,-6.68853932597621,348,0.707,103.03911,"Unknown","[M+H]+","ion correlated with 905; ion correlated with 839; ion correlated with 592; found in higher mz's MsMs_839; found in higher mz's MsMs_592; similar chromatogram in higher mz_784",0.107,TRUE,"null","null","null","null",999,FALSE,FALSE,FALSE,"null","null","null","null","null",212.43,105044.333333333,26.1211699075955,23,"Leaf vs Root","Leaf","Not selected"
"F3011_mz294.1551_rt1.19",-0.192743120548479,21.0219508179082,-0.663032429421185,0.53667191976823,0.598526025664143,-6.68862738649121,3011,1.193,294.15512,"Unknown","[M+H]+",NA,0.964,TRUE,"null","null","null","null",999,FALSE,FALSE,FALSE,"null","null","null","null","null",105.6,654441.333333333,5.56133797375577,24,"Leaf vs Root","Root","Not selected"
"F4810_mz582.5939_rt9.16",1.66841700434683,16.3209831166496,0.662730993332043,0.536849659584625,0.598526025664143,-6.6888456053982,4810,9.162,582.59387,"Unknown","[M+H]+","ion correlated with 4764",0.107,TRUE,"null","null","null","null",999,FALSE,FALSE,FALSE,"null","null","null","null","null",1057.83,129427.333333333,9.64621090178606,24,"Leaf vs Root","Leaf","Not selected"
"F182_mz86.0965_rt0.89",0.289025619041062,19.6635752862872,0.66188529798397,0.537348527419819,0.598712402464674,-6.68945738707193,182,0.89,86.09652,"Unknown","[M+H]+","similar chromatogram in higher mz_762; found in higher mz's MsMs_762; similar chromatogram in higher mz_769; similar chromatogram in higher mz_2691; found in higher mz's MsMs_4447; found in higher mz's MsMs_3012; found in higher mz's MsMs_2761; found in higher mz's MsMs_2559; found in higher mz's MsMs_1883; similar chromatogram in higher mz_2233; similar chromatogram in higher mz_4447; found in higher mz's MsMs_4352; similar chromatogram in higher mz_4514; similar chromatogram in higher mz_2153; similar chromatogram in higher mz_3822; similar chromatogram in higher mz_4069; found in higher mz's MsMs_1859; similar chromatogram in higher mz_4558; similar chromatogram in higher mz_4269; similar chromatogram in higher mz_3874; similar chromatogram in higher mz_4894; similar chromatogram in higher mz_4853; similar chromatogram in higher mz_2508; similar chromatogram in higher mz_4814; similar chromatogram in higher mz_2720",0.5,TRUE,"null","null","null","null",999,FALSE,FALSE,FALSE,"null","null","null","null","null",10755.83,74089,2438.41318666487,24,"Leaf vs Root","Leaf","Not selected"
"F4440_mz454.2934_rt3.86",-0.410058245413338,16.5713870150827,-0.660263066381114,0.538306329320709,0.599409577065935,-6.69062908933417,4440,3.862,454.2934,"Unknown","[M+H]+",NA,0.107,TRUE,"null","null","null","null",999,FALSE,FALSE,FALSE,"null","null","null","null","null",31.63,7412.33333333333,30.6561151079137,24,"Leaf vs Root","Root","Not selected"
"F5084_mz739.6046_rt9.7",3.4655508877078,13.4791047937071,0.655640413894428,0.541041858389942,0.602084188898795,-6.69395470308387,5084,9.7,739.60461,"Unknown","[M+H]+",NA,0.071,FALSE,"null","null","null","null",999,FALSE,FALSE,FALSE,"null","null","null","null","null",20.13,7357.33333333333,18.7193204983012,15,"Leaf vs Root","Leaf","Not selected"
"F4473_mz460.2184_rt1.18",-1.06442431335047,14.7750626372035,-0.654978246104906,0.541434458855839,0.602149844876641,-6.69442947144616,4473,1.181,460.21838,"Unknown","[M+H]+","ion correlated with 4402",0.071,FALSE,"null","null","null","null",999,FALSE,FALSE,FALSE,"null","null","null","null","null",1146.54,0,170297,11,"Leaf vs Root","Root","Not selected"
"F840_mz138.1279_rt1.13",1.49939324604903,15.1576868459946,0.644159514219445,0.547875515214835,0.608937995666735,-6.70212915431667,840,1.127,138.12793,"Unknown","[M+H]+","ion correlated with 3364; ion correlated with 3130; ion correlated with 986; found in higher mz's MsMs_3130; similar chromatogram in higher mz_4415; similar chromatogram in higher mz_2899; similar chromatogram in higher mz_5140",0.071,FALSE,"null","null","null","null",999,FALSE,FALSE,FALSE,"null","null","null","null","null",139.66,8422.66666666667,102.985319140517,21,"Leaf vs Root","Leaf","Not selected"
"F1795_mz204.0872_rt1.03",-0.214878326102368,16.3152626963954,-0.642764906652314,0.548709450926677,0.609489574721632,-6.70311381850935,1795,1.034,204.08723,"Unknown","[M+H]+","similar chromatogram in higher mz_4489; similar chromatogram in higher mz_3662",0.071,FALSE,"null","null","null","null",999,FALSE,FALSE,FALSE,"null","null","null","null","null",14.94,12620.3333333333,12.3252429748574,24,"Leaf vs Root","Root","Not selected"
"F4990_mz680.4811_rt8.98",1.46079604748028,17.4517980123905,0.640949755663008,0.549796101311358,0.61032101037331,-6.7043927038028,4990,8.983,680.48114,"Unknown","[M+H]+","ion correlated with 4969; ion correlated with 4968",0.464,TRUE,"null","null","null","null",999,FALSE,FALSE,FALSE,"null","null","null","null","null",4050.37,178361.666666667,11.3485800466465,24,"Leaf vs Root","Leaf","Not selected"
"F3348_mz319.0188_rt0.42",-0.372394566929323,16.0252007113048,-0.639169247253185,0.55086337572419,0.611129928200469,-6.70564420616742,3348,0.421,319.01883,"Unknown","[M+H]+",NA,0.107,FALSE,"null","null","null","null",999,FALSE,FALSE,FALSE,"null","null","null","null","null",62.82,0,170813,16,"Leaf vs Root","Root","Not selected"
"F4999_mz685.4362_rt8.98",3.34104580121067,12.2272182915439,0.636863172345138,0.552247689743358,0.612289361171229,-6.70726073825262,4999,8.976,685.43616,"Unknown","[M+H]+",NA,0.214,TRUE,"null","null","null","null",999,FALSE,FALSE,FALSE,"null","null","null","null","null",1892.75,75177.3333333333,7.6363092202984,23,"Leaf vs Root","Leaf","Not selected"
"F2777_mz277.1287_rt1.19",-0.174157978521777,19.9055899893615,-0.632037172754642,0.555151995088684,0.615131584490531,-6.71062765359992,2777,1.193,277.12866,"Unknown","[M+H]+","similar chromatogram in higher mz_3075; similar chromatogram in higher mz_4593; similar chromatogram in higher mz_3380; similar chromatogram in higher mz_4609",0.964,TRUE,"null","null","null","null",999,FALSE,FALSE,FALSE,"null","null","null","null","null",125.07,317584,5.44675598658627,24,"Leaf vs Root","Root","Not selected"
"F4409_mz448.1663_rt0.47",0.32975546475271,16.9956005417256,0.628784725285549,0.557114895071072,0.616927843928395,-6.71288447379384,4409,0.472,448.16629,"Unknown","[M+H]+","ion correlated with 1285; ion correlated with 1085; ion correlated with 4479",0.464,FALSE,"null","null","null","null",999,FALSE,FALSE,FALSE,"null","null","null","null","null",24904.12,0,2284883,16,"Leaf vs Root","Leaf","Not selected"
"F5138_mz780.5546_rt5.66",4.03869401963978,9.97274101996607,0.627036233506503,0.558171983513049,0.617719454470297,-6.7140936242238,5138,5.655,780.55463,"Unknown","[M+H]+",NA,0.036,TRUE,"null","null","null","null",999,FALSE,FALSE,FALSE,"null","null","null","null","null",39.2,0,489078,7,"Leaf vs Root","Leaf","Not selected"
"F708_mz129.0549_rt0.88",0.607171223825334,16.0401045343485,0.625527469329832,0.559085176536621,0.618350945863113,-6.71513468588569,708,0.884,129.05492,"Unknown","[M+H]+",NA,0.036,FALSE,"null","null","null","null",999,FALSE,FALSE,FALSE,"null","null","null","null","null",96.96,111987.666666667,5.02766053707816,24,"Leaf vs Root","Leaf","Not selected"
"F4775_mz565.5676_rt7.75",1.25222193085247,14.4321689233126,0.621979603564755,0.561236334184277,0.619518093937814,-6.71757430830337,4775,7.747,565.56763,"Unknown","[M+H]+",NA,0.036,TRUE,"null","null","null","null",999,FALSE,FALSE,FALSE,"null","null","null","null","null",92.69,60687,21.324199182705,24,"Leaf vs Root","Leaf","Not selected"
"F505_mz115.087_rt0.46",3.27282768326501,13.2205083670667,0.621709814329279,0.561400130745615,0.619518093937814,-6.71775933862456,505,0.463,115.08695,"Unknown","[M+H]+","ion correlated with 4479; ion correlated with 2382; ion correlated with 2322; similar chromatogram in higher mz_4315; similar chromatogram in higher mz_4625; similar chromatogram in higher mz_4255; similar chromatogram in higher mz_4669",0.607,TRUE,"null","null","null","null",999,FALSE,FALSE,FALSE,"null","null","null","null","null",121.05,11432.6666666667,290.753884726393,22,"Leaf vs Root","Leaf","Not selected"
"F87_mz74.5306_rt0.38",0.220024256911997,19.7809682029346,0.621586916640758,0.561474755503822,0.619518093937814,-6.71784360314404,87,0.379,74.53064,"Unknown","[M+H]+",NA,0.036,FALSE,"null","null","null","null",999,FALSE,FALSE,FALSE,"null","null","null","null","null",996.74,1687,1348.39158767773,24,"Leaf vs Root","Leaf","Not selected"
"F3875_mz369.1188_rt1.04",0.46291044791012,15.894315906461,0.621523355912587,0.561513352732556,0.619518093937814,-6.71788717782404,3875,1.044,369.11877,"Unknown","[M+H]+",NA,0.036,FALSE,"null","null","null","null",999,FALSE,FALSE,FALSE,"null","null","null","null","null",99.58,0,159376,12,"Leaf vs Root","Leaf","Not selected"
"F2801_mz279.1346_rt1.18",0.275753205964805,13.3128391073855,0.620340511243157,0.562231944588413,0.619931985328091,-6.71869739318576,2801,1.182,279.13461,"Unknown","[M+H]+","ion correlated with 1097; ion correlated with 2369; ion correlated with 2102",0.107,FALSE,"null","null","null","null",999,FALSE,FALSE,FALSE,"null","null","null","null","null",37.47,1435.66666666667,404.588631090487,21,"Leaf vs Root","Leaf","Not selected"
"F1204_mz164.0741_rt0.42",0.19791277744949,21.7353464509401,0.614575640369764,0.565742575085597,0.62342206839408,-6.72262724331119,1204,0.417,164.07411,"Unknown","[M+H]+",NA,0.214,TRUE,"null","null","null","null",999,FALSE,FALSE,FALSE,"null","null","null","null","null",563.03,10545.6666666667,790.477718078382,17,"Leaf vs Root","Leaf","Not selected"
"F2120_mz227.1282_rt1.18",0.175563152331827,15.6844604451327,0.609832641020537,0.5686413463998,0.626234063606857,-6.72583687890395,2120,1.178,227.12816,"Unknown","[M+H]+","ion correlated with 2619; ion correlated with 1003; ion correlated with 2021",0.036,FALSE,"null","null","null","null",999,FALSE,FALSE,FALSE,"null","null","null","null","null",108.27,20288.6666666667,23.348584665429,24,"Leaf vs Root","Leaf","Not selected"
"F1917_mz213.1486_rt1.18",0.360484068729657,15.8770810826081,0.607498527027635,0.570071329255113,0.627426066649682,-6.72740854562315,1917,1.182,213.14861,"Unknown","[M+H]+",NA,0.036,FALSE,"null","null","null","null",999,FALSE,FALSE,FALSE,"null","null","null","null","null",14.26,23954.6666666667,11.3105597840455,24,"Leaf vs Root","Leaf","Not selected"
"F2713_mz273.2581_rt6.48",-0.875241065624103,17.3912736984647,-0.602627789534076,0.573062661014361,0.630334005564242,-6.73067150924255,2713,6.478,273.25809,"Unknown","[M+H]+",NA,0.071,TRUE,"null","null","null","null",999,FALSE,FALSE,FALSE,"null","null","null","null","null",20.63,0,1162285,6,"Leaf vs Root","Root","Not selected"
"F886_mz141.0549_rt0.94",0.319161092986311,16.1348226012433,0.597315709180667,0.57633625692335,0.633548686812818,-6.73420427031896,886,0.942,141.05487,"Unknown","[M+H]+",NA,0.25,FALSE,"null","null","null","null",999,FALSE,FALSE,FALSE,"null","null","null","null","null",62.69,50610.6666666667,16.8357229887707,24,"Leaf vs Root","Leaf","Not selected"
"F4807_mz582.2554_rt1.18",0.445145833154531,17.791266546558,0.595845075841315,0.577244604220233,0.634160992463493,-6.73517752189025,4807,1.183,582.25543,"Unknown","[M+H]+","ion correlated with 3929; ion correlated with 739; ion correlated with 1189; ion correlated with 4516",0.179,FALSE,"null","null","null","null",999,FALSE,FALSE,FALSE,"null","null","null","null","null",6814.28,0,599795,7,"Leaf vs Root","Leaf","Not selected"
"F2194_mz232.1548_rt1.17",0.288450747811279,14.1635561633757,0.592704323236166,0.579187499236498,0.635908416132529,-6.73724908239661,2194,1.169,232.15477,"Unknown","[M+H]+","ion correlated with 2437; ion correlated with 2707; ion correlated with 2166; ion correlated with 2946; ion correlated with 3235; ion correlated with 2358",0.107,TRUE,"null","null","null","null",999,FALSE,FALSE,FALSE,"null","null","null","null","null",452.95,16373.3333333333,221.086436089001,24,"Leaf vs Root","Leaf","Not selected"
"F854_mz139.0505_rt0.77",3.08245090548553,13.1074735691324,0.591189219802727,0.580126206727067,0.63655185601359,-6.73824501098897,854,0.773,139.05048,"Unknown","[M+H]+",NA,0.036,FALSE,"null","null","null","null",999,FALSE,FALSE,FALSE,"null","null","null","null","null",13.2,11877.6666666667,12.0106072510944,19,"Leaf vs Root","Leaf","Not selected"
"F3846_mz366.2492_rt1.21",0.247212058230293,16.5479575980434,0.588437275319919,0.581833632298658,0.638037488638565,-6.74004829540928,3846,1.212,366.24918,"Unknown","[M+H]+","ion correlated with 4166; ion correlated with 1381; ion correlated with 1635; ion correlated with 3816; ion correlated with 2872; ion correlated with 3642; ion correlated with 4381; ion correlated with 1402; ion correlated with 3886; ion correlated with 3495",0.071,FALSE,"null","null","null","null",999,FALSE,FALSE,FALSE,"null","null","null","null","null",15.43,29959,8.71498664886515,24,"Leaf vs Root","Leaf","Not selected"
"F2694_mz273.0762_rt1.09",-0.329421395988938,16.3715767504574,-0.587513890853387,0.582407236327484,0.638278725908384,-6.74065172928617,2694,1.093,273.0762,"Unknown","[M+H]+",NA,0.036,FALSE,"null","null","null","null",999,FALSE,FALSE,FALSE,"null","null","null","null","null",47.25,592.666666666667,412.275126333521,18,"Leaf vs Root","Root","Not selected"
"F4716_mz537.5362_rt9.18",1.35671217591908,18.840641373452,0.58490164616226,0.584031847643852,0.639670804003127,-6.7423543723044,4716,9.183,537.53625,"Unknown","[M+H]+",NA,0.071,TRUE,"null","null","null","null",999,FALSE,FALSE,FALSE,"null","null","null","null","null",366.67,427726.333333333,13.5015944737379,24,"Leaf vs Root","Leaf","Not selected"
"F1831_mz207.0509_rt0.42",-0.205892427195169,18.2879674589154,-0.580060393822852,0.587050100545783,0.642586677674432,-6.74549238891089,1831,0.423,207.05093,"Unknown","[M+H]+","ion correlated with 1285; ion correlated with 1304; ion correlated with 4460",0.464,TRUE,"null","null","null","null",999,FALSE,FALSE,FALSE,"null","null","null","null","null",282.99,0,2244274,18,"Leaf vs Root","Root","Not selected"
"F2384_mz247.9042_rt0.4",-0.175729483365408,17.9243051183611,-0.578770648079335,0.587855797521748,0.642917820176589,-6.74632454205137,2384,0.398,247.90416,"Unknown","[M+H]+","ion correlated with 2461; ion correlated with 2186; ion correlated with 3029; ion correlated with 538; ion correlated with 2405; ion correlated with 422; ion correlated with 3696; ion correlated with 2798; ion correlated with 2366",0.214,FALSE,"null","null","null","null",999,FALSE,FALSE,FALSE,"null","null","null","null","null",50.84,820.333333333333,605.33887987013,19,"Leaf vs Root","Root","Not selected"
"F3116_mz301.2169_rt5.7",0.116288072415135,20.4132367090934,0.578435940924009,0.588064997845733,0.642917820176589,-6.74654023320379,3116,5.699,301.21686,"Unknown","[M+H]+","ion correlated with 2503; ion correlated with 4855",0.179,TRUE,"null","null","null","null",999,FALSE,FALSE,FALSE,"null","null","null","null","null",51.43,2611.66666666667,1071.71383005869,21,"Leaf vs Root","Leaf","Not selected"
"F4969_mz663.455_rt8.94",1.46039187934812,16.9448322130473,0.577279229031272,0.588788322377032,0.643318959982168,-6.74728479951428,4969,8.939,663.45496,"Unknown","[M+H]+","ion correlated with 4990; ion correlated with 4968",0.464,TRUE,"null","null","null","null",999,FALSE,FALSE,FALSE,"null","null","null","null","null",2891.11,236371.666666667,8.77418285814209,24,"Leaf vs Root","Leaf","Not selected"
"F1496_mz183.0921_rt1.08",-0.201638853114902,17.2775877728512,-0.575471665879099,0.589919730846649,0.644165223338295,-6.74844570553824,1496,1.081,183.0921,"Unknown","[M+H]+",NA,0.429,TRUE,"null","null","null","null",999,FALSE,FALSE,FALSE,"null","null","null","null","null",171.92,54469.6666666667,73.945285535946,24,"Leaf vs Root","Root","Not selected"
"F4700_mz532.3487_rt3.42",0.303269270014458,17.7577054691911,0.57086364382631,0.592810022761177,0.646929922057996,-6.75139078905574,4700,3.423,532.34869,"Unknown","[M+H]+","similar chromatogram in higher mz_4712",0.179,TRUE,"null","null","null","null",999,FALSE,FALSE,FALSE,"null","null","null","null","null",2862.09,0,755549,7,"Leaf vs Root","Leaf","Not selected"
"F4377_mz441.3008_rt5.74",0.339091735414278,17.0841108258958,0.57008910708,0.593296678953095,0.647069791849146,-6.75188377558894,4377,5.745,441.30078,"Unknown","[M+H]+","ion correlated with 3578; ion correlated with 4383; ion correlated with 4497; ion correlated with 4492; ion correlated with 4475; ion correlated with 4295",0.143,TRUE,"null","null","null","null",999,FALSE,FALSE,FALSE,"null","null","null","null","null",89.63,0,452463,7,"Leaf vs Root","Leaf","Not selected"
"F4774_mz565.5676_rt7.35",1.2927460032083,14.0127655953448,0.557297187419431,0.601368990757996,0.655477674105182,-6.75994062471709,4774,7.351,565.56763,"Unknown","[M+H]+",NA,0.036,TRUE,"null","null","null","null",999,FALSE,FALSE,FALSE,"null","null","null","null","null",68.83,63938.3333333333,22.7685201597347,24,"Leaf vs Root","Leaf","Not selected"
"F520_mz116.0709_rt0.95",-0.124611670526173,17.9873615303455,-0.554324287274705,0.60325441111776,0.657135915550728,-6.76179000333025,520,0.947,116.07089,"Unknown","[M+H]+","ion correlated with 2559; ion correlated with 1785; ion correlated with 2359; ion correlated with 2068; ion correlated with 2560; found in higher mz's MsMs_2114; found in higher mz's MsMs_4074; similar chromatogram in higher mz_2653",0.143,TRUE,"null","null","null","null",999,FALSE,FALSE,FALSE,"null","null","null","null","null",31.55,111299.666666667,27.5032764104438,24,"Leaf vs Root","Root","Not selected"
"F3351_mz319.1297_rt1.02",2.59233957011501,11.7565418753073,0.549021180105611,0.606626378146701,0.660410502144026,-6.76506725004665,3351,1.018,319.12967,"Unknown","[M+H]+","ion correlated with 4067; ion correlated with 4082; ion correlated with 1927",0.25,FALSE,"null","null","null","null",999,FALSE,FALSE,FALSE,"null","null","null","null","null",66.75,0,923913,17,"Leaf vs Root","Leaf","Not selected"
"F3388_mz323.0742_rt0.48",0.199010343471462,17.0395410059374,0.544286534883266,0.609646296633393,0.663298110562552,-6.76796962485835,3388,0.476,323.07422,"Unknown","[M+H]+","ion correlated with 3927; ion correlated with 4476; ion correlated with 3708; ion correlated with 3533; ion correlated with 2199; ion correlated with 2480; ion correlated with 2337",0.107,FALSE,"null","null","null","null",999,FALSE,FALSE,FALSE,"null","null","null","null","null",5020.56,0,344227,9,"Leaf vs Root","Leaf","Not selected"
"F1380_mz175.1192_rt0.44",0.231270908014488,26.3512770622243,0.54207267775079,0.61106140264699,0.664437248058925,-6.76931908707167,1380,0.44,175.1192,"Unknown","[M+H]+",NA,0.643,TRUE,"null","null","null","null",999,FALSE,FALSE,FALSE,"null","null","null","null","null",9546.61,3220.66666666667,53917.3548887739,21,"Leaf vs Root","Leaf","Not selected"
"F1014_mz149.0481_rt0.4",-0.371367884574131,16.806086186711,-0.540428954760831,0.61211332298168,0.665180341951795,-6.77031786355899,1014,0.398,149.04814,"Unknown","[M+H]+",NA,0.036,FALSE,"null","null","null","null",999,FALSE,FALSE,FALSE,"null","null","null","null","null",46.14,15891,21.1417694437453,24,"Leaf vs Root","Root","Not selected"
"F2268_mz239.1492_rt7.82",0.333285270668583,14.8890501418457,0.529669065437302,0.619025342821127,0.672286849453751,-6.77678920190265,2268,7.82,239.1492,"Unknown","[M+H]+",NA,0.071,FALSE,"null","null","null","null",999,FALSE,FALSE,FALSE,"null","null","null","null","null",11.87,17956.3333333333,6.99496955746956,24,"Leaf vs Root","Leaf","Not selected"
"F5001_mz685.4364_rt9.06",1.0774933478313,15.1827723099707,0.518489597810319,0.626254456642799,0.679728980300813,-6.78338969351249,5001,9.058,685.4364,"Unknown","[M+H]+",NA,0.036,FALSE,"null","null","null","null",999,FALSE,FALSE,FALSE,"null","null","null","null","null",40.43,49162.3333333333,6.88946369245373,24,"Leaf vs Root","Leaf","Not selected"
"F1272_mz168.1022_rt1.23",-0.23766702615855,14.3223511910191,-0.511520678982785,0.630785117501238,0.684227558970825,-6.78744031573306,1272,1.227,168.10216,"Unknown","[M+H]+","ion correlated with 1939; ion correlated with 2619; ion correlated with 2102; ion correlated with 1003; ion correlated with 1754; ion correlated with 2021; ion correlated with 1996; ion correlated with 379",0.071,TRUE,"null","null","null","null",999,FALSE,FALSE,FALSE,"null","null","null","null","null",64.15,8470.33333333333,37.2166915873141,24,"Leaf vs Root","Root","Not selected"
"F3686_mz351.142_rt1.27",-0.550000799052929,15.8014276795439,-0.510949496346343,0.631157277388601,0.684227558970825,-6.78777012582841,3686,1.273,351.14203,"Unknown","[M+H]+","ion correlated with 3626",0.071,FALSE,"null","null","null","null",999,FALSE,FALSE,FALSE,"null","null","null","null","null",45.79,0,133744,11,"Leaf vs Root","Root","Not selected"
"F2692_mz272.9531_rt0.41",0.123626008709539,19.9717578542672,0.508847741856174,0.632527763128004,0.685301688142885,-6.78898085742802,2692,0.405,272.95309,"Unknown","[M+H]+","ion correlated with 470; ion correlated with 275; ion correlated with 1473; ion correlated with 2220",0.714,FALSE,"null","null","null","null",999,FALSE,FALSE,FALSE,"null","null","null","null","null",152.47,0,2382008,24,"Leaf vs Root","Leaf","Not selected"
"F2519_mz259.0812_rt0.5",0.208909029450279,18.4053590354399,0.505461910168575,0.634739071350467,0.6872849572811,-6.79092183592998,2519,0.498,259.08124,"Unknown","[M+H]+",NA,0.071,FALSE,"null","null","null","null",999,FALSE,FALSE,FALSE,"null","null","null","null","null",163.21,1177.33333333333,592.149080622348,13,"Leaf vs Root","Leaf","Not selected"
"F2667_mz271.1159_rt1.04",-0.170417375475783,16.3630975849524,-0.501526862108381,0.637314509563069,0.689659885948045,-6.79316297239438,2667,1.044,271.11588,"Unknown","[M+H]+",NA,0.071,FALSE,"null","null","null","null",999,FALSE,FALSE,FALSE,"null","null","null","null","null",5.81,26576,7.77341310155398,24,"Leaf vs Root","Root","Not selected"
"F3706_mz352.8832_rt0.42",-0.15252754768699,15.8621729255004,-0.498772558712315,0.639120626347695,0.691199958392804,-6.79472222354719,3706,0.416,352.88318,"Unknown","[M+H]+",NA,0.036,FALSE,"null","null","null","null",999,FALSE,FALSE,FALSE,"null","null","null","null","null",2876.59,0,143831,19,"Leaf vs Root","Root","Not selected"
"F1279_mz169.0498_rt1.05",-0.124351308005269,18.3383479442354,-0.49369222544076,0.642459462298174,0.694394808052817,-6.79757789073793,1279,1.049,169.04982,"Unknown","[M+H]+","ion correlated with 3171",0.071,FALSE,"null","null","null","null",999,FALSE,FALSE,FALSE,"null","null","null","null","null",50.97,112509.333333333,5.89952034035392,24,"Leaf vs Root","Root","Not selected"
"F3193_mz307.1028_rt0.49",-0.200339952089383,17.3956542918577,-0.48976463569618,0.645047286544967,0.696774597375024,-6.79976743776309,3193,0.488,307.10284,"Unknown","[M+H]+",NA,0.179,FALSE,"null","null","null","null",999,FALSE,FALSE,FALSE,"null","null","null","null","null",2154.91,0,274500,15,"Leaf vs Root","Root","Not selected"
"F254_mz96.972_rt0.4",0.15258098381886,17.182333381719,0.487829134409153,0.646324657414572,0.697736846072549,-6.80084060070727,254,0.396,96.97205,"Unknown","[M+H]+","ion correlated with 2159; ion correlated with 2186; ion correlated with 3029; ion correlated with 801; ion correlated with 538; ion correlated with 2384; ion correlated with 2405; ion correlated with 3696; ion correlated with 2628; ion correlated with 2366",0.143,FALSE,"null","null","null","null",999,FALSE,FALSE,FALSE,"null","null","null","null","null",54.27,3140.66666666667,114.931352785146,9,"Leaf vs Root","Leaf","Not selected"
"F2973_mz291.142_rt0.95",2.41623408718441,12.0593724620443,0.485402060515724,0.647928404226843,0.699050071505948,-6.80218086673094,2973,0.95,291.142,"Unknown","[M+H]+",NA,0.036,FALSE,"null","null","null","null",999,FALSE,FALSE,FALSE,"null","null","null","null","null",13.84,0,218687,18,"Leaf vs Root","Leaf","Not selected"
"F1681_mz196.1337_rt1.08",-0.488700881698449,13.0268453030599,-0.484270564355393,0.648676808234082,0.699439449738661,-6.80280361877585,1681,1.083,196.13374,"Unknown","[M+H]+","ion correlated with 3362; ion correlated with 3431; ion correlated with 1749; ion correlated with 1636; similar chromatogram in higher mz_4361",0.179,FALSE,"null","null","null","null",999,FALSE,FALSE,FALSE,"null","null","null","null","null",27.24,10657.6666666667,19.3223042281711,24,"Leaf vs Root","Root","Not selected"
"F1861_mz208.9729_rt0.43",-0.258499770405229,17.3471047122702,-0.480861431781684,0.650934546267899,0.701454839411079,-6.8046719397186,1861,0.429,208.9729,"Unknown","[M+H]+","ion correlated with 1639; ion correlated with 1471",0.536,FALSE,"null","null","null","null",999,FALSE,FALSE,FALSE,"null","null","null","null","null",82.7,0,664492,18,"Leaf vs Root","Root","Not selected"
"F350_mz103.0543_rt0.96",-0.260106473532325,17.8410572471383,-0.478833885467572,0.652279329064824,0.702484599619336,-6.80577740377356,350,0.955,103.05433,"Unknown","[M+H]+","ion correlated with 2544; ion correlated with 2928; ion correlated with 1958; ion correlated with 1993; ion correlated with 765; ion correlated with 1568; ion correlated with 2183; found in higher mz's MsMs_1231; found in higher mz's MsMs_583; found in higher mz's MsMs_4074; found in higher mz's MsMs_3428; found in higher mz's MsMs_1015; found in higher mz's MsMs_737; similar chromatogram in higher mz_3783; found in higher mz's MsMs_3783; found in higher mz's MsMs_4588; similar chromatogram in higher mz_3835; similar chromatogram in higher mz_5037; similar chromatogram in higher mz_3982",0.5,TRUE,"null","null","null","null",999,FALSE,FALSE,FALSE,"null","null","null","null","null",799.31,12547.6666666667,1187.69431015247,24,"Leaf vs Root","Root","Not selected"
"F124_mz79.99_rt0.42",-0.136975214288454,16.1594375244991,-0.47781851476985,0.652953343606875,0.70279116589768,-6.80632940703838,124,0.416,79.98999,"Unknown","[M+H]+","similar chromatogram in higher mz_3366; similar chromatogram in higher mz_2238; similar chromatogram in higher mz_4582; similar chromatogram in higher mz_3384; similar chromatogram in higher mz_3529; similar chromatogram in higher mz_2261; similar chromatogram in higher mz_4156; similar chromatogram in higher mz_2440; similar chromatogram in higher mz_4259; similar chromatogram in higher mz_4667; similar chromatogram in higher mz_3558; similar chromatogram in higher mz_4169; similar chromatogram in higher mz_4423; similar chromatogram in higher mz_4589; similar chromatogram in higher mz_1275; similar chromatogram in higher mz_2148; similar chromatogram in higher mz_2628; similar chromatogram in higher mz_2735; similar chromatogram in higher mz_2844; similar chromatogram in higher mz_3166; similar chromatogram in higher mz_3696; similar chromatogram in higher mz_3764; similar chromatogram in higher mz_3854; similar chromatogram in higher mz_3946; similar chromatogram in higher mz_4046; similar chromatogram in higher mz_4340; similar chromatogram in higher mz_4526; similar chromatogram in higher mz_4672; similar chromatogram in higher mz_4707; similar chromatogram in higher mz_4787; similar chromatogram in higher mz_4795; similar chromatogram in higher mz_4957; similar chromatogram in higher mz_1860; similar chromatogram in higher mz_2823; similar chromatogram in higher mz_3829; similar chromatogram in higher mz_4424; similar chromatogram in higher mz_4493; similar chromatogram in higher mz_4689; similar chromatogram in higher mz_4701; similar chromatogram in higher mz_4911",0.036,FALSE,"null","null","null","null",999,FALSE,FALSE,FALSE,"null","null","null","null","null",82.77,0,169646,24,"Leaf vs Root","Root","Not selected"
"F5040_mz708.5122_rt9",1.01293481812252,16.9662464761638,0.471925820502296,0.656872375599178,0.70658798447945,-6.80951183953476,5040,8.996,708.51221,"Unknown","[M+H]+",NA,0.357,TRUE,"null","null","null","null",999,FALSE,FALSE,FALSE,"null","null","null","null","null",735.77,214670.333333333,6.33617436888018,24,"Leaf vs Root","Leaf","Not selected"
"F4794_mz574.4813_rt9.04",-3.30445548848614,10.9253304529876,-0.464038883018189,0.662137319687897,0.711827195971801,-6.81371476557946,4794,9.041,574.48126,"Unknown","[M+H]+",NA,0.107,TRUE,"null","null","null","null",999,FALSE,FALSE,FALSE,"null","null","null","null","null",4337.92,0,341363,4,"Leaf vs Root","Root","Not selected"
"F4512_mz471.1844_rt1.41",0.113979071636414,16.4275895194602,0.453475331716108,0.669223804374513,0.719017242199997,-6.81924221839098,4512,1.414,471.18442,"Unknown","[M+H]+",NA,0.357,FALSE,"null","null","null","null",999,FALSE,FALSE,FALSE,"null","null","null","null","null",2032.95,14303.6666666667,12.0353730717248,24,"Leaf vs Root","Leaf","Not selected"
"F2641_mz268.9828_rt0.47",0.224953211428158,17.2764564291809,0.436853681107954,0.680453522650064,0.73064759570694,-6.82770200867293,2641,0.468,268.98285,"Unknown","[M+H]+","ion correlated with 1230; ion correlated with 4513",0.071,FALSE,"null","null","null","null",999,FALSE,FALSE,FALSE,"null","null","null","null","null",333.75,0,498291,7,"Leaf vs Root","Leaf","Not selected"
"F3029_mz295.9691_rt0.4",0.105175553528649,18.1001692200009,0.41956327888109,0.692235461620695,0.742464846874395,-6.83619140121428,3029,0.395,295.96909,"Unknown","[M+H]+","ion correlated with 203; ion correlated with 2461; ion correlated with 2186; ion correlated with 538; ion correlated with 2384; ion correlated with 2405; ion correlated with 422; ion correlated with 3696; ion correlated with 2798; ion correlated with 2366",0.179,FALSE,"null","null","null","null",999,FALSE,FALSE,FALSE,"null","null","null","null","null",4673.31,0,511090,6,"Leaf vs Root","Leaf","Not selected"
"F885_mz141.0549_rt1.07",-0.231647862282826,15.077224179142,-0.419495817960628,0.692281627307261,0.742464846874395,-6.83622389949323,885,1.069,141.05486,"Unknown","[M+H]+","ion correlated with 1306; similar chromatogram in higher mz_1284; similar chromatogram in higher mz_2816; similar chromatogram in higher mz_2941; similar chromatogram in higher mz_3277",0.214,TRUE,"null","null","null","null",999,FALSE,FALSE,FALSE,"null","null","null","null","null",736.51,26056.6666666667,531.143719698617,24,"Leaf vs Root","Root","Not selected"
"F2568_mz262.0923_rt0.92",0.253911206166248,15.0883606951,0.414955913621974,0.695391902218491,0.744925378693988,-6.83839973715998,2568,0.917,262.09229,"Unknown","[M+H]+",NA,0.036,FALSE,"null","null","null","null",999,FALSE,FALSE,FALSE,"null","null","null","null","null",24.75,0,115936,11,"Leaf vs Root","Leaf","Not selected"
"F5057_mz716.5681_rt7.53",2.33590046937039,13.1980295027678,0.414942278620516,0.695401253794665,0.744925378693988,-6.83840623875172,5057,7.534,716.56812,"Unknown","[M+H]+",NA,0.071,FALSE,"null","null","null","null",999,FALSE,FALSE,FALSE,"null","null","null","null","null",29.53,0,163456,6,"Leaf vs Root","Leaf","Not selected"
"F3715_mz353.269_rt3.23",0.218066898583911,17.3983907390287,0.408550729135823,0.699791635913748,0.749183809504339,-6.84143196469924,3715,3.233,353.26898,"Unknown","[M+H]+","ion correlated with 4711; ion correlated with 4699; ion correlated with 3279; similar chromatogram in higher mz_4699; similar chromatogram in higher mz_4711; similar chromatogram in higher mz_4611",0.143,TRUE,"null","null","null","null",999,FALSE,FALSE,FALSE,"null","null","null","null","null",65.75,0,608867,6,"Leaf vs Root","Leaf","Not selected"
"F3994_mz382.2357_rt5.7",0.0844666070234257,17.7179206259526,0.403723479437252,0.703116340895473,0.752296974105707,-6.84368805184492,3994,5.695,382.23569,"Unknown","[M+H]+","ion correlated with 3789; ion correlated with 3356; ion correlated with 4236; ion correlated with 4383",0.107,FALSE,"null","null","null","null",999,FALSE,FALSE,FALSE,"null","null","null","null","null",26.57,15880.6666666667,25.5963689789065,24,"Leaf vs Root","Leaf","Not selected"
"F4699_mz532.3486_rt3.23",0.223322941680275,18.7054573334031,0.401725934933771,0.704494332721646,0.753324804835647,-6.84461429094507,4699,3.235,532.34863,"Unknown","[M+H]+",NA,0.214,TRUE,"null","null","null","null",999,FALSE,FALSE,FALSE,"null","null","null","null","null",4413.84,0,1541623,7,"Leaf vs Root","Leaf","Not selected"
"F4425_mz451.1249_rt1.05",0.170189330303521,15.3397744394256,0.397065072049831,0.70771458917276,0.756320209269882,-6.84675873411877,4425,1.054,451.12494,"Unknown","[M+H]+","ion correlated with 3852; ion correlated with 4396; ion correlated with 3370",0.036,FALSE,"null","null","null","null",999,FALSE,FALSE,FALSE,"null","null","null","null","null",6.14,0,119834,6,"Leaf vs Root","Leaf","Not selected"
"F2602_mz265.9147_rt0.4",0.182467949108951,16.0145584689698,0.396268130551306,0.708265903975621,0.756461512826033,-6.84712305354404,2602,0.398,265.91467,"Unknown","[M+H]+","ion correlated with 2628",0.071,FALSE,"null","null","null","null",999,FALSE,FALSE,FALSE,"null","null","null","null","null",79.64,0,166448,16,"Leaf vs Root","Leaf","Not selected"
"F1125_mz158.154_rt0.92",0.247353515060422,22.6828688607086,0.394993482700594,0.709148111531517,0.756784612496759,-6.84770432684234,1125,0.925,158.15401,"Unknown","[M+H]+","similar chromatogram in higher mz_4088; similar chromatogram in higher mz_1929; similar chromatogram in higher mz_2069; similar chromatogram in higher mz_2343; similar chromatogram in higher mz_2282; similar chromatogram in higher mz_4123; similar chromatogram in higher mz_3234; similar chromatogram in higher mz_2741; similar chromatogram in higher mz_4503",0.071,TRUE,"null","null","null","null",999,FALSE,FALSE,FALSE,"null","null","null","null","null",316.08,8926.33333333333,1775.67213053543,12,"Leaf vs Root","Leaf","Not selected"
"F2152_mz229.1549_rt0.5",-0.13221133943472,19.5078055874954,-0.394619628890746,0.709406960855687,0.756784612496759,-6.84787448065737,2152,0.497,229.15492,"Unknown","[M+H]+",NA,0.286,FALSE,"null","null","null","null",999,FALSE,FALSE,FALSE,"null","null","null","null","null",97.53,1255,1271.53901273885,18,"Leaf vs Root","Root","Not selected"
"F3310_mz317.1461_rt0.47",0.528344867869641,15.2480657024062,0.391147641448281,0.711813018525644,0.758902834281623,-6.84944747181816,3310,0.468,317.14609,"Unknown","[M+H]+","ion correlated with 1760; ion correlated with 2409; ion correlated with 2787; ion correlated with 2588; ion correlated with 3447",0.214,FALSE,"null","null","null","null",999,FALSE,FALSE,FALSE,"null","null","null","null","null",284.35,765.333333333333,1299.19312744672,24,"Leaf vs Root","Leaf","Not selected"
"F275_mz98.0138_rt0.4",-0.0956129596193126,20.9294637103378,-0.388019735822125,0.713983891866659,0.760767960341983,-6.85085338500123,275,0.398,98.01379,"Unknown","[M+2H]2+","ion correlated with 470; ion correlated with 1473; ion correlated with 1133; ion correlated with 1657",0.214,FALSE,"null","null","null","null",999,FALSE,FALSE,FALSE,"null","null","null","null","null",194.51,13393.3333333333,293.323221262723,21,"Leaf vs Root","Root","Not selected"
"F5157_mz794.5785_rt8.33",0.432914801151925,17.6504490387943,0.384619556456593,0.716347216384314,0.76283582629716,-6.85236962666358,5157,8.331,794.57849,"Unknown","[M+H]+","ion correlated with 5166",0.143,TRUE,"null","null","null","null",999,FALSE,FALSE,FALSE,"null","null","null","null","null",71.09,21905.3333333333,46.927159573335,24,"Leaf vs Root","Leaf","Not selected"
"F4707_mz534.7866_rt0.41",-0.12258750090668,16.347984581613,-0.383249777019475,0.71730031378018,0.763400392908741,-6.85297690044382,4707,0.41,534.78656,"Unknown","[M+H]+",NA,0.107,FALSE,"null","null","null","null",999,FALSE,FALSE,FALSE,"null","null","null","null","null",2623.42,0,146589,17,"Leaf vs Root","Root","Not selected"
"F1915_mz213.1239_rt0.5",0.140898759061995,18.0233061773458,0.381548067772815,0.718485181693189,0.764210814941783,-6.85372848679589,1915,0.502,213.12393,"Unknown","[M+H]+","similar chromatogram in higher mz_2106",0.179,FALSE,"null","null","null","null",999,FALSE,FALSE,FALSE,"null","null","null","null","null",51.28,0,634441,18,"Leaf vs Root","Leaf","Not selected"
"F1997_mz217.1953_rt6.48",-0.602825904527075,14.8259288157899,-0.370721605748785,0.726044330570811,0.771796240683342,-6.85843619916932,1997,6.478,217.19533,"Unknown","[M+H]+","ion correlated with 2713",0.071,FALSE,"null","null","null","null",999,FALSE,FALSE,FALSE,"null","null","null","null","null",21.37,0,240145,6,"Leaf vs Root","Root","Not selected"
"F2971_mz291.1303_rt0.49",0.207499113919642,19.6572394326508,0.337549081099219,0.74942333475902,0.796179587545633,-6.87205943659259,2971,0.49,291.13034,"Unknown","[M+H]+",NA,0.214,FALSE,"null","null","null","null",999,FALSE,FALSE,FALSE,"null","null","null","null","null",298.89,0,2808959,11,"Leaf vs Root","Leaf","Not selected"
"F1691_mz197.1289_rt1.06",2.09582459814996,10.0565257614021,0.327392488348109,0.756644372871859,0.803211225585343,-6.87598705994358,1691,1.062,197.12888,"Unknown","[M+H]+","ion correlated with 2975; ion correlated with 2762; ion correlated with 966",0.5,TRUE,"null","null","null","null",999,FALSE,FALSE,FALSE,"null","null","null","null","null",378.44,6920.66666666667,579.433132675175,22,"Leaf vs Root","Leaf","Not selected"
"F252_mz96.0809_rt0.86",0.105440111175566,20.8005439260977,0.326988734120481,0.756932019235827,0.803211225585343,-6.87614082140157,252,0.857,96.08092,"Unknown","[M+H]+","ion correlated with 1324; ion correlated with 842; found in higher mz's MsMs_1077; found in higher mz's MsMs_2403; found in higher mz's MsMs_1324",0.214,TRUE,"null","null","null","null",999,FALSE,FALSE,FALSE,"null","null","null","null","null",221.76,5285.33333333333,650.859638060407,10,"Leaf vs Root","Leaf","Not selected"
"F1045_mz151.9513_rt0.42",-0.143595024156149,14.9940528078576,-0.325494307020505,0.757997080881399,0.803559166531852,-6.87670836179325,1045,0.425,151.95126,"Unknown","[M+H]+","ion correlated with 2218; ion correlated with 2737; ion correlated with 3590; ion correlated with 3769; ion correlated with 2967; ion correlated with 1965; ion correlated with 4401",0.357,FALSE,"null","null","null","null",999,FALSE,FALSE,FALSE,"null","null","null","null","null",115.84,4691.66666666667,76.7665861628072,18,"Leaf vs Root","Root","Not selected"
"F3825_mz364.2703_rt1",0.262071201477294,15.2323980686619,0.325279414020299,0.758150282882961,0.803559166531852,-6.87678976715044,3825,0.995,364.27032,"Unknown","[M+H]+","ion correlated with 3852",0.036,FALSE,"null","null","null","null",999,FALSE,FALSE,FALSE,"null","null","null","null","null",16.1,0,123743,6,"Leaf vs Root","Leaf","Not selected"
"F1983_mz217.1049_rt7.82",-0.191346976625214,15.4473259769758,-0.309375048237054,0.769523324477948,0.815134742184681,-6.88267135285147,1983,7.815,217.1049,"Unknown","[M+H]+",NA,0.071,FALSE,"null","null","null","null",999,FALSE,FALSE,FALSE,"null","null","null","null","null",20.93,23695.6666666667,9.73782529188353,24,"Leaf vs Root","Root","Not selected"
"F5133_mz777.31_rt1.16",0.122226628007761,15.6169528957858,0.307543323900154,0.770837469593958,0.816047878367797,-6.88333054399344,5133,1.162,777.31,"Unknown","[M+H]+",NA,0.036,FALSE,"null","null","null","null",999,FALSE,FALSE,FALSE,"null","null","null","null","null",17.91,0,103004,6,"Leaf vs Root","Leaf","Not selected"
"F4602_mz495.097_rt0.45",-0.1718169763495,16.3139349699597,-0.306154307813824,0.771834581593953,0.816624513351163,-6.88382790372868,4602,0.454,495.09695,"Unknown","[M+H]+","ion correlated with 879; ion correlated with 4879",0.071,FALSE,"null","null","null","null",999,FALSE,FALSE,FALSE,"null","null","null","null","null",2898.13,0,164849,6,"Leaf vs Root","Root","Not selected"
"F5054_mz716.522_rt9.7",1.59073887856579,7.7708724089578,0.298135490748386,0.777600636768072,0.82224320408106,-6.88665675382881,5054,9.701,716.52203,"Unknown","[M+H]+","ion correlated with 3953; ion correlated with 5114",0.107,FALSE,"null","null","null","null",999,FALSE,FALSE,FALSE,"null","null","null","null","null",40.99,13498.3333333333,29.6247962862364,19,"Leaf vs Root","Leaf","Not selected"
"F1817_mz205.1953_rt3.51",1.81832192133035,9.68107239450103,0.294659264544677,0.780105351201684,0.824408758149321,-6.88786058166067,1817,3.506,205.19531,"Unknown","[M+H]+",NA,0.036,FALSE,"null","null","null","null",999,FALSE,FALSE,FALSE,"null","null","null","null","null",3.67,0,190780,4,"Leaf vs Root","Leaf","Not selected"
"F4141_mz402.9366_rt0.4",0.163393391702807,16.3796817553462,0.293892637703428,0.780658135098365,0.824510201201023,-6.88812423245913,4141,0.397,402.93665,"Unknown","[M+H]+",NA,0.071,FALSE,"null","null","null","null",999,FALSE,FALSE,FALSE,"null","null","null","null","null",2997.76,0,159669,18,"Leaf vs Root","Leaf","Not selected"
"F3300_mz316.2853_rt2.04",-0.144998813751048,19.5741262223339,-0.292302259337021,0.781805361479331,0.825238992672627,-6.88866906427611,3300,2.041,316.28531,"Unknown","[M+H]+",NA,0.214,TRUE,"null","null","null","null",999,FALSE,FALSE,FALSE,"null","null","null","null","null",56.31,6306.33333333333,292.38251770426,24,"Leaf vs Root","Root","Not selected"
"F3776_mz359.2297_rt1.04",-1.6730826490598,9.05577883683567,-0.290402592769202,0.783176519002598,0.826203165867732,-6.88931610846822,3776,1.042,359.22968,"Unknown","[M+H]+","ion correlated with 3652; ion correlated with 4454; ion correlated with 3155; ion correlated with 4150; ion correlated with 3913; ion correlated with 4138; ion correlated with 3451; ion correlated with 2698; ion correlated with 1750; ion correlated with 3613; ion correlated with 911; ion correlated with 1836; ion correlated with 2985; ion correlated with 3379; ion correlated with 3479; ion correlated with 3453; ion correlated with 3160; ion correlated with 2526; ion correlated with 3295; ion correlated with 3921; ion correlated with 3374; ion correlated with 4127; ion correlated with 2433; ion correlated with 3603",0.143,FALSE,"null","null","null","null",999,FALSE,FALSE,FALSE,"null","null","null","null","null",110.09,0,431481,16,"Leaf vs Root","Root","Not selected"
"F4747_mz552.4993_rt9.04",1.73194614632996,14.286782171701,0.279610942560638,0.790982604381835,0.833950701465661,-6.89291438250097,4747,9.035,552.49933,"Unknown","[M+H]+",NA,0.107,TRUE,"null","null","null","null",999,FALSE,FALSE,FALSE,"null","null","null","null","null",11968.51,0,643649,6,"Leaf vs Root","Leaf","Not selected"
"F4764_mz559.5179_rt9.15",0.59042855976156,17.4084779005302,0.278283896023046,0.79194446099748,0.834477380093667,-6.89334775092111,4764,9.15,559.51794,"Unknown","[M+H]+",NA,0.107,TRUE,"null","null","null","null",999,FALSE,FALSE,FALSE,"null","null","null","null","null",411.91,198568.666666667,10.4655612052193,24,"Leaf vs Root","Leaf","Not selected"
"F4878_mz610.6256_rt7.6",1.54457370519646,8.45751482740839,0.270961390727289,0.797259389156981,0.8395876297715,-6.89570307453383,4878,7.598,610.62555,"Unknown","[M+H]+",NA,0.036,TRUE,"null","null","null","null",999,FALSE,FALSE,FALSE,"null","null","null","null","null",18.26,20598.3333333333,15.8654649017768,22,"Leaf vs Root","Leaf","Not selected"
"F1718_mz199.1234_rt1.11",0.138879077603848,14.5900927912532,0.260063076469611,0.805192796527627,0.847447812088844,-6.89909559575552,1718,1.111,199.12337,"Unknown","[M+H]+",NA,0.286,TRUE,"null","null","null","null",999,FALSE,FALSE,FALSE,"null","null","null","null","null",30.28,20822.6666666667,26.3022362376143,24,"Leaf vs Root","Leaf","Not selected"
"F1173_mz162.0764_rt0.5",-0.0660509451866411,18.9396073995257,-0.259250074366268,0.805785701196384,0.847577616934425,-6.89934324577053,1173,0.495,162.07639,"Unknown","[M+H]+",NA,0.107,FALSE,"null","null","null","null",999,FALSE,FALSE,FALSE,"null","null","null","null","null",306.59,18314.3333333333,195.146161686019,24,"Leaf vs Root","Root","Not selected"
"F2503_mz257.2267_rt5.7",0.0694473467391416,20.4822111886631,0.252491420748449,0.810720329946798,0.852271517503769,-6.90137277929137,2503,5.702,257.22672,"Unknown","[M+H]+","ion correlated with 3116; ion correlated with 4855",0.107,TRUE,"null","null","null","null",999,FALSE,FALSE,FALSE,"null","null","null","null","null",138.97,0,3424434,6,"Leaf vs Root","Leaf","Not selected"
"F1234_mz166.0866_rt1.17",-0.0617392730619532,15.8926563762173,-0.249840105670253,0.812658849551568,0.85381212074539,-6.90215466749056,1234,1.173,166.08665,"Unknown","[M+H]+","ion correlated with 764; found in higher mz's MsMs_3360",0.071,TRUE,"null","null","null","null",999,FALSE,FALSE,FALSE,"null","null","null","null","null",179.95,19010,337.913786755037,24,"Leaf vs Root","Root","Not selected"
"F1713_mz199.0872_rt1.06",0.357291103366642,16.5340957278983,0.248847853119629,0.813384731315196,0.854077626540971,-6.90244521899493,1713,1.056,199.08716,"Unknown","[M+H]+",NA,0.214,TRUE,"null","null","null","null",999,FALSE,FALSE,FALSE,"null","null","null","null","null",30.01,106933,11.8842931153796,24,"Leaf vs Root","Leaf","Not selected"
"F777_mz133.061_rt0.53",-0.150921149794121,18.8350203055625,-0.248060145811618,0.813961129478515,0.854185952737628,-6.90267507258316,777,0.532,133.06096,"Unknown","[M+H]+",NA,0.036,FALSE,"null","null","null","null",999,FALSE,FALSE,FALSE,"null","null","null","null","null",186.12,1195,1713.29347826087,22,"Leaf vs Root","Root","Not selected"
"F2764_mz276.872_rt0.42",-0.101462782302835,16.678871162952,-0.246062201128191,0.815423706650101,0.855110565960424,-6.90325488582379,2764,0.416,276.87198,"Unknown","[M+H]+",NA,0.643,FALSE,"null","null","null","null",999,FALSE,FALSE,FALSE,"null","null","null","null","null",749.14,0,409401,24,"Leaf vs Root","Root","Not selected"
"F584_mz120.081_rt1.11",0.0890798664718288,15.2822500633584,0.245562431160354,0.815789692290221,0.855110565960424,-6.90339920611618,584,1.108,120.08097,"Unknown","[M+H]+","ion correlated with 183; ion correlated with 2806; found in higher mz's MsMs_1233; found in higher mz's MsMs_2775",0.179,TRUE,"null","null","null","null",999,FALSE,FALSE,FALSE,"null","null","null","null","null",398.2,22686.6666666667,179.522383673949,24,"Leaf vs Root","Leaf","Not selected"
"F99_mz78.5291_rt0.38",-0.0739742674992891,16.3932520185933,-0.240363803186305,0.819599830716847,0.858605742567562,-6.90488344180035,99,0.379,78.52912,"Unknown","[M+H]+","found in higher mz's MsMs_134",0.286,FALSE,"null","null","null","null",999,FALSE,FALSE,FALSE,"null","null","null","null","null",147.8,0,244085,24,"Leaf vs Root","Root","Not selected"
"F5035_mz707.2215_rt0.53",-1.60501489021225,10.8009915033223,-0.233875712850655,0.824362948951194,0.863094618826511,-6.90669228704941,5035,0.528,707.2215,"Unknown","[M+H]+","ion correlated with 2016; ion correlated with 1812; ion correlated with 1989; ion correlated with 2207; ion correlated with 1541; ion correlated with 4903; ion correlated with 991",0.071,FALSE,"null","null","null","null",999,FALSE,FALSE,FALSE,"null","null","null","null","null",466.59,0,1453199,14,"Leaf vs Root","Root","Not selected"
"F3810_mz362.8869_rt0.4",-1.50910006874752,10.3415956770983,-0.229659500096244,0.827462825283015,0.865837912832373,-6.90784179066908,3810,0.4,362.8869,"Unknown","[M+H]+","ion correlated with 770; ion correlated with 1776",0.214,FALSE,"null","null","null","null",999,FALSE,FALSE,FALSE,"null","null","null","null","null",280.27,0,534948,19,"Leaf vs Root","Root","Not selected"
"F538_mz117.9459_rt0.4",0.0600609324632524,18.3669922606189,0.228385653582938,0.828400096862822,0.866090167688375,-6.90818506446023,538,0.398,117.9459,"Unknown","[M+H]+","ion correlated with 203; ion correlated with 2461; ion correlated with 2186; ion correlated with 3029; ion correlated with 2384; ion correlated with 2405; ion correlated with 422; ion correlated with 3696; ion correlated with 2798; ion correlated with 2366; found in higher mz's MsMs_881",0.214,FALSE,"null","null","null","null",999,FALSE,FALSE,FALSE,"null","null","null","null","null",109.38,29084.6666666667,26.5051858303632,11,"Leaf vs Root","Leaf","Not selected"
"F1881_mz210.1128_rt1.57",-1.15564079463727,7.96768607018546,-0.228027664649167,0.828663556563891,0.866090167688375,-6.90828119814448,1881,1.573,210.11278,"Unknown","[M+H]+",NA,0.143,FALSE,"null","null","null","null",999,FALSE,FALSE,FALSE,"null","null","null","null","null",20.72,2534.33333333333,74.1456744675256,22,"Leaf vs Root","Root","Not selected"
"F1511_mz184.9602_rt0.38",-0.0596465060092526,16.2442934208275,-0.226130977380746,0.830059836965185,0.867047457015138,-6.90878806685606,1511,0.378,184.96016,"Unknown","[M+H]+",NA,0.036,FALSE,"null","null","null","null",999,FALSE,FALSE,FALSE,"null","null","null","null","null",8.59,4735,34.46875,23,"Leaf vs Root","Root","Not selected"
"F3164_mz304.3001_rt2.83",0.0675611082525363,16.8867456343739,0.224155489080392,0.831514884677095,0.867757174147862,-6.90931158478742,3164,2.827,304.30014,"Unknown","[M+H]+",NA,0.321,FALSE,"null","null","null","null",999,FALSE,FALSE,FALSE,"null","null","null","null","null",35.59,21493.6666666667,10.1302803796291,24,"Leaf vs Root","Leaf","Not selected"
"F328_mz101.9647_rt9.67",-0.192557762563356,15.7514406887373,-0.223903175344226,0.83170078187025,0.867757174147862,-6.90937812551135,328,9.673,101.96474,"Unknown","[M+H]+",NA,0.036,FALSE,"null","null","null","null",999,FALSE,FALSE,FALSE,"null","null","null","null","null",273.54,74663,5.39433997642773,24,"Leaf vs Root","Root","Not selected"
"F5111_mz756.5501_rt9.7",1.12351331813103,10.6305970533431,0.220163189575281,0.834457747644424,0.870130695839507,-6.91035582779519,5111,9.699,756.55005,"Unknown","[M+H]+","ion correlated with 5094",0.107,FALSE,"null","null","null","null",999,FALSE,FALSE,FALSE,"null","null","null","null","null",23.55,3941.33333333333,51.0555508582058,22,"Leaf vs Root","Leaf","Not selected"
"F4193_mz409.1875_rt1",-0.310885988576854,14.3963626530154,-0.218257714349499,0.835863427431584,0.871093237017326,-6.91084774476613,4193,1.005,409.1875,"Unknown","[M+H]+",NA,0.321,FALSE,"null","null","null","null",999,FALSE,FALSE,FALSE,"null","null","null","null","null",188.69,0,424987,18,"Leaf vs Root","Root","Not selected"
"F762_mz132.1021_rt0.9",0.0858155923076358,22.4558981154513,0.211517781602074,0.840841053708133,0.875775015547132,-6.91255404975542,762,0.897,132.10208,"Unknown","[M+H]+","similar chromatogram in higher mz_4718; similar chromatogram in higher mz_1762",0.929,TRUE,"null","null","null","null",999,FALSE,FALSE,FALSE,"null","null","null","null","null",18576.29,243925.666666667,3637.65591161278,24,"Leaf vs Root","Leaf","Not selected"
"F2225_mz235.1444_rt0.98",0.308249938945628,18.2596603878138,0.209916433119656,0.842024945126432,0.876159503017177,-6.91295172664142,2225,0.975,235.14444,"Unknown","[M+H]+",NA,0.071,TRUE,"null","null","null","null",999,FALSE,FALSE,FALSE,"null","null","null","null","null",119.42,199098.666666667,22.9156938149905,24,"Leaf vs Root","Leaf","Not selected"
"F842_mz138.128_rt0.88",0.0632680864084404,20.081227520925,0.209527241744986,0.84231274948848,0.876159503017177,-6.91304792950628,842,0.884,138.12798,"Unknown","[M+H]+","ion correlated with 252; ion correlated with 1324; ion correlated with 1929; ion correlated with 1904; found in higher mz's MsMs_1100; found in higher mz's MsMs_2233; found in higher mz's MsMs_4514; found in higher mz's MsMs_4069",0.214,TRUE,"null","null","null","null",999,FALSE,FALSE,FALSE,"null","null","null","null","null",220.41,22207,95.6653007925072,14,"Leaf vs Root","Leaf","Not selected"
"F4490_mz464.2496_rt1.2",0.131148003985078,17.7836625345959,0.209049025906393,0.842666425062504,0.876159503017177,-6.91316589785744,4490,1.196,464.24957,"Unknown","[M+H]+","ion correlated with 3929; similar chromatogram in higher mz_4807; similar chromatogram in higher mz_4544",0.143,FALSE,"null","null","null","null",999,FALSE,FALSE,FALSE,"null","null","null","null","null",3010.86,0,424301,8,"Leaf vs Root","Leaf","Not selected"
"F3151_mz303.2322_rt5.7",0.0598819204061463,22.8272663364362,0.204115240715639,0.846317759607567,0.879123715280808,-6.91436751830827,3151,5.705,303.23218,"Unknown","[M+H]+",NA,0.071,TRUE,"null","null","null","null",999,FALSE,FALSE,FALSE,"null","null","null","null","null",730.95,0,18118643,7,"Leaf vs Root","Leaf","Not selected"
"F3786_mz360.2135_rt1.03",-1.14567632338928,8.85588399445235,-0.203880731276524,0.846491422248224,0.879123715280808,-6.91442393054967,3786,1.035,360.21347,"Unknown","[M+H]+","ion correlated with 3477; ion correlated with 3132; ion correlated with 2444; ion correlated with 3393; ion correlated with 2891; ion correlated with 2926; ion correlated with 1544; ion correlated with 61; ion correlated with 3432; ion correlated with 3627; ion correlated with 1392; ion correlated with 3587; ion correlated with 3129; ion correlated with 3160; ion correlated with 2908; ion correlated with 2633; ion correlated with 3335; ion correlated with 1378; ion correlated with 3569",0.214,FALSE,"null","null","null","null",999,FALSE,FALSE,FALSE,"null","null","null","null","null",140.48,1241,946.669887278583,20,"Leaf vs Root","Root","Not selected"
"F881_mz140.9619_rt0.4",-0.0554368803730932,22.3133230423432,-0.201862370991795,0.847986497814144,0.880169999168792,-6.91490681896142,881,0.396,140.96194,"Unknown","[M+H]+",NA,0.429,TRUE,"null","null","null","null",999,FALSE,FALSE,FALSE,"null","null","null","null","null",229.33,230588,50.7944437939364,23,"Leaf vs Root","Root","Not selected"
"F2682_mz272.088_rt0.48",-0.119225021590091,16.4481774114259,-0.196744173983607,0.851780975450241,0.883600379705566,-6.91611014354761,2682,0.483,272.08804,"Unknown","[M+H]+",NA,0.036,FALSE,"null","null","null","null",999,FALSE,FALSE,FALSE,"null","null","null","null","null",48.23,0,207997,8,"Leaf vs Root","Root","Not selected"
"F1284_mz169.0763_rt1.06",-0.0625835906510312,16.5386468626087,-0.192620699209945,0.85484131294468,0.88579401383061,-6.91705747110362,1284,1.063,169.07634,"Unknown","[M+H]+","similar chromatogram in higher mz_1713; similar chromatogram in higher mz_1981; similar chromatogram in higher mz_1436; found in higher mz's MsMs_3100; similar chromatogram in higher mz_2324; similar chromatogram in higher mz_4372",0.429,TRUE,"null","null","null","null",999,FALSE,FALSE,FALSE,"null","null","null","null","null",425.89,43226.6666666667,166.7609786942,24,"Leaf vs Root","Root","Not selected"
"F4706_mz534.4885_rt9.04",1.11584525789689,12.988144387262,0.192572498325353,0.854877103652589,0.88579401383061,-6.91706842792012,4706,9.035,534.48853,"Unknown","[M+H]+","ion correlated with 4747; similar chromatogram in higher mz_4747; similar chromatogram in higher mz_4794",0.107,TRUE,"null","null","null","null",999,FALSE,FALSE,FALSE,"null","null","null","null","null",1512.43,0,250547,6,"Leaf vs Root","Leaf","Not selected"
"F1641_mz194.0816_rt1.1",-0.970953118597555,8.19252171242915,-0.186871352459769,0.859113154018313,0.889672543317874,-6.91834532374328,1641,1.1,194.0816,"Unknown","[M+H]+","ion correlated with 2697; ion correlated with 2324",0.393,FALSE,"null","null","null","null",999,FALSE,FALSE,FALSE,"null","null","null","null","null",80.93,5117,165.603360687769,19,"Leaf vs Root","Root","Not selected"
"F4765_mz559.5183_rt9.1",-0.349205488498577,17.5805879598069,-0.185959986774048,0.859790817525715,0.889852800309032,-6.91854593712666,4765,9.095,559.51831,"Unknown","[M+H]+",NA,0.143,TRUE,"null","null","null","null",999,FALSE,FALSE,FALSE,"null","null","null","null","null",194.03,243658.666666667,8.52887565853465,24,"Leaf vs Root","Root","Not selected"
"F3328_mz317.9112_rt0.4",0.0817540197860393,16.1021208222313,0.185311351991888,0.860273205838925,0.889852800309032,-6.91868812801608,3328,0.397,317.91116,"Unknown","[M+H]+","ion correlated with 307; ion correlated with 96; ion correlated with 3084; ion correlated with 254; ion correlated with 801; ion correlated with 2628",0.107,FALSE,"null","null","null","null",999,FALSE,FALSE,FALSE,"null","null","null","null","null",1725.65,0,152700,11,"Leaf vs Root","Leaf","Not selected"
"F2835_mz282.1202_rt0.9",-1.14454767008867,9.83316048164735,-0.182545021866816,0.862331292883298,0.891470781016239,-6.919289048815,2835,0.903,282.12021,"Unknown","[M+H]+","ion correlated with 1053; ion correlated with 2204; ion correlated with 2802",0.357,FALSE,"null","null","null","null",999,FALSE,FALSE,FALSE,"null","null","null","null","null",176.46,4169.66666666667,392.752797314578,22,"Leaf vs Root","Root","Not selected"
"F931_mz144.4894_rt0.5",-1.31353521157285,11.4396976324929,-0.181093148296606,0.863411951060145,0.892077030145141,-6.91960086636561,931,0.501,144.48935,"Unknown","[M+H]+",NA,0.107,FALSE,"null","null","null","null",999,FALSE,FALSE,FALSE,"null","null","null","null","null",1984.65,1581.66666666667,110.642375737152,5,"Leaf vs Root","Root","Not selected"
"F4667_mz518.8094_rt0.41",0.0408186678136688,17.166669318688,0.179439758846817,0.864643013981673,0.89283789487238,-6.91995297068553,4667,0.409,518.80945,"Unknown","[M+H]+",NA,0.179,FALSE,"null","null","null","null",999,FALSE,FALSE,FALSE,"null","null","null","null","null",3903.74,0,302390,24,"Leaf vs Root","Leaf","Not selected"
"F3782_mz360.1504_rt0.48",0.0571446588360792,23.7927059361963,0.178209302449764,0.865559456894845,0.89327319593779,-6.92021293860671,3782,0.477,360.15045,"Unknown","[M+H]+",NA,0.643,TRUE,"null","null","null","null",999,FALSE,FALSE,FALSE,"null","null","null","null","null",11282.18,2555,14687.5888106416,21,"Leaf vs Root","Leaf","Not selected"
"F3407_mz325.1133_rt0.48",0.0553146070911023,21.0162153636138,0.175309621906352,0.867720081747286,0.894991284316486,-6.92081859057781,3407,0.479,325.11334,"Unknown","[M+H]+",NA,0.643,TRUE,"null","null","null","null",999,FALSE,FALSE,FALSE,"null","null","null","null","null",9881.94,0,7731327,18,"Leaf vs Root","Leaf","Not selected"
"F4843_mz595.1454_rt0.96",0.0573986185357911,18.7735776301264,0.165151596817822,0.875299282429196,0.902293092395602,-6.92286283470999,4843,0.962,595.14539,"Unknown","[M+H]+","ion correlated with 1429; ion correlated with 1393; ion correlated with 3171; ion correlated with 1458",0.214,TRUE,"null","null","null","null",999,FALSE,FALSE,FALSE,"null","null","null","null","null",9360.4,0,1226128,7,"Leaf vs Root","Leaf","Not selected"
"F2084_mz224.1284_rt1.6",-0.772096400312881,7.52463567850879,-0.16178648066394,0.877813488342103,0.904270668994363,-6.92351344397075,2084,1.602,224.12839,"Unknown","[M+H]+","ion correlated with 2020",0.071,FALSE,"null","null","null","null",999,FALSE,FALSE,FALSE,"null","null","null","null","null",24.33,2370.66666666667,66.9921293042867,22,"Leaf vs Root","Root","Not selected"
"F4671_mz520.3406_rt3.18",0.0703106866324411,17.4484112337614,0.161134802170964,0.878300572019511,0.904270668994363,-6.92363790744615,4671,3.182,520.34064,"Unknown","[M+H]+",NA,0.214,TRUE,"null","null","null","null",999,FALSE,FALSE,FALSE,"null","null","null","null","null",98.12,0,517973,16,"Leaf vs Root","Leaf","Not selected"
"F2159_mz229.8934_rt0.39",-0.0455616548873795,17.1460013830082,-0.160572852192552,0.878720639011697,0.904270668994363,-6.92374483459633,2159,0.391,229.89339,"Unknown","[M+H]+","ion correlated with 2186; ion correlated with 3029; ion correlated with 254; ion correlated with 801; ion correlated with 538; ion correlated with 2384; ion correlated with 2405; ion correlated with 3696",0.107,FALSE,"null","null","null","null",999,FALSE,FALSE,FALSE,"null","null","null","null","null",3375.77,0,311559,12,"Leaf vs Root","Root","Not selected"
"F5112_mz756.5552_rt9.07",0.290101363179909,14.7103191434264,0.158289948540874,0.880427611428369,0.905511019161371,-6.9241754207281,5112,9.072,756.55524,"Unknown","[M+H]+",NA,0.071,TRUE,"null","null","null","null",999,FALSE,FALSE,FALSE,"null","null","null","null","null",37.33,15654.3333333333,15.5630668994592,24,"Leaf vs Root","Leaf","Not selected"
"F186_mz86.5058_rt0.39",-0.0466120698070604,18.0335852725252,-0.156203956032147,0.881987993907952,0.906599276198094,-6.92456352996829,186,0.391,86.50579,"Unknown","[M+H]+","ion correlated with 2661",0.393,FALSE,"null","null","null","null",999,FALSE,FALSE,FALSE,"null","null","null","null","null",732.03,0,485757,13,"Leaf vs Root","Root","Not selected"
"F370_mz104.6252_rt0.44",-0.979633560457094,9.9463207782314,-0.154865549254172,0.882989481079574,0.907112130534224,-6.92480986228049,370,0.443,104.6252,"Unknown","[M+H]+",NA,0.179,FALSE,"null","null","null","null",999,FALSE,FALSE,FALSE,"null","null","null","null","null",122.18,0,232090,17,"Leaf vs Root","Root","Not selected"
"F912_mz143.0817_rt0.48",0.0756458735704264,16.5119089959587,0.153376089784967,0.884104287608781,0.907740750360551,-6.92508152749497,912,0.483,143.08171,"Unknown","[M+H]+","ion correlated with 746",0.321,FALSE,"null","null","null","null",999,FALSE,FALSE,FALSE,"null","null","null","null","null",59.16,4980.66666666667,110.779391100703,24,"Leaf vs Root","Leaf","Not selected"
"F2057_mz222.9884_rt0.44",0.0735422440715098,19.4873163472077,0.1525445932213,0.884726765226241,0.907863451525506,-6.9252320545231,2057,0.438,222.98842,"Unknown","[M+H]+","ion correlated with 2461",0.214,FALSE,"null","null","null","null",999,FALSE,FALSE,FALSE,"null","null","null","null","null",149.3,0,2264753,15,"Leaf vs Root","Leaf","Not selected"
"F2798_mz279.047_rt0.45",-0.0461072376417434,18.2684663574199,-0.151000554160385,0.885882918522145,0.908235753057028,-6.92550942378919,2798,0.454,279.047,"Unknown","[M+H]+","ion correlated with 3029; ion correlated with 538; ion correlated with 2384; ion correlated with 2405; ion correlated with 422; ion correlated with 2366; ion correlated with 1362; ion correlated with 1072",0.143,FALSE,"null","null","null","null",999,FALSE,FALSE,FALSE,"null","null","null","null","null",28.46,0,585378,14,"Leaf vs Root","Root","Not selected"
"F2514_mz258.2796_rt2.86",-0.0912754041423075,23.2526975927386,-0.150716119514247,0.886095934145943,0.908235753057028,-6.92556021432327,2514,2.859,258.2796,"Unknown","[M+H]+",NA,0.643,TRUE,"null","null","null","null",999,FALSE,FALSE,FALSE,"null","null","null","null","null",1642.29,58234.6666666667,421.680602379985,24,"Leaf vs Root","Root","Not selected"
"F242_mz94.0453_rt7.9",-0.120565021963739,12.1703433012458,-0.147799256240914,0.888281024955955,0.90944488443564,-6.92607559190579,242,7.905,94.04533,"Unknown","[M+H]+","ion correlated with 335; ion correlated with 1254; similar chromatogram in higher mz_442; similar chromatogram in higher mz_335; similar chromatogram in higher mz_368; similar chromatogram in higher mz_423; similar chromatogram in higher mz_753; similar chromatogram in higher mz_1254; similar chromatogram in higher mz_1515; similar chromatogram in higher mz_1987; similar chromatogram in higher mz_2557",0.036,FALSE,"null","null","null","null",999,FALSE,FALSE,FALSE,"null","null","null","null","null",2.99,6822,35.2878499193903,24,"Leaf vs Root","Root","Not selected"
"F3692_mz351.2149_rt1.37",0.0632083687151775,14.941328848323,0.147796238749127,0.888283286016639,0.90944488443564,-6.9260761198946,3692,1.369,351.2149,"Unknown","[M+H]+",NA,0.143,FALSE,"null","null","null","null",999,FALSE,FALSE,FALSE,"null","null","null","null","null",48.29,4052.33333333333,49.0655427631579,23,"Leaf vs Root","Leaf","Not selected"
"F2410_mz250.1192_rt1.06",-0.816547283698752,8.88651579367605,-0.144232162158084,0.890954747181123,0.911662879060049,-6.92669228688991,2410,1.065,250.11919,"Unknown","[M+H]+","similar chromatogram in higher mz_2806",0.321,FALSE,"null","null","null","null",999,FALSE,FALSE,FALSE,"null","null","null","null","null",54.36,21308,39.5603735510817,22,"Leaf vs Root","Root","Not selected"
"F592_mz121.0497_rt0.73",-0.918667683115469,10.1864498615219,-0.14208117270974,0.892567822831595,0.912795988788118,-6.92705693883708,592,0.726,121.04969,"Unknown","[M+H]+","ion correlated with 348; ion correlated with 905; ion correlated with 839; similar chromatogram in higher mz_839; similar chromatogram in higher mz_1537",0.143,TRUE,"null","null","null","null",999,FALSE,FALSE,FALSE,"null","null","null","null","null",374.75,10630.6666666667,334.040100329205,14,"Leaf vs Root","Root","Not selected"
"F4368_mz441.1006_rt0.46",-0.893116210102352,10.2916417171024,-0.136504707319409,0.896752463664039,0.916556170392746,-6.92797698915714,4368,0.461,441.10062,"Unknown","[M+H]+",NA,0.286,FALSE,"null","null","null","null",999,FALSE,FALSE,FALSE,"null","null","null","null","null",3875.33,0,273733,16,"Leaf vs Root","Root","Not selected"
"F4081_mz393.2134_rt1.07",-0.743178830199427,8.95747746703751,-0.130669653995679,0.901135228871,0.920398149186095,-6.92890055764146,4081,1.067,393.21335,"Unknown","[M+H]+","ion correlated with 4382; ion correlated with 4219; ion correlated with 2228; ion correlated with 4508; ion correlated with 3897; ion correlated with 4293; ion correlated with 3969; ion correlated with 3629; ion correlated with 4585; ion correlated with 3431; ion correlated with 4361; ion correlated with 4335; ion correlated with 4531; ion correlated with 3958; ion correlated with 3759; ion correlated with 3584",0.179,FALSE,"null","null","null","null",999,FALSE,FALSE,FALSE,"null","null","null","null","null",1195.25,0,187133,17,"Leaf vs Root","Root","Not selected"
"F315_mz100.5431_rt0.4",-0.798822430298887,9.66467092237443,-0.130142655655688,0.90153126191746,0.920398149186095,-6.92898199824462,315,0.401,100.54313,"Unknown","[M+H]+",NA,0.036,FALSE,"null","null","null","null",999,FALSE,FALSE,FALSE,"null","null","null","null","null",46.67,665,233.376876876877,20,"Leaf vs Root","Root","Not selected"
"F632_mz124.0395_rt0.55",-0.868243775817712,10.7135429082898,-0.127808223006614,0.903285949520777,0.921668252620126,-6.92933882248101,632,0.549,124.03947,"Unknown","[M+H]+","ion correlated with 4903; ion correlated with 991",0.25,FALSE,"null","null","null","null",999,FALSE,FALSE,FALSE,"null","null","null","null","null",51.35,156541.333333333,11.836446797139,22,"Leaf vs Root","Root","Not selected"
"F470_mz112.9669_rt0.4",0.0328223591648723,20.5643755997455,0.125534061939421,0.904995936122416,0.922891335989244,-6.92968026406131,470,0.397,112.96694,"Unknown","[M+H]+","ion correlated with 275; ion correlated with 1473; ion correlated with 2692; ion correlated with 1657",0.321,FALSE,"null","null","null","null",999,FALSE,FALSE,FALSE,"null","null","null","null","null",102.04,19572.3333333333,160.999403950954,17,"Leaf vs Root","Leaf","Not selected"
"F3945_mz376.7524_rt9.69",0.0524590395954812,16.2643217296519,0.121790562748623,0.907812014421694,0.925240364783263,-6.93022904407757,3945,9.689,376.75241,"Unknown","[M+H]+",NA,0.071,FALSE,"null","null","null","null",999,FALSE,FALSE,FALSE,"null","null","null","null","null",1524.17,0,158955,6,"Leaf vs Root","Leaf","Not selected"
"F884_mz141.0547_rt0.46",-0.0348625936311232,17.6311155891006,-0.119994990357153,0.909163296808546,0.925688045104776,-6.93048640697173,884,0.461,141.0547,"Unknown","[M+H]+",NA,0.107,FALSE,"null","null","null","null",999,FALSE,FALSE,FALSE,"null","null","null","null","null",20.4,62531.6666666667,6.66382903868911,17,"Leaf vs Root","Root","Not selected"
"F2358_mz246.1341_rt1.21",-0.634908019550953,8.39449338937843,-0.119282638857904,0.909699483432044,0.925688045104776,-6.93058745679279,2358,1.209,246.13409,"Unknown","[M+H]+","ion correlated with 2707; ion correlated with 2946",0.107,TRUE,"null","null","null","null",999,FALSE,FALSE,FALSE,"null","null","null","null","null",1111.5,2297,2820.44255874674,22,"Leaf vs Root","Root","Not selected"
"F1901_mz212.1131_rt0.48",0.0373203088310634,21.9487409441986,0.119162653573711,0.909789801670844,0.925688045104776,-6.93060441830438,1901,0.477,212.11314,"Unknown","[M+H]+","ion correlated with 1657; ion correlated with 1621; ion correlated with 1879; ion correlated with 1942",0.321,TRUE,"null","null","null","null",999,FALSE,FALSE,FALSE,"null","null","null","null","null",705.28,375.666666666667,21240.1619469027,17,"Leaf vs Root","Leaf","Not selected"
"F4339_mz434.2796_rt5.5",0.0856444929992498,15.9496644965203,0.117778802202547,0.910831599218393,0.926225936106591,-6.93079881725281,4339,5.504,434.2796,"Unknown","[M+H]+",NA,0.036,FALSE,"null","null","null","null",999,FALSE,FALSE,FALSE,"null","null","null","null","null",12.02,2288.66666666667,77.1505313728345,17,"Leaf vs Root","Leaf","Not selected"
"F4964_mz660.3094_rt9",0.546251470741876,10.4851162123595,0.116703548996458,0.911641216865279,0.926527250248778,-6.93094830640863,4964,8.999,660.30945,"Unknown","[M+H]+",NA,0.036,FALSE,"null","null","null","null",999,FALSE,FALSE,FALSE,"null","null","null","null","null",3266.38,2749,62.5705454545455,16,"Leaf vs Root","Leaf","Not selected"
"F2537_mz260.0745_rt0.44",-0.730807656950537,9.992333925844,-0.115346555615453,0.912663145725238,0.927043881842462,-6.93113501877628,2537,0.441,260.07449,"Unknown","[M+H]+","ion correlated with 1760; ion correlated with 2759; ion correlated with 3180; ion correlated with 3306; ion correlated with 1535; ion correlated with 2924; ion correlated with 2980",0.071,FALSE,"null","null","null","null",999,FALSE,FALSE,FALSE,"null","null","null","null","null",304.83,0,774565,16,"Leaf vs Root","Root","Not selected"
"F2092_mz225.139_rt1.18",-0.0406565716765892,15.0322417893731,-0.110970880276214,0.915959686185441,0.9298690852445,-6.93172228334271,2092,1.179,225.13902,"Unknown","[M+H]+",NA,0.25,FALSE,"null","null","null","null",999,FALSE,FALSE,FALSE,"null","null","null","null","null",58.35,21026,23.228801065297,24,"Leaf vs Root","Root","Not selected"
"F5018_mz694.4968_rt8.98",0.218757913742115,16.0336034948647,0.107808250604271,0.918343541646403,0.931554821933901,-6.93213267501038,5018,8.982,694.49677,"Unknown","[M+H]+",NA,0.214,TRUE,"null","null","null","null",999,FALSE,FALSE,FALSE,"null","null","null","null","null",102.94,122981.666666667,5.97212615327905,24,"Leaf vs Root","Leaf","Not selected"
"F33_mz66.0192_rt0.38",-0.0396077954597163,16.6523764042042,-0.107398586788494,0.918652400577475,0.931554821933901,-6.93218497024425,33,0.381,66.01916,"Unknown","[M+H]+","similar chromatogram in higher mz_99",0.179,FALSE,"null","null","null","null",999,FALSE,FALSE,FALSE,"null","null","null","null","null",102.96,628,433.961844197138,24,"Leaf vs Root","Root","Not selected"
"F4980_mz672.4172_rt3.78",0.0572689445078441,14.0910811937954,0.106707639898209,0.919173364840323,0.931559754933623,-6.93227272339839,4980,3.782,672.41724,"Unknown","[M+H]+",NA,0.071,FALSE,"null","null","null","null",999,FALSE,FALSE,FALSE,"null","null","null","null","null",44.25,0,131456,17,"Leaf vs Root","Leaf","Not selected"
"F5085_mz739.6208_rt0.49",-0.700383643096059,10.9834590192359,-0.100541289501971,0.923824709255456,0.935748372730695,-6.93303090227121,5085,0.494,739.62079,"Unknown","[M+H]+",NA,0.036,FALSE,"null","null","null","null",999,FALSE,FALSE,FALSE,"null","null","null","null","null",23.63,8903,21.0558176100629,17,"Leaf vs Root","Root","Not selected"
"F645_mz124.5001_rt0.4",-0.60139853611016,9.79283459452815,-0.0969649919605168,0.92652394538276,0.93795609726073,-6.93345003599217,645,0.398,124.50014,"Unknown","[M+H]+","ion correlated with 20",0.071,FALSE,"null","null","null","null",999,FALSE,FALSE,FALSE,"null","null","null","null","null",37.03,0,151996,18,"Leaf vs Root","Root","Not selected"
"F2891_mz286.1764_rt0.99",-0.541114290791886,9.02636300224869,-0.0946428050088642,0.928277235671362,0.939204265911888,-6.93371409367653,2891,0.992,286.17642,"Unknown","[M+H]+","ion correlated with 2802; ion correlated with 2829; ion correlated with 3778; ion correlated with 1446; ion correlated with 3785; ion correlated with 916; ion correlated with 3477; ion correlated with 3132; ion correlated with 2444; ion correlated with 3393; ion correlated with 2926; ion correlated with 1544; ion correlated with 3091; ion correlated with 3432; ion correlated with 3627; ion correlated with 1392; ion correlated with 3786; ion correlated with 3587",0.393,FALSE,"null","null","null","null",999,FALSE,FALSE,FALSE,"null","null","null","null","null",215.99,1376.33333333333,956.345837366893,18,"Leaf vs Root","Root","Not selected"
"F5016_mz694.4965_rt9.04",0.164203004331577,16.4565258050798,0.0910701294238824,0.930975563611054,0.941406662362999,-6.9341078909665,5016,9.036,694.49652,"Unknown","[M+H]+",NA,0.071,TRUE,"null","null","null","null",999,FALSE,FALSE,FALSE,"null","null","null","null","null",169.63,96310,7.62600326027141,24,"Leaf vs Root","Leaf","Not selected"
"F4729_mz544.203_rt1",-0.0317815061458842,16.4477082080508,-0.0898753209318761,0.931878201147497,0.941791799032045,-6.93423621898242,4729,1,544.203,"Unknown","[M+H]+",NA,0.071,FALSE,"null","null","null","null",999,FALSE,FALSE,FALSE,"null","null","null","null","null",3679.74,0,222823,6,"Leaf vs Root","Root","Not selected"
"F2735_mz274.8739_rt0.42",0.0474461551014386,18.8526207702792,0.0864840874684641,0.934440791299707,0.943853177557902,-6.93459125097956,2735,0.417,274.87387,"Unknown","[M+H]+",NA,0.857,TRUE,"null","null","null","null",999,FALSE,FALSE,FALSE,"null","null","null","null","null",5650.38,0,2075143,24,"Leaf vs Root","Leaf","Not selected"
"F1324_mz172.1334_rt0.86",-0.0214207549647005,20.5623747687298,-0.0846263940302037,0.935844943978565,0.944742798591336,-6.93477996403703,1324,0.857,172.13336,"Unknown","[M+H]+","ion correlated with 252; ion correlated with 842",0.214,TRUE,"null","null","null","null",999,FALSE,FALSE,FALSE,"null","null","null","null","null",184.87,3550,760.656998028724,16,"Leaf vs Root","Root","Not selected"
"F2217_mz234.1341_rt1.02",0.0489805378294047,14.6935480725859,0.0706768531331056,0.946396871881156,0.954861013832022,-6.93606643674107,2217,1.02,234.13405,"Unknown","[M+H]+","ion correlated with 4033; ion correlated with 1504; ion correlated with 4175; ion correlated with 4289",0.036,FALSE,"null","null","null","null",999,FALSE,FALSE,FALSE,"null","null","null","null","null",76.06,20548,14.7552192320794,24,"Leaf vs Root","Leaf","Not selected"
"F3801_mz362.0971_rt0.48",-0.0355368243162508,17.9926104748947,-0.0678419414406244,0.94854290493323,0.956491588494123,-6.93629968611714,3801,0.482,362.09714,"Unknown","[M+H]+",NA,0.393,FALSE,"null","null","null","null",999,FALSE,FALSE,FALSE,"null","null","null","null","null",759.59,0,446869,18,"Leaf vs Root","Root","Not selected"
"F1266_mz168.0493_rt0.46",-0.386105459885302,9.23490821115096,-0.0650916303522566,0.950625368394117,0.958056275796416,-6.93651686719186,1266,0.459,168.04932,"Unknown","[M+H]+","ion correlated with 2058; ion correlated with 1296; ion correlated with 2655; ion correlated with 4246; ion correlated with 4538; ion correlated with 1812; ion correlated with 1989; ion correlated with 1541; ion correlated with 4903; similar chromatogram in higher mz_1698",0.357,FALSE,"null","null","null","null",999,FALSE,FALSE,FALSE,"null","null","null","null","null",148.55,0,1606989,15,"Leaf vs Root","Root","Not selected"
"F3609_mz345.1677_rt0.42",-0.025837315306952,15.7007527438006,-0.061885741551266,0.953053346369752,0.959967237833372,-6.9367586993981,3609,0.416,345.16772,"Unknown","[M+H]+",NA,0.036,FALSE,"null","null","null","null",999,FALSE,FALSE,FALSE,"null","null","null","null","null",49.63,0,100357,21,"Leaf vs Root","Root","Not selected"
"F69_mz73.532_rt0.38",0.021215793559914,22.676187859841,0.0602335599976654,0.954304852561408,0.96069172274029,-6.93687856873865,69,0.383,73.53196,"Unknown","[M+2H]2+","similar chromatogram in higher mz_186; similar chromatogram in higher mz_540",0.857,TRUE,"null","null","null","null",999,FALSE,FALSE,FALSE,"null","null","null","null","null",778.78,6402.33333333333,2560.68037480479,24,"Leaf vs Root","Leaf","Not selected"
"F5160_mz796.5945_rt9.58",-0.0792370892329146,14.9684079019295,-0.0580189553356726,0.955982620574195,0.961226496587844,-6.93703416277806,5160,9.582,796.59448,"Unknown","[M+H]+",NA,0.036,TRUE,"null","null","null","null",999,FALSE,FALSE,FALSE,"null","null","null","null","null",58.28,2476.66666666667,47.9769944840576,17,"Leaf vs Root","Root","Not selected"
"F1667_mz195.1382_rt2.38",0.0750462345123334,14.5529520720841,0.0579186989206873,0.956058580279854,0.961226496587844,-6.93704106891249,1667,2.375,195.13821,"Unknown","[M+H]+",NA,0.036,FALSE,"null","null","null","null",999,FALSE,FALSE,FALSE,"null","null","null","null","null",7.9,4815,42.4393687707641,24,"Leaf vs Root","Leaf","Not selected"
"F4963_mz660.3085_rt9.06",0.284598253168306,10.6568769881709,0.0574236321540182,0.956433677491284,0.961226496587844,-6.93707499656865,4963,9.061,660.30847,"Unknown","[M+H]+",NA,0.071,TRUE,"null","null","null","null",999,FALSE,FALSE,FALSE,"null","null","null","null","null",67.96,588.666666666667,322.468626342566,16,"Leaf vs Root","Leaf","Not selected"
"F528_mz117.0226_rt0.4",-0.301432574206856,9.92803609684469,-0.0478943436816774,0.963656095298015,0.967946161387266,-6.93767135977225,528,0.396,117.02264,"Unknown","[M+H]+","ion correlated with 4537; ion correlated with 1353; ion correlated with 512; ion correlated with 494; ion correlated with 588",0.107,FALSE,"null","null","null","null",999,FALSE,FALSE,FALSE,"null","null","null","null","null",36.1,652.333333333333,446.09387755102,22,"Leaf vs Root","Root","Not selected"
"F3008_mz294.0867_rt0.47",-0.0222515377651539,15.2282813494458,-0.0432290512473049,0.967193494567237,0.97095898648157,-6.93792400974976,3008,0.473,294.08673,"Unknown","[M+H]+","ion correlated with 4602; ion correlated with 4879",0.036,FALSE,"null","null","null","null",999,FALSE,FALSE,FALSE,"null","null","null","null","null",2107.99,0,105400,6,"Leaf vs Root","Root","Not selected"
"F2366_mz247.0216_rt0.45",0.0115378613727673,18.3479394852799,0.0334109029561978,0.974640667386064,0.977891275504083,-6.93837125626042,2366,0.454,247.02161,"Unknown","[M+H]+","ion correlated with 3029; ion correlated with 538; ion correlated with 2384; ion correlated with 2405; ion correlated with 2798; ion correlated with 1072; ion correlated with 1323; ion correlated with 2354",0.214,FALSE,"null","null","null","null",999,FALSE,FALSE,FALSE,"null","null","null","null","null",60.24,850,702.944770857814,8,"Leaf vs Root","Leaf","Not selected"
"F3093_mz300.2902_rt3.27",0.0177216689464309,15.2929200500535,0.0311043488163986,0.976390671015721,0.979102867324098,-6.93845971234459,3093,3.27,300.29016,"Unknown","[M+H]+","ion correlated with 4611; ion correlated with 4711; similar chromatogram in higher mz_3279",0.036,FALSE,"null","null","null","null",999,FALSE,FALSE,FALSE,"null","null","null","null","null",9.08,1235.66666666667,128.938544474394,7,"Leaf vs Root","Leaf","Not selected"
"F1457_mz181.0613_rt0.46",0.0167450362624169,14.3522049619242,0.0293974825655692,0.977685783601797,0.979857212327176,-6.93852109995494,1457,0.462,181.06133,"Unknown","[M+H]+",NA,0.107,FALSE,"null","null","null","null",999,FALSE,FALSE,FALSE,"null","null","null","null","null",23.91,1901.33333333333,81.7937620466094,19,"Leaf vs Root","Leaf","Not selected"
"F3024_mz295.1634_rt1.17",-0.00336853329769901,18.0037415852809,-0.0133106398037613,0.989895144556637,0.991543138692969,-6.93892954033661,3024,1.173,295.16339,"Unknown","[M+H]+",NA,0.036,TRUE,"null","null","null","null",999,FALSE,FALSE,FALSE,"null","null","null","null","null",339.48,81992.3333333333,21.4945889909749,24,"Leaf vs Root","Root","Not selected"
"F2190_mz232.1184_rt1.12",-0.0318876527637585,8.61327770177549,-0.00583549013990944,0.995569824347724,0.996674172461255,-6.93901463154367,2190,1.122,232.11841,"Unknown","[M+H]+","ion correlated with 1378; ion correlated with 3569; ion correlated with 2499",0.286,TRUE,"null","null","null","null",999,FALSE,FALSE,FALSE,"null","null","null","null","null",183.08,659.666666666667,1979.00252270434,22,"Leaf vs Root","Root","Not selected"
"F1609_mz192.1023_rt1.21",-0.00157283343189823,13.591643941939,-0.0031942929913182,0.99757495151119,0.998127930974334,-6.93902881131586,1609,1.213,192.10234,"Unknown","[M+H]+","ion correlated with 1387; ion correlated with 1430",0.071,FALSE,"null","null","null","null",999,FALSE,FALSE,FALSE,"null","null","null","null","null",55.11,1198.66666666667,241.48041122534,24,"Leaf vs Root","Root","Not selected"
"F1387_mz176.0711_rt1.19",0.00829432223768236,8.51502543750511,0.00153843346350831,0.998832047778912,0.998832047778912,-6.939033470688,1387,1.186,176.07115,"Unknown","[M+H]+","ion correlated with 1928; ion correlated with 1609",0.071,FALSE,"null","null","null","null",999,FALSE,FALSE,FALSE,"null","null","null","null","null",49.76,1603,199.88216957606,20,"Leaf vs Root","Leaf","Not selected"
