"feature_name","old_control_logFC","old_control_p","old_control_FDR","new_control_logFC","new_control_p","new_control_FDR","old_new_logFC","old_new_p","old_new_FDR","Alignment ID","Average Rt(min)","Average Mz","Metabolite name","Adduct type","Post curation result","Fill %","MS/MS assigned","Formula","Ontology","INCHIKEY","SMILES","Annotation tag (VS1.0)","RT matched","m/z matched","MS/MS matched","Total score","RT similarity","Dot product","Reverse dot product","Fragment presence %","S/N average","blank_mean","sample_to_blank_ratio","number_detected","RT_flag","MSMS_flag","annotation_flag","old_significant","new_significant","age_significant","same_direction","fungal_age_category"
"F4086_mz393.2866_rt2.14",0.526497249440067,0.249240811920826,0.357250412033073,-10.4812968046473,1.4078771322092e-06,0.00227885741898143,11.1738727735073,5.26954076671234e-06,0.00360612239802014,4086,2.14,393.28659,"Unknown","[M+H]+",NA,0.286,TRUE,"null","null","null","null",999,FALSE,FALSE,FALSE,"null","null","null","null","null",15392.28,4792.66666666667,9686.1029831027,22,"RT >= 1 min","MS/MS available","Unknown",FALSE,TRUE,TRUE,FALSE,"Age-sensitive fungal effect"
"F4756_mz555.4051_rt3.42",NA,NA,NA,NA,NA,NA,6.03734866649064,3.34790621290578e-06,0.00360612239802014,4756,3.42,555.40509,"Unknown","[M+H]+","ion correlated with 4277",0.107,TRUE,"null","null","null","null",999,FALSE,FALSE,FALSE,"null","null","null","null","null",9.07,0,447754,6,"RT >= 1 min","MS/MS available","Unknown",FALSE,FALSE,TRUE,FALSE,"Age-sensitive fungal effect"
"F2053_mz222.1129_rt1.18",5.15246220246517,1.42346822578179e-05,0.0196682984185489,0.772799460155076,0.0496383236681173,0.107415628910035,4.54577111108488,5.25594331003062e-06,0.00360612239802014,2053,1.179,222.11288,"Unknown","[M+H]+",NA,0.107,TRUE,"null","null","null","null",999,FALSE,FALSE,FALSE,"null","null","null","null","null",453.87,21574.3333333333,150.442820504898,24,"RT >= 1 min","MS/MS available","Unknown",TRUE,FALSE,TRUE,TRUE,"Age-sensitive fungal effect"
"F1476_mz182.0814_rt0.52",-1.30810600406945,0.456210795667537,0.547115378102347,3.92362546072203,0.0585319535701989,0.121510262169289,-5.06561254265165,1.14432164461657e-05,0.00469858467279562,1476,0.518,182.08141,"Unknown","[M+H]+",NA,0.393,TRUE,"null","null","null","null",999,FALSE,FALSE,FALSE,"null","null","null","null","null",575.01,11555,1018.96659743856,24,"Early RT","MS/MS available","Unknown",FALSE,FALSE,TRUE,FALSE,"Age-sensitive fungal effect"
"F2331_mz244.264_rt2.03",-1.33063538067346,0.00175660432747997,0.0594885853589857,3.78824928208408,7.66552624575444e-06,0.00297373099685525,-4.95273809499666,1.02624115898205e-05,0.00469858467279562,2331,2.033,244.26398,"Unknown","[M+H]+",NA,0.214,TRUE,"null","null","null","null",999,FALSE,FALSE,FALSE,"null","null","null","null","null",140.7,22708.6666666667,37.6727678374848,24,"RT >= 1 min","MS/MS available","Unknown",FALSE,TRUE,TRUE,FALSE,"Age-sensitive fungal effect"
"F1910_mz213.0761_rt0.97",NA,NA,NA,NA,NA,NA,-5.30224533007665,3.6471401491001e-05,0.0104042232170884,1910,0.966,213.07605,"Unknown","[M+H]+","similar chromatogram in higher mz_4414; found in higher mz's MsMs_4414",0.107,FALSE,"null","null","null","null",999,FALSE,FALSE,FALSE,"null","null","null","null","null",54.87,5392,85.1895049137771,21,"Early RT","No MS/MS assignment","Unknown",FALSE,FALSE,TRUE,FALSE,"Age-sensitive fungal effect"
"F2330_mz244.2639_rt1.89",-1.61987122060019,0.00895374171989598,0.073079280440446,3.4445792504095,2.74857946335515e-05,0.00297373099685525,-4.89828668800165,4.05425161893362e-05,0.0104042232170884,2330,1.893,244.26393,"Unknown","[M+H]+","ion correlated with 2935",0.214,TRUE,"null","null","null","null",999,FALSE,FALSE,FALSE,"null","null","null","null","null",89.36,22272.3333333333,30.6050733313379,24,"RT >= 1 min","MS/MS available","Unknown",FALSE,TRUE,TRUE,FALSE,"Age-sensitive fungal effect"
"F2420_mz251.1605_rt0.4",0.441960365587535,0.0789566140153176,0.182808731837506,-2.84553676328222,1.14121529235489e-05,0.00297373099685525,3.45361387797775,3.13956368524325e-05,0.0104042232170884,2420,0.397,251.16052,"Unknown","[M+H]+",NA,0.429,TRUE,"null","null","null","null",999,FALSE,FALSE,FALSE,"null","null","null","null","null",240.9,5197.66666666667,1565.92036419595,17,"Very early RT","MS/MS available","Unknown",FALSE,TRUE,TRUE,FALSE,"Age-sensitive fungal effect"
"F2934_mz288.29_rt1.99",-0.932405635044814,0.0390743958035705,0.118846922356973,2.76634311671252,2.64853861522685e-05,0.00297373099685525,-3.53257898079663,9.27837251544838e-05,0.0142579139927078,2934,1.992,288.29001,"Unknown","[M+H]+",NA,0.107,TRUE,"null","null","null","null",999,FALSE,FALSE,FALSE,"null","null","null","null","null",13.48,12622,18.8403707518023,24,"RT >= 1 min","MS/MS available","Unknown",FALSE,TRUE,TRUE,FALSE,"Age-sensitive fungal effect"
"F1728_mz200.1034_rt0.8",0.264940793770455,0.332825215575799,0.432025408547762,-2.99550777505961,0.000125223915303629,0.0038413282126924,3.4265460036976,8.92254305803446e-05,0.0142579139927078,1728,0.801,200.10335,"Unknown","[M+H]+","ion correlated with 2277",0.036,FALSE,"null","null","null","null",999,FALSE,FALSE,FALSE,"null","null","null","null","null",80.14,3093.33333333333,131.376602391468,13,"Early RT","No MS/MS assignment","Unknown",FALSE,TRUE,TRUE,FALSE,"Age-sensitive fungal effect"
"F2997_mz293.1824_rt0.43",0.686788475065326,0.0234006186864172,0.0948107819509357,-1.83284621864805,1.16230354062204e-05,0.00297373099685525,2.6857492015434,6.98586834190316e-05,0.0142579139927078,2997,0.427,293.18243,"Unknown","[M+H]+","ion correlated with 2083",0.214,FALSE,"null","null","null","null",999,FALSE,FALSE,FALSE,"null","null","null","null","null",113.53,2269.33333333333,537.018499486125,13,"Very early RT","No MS/MS assignment","Unknown",FALSE,TRUE,TRUE,FALSE,"Age-sensitive fungal effect"
"F886_mz141.0549_rt0.94",-0.170286230862432,0.590960572225163,0.671115885074522,2.67822261058601,0.000240917490688012,0.00434952126925572,-2.68238942736857,7.77311052350001e-05,0.0142579139927078,886,0.942,141.05487,"Unknown","[M+H]+",NA,0.25,FALSE,"null","null","null","null",999,FALSE,FALSE,FALSE,"null","null","null","null","null",62.69,50610.6666666667,16.8357229887707,24,"Early RT","No MS/MS assignment","Unknown",FALSE,TRUE,TRUE,FALSE,"Age-sensitive fungal effect"
"F260_mz97.0287_rt0.94",-0.108777372959159,0.693233400997598,0.762086524643192,2.58518295443101,0.000111038352200825,0.00374086832920911,-2.52784158263514,9.13810183786274e-05,0.0142579139927078,260,0.94,97.02866,"Unknown","[M+H]+","similar chromatogram in higher mz_886; similar chromatogram in higher mz_2802; similar chromatogram in higher mz_3443",0.214,FALSE,"null","null","null","null",999,FALSE,FALSE,FALSE,"null","null","null","null","null",83.81,56925,17.4074939395004,24,"Early RT","No MS/MS assignment","Unknown",FALSE,TRUE,TRUE,FALSE,"Age-sensitive fungal effect"
"F1386_mz176.0558_rt0.69",0.477180889465615,0.0964995626693868,0.208815660150833,-1.74302161290468,0.000134791655722579,0.00387312732266146,2.38631081922582,9.72288338518799e-05,0.0142579139927078,1386,0.687,176.05583,"Unknown","[M+H]+","ion correlated with 1390; ion correlated with 970; ion correlated with 917; ion correlated with 1979; ion correlated with 825; ion correlated with 2134; ion correlated with 1891; ion correlated with 1688; ion correlated with 1086",0.036,FALSE,"null","null","null","null",999,FALSE,FALSE,FALSE,"null","null","null","null","null",81.62,0,375909,13,"Early RT","No MS/MS assignment","Unknown",FALSE,TRUE,TRUE,FALSE,"Age-sensitive fungal effect"
"F1578_mz190.0502_rt1.03",5.79882748432766,4.33413363123598e-05,0.0196682984185489,0.837611603543845,0.00117999569190829,0.00933306697084254,5.1273212469412,0.000124071531194171,0.0159199283463521,1578,1.032,190.05022,"Unknown","[M+H]+","ion correlated with 650; ion correlated with 885",0.107,TRUE,"null","null","null","null",999,FALSE,FALSE,FALSE,"null","null","null","null","null",1425.28,625.666666666667,6774.55372340426,20,"RT >= 1 min","MS/MS available","Unknown",TRUE,TRUE,TRUE,TRUE,"Age-sensitive fungal effect"
"F636_mz124.0396_rt1.02",-1.92064990734978,0.000978337965728559,0.0475363011579493,0.427122710856229,0.0962280302060226,0.177015906456784,-2.18165284053867,0.000120409074920925,0.0159199283463521,636,1.025,124.03963,"Unknown","[M+H]+",NA,0.179,TRUE,"null","null","null","null",999,FALSE,FALSE,FALSE,"null","null","null","null","null",45.45,105861,16.4496136479568,24,"RT >= 1 min","MS/MS available","Unknown",TRUE,FALSE,TRUE,FALSE,"Age-sensitive fungal effect"
"F2122_mz227.1394_rt0.79",0.389245677376246,0.176093565316139,0.293791396839941,-2.37811276885148,0.000316125152769311,0.00481613487776064,2.93347091484124,0.000137835079139208,0.0163810283752749,2122,0.788,227.13943,"Unknown","[M+H]+",NA,0.179,FALSE,"null","null","null","null",999,FALSE,FALSE,FALSE,"null","null","null","null","null",124.16,0,939333,14,"Early RT","No MS/MS assignment","Unknown",FALSE,TRUE,TRUE,FALSE,"Age-sensitive fungal effect"
"F1062_mz153.0408_rt0.75",2.12214686838796,0.000438164351287147,0.0457902816646201,-0.349751673510131,0.117525177605595,0.206647678671341,2.6380151367355,0.000143623239529931,0.0163810283752749,1062,0.749,153.04083,"Unknown","[M+H]+","similar chromatogram in higher mz_3448",0.429,TRUE,"null","null","null","null",999,FALSE,FALSE,FALSE,"null","null","null","null","null",157.68,14715,459.11518075564,19,"Early RT","MS/MS available","Unknown",TRUE,FALSE,TRUE,FALSE,"Age-sensitive fungal effect"
"F2741_mz275.1105_rt0.92",-0.227672914020028,0.545415902038523,0.630758757250463,2.8121271897791,5.46234713016385e-05,0.00335122377985728,-2.87367111543487,0.000198612830660484,0.0214606390182091,2741,0.921,275.1105,"Unknown","[M+H]+",NA,0.143,FALSE,"null","null","null","null",999,FALSE,FALSE,FALSE,"null","null","null","null","null",41.56,0,279610,15,"Early RT","No MS/MS assignment","Unknown",FALSE,TRUE,TRUE,FALSE,"Age-sensitive fungal effect"
"F2247_mz237.1852_rt1.58",8.1034834100286,2.87349078076832e-05,0.0196682984185489,1.98722074432086,0.00406647638963279,0.0188180982418267,6.28208960686273,0.000223303222875797,0.0229220758282006,2247,1.584,237.18524,"Unknown","[M+H]+",NA,0.107,TRUE,"null","null","null","null",999,FALSE,FALSE,FALSE,"null","null","null","null","null",102.13,1426.33333333333,525.005604857543,18,"RT >= 1 min","MS/MS available","Unknown",TRUE,TRUE,TRUE,TRUE,"Age-sensitive fungal effect"
"F4175_mz407.2396_rt1.02",2.51105061621177,0.00513800535923989,0.0664470881897342,-2.6126190729126,9.77517266219487e-05,0.00374086832920911,5.28975029426797,0.000234549882254126,0.0229300432508439,4175,1.022,407.23965,"Unknown","[M+H]+","ion correlated with 4067; ion correlated with 4082; ion correlated with 1927; ion correlated with 1765; ion correlated with 3243; ion correlated with 3461; ion correlated with 1504; ion correlated with 1606",0.143,FALSE,"null","null","null","null",999,FALSE,FALSE,FALSE,"null","null","null","null","null",9700.03,0,789965,12,"RT >= 1 min","No MS/MS assignment","Unknown",FALSE,TRUE,TRUE,FALSE,"Age-sensitive fungal effect"
"F728_mz130.1229_rt1.24",4.13783554507332,0.000220086884100964,0.0332918093350058,-0.0161384941746621,0.893136096411376,0.926184988055652,4.32008379681118,0.000273848406460573,0.0230172895120152,728,1.235,130.12289,"Unknown","[M+H]+","ion correlated with 580; ion correlated with 1207; similar chromatogram in higher mz_1444; similar chromatogram in higher mz_1176",0.286,TRUE,"null","null","null","null",999,FALSE,FALSE,FALSE,"null","null","null","null","null",134.51,10188.6666666667,265.412116850404,23,"RT >= 1 min","MS/MS available","Unknown",TRUE,FALSE,TRUE,FALSE,"Age-sensitive fungal effect"
"F650_mz125.0236_rt1.02",8.11772830564606,3.72979394103323e-05,0.0196682984185489,4.30967466611892,0.000383108537447601,0.0051765260714646,3.97412213571744,0.000291500013303651,0.0230172895120152,650,1.019,125.02357,"Unknown","[M+H]+","ion correlated with 1578; ion correlated with 885; similar chromatogram in higher mz_966; similar chromatogram in higher mz_2975; similar chromatogram in higher mz_3144; similar chromatogram in higher mz_4033; similar chromatogram in higher mz_4175; similar chromatogram in higher mz_4321; found in higher mz's MsMs_1504",0.107,TRUE,"null","null","null","null",999,FALSE,FALSE,FALSE,"null","null","null","null","null",304.95,13448,237.297048107666,24,"RT >= 1 min","MS/MS available","Unknown",TRUE,TRUE,TRUE,TRUE,"Age-sensitive fungal effect"
"F864_mz140.0345_rt0.72",2.69613428946179,0.000889735776732472,0.0475363011579493,-0.819937745943468,0.0221772224984546,0.0590179309161687,3.68218227593825,0.000288914478169217,0.0230172895120152,864,0.716,140.03448,"Unknown","[M+H]+",NA,0.143,TRUE,"null","null","null","null",999,FALSE,FALSE,FALSE,"null","null","null","null","null",27.59,9596.66666666667,137.809537040253,19,"Early RT","MS/MS available","Unknown",TRUE,FALSE,TRUE,FALSE,"Age-sensitive fungal effect"
"F791_mz135.0556_rt0.93",0.0500337070717584,0.905592322783537,0.938259808399929,2.6720157977715,0.000254146579157794,0.0044100490060431,-2.45586025557765,0.000279371866086219,0.0230172895120152,791,0.933,135.05556,"Unknown","[M+H]+",NA,0.214,FALSE,"null","null","null","null",999,FALSE,FALSE,FALSE,"null","null","null","null","null",49.96,17197.3333333333,16.8254094388991,19,"Early RT","No MS/MS assignment","Unknown",FALSE,TRUE,TRUE,TRUE,"Age-sensitive fungal effect"
"F2004_mz218.1501_rt0.45",-2.40643719165858,0.000677385076418747,0.0465753557089132,-0.353827216029963,0.213970119546992,0.315397513877709,-1.88648963508272,0.0002591573650012,0.0230172895120152,2004,0.446,218.1501,"Unknown","[M+H]+","ion correlated with 2058; ion correlated with 493; ion correlated with 2360; ion correlated with 2364; ion correlated with 2016; ion correlated with 1812; ion correlated with 1989; ion correlated with 2207; ion correlated with 1541",0.357,FALSE,"null","null","null","null",999,FALSE,FALSE,FALSE,"null","null","null","null","null",276.61,0,1574746,13,"Very early RT","No MS/MS assignment","Unknown",TRUE,FALSE,TRUE,TRUE,"Age-sensitive fungal effect"
"F2465_mz255.098_rt0.48",NA,NA,NA,NA,NA,NA,2.73904791867325,0.000322082541799539,0.0244902021597945,2465,0.481,255.09801,"Unknown","[M+H]+",NA,0.393,FALSE,"null","null","null","null",999,FALSE,FALSE,FALSE,"null","null","null","null","null",135.66,0,1346025,16,"Very early RT","No MS/MS assignment","Unknown",FALSE,FALSE,TRUE,FALSE,"Age-sensitive fungal effect"
"F837_mz138.0553_rt0.98",-1.56906506787693,0.00793205067605368,0.0703039960311164,1.95773128525422,4.07842337459191e-05,0.0030126839287431,-3.36067713300998,0.000334313662050892,0.0245123552925172,837,0.983,138.05528,"Unknown","[M+H]+",NA,0.321,TRUE,"null","null","null","null",999,FALSE,FALSE,FALSE,"null","null","null","null","null",464.17,30179,123.736348575215,24,"Early RT","MS/MS available","Unknown",FALSE,TRUE,TRUE,FALSE,"Age-sensitive fungal effect"
"F1577_mz190.0031_rt0.42",-0.214954927901943,0.583955798533435,0.664491327418438,2.1955994681855,0.00158527885787448,0.0108718519860274,-2.2444308544135,0.00037091933319028,0.026258530725505,1577,0.418,190.00308,"Unknown","[M+H]+",NA,0.357,FALSE,"null","null","null","null",999,FALSE,FALSE,FALSE,"null","null","null","null","null",36.56,7876.66666666667,31.1413278043414,24,"Very early RT","No MS/MS assignment","Unknown",FALSE,TRUE,TRUE,FALSE,"Age-sensitive fungal effect"
"F1774_mz202.9707_rt0.38",-0.364661643902753,0.251927714087098,0.359511939159513,-2.02490743789655,8.94488197803732e-05,0.00374086832920911,1.82634734145203,0.000399340652066561,0.0273282119564217,1774,0.384,202.97069,"Unknown","[M+H]+","ion correlated with 2852; ion correlated with 898",0.25,FALSE,"null","null","null","null",999,FALSE,FALSE,FALSE,"null","null","null","null","null",161.82,4173,111.591039770005,24,"Very early RT","No MS/MS assignment","Unknown",FALSE,TRUE,TRUE,TRUE,"Age-sensitive fungal effect"
"F2392_mz248.1497_rt1.19",5.56165051018433,0.000137876513598409,0.0240647545657531,1.97630397241725,0.00113901291246601,0.0090721379343784,3.75142671691903,0.000429274673723198,0.0282810803222437,2392,1.192,248.14972,"Unknown","[M+H]+","ion correlated with 2194; ion correlated with 2707; ion correlated with 2166; ion correlated with 3235; ion correlated with 2358; ion correlated with 1768",0.107,TRUE,"null","null","null","null",999,FALSE,FALSE,FALSE,"null","null","null","null","null",106.81,6117.66666666667,258.656515580737,23,"RT >= 1 min","MS/MS available","Unknown",TRUE,TRUE,TRUE,TRUE,"Age-sensitive fungal effect"
"F2816_mz280.155_rt1.08",11.9445285082464,0.0377205137242296,0.116604694332802,9.81317419614932,0.0676252051185728,0.135728749442228,2.14950074251466,0.000440815669903458,0.0282810803222437,2816,1.076,280.15497,"Unknown","[M+H]+",NA,0.214,TRUE,"null","null","null","null",999,FALSE,FALSE,FALSE,"null","null","null","null","null",123.69,11048.3333333333,269.108815011464,18,"RT >= 1 min","MS/MS available","Unknown",FALSE,FALSE,TRUE,TRUE,"Age-sensitive fungal effect"
"F1352_mz173.1399_rt0.77",1.56829680865009,0.00245494022456965,0.0617555979727435,-1.67040505995016,0.00724665936455123,0.0274791398827692,3.40481490473807,0.000476714900537138,0.0288758694925447,1352,0.77,173.13991,"Unknown","[M+H]+","similar chromatogram in higher mz_4233; similar chromatogram in higher mz_4520; similar chromatogram in higher mz_2073",0.357,TRUE,"null","null","null","null",999,FALSE,FALSE,FALSE,"null","null","null","null","null",76.05,0,2212920,18,"Early RT","MS/MS available","Unknown",FALSE,TRUE,TRUE,FALSE,"Age-sensitive fungal effect"
"F2437_mz252.1235_rt1.13",2.5715694487767,0.00188464813674167,0.0602291073558713,-0.387775026212736,0.0634160707361727,0.128991470045799,3.12545616177451,0.000491609059896335,0.0288758694925447,2437,1.131,252.12346,"Unknown","[M+H]+","ion correlated with 2194; ion correlated with 2707",0.143,TRUE,"null","null","null","null",999,FALSE,FALSE,FALSE,"null","null","null","null","null",126.62,0,2344398,14,"RT >= 1 min","MS/MS available","Unknown",FALSE,FALSE,TRUE,FALSE,"Age-sensitive fungal effect"
"F2188_mz232.0973_rt1.25",1.9306952190824,0.000881821838734922,0.0475363011579493,-0.499140498384922,0.0263011560020661,0.0673855802761738,2.59593801151548,0.000492282236843188,0.0288758694925447,2188,1.251,232.09734,"Unknown","[M+H]+",NA,0.107,TRUE,"null","null","null","null",999,FALSE,FALSE,FALSE,"null","null","null","null","null",1692.53,0,277906,13,"RT >= 1 min","MS/MS available","Unknown",TRUE,FALSE,TRUE,FALSE,"Age-sensitive fungal effect"
"F3331_mz318.13_rt0.45",1.15646491399117,0.0999789042899584,0.213206892701048,-3.52708551832023,0.00141426869310838,0.0101209851204635,4.84963012915201,0.000622833649719476,0.0290977027952274,3331,0.451,318.12997,"Unknown","[M+H]+","ion correlated with 2759",0.071,FALSE,"null","null","null","null",999,FALSE,FALSE,FALSE,"null","null","null","null","null",280.99,0,625250,14,"Very early RT","No MS/MS assignment","Unknown",FALSE,TRUE,TRUE,FALSE,"Age-sensitive fungal effect"
"F885_mz141.0549_rt1.07",8.71120208920096,0.000127431950680379,0.0240647545657531,4.35002165054771,0.00132978053184354,0.00997487475560564,4.52727557431738,0.000623623440326354,0.0290977027952274,885,1.069,141.05486,"Unknown","[M+H]+","ion correlated with 1306; similar chromatogram in higher mz_1284; similar chromatogram in higher mz_2816; similar chromatogram in higher mz_2941; similar chromatogram in higher mz_3277",0.214,TRUE,"null","null","null","null",999,FALSE,FALSE,FALSE,"null","null","null","null","null",736.51,26056.6666666667,531.143719698617,24,"RT >= 1 min","MS/MS available","Unknown",TRUE,TRUE,TRUE,TRUE,"Age-sensitive fungal effect"
"F2289_mz241.1549_rt0.77",1.44297402937377,0.00344757587203632,0.065585877962684,-2.00047472049357,0.00412522671977448,0.0189292079980685,3.60955579908391,0.000585261066033456,0.0290977027952274,2289,0.772,241.15492,"Unknown","[M+H]+",NA,0.321,FALSE,"null","null","null","null",999,FALSE,FALSE,FALSE,"null","null","null","null","null",85.92,2287.66666666667,325.111564229537,23,"Early RT","No MS/MS assignment","Unknown",FALSE,TRUE,TRUE,FALSE,"Age-sensitive fungal effect"
"F1850_mz208.0972_rt1.18",2.4399161241355,0.00105212273126183,0.0487197240251651,-0.449489075300419,0.0910808651246812,0.170167542249404,3.05552119708571,0.000548166282079395,0.0290977027952274,1850,1.177,208.09721,"Unknown","[M+H]+","ion correlated with 1359; similar chromatogram in higher mz_2707; similar chromatogram in higher mz_2166; similar chromatogram in higher mz_2205",0.429,TRUE,"null","null","null","null",999,FALSE,FALSE,FALSE,"null","null","null","null","null",153.05,1656,2557.69885334943,21,"RT >= 1 min","MS/MS available","Unknown",TRUE,FALSE,TRUE,FALSE,"Age-sensitive fungal effect"
"F2481_mz256.0819_rt0.65",8.9780304184186,3.53805221696124e-05,0.0196682984185489,6.61955007752676,0.000118971799567564,0.00374086832920911,2.52455427484241,0.000593157571418459,0.0290977027952274,2481,0.652,256.08191,"Unknown","[M+H]+",NA,0.214,TRUE,"null","null","null","null",999,FALSE,FALSE,FALSE,"null","null","null","null","null",720.63,0,5673333,12,"Early RT","MS/MS available","Unknown",TRUE,TRUE,TRUE,TRUE,"Age-sensitive fungal effect"
"F3782_mz360.1504_rt0.48",-0.583641338331079,0.125657668852273,0.241827673953737,2.06384088490655,0.000183365664793633,0.00400777622989398,-2.48136464969917,0.0005416882136428,0.0290977027952274,3782,0.477,360.15045,"Unknown","[M+H]+",NA,0.643,TRUE,"null","null","null","null",999,FALSE,FALSE,FALSE,"null","null","null","null","null",11282.18,2555,14687.5888106416,21,"Very early RT","MS/MS available","Unknown",FALSE,TRUE,TRUE,FALSE,"Age-sensitive fungal effect"
"F807_mz136.0759_rt1.14",-2.57465891881446,0.000401815260539635,0.0456410498205451,-0.362605379231725,0.0305763309704784,0.0746325497881569,-2.04593058320628,0.000620411275280172,0.0290977027952274,807,1.139,136.07594,"Unknown","[M+H]+","ion correlated with 3603; ion correlated with 3335; ion correlated with 3569; ion correlated with 2499; ion correlated with 1811",0.179,TRUE,"null","null","null","null",999,FALSE,FALSE,FALSE,"null","null","null","null","null",83.46,20258.3333333333,42.2637796571128,24,"RT >= 1 min","MS/MS available","Unknown",TRUE,FALSE,TRUE,TRUE,"Age-sensitive fungal effect"
"F2143_mz228.1963_rt1.68",-0.244092445579101,0.305306125078644,0.4055852446156,1.59251860962539,7.5204591678392e-05,0.0036322217682968,-1.67048793506301,0.000526218831705204,0.0290977027952274,2143,1.682,228.19626,"Unknown","[M+H]+",NA,0.143,FALSE,"null","null","null","null",999,FALSE,FALSE,FALSE,"null","null","null","null","null",39.13,26842,9.41869388667437,24,"RT >= 1 min","No MS/MS assignment","Unknown",FALSE,TRUE,TRUE,FALSE,"Age-sensitive fungal effect"
"F1467_mz181.1226_rt5.72",-0.00769504761841918,0.974741246042417,0.98384692494228,1.74205768991625,4.89630590823197e-05,0.00316212418795093,-1.58356953178677,0.00060813861109211,0.0290977027952274,1467,5.715,181.12262,"Unknown","[M+H]+","ion correlated with 3578; ion correlated with 4812; ion correlated with 4855; ion correlated with 2530; found in higher mz's MsMs_4855; similar chromatogram in higher mz_4773; similar chromatogram in higher mz_4812",0.107,FALSE,"null","null","null","null",999,FALSE,FALSE,FALSE,"null","null","null","null","null",6.45,4063.33333333333,102.189206922004,24,"RT >= 1 min","No MS/MS assignment","Unknown",FALSE,TRUE,TRUE,FALSE,"Age-sensitive fungal effect"
"F2818_mz280.2641_rt5.32",1.23888994636061,0.192398391904743,0.309216638224098,-4.66240673657804,2.75033436952041e-05,0.00297373099685525,6.06728337270924,0.000826751173784091,0.0298781973462492,2818,5.32,280.2641,"Unknown","[M+H]+",NA,0.286,TRUE,"null","null","null","null",999,FALSE,FALSE,FALSE,"null","null","null","null","null",18.53,1425.33333333333,558.579107268053,19,"RT >= 1 min","MS/MS available","Unknown",FALSE,TRUE,TRUE,FALSE,"Age-sensitive fungal effect"
"F1306_mz171.0655_rt1.1",10.5897239904947,7.15546623168318e-05,0.0231939326852702,5.46618766181093,0.000211184726518044,0.00420516955435053,5.28959279665422,0.000919567774763537,0.0298781973462492,1306,1.1,171.06552,"Unknown","[M+H]+","ion correlated with 885",0.107,TRUE,"null","null","null","null",999,FALSE,FALSE,FALSE,"null","null","null","null","null",608.99,26035.6666666667,660.638368966842,24,"RT >= 1 min","MS/MS available","Unknown",TRUE,TRUE,TRUE,TRUE,"Age-sensitive fungal effect"
"F2813_mz280.1395_rt0.68",1.72153437975509,0.1103073258502,0.225281118230516,-3.31575620409558,0.00407034635979601,0.0188180982418267,5.20340709268896,0.000975079991329126,0.0298781973462492,2813,0.679,280.13953,"Unknown","[M+H]+",NA,0.429,TRUE,"null","null","null","null",999,FALSE,FALSE,FALSE,"null","null","null","null","null",754.5,17874.6666666667,1780.95203908479,18,"Early RT","MS/MS available","Unknown",FALSE,TRUE,TRUE,FALSE,"Age-sensitive fungal effect"
"F2418_mz251.1031_rt1.12",4.18147986847756,0.000961476708686099,0.0475363011579493,-0.292733662267148,0.137697664709445,0.233438161979418,4.64031850730599,0.000892170437504467,0.0298781973462492,2418,1.119,251.10306,"Unknown","[M+H]+","ion correlated with 885; ion correlated with 2587; ion correlated with 2253; ion correlated with 1306; ion correlated with 523; ion correlated with 1519",0.25,TRUE,"null","null","null","null",999,FALSE,FALSE,FALSE,"null","null","null","null","null",78.71,0,2369339,14,"RT >= 1 min","MS/MS available","Unknown",TRUE,FALSE,TRUE,FALSE,"Age-sensitive fungal effect"
"F2316_mz243.1838_rt0.44",1.92695020519978,0.0135987599834965,0.0767551900561035,-1.92764419295562,0.00646345611787906,0.0253403201858125,4.02069927644835,0.000851431993971185,0.0298781973462492,2316,0.44,243.18379,"Unknown","[M+H]+",NA,0.25,TRUE,"null","null","null","null",999,FALSE,FALSE,FALSE,"null","null","null","null","null",39.8,0,1146484,18,"Very early RT","MS/MS available","Unknown",FALSE,TRUE,TRUE,FALSE,"Age-sensitive fungal effect"
"F523_mz116.1072_rt1.14",3.96282984822049,0.000591634347318405,0.0462902873815676,0.225077167776904,0.11102857745825,0.197519491246259,3.90385990046063,0.000934422534579628,0.0298781973462492,523,1.143,116.10721,"Unknown","[M+H]+","ion correlated with 2587; ion correlated with 2253; ion correlated with 1306; ion correlated with 2418; ion correlated with 1519; similar chromatogram in higher mz_2418",0.143,TRUE,"null","null","null","null",999,FALSE,FALSE,FALSE,"null","null","null","null","null",27.44,28338.3333333333,60.8989978592769,24,"RT >= 1 min","MS/MS available","Unknown",TRUE,FALSE,TRUE,TRUE,"Age-sensitive fungal effect"
"F1765_mz202.1078_rt1",4.91271268516564,0.00019812969094408,0.0321111620537227,1.24776954024205,0.00309042883435673,0.0160166060593374,3.83104403054204,0.000930333117439921,0.0298781973462492,1765,1.003,202.1078,"Unknown","[M+H]+","ion correlated with 4067; ion correlated with 4082; ion correlated with 3243; ion correlated with 650; ion correlated with 1504; ion correlated with 1578; ion correlated with 1606",0.107,TRUE,"null","null","null","null",999,FALSE,FALSE,FALSE,"null","null","null","null","null",296.01,10267.6666666667,143.679705252224,23,"RT >= 1 min","MS/MS available","Unknown",TRUE,TRUE,TRUE,TRUE,"Age-sensitive fungal effect"
"F1504_mz184.0608_rt1.02",6.99708663390913,0.00172492074885262,0.0594885853589857,3.64485605061591,0.0197214684733231,0.0541982244969049,3.51823610129538,0.000758953452009549,0.0298781973462492,1504,1.019,184.06082,"Unknown","[M+H]+","ion correlated with 4067; ion correlated with 1765; ion correlated with 3243; ion correlated with 650; ion correlated with 4175; ion correlated with 1578; ion correlated with 1606",0.107,TRUE,"null","null","null","null",999,FALSE,FALSE,FALSE,"null","null","null","null","null",153.47,671.333333333333,1446.30639563708,15,"RT >= 1 min","MS/MS available","Unknown",FALSE,FALSE,TRUE,TRUE,"Age-sensitive fungal effect"
"F1207_mz164.1072_rt1.26",5.05345518370759,8.5356682168776e-05,0.0240647545657531,1.73701265931382,0.000113908555179206,0.00374086832920911,3.48255261558537,0.000904645143922378,0.0298781973462492,1207,1.259,164.10722,"Unknown","[M+H]+","ion correlated with 580; ion correlated with 728",0.25,TRUE,"null","null","null","null",999,FALSE,FALSE,FALSE,"null","null","null","null","null",275.22,3108,966.614988742361,17,"RT >= 1 min","MS/MS available","Unknown",TRUE,TRUE,TRUE,TRUE,"Age-sensitive fungal effect"
"F2567_mz262.0694_rt0.43",2.42179093399114,0.00225487789016634,0.0617555979727435,-0.793398212852641,0.00920992452491437,0.0319183643840544,3.38129844982664,0.000970254561042262,0.0298781973462492,2567,0.427,262.0694,"Unknown","[M+H]+",NA,0.214,FALSE,"null","null","null","null",999,FALSE,FALSE,FALSE,"null","null","null","null","null",6754.27,0,1014207,12,"Very early RT","No MS/MS assignment","Unknown",FALSE,TRUE,TRUE,FALSE,"Age-sensitive fungal effect"
"F2645_mz269.1752_rt1.19",3.65693318427248,0.000634032939879474,0.0464071206640815,0.60288107270843,0.109304934735229,0.19491139186879,3.22008406540842,0.000870449110661715,0.0298781973462492,2645,1.187,269.17523,"Unknown","[M+H]+","ion correlated with 3623; ion correlated with 958; ion correlated with 1754; ion correlated with 2021; ion correlated with 3568",0.071,FALSE,"null","null","null","null",999,FALSE,FALSE,FALSE,"null","null","null","null","null",28.24,5637.66666666667,24.5063253724285,24,"RT >= 1 min","No MS/MS assignment","Unknown",TRUE,FALSE,TRUE,TRUE,"Age-sensitive fungal effect"
"F586_mz120.5276_rt1",0.628282122770553,0.367846205902103,0.462949930558432,3.36796003198551,0.00289402459445585,0.0153133702317361,-2.5735613791407,0.00095555637958806,0.0298781973462492,586,1.005,120.52757,"Unknown","[M+H]+",NA,0.107,FALSE,"null","null","null","null",999,FALSE,FALSE,FALSE,"null","null","null","null","null",40.46,28419.3333333333,11.5238268375928,24,"RT >= 1 min","No MS/MS assignment","Unknown",FALSE,TRUE,TRUE,TRUE,"Age-sensitive fungal effect"
"F1670_mz195.9491_rt0.85",1.20368969200598,0.0489206024327782,0.13341226961734,3.78389569486289,0.000383099953766334,0.0051765260714646,-2.41409238412109,0.000955714954091126,0.0298781973462492,1670,0.852,195.94911,"Unknown","[M+H]+",NA,0.143,FALSE,"null","null","null","null",999,FALSE,FALSE,FALSE,"null","null","null","null","null",79.41,10414.6666666667,55.9884468909015,24,"Early RT","No MS/MS assignment","Unknown",FALSE,TRUE,TRUE,TRUE,"Age-sensitive fungal effect"
"F4435_mz453.1987_rt0.95",2.26843637765062,0.000287338677755391,0.0407482162391863,0.0287375039380613,0.894550774541393,0.927228428405919,2.40581110953785,0.000720214767867366,0.0298781973462492,4435,0.954,453.19867,"Unknown","[M+H]+",NA,0.286,FALSE,"null","null","null","null",999,FALSE,FALSE,FALSE,"null","null","null","null","null",6684.92,0,829157,13,"Early RT","No MS/MS assignment","Unknown",TRUE,FALSE,TRUE,TRUE,"Age-sensitive fungal effect"
"F290_mz98.9844_rt0.46",-0.0229167642248202,0.951539838088983,0.972104409105764,2.48915954469067,6.08180009697035e-05,0.00363065085821969,-2.34595772458175,0.000707649579727495,0.0298781973462492,290,0.464,98.98443,"Unknown","[M+H]+","found in higher mz's MsMs_2511; similar chromatogram in higher mz_3032; similar chromatogram in higher mz_3021; similar chromatogram in higher mz_2409; similar chromatogram in higher mz_3207; similar chromatogram in higher mz_3310; similar chromatogram in higher mz_4027; similar chromatogram in higher mz_4560; similar chromatogram in higher mz_3476; similar chromatogram in higher mz_1206; similar chromatogram in higher mz_2397; similar chromatogram in higher mz_3359; similar chromatogram in higher mz_3936; similar chromatogram in higher mz_3813; similar chromatogram in higher mz_4220; similar chromatogram in higher mz_4355; similar chromatogram in higher mz_3195; similar chromatogram in higher mz_809; similar chromatogram in higher mz_2030; similar chromatogram in higher mz_4108; similar chromatogram in higher mz_3182; similar chromatogram in higher mz_1457; similar chromatogram in higher mz_3676; similar chromatogram in higher mz_1864; similar chromatogram in higher mz_4610",0.857,TRUE,"null","null","null","null",999,FALSE,FALSE,FALSE,"null","null","null","null","null",98.65,27792.6666666667,144.809393027188,24,"Very early RT","MS/MS available","Unknown",FALSE,TRUE,TRUE,FALSE,"Age-sensitive fungal effect"
"F1824_mz206.1026_rt0.45",1.0734852712618,0.00907843643566488,0.0732235077133154,-1.10578842268858,0.00334863512819239,0.0166230195242331,2.34538502693081,0.000793402134544621,0.0298781973462492,1824,0.448,206.10257,"Unknown","[M+H]+",NA,0.25,FALSE,"null","null","null","null",999,FALSE,FALSE,FALSE,"null","null","null","null","null",79.36,27237,17.6487260444967,22,"Very early RT","No MS/MS assignment","Unknown",FALSE,TRUE,TRUE,FALSE,"Age-sensitive fungal effect"
"F1360_mz174.1129_rt0.73",-0.138636823525726,0.694962066489356,0.763616914704285,-2.13986517570577,0.000526963070081557,0.00607211253342708,2.16734071775608,0.000888514593295204,0.0298781973462492,1360,0.726,174.1129,"Unknown","[M+H]+",NA,0.321,FALSE,"null","null","null","null",999,FALSE,FALSE,FALSE,"null","null","null","null","null",123.66,20738.6666666667,36.1317764669956,20,"Early RT","No MS/MS assignment","Unknown",FALSE,TRUE,TRUE,TRUE,"Age-sensitive fungal effect"
"F1086_mz155.0816_rt0.74",0.468824728078548,0.136298431229213,0.253285127321117,-1.40698006446148,0.00525349769491738,0.022153575041189,2.04191673578077,0.000962620045632892,0.0298781973462492,1086,0.742,155.08159,"Unknown","[M+H]+","ion correlated with 1386; ion correlated with 825; ion correlated with 1537; ion correlated with 1688",0.214,FALSE,"null","null","null","null",999,FALSE,FALSE,FALSE,"null","null","null","null","null",50.98,1236,382.020210185934,16,"Early RT","No MS/MS assignment","Unknown",FALSE,TRUE,TRUE,FALSE,"Age-sensitive fungal effect"
"F1590_mz191.077_rt0.42",-1.29315959048206,0.0073714826676338,0.0684627844459202,0.755346970276772,0.00767337266369404,0.0284152625556044,-1.88238733183419,0.000663075997203539,0.0298781973462492,1590,0.421,191.07697,"Unknown","[M+H]+","ion correlated with 493; ion correlated with 1616; ion correlated with 1266; ion correlated with 4246; ion correlated with 2151",0.321,FALSE,"null","null","null","null",999,FALSE,FALSE,FALSE,"null","null","null","null","null",83.46,1356,725.54679439941,12,"Very early RT","No MS/MS assignment","Unknown",FALSE,TRUE,TRUE,FALSE,"Age-sensitive fungal effect"
"F727_mz130.0979_rt0.49",-1.17027758123765,0.0102830666611886,0.0741060510462375,0.829339612063191,0.00517536972624571,0.0219462435038264,-1.83349912726637,0.000792796759914508,0.0298781973462492,727,0.489,130.09787,"Unknown","[M+H]+",NA,0.071,FALSE,"null","null","null","null",999,FALSE,FALSE,FALSE,"null","null","null","null","null",94.17,3615.66666666667,858.2933640553,18,"Very early RT","No MS/MS assignment","Unknown",FALSE,TRUE,TRUE,FALSE,"Age-sensitive fungal effect"
"F1579_mz190.0712_rt0.78",0.82069140964027,0.0158676746406444,0.0799995949230129,-0.777113251554237,0.0123320214573995,0.0386653158954376,1.7639203570924,0.000725217357752059,0.0298781973462492,1579,0.785,190.07124,"Unknown","[M+H]+","ion correlated with 2748; similar chromatogram in higher mz_4345",0.357,TRUE,"null","null","null","null",999,FALSE,FALSE,FALSE,"null","null","null","null","null",197.82,11344.6666666667,117.201045920616,21,"Early RT","MS/MS available","Unknown",FALSE,TRUE,TRUE,FALSE,"Age-sensitive fungal effect"
"F3582_mz342.1401_rt0.47",-0.163468554354067,0.550267021757631,0.635352110506047,1.70803136051702,0.000268839307335563,0.0044100490060431,-1.7053821437978,0.000853814895744433,0.0298781973462492,3582,0.472,342.14011,"Unknown","[M+H]+",NA,0.571,FALSE,"null","null","null","null",999,FALSE,FALSE,FALSE,"null","null","null","null","null",2967.7,0,1948894,18,"Very early RT","No MS/MS assignment","Unknown",FALSE,TRUE,TRUE,FALSE,"Age-sensitive fungal effect"
"F1415_mz178.0865_rt1.13",1.71702474687508,0.000309874121107285,0.041359081223084,0.442624994754583,0.0128284276653965,0.03972787285191,1.44051214828888,0.000962475453614961,0.0298781973462492,1415,1.13,178.08652,"Unknown","[M+H]+","similar chromatogram in higher mz_2723",0.107,TRUE,"null","null","null","null",999,FALSE,FALSE,FALSE,"null","null","null","null","null",44.95,0,450099,21,"RT >= 1 min","MS/MS available","Unknown",TRUE,TRUE,TRUE,TRUE,"Age-sensitive fungal effect"
"F2707_mz273.1814_rt1.18",3.22820995341656,0.00397883312557317,0.0664470881897342,-0.765489568171047,0.00191729579909956,0.0121912085825098,4.1598122456588,0.00102515294983451,0.0309505736177978,2707,1.175,273.1814,"Unknown","[M+H]+","ion correlated with 2946; ion correlated with 2358",0.179,TRUE,"null","null","null","null",999,FALSE,FALSE,FALSE,"null","null","null","null","null",296.72,0,8007141,15,"RT >= 1 min","MS/MS available","Unknown",FALSE,TRUE,TRUE,FALSE,"Age-sensitive fungal effect"
"F4082_mz393.2241_rt0.98",2.36093479923408,0.010115480676929,0.0741060510462375,-1.66159103664015,0.01068517152303,0.035051068435373,4.18862897671237,0.00105732186736513,0.0310097399100086,4082,0.976,393.22406,"Unknown","[M+H]+","ion correlated with 3690; ion correlated with 4067; ion correlated with 1927; ion correlated with 1765; ion correlated with 3243; ion correlated with 3351; ion correlated with 4175",0.071,TRUE,"null","null","null","null",999,FALSE,FALSE,FALSE,"null","null","null","null","null",810.6,815.333333333333,1430.8517762352,12,"Early RT","MS/MS available","Unknown",FALSE,TRUE,TRUE,FALSE,"Age-sensitive fungal effect"
"F950_mz145.0497_rt0.47",-0.64286680892279,0.0616561523193824,0.155308550023815,1.35819561108803,0.00085410114694436,0.00749116613696973,-1.83494471227396,0.00105647927523081,0.0310097399100086,950,0.474,145.04967,"Unknown","[M+H]+","ion correlated with 175; found in higher mz's MsMs_2396",0.643,TRUE,"null","null","null","null",999,FALSE,FALSE,FALSE,"null","null","null","null","null",333.38,317679.666666667,15.1130411881113,24,"Very early RT","MS/MS available","Unknown",FALSE,TRUE,TRUE,FALSE,"Age-sensitive fungal effect"
"F2083_mz224.1131_rt0.44",0.82442310086277,0.0400768935009841,0.119336576579702,-1.52985550341622,0.00541432408733015,0.0225437284047035,2.52039331852624,0.00107336530277989,0.0310368868536212,2083,0.444,224.11311,"Unknown","[M+H]+","ion correlated with 2997",0.321,FALSE,"null","null","null","null",999,FALSE,FALSE,FALSE,"null","null","null","null","null",104.16,48016.3333333333,25.3372254463666,19,"Very early RT","No MS/MS assignment","Unknown",FALSE,TRUE,TRUE,FALSE,"Age-sensitive fungal effect"
"F3223_mz310.1291_rt0.94",2.23066620880357,0.0423979674748055,0.122243643696405,-3.08518346729044,0.000430558325528806,0.00562284739557817,5.48196246841951,0.00108904899810685,0.0310530221265744,3223,0.94,310.12909,"Unknown","[M+H]+","ion correlated with 2779; ion correlated with 3428",0.286,TRUE,"null","null","null","null",999,FALSE,FALSE,FALSE,"null","null","null","null","null",422.78,0,8484799,13,"Early RT","MS/MS available","Unknown",FALSE,TRUE,TRUE,FALSE,"Age-sensitive fungal effect"
"F93_mz76.0395_rt0.45",-2.35642742314028,0.0108404164904782,0.0741060510462375,1.52009470636088,0.000164148154562544,0.00400777622989398,-3.71040245700798,0.00112457525243933,0.0316267533323006,93,0.45,76.03948,"Unknown","[M+H]+","ion correlated with 1085; ion correlated with 71; ion correlated with 4479; similar chromatogram in higher mz_1085; similar chromatogram in higher mz_1096; similar chromatogram in higher mz_1366; similar chromatogram in higher mz_1380; similar chromatogram in higher mz_1524; similar chromatogram in higher mz_1824; similar chromatogram in higher mz_2004; similar chromatogram in higher mz_2812; similar chromatogram in higher mz_3030; similar chromatogram in higher mz_3541; similar chromatogram in higher mz_4608; similar chromatogram in higher mz_4613; similar chromatogram in higher mz_2796; similar chromatogram in higher mz_3019",0.571,TRUE,"null","null","null","null",999,FALSE,FALSE,FALSE,"null","null","null","null","null",146.37,276661,10.1243466757271,24,"Very early RT","MS/MS available","Unknown",FALSE,TRUE,TRUE,FALSE,"Age-sensitive fungal effect"
"F3164_mz304.3001_rt2.83",-1.16729698673456,0.0697009316757209,0.16842536099277,1.69749700089561,0.0168216807216661,0.0480317172807322,-2.69866241571729,0.0011660791960575,0.0318503174094402,3164,2.827,304.30014,"Unknown","[M+H]+",NA,0.321,FALSE,"null","null","null","null",999,FALSE,FALSE,FALSE,"null","null","null","null","null",35.59,21493.6666666667,10.1302803796291,24,"RT >= 1 min","No MS/MS assignment","Unknown",FALSE,TRUE,TRUE,FALSE,"Age-sensitive fungal effect"
"F2496_mz257.1182_rt1.39",0.113574420856048,0.708386016091334,0.774884184829808,2.53336326183327,2.88203004100508e-05,0.00297373099685525,-2.25366634014763,0.00117906679158181,0.0318503174094402,2496,1.394,257.11816,"Unknown","[M+H]+","similar chromatogram in higher mz_4657",0.036,FALSE,"null","null","null","null",999,FALSE,FALSE,FALSE,"null","null","null","null","null",14.62,467,303.628205128205,18,"RT >= 1 min","No MS/MS assignment","Unknown",FALSE,TRUE,TRUE,TRUE,"Age-sensitive fungal effect"
"F2410_mz250.1192_rt1.06",-0.300932438305794,0.232870919861828,0.34377020602661,1.45204589127264,0.000180469150604935,0.00400777622989398,-1.58685919234403,0.00115932548963026,0.0318503174094402,2410,1.065,250.11919,"Unknown","[M+H]+","similar chromatogram in higher mz_2806",0.321,FALSE,"null","null","null","null",999,FALSE,FALSE,FALSE,"null","null","null","null","null",54.36,21308,39.5603735510817,22,"RT >= 1 min","No MS/MS assignment","Unknown",FALSE,TRUE,TRUE,FALSE,"Age-sensitive fungal effect"
"F2369_mz247.1084_rt1.19",2.21828524927413,0.0015662069508962,0.0594885853589857,-0.199039338535353,0.368992177330484,0.457211922783951,2.58343530814058,0.00123777778091974,0.0321951375516282,2369,1.187,247.10835,"Unknown","[M+H]+","ion correlated with 696; ion correlated with 1097; ion correlated with 2801",0.071,TRUE,"null","null","null","null",999,FALSE,FALSE,FALSE,"null","null","null","null","null",34.91,1053.33333333333,662.188112551375,19,"RT >= 1 min","MS/MS available","Unknown",FALSE,FALSE,TRUE,FALSE,"Age-sensitive fungal effect"
"F1359_mz174.1128_rt1.14",1.84525093790007,0.00252886184697506,0.0617555979727435,-0.426076618316711,0.0409098220728368,0.0930378568702418,2.43744405432122,0.00123887767490435,0.0321951375516282,1359,1.143,174.11275,"Unknown","[M+H]+","ion correlated with 1850; similar chromatogram in higher mz_1892",0.429,TRUE,"null","null","null","null",999,FALSE,FALSE,FALSE,"null","null","null","null","null",251.68,10240.3333333333,386.001399557349,23,"RT >= 1 min","MS/MS available","Unknown",FALSE,FALSE,TRUE,FALSE,"Age-sensitive fungal effect"
"F1888_mz211.0756_rt1.34",0.0906704764908027,0.753746843589038,0.814017890577596,2.41555951978589,4.11423796436282e-05,0.0030126839287431,-2.1587713907106,0.00123786773021792,0.0321951375516282,1888,1.34,211.07558,"Unknown","[M+H]+","ion correlated with 3175; found in higher mz's MsMs_4660; similar chromatogram in higher mz_2512; found in higher mz's MsMs_2512; similar chromatogram in higher mz_3175; similar chromatogram in higher mz_4660; similar chromatogram in higher mz_2365; similar chromatogram in higher mz_3213; similar chromatogram in higher mz_4619",0.643,TRUE,"null","null","null","null",999,FALSE,FALSE,FALSE,"null","null","null","null","null",896.58,0,5846437,19,"RT >= 1 min","MS/MS available","Unknown",FALSE,TRUE,TRUE,TRUE,"Age-sensitive fungal effect"
"F2630_mz268.1043_rt0.51",-0.824081948021006,0.419700306367622,0.514200861311087,3.1838324188208,0.00834811711923276,0.0302719262949814,-3.84179594900156,0.00134876133260227,0.0329529771230726,2630,0.507,268.10431,"Unknown","[M+H]+",NA,0.25,TRUE,"null","null","null","null",999,FALSE,FALSE,FALSE,"null","null","null","null","null",1037.64,73402.3333333333,107.670859633986,24,"Early RT","MS/MS available","Unknown",FALSE,TRUE,TRUE,FALSE,"Age-sensitive fungal effect"
"F1866_mz209.1176_rt1.18",4.1831449289409,0.000118541219756702,0.0240647545657531,1.14035097955119,0.0260609386531369,0.0669969770584607,3.20887960428717,0.00135136394048201,0.0329529771230726,1866,1.18,209.11765,"Unknown","[M+H]+",NA,0.071,FALSE,"null","null","null","null",999,FALSE,FALSE,FALSE,"null","null","null","null","null",73.13,20202,20.8894718606148,24,"RT >= 1 min","No MS/MS assignment","Unknown",TRUE,FALSE,TRUE,TRUE,"Age-sensitive fungal effect"
"F2879_mz285.2904_rt1.69",-1.85309743891883,0.0122554842891521,0.0749312372657694,1.16962511395759,0.0996352296398227,0.181810266304178,-2.85658228487495,0.00136434634946964,0.0329529771230726,2879,1.687,285.29037,"Unknown","[M+H]+",NA,0.286,TRUE,"null","null","null","null",999,FALSE,FALSE,FALSE,"null","null","null","null","null",17.61,11435.3333333333,40.2167361333761,24,"RT >= 1 min","MS/MS available","Unknown",FALSE,FALSE,TRUE,FALSE,"Age-sensitive fungal effect"
"F1529_mz186.1493_rt1.01",1.22359753092874,0.0145866146284484,0.0786810727774957,-0.761348309572597,0.025219956470129,0.0655026329372915,2.15105348953012,0.00129773166635305,0.0329529771230726,1529,1.011,186.14928,"Unknown","[M+H]+","ion correlated with 1561; ion correlated with 3048",0.107,FALSE,"null","null","null","null",999,FALSE,FALSE,FALSE,"null","null","null","null","null",67.68,0,264413,19,"RT >= 1 min","No MS/MS assignment","Unknown",FALSE,FALSE,TRUE,FALSE,"Age-sensitive fungal effect"
"F3175_mz305.1767_rt1.34",0.168781133695332,0.570839356130075,0.651854302495793,2.46086595068709,3.49222321330764e-05,0.0030126839287431,-2.12596715342355,0.00131158230268888,0.0329529771230726,3175,1.341,305.17673,"Unknown","[M+H]+","ion correlated with 1888",0.643,TRUE,"null","null","null","null",999,FALSE,FALSE,FALSE,"null","null","null","null","null",514.84,1118,4207.87578194817,24,"RT >= 1 min","MS/MS available","Unknown",FALSE,TRUE,TRUE,TRUE,"Age-sensitive fungal effect"
"F3205_mz308.1037_rt1.05",0.650938497797677,0.0253498854369463,0.0979483603800768,-0.618724286611782,0.00250599667648723,0.014115663661603,1.43576864498119,0.00132804224392767,0.0329529771230726,3205,1.055,308.10367,"Unknown","[M+H]+","ion correlated with 3867; ion correlated with 2136; ion correlated with 1825; ion correlated with 3450; ion correlated with 2792",0.036,FALSE,"null","null","null","null",999,FALSE,FALSE,FALSE,"null","null","null","null","null",16.29,0,127699,12,"RT >= 1 min","No MS/MS assignment","Unknown",FALSE,TRUE,TRUE,FALSE,"Age-sensitive fungal effect"
"F1003_mz148.0396_rt1.21",6.9816006900812,0.000118524429409622,0.0240647545657531,1.71891226786033,0.0409448541909126,0.0930378568702418,5.42864961656521,0.00140552900621626,0.0329861017979815,1003,1.207,148.03957,"Unknown","[M+H]+","ion correlated with 2799; ion correlated with 2619; ion correlated with 2120; ion correlated with 2102; ion correlated with 1754; ion correlated with 2021; ion correlated with 1272; ion correlated with 1996",0.071,TRUE,"null","null","null","null",999,FALSE,FALSE,FALSE,"null","null","null","null","null",88.75,558,1214.60107334526,18,"RT >= 1 min","MS/MS available","Unknown",TRUE,FALSE,TRUE,TRUE,"Age-sensitive fungal effect"
"F348_mz103.0391_rt0.71",3.3969355323052,0.000569629108513937,0.0462902873815676,-0.243467327404874,0.581013840161627,0.656823414923752,3.80651433767127,0.00139778086088223,0.0329861017979815,348,0.707,103.03911,"Unknown","[M+H]+","ion correlated with 905; ion correlated with 839; ion correlated with 592; found in higher mz's MsMs_839; found in higher mz's MsMs_592; similar chromatogram in higher mz_784",0.107,TRUE,"null","null","null","null",999,FALSE,FALSE,FALSE,"null","null","null","null","null",212.43,105044.333333333,26.1211699075955,23,"Early RT","MS/MS available","Unknown",TRUE,FALSE,TRUE,FALSE,"Age-sensitive fungal effect"
"F3407_mz325.1133_rt0.48",-0.52178355675387,0.22111850226846,0.334033210151222,1.91243350230415,0.000210414577172822,0.00420516955435053,-2.2680993840318,0.00141391960946048,0.0329861017979815,3407,0.479,325.11334,"Unknown","[M+H]+",NA,0.643,TRUE,"null","null","null","null",999,FALSE,FALSE,FALSE,"null","null","null","null","null",9881.94,0,7731327,18,"Very early RT","MS/MS available","Unknown",FALSE,TRUE,TRUE,FALSE,"Age-sensitive fungal effect"
"F2842_mz282.2797_rt6.36",1.43308939361275,0.160457876140842,0.277499177563697,-3.84189717473706,8.36723080832377e-05,0.00374086832920911,5.44109523560738,0.0014869491657848,0.0330553491200696,2842,6.362,282.27975,"Unknown","[M+H]+","similar chromatogram in higher mz_4772",0.393,TRUE,"null","null","null","null",999,FALSE,FALSE,FALSE,"null","null","null","null","null",265.23,13595,561.078846719623,24,"RT >= 1 min","MS/MS available","Unknown",FALSE,TRUE,TRUE,FALSE,"Age-sensitive fungal effect"
"F1698_mz198.0974_rt0.46",-2.00878150982942,0.0233118476145605,0.0947931581316089,2.01989610176531,0.000473249845973564,0.00580690351545941,-3.86255968775697,0.0015360624833696,0.0330553491200696,1698,0.459,198.0974,"Unknown","[M+H]+",NA,0.536,TRUE,"null","null","null","null",999,FALSE,FALSE,FALSE,"null","null","null","null","null",3153.77,22741,718.566660803799,24,"Very early RT","MS/MS available","Unknown",FALSE,TRUE,TRUE,FALSE,"Age-sensitive fungal effect"
"F2102_mz226.1081_rt1.19",2.83361399594664,0.00630641296218911,0.0664470881897342,-0.760557298308507,0.223151887928233,0.324922890055862,3.76026465628022,0.00154905816752983,0.0330553491200696,2102,1.187,226.10806,"Unknown","[M+H]+","ion correlated with 2388; ion correlated with 2619; ion correlated with 2801; ion correlated with 1003; ion correlated with 2021; ion correlated with 1996",0.036,FALSE,"null","null","null","null",999,FALSE,FALSE,FALSE,"null","null","null","null","null",172.99,0,512691,15,"RT >= 1 min","No MS/MS assignment","Unknown",FALSE,FALSE,TRUE,FALSE,"Age-sensitive fungal effect"
"F1205_mz164.0821_rt0.78",1.36380543869159,0.0109982010038796,0.0741060510462375,-1.52379974656627,0.00567143068649441,0.0231759588994717,3.0537102864304,0.00147244959013044,0.0330553491200696,1205,0.783,164.08209,"Unknown","[M+H]+","ion correlated with 3448",0.214,FALSE,"null","null","null","null",999,FALSE,FALSE,FALSE,"null","null","null","null","null",65.75,17196.3333333333,26.9449333229958,20,"Early RT","No MS/MS assignment","Unknown",FALSE,TRUE,TRUE,FALSE,"Age-sensitive fungal effect"
"F3485_mz332.3316_rt3.83",-1.07119135796074,0.128801304439217,0.2445273543651,2.09822555456171,0.00561660694902554,0.0230972785766087,-3.00325307706128,0.00158444897928895,0.0330553491200696,3485,3.829,332.33157,"Unknown","[M+H]+",NA,0.143,TRUE,"null","null","null","null",999,FALSE,FALSE,FALSE,"null","null","null","null","null",10.26,7173.33333333333,44.083399154393,24,"RT >= 1 min","MS/MS available","Unknown",FALSE,TRUE,TRUE,FALSE,"Age-sensitive fungal effect"
"F2930_mz288.2174_rt1.25",NA,NA,NA,NA,NA,NA,2.75036157122796,0.00150100277436703,0.0330553491200696,2930,1.251,288.21744,"Unknown","[M+H]+","ion correlated with 2809",0.036,FALSE,"null","null","null","null",999,FALSE,FALSE,FALSE,"null","null","null","null","null",149.48,4498,33.2940653478551,16,"RT >= 1 min","No MS/MS assignment","Unknown",FALSE,FALSE,TRUE,FALSE,"Age-sensitive fungal effect"
"F1438_mz180.0868_rt0.46",-1.47457048949116,0.0159011975805548,0.0799995949230129,1.43421128365712,0.00230399225196689,0.0132742700811291,-2.7426638824917,0.00145975578001291,0.0330553491200696,1438,0.463,180.08681,"Unknown","[M+H]+",NA,0.643,TRUE,"null","null","null","null",999,FALSE,FALSE,FALSE,"null","null","null","null","null",952.36,91837.6666666667,135.498951059104,24,"Very early RT","MS/MS available","Unknown",FALSE,TRUE,TRUE,FALSE,"Age-sensitive fungal effect"
"F1288_mz169.1014_rt1.36",0.540289783656181,0.041624441315242,0.1216110708384,-1.66135515552845,0.00689500813429725,0.0267495413285837,2.36766088245056,0.00158083759814902,0.0330553491200696,1288,1.359,169.10143,"Unknown","[M+H]+","ion correlated with 2898; ion correlated with 4908; ion correlated with 3162; ion correlated with 3382; ion correlated with 4967; ion correlated with 1868; ion correlated with 3795; ion correlated with 2752; ion correlated with 1599; ion correlated with 3655; ion correlated with 3711; similar chromatogram in higher mz_2121; similar chromatogram in higher mz_3795; similar chromatogram in higher mz_3870",0.036,FALSE,"null","null","null","null",999,FALSE,FALSE,FALSE,"null","null","null","null","null",57.18,1680,112.486615110054,19,"RT >= 1 min","No MS/MS assignment","Unknown",FALSE,TRUE,TRUE,FALSE,"Age-sensitive fungal effect"
"F1298_mz170.0813_rt0.75",0.387385163123026,0.202840018439311,0.31828769145145,-1.22548627548825,0.00238338380799467,0.0135600001211599,1.77898850815128,0.00155718376480576,0.0330553491200696,1298,0.75,170.0813,"Unknown","[M+H]+","similar chromatogram in higher mz_2446; similar chromatogram in higher mz_4568",0.536,TRUE,"null","null","null","null",999,FALSE,FALSE,FALSE,"null","null","null","null","null",405.48,14144.6666666667,282.545184626623,24,"Early RT","MS/MS available","Unknown",FALSE,TRUE,TRUE,FALSE,"Age-sensitive fungal effect"
"F1482_mz182.9031_rt0.4",-0.0800567163803139,0.718978523141426,0.783555364557107,-1.47127613192671,0.000114464661558828,0.00374086832920911,1.55732805547463,0.00152312755907767,0.0330553491200696,1482,0.398,182.90306,"Unknown","[M+H]+",NA,0.214,FALSE,"null","null","null","null",999,FALSE,FALSE,FALSE,"null","null","null","null","null",93.44,0,302125,19,"Very early RT","No MS/MS assignment","Unknown",FALSE,TRUE,TRUE,TRUE,"Age-sensitive fungal effect"
"F491_mz114.0915_rt0.89",-0.3026649590854,0.302851547985748,0.403505673740259,1.24861954349335,0.00049863569057219,0.00589532821666079,-1.38516583700948,0.00159399881290155,0.0330553491200696,491,0.887,114.09153,"Unknown","[M+H]+","found in higher mz's MsMs_2513",0.5,TRUE,"null","null","null","null",999,FALSE,FALSE,FALSE,"null","null","null","null","null",53.73,219991.666666667,6.27725469636867,24,"Early RT","MS/MS available","Unknown",FALSE,TRUE,TRUE,FALSE,"Age-sensitive fungal effect"
"F1899_mz212.1033_rt0.9",-0.0401114922485047,0.887964730936022,0.924216502061392,1.66376680082067,3.69907582838038e-05,0.0030126839287431,-1.53776064813622,0.00167944709715794,0.0344790489046525,1899,0.896,212.10332,"Unknown","[M+H]+",NA,0.429,TRUE,"null","null","null","null",999,FALSE,FALSE,FALSE,"null","null","null","null","null",968.16,802.333333333333,8468.80456431535,15,"Early RT","MS/MS available","Unknown",FALSE,TRUE,TRUE,FALSE,"Age-sensitive fungal effect"
"F2512_mz258.1263_rt1.34",0.0855074851864988,0.781038038581283,0.83514387820025,2.34146316595634,4.05007520027043e-05,0.0030126839287431,-2.08983811655719,0.00172830413226871,0.0351307760747292,2512,1.341,258.12628,"Unknown","[M+2H]2+","ion correlated with 4660; similar chromatogram in higher mz_4660",0.643,TRUE,"null","null","null","null",999,FALSE,FALSE,FALSE,"null","null","null","null","null",4461.15,0,26413423,20,"RT >= 1 min","MS/MS available","Unknown",FALSE,TRUE,TRUE,TRUE,"Age-sensitive fungal effect"
"F2029_mz220.1337_rt1.07",0.844128560279154,0.0169877885578959,0.0824702708209474,-0.655577696798776,0.0265250175323455,0.0676536964027239,1.66581670997307,0.00178960427602457,0.0356704619289169,2029,1.071,220.13373,"Unknown","[M+H]+","ion correlated with 3048; ion correlated with 1729",0.071,FALSE,"null","null","null","null",999,FALSE,FALSE,FALSE,"null","null","null","null","null",64.95,659.333333333333,394.391721352852,14,"RT >= 1 min","No MS/MS assignment","Unknown",FALSE,FALSE,TRUE,FALSE,"Age-sensitive fungal effect"
"F4316_mz430.1576_rt0.87",1.96944242234976,0.00227881808143665,0.0617555979727435,3.41822718096724,0.000169709070658805,0.00400777622989398,-1.2826697691205,0.00178288880633001,0.0356704619289169,4316,0.869,430.15759,"Unknown","[M+H]+",NA,0.393,FALSE,"null","null","null","null",999,FALSE,FALSE,FALSE,"null","null","null","null","null",6124.96,0,617084,13,"Early RT","No MS/MS assignment","Unknown",FALSE,TRUE,TRUE,TRUE,"Age-sensitive fungal effect"
"F2779_mz277.148_rt0.89",2.26787026167089,0.0540356498225922,0.141445606340602,-2.59160179905943,0.00762308699683707,0.0284144622049592,5.02558455252028,0.00200124045802328,0.0357657100507141,2779,0.889,277.14801,"Unknown","[M+H]+","ion correlated with 3223",0.036,FALSE,"null","null","null","null",999,FALSE,FALSE,FALSE,"null","null","null","null","null",512.53,0,6254196,12,"Early RT","No MS/MS assignment","Unknown",FALSE,TRUE,TRUE,FALSE,"Age-sensitive fungal effect"
"F2194_mz232.1548_rt1.17",5.78422008515092,0.000796872083919848,0.0475363011579493,1.07889225780992,0.0209280087165653,0.0564882042646889,4.87140288165764,0.0019282465151011,0.0357657100507141,2194,1.169,232.15477,"Unknown","[M+H]+","ion correlated with 2437; ion correlated with 2707; ion correlated with 2166; ion correlated with 2946; ion correlated with 3235; ion correlated with 2358",0.107,TRUE,"null","null","null","null",999,FALSE,FALSE,FALSE,"null","null","null","null","null",452.95,16373.3333333333,221.086436089001,24,"RT >= 1 min","MS/MS available","Unknown",TRUE,FALSE,TRUE,TRUE,"Age-sensitive fungal effect"
"F4067_mz391.2084_rt0.97",2.71201524011258,0.0200406843628975,0.0869451487942915,-1.94024080915945,0.0315512494661315,0.0762829176179309,4.81834490733255,0.00232416090640233,0.0357657100507141,4067,0.973,391.20844,"Unknown","[M+H]+","ion correlated with 1726; ion correlated with 3690; ion correlated with 1095; ion correlated with 1552; ion correlated with 4082; ion correlated with 1927; ion correlated with 1765; ion correlated with 3243; ion correlated with 3461; ion correlated with 3351; ion correlated with 1504; ion correlated with 4175",0.107,FALSE,"null","null","null","null",999,FALSE,FALSE,FALSE,"null","null","null","null","null",7111.42,0,1038526,11,"Early RT","No MS/MS assignment","Unknown",FALSE,FALSE,TRUE,FALSE,"Age-sensitive fungal effect"
"F3837_mz365.1925_rt0.94",1.2861101049569,0.0366777301239045,0.115038108859744,-2.33451836162709,0.00900600919191424,0.0315488284963663,3.78672589284506,0.00221274103075203,0.0357657100507141,3837,0.938,365.19247,"Unknown","[M+H]+","ion correlated with 2391; ion correlated with 3690; ion correlated with 3965",0.214,FALSE,"null","null","null","null",999,FALSE,FALSE,FALSE,"null","null","null","null","null",241.2,0,562864,10,"Early RT","No MS/MS assignment","Unknown",FALSE,TRUE,TRUE,FALSE,"Age-sensitive fungal effect"
"F2942_mz289.1401_rt0.86",1.65387529533458,0.0187495266398157,0.0855961844560316,-1.77718499958126,0.00582000851020698,0.0235918202110176,3.59716925471618,0.00210566757292122,0.0357657100507141,2942,0.855,289.14011,"Unknown","[M+H]+","ion correlated with 3088; ion correlated with 2513",0.071,TRUE,"null","null","null","null",999,FALSE,FALSE,FALSE,"null","null","null","null","null",278.42,0,1103751,14,"Early RT","MS/MS available","Unknown",FALSE,TRUE,TRUE,FALSE,"Age-sensitive fungal effect"
"F3390_mz323.1471_rt1.25",3.27720552073762,0.00243291567109691,0.0617555979727435,0.0171060763970049,0.962330840246766,0.97609070927621,3.4261045888543,0.00200732020439237,0.0357657100507141,3390,1.246,323.14713,"Unknown","[M+H]+","ion correlated with 2645; ion correlated with 3799; ion correlated with 3568",0.036,FALSE,"null","null","null","null",999,FALSE,FALSE,FALSE,"null","null","null","null","null",27.96,1089.66666666667,97.0452322738386,22,"RT >= 1 min","No MS/MS assignment","Unknown",FALSE,FALSE,TRUE,TRUE,"Age-sensitive fungal effect"
"F3222_mz310.1192_rt1.07",2.30097025625522,0.00559239049468839,0.0664470881897342,-0.799943011922215,0.207945291792239,0.311037093349993,3.26699170515335,0.00202809649015574,0.0357657100507141,3222,1.069,310.11917,"Unknown","[M+H]+","ion correlated with 4033; ion correlated with 2368; ion correlated with 4289; ion correlated with 4372; ion correlated with 2789; ion correlated with 3623",0.036,FALSE,"null","null","null","null",999,FALSE,FALSE,FALSE,"null","null","null","null","null",19.13,0,215597,13,"RT >= 1 min","No MS/MS assignment","Unknown",FALSE,FALSE,TRUE,FALSE,"Age-sensitive fungal effect"
"F4193_mz409.1875_rt1",-2.92124189950371,0.00421645711064577,0.0664470881897342,0.237553651539525,0.445308854561085,0.527033941529542,-2.99265791494225,0.0020093910813324,0.0357657100507141,4193,1.005,409.1875,"Unknown","[M+H]+",NA,0.321,FALSE,"null","null","null","null",999,FALSE,FALSE,FALSE,"null","null","null","null","null",188.69,0,424987,18,"RT >= 1 min","No MS/MS assignment","Unknown",FALSE,FALSE,TRUE,FALSE,"Age-sensitive fungal effect"
"F2120_mz227.1282_rt1.18",3.59912201442615,0.000359581997962743,0.0453273085209702,1.23209050434299,0.00290634060792427,0.0153262545481131,2.53313141983823,0.00200527900635762,0.0357657100507141,2120,1.178,227.12816,"Unknown","[M+H]+","ion correlated with 2619; ion correlated with 1003; ion correlated with 2021",0.036,FALSE,"null","null","null","null",999,FALSE,FALSE,FALSE,"null","null","null","null","null",108.27,20288.6666666667,23.348584665429,24,"RT >= 1 min","No MS/MS assignment","Unknown",TRUE,TRUE,TRUE,TRUE,"Age-sensitive fungal effect"
"F2608_mz266.124_rt0.47",1.27730135329613,0.0185208384333597,0.0851106056470881,-0.891371803921072,0.0111742854252336,0.0359796140642273,2.33479057773973,0.00204087478513966,0.0357657100507141,2608,0.468,266.12396,"Unknown","[M+H]+",NA,0.429,TRUE,"null","null","null","null",999,FALSE,FALSE,FALSE,"null","null","null","null","null",1457.06,6927,3895.25129907621,18,"Very early RT","MS/MS available","Unknown",FALSE,TRUE,TRUE,FALSE,"Age-sensitive fungal effect"
"F2254_mz238.1079_rt1.19",1.71300409067703,0.00559738906395951,0.0664470881897342,-0.433084215024766,0.017985714838094,0.0504667153059003,2.31220214200224,0.00201125915625556,0.0357657100507141,2254,1.188,238.10791,"Unknown","[M+H]+","similar chromatogram in higher mz_2946; similar chromatogram in higher mz_3235",0.107,TRUE,"null","null","null","null",999,FALSE,FALSE,FALSE,"null","null","null","null","null",130.19,0,1221584,16,"RT >= 1 min","MS/MS available","Unknown",FALSE,FALSE,TRUE,FALSE,"Age-sensitive fungal effect"
"F4657_mz513.2296_rt1.4",-0.0870441792798321,0.808294319565364,0.857419266523521,2.3041126275319,2.78647880708482e-05,0.00297373099685525,-2.22503706419592,0.00229452690021808,0.0357657100507141,4657,1.401,513.22961,"Unknown","[M+H]+",NA,0.643,TRUE,"null","null","null","null",999,FALSE,FALSE,FALSE,"null","null","null","null","null",5147.49,0,411631,19,"RT >= 1 min","MS/MS available","Unknown",FALSE,TRUE,TRUE,FALSE,"Age-sensitive fungal effect"
"F1561_mz188.1649_rt1.02",1.60493720287582,0.0031802852596161,0.0646007615418979,-0.445429482400721,0.11642126440479,0.205502542922919,2.21647239966385,0.00212413785987925,0.0357657100507141,1561,1.025,188.16489,"Unknown","[M+H]+","ion correlated with 1529; ion correlated with 4033; ion correlated with 3048; ion correlated with 3734",0.107,FALSE,"null","null","null","null",999,FALSE,FALSE,FALSE,"null","null","null","null","null",96.9,0,265909,12,"RT >= 1 min","No MS/MS assignment","Unknown",FALSE,FALSE,TRUE,FALSE,"Age-sensitive fungal effect"
"F1702_mz198.1126_rt0.9",-0.859541345821002,0.0191224157011721,0.0855961844560316,1.1307380404244,0.00124493298508796,0.0097113329077308,-1.82415944658215,0.00216273356672781,0.0357657100507141,1702,0.899,198.11264,"Unknown","[M+H]+",NA,0.393,FALSE,"null","null","null","null",999,FALSE,FALSE,FALSE,"null","null","null","null","null",235.25,6059.66666666667,215.20190298097,24,"Early RT","No MS/MS assignment","Unknown",FALSE,TRUE,TRUE,FALSE,"Age-sensitive fungal effect"
"F1462_mz181.1225_rt7.32",-0.148910914743259,0.829918404060306,0.877077251426565,1.81395399621845,0.041489566484719,0.0936702216133622,-1.79664788891215,0.00227080586908238,0.0357657100507141,1462,7.325,181.12253,"Unknown","[M+H]+","ion correlated with 4851; found in higher mz's MsMs_4854; found in higher mz's MsMs_4851",0.107,TRUE,"null","null","null","null",999,FALSE,FALSE,FALSE,"null","null","null","null","null",3.86,2246.33333333333,118.77588252744,23,"RT >= 1 min","MS/MS available","Unknown",FALSE,FALSE,TRUE,FALSE,"Age-sensitive fungal effect"
"F1963_mz215.9837_rt5.78",-0.484961984681068,0.106273238303352,0.220818660906874,1.43856513948532,0.00161849842838028,0.0109488708544829,-1.75735085276584,0.00228500292452816,0.0357657100507141,1963,5.78,215.98367,"Unknown","[M+H]+","ion correlated with 1369; ion correlated with 4504; ion correlated with 1025; ion correlated with 4273; ion correlated with 5067; ion correlated with 4359; ion correlated with 4389; ion correlated with 3749; ion correlated with 3775; ion correlated with 3577; ion correlated with 3357; ion correlated with 2473",0.107,FALSE,"null","null","null","null",999,FALSE,FALSE,FALSE,"null","null","null","null","null",39.07,10729.3333333333,15.9246683855736,24,"RT >= 1 min","No MS/MS assignment","Unknown",FALSE,TRUE,TRUE,FALSE,"Age-sensitive fungal effect"
"F1208_mz164.1073_rt1.35",-0.585921741993682,0.0900061314413124,0.199868513452638,1.31510007295736,0.000852715951637254,0.00749116613696973,-1.73489444791557,0.00219942231090622,0.0357657100507141,1208,1.351,164.1073,"Unknown","[M+H]+",NA,0.107,FALSE,"null","null","null","null",999,FALSE,FALSE,FALSE,"null","null","null","null","null",136.43,519.333333333333,383.386931454196,19,"RT >= 1 min","No MS/MS assignment","Unknown",FALSE,TRUE,TRUE,FALSE,"Age-sensitive fungal effect"
"F1725_mz200.0443_rt0.45",-0.110198237636653,0.731386868441487,0.795485569598465,1.75126637161804,0.000235400718068912,0.00434952126925572,-1.69534649453249,0.00232003386916732,0.0357657100507141,1725,0.449,200.04431,"Unknown","[M+2H]2+","similar chromatogram in higher mz_3214",0.607,FALSE,"null","null","null","null",999,FALSE,FALSE,FALSE,"null","null","null","null","null",116.74,0,1311320,18,"Very early RT","No MS/MS assignment","Unknown",FALSE,TRUE,TRUE,FALSE,"Age-sensitive fungal effect"
"F3844_mz366.166_rt0.99",0.681844590069967,0.0491884205631527,0.13341226961734,-0.741251097057272,0.0437099088752083,0.0974670856058181,1.58919988665062,0.00195790971430671,0.0357657100507141,3844,0.987,366.16605,"Unknown","[M+H]+",NA,0.036,FALSE,"null","null","null","null",999,FALSE,FALSE,FALSE,"null","null","null","null","null",54.27,0,131699,13,"Early RT","No MS/MS assignment","Unknown",FALSE,FALSE,TRUE,FALSE,"Age-sensitive fungal effect"
"F683_mz127.0393_rt1.05",-1.84889544806063,0.00251323519543945,0.0617555979727435,-0.0956931041930317,0.67480444571265,0.74274545441954,-1.58708364433903,0.00199416246809567,0.0357657100507141,683,1.048,127.03927,"Unknown","[M+H]+",NA,0.179,TRUE,"null","null","null","null",999,FALSE,FALSE,FALSE,"null","null","null","null","null",160.03,189590.666666667,14.1861562129137,24,"RT >= 1 min","MS/MS available","Unknown",FALSE,FALSE,TRUE,TRUE,"Age-sensitive fungal effect"
"F2941_mz289.119_rt1.08",0.619910707564799,0.0455311007506744,0.127858994558515,-0.770871471453971,0.00179778594550572,0.011679424752544,1.55689823859818,0.00194863871230605,0.0357657100507141,2941,1.076,289.11905,"Unknown","[M+H]+","ion correlated with 2324; found in higher mz's MsMs_3314",0.393,TRUE,"null","null","null","null",999,FALSE,FALSE,FALSE,"null","null","null","null","null",165.39,0,974611,15,"RT >= 1 min","MS/MS available","Unknown",FALSE,TRUE,TRUE,FALSE,"Age-sensitive fungal effect"
"F415_mz109.0286_rt0.47",-0.379629503707515,0.171452882585602,0.28838146077593,1.32765302531825,0.00156997870628636,0.0107995504947577,-1.5411643619335,0.00228454372569306,0.0357657100507141,415,0.468,109.02859,"Unknown","[M+H]+","found in higher mz's MsMs_1901; similar chromatogram in higher mz_1383; similar chromatogram in higher mz_2641; similar chromatogram in higher mz_4097; similar chromatogram in higher mz_4441; similar chromatogram in higher mz_3422; similar chromatogram in higher mz_3086; similar chromatogram in higher mz_3008",0.607,FALSE,"null","null","null","null",999,FALSE,FALSE,FALSE,"null","null","null","null","null",99.43,190091.666666667,14.5144420791263,24,"Very early RT","No MS/MS assignment","Unknown",FALSE,TRUE,TRUE,FALSE,"Age-sensitive fungal effect"
"F1537_mz187.0716_rt0.73",0.658173232237369,0.0266346069510702,0.10010554128776,-0.492121059234534,0.0264415148307534,0.0675926111101466,1.31640938173206,0.00212460550347226,0.0357657100507141,1537,0.726,187.07161,"Unknown","[M+H]+","ion correlated with 1557; ion correlated with 1086; similar chromatogram in higher mz_1557; similar chromatogram in higher mz_3649; similar chromatogram in higher mz_2134; similar chromatogram in higher mz_3406",0.143,FALSE,"null","null","null","null",999,FALSE,FALSE,FALSE,"null","null","null","null","null",50.99,0,626127,13,"Early RT","No MS/MS assignment","Unknown",FALSE,FALSE,TRUE,FALSE,"Age-sensitive fungal effect"
"F405_mz108.0444_rt0.62",0.274871589955375,0.230353188867933,0.341392152541699,-0.868246858104016,0.00308324963743078,0.0160159649358532,1.30923555957655,0.00216852361136977,0.0357657100507141,405,0.621,108.04443,"Unknown","[M+H]+","found in higher mz's MsMs_668",0.429,TRUE,"null","null","null","null",999,FALSE,FALSE,FALSE,"null","null","null","null","null",132.65,67580,50.3863363963244,19,"Early RT","MS/MS available","Unknown",FALSE,TRUE,TRUE,FALSE,"Age-sensitive fungal effect"
"F2837_mz282.1456_rt1.22",0.664863095452573,0.0306070217778072,0.106842049867453,-0.458447558780619,0.0237231975104863,0.0621843629893808,1.28942224157254,0.00212375846932232,0.0357657100507141,2837,1.221,282.14557,"Unknown","[M+H]+","ion correlated with 1980; ion correlated with 2147",0.071,FALSE,"null","null","null","null",999,FALSE,FALSE,FALSE,"null","null","null","null","null",35.19,20132,11.0346197784732,24,"RT >= 1 min","No MS/MS assignment","Unknown",FALSE,FALSE,TRUE,FALSE,"Age-sensitive fungal effect"
"F1478_mz182.0815_rt0.75",-2.30320075201361,0.00114257130825799,0.0498556595853342,-0.862338503488994,0.0333191132688282,0.0793152366174403,-1.27474448563248,0.00233443991563356,0.0357657100507141,1478,0.747,182.0815,"Unknown","[M+H]+",NA,0.071,TRUE,"null","null","null","null",999,FALSE,FALSE,FALSE,"null","null","null","null","null",369.46,4504,4272.2128745838,24,"Early RT","MS/MS available","Unknown",TRUE,FALSE,TRUE,TRUE,"Age-sensitive fungal effect"
"F1780_mz203.0818_rt0.91",0.630220105590125,0.0341764821415839,0.112386141998919,-0.46296429063416,0.0161493583537837,0.046462665986171,1.25929951668974,0.00228396386230252,0.0357657100507141,1780,0.914,203.08177,"Unknown","[M+H]+","ion correlated with 460; ion correlated with 1623; ion correlated with 655; ion correlated with 1916",0.179,FALSE,"null","null","null","null",999,FALSE,FALSE,FALSE,"null","null","null","null","null",227.01,2274.66666666667,287.059616229676,20,"Early RT","No MS/MS assignment","Unknown",FALSE,TRUE,TRUE,FALSE,"Age-sensitive fungal effect"
"F668_mz126.0551_rt0.62",0.590354999831683,0.0373237914992607,0.116297174309542,-0.46572729936333,0.0139887079152499,0.0423305132333185,1.22219959641127,0.00216394526995879,0.0357657100507141,668,0.623,126.05506,"Unknown","[M+H]+",NA,0.429,TRUE,"null","null","null","null",999,FALSE,FALSE,FALSE,"null","null","null","null","null",135.68,109893.333333333,52.6810693908997,24,"Early RT","MS/MS available","Unknown",FALSE,TRUE,TRUE,FALSE,"Age-sensitive fungal effect"
"F1609_mz192.1023_rt1.21",-0.841282003520014,0.0110141233352789,0.0741060510462375,0.515313331258402,0.00755559623951301,0.0282492076993335,-1.19047345935084,0.00226411791673851,0.0357657100507141,1609,1.213,192.10234,"Unknown","[M+H]+","ion correlated with 1387; ion correlated with 1430",0.071,FALSE,"null","null","null","null",999,FALSE,FALSE,FALSE,"null","null","null","null","null",55.11,1198.66666666667,241.48041122534,24,"RT >= 1 min","No MS/MS assignment","Unknown",FALSE,TRUE,TRUE,FALSE,"Age-sensitive fungal effect"
"F2113_mz227.082_rt1.07",0.63526653869789,0.0259655240884237,0.0993520643450817,-0.386447622223079,0.0182680677231143,0.0510695981914649,1.18782925678504,0.00231764171582413,0.0357657100507141,2113,1.07,227.08199,"Unknown","[M+H]+","ion correlated with 1063; ion correlated with 1222; ion correlated with 2123",0.321,TRUE,"null","null","null","null",999,FALSE,FALSE,FALSE,"null","null","null","null","null",48.68,39153,13.3501302548909,24,"RT >= 1 min","MS/MS available","Unknown",FALSE,FALSE,TRUE,FALSE,"Age-sensitive fungal effect"
"F2149_mz229.0977_rt1.05",0.957438064886228,0.00488633918659375,0.0664470881897342,-0.0120920191438083,0.92982279366778,0.95248093033658,1.13564677787327,0.00225239724035889,0.0357657100507141,2149,1.052,229.09773,"Unknown","[M+H]+","ion correlated with 1659",0.357,TRUE,"null","null","null","null",999,FALSE,FALSE,FALSE,"null","null","null","null","null",176.65,39738.3333333333,48.185030783942,23,"RT >= 1 min","MS/MS available","Unknown",FALSE,FALSE,TRUE,FALSE,"Age-sensitive fungal effect"
"F3090_mz300.1447_rt0.89",0.811467670210031,0.260566702574604,0.367677766257324,-1.90558547021076,0.0195739114614825,0.0538579139606851,2.88314305241251,0.00247679668830516,0.0367813131626245,3090,0.892,300.14468,"Unknown","[M+H]+",NA,0.107,FALSE,"null","null","null","null",999,FALSE,FALSE,FALSE,"null","null","null","null","null",19.8,0,292392,15,"Early RT","No MS/MS assignment","Unknown",FALSE,FALSE,TRUE,FALSE,"Age-sensitive fungal effect"
"F2517_mz259.0648_rt0.42",-1.21434676686653,0.0395986704582036,0.119197430245893,1.35054788556857,0.000847270610235872,0.00749116613696973,-2.39876540905276,0.00246966752391552,0.0367813131626245,2517,0.417,259.06479,"Unknown","[M+H]+",NA,0.071,FALSE,"null","null","null","null",999,FALSE,FALSE,FALSE,"null","null","null","null","null",53.17,0,358160,24,"Very early RT","No MS/MS assignment","Unknown",FALSE,TRUE,TRUE,FALSE,"Age-sensitive fungal effect"
"F3898_mz371.2071_rt1.15",-2.21335138218737,0.103432218085153,0.217303428551122,0.149627626948689,0.895890972932973,0.927762696309991,-2.19678368100959,0.00242759092993344,0.0367813131626245,3898,1.152,371.20706,"Unknown","[M+H]+","ion correlated with 1764; ion correlated with 3143; ion correlated with 3772; ion correlated with 4952; ion correlated with 4792; ion correlated with 2013; ion correlated with 4871",0.036,FALSE,"null","null","null","null",999,FALSE,FALSE,FALSE,"null","null","null","null","null",98.25,0,457062,18,"RT >= 1 min","No MS/MS assignment","Unknown",FALSE,FALSE,TRUE,FALSE,"Age-sensitive fungal effect"
"F859_mz139.9881_rt8.02",-0.418931897158548,0.257590060289523,0.365523356345796,1.4607192196908,0.00482635736960998,0.021089384000076,-1.71351305117097,0.00249030810014847,0.0367813131626245,859,8.023,139.9881,"Unknown","[M+H]+",NA,0.036,TRUE,"null","null","null","null",999,FALSE,FALSE,FALSE,"null","null","null","null","null",6.93,23784.3333333333,9.59885643814115,24,"RT >= 1 min","MS/MS available","Unknown",FALSE,TRUE,TRUE,FALSE,"Age-sensitive fungal effect"
"F1583_mz190.1077_rt0.92",1.0723278036502,0.00325520937189247,0.0646007615418979,-0.018865858573451,0.884297521436092,0.919961216159454,1.25731063681294,0.00245060702297902,0.0367813131626245,1583,0.918,190.10768,"Unknown","[M+H]+","ion correlated with 1911; ion correlated with 1287; ion correlated with 1043",0.429,TRUE,"null","null","null","null",999,FALSE,FALSE,FALSE,"null","null","null","null","null",534.85,12889.3333333333,210.142277158594,21,"Early RT","MS/MS available","Unknown",FALSE,FALSE,TRUE,FALSE,"Age-sensitive fungal effect"
"F1770_mz202.1807_rt1.09",1.55242282926243,0.00423590272749468,0.0664470881897342,-0.245446099531024,0.083440979452527,0.159705753252307,1.96397525177949,0.00254338627170935,0.0372969429701378,1770,1.089,202.18065,"Unknown","[M+H]+","ion correlated with 3048; ion correlated with 3734; ion correlated with 4030",0.036,FALSE,"null","null","null","null",999,FALSE,FALSE,FALSE,"null","null","null","null","null",81.77,666.333333333333,352.591408591409,13,"RT >= 1 min","No MS/MS assignment","Unknown",FALSE,FALSE,TRUE,FALSE,"Age-sensitive fungal effect"
"F1111_mz157.0498_rt0.92",NA,NA,NA,NA,NA,NA,5.03287313814727,0.00292324457422112,0.0373286078560745,1111,0.923,157.04982,"Unknown","[M+H]+","ion correlated with 1358; ion correlated with 638; ion correlated with 1726; ion correlated with 670",0.036,TRUE,"null","null","null","null",999,FALSE,FALSE,FALSE,"null","null","null","null","null",387.76,50596.3333333333,52.0791280172868,18,"Early RT","MS/MS available","Unknown",FALSE,FALSE,TRUE,FALSE,"Age-sensitive fungal effect"
"F2761_mz276.1448_rt0.9",2.23069220020916,0.0612993622157528,0.154886695843589,-2.19803563271491,0.0115402089337209,0.0367925200555426,4.59484491395332,0.00289730003973386,0.0373286078560745,2761,0.895,276.14478,"Unknown","[M+2H]2+","ion correlated with 3012; ion correlated with 3428",0.429,TRUE,"null","null","null","null",999,FALSE,FALSE,FALSE,"null","null","null","null","null",9089.63,0,51437869,14,"Early RT","MS/MS available","Unknown",FALSE,TRUE,TRUE,FALSE,"Age-sensitive fungal effect"
"F3012_mz294.1553_rt0.9",2.01387782238145,0.0791311812179311,0.18301180207838,-2.25544792386209,0.0107025727480525,0.0350574893767377,4.43544318685212,0.00278827852735821,0.0373286078560745,3012,0.896,294.15533,"Unknown","[M+H]+",NA,0.429,TRUE,"null","null","null","null",999,FALSE,FALSE,FALSE,"null","null","null","null","null",5124.73,39732.6666666667,5066.51980268622,18,"Early RT","MS/MS available","Unknown",FALSE,TRUE,TRUE,FALSE,"Age-sensitive fungal effect"
"F1563_mz188.2011_rt1.3",0.814479526058158,0.0758057669452688,0.177140355508563,4.58668020516255,0.0005108623395565,0.00598904598788277,-3.60608227377447,0.00270800620663781,0.0373286078560745,1563,1.296,188.20113,"Unknown","[M+H]+",NA,0.393,TRUE,"null","null","null","null",999,FALSE,FALSE,FALSE,"null","null","null","null","null",540.3,527.666666666667,19140.289407314,18,"RT >= 1 min","MS/MS available","Unknown",FALSE,TRUE,TRUE,TRUE,"Age-sensitive fungal effect"
"F3541_mz337.172_rt0.44",1.04294167971088,0.179107362463355,0.29609536084796,-2.31492717145849,0.00820402725667542,0.0297970269962451,3.52398349722135,0.00263287531813982,0.0373286078560745,3541,0.443,337.17197,"Unknown","[M+H]+","ion correlated with 3021; ion correlated with 2026; ion correlated with 3221",0.393,FALSE,"null","null","null","null",999,FALSE,FALSE,FALSE,"null","null","null","null","null",1363.92,0,2995643,12,"Very early RT","No MS/MS assignment","Unknown",FALSE,TRUE,TRUE,FALSE,"Age-sensitive fungal effect"
"F2619_mz267.1208_rt1.18",5.18267233985383,0.00062674454355075,0.0464071206640815,1.84415216129277,0.00756630761286113,0.0282492076993335,3.50458153044732,0.00282571035088673,0.0373286078560745,2619,1.178,267.12082,"Unknown","[M+H]+","ion correlated with 2418; ion correlated with 523; ion correlated with 2799; ion correlated with 2120; ion correlated with 2102; ion correlated with 1003; ion correlated with 1754; ion correlated with 2021; ion correlated with 1272; ion correlated with 1996",0.071,FALSE,"null","null","null","null",999,FALSE,FALSE,FALSE,"null","null","null","null","null",128.98,12766,41.4609540220882,24,"RT >= 1 min","No MS/MS assignment","Unknown",TRUE,TRUE,TRUE,TRUE,"Age-sensitive fungal effect"
"F2099_mz226.0713_rt0.75",1.13328994315589,0.121635334561121,0.237717979430822,-2.05891668073908,0.00894248688766503,0.031460834316521,3.35831591168864,0.0027931871566468,0.0373286078560745,2099,0.746,226.07135,"Unknown","[M+H]+","ion correlated with 2251",0.286,FALSE,"null","null","null","null",999,FALSE,FALSE,FALSE,"null","null","null","null","null",92.96,0,973365,16,"Early RT","No MS/MS assignment","Unknown",FALSE,TRUE,TRUE,FALSE,"Age-sensitive fungal effect"
"F3021_mz295.114_rt0.45",1.2748563300821,0.165185122773591,0.282092234964124,-1.748468218977,0.0395114621798788,0.0907803837533653,3.18943980435648,0.00295271627089269,0.0373286078560745,3021,0.453,295.11398,"Unknown","[M+H]+","ion correlated with 3541; ion correlated with 2026; ion correlated with 3221; ion correlated with 2572",0.429,FALSE,"null","null","null","null",999,FALSE,FALSE,FALSE,"null","null","null","null","null",312.5,0,3098237,15,"Very early RT","No MS/MS assignment","Unknown",FALSE,FALSE,TRUE,FALSE,"Age-sensitive fungal effect"
"F2847_mz283.1083_rt1.44",-3.08812229530942,0.00198870407564801,0.0617555979727435,-0.450014418314811,0.200380783008248,0.304929458019587,-2.47194525972406,0.0029723070348761,0.0373286078560745,2847,1.443,283.10828,"Unknown","[M+H]+",NA,0.143,FALSE,"null","null","null","null",999,FALSE,FALSE,FALSE,"null","null","null","null","null",44.7,0,256563,13,"RT >= 1 min","No MS/MS assignment","Unknown",FALSE,FALSE,TRUE,TRUE,"Age-sensitive fungal effect"
"F3621_mz346.055_rt0.84",2.68516205470459,0.00267468025607159,0.0625654587734684,0.407987642531131,0.516674399025869,0.5935455251835,2.4432751601931,0.00297659551858981,0.0373286078560745,3621,0.835,346.05499,"Unknown","[M+H]+","ion correlated with 1800",0.179,FALSE,"null","null","null","null",999,FALSE,FALSE,FALSE,"null","null","null","null","null",3209.83,0,372465,12,"Early RT","No MS/MS assignment","Unknown",FALSE,FALSE,TRUE,TRUE,"Age-sensitive fungal effect"
"F1976_mz217.015_rt0.64",1.17427943167541,0.0495780402067426,0.133934825562608,3.51363526322582,0.000178076877340189,0.00400777622989398,-2.17323921667013,0.00297649309815207,0.0373286078560745,1976,0.636,217.015,"Unknown","[M+H]+",NA,0.107,FALSE,"null","null","null","null",999,FALSE,FALSE,FALSE,"null","null","null","null","null",74.81,5758.66666666667,98.336419931709,19,"Early RT","No MS/MS assignment","Unknown",FALSE,TRUE,TRUE,TRUE,"Age-sensitive fungal effect"
"F1580_mz190.0866_rt1.18",1.49332422787826,0.00952832613978324,0.0737876177855569,-0.400586349896903,0.116826859418613,0.205738534429985,2.06001928150104,0.0029405393008777,0.0373286078560745,1580,1.176,190.08662,"Unknown","[M+H]+","ion correlated with 2801; ion correlated with 2147",0.107,FALSE,"null","null","null","null",999,FALSE,FALSE,FALSE,"null","null","null","null","null",96,0,324915,16,"RT >= 1 min","No MS/MS assignment","Unknown",FALSE,FALSE,TRUE,FALSE,"Age-sensitive fungal effect"
"F175_mz85.0285_rt0.47",-0.711528262017249,0.0930934943348028,0.204283499657319,1.34069426451341,0.00214569191629387,0.012870293888192,-1.88610475123051,0.0027686992572909,0.0373286078560745,175,0.474,85.0285,"Unknown","[M+H]+","ion correlated with 950; found in higher mz's MsMs_3782; found in higher mz's MsMs_1698; found in higher mz's MsMs_2771; found in higher mz's MsMs_1621; found in higher mz's MsMs_2814; found in higher mz's MsMs_1438; found in higher mz's MsMs_3407; found in higher mz's MsMs_3408; similar chromatogram in higher mz_709; similar chromatogram in higher mz_4326; found in higher mz's MsMs_4326; found in higher mz's MsMs_1901; found in higher mz's MsMs_1004; found in higher mz's MsMs_950; found in higher mz's MsMs_2572; similar chromatogram in higher mz_4221; similar chromatogram in higher mz_1162; similar chromatogram in higher mz_2290",0.643,TRUE,"null","null","null","null",999,FALSE,FALSE,FALSE,"null","null","null","null","null",62.44,135219,31.8438470640438,24,"Very early RT","MS/MS available","Unknown",FALSE,TRUE,TRUE,FALSE,"Age-sensitive fungal effect"
"F2147_mz229.0612_rt1.23",0.880599008465523,0.0283447629718549,0.103233173648698,-0.738356040045371,0.00485339711322026,0.0211462791689251,1.78506527677786,0.00263454244028829,0.0373286078560745,2147,1.227,229.06122,"Unknown","[M+H]+","ion correlated with 1580; ion correlated with 2837",0.179,FALSE,"null","null","null","null",999,FALSE,FALSE,FALSE,"null","null","null","null","null",36.61,17671.3333333333,14.511552898127,22,"RT >= 1 min","No MS/MS assignment","Unknown",FALSE,TRUE,TRUE,FALSE,"Age-sensitive fungal effect"
"F2523_mz259.1293_rt0.78",0.192698518645454,0.492278814992289,0.580853162359596,-1.42607835789219,0.00396890520962082,0.0187145136991277,1.78489427691237,0.00274450312381938,0.0373286078560745,2523,0.783,259.12927,"Unknown","[M+H]+",NA,0.429,TRUE,"null","null","null","null",999,FALSE,FALSE,FALSE,"null","null","null","null","null",1552.51,0,17658549,13,"Early RT","MS/MS available","Unknown",FALSE,TRUE,TRUE,FALSE,"Age-sensitive fungal effect"
"F256_mz97.0286_rt0.48",-0.433386198241957,0.243249971362685,0.352080912054403,1.29238126226882,0.0021645237853769,0.012870293888192,-1.55964971525427,0.00298192483604297,0.0373286078560745,256,0.477,97.02856,"Unknown","[M+H]+","found in higher mz's MsMs_3782; found in higher mz's MsMs_2608; found in higher mz's MsMs_1698; found in higher mz's MsMs_2771; found in higher mz's MsMs_2814; found in higher mz's MsMs_1438; found in higher mz's MsMs_3407; found in higher mz's MsMs_3408; found in higher mz's MsMs_2790; found in higher mz's MsMs_2833; found in higher mz's MsMs_2482; found in higher mz's MsMs_2572",0.643,FALSE,"null","null","null","null",999,FALSE,FALSE,FALSE,"null","null","null","null","null",206.97,117632,25.2849965570886,24,"Very early RT","No MS/MS assignment","Unknown",FALSE,TRUE,TRUE,FALSE,"Age-sensitive fungal effect"
"F3537_mz337.1051_rt2.67",0.0626600773359449,0.882826125613213,0.920211074349419,1.76222737338047,0.00655643672138761,0.0256583391872765,-1.53344485789967,0.00292539956574705,0.0373286078560745,3537,2.671,337.10507,"Unknown","[M+H]+",NA,0.214,TRUE,"null","null","null","null",999,FALSE,FALSE,FALSE,"null","null","null","null","null",923.6,8617.33333333333,21.0754206149681,24,"RT >= 1 min","MS/MS available","Unknown",FALSE,TRUE,TRUE,TRUE,"Age-sensitive fungal effect"
"F1459_mz181.1225_rt5.96",-0.941649076370347,0.0453268630811135,0.127443187522982,0.757404758493578,0.0496330745883234,0.107415628910035,-1.53277778525233,0.00281346836123746,0.0373286078560745,1459,5.955,181.12247,"Unknown","[M+H]+","ion correlated with 2476; ion correlated with 4813; ion correlated with 4850; found in higher mz's MsMs_4856",0.107,TRUE,"null","null","null","null",999,FALSE,FALSE,FALSE,"null","null","null","null","null",4.06,4430,63.5301286391334,24,"RT >= 1 min","MS/MS available","Unknown",FALSE,FALSE,TRUE,FALSE,"Age-sensitive fungal effect"
"F1968_mz216.0984_rt0.8",0.359737340068222,0.32850179858446,0.427391388181273,-0.942248074777433,0.0175844126111725,0.0496475331186089,1.46809807120066,0.00294493232906696,0.0373286078560745,1968,0.801,216.09842,"Unknown","[M+H]+",NA,0.214,FALSE,"null","null","null","null",999,FALSE,FALSE,FALSE,"null","null","null","null","null",101.47,0,622715,12,"Early RT","No MS/MS assignment","Unknown",FALSE,TRUE,TRUE,FALSE,"Age-sensitive fungal effect"
"F1979_mz217.0825_rt0.68",0.423341477672194,0.147941455020879,0.266326318359034,-0.877022397976202,0.0287519687338157,0.0716432151764673,1.46647646527598,0.00296645240136284,0.0373286078560745,1979,0.676,217.08247,"Unknown","[M+H]+","ion correlated with 1390; ion correlated with 970; ion correlated with 1386; ion correlated with 2134",0.036,FALSE,"null","null","null","null",999,FALSE,FALSE,FALSE,"null","null","null","null","null",55.35,0,356958,12,"Early RT","No MS/MS assignment","Unknown",FALSE,FALSE,TRUE,FALSE,"Age-sensitive fungal effect"
"F4020_mz385.1474_rt1.29",-0.310222505579961,0.215552216249292,0.329796344349051,1.25401757223298,0.00041520846915999,0.00551282617384515,-1.39812103066195,0.00268544436078495,0.0373286078560745,4020,1.293,385.14743,"Unknown","[M+H]+",NA,0.571,TRUE,"null","null","null","null",999,FALSE,FALSE,FALSE,"null","null","null","null","null",96.19,38261.3333333333,11.7425928023208,24,"RT >= 1 min","MS/MS available","Unknown",FALSE,TRUE,TRUE,FALSE,"Age-sensitive fungal effect"
"F1825_mz206.1182_rt1.05",0.710427514428857,0.0291283426876594,0.104742011978287,-0.411283060860879,0.0383211156701162,0.0887275881130891,1.28782025575659,0.00279012376172261,0.0373286078560745,1825,1.054,206.11816,"Unknown","[M+H]+","ion correlated with 3867; ion correlated with 2840; ion correlated with 3048; ion correlated with 2136; ion correlated with 3205; ion correlated with 2029; ion correlated with 3450; ion correlated with 2792",0.107,FALSE,"null","null","null","null",999,FALSE,FALSE,FALSE,"null","null","null","null","null",22.28,1006,158.904667328699,13,"RT >= 1 min","No MS/MS assignment","Unknown",FALSE,FALSE,TRUE,FALSE,"Age-sensitive fungal effect"
"F2743_mz275.1395_rt1.06",0.786595004925525,0.0190603698230187,0.0855961844560316,-0.305731309981794,0.109632774700521,0.195342542048809,1.25844037237537,0.00280817366098174,0.0373286078560745,2743,1.064,275.1395,"Unknown","[M+H]+","ion correlated with 2123; ion correlated with 2370; ion correlated with 2113; similar chromatogram in higher mz_3100",0.179,FALSE,"null","null","null","null",999,FALSE,FALSE,FALSE,"null","null","null","null","null",109.15,0,391034,17,"RT >= 1 min","No MS/MS assignment","Unknown",FALSE,FALSE,TRUE,FALSE,"Age-sensitive fungal effect"
"F1432_mz179.1547_rt1.08",0.361110845104496,0.135989687177084,0.252918524758036,-0.559203663112091,0.00982844139844624,0.0334993423040135,1.08642669178448,0.00293937266289447,0.0373286078560745,1432,1.076,179.15472,"Unknown","[M+H]+",NA,0.071,FALSE,"null","null","null","null",999,FALSE,FALSE,FALSE,"null","null","null","null","null",33.56,0,201993,13,"RT >= 1 min","No MS/MS assignment","Unknown",FALSE,TRUE,TRUE,FALSE,"Age-sensitive fungal effect"
"F3836_mz365.1829_rt1.01",-1.21749899100416,0.0233972294397543,0.0948107819509357,0.416416773261621,0.292172537409665,0.387854771883005,-1.4677912934461,0.00314715826146216,0.0391582782471626,3836,1.009,365.18286,"Unknown","[M+H]+","ion correlated with 4242",0.143,FALSE,"null","null","null","null",999,FALSE,FALSE,FALSE,"null","null","null","null","null",121.53,0,257421,15,"RT >= 1 min","No MS/MS assignment","Unknown",FALSE,FALSE,TRUE,FALSE,"Age-sensitive fungal effect"
"F1387_mz176.0711_rt1.19",-1.29796182686102,0.00673930208876482,0.0674976108303899,0.306476832076693,0.0783694606714173,0.152069102803641,-1.43831515873611,0.00316745352374107,0.039173386049641,1387,1.186,176.07115,"Unknown","[M+H]+","ion correlated with 1928; ion correlated with 1609",0.071,FALSE,"null","null","null","null",999,FALSE,FALSE,FALSE,"null","null","null","null","null",49.76,1603,199.88216957606,20,"RT >= 1 min","No MS/MS assignment","Unknown",FALSE,FALSE,TRUE,FALSE,"Age-sensitive fungal effect"
"F696_mz128.1072_rt1.14",1.82497724485564,0.00249579794555121,0.0617555979727435,0.118889741245403,0.390876190115087,0.477328680509096,1.87220173407608,0.00321647997636199,0.0395415173141986,696,1.141,128.10716,"Unknown","[M+H]+",NA,0.357,TRUE,"null","null","null","null",999,FALSE,FALSE,FALSE,"null","null","null","null","null",59.21,80065.3333333333,10.8490293465002,24,"RT >= 1 min","MS/MS available","Unknown",FALSE,FALSE,TRUE,TRUE,"Age-sensitive fungal effect"
"F1046_mz152.0475_rt0.94",-1.42073629877017,0.404004328470775,0.499284216394438,-0.0590237438587879,0.970919031275932,0.982250464699114,-1.1955932651952,0.00328131284838292,0.0398611554895274,1046,0.937,152.0475,"Unknown","[M+H]+",NA,0.036,FALSE,"null","null","null","null",999,FALSE,FALSE,FALSE,"null","null","null","null","null",18.63,314216,13.9210768354354,24,"Early RT","No MS/MS assignment","Unknown",FALSE,FALSE,TRUE,TRUE,"Age-sensitive fungal effect"
"F1430_mz179.1183_rt1.24",-0.112874246997436,0.700493506935619,0.768578224002379,1.09691828141538,0.00246852556978555,0.013973947739185,-1.04367288987288,0.00327430861904874,0.0398611554895274,1430,1.243,179.11829,"Unknown","[M+H]+","ion correlated with 1609",0.107,TRUE,"null","null","null","null",999,FALSE,FALSE,FALSE,"null","null","null","null","null",33.05,13946.6666666667,16.7861052027818,24,"RT >= 1 min","MS/MS available","Unknown",FALSE,TRUE,TRUE,FALSE,"Age-sensitive fungal effect"
"F459_mz112.0507_rt0.48",-2.29304393491811,0.00704721336740872,0.0678427280124292,0.402163611745928,0.0391670854031032,0.0900803281307441,-2.52908931565029,0.00334976817972658,0.0404533768998745,459,0.481,112.05074,"Unknown","[M+H]+","ion correlated with 4326; ion correlated with 51; ion correlated with 4472; ion correlated with 1032; found in higher mz's MsMs_2833; similar chromatogram in higher mz_4897; similar chromatogram in higher mz_4840; similar chromatogram in higher mz_4932; similar chromatogram in higher mz_4863; similar chromatogram in higher mz_4831; similar chromatogram in higher mz_4187",0.393,FALSE,"null","null","null","null",999,FALSE,FALSE,FALSE,"null","null","null","null","null",147.55,45348.3333333333,139.68776461249,24,"Very early RT","No MS/MS assignment","Unknown",FALSE,FALSE,TRUE,FALSE,"Age-sensitive fungal effect"
"F3833_mz365.1057_rt0.61",-1.1036532886357,0.0147871782534615,0.0791323289082645,0.209725536581628,0.350148589392326,0.439379379723925,-1.14726072548111,0.00336973178160201,0.0404564874130346,3833,0.611,365.10574,"Unknown","[M+H]+",NA,0.071,TRUE,"null","null","null","null",999,FALSE,FALSE,FALSE,"null","null","null","null","null",1237.09,0,3326971,18,"Early RT","MS/MS available","Unknown",FALSE,FALSE,TRUE,FALSE,"Age-sensitive fungal effect"
"F2327_mz244.1549_rt1.13",3.49602265352046,0.00122000926117216,0.0503309275199934,1.06115648892521,0.143453843583587,0.240858154537532,2.60089445084873,0.00339162462356738,0.0404825892568828,2327,1.132,244.15486,"Unknown","[M+H]+",NA,0.036,FALSE,"null","null","null","null",999,FALSE,FALSE,FALSE,"null","null","null","null","null",25.64,9075.33333333333,17.2325094568291,23,"RT >= 1 min","No MS/MS assignment","Unknown",FALSE,FALSE,TRUE,TRUE,"Age-sensitive fungal effect"
"F1612_mz192.1597_rt0.49",-1.05351050189138,0.178267490478107,0.295561874744861,2.70972833164428,0.000368269136479284,0.00515771845617702,-3.59712071471299,0.00344197782172809,0.0406113820000447,1612,0.49,192.15967,"Unknown","[M+H]+","similar chromatogram in higher mz_2382; similar chromatogram in higher mz_3128; similar chromatogram in higher mz_3089",0.75,TRUE,"null","null","null","null",999,FALSE,FALSE,FALSE,"null","null","null","null","null",496.82,327228,27.1614221233448,18,"Very early RT","MS/MS available","Unknown",FALSE,TRUE,TRUE,FALSE,"Age-sensitive fungal effect"
"F4403_mz446.2543_rt2.39",0.242449619035311,0.61135146682332,0.689441589573615,-3.12347770347136,0.00356077876499874,0.0174764090714859,3.53194849062372,0.00342892322298852,0.0406113820000447,4403,2.39,446.2543,"Unknown","[M+H]+","ion correlated with 4329; ion correlated with 4230",0.071,FALSE,"null","null","null","null",999,FALSE,FALSE,FALSE,"null","null","null","null","null",1070.08,0,233101,23,"RT >= 1 min","No MS/MS assignment","Unknown",FALSE,TRUE,TRUE,FALSE,"Age-sensitive fungal effect"
"F2322_mz244.0933_rt0.49",-2.20427690993249,0.00723493961871853,0.0684003249786348,0.369555766468234,0.130492682712082,0.223224106824738,-2.40771407845199,0.00354817379799087,0.0413886409504276,2322,0.488,244.09331,"Unknown","[M+H]+","ion correlated with 505; ion correlated with 4479; ion correlated with 459; ion correlated with 968; ion correlated with 1680",0.357,FALSE,"null","null","null","null",999,FALSE,FALSE,FALSE,"null","null","null","null","null",681.5,0,4080381,18,"Very early RT","No MS/MS assignment","Unknown",FALSE,FALSE,TRUE,FALSE,"Age-sensitive fungal effect"
"F1496_mz183.0921_rt1.08",1.43949605824194,0.00217809803428122,0.0617555979727435,0.245229425196798,0.111844835403993,0.198660231899112,1.36038369463507,0.00354668966049266,0.0413886409504276,1496,1.081,183.0921,"Unknown","[M+H]+",NA,0.429,TRUE,"null","null","null","null",999,FALSE,FALSE,FALSE,"null","null","null","null","null",171.92,54469.6666666667,73.945285535946,24,"RT >= 1 min","MS/MS available","Unknown",FALSE,FALSE,TRUE,TRUE,"Age-sensitive fungal effect"
"F3780_mz360.1446_rt0.99",-3.8057006450328,0.0140148347912363,0.0773714358669467,1.62723118902817,0.00395376613942262,0.0186980190343528,-5.26675464289457,0.00368353454687372,0.0415510792567678,3780,0.989,360.14459,"Unknown","[M+H]+",NA,0.036,TRUE,"null","null","null","null",999,FALSE,FALSE,FALSE,"null","null","null","null","null",885.32,0,1423251,18,"Early RT","MS/MS available","Unknown",FALSE,TRUE,TRUE,FALSE,"Age-sensitive fungal effect"
"F1883_mz210.1161_rt0.89",-2.43782269417017,0.0161443610400296,0.0806038301425788,1.05844974797908,0.000328598618266507,0.00487528668931353,-3.33015224511914,0.00360695849801831,0.0415510792567678,1883,0.892,210.1161,"Unknown","[M+H]+",NA,0.357,TRUE,"null","null","null","null",999,FALSE,FALSE,FALSE,"null","null","null","null","null",275.54,14159.6666666667,163.919542394426,22,"Early RT","MS/MS available","Unknown",FALSE,TRUE,TRUE,FALSE,"Age-sensitive fungal effect"
"F2773_mz277.1033_rt0.49",1.07184144782821,0.0148903173142811,0.0794967764378914,-0.733155176656365,0.0725264994567363,0.143285599448905,1.97111041756016,0.00367123607470919,0.0415510792567678,2773,0.489,277.10333,"Unknown","[M+H]+",NA,0.214,FALSE,"null","null","null","null",999,FALSE,FALSE,FALSE,"null","null","null","null","null",105.62,0,605753,16,"Very early RT","No MS/MS assignment","Unknown",FALSE,FALSE,TRUE,FALSE,"Age-sensitive fungal effect"
"F2520_mz259.093_rt0.86",1.68819804204844,0.00634195433242644,0.0664470881897342,0.334319734715715,0.300333181964677,0.394992075932686,1.51999325031015,0.00365169851700365,0.0415510792567678,2520,0.864,259.09296,"Unknown","[M+H]+","ion correlated with 2001; ion correlated with 928; ion correlated with 1797",0.107,TRUE,"null","null","null","null",999,FALSE,FALSE,FALSE,"null","null","null","null","null",313.12,2406,332.917324470295,13,"Early RT","MS/MS available","Unknown",FALSE,FALSE,TRUE,TRUE,"Age-sensitive fungal effect"
"F676_mz127.0391_rt0.47",-0.264545846675136,0.304268035772942,0.404839634499861,1.19412378079671,0.00285350817063471,0.01528533139467,-1.29255197303919,0.00363786730659893,0.0415510792567678,676,0.473,127.03914,"Unknown","[M+H]+","found in higher mz's MsMs_1438; found in higher mz's MsMs_3782",0.643,TRUE,"null","null","null","null",999,FALSE,FALSE,FALSE,"null","null","null","null","null",432.2,781006.666666667,6.45575096787355,24,"Very early RT","MS/MS available","Unknown",FALSE,TRUE,TRUE,FALSE,"Age-sensitive fungal effect"
"F1388_mz176.0919_rt0.91",2.71101042763607,0.00109321777163268,0.0496102224766912,1.71064149735375,0.00499377189733376,0.0215921184894241,1.16647781009377,0.00366260574007868,0.0415510792567678,1388,0.91,176.09192,"Unknown","[M+H]+",NA,0.036,FALSE,"null","null","null","null",999,FALSE,FALSE,FALSE,"null","null","null","null","null",88.99,10936.3333333333,38.0869803730343,21,"Early RT","No MS/MS assignment","Unknown",TRUE,TRUE,TRUE,TRUE,"Age-sensitive fungal effect"
"F783_mz134.0449_rt0.45",-2.45249583375456,0.0337504778061569,0.111469918693115,1.82825079181923,4.65331742110029e-05,0.00316212418795093,-4.11462815609509,0.00373149274525005,0.0418620470273134,783,0.452,134.04491,"Unknown","[M+H]+","ion correlated with 387; ion correlated with 776; similar chromatogram in higher mz_2083; similar chromatogram in higher mz_4395; similar chromatogram in higher mz_3492; similar chromatogram in higher mz_3180",0.643,TRUE,"null","null","null","null",999,FALSE,FALSE,FALSE,"null","null","null","null","null",993.67,2507,4014.74043062201,22,"Very early RT","MS/MS available","Unknown",FALSE,TRUE,TRUE,FALSE,"Age-sensitive fungal effect"
"F437_mz110.0602_rt0.69",0.566080327388469,0.152459209398989,0.271139843248449,-0.860054409764326,0.0352347204904822,0.0828837466460047,1.59225196956414,0.00379273270681438,0.0423178274298365,437,0.694,110.06021,"Unknown","[M+H]+","similar chromatogram in higher mz_622; similar chromatogram in higher mz_775; similar chromatogram in higher mz_790; similar chromatogram in higher mz_1031; similar chromatogram in higher mz_2454; similar chromatogram in higher mz_2886; similar chromatogram in higher mz_2888; similar chromatogram in higher mz_4592",0.429,TRUE,"null","null","null","null",999,FALSE,FALSE,FALSE,"null","null","null","null","null",81.6,120898.666666667,53.0821397357037,24,"Early RT","MS/MS available","Unknown",FALSE,FALSE,TRUE,FALSE,"Age-sensitive fungal effect"
"F2994_mz293.1614_rt0.98",-1.63006537214799,0.0150084748237186,0.0797936310996672,0.563499141676657,0.0100858740145558,0.0338182186307853,-2.02744540103625,0.00381618903944951,0.0423493843134586,2994,0.975,293.16138,"Unknown","[M+H]+","ion correlated with 1273; ion correlated with 2802; ion correlated with 2829; ion correlated with 3902; ion correlated with 3743; ion correlated with 2444; ion correlated with 2926; ion correlated with 2620; ion correlated with 1374",0.357,TRUE,"null","null","null","null",999,FALSE,FALSE,FALSE,"null","null","null","null","null",126.88,6375.66666666667,237.966806063774,21,"Early RT","MS/MS available","Unknown",FALSE,TRUE,TRUE,FALSE,"Age-sensitive fungal effect"
"F1135_mz159.031_rt0.52",0.583286238028742,0.13487754205356,0.251882422155989,2.71182845066001,2.83766024907498e-05,0.00297373099685525,-1.96242464878514,0.00384146064901471,0.0424006382388559,1135,0.518,159.03096,"Unknown","[M+H]+",NA,0.643,TRUE,"null","null","null","null",999,FALSE,FALSE,FALSE,"null","null","null","null","null",1111.42,26562,553.827015020894,18,"Early RT","MS/MS available","Unknown",FALSE,TRUE,TRUE,TRUE,"Age-sensitive fungal effect"
"F2486_mz256.1184_rt1.08",3.34516240469613,0.00390444911340255,0.0664470881897342,-0.161913069908627,0.48132680741222,0.559739678701711,3.67317604409429,0.00393393663021787,0.042793333866216,2486,1.084,256.11844,"Unknown","[M+H]+","ion correlated with 1606; ion correlated with 2587; ion correlated with 2253; ion correlated with 2101; ion correlated with 2418; ion correlated with 523",0.107,TRUE,"null","null","null","null",999,FALSE,FALSE,FALSE,"null","null","null","null","null",157.19,0,904366,13,"RT >= 1 min","MS/MS available","Unknown",FALSE,FALSE,TRUE,FALSE,"Age-sensitive fungal effect"
"F2389_mz248.1134_rt0.47",1.22086696376283,0.0261957774526576,0.0997029299263357,-0.752731684777708,0.00718679768293383,0.0273266846570516,2.13971471787096,0.00398181250780217,0.042793333866216,2389,0.468,248.11342,"Unknown","[M+H]+","ion correlated with 2539",0.429,FALSE,"null","null","null","null",999,FALSE,FALSE,FALSE,"null","null","null","null","null",118.85,0,1897805,18,"Very early RT","No MS/MS assignment","Unknown",FALSE,TRUE,TRUE,FALSE,"Age-sensitive fungal effect"
"F2153_mz229.1551_rt0.9",1.47245541542136,0.00913276892149329,0.0732235077133154,-0.355001028103942,0.173668501638785,0.276845153595535,1.99357166757228,0.004002104287537,0.042793333866216,2153,0.901,229.15508,"Unknown","[M+H]+",NA,0.286,TRUE,"null","null","null","null",999,FALSE,FALSE,FALSE,"null","null","null","null","null",138.59,1223.33333333333,2280.52845085761,18,"Early RT","MS/MS available","Unknown",FALSE,FALSE,TRUE,FALSE,"Age-sensitive fungal effect"
"F121_mz79.0214_rt0.93",0.487051785994244,0.189976136201591,0.306365211827584,2.6331777614324,7.02962585763415e-05,0.0036322217682968,-1.98000843348804,0.00394984776089312,0.042793333866216,121,0.928,79.02144,"Unknown","[M+H]+",NA,0.143,TRUE,"null","null","null","null",999,FALSE,FALSE,FALSE,"null","null","null","null","null",3649.46,22151213,14.5980059151611,24,"Early RT","MS/MS available","Unknown",FALSE,TRUE,TRUE,TRUE,"Age-sensitive fungal effect"
"F3274_mz315.0846_rt1.2",-0.256368129838226,0.383676775717847,0.479648817688041,1.54985679338279,0.000269607862188098,0.0044100490060431,-1.64010495731926,0.00398892654045569,0.042793333866216,3274,1.195,315.08456,"Unknown","[M+H]+","similar chromatogram in higher mz_4673; similar chromatogram in higher mz_4726; similar chromatogram in higher mz_4656; similar chromatogram in higher mz_4062; similar chromatogram in higher mz_4490; similar chromatogram in higher mz_4593; similar chromatogram in higher mz_4789; similar chromatogram in higher mz_4792; similar chromatogram in higher mz_4806; similar chromatogram in higher mz_4895; similar chromatogram in higher mz_4937",0.536,FALSE,"null","null","null","null",999,FALSE,FALSE,FALSE,"null","null","null","null","null",64.18,48160.6666666667,7.57315984358238,24,"RT >= 1 min","No MS/MS assignment","Unknown",FALSE,TRUE,TRUE,FALSE,"Age-sensitive fungal effect"
"F3450_mz330.1817_rt1.1",0.54202700808204,0.123349629875798,0.240034571344928,-0.869095473739104,0.013483475445763,0.0413614719755164,1.57722717339073,0.00398660020037388,0.042793333866216,3450,1.099,330.18173,"Unknown","[M+H]+","ion correlated with 2136; ion correlated with 1825; ion correlated with 3205; ion correlated with 2792; ion correlated with 3940; ion correlated with 4030",0.036,FALSE,"null","null","null","null",999,FALSE,FALSE,FALSE,"null","null","null","null","null",76.17,2506,48.1356202632629,16,"RT >= 1 min","No MS/MS assignment","Unknown",FALSE,TRUE,TRUE,FALSE,"Age-sensitive fungal effect"
"F2042_mz221.1862_rt0.45",1.77725864376427,0.0108272054436614,0.0741060510462375,-0.500525954996515,0.00713547174102013,0.0271770484095901,2.44390190472061,0.00407993332679947,0.04339949803067,2042,0.447,221.18622,"Unknown","[M+H]+",NA,0.643,TRUE,"null","null","null","null",999,FALSE,FALSE,FALSE,"null","null","null","null","null",466.95,2040.33333333333,9679.00669497061,18,"Very early RT","MS/MS available","Unknown",FALSE,TRUE,TRUE,FALSE,"Age-sensitive fungal effect"
"F2003_mz218.1394_rt0.99",0.683581590192378,0.185210387455965,0.301249010134469,-1.57887625833974,0.0384618675580419,0.0888183513293542,2.42856031602945,0.00411532844782277,0.0435503572339183,2003,0.99,218.1394,"Unknown","[M+H]+",NA,0.036,FALSE,"null","null","null","null",999,FALSE,FALSE,FALSE,"null","null","null","null","null",61.98,8825.66666666667,32.0660120845921,23,"Early RT","No MS/MS assignment","Unknown",FALSE,FALSE,TRUE,FALSE,"Age-sensitive fungal effect"
"F2814_mz280.1395_rt0.5",1.58933250121175,0.151239346995582,0.269913022111666,-2.57488997224424,0.00887669109115293,0.0313864311166934,4.33033891138966,0.00421421292980587,0.0440741060054371,2814,0.503,280.13953,"Unknown","[M+H]+","ion correlated with 2215; ion correlated with 2435",0.393,TRUE,"null","null","null","null",999,FALSE,FALSE,FALSE,"null","null","null","null","null",458.34,20472.3333333333,907.467909475741,19,"Early RT","MS/MS available","Unknown",FALSE,TRUE,TRUE,FALSE,"Age-sensitive fungal effect"
"F1669_mz195.9489_rt0.66",2.18054001688982,0.00591983973467322,0.0664470881897342,4.22587468134399,0.000120301051996593,0.00374086832920911,-1.87922534592199,0.00425069312668122,0.0440741060054371,1669,0.665,195.94887,"Unknown","[M+H]+",NA,0.107,FALSE,"null","null","null","null",999,FALSE,FALSE,FALSE,"null","null","null","null","null",54.96,1364.33333333333,306.4365234375,23,"Early RT","No MS/MS assignment","Unknown",FALSE,TRUE,TRUE,TRUE,"Age-sensitive fungal effect"
"F3867_mz368.1828_rt1.01",0.703823168622367,0.0619368067038571,0.155493272251427,-0.543972550212486,0.0447747960379444,0.0992570776453375,1.4139035693954,0.00423626694210691,0.0440741060054371,3867,1.006,368.18283,"Unknown","[M+H]+","ion correlated with 2136; ion correlated with 1825; ion correlated with 3205",0.036,FALSE,"null","null","null","null",999,FALSE,FALSE,FALSE,"null","null","null","null","null",91.75,0,142184,15,"RT >= 1 min","No MS/MS assignment","Unknown",FALSE,FALSE,TRUE,FALSE,"Age-sensitive fungal effect"
"F1729_mz200.1075_rt1.08",0.732747745661595,0.0228807671632072,0.0938814840747147,-0.402958562051236,0.0985692318450714,0.180009779797516,1.30181884282532,0.0042063217038926,0.0440741060054371,1729,1.08,200.10751,"Unknown","[M+H]+","ion correlated with 2370; ion correlated with 3048; ion correlated with 2743; ion correlated with 2029",0.071,FALSE,"null","null","null","null",999,FALSE,FALSE,FALSE,"null","null","null","null","null",43.62,3838.33333333333,70.7443132488279,17,"RT >= 1 min","No MS/MS assignment","Unknown",FALSE,FALSE,TRUE,FALSE,"Age-sensitive fungal effect"
"F2253_mz238.1079_rt1.08",4.11524334218975,0.00278097536773238,0.0631003310938478,0.3208535989855,0.0750137602369922,0.146738124033903,3.96049552262047,0.00441848530378109,0.0444175862903895,2253,1.084,238.10786,"Unknown","[M+H]+","ion correlated with 1578; ion correlated with 1606; ion correlated with 2587; ion correlated with 1306; ion correlated with 2418; ion correlated with 523",0.071,TRUE,"null","null","null","null",999,FALSE,FALSE,FALSE,"null","null","null","null","null",250.05,796,2467.11543287327,14,"RT >= 1 min","MS/MS available","Unknown",FALSE,FALSE,TRUE,TRUE,"Age-sensitive fungal effect"
"F2075_mz223.9438_rt0.84",NA,NA,NA,NA,NA,NA,-3.6798852086727,0.00433073740190178,0.0444175862903895,2075,0.845,223.94382,"Unknown","[M+H]+",NA,0.036,FALSE,"null","null","null","null",999,FALSE,FALSE,FALSE,"null","null","null","null","null",38.45,1850.66666666667,185.140234023402,14,"Early RT","No MS/MS assignment","Unknown",FALSE,FALSE,TRUE,FALSE,"Age-sensitive fungal effect"
"F784_mz134.0714_rt0.7",1.38889415367362,0.00210784087961907,0.0617555979727435,-1.2837287960772,0.057109042943484,0.11930290732698,2.83873268312489,0.00438219010215661,0.0444175862903895,784,0.704,134.07138,"Unknown","[M+H]+","ion correlated with 3448; similar chromatogram in higher mz_2399",0.107,FALSE,"null","null","null","null",999,FALSE,FALSE,FALSE,"null","null","null","null","null",169.51,926,726.107874865156,14,"Early RT","No MS/MS assignment","Unknown",FALSE,FALSE,TRUE,FALSE,"Age-sensitive fungal effect"
"F379_mz105.0701_rt1.26",2.90273217143193,0.00188442992110923,0.0602291073558713,0.343708981804318,0.11915685671828,0.208386798729196,2.72510764398058,0.00435935856961754,0.0444175862903895,379,1.256,105.07012,"Unknown","[M+H]+","ion correlated with 1003; ion correlated with 1754; ion correlated with 2021; ion correlated with 3568; ion correlated with 1272; ion correlated with 1996; similar chromatogram in higher mz_1207; found in higher mz's MsMs_1207",0.071,TRUE,"null","null","null","null",999,FALSE,FALSE,FALSE,"null","null","null","null","null",34.38,1761.66666666667,124.631051437216,20,"RT >= 1 min","MS/MS available","Unknown",FALSE,FALSE,TRUE,TRUE,"Age-sensitive fungal effect"
"F1027_mz149.9529_rt0.4",-2.62259389875402,0.00358667743720855,0.065585877962684,-0.12215673304569,0.435127690217653,0.517683363099618,-2.33428982200612,0.0045011325401426,0.0444175862903895,1027,0.396,149.95294,"Unknown","[M+H]+","ion correlated with 2187; ion correlated with 1165",0.214,FALSE,"null","null","null","null",999,FALSE,FALSE,FALSE,"null","null","null","null","null",51.82,10558.3333333333,18.1397815518656,23,"Very early RT","No MS/MS assignment","Unknown",FALSE,FALSE,TRUE,TRUE,"Age-sensitive fungal effect"
"F3312_mz317.1823_rt0.91",-2.19016575115621,0.00201242901859581,0.0617555979727435,-0.50401049300401,0.0436130521280979,0.0973467338552432,-1.52003445618587,0.00444122081758078,0.0444175862903895,3312,0.91,317.18234,"Unknown","[M+H]+","ion correlated with 47; ion correlated with 2643; ion correlated with 818; ion correlated with 398; ion correlated with 4011; ion correlated with 3478; ion correlated with 2727; ion correlated with 4054; ion correlated with 2264; ion correlated with 3651; ion correlated with 2963; ion correlated with 3025; ion correlated with 3628; ion correlated with 3334; ion correlated with 62; ion correlated with 3381; ion correlated with 2802; ion correlated with 2829; ion correlated with 3778; ion correlated with 3743; ion correlated with 3900; ion correlated with 1446; ion correlated with 3785; ion correlated with 916",0.357,FALSE,"null","null","null","null",999,FALSE,FALSE,FALSE,"null","null","null","null","null",264,0,1066878,13,"Early RT","No MS/MS assignment","Unknown",FALSE,FALSE,TRUE,TRUE,"Age-sensitive fungal effect"
"F4030_mz386.2192_rt1.15",0.860628127956087,0.0358356659366091,0.114361639958039,-0.468467285833242,0.0539752163049217,0.113883427471676,1.49520309221841,0.00433939127841193,0.0444175862903895,4030,1.146,386.21915,"Unknown","[M+H]+","ion correlated with 1770; ion correlated with 3450; ion correlated with 2792",0.179,FALSE,"null","null","null","null",999,FALSE,FALSE,FALSE,"null","null","null","null","null",663.01,0,146989,13,"RT >= 1 min","No MS/MS assignment","Unknown",FALSE,FALSE,TRUE,FALSE,"Age-sensitive fungal effect"
"F1122_mz158.0925_rt0.77",0.381174283123526,0.143344039824073,0.261243073382186,-0.78965829028685,0.016881785636585,0.0480823756525068,1.3369500647761,0.00449018482306894,0.0444175862903895,1122,0.773,158.09254,"Unknown","[M+H]+","similar chromatogram in higher mz_2523; similar chromatogram in higher mz_4233",0.429,TRUE,"null","null","null","null",999,FALSE,FALSE,FALSE,"null","null","null","null","null",1581.14,5809,5567.67005163511,17,"Early RT","MS/MS available","Unknown",FALSE,TRUE,TRUE,FALSE,"Age-sensitive fungal effect"
"F2181_mz231.1133_rt1.06",0.47511389900593,0.0995988970537974,0.212874356229336,-0.645888576082591,0.00326406282828886,0.0163954226193485,1.28711962900551,0.00443686085273792,0.0444175862903895,2181,1.061,231.11334,"Unknown","[M+H]+","ion correlated with 966; ion correlated with 1981; ion correlated with 1691",0.107,TRUE,"null","null","null","null",999,FALSE,FALSE,FALSE,"null","null","null","null","null",299.08,1353.33333333333,2093.84125030765,24,"RT >= 1 min","MS/MS available","Unknown",FALSE,TRUE,TRUE,FALSE,"Age-sensitive fungal effect"
"F1889_mz211.0869_rt1.82",-1.34438898029929,0.00445755460709863,0.0664470881897342,-0.0107548140073407,0.959408278706606,0.973561373564594,-1.16751558894218,0.00452180980744832,0.0444175862903895,1889,1.816,211.08687,"Unknown","[M+H]+",NA,0.429,TRUE,"null","null","null","null",999,FALSE,FALSE,FALSE,"null","null","null","null","null",196.53,6165,251.086279597794,24,"RT >= 1 min","MS/MS available","Unknown",FALSE,FALSE,TRUE,TRUE,"Age-sensitive fungal effect"
"F2462_mz255.0768_rt1.52",-0.504815501656195,0.149697220224727,0.26829620275664,-1.48207140612965,0.00218121859756044,0.012870293888192,1.14336293047962,0.00449459221895566,0.0444175862903895,2462,1.523,255.07684,"Unknown","[M+H]+",NA,0.143,FALSE,"null","null","null","null",999,FALSE,FALSE,FALSE,"null","null","null","null","null",61.9,2423,79.7112211221122,19,"RT >= 1 min","No MS/MS assignment","Unknown",FALSE,TRUE,TRUE,TRUE,"Age-sensitive fungal effect"
"F140_mz81.0172_rt0.93",0.584174400534776,0.15478477986209,0.272464441820856,2.80290474365551,9.68014655981346e-05,0.00374086832920911,-2.05261277516448,0.00459543468179924,0.0449258447701611,140,0.929,81.0172,"Unknown","[M+H]+","found in higher mz's MsMs_4588",0.214,TRUE,"null","null","null","null",999,FALSE,FALSE,FALSE,"null","null","null","null","null",216.96,1014418,16.8424201439445,24,"Early RT","MS/MS available","Unknown",FALSE,TRUE,TRUE,TRUE,"Age-sensitive fungal effect"
"F3428_mz328.1397_rt0.94",2.70373324519395,0.0689533105849773,0.167331616809961,-2.15537946574296,0.0256235486941583,0.066432531008422,5.02522944377426,0.00471431242184884,0.045438889211529,3428,0.942,328.13974,"Unknown","[M+H]+","ion correlated with 2761",0.429,TRUE,"null","null","null","null",999,FALSE,FALSE,FALSE,"null","null","null","null","null",3411.87,0,46910673,15,"Early RT","MS/MS available","Unknown",FALSE,FALSE,TRUE,FALSE,"Age-sensitive fungal effect"
"F1542_mz187.1081_rt1",2.91316401910621,0.0061308397405309,0.0664470881897342,0.412212218622318,0.40830003022221,0.492215118749026,2.66705408102348,0.00467360842233269,0.045438889211529,1542,0.996,187.10809,"Unknown","[M+H]+","ion correlated with 1927; ion correlated with 259; ion correlated with 4175; ion correlated with 1606",0.071,FALSE,"null","null","null","null",999,FALSE,FALSE,FALSE,"null","null","null","null","null",163.82,671.333333333333,723.121963311849,17,"Early RT","No MS/MS assignment","Unknown",FALSE,FALSE,TRUE,TRUE,"Age-sensitive fungal effect"
"F1797_mz204.1234_rt0.92",1.49596586427565,0.00641335932725949,0.0664470881897342,-0.0976293239845503,0.490778374392786,0.568691633420941,1.75971075449322,0.00470167219992259,0.045438889211529,1797,0.923,204.12341,"Unknown","[M+H]+","ion correlated with 1525; ion correlated with 2001; ion correlated with 4009; ion correlated with 1678; ion correlated with 2082",0.429,FALSE,"null","null","null","null",999,FALSE,FALSE,FALSE,"null","null","null","null","null",142.4,16035.6666666667,72.9813136562045,22,"Early RT","No MS/MS assignment","Unknown",FALSE,FALSE,TRUE,FALSE,"Age-sensitive fungal effect"
"F2812_mz280.0922_rt0.45",-2.59147508154707,0.00646547207103856,0.0666825278599386,0.247223499711546,0.239218961828887,0.339179914648078,-2.67257747378671,0.00477377176808651,0.0455839694878215,2812,0.452,280.09225,"Unknown","[M+H]+",NA,0.536,FALSE,"null","null","null","null",999,FALSE,FALSE,FALSE,"null","null","null","null","null",3066.23,0,1719333,18,"Very early RT","No MS/MS assignment","Unknown",FALSE,FALSE,TRUE,FALSE,"Age-sensitive fungal effect"
"F2036_mz221.0926_rt1.04",0.574098221159593,0.0541096457927028,0.141445606340602,-0.352294426461407,0.038986599509059,0.0897561672267382,1.09250720463429,0.00477375167070044,0.0455839694878215,2036,1.037,221.09259,"Unknown","[M+H]+","found in higher mz's MsMs_4687",0.179,FALSE,"null","null","null","null",999,FALSE,FALSE,FALSE,"null","null","null","null","null",44.37,6048.33333333333,57.8314965836456,22,"RT >= 1 min","No MS/MS assignment","Unknown",FALSE,FALSE,TRUE,FALSE,"Age-sensitive fungal effect"
"F3221_mz310.1138_rt0.47",1.58112600815832,0.161264062313996,0.278045712302778,-2.3232207610566,0.0378161893076528,0.0880438458752533,4.0704587763902,0.00483389087467139,0.045803937216616,3221,0.467,310.11377,"Unknown","[M+H]+","ion correlated with 3541; ion correlated with 3021; ion correlated with 2409; ion correlated with 2026; ion correlated with 3032; ion correlated with 2588; ion correlated with 3427; ion correlated with 2572",0.286,TRUE,"null","null","null","null",999,FALSE,FALSE,FALSE,"null","null","null","null","null",341.2,0,2990509,17,"Very early RT","MS/MS available","Unknown",FALSE,FALSE,TRUE,FALSE,"Age-sensitive fungal effect"
"F2833_mz282.1189_rt0.47",1.58721662293308,0.0949209963248558,0.20699076904501,-1.00183356014971,0.173390833817164,0.276723648395487,2.75516698774738,0.00484142931125458,0.045803937216616,2833,0.466,282.11887,"Unknown","[M+H]+","ion correlated with 2215; ion correlated with 2435; ion correlated with 2814; ion correlated with 2721",0.357,TRUE,"null","null","null","null",999,FALSE,FALSE,FALSE,"null","null","null","null","null",532.66,3647,2081.35334429825,21,"Very early RT","MS/MS available","Unknown",FALSE,FALSE,TRUE,FALSE,"Age-sensitive fungal effect"
"F4005_mz383.2296_rt0.97",-3.4150585391111,0.000571369686754526,0.0462902873815676,-1.01341418898807,0.0488804647799856,0.106180531148868,-2.23548310410688,0.00488549537235736,0.0460088165112369,4005,0.967,383.22961,"Unknown","[M+H]+","ion correlated with 2237; ion correlated with 4194; ion correlated with 2590; ion correlated with 845; ion correlated with 2880; ion correlated with 3524; ion correlated with 4393; ion correlated with 589; ion correlated with 4436; ion correlated with 4302; ion correlated with 2639; ion correlated with 4125; ion correlated with 4468; ion correlated with 4113; ion correlated with 4138; ion correlated with 4382; ion correlated with 2228; ion correlated with 4178",0.107,FALSE,"null","null","null","null",999,FALSE,FALSE,FALSE,"null","null","null","null","null",72.09,0,263385,12,"Early RT","No MS/MS assignment","Unknown",TRUE,FALSE,TRUE,TRUE,"Age-sensitive fungal effect"
"F3448_mz330.06_rt0.76",1.72226394922945,0.00317035295706072,0.0646007615418979,-1.08594501878022,0.118773485113474,0.208197537612036,2.97431881489198,0.00499080530766791,0.0462607178101955,3448,0.76,330.06003,"Unknown","[M+H]+","ion correlated with 784; ion correlated with 864",0.357,FALSE,"null","null","null","null",999,FALSE,FALSE,FALSE,"null","null","null","null","null",3553.72,0,780227,12,"Early RT","No MS/MS assignment","Unknown",FALSE,FALSE,TRUE,FALSE,"Age-sensitive fungal effect"
"F2790_mz278.1239_rt0.49",1.37072409564781,0.030516017680295,0.106688511735885,-0.850467312784718,0.0154784872729725,0.0452785645742882,2.38730861533627,0.00495255428928109,0.0462607178101955,2790,0.488,278.12387,"Unknown","[M+H]+","ion correlated with 873; ion correlated with 2042; ion correlated with 2814",0.429,TRUE,"null","null","null","null",999,FALSE,FALSE,FALSE,"null","null","null","null","null",1161.45,0,11255706,14,"Very early RT","MS/MS available","Unknown",FALSE,TRUE,TRUE,FALSE,"Age-sensitive fungal effect"
"F2312_mz243.094_rt0.42",4.43879151881603,0.348925859605152,0.447548205451718,6.86269563622173,0.163761643253749,0.265338279932912,-2.36839665026341,0.00497821767877469,0.0462607178101955,2312,0.42,243.09404,"Unknown","[M+H]+",NA,0.143,FALSE,"null","null","null","null",999,FALSE,FALSE,FALSE,"null","null","null","null","null",16.49,7777,59.3230907688352,20,"Very early RT","No MS/MS assignment","Unknown",FALSE,FALSE,TRUE,TRUE,"Age-sensitive fungal effect"
"F4710_mz537.2266_rt1.34",0.613183041461994,0.199933425976221,0.315777094202635,2.94363575332447,3.89568491244238e-05,0.0030126839287431,-2.16433234713329,0.00500237669452674,0.0462607178101955,4710,1.34,537.22656,"Unknown","[M+H]+",NA,0.143,FALSE,"null","null","null","null",999,FALSE,FALSE,FALSE,"null","null","null","null","null",2583.66,0,137166,18,"RT >= 1 min","No MS/MS assignment","Unknown",FALSE,TRUE,TRUE,TRUE,"Age-sensitive fungal effect"
"F973_mz146.1653_rt0.81",3.8829402943147,0.0608011431760179,0.153970752083019,-0.192374548954032,0.91209744299675,0.939410705808812,4.24141779773241,0.00507059082964519,0.0463178396212581,973,0.814,146.16534,"Unknown","[M+H]+","similar chromatogram in higher mz_4256",0.357,TRUE,"null","null","null","null",999,FALSE,FALSE,FALSE,"null","null","null","null","null",289.52,5569.33333333333,730.957513015379,15,"Early RT","MS/MS available","Unknown",FALSE,FALSE,TRUE,FALSE,"Age-sensitive fungal effect"
"F2578_mz263.1032_rt1.06",3.04892909324183,0.00211280244201096,0.0617555979727435,0.48881928089053,0.0304350078769326,0.074454338035602,2.72621843491056,0.00507623668523287,0.0463178396212581,2578,1.058,263.10315,"Unknown","[M+H]+",NA,0.214,TRUE,"null","null","null","null",999,FALSE,FALSE,FALSE,"null","null","null","null","null",152.57,0,1206323,17,"RT >= 1 min","MS/MS available","Unknown",FALSE,FALSE,TRUE,TRUE,"Age-sensitive fungal effect"
"F1389_mz176.0919_rt0.49",0.905505164601765,0.00968369694268634,0.073995851808533,-0.323225854037084,0.138003985341874,0.233608535962755,1.39484806604233,0.00507508514432411,0.0463178396212581,1389,0.489,176.09193,"Unknown","[M+H]+",NA,0.357,FALSE,"null","null","null","null",999,FALSE,FALSE,FALSE,"null","null","null","null","null",534.22,10820,270.118565751779,21,"Very early RT","No MS/MS assignment","Unknown",FALSE,FALSE,TRUE,FALSE,"Age-sensitive fungal effect"
"F2035_mz221.0925_rt0.93",0.469283846493435,0.0717976324170894,0.17148297679408,-0.33120566932841,0.0466668508652748,0.102848302392402,0.96660632639991,0.00511587234117351,0.0464729465328726,2035,0.927,221.09251,"Unknown","[M+H]+",NA,0.464,TRUE,"null","null","null","null",999,FALSE,FALSE,FALSE,"null","null","null","null","null",117.18,1369.33333333333,1156.51350036487,21,"Early RT","MS/MS available","Unknown",FALSE,FALSE,TRUE,FALSE,"Age-sensitive fungal effect"
"F2255_mz238.108_rt0.98",1.35954375427706,0.00866139912844727,0.0720863752015485,-0.135298866705709,0.329600271183107,0.419625695785559,1.66095747965515,0.00519593142402626,0.0466636999676575,2255,0.98,238.10797,"Unknown","[M+H]+","ion correlated with 928; ion correlated with 1797; ion correlated with 4009; ion correlated with 1916; ion correlated with 1499; ion correlated with 2123",0.357,FALSE,"null","null","null","null",999,FALSE,FALSE,FALSE,"null","null","null","null","null",44.84,0,798081,17,"Early RT","No MS/MS assignment","Unknown",FALSE,FALSE,TRUE,FALSE,"Age-sensitive fungal effect"
"F2792_mz278.1507_rt1.11",0.765171674596296,0.0325588964010306,0.109771375830518,-0.687987564466934,0.0236997291492286,0.0621843629893808,1.61926469341987,0.00520505956775137,0.0466636999676575,2792,1.108,278.1507,"Unknown","[M+H]+","ion correlated with 2136; ion correlated with 1825; ion correlated with 2029; ion correlated with 3450; ion correlated with 4030",0.036,FALSE,"null","null","null","null",999,FALSE,FALSE,FALSE,"null","null","null","null","null",32.83,12918.6666666667,10.2883459325576,23,"RT >= 1 min","No MS/MS assignment","Unknown",FALSE,FALSE,TRUE,FALSE,"Age-sensitive fungal effect"
"F4224_mz414.236_rt0.95",-1.31502634794692,0.0043617022954781,0.0664470881897342,0.0291377332834918,0.818212454597082,0.866271653769834,-1.17804269798293,0.00518501366677887,0.0466636999676575,4224,0.951,414.23599,"Unknown","[M+H]+","ion correlated with 971; ion correlated with 3147; ion correlated with 3798; ion correlated with 3614; ion correlated with 4059; ion correlated with 3732; ion correlated with 3501; ion correlated with 2055; ion correlated with 3443; ion correlated with 3595; ion correlated with 3601; ion correlated with 4637; ion correlated with 3465; ion correlated with 4231; ion correlated with 3920; ion correlated with 4454; ion correlated with 4150; ion correlated with 3451; ion correlated with 911; ion correlated with 1836",0.321,FALSE,"null","null","null","null",999,FALSE,FALSE,FALSE,"null","null","null","null","null",146.3,858.666666666667,430.68786351299,16,"Early RT","No MS/MS assignment","Unknown",FALSE,FALSE,TRUE,FALSE,"Age-sensitive fungal effect"
"F3831_mz365.1057_rt0.79",-3.26130906722831,0.02208164154122,0.0915964253327755,1.45194150143408,0.00384859987252601,0.0183536170391472,-4.54709758650492,0.00532787895587968,0.0467223663375523,3831,0.792,365.10565,"Unknown","[M+H]+",NA,0.071,FALSE,"null","null","null","null",999,FALSE,FALSE,FALSE,"null","null","null","null","null",119.46,0,859708,17,"Early RT","No MS/MS assignment","Unknown",FALSE,TRUE,TRUE,FALSE,"Age-sensitive fungal effect"
"F313_mz100.1122_rt0.94",-0.558977371437741,0.386538937371727,0.481899367525522,3.44368138510777,0.0152642800774381,0.0448279516267244,-3.83653946551522,0.00526107432117446,0.0467223663375523,313,0.94,100.11221,"Unknown","[M+H]+","similar chromatogram in higher mz_3650; similar chromatogram in higher mz_3707",0.607,TRUE,"null","null","null","null",999,FALSE,FALSE,FALSE,"null","null","null","null","null",159.74,691537.666666667,7.22737171601877,24,"Early RT","MS/MS available","Unknown",FALSE,TRUE,TRUE,FALSE,"Age-sensitive fungal effect"
"F1638_mz193.9829_rt0.43",-1.37506763531971,0.0269888484452632,0.10038966741361,0.695330440109412,0.00312190773060145,0.0160518245549826,-1.90427604215701,0.00537091010991834,0.0467223663375523,1638,0.428,193.98294,"Unknown","[M+H]+","ion correlated with 710; ion correlated with 4897",0.214,FALSE,"null","null","null","null",999,FALSE,FALSE,FALSE,"null","null","null","null","null",65.77,5024,84.6461691542289,23,"Very early RT","No MS/MS assignment","Unknown",FALSE,TRUE,TRUE,FALSE,"Age-sensitive fungal effect"
"F3048_mz297.1453_rt1.04",0.926112771376878,0.0301967266280311,0.106460864429786,-0.527796154686545,0.0500145158537021,0.107921056072152,1.62001936784128,0.00534951537119009,0.0467223663375523,3048,1.04,297.14532,"Unknown","[M+H]+","ion correlated with 1529; ion correlated with 1561; ion correlated with 3639; ion correlated with 3678; ion correlated with 2029; ion correlated with 3734; ion correlated with 1729",0.071,FALSE,"null","null","null","null",999,FALSE,FALSE,FALSE,"null","null","null","null","null",17.31,711.666666666667,340.734331150608,15,"RT >= 1 min","No MS/MS assignment","Unknown",FALSE,FALSE,TRUE,FALSE,"Age-sensitive fungal effect"
"F2264_mz239.1031_rt0.91",-1.4826959097145,0.00445045937880367,0.0664470881897342,-0.0956181895985366,0.615496757583395,0.688264847149905,-1.22095886061094,0.00531895019596518,0.0467223663375523,2264,0.907,239.1031,"Unknown","[M+H]+","ion correlated with 47; ion correlated with 2643; ion correlated with 818; ion correlated with 4011; ion correlated with 2204; ion correlated with 3312; ion correlated with 2963; ion correlated with 3334; ion correlated with 1273; ion correlated with 2802; ion correlated with 2829; ion correlated with 3902; ion correlated with 3778; ion correlated with 3743; ion correlated with 1446",0.357,FALSE,"null","null","null","null",999,FALSE,FALSE,FALSE,"null","null","null","null","null",124.11,0,1228290,17,"Early RT","No MS/MS assignment","Unknown",FALSE,FALSE,TRUE,TRUE,"Age-sensitive fungal effect"
"F2243_mz237.0874_rt0.91",1.04073118024598,0.00912857305099084,0.0732235077133154,0.0204302315354745,0.889957125193374,0.923732361311824,1.1864175337471,0.00527828916814911,0.0467223663375523,2243,0.91,237.08736,"Unknown","[M+H]+","ion correlated with 824; ion correlated with 1911; ion correlated with 1867",0.321,FALSE,"null","null","null","null",999,FALSE,FALSE,FALSE,"null","null","null","null","null",138.51,0,1333731,21,"Early RT","No MS/MS assignment","Unknown",FALSE,FALSE,TRUE,TRUE,"Age-sensitive fungal effect"
"F3252_mz312.9204_rt0.38",-0.356573721712551,0.214966248113734,0.329343968244471,-1.29587106167535,0.000531426478491149,0.00609261669785308,1.10541018169809,0.00531566852725748,0.0467223663375523,3252,0.384,312.92041,"Unknown","[M+H]+",NA,0.75,FALSE,"null","null","null","null",999,FALSE,FALSE,FALSE,"null","null","null","null","null",383.06,0,434104,24,"Very early RT","No MS/MS assignment","Unknown",FALSE,TRUE,TRUE,TRUE,"Age-sensitive fungal effect"
"F3858_mz367.1507_rt0.98",1.2040499539458,0.238577271053548,0.348796280941044,-2.58775110806548,0.00451462121076735,0.0201339688574497,3.95791419985282,0.0054851186457991,0.0475145509697281,3858,0.984,367.15073,"Unknown","[M+H]+","ion correlated with 3144",0.321,TRUE,"null","null","null","null",999,FALSE,FALSE,FALSE,"null","null","null","null","null",5755.16,0,3363172,13,"Early RT","MS/MS available","Unknown",FALSE,TRUE,TRUE,FALSE,"Age-sensitive fungal effect"
"F1108_mz157.0351_rt0.52",0.534054777708954,0.185937843286529,0.301567524243842,2.60139386526174,3.47017452994557e-05,0.0030126839287431,-1.90122154491153,0.00559123148049793,0.0480284444747374,1108,0.517,157.03514,"Unknown","[M+H]+",NA,0.643,TRUE,"null","null","null","null",999,FALSE,FALSE,FALSE,"null","null","null","null","null",11426.7,310519.333333333,569.768398419427,20,"Early RT","MS/MS available","Unknown",FALSE,TRUE,TRUE,TRUE,"Age-sensitive fungal effect"
"F1053_mz152.1072_rt0.9",-1.26985531932096,0.0133595206640222,0.0767551900561035,0.29149262888739,0.0760566588875491,0.148196236630675,-1.39522974789507,0.00558534095769803,0.0480284444747374,1053,0.899,152.10725,"Unknown","[M+H]+","ion correlated with 1377; ion correlated with 2835; ion correlated with 391",0.5,FALSE,"null","null","null","null",999,FALSE,FALSE,FALSE,"null","null","null","null","null",356.76,12159.6666666667,179.232690093745,23,"Early RT","No MS/MS assignment","Unknown",FALSE,FALSE,TRUE,FALSE,"Age-sensitive fungal effect"
"F2802_mz279.1346_rt0.94",-2.02837510206614,0.00546179662552724,0.0664470881897342,-0.0489727090051412,0.736316439323767,0.798192425052363,-1.81328266460358,0.00569772428463176,0.048336479158467,2802,0.935,279.13464,"Unknown","[M+H]+","ion correlated with 47; ion correlated with 2643; ion correlated with 818; ion correlated with 4011; ion correlated with 2204; ion correlated with 2835; ion correlated with 2264; ion correlated with 2963; ion correlated with 3334; ion correlated with 3381; ion correlated with 1273; ion correlated with 2829; ion correlated with 3902; ion correlated with 3778; ion correlated with 3743; ion correlated with 1446; ion correlated with 2994; ion correlated with 3132; ion correlated with 2444; ion correlated with 3393; ion correlated with 2891; similar chromatogram in higher mz_2880",0.357,FALSE,"null","null","null","null",999,FALSE,FALSE,FALSE,"null","null","null","null","null",78.96,0,1442850,20,"Early RT","No MS/MS assignment","Unknown",FALSE,FALSE,TRUE,TRUE,"Age-sensitive fungal effect"
"F1186_mz163.0602_rt0.47",-1.35104838416121,0.0115786008771977,0.0748003169525784,0.306790656204116,0.124093523026927,0.214540972788366,-1.49172114658393,0.00567695279533287,0.048336479158467,1186,0.473,163.06023,"Unknown","[M+H]+","ion correlated with 1575",0.607,FALSE,"null","null","null","null",999,FALSE,FALSE,FALSE,"null","null","null","null","null",197.54,63156,70.9386132970217,24,"Very early RT","No MS/MS assignment","Unknown",FALSE,FALSE,TRUE,FALSE,"Age-sensitive fungal effect"
"F4676_mz522.2036_rt0.49",0.771463476873665,0.0113223194767079,0.0748003169525784,2.16525842911909,0.000187905500774483,0.00406233796912455,-1.22767745009052,0.0056809326654745,0.048336479158467,4676,0.487,522.20361,"Unknown","[M+H]+",NA,0.536,TRUE,"null","null","null","null",999,FALSE,FALSE,FALSE,"null","null","null","null","null",23581.81,0,4630107,20,"Very early RT","MS/MS available","Unknown",FALSE,TRUE,TRUE,TRUE,"Age-sensitive fungal effect"
"F1097_mz156.1021_rt1.14",1.59827529165359,0.00515158622094197,0.0664470881897342,0.0119368669230819,0.937599425115604,0.958284869433778,1.75245152670359,0.00576471069409388,0.0487035022838467,1097,1.142,156.10214,"Unknown","[M+H]+","ion correlated with 696; ion correlated with 2801; ion correlated with 2369",0.25,FALSE,"null","null","null","null",999,FALSE,FALSE,FALSE,"null","null","null","null","null",60.74,17108,33.8732246186218,24,"RT >= 1 min","No MS/MS assignment","Unknown",FALSE,FALSE,TRUE,TRUE,"Age-sensitive fungal effect"
"F2748_mz275.1716_rt0.78",0.731732448006017,0.0250355870062372,0.0979483603800768,-0.566941843869271,0.0648312441884405,0.131016291311633,1.46479044232207,0.00579011040324376,0.0487176092535223,2748,0.775,275.1716,"Unknown","[M+H]+","ion correlated with 1579",0.214,FALSE,"null","null","null","null",999,FALSE,FALSE,FALSE,"null","null","null","null","null",212.34,756,1869.92602377807,12,"Early RT","No MS/MS assignment","Unknown",FALSE,FALSE,TRUE,FALSE,"Age-sensitive fungal effect"
"F805_mz136.0619_rt0.49",-6.58873541319041,0.005958727823561,0.0664470881897342,-0.00891867379470025,0.944828323640313,0.963937211084724,-6.41368762745506,0.00607265402411824,0.0489186672567527,805,0.487,136.06195,"Unknown","[M+H]+","found in higher mz's MsMs_2630",0.571,TRUE,"null","null","null","null",999,FALSE,FALSE,FALSE,"null","null","null","null","null",988.07,49382.3333333333,343.630529868377,24,"Very early RT","MS/MS available","Unknown",FALSE,FALSE,TRUE,TRUE,"Age-sensitive fungal effect"
"F2217_mz234.1341_rt1.02",2.48513326040699,0.00134669459574995,0.0545651792456543,-0.268240124117562,0.66119739740282,0.730232479216531,2.9194665981896,0.00609103098206942,0.0489186672567527,2217,1.02,234.13405,"Unknown","[M+H]+","ion correlated with 4033; ion correlated with 1504; ion correlated with 4175; ion correlated with 4289",0.036,FALSE,"null","null","null","null",999,FALSE,FALSE,FALSE,"null","null","null","null","null",76.06,20548,14.7552192320794,24,"RT >= 1 min","No MS/MS assignment","Unknown",FALSE,FALSE,TRUE,FALSE,"Age-sensitive fungal effect"
"F2482_mz256.0819_rt0.49",6.08034216766858,0.0034611451385152,0.065585877962684,3.91314667704011,0.0200533814811828,0.0547494139763762,2.33330293221868,0.00586616144736966,0.0489186672567527,2482,0.491,256.08194,"Unknown","[M+H]+",NA,0.25,TRUE,"null","null","null","null",999,FALSE,FALSE,FALSE,"null","null","null","null","null",975.17,0,7561205,13,"Very early RT","MS/MS available","Unknown",FALSE,FALSE,TRUE,TRUE,"Age-sensitive fungal effect"
"F4033_mz387.1771_rt1.01",1.93053349117944,0.00753731065622215,0.0686828860509295,-0.227762164801954,0.398575142724297,0.484609305829756,2.32440109373176,0.00602331905494684,0.0489186672567527,4033,1.015,387.17715,"Unknown","[M+H]+","ion correlated with 2217; ion correlated with 4175; ion correlated with 1561; ion correlated with 4289",0.071,FALSE,"null","null","null","null",999,FALSE,FALSE,FALSE,"null","null","null","null","null",140.59,0,336191,13,"RT >= 1 min","No MS/MS assignment","Unknown",FALSE,FALSE,TRUE,FALSE,"Age-sensitive fungal effect"
"F4576_mz487.1662_rt0.48",-0.628553198418345,0.266582761983827,0.374073152097282,1.75758441597067,0.000301805750514605,0.00470523050939668,-2.22001868286807,0.00603984669334942,0.0489186672567527,4576,0.481,487.16623,"Unknown","[M+H]+","ion correlated with 4143",0.429,FALSE,"null","null","null","null",999,FALSE,FALSE,FALSE,"null","null","null","null","null",12021.28,0,870531,13,"Very early RT","No MS/MS assignment","Unknown",FALSE,TRUE,TRUE,FALSE,"Age-sensitive fungal effect"
"F613_mz122.0967_rt0.91",-1.55760201515171,0.0138434712629773,0.0771396363759762,0.138848851440124,0.569859254354729,0.645177310416576,-1.53033030430393,0.00609994097307779,0.0489186672567527,613,0.913,122.0967,"Unknown","[M+H]+",NA,0.286,TRUE,"null","null","null","null",999,FALSE,FALSE,FALSE,"null","null","null","null","null",31.82,106699.333333333,6.47562175688298,24,"Early RT","MS/MS available","Unknown",FALSE,FALSE,TRUE,FALSE,"Age-sensitive fungal effect"
"F3190_mz307.08_rt0.88",-0.0775866379592685,0.931306722075205,0.957903423566926,1.46093018893505,0.129673940797313,0.222317061301911,-1.37239825376793,0.00605691798155701,0.0489186672567527,3190,0.876,307.08002,"Unknown","[M+H]+",NA,0.143,FALSE,"null","null","null","null",999,FALSE,FALSE,FALSE,"null","null","null","null","null",589.45,0,227554,16,"Early RT","No MS/MS assignment","Unknown",FALSE,FALSE,TRUE,FALSE,"Age-sensitive fungal effect"
"F2071_mz223.1446_rt0.97",0.86411417972278,0.0162352947705933,0.0806288365420014,-0.289428381190772,0.162078795882494,0.264202789294529,1.31965654287867,0.00591078200573289,0.0489186672567527,2071,0.971,223.14462,"Unknown","[M+H]+","ion correlated with 1780; ion correlated with 928; ion correlated with 2214; ion correlated with 655; ion correlated with 1916; ion correlated with 1499; ion correlated with 855; ion correlated with 2123",0.071,FALSE,"null","null","null","null",999,FALSE,FALSE,FALSE,"null","null","null","null","null",69.03,21499.3333333333,16.6823925210462,24,"Early RT","No MS/MS assignment","Unknown",FALSE,FALSE,TRUE,FALSE,"Age-sensitive fungal effect"
"F3099_mz301.1051_rt0.41",0.421531794300343,0.18265292691542,0.298260241388306,1.88920973122533,3.0732331644148e-05,0.0030126839287431,-1.3015593278642,0.00594523997565378,0.0489186672567527,3099,0.408,301.10507,"Unknown","[M+H]+",NA,0.071,FALSE,"null","null","null","null",999,FALSE,FALSE,FALSE,"null","null","null","null","null",21.56,0,113847,24,"Very early RT","No MS/MS assignment","Unknown",FALSE,TRUE,TRUE,TRUE,"Age-sensitive fungal effect"
"F1273_mz168.1022_rt0.93",-1.19693607899064,0.00993629985660501,0.0741060510462375,0.0465631459780761,0.821641095452336,0.869117095375957,-1.07738084062115,0.00584466510842763,0.0489186672567527,1273,0.932,168.10219,"Unknown","[M+H]+","ion correlated with 47; ion correlated with 2643; ion correlated with 4011; ion correlated with 2204; ion correlated with 2835; ion correlated with 2264; ion correlated with 2963; ion correlated with 3334; ion correlated with 3381; ion correlated with 2802; ion correlated with 2829; ion correlated with 3902; ion correlated with 3161; ion correlated with 3743; ion correlated with 1446; ion correlated with 2994; ion correlated with 3132; ion correlated with 2444; ion correlated with 3393",0.036,FALSE,"null","null","null","null",999,FALSE,FALSE,FALSE,"null","null","null","null","null",81.32,12451.3333333333,111.980780041224,24,"Early RT","No MS/MS assignment","Unknown",FALSE,FALSE,TRUE,FALSE,"Age-sensitive fungal effect"
"F3127_mz302.1352_rt0.72",-0.297239166571752,0.454459589104545,0.545591961734505,0.939567703446139,0.0598245816097763,0.123568517064779,-1.0706885030239,0.00596076797606946,0.0489186672567527,3127,0.721,302.13516,"Unknown","[M+H]+",NA,0.143,FALSE,"null","null","null","null",999,FALSE,FALSE,FALSE,"null","null","null","null","null",194.38,0,803377,13,"Early RT","No MS/MS assignment","Unknown",FALSE,FALSE,TRUE,FALSE,"Age-sensitive fungal effect"
"F585_mz120.081_rt1.17",0.0430683849173513,0.869127560086477,0.910877798538668,-0.852077852071669,0.00561244902268182,0.0230972785766087,1.06126347023186,0.00591364320115973,0.0489186672567527,585,1.173,120.08098,"Unknown","[M+H]+","found in higher mz's MsMs_3024",0.036,TRUE,"null","null","null","null",999,FALSE,FALSE,FALSE,"null","null","null","null","null",288.04,19340.6666666667,182.814545454545,24,"RT >= 1 min","MS/MS available","Unknown",FALSE,TRUE,TRUE,FALSE,"Age-sensitive fungal effect"
"F1764_mz202.0898_rt1.12",0.416748789518521,0.228964000860799,0.339790508734974,-1.05510381136349,0.00314872936199123,0.0160958382940847,1.6379195568565,0.00617261679550689,0.0493088804715006,1764,1.12,202.08984,"Unknown","[M+H]+","ion correlated with 1020; ion correlated with 4035; ion correlated with 2094; ion correlated with 3349; ion correlated with 2128; ion correlated with 799; ion correlated with 4338; ion correlated with 4486; ion correlated with 2012; ion correlated with 4283; ion correlated with 3491; ion correlated with 4678; ion correlated with 3680; ion correlated with 4167; ion correlated with 4019; ion correlated with 1747; ion correlated with 4640; ion correlated with 4223; ion correlated with 4153; ion correlated with 4639; ion correlated with 4192; ion correlated with 3898; ion correlated with 3143; ion correlated with 4250; ion correlated with 1598; ion correlated with 1870; ion correlated with 3772; ion correlated with 4341; ion correlated with 3733; ion correlated with 4952; ion correlated with 4960; similar chromatogram in higher mz_4724; similar chromatogram in higher mz_3971; similar chromatogram in higher mz_4739; similar chromatogram in higher mz_4640",0.107,FALSE,"null","null","null","null",999,FALSE,FALSE,FALSE,"null","null","null","null","null",93.65,0,504334,17,"RT >= 1 min","No MS/MS assignment","Unknown",FALSE,TRUE,TRUE,FALSE,"Age-sensitive fungal effect"
"F3132_mz302.2082_rt0.98",-2.2374293301841,0.00142721811351101,0.0558337568889048,-0.757845753639785,0.0122180272697841,0.0383608878318255,-1.3134637984479,0.00622566399718374,0.0495398766907683,3132,0.981,302.20819,"Unknown","[M+H]+","ion correlated with 3025; ion correlated with 3334; ion correlated with 3381; ion correlated with 1273; ion correlated with 2802; ion correlated with 2829; ion correlated with 3902; ion correlated with 3778; ion correlated with 3743; ion correlated with 1446; ion correlated with 916; ion correlated with 2444; ion correlated with 3393; ion correlated with 2891; ion correlated with 2926; ion correlated with 1544; ion correlated with 2620; ion correlated with 3432; ion correlated with 3627; ion correlated with 1392; ion correlated with 2672; ion correlated with 3786",0.25,FALSE,"null","null","null","null",999,FALSE,FALSE,FALSE,"null","null","null","null","null",422.93,659.333333333333,2179.24634023221,21,"Early RT","No MS/MS assignment","Unknown",FALSE,TRUE,TRUE,TRUE,"Age-sensitive fungal effect"
"F1787_mz203.1506_rt0.48",-2.96077540721866,0.00638801579211532,0.0664470881897342,0.0459251873007764,0.772897582097016,0.829148162268538,-2.84057839348949,0.00630079431900062,0.0497278660520873,1787,0.476,203.15056,"Unknown","[M+H]+",NA,0.464,TRUE,"null","null","null","null",999,FALSE,FALSE,FALSE,"null","null","null","null","null",297.74,0,1715559,18,"Very early RT","MS/MS available","Unknown",FALSE,FALSE,TRUE,FALSE,"Age-sensitive fungal effect"
"F2114_mz227.103_rt0.96",2.03206838529906,0.00168596911898501,0.0594885853589857,0.512278557171618,0.00530398580588956,0.0222141102940393,1.68590718661643,0.00630711472266355,0.0497278660520873,2114,0.957,227.10303,"Unknown","[M+H]+","ion correlated with 1120",0.429,TRUE,"null","null","null","null",999,FALSE,FALSE,FALSE,"null","null","null","null","null",1044.2,199.333333333333,76432.1281198003,22,"Early RT","MS/MS available","Unknown",FALSE,TRUE,TRUE,TRUE,"Age-sensitive fungal effect"
"F114_mz79.0214_rt2.13",0.251205610333784,0.418646037304937,0.513495235314601,1.98568220914465,0.000240786004548809,0.00434952126925572,-1.56835902852208,0.00632899443510332,0.0497278660520873,114,2.128,79.02139,"Unknown","[M+H]+","ion correlated with 119",0.036,TRUE,"null","null","null","null",999,FALSE,FALSE,FALSE,"null","null","null","null","null",20.19,2055375.66666667,6.15046925705426,24,"RT >= 1 min","MS/MS available","Unknown",FALSE,TRUE,TRUE,TRUE,"Age-sensitive fungal effect"
"F115_mz79.0214_rt2.67",0.236560172826694,0.439560189119431,0.53107671411714,1.92176614223534,0.000116512767725144,0.00374086832920911,-1.51908838345732,0.00634617676845926,0.0497278660520873,115,2.674,79.02139,"Unknown","[M+H]+",NA,0.036,TRUE,"null","null","null","null",999,FALSE,FALSE,FALSE,"null","null","null","null","null",22.9,1401393,5.33001497080764,24,"RT >= 1 min","MS/MS available","Unknown",FALSE,TRUE,TRUE,TRUE,"Age-sensitive fungal effect"
