"Alignment ID","Average Rt(min)","Average Mz","Metabolite name","Adduct type","Post curation result","Fill %","MS/MS assigned","Reference RT","Reference m/z","Formula","Ontology","INCHIKEY","SMILES","Annotation tag (VS1.0)","RT matched","m/z matched","MS/MS matched","Total score","RT similarity","Dot product","Reverse dot product","Fragment presence %","S/N average","blank_1","blank_2","blank_3","blank_4","exudate_1","exudate_2","exudate_3","FC_1","FC_2","FC_3","fungi_old_1","fungi_old_2","fungi_old_3","leaf_1","leaf_2","leaf_3","new_in_P08","new_in_P09","new_in_P10","new_out_P08","new_out_P09","new_out_P10","root_1","root_2","root_3","Soil_control_1","Soil_control_2","Soil_control_3","feature_name","blank_mean","maximum_biological_signal","sample_to_blank_ratio","present_in_any_group","number_detected","group1_n","group2_n","detection_category","RT_flag","MSMS_flag","annotation_flag"
34,0.43,66.06852,"Unknown","[M+H]+","ion correlated with 3168; ion correlated with 4047; ion correlated with 4261; ion correlated with 4157; ion correlated with 3928",0.143,FALSE,"null","null","null","null","null","null",999,FALSE,FALSE,FALSE,"null","null","null","null","null",58.74,0,0,0,0,0,0,0,94805,115274,109540,46984,0,0,0,0,0,34670,58975,57519,112537,144319,157000,0,0,0,0,0,0,"F34_mz66.0685_rt0.43",0,157000,157001,TRUE,10,1,3,"Fungal control-associated detection","Very early RT","No MS/MS assignment","Unknown"
89,0.458,75.02646,"Unknown","[M+H]+","ion correlated with 4643; similar chromatogram in higher mz_1778; found in higher mz's MsMs_1228; similar chromatogram in higher mz_2009; similar chromatogram in higher mz_1094; similar chromatogram in higher mz_2033; similar chromatogram in higher mz_2987; similar chromatogram in higher mz_1562",0.214,FALSE,"null","null","null","null","null","null",999,FALSE,FALSE,FALSE,"null","null","null","null","null",28.16,5305,0,3020,0,3576,3111,2714,194773,143596,184464,89935,0,0,0,0,0,43793,105331,44828,100828,257858,151415,0,7292,0,0,0,4795,"F89_mz75.0265_rt0.46",2775,257858,92.8886887608069,TRUE,15,1,3,"Fungal control-associated detection","Very early RT","No MS/MS assignment","Unknown"
90,0.895,75.03127,"Unknown","[M+H]+","ion correlated with 4828; ion correlated with 2492; ion correlated with 4044; ion correlated with 4735; ion correlated with 2237; ion correlated with 4194; ion correlated with 4252; ion correlated with 845; similar chromatogram in higher mz_748; similar chromatogram in higher mz_769; similar chromatogram in higher mz_185; similar chromatogram in higher mz_398; similar chromatogram in higher mz_762; similar chromatogram in higher mz_1656; similar chromatogram in higher mz_3012; similar chromatogram in higher mz_4139; similar chromatogram in higher mz_4352; similar chromatogram in higher mz_4447; similar chromatogram in higher mz_4853; similar chromatogram in higher mz_4894",0.143,FALSE,"null","null","null","null","null","null",999,FALSE,FALSE,FALSE,"null","null","null","null","null",35.99,0,0,1832,0,1966,0,0,128206,166739,241472,87965,0,0,0,0,0,50992,84363,42602,136104,195443,209736,0,0,0,0,0,0,"F90_mz75.0313_rt0.9",610.666666666667,241472,394.778746594005,TRUE,11,1,3,"Fungal control-associated detection","Early RT","No MS/MS assignment","Unknown"
95,0.954,77.03831,"Unknown","[M+H]+","ion correlated with 398; ion correlated with 4054; ion correlated with 3651; ion correlated with 2349; ion correlated with 3806; ion correlated with 3628; ion correlated with 3900; ion correlated with 3785; ion correlated with 916; ion correlated with 3913; ion correlated with 3451; ion correlated with 2698; ion correlated with 61; ion correlated with 3613; ion correlated with 761; similar chromatogram in higher mz_1231; similar chromatogram in higher mz_583; similar chromatogram in higher mz_350; similar chromatogram in higher mz_737; similar chromatogram in higher mz_1015; similar chromatogram in higher mz_391; similar chromatogram in higher mz_3743; similar chromatogram in higher mz_570; similar chromatogram in higher mz_1114; similar chromatogram in higher mz_2028; similar chromatogram in higher mz_2305; similar chromatogram in higher mz_4074; similar chromatogram in higher mz_4435; similar chromatogram in higher mz_4644; similar chromatogram in higher mz_248; similar chromatogram in higher mz_236; similar chromatogram in higher mz_589; similar chromatogram in higher mz_4820",0.357,FALSE,"null","null","null","null","null","null",999,FALSE,FALSE,FALSE,"null","null","null","null","null",283.23,0,4542,1466,0,2460,0,0,546760,539140,795560,228918,0,0,24373,6762,0,185144,295529,238642,413488,553406,699797,0,0,0,1794,2534,0,"F95_mz77.0383_rt0.95",2002.66666666667,795560,397.052570287806,TRUE,15,1,3,"Fungal control-associated detection","Early RT","No MS/MS assignment","Unknown"
178,0.888,85.70918,"Unknown","[M+H]+","ion correlated with 185; similar chromatogram in higher mz_2492; similar chromatogram in higher mz_2105; similar chromatogram in higher mz_2436; similar chromatogram in higher mz_2856; similar chromatogram in higher mz_4742; similar chromatogram in higher mz_4791; similar chromatogram in higher mz_4814; similar chromatogram in higher mz_4830; similar chromatogram in higher mz_4846; similar chromatogram in higher mz_4883",0.107,FALSE,"null","null","null","null","null","null",999,FALSE,FALSE,FALSE,"null","null","null","null","null",1378.13,0,0,0,0,0,0,0,21430,80959,239634,0,0,0,0,0,0,22264,0,0,103072,191476,28800,0,0,0,0,0,0,"F178_mz85.7092_rt0.89",0,239634,239635,TRUE,7,0,3,"Fungal control-associated detection","Early RT","No MS/MS assignment","Unknown"
185,0.891,86.48576,"Unknown","[M+H]+","ion correlated with 178",0.071,FALSE,"null","null","null","null","null","null",999,FALSE,FALSE,FALSE,"null","null","null","null","null",218.97,0,0,0,0,0,0,0,26155,71666,270097,0,0,0,0,0,0,0,0,30770,76040,142121,0,0,0,0,0,0,0,"F185_mz86.4858_rt0.89",0,270097,270098,TRUE,6,0,3,"Fungal control-associated detection","Early RT","No MS/MS assignment","Unknown"
203,0.378,89.00842,"Unknown","[M+H]+","ion correlated with 2461; ion correlated with 2661; ion correlated with 538; ion correlated with 3508",0.107,FALSE,"null","null","null","null","null","null",999,FALSE,FALSE,FALSE,"null","null","null","null","null",94.02,0,0,2525,0,33040,16737,49630,7634,4214,3406,0,2745,0,971202,904802,711532,0,0,0,0,0,4980,214971,95558,119577,65062,58894,39253,"F203_mz89.0084_rt0.38",841.666666666667,971202,1152.5352056962,TRUE,17,1,3,"Fungal control-associated detection","Very early RT","No MS/MS assignment","Unknown"
224,0.518,90.52607,"Unknown","[M+H]+","ion correlated with 197; ion correlated with 692",0.036,TRUE,"null","null","null","null","null","null",999,FALSE,FALSE,FALSE,"null","null","null","null","null",28.33,173934,411016,391590,0,943316,679728,735855,50742,0,0,8405,228342,36420,0,0,0,0,0,0,0,0,0,0,0,0,1851068,1792596,1235762,"F224_mz90.5261_rt0.52",325513.333333333,1851068,5.68659751797924,TRUE,10,3,1,"Fungi old-associated detection","Early RT","MS/MS available","Unknown"
236,0.952,93.07007,"Unknown","[M+H]+","found in higher mz's MsMs_583; found in higher mz's MsMs_1015",0.214,FALSE,"null","null","null","null","null","null",999,FALSE,FALSE,FALSE,"null","null","null","null","null",81.77,0,2545,2016,0,6248,5577,3138,321381,381203,237793,92741,0,0,84533,24494,37722,55161,47625,36926,179584,165212,117120,0,0,0,4582,3870,3977,"F236_mz93.0701_rt0.95",1520.33333333333,381203,250.572304995618,TRUE,19,1,3,"Fungal control-associated detection","Early RT","No MS/MS assignment","Unknown"
279,0.486,98.09657,"Unknown","[M+H]+",NA,0.107,TRUE,"null","null","null","null","null","null",999,FALSE,FALSE,FALSE,"null","null","null","null","null",693.24,83554,43798,26808,0,36374,33536,36226,0,29765,0,35717,29612,9212,4263239,11101990,8262273,0,34708,0,0,0,0,16070,44794,88937,39001,38652,40207,"F279_mz98.0966_rt0.49",51386.6666666667,11101990,216.043882124764,TRUE,17,3,1,"Fungi old-associated detection","Very early RT","MS/MS available","Unknown"
312,0.824,100.11221,"Unknown","[M+H]+","similar chromatogram in higher mz_2104",0.107,TRUE,"null","null","null","null","null","null",999,FALSE,FALSE,FALSE,"null","null","null","null","null",688.66,21146,34453,28205,0,22944,24398,24119,13065,0,18423,0,21961,0,4106031,9939081,13190845,19650,16682,0,0,29123,6895,29188,32344,73464,17447,27085,22003,"F312_mz100.1122_rt0.82",27934.6666666667,13190845,472.186547663083,TRUE,19,1,2,"Fungal control-associated detection","Early RT","MS/MS available","Unknown"
316,0.695,100.59153,"Unknown","[M+H]+","similar chromatogram in higher mz_2141; similar chromatogram in higher mz_2888; similar chromatogram in higher mz_2923",0.036,FALSE,"null","null","null","null","null","null",999,FALSE,FALSE,FALSE,"null","null","null","null","null",18.94,0,0,0,0,0,0,0,0,102389,67188,0,0,0,0,0,0,0,0,25128,37273,39120,0,0,0,0,0,0,0,"F316_mz100.5915_rt0.7",0,102389,102390,TRUE,5,0,2,"Fungal control-associated detection","Early RT","No MS/MS assignment","Unknown"
361,0.696,104.05297,"Unknown","[M+H]+","ion correlated with 4471; ion correlated with 1256; ion correlated with 1567; ion correlated with 2015; ion correlated with 2363; ion correlated with 2543; ion correlated with 1187; ion correlated with 1700; ion correlated with 1441; ion correlated with 530; ion correlated with 1376; ion correlated with 2929; found in higher mz's MsMs_1031",0.321,FALSE,"null","null","null","null","null","null",999,FALSE,FALSE,FALSE,"null","null","null","null","null",134.37,0,8166,4011,0,2878,5376,0,1581957,2265126,2245500,831391,0,0,0,22131,79963,349149,470969,261830,831275,1585576,1656351,0,0,0,0,4022,0,"F361_mz104.053_rt0.7",4059,2265126,557.913054187192,TRUE,15,1,3,"Fungal control-associated detection","Early RT","No MS/MS assignment","Unknown"
398,0.898,107.59945,"Unknown","[M+H]+","ion correlated with 47; ion correlated with 818; ion correlated with 4011; ion correlated with 3478; ion correlated with 2727; ion correlated with 4054; ion correlated with 3651; ion correlated with 3312; ion correlated with 2963; ion correlated with 3025; ion correlated with 3628; ion correlated with 3334; ion correlated with 62; similar chromatogram in higher mz_2204; similar chromatogram in higher mz_4011; similar chromatogram in higher mz_733; similar chromatogram in higher mz_971; similar chromatogram in higher mz_2761; similar chromatogram in higher mz_3012; similar chromatogram in higher mz_4269; similar chromatogram in higher mz_4352; similar chromatogram in higher mz_4447; similar chromatogram in higher mz_4853; similar chromatogram in higher mz_4894; similar chromatogram in higher mz_2794; similar chromatogram in higher mz_4735; similar chromatogram in higher mz_4638",0.357,FALSE,"null","null","null","null","null","null",999,FALSE,FALSE,FALSE,"null","null","null","null","null",1073.68,0,2082,0,0,0,0,0,606238,1045577,952715,457213,0,0,0,0,0,200968,439221,273040,501606,591776,839982,0,0,0,0,0,0,"F398_mz107.5994_rt0.9",694,1045577,1504.42877697842,TRUE,10,1,3,"Fungal control-associated detection","Early RT","No MS/MS assignment","Unknown"
422,0.4,109.52167,"Unknown","[M+H]+","ion correlated with 3029; ion correlated with 538; ion correlated with 2384; ion correlated with 2798",0.143,FALSE,"null","null","null","null","null","null",999,FALSE,FALSE,FALSE,"null","null","null","null","null",41.67,0,0,2595,0,21720,35687,20692,3039,0,0,0,2781,2606,548498,462588,479883,8311,2503,0,10914,19338,0,356528,152126,157086,12886,3586,6330,"F422_mz109.5217_rt0.4",865,548498,633.370669745958,TRUE,19,2,1,"Fungi old-associated detection","Very early RT","No MS/MS assignment","Unknown"
425,0.408,109.579,"Unknown","[M+H]+","similar chromatogram in higher mz_4527; similar chromatogram in higher mz_4047; similar chromatogram in higher mz_2241; similar chromatogram in higher mz_3168; similar chromatogram in higher mz_3532; similar chromatogram in higher mz_3740; similar chromatogram in higher mz_3905; similar chromatogram in higher mz_4261",0.036,FALSE,"null","null","null","null","null","null",999,FALSE,FALSE,FALSE,"null","null","null","null","null",10.23,0,0,0,0,0,0,0,45518,100659,72402,0,0,0,0,0,8570,12823,18241,31826,48900,52196,52484,2244,0,0,0,0,0,"F425_mz109.579_rt0.41",0,100659,100660,TRUE,11,0,3,"Fungal control-associated detection","Very early RT","No MS/MS assignment","Unknown"
470,0.397,112.96694,"Unknown","[M+H]+","ion correlated with 275; ion correlated with 1473; ion correlated with 2692; ion correlated with 1657",0.321,FALSE,"null","null","null","null","null","null",999,FALSE,FALSE,FALSE,"null","null","null","null","null",102.04,56474,0,2243,0,112996,68703,112606,0,5241,13868,0,0,0,3151294,2399172,2229252,0,0,2908,5098,0,2743,968762,593078,835245,184628,271282,91606,"F470_mz112.9669_rt0.4",19572.3333333333,3151294,160.999403950954,TRUE,17,0,2,"Fungal control-associated detection","Very early RT","No MS/MS assignment","Unknown"
494,0.399,114.49761,"Unknown","[M+H]+","ion correlated with 237; ion correlated with 4537; ion correlated with 1353; ion correlated with 528; ion correlated with 849",0.179,FALSE,"null","null","null","null","null","null",999,FALSE,FALSE,FALSE,"null","null","null","null","null",124.88,0,0,0,0,130906,89944,148954,18925,22972,9777,8978,0,0,0,0,0,0,7710,0,0,11649,11671,56084,17608,24674,382673,468452,252623,"F494_mz114.4976_rt0.4",0,468452,468453,TRUE,16,1,3,"Fungal control-associated detection","Very early RT","No MS/MS assignment","Unknown"
496,0.704,114.59486,"Unknown","[M+H]+","ion correlated with 4951; ion correlated with 3184; ion correlated with 2073; ion correlated with 3474; similar chromatogram in higher mz_1617; similar chromatogram in higher mz_2134; similar chromatogram in higher mz_3649; similar chromatogram in higher mz_4281; similar chromatogram in higher mz_4380",0.036,FALSE,"null","null","null","null","null","null",999,FALSE,FALSE,FALSE,"null","null","null","null","null",8.66,0,0,0,0,0,0,0,63919,99366,114951,0,0,0,0,0,0,0,0,0,21062,62453,61784,0,0,0,0,0,0,"F496_mz114.5949_rt0.7",0,114951,114952,TRUE,6,0,3,"Fungal control-associated detection","Early RT","No MS/MS assignment","Unknown"
508,0.491,115.46633,"Unknown","[M+H]+","ion correlated with 525; similar chromatogram in higher mz_2140; similar chromatogram in higher mz_4811",0.107,FALSE,"null","null","null","null","null","null",999,FALSE,FALSE,FALSE,"null","null","null","null","null",1304.18,0,0,0,0,0,0,0,63459,153166,222708,0,0,0,0,0,0,38131,0,0,90409,185011,37893,0,0,0,0,0,3320,"F508_mz115.4663_rt0.49",0,222708,222709,TRUE,8,0,3,"Fungal control-associated detection","Very early RT","No MS/MS assignment","Unknown"
521,0.901,116.10715,"Unknown","[M+H]+","ion correlated with 4069; ion correlated with 4514; ion correlated with 1730; ion correlated with 4880; ion correlated with 278; ion correlated with 1929; ion correlated with 1904; ion correlated with 1114",0.107,TRUE,"null","null","null","null","null","null",999,FALSE,FALSE,FALSE,"null","null","null","null","null",113.32,75381,15011,29997,0,20587,26471,20168,0,0,0,0,7001,8032,1533899,1220001,1294270,0,0,0,0,0,0,0,9360,7520,19970,18296,25716,"F521_mz116.1072_rt0.9",40129.6666666667,1533899,38.2226393780318,TRUE,13,2,0,"Fungi old-associated detection","Early RT","MS/MS available","Unknown"
525,0.488,116.68004,"Unknown","[M+H]+","ion correlated with 508; similar chromatogram in higher mz_4804",0.107,FALSE,"null","null","null","null","null","null",999,FALSE,FALSE,FALSE,"null","null","null","null","null",147.09,0,0,0,0,0,0,0,52916,216712,265578,0,0,0,0,0,0,36636,0,25402,50339,128710,54981,0,0,0,0,0,0,"F525_mz116.68_rt0.49",0,265578,265579,TRUE,8,0,3,"Fungal control-associated detection","Very early RT","No MS/MS assignment","Unknown"
537,0.647,117.46486,"Unknown","[M+H]+",NA,0.071,FALSE,"null","null","null","null","null","null",999,FALSE,FALSE,FALSE,"null","null","null","null","null",87.97,0,0,0,0,0,0,0,25956,119390,228056,0,0,0,0,0,0,0,0,0,0,67900,28228,0,0,0,0,0,0,"F537_mz117.4649_rt0.65",0,228056,228057,TRUE,5,0,3,"Fungal control-associated detection","Early RT","No MS/MS assignment","Unknown"
560,0.737,118.12287,"Unknown","[M+H]+","ion correlated with 2416; similar chromatogram in higher mz_4075; similar chromatogram in higher mz_1574",0.071,FALSE,"null","null","null","null","null","null",999,FALSE,FALSE,FALSE,"null","null","null","null","null",58.04,6022,36600,32579,0,28046,26313,32036,0,0,33144,17940,0,10942,352038,160126,433285,0,0,60537,19216,13974,17311,0,35991,21544,36877,48996,25316,"F560_mz118.1229_rt0.74",25067,433285,17.2844263603,TRUE,18,2,1,"Fungi old-associated detection","Early RT","No MS/MS assignment","Unknown"
570,0.951,119.44508,"Unknown","[M+H]+","ion correlated with 589; similar chromatogram in higher mz_4336",0.179,FALSE,"null","null","null","null","null","null",999,FALSE,FALSE,FALSE,"null","null","null","null","null",208.82,0,0,0,0,0,0,0,108302,223690,332033,53225,0,0,0,0,0,70581,41809,48115,228267,252801,88912,0,0,0,0,0,0,"F570_mz119.4451_rt0.95",0,332033,332034,TRUE,10,1,3,"Fungal control-associated detection","Early RT","No MS/MS assignment","Unknown"
589,0.951,120.72379,"Unknown","[M+H]+","ion correlated with 4243; ion correlated with 845; ion correlated with 570; ion correlated with 4005; ion correlated with 4468",0.179,FALSE,"null","null","null","null","null","null",999,FALSE,FALSE,FALSE,"null","null","null","null","null",188.61,0,0,0,0,0,0,0,129692,269936,232927,45476,0,0,0,0,0,68226,33108,44764,130586,223946,96222,0,0,0,0,0,0,"F589_mz120.7238_rt0.95",0,269936,269937,TRUE,10,1,3,"Fungal control-associated detection","Early RT","No MS/MS assignment","Unknown"
592,0.726,121.04969,"Unknown","[M+H]+","ion correlated with 348; ion correlated with 905; ion correlated with 839; similar chromatogram in higher mz_839; similar chromatogram in higher mz_1537",0.143,TRUE,"null","null","null","null","null","null",999,FALSE,FALSE,FALSE,"null","null","null","null","null",374.75,0,20483,11409,0,53819,60567,6218,0,0,0,1423854,3551402,1966856,0,31892,48115,0,0,0,0,0,19352,55473,0,21441,11352,121197,28175,"F592_mz121.0497_rt0.73",10630.6666666667,3551402,334.040100329205,TRUE,14,3,0,"Fungi old-associated detection","Early RT","MS/MS available","Unknown"
601,0.907,121.60265,"Unknown","[M+H]+","ion correlated with 3552; ion correlated with 4791; ion correlated with 712; ion correlated with 971; ion correlated with 3473; ion correlated with 4524; ion correlated with 3798; ion correlated with 3363; ion correlated with 4054; ion correlated with 3616; ion correlated with 1545; ion correlated with 3614; ion correlated with 3651; ion correlated with 2349; ion correlated with 3501; ion correlated with 647; ion correlated with 3806; ion correlated with 2248; ion correlated with 2688; ion correlated with 3480; ion correlated with 4036; ion correlated with 3900; ion correlated with 3785; similar chromatogram in higher mz_2928; similar chromatogram in higher mz_2264; similar chromatogram in higher mz_2280; similar chromatogram in higher mz_1623; similar chromatogram in higher mz_1841; similar chromatogram in higher mz_4735; similar chromatogram in higher mz_3570",0.286,FALSE,"null","null","null","null","null","null",999,FALSE,FALSE,FALSE,"null","null","null","null","null",387.42,0,0,0,0,0,0,0,434899,662749,578949,205856,0,0,0,0,0,18158,157557,93229,322165,397031,569906,0,0,0,0,0,0,"F601_mz121.6026_rt0.91",0,662749,662750,TRUE,10,1,3,"Fungal control-associated detection","Early RT","No MS/MS assignment","Unknown"
605,0.579,122.07134,"Unknown","[M+H]+","found in higher mz's MsMs_2597",0.286,FALSE,"null","null","null","null","null","null",999,FALSE,FALSE,FALSE,"null","null","null","null","null",62.39,10211,3096,5490,0,4524,5240,4064,728862,789644,829545,757989,0,0,0,0,0,257028,241288,149466,530141,672654,696880,0,0,0,10736,8050,6364,"F605_mz122.0713_rt0.58",6265.66666666667,829545,132.374361702128,TRUE,16,1,3,"Fungal control-associated detection","Early RT","No MS/MS assignment","Unknown"
621,0.492,123.05533,"Unknown","[M+H]+","similar chromatogram in higher mz_2790; similar chromatogram in higher mz_1607; similar chromatogram in higher mz_1236; similar chromatogram in higher mz_3687; similar chromatogram in higher mz_4399; similar chromatogram in higher mz_3915; similar chromatogram in higher mz_1500; similar chromatogram in higher mz_1884; similar chromatogram in higher mz_3859",0.143,FALSE,"null","null","null","null","null","null",999,FALSE,FALSE,FALSE,"null","null","null","null","null",23.25,53900,59783,53480,0,55415,66346,75540,0,0,0,718063,695195,581209,183993,197018,252652,226855,96728,199781,100166,50650,0,108854,159592,214971,70146,79865,57643,"F621_mz123.0553_rt0.49",55721,718063,12.8865439144324,TRUE,20,3,0,"Fungi old-associated detection","Very early RT","No MS/MS assignment","Unknown"
624,0.6,123.0556,"Unknown","[M+H]+","similar chromatogram in higher mz_1330; found in higher mz's MsMs_2463",0.107,FALSE,"null","null","null","null","null","null",999,FALSE,FALSE,FALSE,"null","null","null","null","null",28.01,46024,52557,49991,0,49346,46637,30073,0,0,58528,522192,562381,381248,78368,30150,68900,54096,235686,124608,270298,141056,60313,27928,50055,80786,67033,25910,35703,"F624_mz123.0556_rt0.6",49524,562381,11.3555174154467,TRUE,22,3,1,"Fungi old-associated detection","Early RT","No MS/MS assignment","Unknown"
626,1.054,123.11687,"Unknown","[M+H]+",NA,0.036,FALSE,"null","null","null","null","null","null",999,FALSE,FALSE,FALSE,"null","null","null","null","null",4.55,28520,19828,19829,0,22238,29182,26474,19583,0,0,16575,22148,19535,118615,46603,115449,16956,16794,15415,5923,23570,20824,8696,11112,16286,15926,19429,27298,"F626_mz123.1169_rt1.05",22725.6666666667,118615,5.21924317981813,TRUE,22,3,1,"Fungi old-associated detection","RT >= 1 min","No MS/MS assignment","Unknown"
645,0.398,124.50014,"Unknown","[M+H]+","ion correlated with 20",0.071,FALSE,"null","null","null","null","null","null",999,FALSE,FALSE,FALSE,"null","null","null","null","null",37.03,0,0,0,0,58860,26062,58981,30714,12688,19896,0,17057,0,0,25304,37201,5572,7495,0,15041,0,23442,20676,0,18244,126087,99267,151995,"F645_mz124.5001_rt0.4",0,151995,151996,TRUE,18,1,3,"Fungal control-associated detection","Very early RT","No MS/MS assignment","Unknown"
647,0.922,124.59174,"Unknown","[M+H]+","ion correlated with 3552; ion correlated with 1859; ion correlated with 4791; ion correlated with 712; ion correlated with 971; ion correlated with 3473; ion correlated with 4524; ion correlated with 3798; ion correlated with 2727; ion correlated with 4054; ion correlated with 601; ion correlated with 3616; ion correlated with 1545; ion correlated with 3614; ion correlated with 3312; ion correlated with 2349; ion correlated with 3806; ion correlated with 3628; ion correlated with 2248; ion correlated with 2688; ion correlated with 3480; ion correlated with 4036; ion correlated with 3900; ion correlated with 4637; ion correlated with 3785; ion correlated with 2332; ion correlated with 916; ion correlated with 3465; ion correlated with 3294; ion correlated with 4312; similar chromatogram in higher mz_924; similar chromatogram in higher mz_999; similar chromatogram in higher mz_2045; similar chromatogram in higher mz_2214; similar chromatogram in higher mz_2248; similar chromatogram in higher mz_2282; similar chromatogram in higher mz_3732; similar chromatogram in higher mz_3736; similar chromatogram in higher mz_3839; similar chromatogram in higher mz_4393; similar chromatogram in higher mz_4948; similar chromatogram in higher mz_3524; similar chromatogram in higher mz_3585",0.286,FALSE,"null","null","null","null","null","null",999,FALSE,FALSE,FALSE,"null","null","null","null","null",105.45,0,0,0,0,0,0,0,559967,688740,531874,185911,0,0,0,0,0,91583,136679,78697,322678,509064,490898,0,0,0,0,0,0,"F647_mz124.5917_rt0.92",0,688740,688741,TRUE,10,1,3,"Fungal control-associated detection","Early RT","No MS/MS assignment","Unknown"
656,0.859,125.10196,"Unknown","[M+H]+","ion correlated with 2403; ion correlated with 1429",0.107,FALSE,"null","null","null","null","null","null",999,FALSE,FALSE,FALSE,"null","null","null","null","null",33.07,86364,23556,27840,0,21303,36834,21928,2829,0,0,24732,14252,9520,673774,184653,166881,0,13068,0,0,0,0,0,0,0,21655,26226,22595,"F656_mz125.102_rt0.86",45920,673774,14.6724809999782,TRUE,14,3,1,"Fungi old-associated detection","Early RT","No MS/MS assignment","Unknown"
685,0.426,127.12337,"Unknown","[M+H]+",NA,0.036,FALSE,"null","null","null","null","null","null",999,FALSE,FALSE,FALSE,"null","null","null","null","null",16.84,1333,0,0,0,0,0,0,0,0,0,103166,82009,38136,0,0,0,0,7364,0,0,7409,0,0,0,0,0,0,0,"F685_mz127.1234_rt0.43",444.333333333333,103166,231.662425149701,TRUE,5,3,0,"Fungi old-associated detection","Very early RT","No MS/MS assignment","Unknown"
692,0.531,128.01942,"Unknown","[M+H]+","ion correlated with 197; ion correlated with 224",0.071,TRUE,"null","null","null","null","null","null",999,FALSE,FALSE,FALSE,"null","null","null","null","null",209.73,207418,203834,248279,0,637324,518916,492097,0,36860,0,43177,116081,70746,0,120039,0,0,0,0,0,0,0,0,45870,0,1570236,1602675,1040055,"F692_mz128.0194_rt0.53",219843.666666667,1602675,7.29003811782258,TRUE,12,3,1,"Fungi old-associated detection","Early RT","MS/MS available","Unknown"
713,0.812,129.13896,"Unknown","[M+H]+",NA,0.107,FALSE,"null","null","null","null","null","null",999,FALSE,FALSE,FALSE,"null","null","null","null","null",30.83,0,0,0,0,0,0,0,0,0,92280,314433,175777,70799,108859,16021,135157,0,0,0,0,0,0,0,0,0,0,0,0,"F713_mz129.139_rt0.81",0,314433,314434,TRUE,7,3,1,"Fungi old-associated detection","Early RT","No MS/MS assignment","Unknown"
733,0.896,130.6028,"Unknown","[M+H]+","similar chromatogram in higher mz_3616",0.143,FALSE,"null","null","null","null","null","null",999,FALSE,FALSE,FALSE,"null","null","null","null","null",28.18,0,0,0,0,0,0,0,151694,375878,0,26015,0,0,0,0,0,69881,0,0,129536,81636,134438,0,0,0,0,0,0,"F733_mz130.6028_rt0.9",0,375878,375879,TRUE,7,1,2,"Fungal control-associated detection","Early RT","No MS/MS assignment","Unknown"
748,0.892,131.36801,"Unknown","[M+H]+","ion correlated with 712; ion correlated with 769; ion correlated with 3025; ion correlated with 3628",0.357,FALSE,"null","null","null","null","null","null",999,FALSE,FALSE,FALSE,"null","null","null","null","null",3698.66,0,0,0,0,0,0,0,510575,843650,1035761,225300,0,0,0,0,0,270635,187637,229976,671605,854165,374878,0,0,0,0,0,0,"F748_mz131.368_rt0.89",0,1035761,1035762,TRUE,10,1,3,"Fungal control-associated detection","Early RT","No MS/MS assignment","Unknown"
769,0.892,132.84227,"Unknown","[M+H]+","ion correlated with 748; ion correlated with 3628",0.357,FALSE,"null","null","null","null","null","null",999,FALSE,FALSE,FALSE,"null","null","null","null","null",8393.96,0,0,0,0,0,0,0,489044,807849,1041252,230638,0,0,0,0,0,248196,203621,237652,669955,903870,359905,0,0,0,2260,0,0,"F769_mz132.8423_rt0.89",0,1041252,1041253,TRUE,11,1,3,"Fungal control-associated detection","Early RT","No MS/MS assignment","Unknown"
774,0.536,133.03189,"Unknown","[M+H]+","ion correlated with 2364; ion correlated with 2372; ion correlated with 991",0.107,FALSE,"null","null","null","null","null","null",999,FALSE,FALSE,FALSE,"null","null","null","null","null",288.44,53390,13990,10977,0,62341,51141,47618,1332573,1698300,2725377,487427,0,0,114298,106048,242781,597514,1087794,691288,1615695,1599792,1586713,0,0,0,67479,76663,77164,"F774_mz133.0319_rt0.54",26119,2725377,104.340658499234,TRUE,19,1,3,"Fungal control-associated detection","Early RT","No MS/MS assignment","Unknown"
775,0.699,133.03197,"Unknown","[M+H]+","ion correlated with 967; ion correlated with 631; ion correlated with 622; similar chromatogram in higher mz_790; similar chromatogram in higher mz_2454; similar chromatogram in higher mz_2886; similar chromatogram in higher mz_4592; similar chromatogram in higher mz_2834",0.393,TRUE,"null","null","null","null","null","null",999,FALSE,FALSE,FALSE,"null","null","null","null","null",878.83,0,0,0,0,0,0,0,8950467,13326290,12066216,4453764,0,0,386041,254080,631638,1358965,2293274,1215190,4615068,9281083,9296240,0,0,0,0,3285,0,"F775_mz133.032_rt0.7",0,13326290,13326291,TRUE,14,1,3,"Fungal control-associated detection","Early RT","MS/MS available","Unknown"
792,1.005,135.08067,"Unknown","[M+H]+","ion correlated with 4843; ion correlated with 3955; ion correlated with 4029; ion correlated with 3171; ion correlated with 1458; ion correlated with 3937; ion correlated with 3803; ion correlated with 4550; ion correlated with 4165; ion correlated with 4912; ion correlated with 4759; ion correlated with 2865; ion correlated with 4035; found in higher mz's MsMs_1714",0.107,FALSE,"null","null","null","null","null","null",999,FALSE,FALSE,FALSE,"null","null","null","null","null",131.12,18547,11389,12579,0,12282,6956,10124,0,0,0,0,19859,13284,977210,472054,361828,0,11108,4608,0,0,0,36629,5641,15310,15779,12896,14547,"F792_mz135.0807_rt1",14171.6666666667,977210,68.9503974787149,TRUE,16,2,0,"Fungi old-associated detection","RT >= 1 min","No MS/MS assignment","Unknown"
802,0.425,135.97737,"Unknown","[M+H]+","ion correlated with 2241; similar chromatogram in higher mz_4442",0.143,FALSE,"null","null","null","null","null","null",999,FALSE,FALSE,FALSE,"null","null","null","null","null",2800.83,40046,0,0,0,0,0,0,124216,148350,144451,94536,0,0,0,0,0,92805,119008,105455,138932,143149,133519,0,0,0,0,0,6184,"F802_mz135.9774_rt0.42",13348.6666666667,148350,11.1127119278883,TRUE,11,1,3,"Fungal control-associated detection","Very early RT","No MS/MS assignment","Unknown"
804,0.643,136.06194,"Unknown","[M+H]+","ion correlated with 60; similar chromatogram in higher mz_2494; similar chromatogram in higher mz_2718; similar chromatogram in higher mz_2874",0.571,TRUE,"null","null","null","null","null","null",999,FALSE,FALSE,FALSE,"null","null","null","null","null",1217.92,5354,38677,35234,0,26866,27400,21498,23141608,26446442,24459522,3172933,0,0,2099566,852616,1687750,3244557,5778958,3382911,12125665,19735724,19692310,462499,737046,1252297,72074,32464,24223,"F804_mz136.0619_rt0.64",26421.6666666667,26446442,1000.89984609174,TRUE,22,1,3,"Fungal control-associated detection","Early RT","MS/MS available","Unknown"
809,0.462,136.58966,"Unknown","[M+H]+",NA,0.179,FALSE,"null","null","null","null","null","null",999,FALSE,FALSE,FALSE,"null","null","null","null","null",2028.77,0,0,0,0,0,0,0,213594,164196,95840,0,0,0,0,0,0,0,167347,11236,78619,137720,143425,0,0,0,0,0,0,"F809_mz136.5897_rt0.46",0,213594,213595,TRUE,8,0,3,"Fungal control-associated detection","Very early RT","No MS/MS assignment","Unknown"
810,0.447,136.9313,"Unknown","[M+H]+","ion correlated with 1396; ion correlated with 4391",0.214,FALSE,"null","null","null","null","null","null",999,FALSE,FALSE,FALSE,"null","null","null","null","null",865.59,0,0,0,0,233812,207794,175671,0,16100,11849,0,0,0,18236,52495,21341,0,0,0,0,9762,0,0,0,0,122302,117091,202074,"F810_mz136.9313_rt0.45",0,233812,233813,TRUE,12,0,2,"Fungal control-associated detection","Very early RT","No MS/MS assignment","Unknown"
816,0.541,137.04597,"Unknown","[M+H]+",NA,0.036,FALSE,"null","null","null","null","null","null",999,FALSE,FALSE,FALSE,"null","null","null","null","null",283.02,0,2376,1563,0,0,0,0,484999,591071,1204988,139737,0,0,0,0,0,31443,564542,419672,972621,652249,779203,0,0,0,0,0,3469,"F816_mz137.046_rt0.54",1313,1204988,917.038812785388,TRUE,11,1,3,"Fungal control-associated detection","Early RT","No MS/MS assignment","Unknown"
817,0.706,137.04601,"Unknown","[M+H]+","ion correlated with 2321; ion correlated with 1679; ion correlated with 458; ion correlated with 2363; ion correlated with 2371; ion correlated with 2730; ion correlated with 518; ion correlated with 1006",0.357,TRUE,"null","null","null","null","null","null",999,FALSE,FALSE,FALSE,"null","null","null","null","null",454.29,0,0,0,0,22797,7482,4227,4918686,5926000,5504815,1245617,0,0,0,0,0,845732,1156589,734295,2275316,3894010,3927662,0,0,0,23987,0,4447,"F817_mz137.046_rt0.71",0,5926000,5926001,TRUE,15,1,3,"Fungal control-associated detection","Early RT","MS/MS available","Unknown"
832,0.461,137.6102,"Unknown","[M+H]+",NA,0.071,FALSE,"null","null","null","null","null","null",999,FALSE,FALSE,FALSE,"null","null","null","null","null",144.07,0,0,0,0,0,0,0,0,0,0,49844,128346,154991,0,0,0,0,0,30050,0,0,60026,0,0,0,0,0,0,"F832_mz137.6102_rt0.46",0,154991,154992,TRUE,5,3,0,"Fungi old-associated detection","Very early RT","No MS/MS assignment","Unknown"
834,0.463,137.97121,"Unknown","[M+H]+","ion correlated with 1695; ion correlated with 1924; ion correlated with 4008; ion correlated with 3597; found in higher mz's MsMs_904; found in higher mz's MsMs_1158",0.214,FALSE,"null","null","null","null","null","null",999,FALSE,FALSE,FALSE,"null","null","null","null","null",40.96,11534,0,6046,0,185351,174173,141195,32046,10694,7768,0,0,0,0,0,0,5098,0,0,0,0,0,0,0,0,197385,189262,150159,"F834_mz137.9712_rt0.46",5860,197385,33.677870670534,TRUE,10,0,3,"Fungal control-associated detection","Very early RT","No MS/MS assignment","Unknown"
840,1.127,138.12793,"Unknown","[M+H]+","ion correlated with 3364; ion correlated with 3130; ion correlated with 986; found in higher mz's MsMs_3130; similar chromatogram in higher mz_4415; similar chromatogram in higher mz_2899; similar chromatogram in higher mz_5140",0.071,FALSE,"null","null","null","null","null","null",999,FALSE,FALSE,FALSE,"null","null","null","null","null",139.66,4344,9837,11087,0,7569,10846,12770,5568,0,8324,6784,0,0,273749,4270,867513,3148,8739,10924,4909,3127,4674,4272,4284,74750,9211,10095,8993,"F840_mz138.1279_rt1.13",8422.66666666667,867513,102.985319140517,TRUE,21,1,2,"Fungal control-associated detection","RT >= 1 min","No MS/MS assignment","Unknown"
845,0.931,138.59485,"Unknown","[M+H]+","ion correlated with 4044; ion correlated with 90; ion correlated with 2237; ion correlated with 4194; ion correlated with 2328; ion correlated with 4243; ion correlated with 4137; ion correlated with 999; ion correlated with 4252; ion correlated with 3524; ion correlated with 4393; ion correlated with 589; ion correlated with 4436; ion correlated with 4397; ion correlated with 4036; ion correlated with 3721; ion correlated with 4302; ion correlated with 2515; ion correlated with 4005; ion correlated with 4238; ion correlated with 2432; ion correlated with 1960; ion correlated with 2639; ion correlated with 4125; ion correlated with 4468; ion correlated with 4113; ion correlated with 3155",0.214,FALSE,"null","null","null","null","null","null",999,FALSE,FALSE,FALSE,"null","null","null","null","null",132.74,0,0,2044,0,0,0,0,210287,245968,259089,36088,0,0,0,0,0,42938,57908,28572,111644,190350,173662,0,0,0,0,0,0,"F845_mz138.5949_rt0.93",681.333333333333,259089,379.71177332682,TRUE,10,1,3,"Fungal control-associated detection","Early RT","No MS/MS assignment","Unknown"
847,0.732,139.00266,"Unknown","[M+H]+","ion correlated with 1617; ion correlated with 704; ion correlated with 1371; ion correlated with 2174",0.179,FALSE,"null","null","null","null","null","null",999,FALSE,FALSE,FALSE,"null","null","null","null","null",14.22,26853,3874,4791,0,6514,0,4338,142327,146199,160392,37569,0,0,522583,645073,664966,16486,0,0,61503,123145,103916,0,0,29792,0,0,0,"F847_mz139.0027_rt0.73",11839.3333333333,664966,56.1611722642944,TRUE,14,1,3,"Fungal control-associated detection","Early RT","No MS/MS assignment","Unknown"
878,0.482,140.08195,"Unknown","[M+H]+",NA,0.036,FALSE,"null","null","null","null","null","null",999,FALSE,FALSE,FALSE,"null","null","null","null","null",1.57,5816,0,0,0,0,0,0,565775,466419,487757,104789,0,0,12611,67695,279631,309348,516350,457408,598989,792852,693099,0,0,0,0,0,0,"F878_mz140.082_rt0.48",1938.66666666667,792852,408.757346623131,TRUE,13,1,3,"Fungal control-associated detection","Very early RT","No MS/MS assignment","Unknown"
884,0.461,141.0547,"Unknown","[M+H]+",NA,0.107,FALSE,"null","null","null","null","null","null",999,FALSE,FALSE,FALSE,"null","null","null","null","null",20.4,85087,60553,41955,0,38788,42110,43262,18391,34880,0,0,33722,0,416706,298382,283492,0,31118,0,0,0,88066,134268,96330,89324,74168,65052,42591,"F884_mz141.0547_rt0.46",62531.6666666667,416706,6.66382903868911,TRUE,17,1,2,"Fungal control-associated detection","Very early RT","No MS/MS assignment","Unknown"
918,0.567,143.59712,"Unknown","[M+H]+","similar chromatogram in higher mz_1054; similar chromatogram in higher mz_3150; similar chromatogram in higher mz_4369; similar chromatogram in higher mz_3392",0.107,FALSE,"null","null","null","null","null","null",999,FALSE,FALSE,FALSE,"null","null","null","null","null",2500.81,0,0,0,0,0,0,0,119619,177607,247373,48162,0,0,0,0,0,0,0,0,0,75514,97627,0,0,0,0,0,0,"F918_mz143.5971_rt0.57",0,247373,247374,TRUE,6,1,3,"Fungal control-associated detection","Early RT","No MS/MS assignment","Unknown"
932,0.466,144.61798,"Unknown","[M+H]+","ion correlated with 3811; ion correlated with 4108; similar chromatogram in higher mz_1897; similar chromatogram in higher mz_5036",0.036,FALSE,"null","null","null","null","null","null",999,FALSE,FALSE,FALSE,"null","null","null","null","null",116.16,0,0,0,0,0,0,0,0,0,0,45589,67369,100328,0,0,0,0,0,0,0,0,0,0,0,0,0,0,0,"F932_mz144.618_rt0.47",0,100328,100329,TRUE,3,3,0,"Fungi old-associated detection","Very early RT","No MS/MS assignment","Unknown"
954,1.42,145.10132,"Unknown","[M+H]+","ion correlated with 4319; ion correlated with 3763; ion correlated with 1594; ion correlated with 4332; found in higher mz's MsMs_1594; similar chromatogram in higher mz_3249",0.036,FALSE,"null","null","null","null","null","null",999,FALSE,FALSE,FALSE,"null","null","null","null","null",56.59,0,2111,371,0,1236,1538,1468,0,0,0,0,9668,2251,283107,82166,21942,2158,2928,0,0,2952,0,1997,0,0,0,1492,1374,"F954_mz145.1013_rt1.42",827.333333333333,283107,341.780281690141,TRUE,14,2,0,"Fungi old-associated detection","RT >= 1 min","No MS/MS assignment","Unknown"
955,1.154,145.10132,"Unknown","[M+H]+","ion correlated with 4844; ion correlated with 3370; ion correlated with 4910; ion correlated with 4348; ion correlated with 4038; ion correlated with 396; ion correlated with 4111; ion correlated with 4076; ion correlated with 1431; found in higher mz's MsMs_1598",0.071,FALSE,"null","null","null","null","null","null",999,FALSE,FALSE,FALSE,"null","null","null","null","null",51.35,0,2111,0,0,0,0,0,0,3978,0,72416,23839,19532,397067,128328,50588,3041,0,0,4123,3740,0,4363,3764,3959,0,1608,0,"F955_mz145.1013_rt1.15",703.666666666667,397067,563.483443708609,TRUE,14,3,1,"Fungi old-associated detection","RT >= 1 min","No MS/MS assignment","Unknown"
957,2.074,145.10136,"Unknown","[M+H]+","ion correlated with 2751; ion correlated with 378; ion correlated with 742; ion correlated with 1018; ion correlated with 1629; ion correlated with 1658; ion correlated with 420; ion correlated with 628; ion correlated with 995; ion correlated with 1570; ion correlated with 1694; ion correlated with 1719; ion correlated with 2318; ion correlated with 2447; ion correlated with 2950; ion correlated with 4946; ion correlated with 596; ion correlated with 1191; ion correlated with 2158; ion correlated with 2394; ion correlated with 56; ion correlated with 1140; ion correlated with 1258; ion correlated with 1468; ion correlated with 2582; ion correlated with 3907; ion correlated with 3941; ion correlated with 5039; ion correlated with 4118; ion correlated with 3777; ion correlated with 3979; found in higher mz's MsMs_3323; found in higher mz's MsMs_1751; found in higher mz's MsMs_3520; found in higher mz's MsMs_3703; found in higher mz's MsMs_2674; found in higher mz's MsMs_3079; found in higher mz's MsMs_5004; found in higher mz's MsMs_2381; found in higher mz's MsMs_2950; found in higher mz's MsMs_3851",0.107,FALSE,"null","null","null","null","null","null",999,FALSE,FALSE,FALSE,"null","null","null","null","null",58.06,0,1937,1467,0,0,1254,0,1802,0,0,2387,2199,1975,516310,324566,425734,2032,1760,2602,0,2094,1742,0,0,1810,0,1604,1484,"F957_mz145.1014_rt2.07",1134.66666666667,516310,454.632521279718,TRUE,16,3,1,"Fungi old-associated detection","RT >= 1 min","No MS/MS assignment","Unknown"
971,0.891,146.12886,"Unknown","[M+H]+","ion correlated with 3552; ion correlated with 4791; ion correlated with 712; ion correlated with 3147; ion correlated with 3473; ion correlated with 4524; ion correlated with 3798; ion correlated with 3363; ion correlated with 4054; ion correlated with 601; ion correlated with 1545; ion correlated with 3614; ion correlated with 4059; ion correlated with 2349; ion correlated with 3501; ion correlated with 647; ion correlated with 2055; ion correlated with 3806; ion correlated with 2248; ion correlated with 3443; ion correlated with 3750; ion correlated with 4224",0.214,FALSE,"null","null","null","null","null","null",999,FALSE,FALSE,FALSE,"null","null","null","null","null",117.56,0,0,0,0,0,0,0,361740,487656,455449,195329,0,0,0,0,0,59752,138936,66304,340246,276893,471897,0,0,0,0,0,0,"F971_mz146.1289_rt0.89",0,487656,487657,TRUE,10,1,3,"Fungal control-associated detection","Early RT","No MS/MS assignment","Unknown"
974,0.639,146.16536,"Unknown","[M+H]+",NA,0.179,FALSE,"null","null","null","null","null","null",999,FALSE,FALSE,FALSE,"null","null","null","null","null",308.3,0,0,0,0,0,0,0,628224,1181091,1979201,1316942,0,0,8582,0,0,0,0,0,0,486376,506817,0,0,0,0,0,0,"F974_mz146.1654_rt0.64",0,1979201,1979202,TRUE,7,1,3,"Fungal control-associated detection","Early RT","No MS/MS assignment","Unknown"
991,0.532,147.11295,"Unknown","[M+H]+","ion correlated with 4460; ion correlated with 1541; ion correlated with 4903; ion correlated with 2372; ion correlated with 774; ion correlated with 632",0.107,FALSE,"null","null","null","null","null","null",999,FALSE,FALSE,FALSE,"null","null","null","null","null",270.03,27202,29342,29877,0,15785,29192,23261,1592256,1996740,1991674,789334,0,0,150611,182745,239112,622803,958646,555454,1547146,1836633,1818180,0,0,0,13587,19858,14607,"F991_mz147.113_rt0.53",28807,1996740,69.3120313801722,TRUE,19,1,3,"Fungal control-associated detection","Early RT","No MS/MS assignment","Unknown"
1019,3.547,149.09636,"Unknown","[M+H]+","ion correlated with 1041; ion correlated with 419; ion correlated with 779; ion correlated with 2014; ion correlated with 2157; ion correlated with 3115; ion correlated with 3702; ion correlated with 376; ion correlated with 856; ion correlated with 1379; ion correlated with 2563; ion correlated with 3318; ion correlated with 3338; ion correlated with 956; ion correlated with 397; ion correlated with 597; ion correlated with 625; ion correlated with 994; ion correlated with 1190; ion correlated with 1257; ion correlated with 1349; ion correlated with 1630; ion correlated with 1752; ion correlated with 2317; ion correlated with 2448; ion correlated with 2474; ion correlated with 2676; ion correlated with 2746; ion correlated with 2954; ion correlated with 3083; ion correlated with 3098; ion correlated with 3118; ion correlated with 3504; ion correlated with 3745; ion correlated with 3906; ion correlated with 5005; ion correlated with 5013; ion correlated with 5038; ion correlated with 5047; ion correlated with 3515; ion correlated with 4188; found in higher mz's MsMs_3318; found in higher mz's MsMs_2676; found in higher mz's MsMs_5005; found in higher mz's MsMs_3847; found in higher mz's MsMs_3976; found in higher mz's MsMs_3504",0.107,FALSE,"null","null","null","null","null","null",999,FALSE,FALSE,FALSE,"null","null","null","null","null",12.1,5352,2404,1325,0,1404,0,0,1816,1546,2028,0,0,0,179419,213746,445407,1574,0,1568,0,0,1426,1741,0,3102,0,1274,0,"F1019_mz149.0964_rt3.55",3027,445407,147.0964332893,TRUE,13,0,3,"Fungal control-associated detection","RT >= 1 min","No MS/MS assignment","Unknown"
1045,0.425,151.95126,"Unknown","[M+H]+","ion correlated with 2218; ion correlated with 2737; ion correlated with 3590; ion correlated with 3769; ion correlated with 2967; ion correlated with 1965; ion correlated with 4401",0.357,FALSE,"null","null","null","null","null","null",999,FALSE,FALSE,FALSE,"null","null","null","null","null",115.84,6701,2607,4767,0,0,4441,4954,219762,360239,307975,114333,0,0,43976,40069,74213,113946,131008,113796,210077,274869,284172,15432,26701,13041,0,0,0,"F1045_mz151.9513_rt0.42",4691.66666666667,360239,76.7665861628072,TRUE,18,1,3,"Fungal control-associated detection","Very early RT","No MS/MS assignment","Unknown"
1048,0.484,152.05682,"Unknown","[M+H]+",NA,0.286,TRUE,"null","null","null","null","null","null",999,FALSE,FALSE,FALSE,"null","null","null","null","null",107.64,350695,597672,615668,0,287531,313984,262120,1369837,1787881,2849904,370172,0,0,25961,72550,196155,1359169,2141718,1611193,2336112,1995989,1987694,234367,249676,238190,261290,313138,280350,"F1048_mz152.0568_rt0.48",521345,2849904,5.46643687685338,TRUE,22,1,3,"Fungal control-associated detection","Very early RT","MS/MS available","Unknown"
1052,0.494,152.10718,"Unknown","[M+H]+",NA,0.036,FALSE,"null","null","null","null","null","null",999,FALSE,FALSE,FALSE,"null","null","null","null","null",45.47,18134,27389,20765,0,3624,13020,11857,0,37134,53783,0,0,0,0,0,22406,132632,167382,41206,0,0,0,0,0,0,10600,3756,6377,"F1052_mz152.1072_rt0.49",22096,167382,7.57491967235371,TRUE,12,0,2,"Fungal control-associated detection","Very early RT","No MS/MS assignment","Unknown"
1054,0.571,152.1106,"Unknown","[M+H]+",NA,0.143,FALSE,"null","null","null","null","null","null",999,FALSE,FALSE,FALSE,"null","null","null","null","null",133.43,17105,4355,6048,0,6185,5058,4507,384073,462538,552523,93502,0,0,0,0,0,0,0,0,49787,242355,113448,0,0,0,3193,0,0,"F1054_mz152.1106_rt0.57",9169.33333333333,552523,60.2512449565628,TRUE,11,1,3,"Fungal control-associated detection","Early RT","No MS/MS assignment","Unknown"
1055,0.648,152.11067,"Unknown","[M+H]+",NA,0.036,FALSE,"null","null","null","null","null","null",999,FALSE,FALSE,FALSE,"null","null","null","null","null",68.44,17105,4568,2371,0,3148,0,0,28545,24107,53095,49125,0,0,53313,0,0,0,72743,0,49787,84486,199888,0,0,0,3409,0,0,"F1055_mz152.1107_rt0.65",8014.66666666667,199888,24.9372894747786,TRUE,11,1,3,"Fungal control-associated detection","Early RT","No MS/MS assignment","Unknown"
1102,0.541,156.59285,"Unknown","[M+H]+",NA,0.036,FALSE,"null","null","null","null","null","null",999,FALSE,FALSE,FALSE,"null","null","null","null","null",109.12,0,0,0,0,0,0,0,61436,118622,28586,0,0,0,0,0,0,0,0,0,45262,0,0,0,0,0,0,0,0,"F1102_mz156.5928_rt0.54",0,118622,118623,TRUE,4,0,3,"Fungal control-associated detection","Early RT","No MS/MS assignment","Unknown"
1105,0.514,156.9825,"Unknown","[M+H]+",NA,0.321,FALSE,"null","null","null","null","null","null",999,FALSE,FALSE,FALSE,"null","null","null","null","null",26.22,25764,2729,1675,0,4082,5750,5489,0,0,0,31080,116846,39884,179742,254611,152973,243103,109320,178632,98153,82450,0,372121,266680,351056,0,0,8162,"F1105_mz156.9825_rt0.51",10056,372121,37.0012926319976,TRUE,18,3,0,"Fungi old-associated detection","Early RT","No MS/MS assignment","Unknown"
1111,0.923,157.04982,"Unknown","[M+H]+","ion correlated with 1358; ion correlated with 638; ion correlated with 1726; ion correlated with 670",0.036,TRUE,"null","null","null","null","null","null",999,FALSE,FALSE,FALSE,"null","null","null","null","null",387.76,120698,12769,18322,0,15592,15879,17782,0,10638,0,498886,2368674,2635064,9756,40099,34992,30744,20714,22595,0,0,11672,15786,0,0,15606,21013,17393,"F1111_mz157.0498_rt0.92",50596.3333333333,2635064,52.0791280172868,TRUE,18,3,1,"Fungi old-associated detection","Early RT","MS/MS available","Unknown"
1113,0.446,157.10832,"Unknown","[M+H]+",NA,0.036,FALSE,"null","null","null","null","null","null",999,FALSE,FALSE,FALSE,"null","null","null","null","null",28.51,0,0,0,0,0,0,0,63887,54618,113782,17865,0,0,120011,139721,85692,56821,4758,11204,37182,50490,23320,39502,24557,0,0,0,0,"F1113_mz157.1083_rt0.45",0,139721,139722,TRUE,15,1,3,"Fungal control-associated detection","Very early RT","No MS/MS assignment","Unknown"
1114,0.949,157.13351,"Unknown","[M+H]+","ion correlated with 278; ion correlated with 1929; ion correlated with 1904; ion correlated with 3191; ion correlated with 1654; ion correlated with 2793; similar chromatogram in higher mz_4505",0.143,FALSE,"null","null","null","null","null","null",999,FALSE,FALSE,FALSE,"null","null","null","null","null",51.3,5298,2246,2918,0,0,5681,2392,94733,202485,210805,52529,0,0,2588004,1695420,2587134,7068,30908,19721,38024,168718,197412,101289,135007,250820,5702,5748,2605,"F1114_mz157.1335_rt0.95",3487.33333333333,2588004,741.903010033445,TRUE,21,1,3,"Fungal control-associated detection","Early RT","No MS/MS assignment","Unknown"
1140,2.08,159.11703,"Unknown","[M+H]+","ion correlated with 378; ion correlated with 742; ion correlated with 957; ion correlated with 1018; ion correlated with 1629; ion correlated with 1658; ion correlated with 2022; ion correlated with 797; ion correlated with 2911; ion correlated with 420; ion correlated with 628; ion correlated with 995; ion correlated with 1351; ion correlated with 1570; ion correlated with 1694; ion correlated with 1719; ion correlated with 1894; ion correlated with 2137; ion correlated with 2318; ion correlated with 2447; ion correlated with 4946; ion correlated with 596; ion correlated with 1191; ion correlated with 2158; ion correlated with 2500; ion correlated with 2394; ion correlated with 56; ion correlated with 1167; ion correlated with 1258; ion correlated with 1468; ion correlated with 2582; ion correlated with 3907; ion correlated with 3941; ion correlated with 5039; ion correlated with 2347; ion correlated with 4118; ion correlated with 3777; ion correlated with 3979; ion correlated with 3997; found in higher mz's MsMs_3323; found in higher mz's MsMs_1751; found in higher mz's MsMs_3520; found in higher mz's MsMs_3703; found in higher mz's MsMs_2674; found in higher mz's MsMs_5004; found in higher mz's MsMs_2381; found in higher mz's MsMs_2950; found in higher mz's MsMs_3851",0.107,FALSE,"null","null","null","null","null","null",999,FALSE,FALSE,FALSE,"null","null","null","null","null",36.08,1949,1902,1881,0,3319,0,3780,0,3297,0,3762,2123,1664,339719,234352,311245,0,1959,4160,2532,850,0,4020,2993,1517,1973,1578,1966,"F1140_mz159.117_rt2.08",1910.66666666667,339719,177.708805579773,TRUE,19,3,1,"Fungi old-associated detection","RT >= 1 min","No MS/MS assignment","Unknown"
1151,0.494,160.06065,"Unknown","[M+H]+","similar chromatogram in higher mz_4391; similar chromatogram in higher mz_4025",0.214,FALSE,"null","null","null","null","null","null",999,FALSE,FALSE,FALSE,"null","null","null","null","null",81.6,0,10379,9529,0,299836,233620,224124,0,55890,0,80824,154882,130900,0,14353,0,0,33166,0,55258,73615,46002,0,0,0,215789,222312,279987,"F1151_mz160.0607_rt0.49",6636,299836,45.1765858068404,TRUE,15,3,1,"Fungi old-associated detection","Very early RT","No MS/MS assignment","Unknown"
1178,0.736,162.12398,"Unknown","[M+H]+","similar chromatogram in higher mz_2730; similar chromatogram in higher mz_1617; similar chromatogram in higher mz_2134; similar chromatogram in higher mz_3406",0.107,FALSE,"null","null","null","null","null","null",999,FALSE,FALSE,FALSE,"null","null","null","null","null",91.69,0,0,0,0,0,0,0,95731,116636,89872,33290,0,0,0,0,0,0,0,0,105754,115921,77912,0,23809,0,0,0,0,"F1178_mz162.124_rt0.74",0,116636,116637,TRUE,8,1,3,"Fungal control-associated detection","Early RT","No MS/MS assignment","Unknown"
1191,2.077,163.11201,"Unknown","[M+H]+","ion correlated with 2751; ion correlated with 395; ion correlated with 378; ion correlated with 742; ion correlated with 957; ion correlated with 1018; ion correlated with 1497; ion correlated with 1629; ion correlated with 1658; ion correlated with 2022; ion correlated with 797; ion correlated with 1838; ion correlated with 2911; ion correlated with 628; ion correlated with 995; ion correlated with 1351; ion correlated with 1570; ion correlated with 1694; ion correlated with 1719; ion correlated with 1894; ion correlated with 2137; ion correlated with 2318; ion correlated with 2447; ion correlated with 2950; ion correlated with 4946; ion correlated with 596; ion correlated with 2158; ion correlated with 4919; ion correlated with 532; ion correlated with 2500; ion correlated with 3522; ion correlated with 2562; ion correlated with 2394; ion correlated with 56; ion correlated with 1140; ion correlated with 1167; ion correlated with 1258; ion correlated with 1468; ion correlated with 2582; ion correlated with 3907; ion correlated with 3941; ion correlated with 5039; ion correlated with 2347; ion correlated with 4118; ion correlated with 3777; ion correlated with 3997; ion correlated with 5027; found in higher mz's MsMs_5004; found in higher mz's MsMs_3851",0.107,FALSE,"null","null","null","null","null","null",999,FALSE,FALSE,FALSE,"null","null","null","null","null",14.59,0,0,0,0,0,0,1469,0,1757,3557,1788,0,0,289668,183885,224679,0,0,0,0,0,0,2126,0,1788,0,1526,2066,"F1191_mz163.112_rt2.08",0,289668,289669,TRUE,11,1,2,"Fungal control-associated detection","RT >= 1 min","No MS/MS assignment","Unknown"
1195,1.182,163.14822,"Unknown","[M+H]+","ion correlated with 955; ion correlated with 4038; ion correlated with 1625; ion correlated with 4061; ion correlated with 4111; ion correlated with 4432; ion correlated with 4076; ion correlated with 1408; ion correlated with 1470; ion correlated with 1431; ion correlated with 4620",0.036,FALSE,"null","null","null","null","null","null",999,FALSE,FALSE,FALSE,"null","null","null","null","null",10.69,0,4502,3782,0,0,6925,6864,0,0,0,12788,2613,3240,168710,42714,20622,2868,0,3820,0,0,0,3504,0,3432,3603,6106,4998,"F1195_mz163.1482_rt1.18",2761.33333333333,168710,61.0755400024134,TRUE,15,3,0,"Fungi old-associated detection","RT >= 1 min","No MS/MS assignment","Unknown"
1198,0.781,163.59439,"Unknown","[M+H]+",NA,0.036,FALSE,"null","null","null","null","null","null",999,FALSE,FALSE,FALSE,"null","null","null","null","null",92.12,0,0,0,0,0,0,0,46658,104141,13008,12727,0,0,0,0,0,13479,0,0,0,18515,16245,0,0,0,0,0,0,"F1198_mz163.5944_rt0.78",0,104141,104142,TRUE,7,1,3,"Fungal control-associated detection","Early RT","No MS/MS assignment","Unknown"
1216,0.528,165.05487,"Unknown","[M+H]+","ion correlated with 4682",0.179,FALSE,"null","null","null","null","null","null",999,FALSE,FALSE,FALSE,"null","null","null","null","null",185.48,20732,6007,9553,0,3038,8470,4552,42097,0,1855440,0,0,0,124031,96729,130311,756774,1088740,768076,520868,0,0,0,0,0,5760,7633,6084,"F1216_mz165.0549_rt0.53",12097.3333333333,1855440,153.363355834137,TRUE,15,0,2,"Fungal control-associated detection","Early RT","No MS/MS assignment","Unknown"
1223,0.435,165.96707,"Unknown","[M+H]+","similar chromatogram in higher mz_1840; similar chromatogram in higher mz_4064",0.071,FALSE,"null","null","null","null","null","null",999,FALSE,FALSE,FALSE,"null","null","null","null","null",21.01,34114,0,0,0,0,0,0,105425,150124,120288,86438,0,0,132396,82451,178714,20126,74558,48571,109248,138114,123071,0,0,0,0,0,3486,"F1223_mz165.9671_rt0.44",11371.3333333333,178714,15.7148928686579,TRUE,14,1,3,"Fungal control-associated detection","Very early RT","No MS/MS assignment","Unknown"
1240,0.768,166.99548,"Unknown","[M+H]+",NA,0.036,FALSE,"null","null","null","null","null","null",999,FALSE,FALSE,FALSE,"null","null","null","null","null",2.34,5163,0,0,0,0,1867,0,0,17051,0,47895,76106,27073,73095,98962,75346,103809,86701,110664,76030,33082,15702,132441,52979,157558,0,0,2683,"F1240_mz166.9955_rt0.77",1721,157558,91.4976771196283,TRUE,18,3,1,"Fungi old-associated detection","Early RT","No MS/MS assignment","Unknown"
1262,0.647,167.48679,"Unknown","[M+H]+",NA,0.179,FALSE,"null","null","null","null","null","null",999,FALSE,FALSE,FALSE,"null","null","null","null","null",1446.28,0,0,0,0,0,0,0,0,0,40868,60014,21288,95733,0,36632,39832,149479,88019,103842,59153,64746,48288,146953,195032,142267,0,0,0,"F1262_mz167.4868_rt0.65",0,195032,195033,TRUE,15,3,1,"Fungi old-associated detection","Early RT","No MS/MS assignment","Unknown"
1266,0.459,168.04932,"Unknown","[M+H]+","ion correlated with 2058; ion correlated with 1296; ion correlated with 2655; ion correlated with 4246; ion correlated with 4538; ion correlated with 1812; ion correlated with 1989; ion correlated with 1541; ion correlated with 4903; similar chromatogram in higher mz_1698",0.357,FALSE,"null","null","null","null","null","null",999,FALSE,FALSE,FALSE,"null","null","null","null","null",148.55,0,0,0,0,0,916,0,1251552,1606988,1129384,705933,0,0,0,20533,17973,524122,794449,664588,1064687,1334332,1164252,35424,2198,0,0,0,0,"F1266_mz168.0493_rt0.46",0,1606988,1606989,TRUE,15,1,3,"Fungal control-associated detection","Very early RT","No MS/MS assignment","Unknown"
1300,0.915,170.11775,"Unknown","[M+H]+","ion correlated with 3650",0.214,FALSE,"null","null","null","null","null","null",999,FALSE,FALSE,FALSE,"null","null","null","null","null",55.78,7409,9625,5659,0,3278,9337,4040,12286,0,0,9014,53558,26235,590332,264998,446541,7276,0,0,0,0,0,139122,144796,344130,6985,6839,6496,"F1300_mz170.1178_rt0.92",7564.33333333333,590332,78.031327106098,TRUE,17,3,1,"Fungi old-associated detection","Early RT","No MS/MS assignment","Unknown"
1304,0.44,171.01677,"Unknown","[M+H]+","ion correlated with 1285; ion correlated with 1831; ion correlated with 4460; ion correlated with 4903",0.357,FALSE,"null","null","null","null","null","null",999,FALSE,FALSE,FALSE,"null","null","null","null","null",107.39,0,0,0,0,8834,0,3708,2277808,2595262,2160724,793259,0,0,315452,461484,179440,691250,1296982,800059,1682602,2016781,2030522,177589,226560,123893,30957,28591,14755,"F1304_mz171.0168_rt0.44",0,2595262,2595263,TRUE,21,1,3,"Fungal control-associated detection","Very early RT","No MS/MS assignment","Unknown"
1335,0.912,173.07861,"Unknown","[M+H]+",NA,0.071,FALSE,"null","null","null","null","null","null",999,FALSE,FALSE,FALSE,"null","null","null","null","null",16.2,28418,92988,80181,0,111706,105430,118122,46879,0,0,0,35421,58233,57689,126361,65690,23134,0,0,0,0,0,286050,416477,334351,93384,90977,93623,"F1335_mz173.0786_rt0.91",67195.6666666667,416477,6.19789672106751,TRUE,16,2,1,"Fungi old-associated detection","Early RT","No MS/MS assignment","Unknown"
1345,1.192,173.09247,"Unknown","[M+H]+",NA,0.107,FALSE,"null","null","null","null","null","null",999,FALSE,FALSE,FALSE,"null","null","null","null","null",17.65,0,0,0,0,0,0,0,0,0,1910,356473,30267,19931,211583,14414,213749,0,0,0,0,3201,0,0,0,0,0,0,0,"F1345_mz173.0925_rt1.19",0,356473,356474,TRUE,8,3,1,"Fungi old-associated detection","RT >= 1 min","No MS/MS assignment","Unknown"
1349,3.547,173.13263,"Unknown","[M+H]+","ion correlated with 1041; ion correlated with 419; ion correlated with 779; ion correlated with 2014; ion correlated with 2157; ion correlated with 376; ion correlated with 856; ion correlated with 1379; ion correlated with 2563; ion correlated with 956; ion correlated with 397; ion correlated with 597; ion correlated with 625; ion correlated with 994; ion correlated with 1019; ion correlated with 1190; ion correlated with 1257; ion correlated with 1630; ion correlated with 1752; ion correlated with 2317; ion correlated with 2448; ion correlated with 2474; ion correlated with 2746; ion correlated with 2954; ion correlated with 3083; ion correlated with 3098; ion correlated with 3118; ion correlated with 3504; ion correlated with 3906; ion correlated with 5013; ion correlated with 5038; ion correlated with 5047; ion correlated with 4188; ion correlated with 4106; found in higher mz's MsMs_3318; found in higher mz's MsMs_2474; found in higher mz's MsMs_2954; found in higher mz's MsMs_3504",0.107,FALSE,"null","null","null","null","null","null",999,FALSE,FALSE,FALSE,"null","null","null","null","null",13.25,3193,0,0,0,0,0,0,0,0,0,0,1616,1706,186983,193659,366841,0,1326,1694,0,0,0,2142,2361,1796,0,1141,0,"F1349_mz173.1326_rt3.55",1064.33333333333,366841,344.344806007509,TRUE,11,2,0,"Fungi old-associated detection","RT >= 1 min","No MS/MS assignment","Unknown"
1353,0.394,173.92946,"Unknown","[M+H]+","ion correlated with 380; ion correlated with 4537; ion correlated with 528; ion correlated with 494; ion correlated with 1695",0.214,FALSE,"null","null","null","null","null","null",999,FALSE,FALSE,FALSE,"null","null","null","null","null",175.32,0,0,0,0,211579,100186,148268,8534,24963,0,0,8272,0,0,0,0,0,0,0,0,0,6984,13612,20417,18276,297029,342498,197725,"F1353_mz173.9295_rt0.39",0,342498,342499,TRUE,13,1,2,"Fungal control-associated detection","Very early RT","No MS/MS assignment","Unknown"
1356,0.436,173.9987,"Unknown","[M+H]+",NA,0.036,FALSE,"null","null","null","null","null","null",999,FALSE,FALSE,FALSE,"null","null","null","null","null",92.42,10918,0,2583,0,0,0,0,19807,80568,130764,20181,0,0,0,0,24146,52717,27390,49806,61936,122760,31799,12848,16124,0,5804,0,0,"F1356_mz173.9987_rt0.44",4500.33333333333,130764,29.0502813981043,TRUE,14,1,3,"Fungal control-associated detection","Very early RT","No MS/MS assignment","Unknown"
1358,0.893,174.05533,"Unknown","[M+H]+","ion correlated with 1507; ion correlated with 638; ion correlated with 1726; ion correlated with 1111",0.107,TRUE,"null","null","null","null","null","null",999,FALSE,FALSE,FALSE,"null","null","null","null","null",244.67,0,0,0,0,0,0,0,57802,0,0,722871,1895748,1420798,0,0,0,0,0,0,0,0,20968,0,0,0,0,0,0,"F1358_mz174.0553_rt0.89",0,1895748,1895749,TRUE,5,3,1,"Fungi old-associated detection","Early RT","MS/MS available","Unknown"
1362,0.494,174.14893,"Unknown","[M+H]+","ion correlated with 2798; ion correlated with 2575",0.25,FALSE,"null","null","null","null","null","null",999,FALSE,FALSE,FALSE,"null","null","null","null","null",53.43,9756,9299,4425,0,0,0,0,47732,0,52766,0,75619,0,757537,435296,616478,126251,99152,160340,54315,46675,112730,174376,86723,192289,0,0,0,"F1362_mz174.1489_rt0.49",7826.66666666667,757537,96.7769876080569,TRUE,15,1,2,"Fungal control-associated detection","Very early RT","No MS/MS assignment","Unknown"
1363,0.891,174.14897,"Unknown","[M+H]+","ion correlated with 252; ion correlated with 1324; ion correlated with 1071; ion correlated with 842; ion correlated with 1730; ion correlated with 4880; found in higher mz's MsMs_2403",0.214,FALSE,"null","null","null","null","null","null",999,FALSE,FALSE,FALSE,"null","null","null","null","null",86.48,0,0,0,0,2383,0,3702,0,0,13892,8774,103714,68577,1111443,848389,1150704,0,0,0,0,0,0,296044,353258,542401,14307,35433,2292,"F1363_mz174.149_rt0.89",0,1150704,1150705,TRUE,15,3,1,"Fungi old-associated detection","Early RT","No MS/MS assignment","Unknown"
1364,0.663,174.14917,"Unknown","[M+H]+",NA,0.107,FALSE,"null","null","null","null","null","null",999,FALSE,FALSE,FALSE,"null","null","null","null","null",37.47,4544,2479,0,0,83692,5237,60270,71822,53979,0,0,0,0,183836,89396,60931,0,27700,0,18142,0,27512,0,38864,91188,197780,218296,200565,"F1364_mz174.1492_rt0.66",2341,218296,93.2096498719044,TRUE,16,0,2,"Fungal control-associated detection","Early RT","No MS/MS assignment","Unknown"
1371,0.733,175.0239,"Unknown","[M+H]+","ion correlated with 1617; ion correlated with 847; ion correlated with 704",0.107,FALSE,"null","null","null","null","null","null",999,FALSE,FALSE,FALSE,"null","null","null","null","null",91.33,0,2504,0,0,0,0,0,198734,164327,188131,49376,0,0,501330,810786,839723,24950,0,0,96862,138514,193247,0,59185,62162,0,0,0,"F1371_mz175.0239_rt0.73",834.666666666667,839723,1004.85520542481,TRUE,13,1,3,"Fungal control-associated detection","Early RT","No MS/MS assignment","Unknown"
1381,1.201,175.14842,"Unknown","[M+H]+","ion correlated with 4153; ion correlated with 4333; ion correlated with 4307; ion correlated with 2871; ion correlated with 3143; ion correlated with 4110; ion correlated with 4353; ion correlated with 4341; ion correlated with 4388; ion correlated with 2740; ion correlated with 4166; ion correlated with 4952; ion correlated with 3957; ion correlated with 3566; ion correlated with 4960; ion correlated with 4041; ion correlated with 3635; ion correlated with 4590; ion correlated with 4797; ion correlated with 4656; ion correlated with 4789; ion correlated with 4895; ion correlated with 4803; ion correlated with 4806; ion correlated with 3224; ion correlated with 4726; ion correlated with 4792; ion correlated with 4937; ion correlated with 1635; ion correlated with 4062; ion correlated with 4100; ion correlated with 4516; ion correlated with 2013; ion correlated with 3600; ion correlated with 4825; ion correlated with 2872; ion correlated with 4381; ion correlated with 4909; ion correlated with 1402; ion correlated with 4942; ion correlated with 2624; ion correlated with 4954; ion correlated with 3886; ion correlated with 3934; ion correlated with 3495; ion correlated with 3284; ion correlated with 4031; found in higher mz's MsMs_4062",0.036,FALSE,"null","null","null","null","null","null",999,FALSE,FALSE,FALSE,"null","null","null","null","null",51.2,0,0,0,0,0,0,1459,0,0,0,2996,11798,15653,344247,185630,351777,0,0,0,0,0,0,0,0,0,1664,1666,0,"F1381_mz175.1484_rt1.2",0,351777,351778,TRUE,9,3,0,"Fungi old-associated detection","RT >= 1 min","No MS/MS assignment","Unknown"
1391,0.971,176.11876,"Unknown","[M+H]+",NA,0.036,FALSE,"null","null","null","null","null","null",999,FALSE,FALSE,FALSE,"null","null","null","null","null",88.33,0,0,0,0,2739,1782,0,19127,0,0,52769,86150,106964,72270,60164,72586,0,0,0,11179,17809,0,7883,0,0,0,0,0,"F1391_mz176.1188_rt0.97",0,106964,106965,TRUE,12,3,1,"Fungi old-associated detection","Early RT","No MS/MS assignment","Unknown"
1392,1.026,176.12843,"Unknown","[M+H]+","ion correlated with 916; ion correlated with 3477; ion correlated with 3132; ion correlated with 2444; ion correlated with 3393; ion correlated with 2891; ion correlated with 2926; ion correlated with 1544; ion correlated with 2620; ion correlated with 3091; ion correlated with 3432; ion correlated with 1374; ion correlated with 3627; ion correlated with 2672; ion correlated with 3786; ion correlated with 3129; ion correlated with 2908; similar chromatogram in higher mz_2339",0.357,TRUE,"null","null","null","null","null","null",999,FALSE,FALSE,FALSE,"null","null","null","null","null",253.45,0,0,0,0,399,2636,0,1065838,1270964,1220109,571091,0,0,16915,50909,54801,229861,447792,244433,706873,898466,972850,7883,0,0,4583,0,2154,"F1392_mz176.1284_rt1.03",0,1270964,1270965,TRUE,18,1,3,"Fungal control-associated detection","RT >= 1 min","MS/MS available","Unknown"
1394,0.443,176.8941,"Unknown","[M+H]+",NA,0.179,FALSE,"null","null","null","null","null","null",999,FALSE,FALSE,FALSE,"null","null","null","null","null",1536,0,0,0,0,46896,16141,25848,114633,133651,53835,45535,0,0,358249,255377,360447,0,22991,0,16815,69355,50224,0,0,0,57045,54746,46310,"F1394_mz176.8941_rt0.44",0,360447,360448,TRUE,17,1,3,"Fungal control-associated detection","Very early RT","No MS/MS assignment","Unknown"
1404,1.5,177.05481,"Unknown","[M+H]+","ion correlated with 3440; ion correlated with 5120; ion correlated with 5095; ion correlated with 4013; ion correlated with 3298; ion correlated with 3110; ion correlated with 5155; ion correlated with 3078; ion correlated with 3270; ion correlated with 2745; ion correlated with 4225; ion correlated with 4254; ion correlated with 4012; found in higher mz's MsMs_5127; similar chromatogram in higher mz_4966",0.107,FALSE,"null","null","null","null","null","null",999,FALSE,FALSE,FALSE,"null","null","null","null","null",43.92,3440,0,3563,0,0,1766,1619,2889,0,2372,0,0,2052,258336,222035,265360,0,1896,2590,1886,4430,1049,2926,3733,6279,1532,1618,0,"F1404_mz177.0548_rt1.5",2334.33333333333,265360,113.628746788467,TRUE,18,1,2,"Fungal control-associated detection","RT >= 1 min","No MS/MS assignment","Unknown"
1406,0.462,177.07613,"Unknown","[M+H]+",NA,0.143,FALSE,"null","null","null","null","null","null",999,FALSE,FALSE,FALSE,"null","null","null","null","null",75.3,6927,12863,11222,0,10395,6344,4137,32702,42970,0,0,0,0,561178,465361,541612,0,0,369806,0,0,0,141679,87426,130800,6240,9627,0,"F1406_mz177.0761_rt0.46",10337.3333333333,561178,54.2813799774303,TRUE,14,0,2,"Fungal control-associated detection","Very early RT","No MS/MS assignment","Unknown"
1429,0.911,179.07047,"Unknown","[M+H]+","ion correlated with 2403; ion correlated with 3170; ion correlated with 4088; ion correlated with 4123; ion correlated with 1393; ion correlated with 4843; ion correlated with 3955",0.107,FALSE,"null","null","null","null","null","null",999,FALSE,FALSE,FALSE,"null","null","null","null","null",116.99,13787,16783,18275,0,15147,12329,5443,0,0,0,0,24304,21261,1185222,524493,468597,0,0,0,0,0,20932,10496,0,0,11632,13401,10918,"F1429_mz179.0705_rt0.91",16281.6666666667,1185222,72.7904724860793,TRUE,13,2,0,"Fungi old-associated detection","Early RT","No MS/MS assignment","Unknown"
1450,0.805,180.8949,"Unknown","[M+H]+","ion correlated with 1501; ion correlated with 2604",0.071,FALSE,"null","null","null","null","null","null",999,FALSE,FALSE,FALSE,"null","null","null","null","null",32.79,0,0,0,0,0,0,0,14467,116666,103252,0,0,0,0,0,0,12921,0,0,0,60093,21205,0,0,0,0,0,0,"F1450_mz180.8949_rt0.8",0,116666,116667,TRUE,6,0,3,"Fungal control-associated detection","Early RT","No MS/MS assignment","Unknown"
1458,1.004,181.08617,"Unknown","[M+H]+","ion correlated with 3171; ion correlated with 1714; ion correlated with 3311; ion correlated with 1088; ion correlated with 4165; ion correlated with 4759; ion correlated with 2865; ion correlated with 1837",0.143,TRUE,"null","null","null","null","null","null",999,FALSE,FALSE,FALSE,"null","null","null","null","null",38.56,25186,11149,12941,0,11061,10566,12023,0,0,0,7540,16431,24473,2347392,1044373,795391,0,4030,21694,0,10342,10546,150532,16710,36610,22884,16347,14575,"F1458_mz181.0862_rt1",16425.3333333333,2347392,142.904259420849,TRUE,19,3,0,"Fungi old-associated detection","RT >= 1 min","MS/MS available","Unknown"
1469,0.743,181.12614,"Unknown","[M+H]+",NA,0.036,FALSE,"null","null","null","null","null","null",999,FALSE,FALSE,FALSE,"null","null","null","null","null",69.96,90548,19063,11725,0,12024,14706,16621,132151,233956,152960,75443,0,0,0,0,0,14952,27513,0,69469,133977,90258,0,0,0,15682,13259,13623,"F1469_mz181.1261_rt0.74",40445.3333333333,233956,5.78438094924138,TRUE,15,1,3,"Fungal control-associated detection","Early RT","No MS/MS assignment","Unknown"
1470,1.192,181.15889,"Unknown","[M+H]+","ion correlated with 955; ion correlated with 4038; ion correlated with 1195; ion correlated with 1625; ion correlated with 4061; ion correlated with 4111; ion correlated with 4432; ion correlated with 4076; ion correlated with 1665; ion correlated with 1408; ion correlated with 1431; ion correlated with 4039",0.036,FALSE,"null","null","null","null","null","null",999,FALSE,FALSE,FALSE,"null","null","null","null","null",1.81,0,1248,1752,0,4772,2158,0,0,0,3268,5765,0,3154,251878,57786,22694,2850,3431,3129,0,0,3452,3876,0,0,2081,3292,4963,"F1470_mz181.1589_rt1.19",1000,251878,251.627372627373,TRUE,16,2,1,"Fungi old-associated detection","RT >= 1 min","No MS/MS assignment","Unknown"
1473,0.399,181.98851,"Unknown","[M+H]+","ion correlated with 470; ion correlated with 275; ion correlated with 2692",0.25,FALSE,"null","null","null","null","null","null",999,FALSE,FALSE,FALSE,"null","null","null","null","null",180.19,157027,0,0,0,71158,70354,59291,6900,5954,9317,0,0,0,2469738,1778780,1647772,0,0,0,0,0,0,965056,727710,768517,94724,122735,41151,"F1473_mz181.9885_rt0.4",52342.3333333333,2469738,47.1834490224798,TRUE,15,0,3,"Fungal control-associated detection","Very early RT","No MS/MS assignment","Unknown"
1481,0.813,182.14642,"Unknown","[M+H]+","ion correlated with 3149; ion correlated with 2849; ion correlated with 2182; ion correlated with 3499; ion correlated with 5003; ion correlated with 3812; ion correlated with 1959",0.143,FALSE,"null","null","null","null","null","null",999,FALSE,FALSE,FALSE,"null","null","null","null","null",45.88,5478,17808,24487,0,20040,21574,21214,144984,193906,176793,58641,0,0,0,0,0,19288,0,0,33112,98468,139541,0,0,0,18289,22646,23050,"F1481_mz182.1464_rt0.81",15924.3333333333,193906,12.1760088747488,TRUE,14,1,3,"Fungal control-associated detection","Early RT","No MS/MS assignment","Unknown"
1495,0.947,183.06548,"Unknown","[M+H]+","ion correlated with 1017; ion correlated with 3170; ion correlated with 1429; ion correlated with 4088; ion correlated with 4123; ion correlated with 3955; ion correlated with 1458; ion correlated with 792",0.071,FALSE,"null","null","null","null","null","null",999,FALSE,FALSE,FALSE,"null","null","null","null","null",38.67,15098,5873,6464,0,6842,6707,10744,0,14968,0,13288,40066,32602,380393,216346,127540,0,0,8341,12131,11142,14592,26283,12677,0,7628,8488,3340,"F1495_mz183.0655_rt0.95",9145,380393,41.591296741745,TRUE,19,3,1,"Fungi old-associated detection","Early RT","No MS/MS assignment","Unknown"
1501,0.81,183.27968,"Unknown","[M+H]+","ion correlated with 1450; ion correlated with 2604",0.036,FALSE,"null","null","null","null","null","null",999,FALSE,FALSE,FALSE,"null","null","null","null","null",2170.82,0,0,0,0,0,0,0,12969,108541,97707,0,0,0,0,0,0,0,0,0,0,62333,14354,0,0,0,0,0,0,"F1501_mz183.2797_rt0.81",0,108541,108542,TRUE,5,0,3,"Fungal control-associated detection","Early RT","No MS/MS assignment","Unknown"
1524,0.446,186.01659,"Unknown","[M+H]+",NA,0.464,FALSE,"null","null","null","null","null","null",999,FALSE,FALSE,FALSE,"null","null","null","null","null",115.95,0,34068,31997,0,0,0,2429,1020452,1149352,986405,488010,0,0,850073,779421,786597,150830,314670,275158,477327,795697,601343,11032,22744,0,0,0,0,"F1524_mz186.0166_rt0.45",22021.6666666667,1149352,52.1895471332566,TRUE,16,1,3,"Fungal control-associated detection","Very early RT","No MS/MS assignment","Unknown"
1534,0.459,187.03059,"Unknown","[M+H]+",NA,0.214,FALSE,"null","null","null","null","null","null",999,FALSE,FALSE,FALSE,"null","null","null","null","null",28.76,0,0,0,0,28939,34536,7658,0,16572,29470,30884,0,0,659349,254166,301595,27779,38996,0,17015,33104,26571,207114,280544,345645,24645,43970,24239,"F1534_mz187.0306_rt0.46",0,659349,659350,TRUE,20,1,2,"Fungal control-associated detection","Very early RT","No MS/MS assignment","Unknown"
1535,0.47,187.05789,"Unknown","[M+H]+",NA,0.071,FALSE,"null","null","null","null","null","null",999,FALSE,FALSE,FALSE,"null","null","null","null","null",351.35,5526,18858,14578,0,6097,4731,5883,0,0,0,95984,1715748,1371005,0,0,16634,0,0,0,0,0,0,3718,0,0,27646,39633,15528,"F1535_mz187.0579_rt0.47",12987.3333333333,1715748,132.099242910304,TRUE,11,3,0,"Fungi old-associated detection","Very early RT","No MS/MS assignment","Unknown"
1536,0.919,187.06024,"Unknown","[M+H]+","ion correlated with 2695; ion correlated with 3141; ion correlated with 4002",0.036,FALSE,"null","null","null","null","null","null",999,FALSE,FALSE,FALSE,"null","null","null","null","null",12.48,4462,0,8164,0,7449,2984,4955,0,0,0,0,27641,21785,157624,159302,124029,0,0,0,0,0,0,0,0,0,4462,5843,6368,"F1536_mz187.0602_rt0.92",4208.66666666667,159302,37.8421886135086,TRUE,11,2,0,"Fungi old-associated detection","Early RT","No MS/MS assignment","Unknown"
1548,0.725,187.62352,"Unknown","[M+H]+","ion correlated with 2886; ion correlated with 1549; ion correlated with 3923; ion correlated with 3184; ion correlated with 3149; ion correlated with 2774; ion correlated with 2849; ion correlated with 3797; ion correlated with 1856",0.036,FALSE,"null","null","null","null","null","null",999,FALSE,FALSE,FALSE,"null","null","null","null","null",3528.14,0,0,0,0,2266,0,0,176407,253155,202148,40456,0,0,0,0,0,23002,0,0,36317,117388,201593,0,0,0,0,0,0,"F1548_mz187.6235_rt0.72",0,253155,253156,TRUE,9,1,3,"Fungal control-associated detection","Early RT","No MS/MS assignment","Unknown"
1549,0.708,187.64185,"Unknown","[M+H]+","ion correlated with 1548; ion correlated with 3149",0.107,FALSE,"null","null","null","null","null","null",999,FALSE,FALSE,FALSE,"null","null","null","null","null",224.22,0,0,0,0,0,0,0,160867,320636,233475,20682,0,0,0,0,0,21780,0,0,0,54463,181474,0,0,0,0,0,0,"F1549_mz187.6419_rt0.71",0,320636,320637,TRUE,7,1,3,"Fungal control-associated detection","Early RT","No MS/MS assignment","Unknown"
1550,0.831,187.64226,"Unknown","[M+H]+",NA,0.179,FALSE,"null","null","null","null","null","null",999,FALSE,FALSE,FALSE,"null","null","null","null","null",2033.33,0,0,0,0,0,0,0,201698,176662,287053,188283,0,0,0,0,0,11819,36695,0,154922,292228,233529,0,0,0,0,0,0,"F1550_mz187.6423_rt0.83",0,292228,292229,TRUE,9,1,3,"Fungal control-associated detection","Early RT","No MS/MS assignment","Unknown"
1552,0.952,188.03806,"Unknown","[M+H]+","ion correlated with 1358; ion correlated with 638; ion correlated with 1726; ion correlated with 1095; ion correlated with 1111; ion correlated with 2325; ion correlated with 4067; ion correlated with 1765; ion correlated with 3243; ion correlated with 3461; found in higher mz's MsMs_1559",0.071,FALSE,"null","null","null","null","null","null",999,FALSE,FALSE,FALSE,"null","null","null","null","null",288.17,0,0,0,0,1680,0,0,0,0,0,184078,792932,806170,32485,16211,30075,8135,0,13594,0,0,0,8506,8144,0,0,0,0,"F1552_mz188.0381_rt0.95",0,806170,806171,TRUE,11,3,0,"Fungi old-associated detection","Early RT","No MS/MS assignment","Unknown"
1553,0.874,188.05548,"Unknown","[M+H]+","ion correlated with 1017",0.071,TRUE,"null","null","null","null","null","null",999,FALSE,FALSE,FALSE,"null","null","null","null","null",63.49,0,0,0,0,4220,0,0,0,0,0,32003,25293,45949,347411,160353,38009,0,0,0,0,0,0,52432,33772,0,2800,0,0,"F1553_mz188.0555_rt0.87",0,347411,347412,TRUE,10,3,0,"Fungi old-associated detection","Early RT","MS/MS available","Unknown"
1570,2.077,189.12766,"Unknown","[M+H]+","ion correlated with 2751; ion correlated with 378; ion correlated with 742; ion correlated with 957; ion correlated with 1018; ion correlated with 1629; ion correlated with 1658; ion correlated with 2022; ion correlated with 2911; ion correlated with 420; ion correlated with 628; ion correlated with 995; ion correlated with 1351; ion correlated with 1694; ion correlated with 1719; ion correlated with 1894; ion correlated with 2318; ion correlated with 2447; ion correlated with 2950; ion correlated with 4946; ion correlated with 596; ion correlated with 1191; ion correlated with 2158; ion correlated with 2500; ion correlated with 2394; ion correlated with 56; ion correlated with 1140; ion correlated with 1167; ion correlated with 1258; ion correlated with 1468; ion correlated with 2582; ion correlated with 3907; ion correlated with 3941; ion correlated with 5039; ion correlated with 2347; ion correlated with 4118; ion correlated with 3777; ion correlated with 3979; ion correlated with 3997",0.107,FALSE,"null","null","null","null","null","null",999,FALSE,FALSE,FALSE,"null","null","null","null","null",47.22,0,0,0,0,0,0,1644,2617,0,2054,0,0,0,432437,274285,345792,0,0,0,0,0,0,0,0,0,0,0,0,"F1570_mz189.1277_rt2.08",0,432437,432438,TRUE,6,0,2,"Fungal control-associated detection","RT >= 1 min","No MS/MS assignment","Unknown"
1598,1.163,191.1432,"Unknown","[M+H]+","ion correlated with 4678; ion correlated with 3680; ion correlated with 3971; ion correlated with 4684; ion correlated with 4639; ion correlated with 4709; ion correlated with 1870; ion correlated with 4719; ion correlated with 798; ion correlated with 4952; ion correlated with 4743; ion correlated with 4792; ion correlated with 4871",0.107,TRUE,"null","null","null","null","null","null",999,FALSE,FALSE,FALSE,"null","null","null","null","null",54.55,0,2546,0,0,0,4129,1499,0,5636,0,0,3742,7984,1513572,795101,713939,0,0,0,0,10631,0,4740,0,0,2399,5303,1518,"F1598_mz191.1432_rt1.16",848.666666666667,1513572,1781.37269517458,TRUE,13,2,1,"Fungi old-associated detection","RT >= 1 min","MS/MS available","Unknown"
1617,0.73,193.03471,"Unknown","[M+H]+","ion correlated with 847; ion correlated with 704; ion correlated with 1371; ion correlated with 2174; ion correlated with 1938; similar chromatogram in higher mz_4268; similar chromatogram in higher mz_4370",0.214,FALSE,"null","null","null","null","null","null",999,FALSE,FALSE,FALSE,"null","null","null","null","null",32.34,6692,4786,2236,0,0,0,4741,209699,174816,245375,61808,0,0,736918,953961,1032344,0,17868,18658,138614,178995,143768,0,90389,22555,0,0,0,"F1617_mz193.0347_rt0.73",4571.33333333333,1032344,225.780782970037,TRUE,15,1,3,"Fungal control-associated detection","Early RT","No MS/MS assignment","Unknown"
1619,0.693,193.07088,"Unknown","[M+H]+","ion correlated with 697; ion correlated with 695; ion correlated with 2232",0.036,TRUE,"null","null","null","null","null","null",999,FALSE,FALSE,FALSE,"null","null","null","null","null",40.91,4559,2419,2586,0,0,2897,0,0,37722,26095,0,0,0,2175730,1693927,2994488,0,0,0,0,0,0,51185,0,62724,0,0,0,"F1619_mz193.0709_rt0.69",3188,2994488,939.005644402634,TRUE,8,0,2,"Fungal control-associated detection","Early RT","MS/MS available","Unknown"
1629,2.074,193.12267,"Unknown","[M+H]+","ion correlated with 378; ion correlated with 742; ion correlated with 957; ion correlated with 1018; ion correlated with 1658; ion correlated with 420; ion correlated with 628; ion correlated with 995; ion correlated with 1570; ion correlated with 1694; ion correlated with 1719; ion correlated with 2318; ion correlated with 2447; ion correlated with 2950; ion correlated with 4946; ion correlated with 596; ion correlated with 2394; ion correlated with 56; ion correlated with 1140; ion correlated with 1468; ion correlated with 2582; ion correlated with 3907; ion correlated with 3941; ion correlated with 5004; ion correlated with 5039; ion correlated with 4118; ion correlated with 3777; ion correlated with 3979; similar chromatogram in higher mz_3979",0.107,FALSE,"null","null","null","null","null","null",999,FALSE,FALSE,FALSE,"null","null","null","null","null",10.38,0,3207,3212,0,3140,375,5378,0,1970,2115,2276,0,0,621203,359303,449424,1940,4216,1679,0,0,0,5670,4267,0,3159,1789,0,"F1629_mz193.1227_rt2.07",2139.66666666667,621203,290.191840548116,TRUE,16,1,2,"Fungal control-associated detection","RT >= 1 min","No MS/MS assignment","Unknown"
1630,3.547,193.12271,"Unknown","[M+H]+","ion correlated with 419; ion correlated with 779; ion correlated with 2157; ion correlated with 3115; ion correlated with 3702; ion correlated with 856; ion correlated with 3318; ion correlated with 3338; ion correlated with 397; ion correlated with 597; ion correlated with 625; ion correlated with 994; ion correlated with 1019; ion correlated with 1190; ion correlated with 1257; ion correlated with 1349; ion correlated with 1752; ion correlated with 2317; ion correlated with 2448; ion correlated with 2474; ion correlated with 2676; ion correlated with 2746; ion correlated with 2954; ion correlated with 3083; ion correlated with 3098; ion correlated with 3118; ion correlated with 3504; ion correlated with 3745; ion correlated with 3906; ion correlated with 5005; ion correlated with 5013; ion correlated with 5038; ion correlated with 5047; ion correlated with 3515",0.107,FALSE,"null","null","null","null","null","null",999,FALSE,FALSE,FALSE,"null","null","null","null","null",7.01,2028,3281,1918,0,2046,4553,3900,4073,2067,3064,0,0,0,206766,230359,592338,1905,854,2867,3105,1613,2539,2202,5007,3208,2749,2763,0,"F1630_mz193.1227_rt3.55",2409,592338,245.783817427386,TRUE,20,0,3,"Fungal control-associated detection","RT >= 1 min","No MS/MS assignment","Unknown"
1635,1.201,193.15891,"Unknown","[M+H]+","ion correlated with 4333; ion correlated with 2871; ion correlated with 3143; ion correlated with 4110; ion correlated with 4353; ion correlated with 4341; ion correlated with 4388; ion correlated with 2740; ion correlated with 4166; ion correlated with 4952; ion correlated with 3957; ion correlated with 3566; ion correlated with 4960; ion correlated with 4041; ion correlated with 3635; ion correlated with 4590; ion correlated with 4797; ion correlated with 4656; ion correlated with 4789; ion correlated with 4895; ion correlated with 4803; ion correlated with 4806; ion correlated with 3224; ion correlated with 4792; ion correlated with 4937; ion correlated with 1381; ion correlated with 4062; ion correlated with 4100; ion correlated with 4516; ion correlated with 2013; ion correlated with 3600; ion correlated with 4825; ion correlated with 4381; ion correlated with 4909; ion correlated with 1402; ion correlated with 4942; ion correlated with 2624; ion correlated with 4954; ion correlated with 3886; ion correlated with 3934; ion correlated with 3495; ion correlated with 3284; ion correlated with 4031",0.036,FALSE,"null","null","null","null","null","null",999,FALSE,FALSE,FALSE,"null","null","null","null","null",4.63,3313,3729,392,0,3357,4418,3268,0,0,0,3235,0,3391,335436,169889,340143,0,0,0,0,0,0,0,0,4109,1821,8017,3423,"F1635_mz193.1589_rt1.2",2478,340143,137.21016538927,TRUE,12,2,0,"Fungi old-associated detection","RT >= 1 min","No MS/MS assignment","Unknown"
1642,0.492,194.0847,"Unknown","[M+H]+","ion correlated with 2763; ion correlated with 2207; ion correlated with 2545",0.179,FALSE,"null","null","null","null","null","null",999,FALSE,FALSE,FALSE,"null","null","null","null","null",52.6,5365,6471,1779,0,3504,0,0,563823,640222,729307,202634,0,0,37470,0,19511,172345,209370,156248,296594,535304,559641,0,0,0,0,0,4137,"F1642_mz194.0847_rt0.49",4538.33333333333,729307,160.664121016302,TRUE,14,1,3,"Fungal control-associated detection","Very early RT","No MS/MS assignment","Unknown"
1652,0.855,194.64964,"Unknown","[M+H]+","ion correlated with 1859; ion correlated with 4054; ion correlated with 3651; ion correlated with 1858; similar chromatogram in higher mz_2601",0.286,FALSE,"null","null","null","null","null","null",999,FALSE,FALSE,FALSE,"null","null","null","null","null",11883.27,0,0,0,0,0,0,0,804430,878553,1093764,270950,0,0,0,0,0,73020,125811,24715,300339,731486,547972,0,0,0,0,0,0,"F1652_mz194.6496_rt0.86",0,1093764,1093765,TRUE,10,1,3,"Fungal control-associated detection","Early RT","No MS/MS assignment","Unknown"
1686,0.902,197.08087,"Unknown","[M+H]+","ion correlated with 4069; ion correlated with 4514; ion correlated with 3268; ion correlated with 3389; ion correlated with 3170; ion correlated with 2663; ion correlated with 1393; ion correlated with 3860; ion correlated with 2553; ion correlated with 2902; ion correlated with 2413; ion correlated with 4002",0.071,FALSE,"null","null","null","null","null","null",999,FALSE,FALSE,FALSE,"null","null","null","null","null",47.72,15818,9559,10294,0,10463,14315,13352,11911,0,0,0,7698,25626,343617,186889,248473,0,0,0,0,13020,0,0,0,15684,14184,15562,9713,"F1686_mz197.0809_rt0.9",11890.3333333333,343617,28.8965072601895,TRUE,14,2,1,"Fungi old-associated detection","Early RT","No MS/MS assignment","Unknown"
1687,1.012,197.0811,"Unknown","[M+H]+","ion correlated with 4687; similar chromatogram in higher mz_2036",0.107,TRUE,"null","null","null","null","null","null",999,FALSE,FALSE,FALSE,"null","null","null","null","null",112.9,31453,22829,17740,0,20088,18838,19650,11237,0,0,5033,40134,32385,790496,387839,1748402,10501,6905,2722,18860,0,12321,23337,3952,24348,20362,18384,20968,"F1687_mz197.0811_rt1.01",24007.3333333333,1748402,72.8248385977091,TRUE,21,3,1,"Fungi old-associated detection","RT >= 1 min","MS/MS available","Unknown"
1700,0.693,198.09758,"Unknown","[M+H]+","ion correlated with 4471; ion correlated with 1187; ion correlated with 1441; ion correlated with 361",0.357,FALSE,"null","null","null","null","null","null",999,FALSE,FALSE,FALSE,"null","null","null","null","null",191.32,4584,38051,18983,0,13116,15079,11600,1729982,1721004,1786691,489576,0,0,272760,87988,424787,457130,837861,598297,1152498,1279941,1213210,104911,116094,174346,25864,14164,18902,"F1700_mz198.0976_rt0.69",20539.3333333333,1786691,86.9845669495789,TRUE,22,1,3,"Fungal control-associated detection","Early RT","No MS/MS assignment","Unknown"
1720,0.702,199.62325,"Unknown","[M+H]+","ion correlated with 4437; similar chromatogram in higher mz_4026; similar chromatogram in higher mz_4951",0.107,FALSE,"null","null","null","null","null","null",999,FALSE,FALSE,FALSE,"null","null","null","null","null",1981.59,0,0,0,0,0,0,0,132444,98542,159958,16528,0,0,0,0,0,0,0,0,99043,94090,105645,0,18536,0,0,0,0,"F1720_mz199.6233_rt0.7",0,159958,159959,TRUE,8,1,3,"Fungal control-associated detection","Early RT","No MS/MS assignment","Unknown"
1730,0.908,200.12842,"Unknown","[M+H]+","ion correlated with 842; ion correlated with 1363; ion correlated with 521; ion correlated with 4880; ion correlated with 278; ion correlated with 1904; ion correlated with 1114; ion correlated with 3191",0.179,TRUE,"null","null","null","null","null","null",999,FALSE,FALSE,FALSE,"null","null","null","null","null",128.33,6659,3620,2144,0,4194,6300,2196,0,32185,0,9846,7669,17257,1132527,977761,1214735,0,0,0,18244,16117,37957,61961,205614,272549,3937,7415,3355,"F1730_mz200.1284_rt0.91",4141,1214735,293.272815065186,TRUE,19,3,1,"Fungi old-associated detection","Early RT","MS/MS available","Unknown"
1753,2.873,201.16409,"Unknown","[M+H]+","ion correlated with 3322; ion correlated with 3082; similar chromatogram in higher mz_3322; similar chromatogram in higher mz_2475; similar chromatogram in higher mz_3817",0.071,TRUE,"null","null","null","null","null","null",999,FALSE,FALSE,FALSE,"null","null","null","null","null",35.63,0,0,0,0,0,0,0,0,0,0,0,2183,1643,456151,712658,92040,0,0,0,0,0,0,28814,4825,7429,0,0,0,"F1753_mz201.1641_rt2.87",0,712658,712659,TRUE,8,2,0,"Fungi old-associated detection","RT >= 1 min","MS/MS available","Unknown"
1754,1.207,201.1642,"Unknown","[M+H]+","ion correlated with 2799; ion correlated with 1939; ion correlated with 2619; ion correlated with 1003; ion correlated with 2021; ion correlated with 3568; ion correlated with 1272; ion correlated with 1996; ion correlated with 379",0.071,FALSE,"null","null","null","null","null","null",999,FALSE,FALSE,FALSE,"null","null","null","null","null",104.04,0,0,0,0,0,0,0,0,0,0,129608,390826,402350,23664,916,0,0,0,0,0,0,0,0,0,0,0,0,0,"F1754_mz201.1642_rt1.21",0,402350,402351,TRUE,5,3,0,"Fungi old-associated detection","RT >= 1 min","No MS/MS assignment","Unknown"
1755,0.897,201.63943,"Unknown","[M+H]+","ion correlated with 3931; ion correlated with 4243; ion correlated with 4137; ion correlated with 3501; ion correlated with 4252; ion correlated with 3443; ion correlated with 3595",0.143,FALSE,"null","null","null","null","null","null",999,FALSE,FALSE,FALSE,"null","null","null","null","null",2433.46,0,0,0,0,0,0,0,243546,359878,319924,129063,0,0,0,0,0,31007,131879,36955,210303,345278,197877,0,0,0,0,0,0,"F1755_mz201.6394_rt0.9",0,359878,359879,TRUE,10,1,3,"Fungal control-associated detection","Early RT","No MS/MS assignment","Unknown"
1756,0.833,201.64497,"Unknown","[M+H]+","ion correlated with 2304; ion correlated with 1652; ion correlated with 2072",0.179,FALSE,"null","null","null","null","null","null",999,FALSE,FALSE,FALSE,"null","null","null","null","null",4842.37,0,0,0,0,0,0,0,387659,360306,548899,117715,0,0,0,0,0,31007,32959,25036,189582,362482,318458,0,0,0,0,0,0,"F1756_mz201.645_rt0.83",0,548899,548900,TRUE,10,1,3,"Fungal control-associated detection","Early RT","No MS/MS assignment","Unknown"
1769,0.909,202.14404,"Unknown","[M+H]+",NA,0.143,FALSE,"null","null","null","null","null","null",999,FALSE,FALSE,FALSE,"null","null","null","null","null",101.43,23324,2426,5243,0,0,3951,3432,0,0,2874,5247,8722,7537,176635,119058,528663,0,0,0,0,0,53801,65874,83661,281797,0,4918,2782,"F1769_mz202.144_rt0.91",10331,528663,51.1676345334882,TRUE,15,3,1,"Fungi old-associated detection","Early RT","No MS/MS assignment","Unknown"
1777,1.094,203.03772,"Unknown","[M+H]+","ion correlated with 4289; ion correlated with 2789; ion correlated with 1618; ion correlated with 1005; ion correlated with 1306; ion correlated with 3623",0.071,FALSE,"null","null","null","null","null","null",999,FALSE,FALSE,FALSE,"null","null","null","null","null",213.37,0,0,0,0,0,0,0,0,0,0,88039,278201,273465,0,0,0,0,2912,0,0,0,9773,0,0,0,0,0,0,"F1777_mz203.0377_rt1.09",0,278201,278202,TRUE,5,3,0,"Fungi old-associated detection","RT >= 1 min","No MS/MS assignment","Unknown"
1783,0.6,203.11397,"Unknown","[M+H]+",NA,0.286,FALSE,"null","null","null","null","null","null",999,FALSE,FALSE,FALSE,"null","null","null","null","null",101.44,0,2048,0,0,0,0,0,441595,590353,399436,353806,0,0,115354,28492,0,130355,211995,133763,343278,428362,399042,0,0,0,0,2630,0,"F1783_mz203.114_rt0.6",682.666666666667,590353,863.511457825451,TRUE,13,1,3,"Fungal control-associated detection","Early RT","No MS/MS assignment","Unknown"
1788,0.559,203.15057,"Unknown","[M+H]+",NA,0.036,FALSE,"null","null","null","null","null","null",999,FALSE,FALSE,FALSE,"null","null","null","null","null",27.65,5020,0,0,0,0,0,0,178022,237244,173467,50308,0,0,244821,92933,118879,0,0,37340,97682,217912,160684,49632,0,0,0,0,0,"F1788_mz203.1506_rt0.56",1673.33333333333,244821,146.220585307585,TRUE,12,1,3,"Fungal control-associated detection","Early RT","No MS/MS assignment","Unknown"
1789,1.604,203.17984,"Unknown","[M+H]+","similar chromatogram in higher mz_2084",0.107,TRUE,"null","null","null","null","null","null",999,FALSE,FALSE,FALSE,"null","null","null","null","null",46.37,0,0,0,0,0,0,0,0,0,0,294227,223318,207603,6894,0,2477,0,0,0,0,0,0,0,0,0,0,0,0,"F1789_mz203.1798_rt1.6",0,294227,294228,TRUE,5,3,0,"Fungi old-associated detection","RT >= 1 min","MS/MS available","Unknown"
1790,0.398,203.2236,"Unknown","[M+H]+","ion correlated with 3811; ion correlated with 3665; ion correlated with 3054",0.071,FALSE,"null","null","null","null","null","null",999,FALSE,FALSE,FALSE,"null","null","null","null","null",37.51,0,7014,0,0,0,0,0,0,0,0,25086,138494,168716,0,0,0,8193,0,0,0,3968,0,0,0,0,0,0,0,"F1790_mz203.2236_rt0.4",2338,168716,72.1321077383497,TRUE,5,3,0,"Fungi old-associated detection","Very early RT","No MS/MS assignment","Unknown"
1792,0.821,204.06342,"Unknown","[M+H]+","ion correlated with 4520",0.25,FALSE,"null","null","null","null","null","null",999,FALSE,FALSE,FALSE,"null","null","null","null","null",50.72,0,0,0,0,0,0,0,270994,431953,499850,277493,0,0,0,0,0,119037,169808,109894,226819,368981,333099,0,0,0,0,0,0,"F1792_mz204.0634_rt0.82",0,499850,499851,TRUE,10,1,3,"Fungal control-associated detection","Early RT","No MS/MS assignment","Unknown"
1801,0.408,204.13474,"Unknown","[M+H]+","ion correlated with 2218; ion correlated with 3769; ion correlated with 1639; ion correlated with 2763",0.286,FALSE,"null","null","null","null","null","null",999,FALSE,FALSE,FALSE,"null","null","null","null","null",185.38,0,0,2072,0,0,0,0,489969,626971,709541,137680,0,0,0,0,0,108831,199800,140226,357550,426273,447405,0,0,0,0,0,0,"F1801_mz204.1347_rt0.41",690.666666666667,709541,1025.84385542169,TRUE,10,1,3,"Fungal control-associated detection","Very early RT","No MS/MS assignment","Unknown"
1802,0.433,204.90947,"Unknown","[M+H]+","ion correlated with 371; ion correlated with 4024; ion correlated with 808; ion correlated with 1143; ion correlated with 2056; ion correlated with 1034; ion correlated with 1127; ion correlated with 327; ion correlated with 946; ion correlated with 574; ion correlated with 1503",0.071,FALSE,"null","null","null","null","null","null",999,FALSE,FALSE,FALSE,"null","null","null","null","null",67.37,0,0,0,0,44866,40301,33021,0,0,0,6844,9145,0,0,0,0,0,0,0,0,0,0,0,0,0,208413,203516,137924,"F1802_mz204.9095_rt0.43",0,208413,208414,TRUE,8,2,0,"Fungi old-associated detection","Very early RT","No MS/MS assignment","Unknown"
1816,3.929,205.1953,"Unknown","[M+H]+",NA,0.036,FALSE,"null","null","null","null","null","null",999,FALSE,FALSE,FALSE,"null","null","null","null","null",5.24,0,0,0,0,0,0,0,0,0,0,91439,15489,12889,122618,73543,75480,10121,610,5128,3251,2336,2511,17720,10414,3975,0,0,0,"F1816_mz205.1953_rt3.93",0,122618,122619,TRUE,15,3,0,"Fungi old-associated detection","RT >= 1 min","No MS/MS assignment","Unknown"
1822,0.457,206.07124,"Unknown","[M+2H]2+","ion correlated with 3384; ion correlated with 1860; ion correlated with 2989; ion correlated with 2200; ion correlated with 2220; ion correlated with 1711; ion correlated with 245; ion correlated with 851; ion correlated with 2266; ion correlated with 1323; ion correlated with 3203; ion correlated with 2575; ion correlated with 2488; ion correlated with 2556",0.107,FALSE,"null","null","null","null","null","null",999,FALSE,FALSE,FALSE,"null","null","null","null","null",341.5,0,8848,10138,0,15289,13124,13107,68718,0,0,128114,47898,0,1451352,1298264,1518563,0,0,0,49819,0,36422,67626,15534,16402,13349,6126,6668,"F1822_mz206.0712_rt0.46",6328.66666666667,1518563,239.912159671389,TRUE,17,2,1,"Fungi old-associated detection","Very early RT","No MS/MS assignment","Unknown"
1829,0.438,207.01436,"Unknown","[M+H]+","ion correlated with 3663",0.107,FALSE,"null","null","null","null","null","null",999,FALSE,FALSE,FALSE,"null","null","null","null","null",76.69,0,10154,0,0,0,0,0,0,0,0,0,18267,7294,236109,102488,62886,0,0,0,0,0,0,302410,417268,424198,0,0,0,"F1829_mz207.0144_rt0.44",3384.66666666667,424198,125.292606084474,TRUE,8,2,0,"Fungi old-associated detection","Very early RT","No MS/MS assignment","Unknown"
1833,5.743,207.10181,"Unknown","[M+H]+","ion correlated with 3933; ion correlated with 4561; ion correlated with 4383; ion correlated with 4475; ion correlated with 4295; ion correlated with 4377",0.071,FALSE,"null","null","null","null","null","null",999,FALSE,FALSE,FALSE,"null","null","null","null","null",21.43,0,0,0,0,1327,0,0,0,1408,2014,0,0,0,198886,51893,167548,0,0,0,0,0,0,45038,10706,13318,0,0,0,"F1833_mz207.1018_rt5.74",0,198886,198887,TRUE,9,0,2,"Fungal control-associated detection","RT >= 1 min","No MS/MS assignment","Unknown"
1841,0.917,207.63969,"Unknown","[M+H]+","ion correlated with 2390; ion correlated with 3931; ion correlated with 4243; ion correlated with 999; ion correlated with 4467; ion correlated with 2515; ion correlated with 3269",0.25,FALSE,"null","null","null","null","null","null",999,FALSE,FALSE,FALSE,"null","null","null","null","null",4771.75,0,0,0,0,0,0,0,164370,488565,245659,112579,0,0,0,0,0,0,58048,18952,176828,237745,244366,0,0,0,0,0,2266,"F1841_mz207.6397_rt0.92",0,488565,488566,TRUE,10,1,3,"Fungal control-associated detection","Early RT","No MS/MS assignment","Unknown"
1856,0.782,208.18127,"Unknown","[M+H]+","ion correlated with 1548; ion correlated with 2182",0.071,FALSE,"null","null","null","null","null","null",999,FALSE,FALSE,FALSE,"null","null","null","null","null",38.1,0,0,0,0,0,0,0,114675,243863,214869,28213,0,0,0,0,0,0,10022,0,38259,144864,279551,0,0,0,0,0,0,"F1856_mz208.1813_rt0.78",0,279551,279552,TRUE,8,1,3,"Fungal control-associated detection","Early RT","No MS/MS assignment","Unknown"
1857,0.85,208.18127,"Unknown","[M+H]+","ion correlated with 4830; ion correlated with 3570",0.179,FALSE,"null","null","null","null","null","null",999,FALSE,FALSE,FALSE,"null","null","null","null","null",29.15,0,0,0,0,0,0,0,250867,243863,180655,33296,0,0,0,0,0,93704,143122,92304,239841,294679,260426,0,0,0,0,0,0,"F1857_mz208.1813_rt0.85",0,294679,294680,TRUE,10,1,3,"Fungal control-associated detection","Early RT","No MS/MS assignment","Unknown"
1874,0.434,209.95694,"Unknown","[M+H]+",NA,0.286,FALSE,"null","null","null","null","null","null",999,FALSE,FALSE,FALSE,"null","null","null","null","null",85.29,3423,6851,0,0,11467,6517,10128,175315,224370,206393,74512,0,0,430568,358993,298763,73211,91958,82030,92911,152911,177087,30813,10636,29170,25640,26572,7438,"F1874_mz209.9569_rt0.43",3424.66666666667,430568,125.689111608446,TRUE,22,1,3,"Fungal control-associated detection","Very early RT","No MS/MS assignment","Unknown"
1880,0.597,210.0974,"Unknown","[M+H]+","ion correlated with 2175; ion correlated with 1620; ion correlated with 1941",0.107,TRUE,"null","null","null","null","null","null",999,FALSE,FALSE,FALSE,"null","null","null","null","null",386.04,0,8081,3989,0,5114,0,7865,0,43795,0,0,23343,40470,4794194,3686507,5691521,0,0,0,0,0,0,111247,96860,253795,18594,20772,1096,"F1880_mz210.0974_rt0.6",4023.33333333333,5691521,1414.27698169469,TRUE,14,2,1,"Fungi old-associated detection","Early RT","MS/MS available","Unknown"
1896,1.169,211.16957,"Unknown","[M+H]+","ion correlated with 986; ion correlated with 3305; ion correlated with 2871; ion correlated with 4726; ion correlated with 3816; ion correlated with 4516; ion correlated with 2872",0.071,FALSE,"null","null","null","null","null","null",999,FALSE,FALSE,FALSE,"null","null","null","null","null",120.82,20071,14227,11231,0,7945,6216,4780,1999,8040,7303,0,0,12001,560098,412240,1104522,0,0,0,8346,4650,2705,13840,6835,3558,7018,11948,8063,"F1896_mz211.1696_rt1.17",15176.3333333333,1104522,72.7745102345603,TRUE,19,1,3,"Fungal control-associated detection","RT >= 1 min","No MS/MS assignment","Unknown"
1897,0.465,211.55269,"Unknown","[M+H]+",NA,0.107,FALSE,"null","null","null","null","null","null",999,FALSE,FALSE,FALSE,"null","null","null","null","null",2008.25,0,0,0,0,0,0,0,0,0,0,156319,100225,194365,0,0,0,25528,51204,0,57954,0,0,45229,21332,21100,0,0,0,"F1897_mz211.5527_rt0.47",0,194365,194366,TRUE,9,3,0,"Fungi old-associated detection","Very early RT","No MS/MS assignment","Unknown"
1910,0.966,213.07605,"Unknown","[M+H]+","similar chromatogram in higher mz_4414; found in higher mz's MsMs_4414",0.107,FALSE,"null","null","null","null","null","null",999,FALSE,FALSE,FALSE,"null","null","null","null","null",54.87,0,10254,5922,0,7077,8290,8098,15935,0,0,9770,14845,8954,238722,148619,459426,248254,242554,214916,120307,30935,24828,0,1989,9623,7509,10430,5016,"F1910_mz213.0761_rt0.97",5392,459426,85.1895049137771,TRUE,21,3,1,"Fungi old-associated detection","Early RT","No MS/MS assignment","Unknown"
1918,2.667,213.14876,"Unknown","[M+H]+","ion correlated with 3516; ion correlated with 2781; ion correlated with 3077",0.107,TRUE,"null","null","null","null","null","null",999,FALSE,FALSE,FALSE,"null","null","null","null","null",42.12,2374,2066,0,0,1554,0,0,0,2727,0,2637,0,1653,839179,529699,803020,7372,2595,0,0,0,0,3802,8448,10851,1884,1880,1354,"F1918_mz213.1488_rt2.67",1480,839179,566.630654962863,TRUE,15,2,1,"Fungi old-associated detection","RT >= 1 min","MS/MS available","Unknown"
1922,0.85,213.20761,"Unknown","[M+H]+","ion correlated with 2352",0.036,FALSE,"null","null","null","null","null","null",999,FALSE,FALSE,FALSE,"null","null","null","null","null",2926.73,0,0,0,0,0,0,0,77199,65384,146337,0,0,0,0,0,0,0,0,0,0,24498,13712,0,0,0,2526,0,0,"F1922_mz213.2076_rt0.85",0,146337,146338,TRUE,6,0,3,"Fungal control-associated detection","Early RT","No MS/MS assignment","Unknown"
1926,0.463,214.05939,"Unknown","[M+H]+","ion correlated with 3508; ion correlated with 1822; ion correlated with 694; ion correlated with 2556",0.143,FALSE,"null","null","null","null","null","null",999,FALSE,FALSE,FALSE,"null","null","null","null","null",95.11,0,2607,1936,0,13475,10018,8472,34558,41163,0,27372,0,0,590859,799342,830826,0,0,0,0,137999,0,29592,132898,12484,8448,13571,12974,"F1926_mz214.0594_rt0.46",1514.33333333333,830826,548.280026396832,TRUE,16,1,2,"Fungal control-associated detection","Very early RT","No MS/MS assignment","Unknown"
1933,0.925,214.64719,"Unknown","[M+H]+","ion correlated with 4044; ion correlated with 90; ion correlated with 4735; ion correlated with 3912; ion correlated with 2237; ion correlated with 4146; ion correlated with 4194; ion correlated with 2590; ion correlated with 845; ion correlated with 2880; ion correlated with 4393; ion correlated with 4302; ion correlated with 2515; ion correlated with 4535; ion correlated with 4390; ion correlated with 4322; ion correlated with 2639; ion correlated with 4607; ion correlated with 4125; ion correlated with 4113; similar chromatogram in higher mz_2248; similar chromatogram in higher mz_3433",0.179,FALSE,"null","null","null","null","null","null",999,FALSE,FALSE,FALSE,"null","null","null","null","null",1371.76,0,0,0,0,0,0,0,153494,163011,170674,47510,0,0,0,0,0,7214,61840,43361,110500,112313,188756,0,0,0,0,2460,0,"F1933_mz214.6472_rt0.92",0,188756,188757,TRUE,11,1,3,"Fungal control-associated detection","Early RT","No MS/MS assignment","Unknown"
1938,0.736,215.01642,"Unknown","[M+H]+",NA,0.179,TRUE,"null","null","null","null","null","null",999,FALSE,FALSE,FALSE,"null","null","null","null","null",27.05,31105,5734,8828,0,7924,8092,11839,203755,249200,301697,114566,0,0,1219768,2107668,1911264,61044,103309,47616,205475,245749,211546,89957,223383,285286,9484,2008,9031,"F1938_mz215.0164_rt0.74",15222.3333333333,2107668,138.449901467046,TRUE,22,1,3,"Fungal control-associated detection","Early RT","MS/MS available","Unknown"
1939,1.173,215.03769,"Unknown","[M+H]+","ion correlated with 2799; ion correlated with 1003; ion correlated with 1754; ion correlated with 2021; ion correlated with 3568; ion correlated with 1996",0.071,FALSE,"null","null","null","null","null","null",999,FALSE,FALSE,FALSE,"null","null","null","null","null",114.37,0,0,0,0,0,0,0,0,0,0,30155,321137,318299,0,0,0,0,0,0,3313,0,0,0,0,0,0,0,0,"F1939_mz215.0377_rt1.17",0,321137,321138,TRUE,4,3,0,"Fungi old-associated detection","RT >= 1 min","No MS/MS assignment","Unknown"
1959,0.845,215.64801,"Unknown","[M+H]+","ion correlated with 3499; ion correlated with 5003; ion correlated with 1481; ion correlated with 3812",0.071,FALSE,"null","null","null","null","null","null",999,FALSE,FALSE,FALSE,"null","null","null","null","null",4109.16,0,0,0,0,0,0,0,176623,234294,234313,27622,0,0,0,0,0,0,17051,13381,53858,100709,110636,0,0,0,0,0,0,"F1959_mz215.648_rt0.84",0,234313,234314,TRUE,9,1,3,"Fungal control-associated detection","Early RT","No MS/MS assignment","Unknown"
1961,0.87,215.80281,"Unknown","[M+H]+",NA,0.107,FALSE,"null","null","null","null","null","null",999,FALSE,FALSE,FALSE,"null","null","null","null","null",2726.1,0,0,0,0,0,0,0,154463,92686,111672,0,0,0,0,0,0,19128,36294,0,56802,56078,142779,0,0,0,0,0,0,"F1961_mz215.8028_rt0.87",0,154463,154464,TRUE,8,0,3,"Fungal control-associated detection","Early RT","No MS/MS assignment","Unknown"
1995,1.883,217.15903,"Unknown","[M+H]+","ion correlated with 3998; ion correlated with 3871; ion correlated with 3693; ion correlated with 4050; ion correlated with 4105; ion correlated with 3176; ion correlated with 2401; ion correlated with 2581; ion correlated with 3995; ion correlated with 3283; ion correlated with 3133; similar chromatogram in higher mz_3909; similar chromatogram in higher mz_3494; found in higher mz's MsMs_2581; similar chromatogram in higher mz_2401; similar chromatogram in higher mz_3693; similar chromatogram in higher mz_4105; similar chromatogram in higher mz_3176",0.071,FALSE,"null","null","null","null","null","null",999,FALSE,FALSE,FALSE,"null","null","null","null","null",5.68,2314,0,1560,0,0,0,0,0,2543,0,5436,6393,10796,128128,82350,104616,0,0,0,0,0,2278,0,0,0,0,0,0,"F1995_mz217.159_rt1.88",1291.33333333333,128128,99.1454733041011,TRUE,8,3,1,"Fungi old-associated detection","RT >= 1 min","No MS/MS assignment","Unknown"
2020,1.582,219.1747,"Unknown","[M+H]+","ion correlated with 4162; ion correlated with 4375; ion correlated with 4488; ion correlated with 2125; ion correlated with 2247; ion correlated with 2084; found in higher mz's MsMs_2247",0.071,TRUE,"null","null","null","null","null","null",999,FALSE,FALSE,FALSE,"null","null","null","null","null",33.26,5776,0,0,0,0,0,0,2700,0,0,78216,190816,149661,9189,0,0,2571,0,0,0,2444,0,2058,0,0,0,1794,0,"F2020_mz219.1747_rt1.58",1925.33333333333,190816,99.0571033050701,TRUE,9,3,1,"Fungi old-associated detection","RT >= 1 min","MS/MS available","Unknown"
2030,0.457,220.55765,"Unknown","[M+H]+",NA,0.107,FALSE,"null","null","null","null","null","null",999,FALSE,FALSE,FALSE,"null","null","null","null","null",1105,0,0,0,0,0,0,0,0,0,25035,24358,0,12848,0,51900,0,0,0,33719,52692,0,0,151133,154166,159164,0,0,0,"F2030_mz220.5576_rt0.46",0,159164,159165,TRUE,9,2,1,"Fungi old-associated detection","Very early RT","No MS/MS assignment","Unknown"
2043,1.604,221.19049,"Unknown","[M+H]+","ion correlated with 1789",0.107,FALSE,"null","null","null","null","null","null",999,FALSE,FALSE,FALSE,"null","null","null","null","null",12.54,0,0,0,0,0,0,0,0,0,0,124335,111381,109268,3075,0,0,0,0,0,0,0,0,0,0,0,0,0,0,"F2043_mz221.1905_rt1.6",0,124335,124336,TRUE,4,3,0,"Fungi old-associated detection","RT >= 1 min","No MS/MS assignment","Unknown"
2055,0.923,222.65079,"Unknown","[M+H]+","ion correlated with 2072; ion correlated with 971; ion correlated with 3147; ion correlated with 4059; ion correlated with 2328; ion correlated with 3501; ion correlated with 4397; ion correlated with 3721; ion correlated with 2432; ion correlated with 4231; ion correlated with 3920",0.25,FALSE,"null","null","null","null","null","null",999,FALSE,FALSE,FALSE,"null","null","null","null","null",4070.46,0,0,0,0,0,0,0,372644,316389,399231,131143,0,0,0,0,0,49555,46142,0,169798,273354,424262,0,0,0,0,0,0,"F2055_mz222.6508_rt0.92",0,424262,424263,TRUE,9,1,3,"Fungal control-associated detection","Early RT","No MS/MS assignment","Unknown"
2073,0.752,223.63417,"Unknown","[M+H]+","ion correlated with 496; ion correlated with 3474; ion correlated with 2283; ion correlated with 3797; ion correlated with 4043",0.036,FALSE,"null","null","null","null","null","null",999,FALSE,FALSE,FALSE,"null","null","null","null","null",2495.29,0,0,0,0,2222,0,0,54174,124764,76316,11108,0,0,0,0,0,0,0,0,15876,65352,57336,0,0,0,0,0,0,"F2073_mz223.6342_rt0.75",0,124764,124765,TRUE,8,1,3,"Fungal control-associated detection","Early RT","No MS/MS assignment","Unknown"
2075,0.845,223.94382,"Unknown","[M+H]+",NA,0.036,FALSE,"null","null","null","null","null","null",999,FALSE,FALSE,FALSE,"null","null","null","null","null",38.45,5552,0,0,0,0,0,0,0,0,0,9454,35398,9030,89357,77202,30294,125517,90201,91136,43731,24158,0,342817,224081,222040,0,0,0,"F2075_mz223.9438_rt0.84",1850.66666666667,342817,185.140234023402,TRUE,14,3,0,"Fungi old-associated detection","Early RT","No MS/MS assignment","Unknown"
2076,0.679,223.944,"Unknown","[M+H]+","ion correlated with 2921",0.071,FALSE,"null","null","null","null","null","null",999,FALSE,FALSE,FALSE,"null","null","null","null","null",26.92,11769,0,0,0,0,2322,0,0,0,0,0,33836,45554,0,32871,28172,119054,120688,108947,87998,27338,58498,257409,285210,237661,0,0,0,"F2076_mz223.944_rt0.68",3923,285210,72.6837410805301,TRUE,14,2,0,"Fungi old-associated detection","Early RT","No MS/MS assignment","Unknown"
2095,0.93,225.64565,"Unknown","[M+H]+","ion correlated with 3819",0.107,FALSE,"null","null","null","null","null","null",999,FALSE,FALSE,FALSE,"null","null","null","null","null",2782.65,0,0,0,0,0,0,0,127478,161753,128166,77688,0,0,0,0,0,0,0,0,33099,75282,18226,0,0,0,0,0,0,"F2095_mz225.6456_rt0.93",0,161753,161754,TRUE,7,1,3,"Fungal control-associated detection","Early RT","No MS/MS assignment","Unknown"
2103,0.464,226.11873,"Unknown","[M+H]+",NA,0.036,FALSE,"null","null","null","null","null","null",999,FALSE,FALSE,FALSE,"null","null","null","null","null",9.72,0,0,0,0,0,0,0,0,35072,0,22033,32924,40644,83640,107453,56578,0,0,0,0,0,0,0,0,0,0,0,0,"F2103_mz226.1187_rt0.46",0,107453,107454,TRUE,7,3,1,"Fungi old-associated detection","Very early RT","No MS/MS assignment","Unknown"
2106,0.505,226.15536,"Unknown","[M+H]+","similar chromatogram in higher mz_3087",0.25,FALSE,"null","null","null","null","null","null",999,FALSE,FALSE,FALSE,"null","null","null","null","null",168.34,6671,19278,13230,0,0,0,3393,297127,106017,1649392,0,0,0,0,0,0,441030,910881,657125,1253660,658705,940228,0,0,0,0,3665,0,"F2106_mz226.1554_rt0.5",13059.6666666667,1649392,126.287045071717,TRUE,11,0,3,"Fungal control-associated detection","Early RT","No MS/MS assignment","Unknown"
2111,0.523,227.00693,"Unknown","[M+H]+",NA,0.179,FALSE,"null","null","null","null","null","null",999,FALSE,FALSE,FALSE,"null","null","null","null","null",29.2,0,0,0,0,0,0,0,0,50232,0,54805,114882,63815,268809,367755,268483,103588,70369,58820,52481,44285,0,343864,377651,437349,0,0,0,"F2111_mz227.0069_rt0.52",0,437349,437350,TRUE,15,3,1,"Fungi old-associated detection","Early RT","No MS/MS assignment","Unknown"
2112,0.921,227.05293,"Unknown","[M+H]+","ion correlated with 2146",0.107,FALSE,"null","null","null","null","null","null",999,FALSE,FALSE,FALSE,"null","null","null","null","null",39.37,0,0,0,0,0,0,0,0,49749,0,0,62111,46165,318220,662582,381033,0,0,0,0,50063,0,10662,9546,0,0,0,0,"F2112_mz227.0529_rt0.92",0,662582,662583,TRUE,9,2,1,"Fungi old-associated detection","Early RT","No MS/MS assignment","Unknown"
2125,1.543,227.14345,"Unknown","[M+H]+","ion correlated with 4162; ion correlated with 4375; ion correlated with 4488; ion correlated with 2020",0.036,FALSE,"null","null","null","null","null","null",999,FALSE,FALSE,FALSE,"null","null","null","null","null",43.69,0,0,0,0,0,0,0,0,0,0,66921,161069,227371,3251,0,0,0,1766,0,0,0,0,0,0,0,0,0,0,"F2125_mz227.1434_rt1.54",0,227371,227372,TRUE,5,3,0,"Fungi old-associated detection","RT >= 1 min","No MS/MS assignment","Unknown"
2128,1.073,227.16451,"Unknown","[M+H]+","ion correlated with 3937; ion correlated with 4037; ion correlated with 4247; ion correlated with 4207; ion correlated with 3309; ion correlated with 4550; ion correlated with 4658; ion correlated with 4668; ion correlated with 4694; ion correlated with 4152; ion correlated with 4052; ion correlated with 1020; ion correlated with 3741; ion correlated with 4035; ion correlated with 2094; ion correlated with 4486; ion correlated with 3491; ion correlated with 1040; ion correlated with 3638; ion correlated with 4167; ion correlated with 4019; ion correlated with 1747; ion correlated with 1764; ion correlated with 3971; ion correlated with 4724; ion correlated with 3194; ion correlated with 4640; ion correlated with 4223; similar chromatogram in higher mz_3699",0.071,FALSE,"null","null","null","null","null","null",999,FALSE,FALSE,FALSE,"null","null","null","null","null",56.27,18861,3242,4135,0,2427,6720,7338,0,0,0,1453,0,5022,476344,291494,441971,6366,2330,0,0,2404,3969,0,3076,13794,0,3748,7278,"F2128_mz227.1645_rt1.07",8746,476344,54.4580999199726,TRUE,16,2,0,"Fungi old-associated detection","RT >= 1 min","No MS/MS assignment","Unknown"
2132,0.905,227.64238,"Unknown","[M+H]+",NA,0.179,FALSE,"null","null","null","null","null","null",999,FALSE,FALSE,FALSE,"null","null","null","null","null",2753.35,0,0,0,0,2377,0,0,149057,104447,183697,49425,0,0,0,0,0,0,9364,28448,0,120695,130440,0,0,0,0,0,0,"F2132_mz227.6424_rt0.9",0,183697,183698,TRUE,9,1,3,"Fungal control-associated detection","Early RT","No MS/MS assignment","Unknown"
2137,2.077,228.11488,"Unknown","[M+H]+","ion correlated with 2751; ion correlated with 2502; ion correlated with 395; ion correlated with 378; ion correlated with 742; ion correlated with 957; ion correlated with 1497; ion correlated with 1658; ion correlated with 2022; ion correlated with 797; ion correlated with 1838; ion correlated with 2911; ion correlated with 1351; ion correlated with 1570; ion correlated with 1694; ion correlated with 1719; ion correlated with 1894; ion correlated with 596; ion correlated with 1191; ion correlated with 2158; ion correlated with 532; ion correlated with 2500; ion correlated with 3522; ion correlated with 3926; ion correlated with 4888; ion correlated with 2562; ion correlated with 2394; ion correlated with 56; ion correlated with 1140; ion correlated with 1167; ion correlated with 1258; ion correlated with 1468; ion correlated with 2582; ion correlated with 2347; ion correlated with 3777; ion correlated with 3997",0.107,FALSE,"null","null","null","null","null","null",999,FALSE,FALSE,FALSE,"null","null","null","null","null",23.88,0,0,0,0,1705,0,0,48327,0,1125,2086,0,0,202471,155925,227824,0,0,0,0,0,2114,3989,0,0,0,0,0,"F2137_mz228.1149_rt2.08",0,227824,227825,TRUE,9,1,2,"Fungal control-associated detection","RT >= 1 min","No MS/MS assignment","Unknown"
2158,2.077,229.15904,"Unknown","[M+H]+","ion correlated with 2751; ion correlated with 395; ion correlated with 378; ion correlated with 742; ion correlated with 957; ion correlated with 1497; ion correlated with 1629; ion correlated with 1658; ion correlated with 2022; ion correlated with 797; ion correlated with 1838; ion correlated with 2911; ion correlated with 628; ion correlated with 1351; ion correlated with 1570; ion correlated with 1694; ion correlated with 1719; ion correlated with 1894; ion correlated with 2137; ion correlated with 2318; ion correlated with 2447; ion correlated with 4946; ion correlated with 596; ion correlated with 1191; ion correlated with 4919; ion correlated with 2500; ion correlated with 3522; ion correlated with 2562; ion correlated with 2394; ion correlated with 56; ion correlated with 1140; ion correlated with 1167; ion correlated with 1258; ion correlated with 1468; ion correlated with 2582; ion correlated with 3941; ion correlated with 5039; ion correlated with 2347; ion correlated with 4118; ion correlated with 3777; ion correlated with 3979; ion correlated with 3997; ion correlated with 5027",0.107,FALSE,"null","null","null","null","null","null",999,FALSE,FALSE,FALSE,"null","null","null","null","null",22.57,2194,0,0,0,0,0,0,0,3521,4229,0,0,0,276626,209395,197771,0,2306,0,2009,0,0,0,0,0,0,0,1372,"F2158_mz229.159_rt2.08",731.333333333333,276626,377.733727810651,TRUE,8,0,2,"Fungal control-associated detection","RT >= 1 min","No MS/MS assignment","Unknown"
2171,0.895,230.64253,"Unknown","[M+H]+","ion correlated with 4846",0.071,FALSE,"null","null","null","null","null","null",999,FALSE,FALSE,FALSE,"null","null","null","null","null",3638.71,0,0,0,0,0,0,0,138490,239971,61852,22990,0,0,0,0,0,69002,17402,0,146608,101262,217262,0,0,0,0,0,0,"F2171_mz230.6425_rt0.9",0,239971,239972,TRUE,9,1,3,"Fungal control-associated detection","Early RT","No MS/MS assignment","Unknown"
2172,0.916,230.66069,"Unknown","[M+H]+","ion correlated with 4404",0.036,FALSE,"null","null","null","null","null","null",999,FALSE,FALSE,FALSE,"null","null","null","null","null",3065.09,0,0,0,0,0,0,0,14162,153254,151052,0,0,0,0,0,0,0,23377,10274,40862,69167,68588,0,0,0,0,0,0,"F2172_mz230.6607_rt0.92",0,153254,153255,TRUE,8,0,3,"Fungal control-associated detection","Early RT","No MS/MS assignment","Unknown"
2174,0.734,230.99055,"Unknown","[M+H]+","ion correlated with 697; ion correlated with 1619; ion correlated with 2416; ion correlated with 1617; ion correlated with 847; ion correlated with 704; ion correlated with 522; ion correlated with 2081; ion correlated with 1574; ion correlated with 3475; ion correlated with 4612",0.036,FALSE,"null","null","null","null","null","null",999,FALSE,FALSE,FALSE,"null","null","null","null","null",394.43,9944,0,0,0,0,0,0,18391,38446,53851,0,0,0,881519,810358,1047417,0,0,0,0,0,55779,0,0,0,0,0,0,"F2174_mz230.9906_rt0.73",3314.66666666667,1047417,315.899668241681,TRUE,7,0,3,"Fungal control-associated detection","Early RT","No MS/MS assignment","Unknown"
2175,0.576,230.99063,"Unknown","[M+H]+","ion correlated with 1620; ion correlated with 1880; ion correlated with 1941",0.143,TRUE,"null","null","null","null","null","null",999,FALSE,FALSE,FALSE,"null","null","null","null","null",1098.24,3019,0,0,0,0,0,0,46947,0,134969,0,0,0,3010546,3764377,3210344,0,0,0,0,33876,0,0,0,29186,0,0,0,"F2175_mz230.9906_rt0.58",1006.33333333333,3764377,3736.97352746525,TRUE,7,0,2,"Fungal control-associated detection","Early RT","MS/MS available","Unknown"
2182,0.8,231.1454,"Unknown","[M+H]+","ion correlated with 2107; ion correlated with 3644; ion correlated with 2849; ion correlated with 3499; ion correlated with 5003; ion correlated with 3812",0.071,FALSE,"null","null","null","null","null","null",999,FALSE,FALSE,FALSE,"null","null","null","null","null",38.85,0,0,0,0,2210,0,0,209674,310655,252371,93227,0,0,0,0,0,3223,14057,0,99279,184682,239338,0,0,0,0,0,2408,"F2182_mz231.1454_rt0.8",0,310655,310656,TRUE,11,1,3,"Fungal control-associated detection","Early RT","No MS/MS assignment","Unknown"
2185,1.608,231.175,"Unknown","[M+H]+","ion correlated with 4254; ion correlated with 4120; ion correlated with 4012; ion correlated with 3111; ion correlated with 3355; ion correlated with 3281; ion correlated with 4748; ion correlated with 3469; ion correlated with 2279; ion correlated with 4161; ion correlated with 2023; ion correlated with 1898; ion correlated with 3884; ion correlated with 3747; ion correlated with 4992; ion correlated with 3671; ion correlated with 3320; ion correlated with 3704; ion correlated with 2119; similar chromatogram in higher mz_3199; similar chromatogram in higher mz_3441",0.107,FALSE,"null","null","null","null","null","null",999,FALSE,FALSE,FALSE,"null","null","null","null","null",23.08,0,0,0,0,0,0,1728,8704,13810,12512,5418,0,0,216782,165596,257969,0,1781,0,2362,8686,5682,0,0,0,0,0,0,"F2185_mz231.175_rt1.61",0,257969,257970,TRUE,12,1,3,"Fungal control-associated detection","RT >= 1 min","No MS/MS assignment","Unknown"
2193,0.703,232.13705,"Unknown","[M+H]+",NA,0.036,FALSE,"null","null","null","null","null","null",999,FALSE,FALSE,FALSE,"null","null","null","null","null",74.54,0,0,0,0,0,0,0,80238,143611,163736,28713,0,0,227257,64442,66312,0,0,0,0,53168,74077,0,0,0,0,0,0,"F2193_mz232.137_rt0.7",0,227257,227258,TRUE,9,1,3,"Fungal control-associated detection","Early RT","No MS/MS assignment","Unknown"
2195,0.984,232.15494,"Unknown","[M+H]+",NA,0.071,TRUE,"null","null","null","null","null","null",999,FALSE,FALSE,FALSE,"null","null","null","null","null",143.52,9778,7494,12714,0,7051,6214,11543,0,14310,0,750225,172787,98399,0,10920,0,29239,26617,10939,0,0,27658,0,7722,0,11468,16559,6188,"F2195_mz232.1549_rt0.98",9995.33333333333,750225,75.0501183767381,TRUE,16,3,1,"Fungi old-associated detection","Early RT","MS/MS available","Unknown"
2196,1.019,232.64742,"Unknown","[M+H]+","ion correlated with 4302; ion correlated with 4390; ion correlated with 4449; ion correlated with 4607; ion correlated with 4083; ion correlated with 4113; ion correlated with 2308; ion correlated with 4382; ion correlated with 4581; ion correlated with 4508; ion correlated with 4428; ion correlated with 2404",0.107,FALSE,"null","null","null","null","null","null",999,FALSE,FALSE,FALSE,"null","null","null","null","null",2370.82,0,0,0,0,0,0,0,98663,127672,115030,8836,0,0,0,0,0,12142,16735,18646,53542,92795,112921,0,0,0,0,0,0,"F2196_mz232.6474_rt1.02",0,127672,127673,TRUE,10,1,3,"Fungal control-associated detection","RT >= 1 min","No MS/MS assignment","Unknown"
2200,0.456,233.02718,"Unknown","[M+H]+","ion correlated with 2989; ion correlated with 1822; ion correlated with 2220; ion correlated with 2176; ion correlated with 851; ion correlated with 2266; ion correlated with 1323; ion correlated with 3203; ion correlated with 2488; ion correlated with 2771",0.036,FALSE,"null","null","null","null","null","null",999,FALSE,FALSE,FALSE,"null","null","null","null","null",35.52,5502,3300,10693,0,0,0,0,0,0,0,0,157461,141914,2329821,1559267,2313210,0,0,0,0,0,0,10946,31774,0,0,0,0,"F2200_mz233.0272_rt0.46",6498.33333333333,2329821,358.470920094369,TRUE,7,2,0,"Fungi old-associated detection","Very early RT","No MS/MS assignment","Unknown"
2201,0.62,233.04239,"Unknown","[M+H]+","ion correlated with 1902; ion correlated with 1506; ion correlated with 1401",0.107,FALSE,"null","null","null","null","null","null",999,FALSE,FALSE,FALSE,"null","null","null","null","null",372.59,62754,12213,9521,0,0,0,0,172491,47390,82415,41470,0,0,1170888,473608,948879,0,0,0,0,0,0,109306,44105,182890,0,0,0,"F2201_mz233.0424_rt0.62",28162.6666666667,1170888,41.5744517167509,TRUE,10,1,3,"Fungal control-associated detection","Early RT","No MS/MS assignment","Unknown"
2212,2.309,233.19044,"Unknown","[M+H]+",NA,0.107,FALSE,"null","null","null","null","null","null",999,FALSE,FALSE,FALSE,"null","null","null","null","null",21.97,0,0,0,0,0,0,0,105586,111636,118068,48421,0,0,39608,23550,20482,23455,27746,18594,53515,76916,85541,0,0,0,0,0,0,"F2212_mz233.1904_rt2.31",0,118068,118069,TRUE,13,1,3,"Fungal control-associated detection","RT >= 1 min","No MS/MS assignment","Unknown"
2218,0.403,234.1452,"Unknown","[M+H]+","ion correlated with 1801; ion correlated with 3769; ion correlated with 1045",0.071,FALSE,"null","null","null","null","null","null",999,FALSE,FALSE,FALSE,"null","null","null","null","null",84.36,0,0,0,0,0,0,0,375053,484504,520336,136889,0,0,0,0,0,71251,113268,75529,245519,251752,307475,0,0,0,0,0,0,"F2218_mz234.1452_rt0.4",0,520336,520337,TRUE,10,1,3,"Fungal control-associated detection","Very early RT","No MS/MS assignment","Unknown"
2228,1.013,235.67072,"Unknown","[M+H]+","ion correlated with 4397; ion correlated with 4036; ion correlated with 3721; ion correlated with 4302; ion correlated with 2515; ion correlated with 4238; ion correlated with 2432; ion correlated with 3269; ion correlated with 1960; ion correlated with 2639; ion correlated with 4125; ion correlated with 3155; ion correlated with 4150; ion correlated with 4138; ion correlated with 1750; ion correlated with 4178; ion correlated with 3776; ion correlated with 3453; ion correlated with 3174; ion correlated with 3629; ion correlated with 4585; ion correlated with 3921",0.214,FALSE,"null","null","null","null","null","null",999,FALSE,FALSE,FALSE,"null","null","null","null","null",4829.04,0,0,0,0,0,1821,0,197783,337570,307718,63016,0,0,0,0,0,30185,65550,34041,143357,215222,247062,0,0,0,0,0,0,"F2228_mz235.6707_rt1.01",0,337570,337571,TRUE,11,1,3,"Fungal control-associated detection","RT >= 1 min","No MS/MS assignment","Unknown"
2229,1.469,235.95721,"Unknown","[M+H]+",NA,0.036,FALSE,"null","null","null","null","null","null",999,FALSE,FALSE,FALSE,"null","null","null","null","null",56.64,0,0,0,0,0,0,0,0,0,0,113632,44199,44366,0,0,0,0,8029,6872,0,4194,0,0,0,0,0,0,0,"F2229_mz235.9572_rt1.47",0,113632,113633,TRUE,6,3,0,"Fungi old-associated detection","RT >= 1 min","No MS/MS assignment","Unknown"
2241,0.405,237.07001,"Unknown","[M+H]+","ion correlated with 2737; ion correlated with 3590; ion correlated with 2967; ion correlated with 1965",0.286,FALSE,"null","null","null","null","null","null",999,FALSE,FALSE,FALSE,"null","null","null","null","null",65.62,0,0,0,0,0,0,0,179790,210748,247165,125965,0,0,9039,0,0,96032,133869,136297,185385,219861,189167,0,0,0,0,0,0,"F2241_mz237.07_rt0.41",0,247165,247166,TRUE,11,1,3,"Fungal control-associated detection","Very early RT","No MS/MS assignment","Unknown"
2249,0.845,237.99579,"Unknown","[M+H]+",NA,0.036,FALSE,"null","null","null","null","null","null",999,FALSE,FALSE,FALSE,"null","null","null","null","null",28.79,7085,0,0,0,0,0,0,0,0,0,0,12546,11481,26483,25845,0,56881,31868,89799,34276,28828,18912,147090,98032,122258,0,3826,0,"F2249_mz237.9958_rt0.84",2361.66666666667,147090,62.256348758465,TRUE,14,2,0,"Fungi old-associated detection","Early RT","No MS/MS assignment","Unknown"
2257,1.828,238.14426,"Unknown","[M+H]+",NA,0.071,TRUE,"null","null","null","null","null","null",999,FALSE,FALSE,FALSE,"null","null","null","null","null",35.76,0,0,0,0,0,0,0,0,0,2847,32858,257620,241880,0,0,0,0,0,0,0,0,0,0,0,0,0,0,0,"F2257_mz238.1443_rt1.83",0,257620,257621,TRUE,4,3,1,"Fungi old-associated detection","RT >= 1 min","MS/MS available","Unknown"
2263,0.538,239.05095,"Unknown","[M+H]+",NA,0.071,FALSE,"null","null","null","null","null","null",999,FALSE,FALSE,FALSE,"null","null","null","null","null",45.05,10288,0,0,0,0,0,0,42059,120489,84338,0,0,0,0,0,0,0,65007,0,41947,139218,105694,0,0,0,0,0,0,"F2263_mz239.051_rt0.54",3429.33333333333,139218,40.5846856476533,TRUE,7,0,3,"Fungal control-associated detection","Early RT","No MS/MS assignment","Unknown"
2283,0.781,240.17101,"Unknown","[M+H]+","ion correlated with 2073; ion correlated with 3474; ion correlated with 3797; ion correlated with 3893",0.036,FALSE,"null","null","null","null","null","null",999,FALSE,FALSE,FALSE,"null","null","null","null","null",22.12,0,3733,2386,0,2797,0,0,87165,136327,73059,16570,0,0,0,0,0,0,0,0,0,78127,78001,0,0,0,0,0,2732,"F2283_mz240.171_rt0.78",2039.66666666667,136327,66.8056190787324,TRUE,8,1,3,"Fungal control-associated detection","Early RT","No MS/MS assignment","Unknown"
2286,0.538,241.07494,"Unknown","[M+H]+","ion correlated with 5147",0.071,FALSE,"null","null","null","null","null","null",999,FALSE,FALSE,FALSE,"null","null","null","null","null",62.92,0,1306,7190,0,0,0,0,279901,288393,155215,73427,0,0,0,0,0,0,57961,119777,257258,282347,241910,0,0,0,0,0,0,"F2286_mz241.0749_rt0.54",2832,288393,101.798093893399,TRUE,9,1,3,"Fungal control-associated detection","Early RT","No MS/MS assignment","Unknown"
2291,2.701,241.1801,"Unknown","[M+H]+","ion correlated with 3944; ion correlated with 3988; similar chromatogram in higher mz_3988; similar chromatogram in higher mz_3944; similar chromatogram in higher mz_3218",0.107,TRUE,"null","null","null","null","null","null",999,FALSE,FALSE,FALSE,"null","null","null","null","null",46.9,1900,1402,0,0,2421,1370,1431,1916,2123,0,1507,0,0,2843,2619,6944,0,0,0,0,2089,1873,284186,455107,482360,0,1286,1802,"F2291_mz241.1801_rt2.7",1100.66666666667,482360,437.846596066566,TRUE,16,1,2,"Fungal control-associated detection","RT >= 1 min","MS/MS available","Unknown"
2319,0.928,243.65588,"Unknown","[M+H]+","ion correlated with 4846; ion correlated with 3912; ion correlated with 1973; ion correlated with 2880; ion correlated with 4393; ion correlated with 4302; ion correlated with 4322; ion correlated with 4607; ion correlated with 4083; ion correlated with 4113",0.143,FALSE,"null","null","null","null","null","null",999,FALSE,FALSE,FALSE,"null","null","null","null","null",2796.21,0,0,2615,0,2840,0,0,132410,175750,102464,45805,0,0,0,0,0,31239,50904,9258,86968,130180,120901,0,0,0,0,0,4014,"F2319_mz243.6559_rt0.93",871.666666666667,175750,201.395339954163,TRUE,12,1,3,"Fungal control-associated detection","Early RT","No MS/MS assignment","Unknown"
2339,1.028,245.05965,"Unknown","[M+H]+",NA,0.321,FALSE,"null","null","null","null","null","null",999,FALSE,FALSE,FALSE,"null","null","null","null","null",47.69,0,0,0,0,0,0,0,214362,154506,140418,55609,0,0,0,0,0,111374,167863,94427,239322,297275,270266,0,0,146616,0,0,0,"F2339_mz245.0597_rt1.03",0,297275,297276,TRUE,11,1,3,"Fungal control-associated detection","RT >= 1 min","No MS/MS assignment","Unknown"
2349,0.919,245.16125,"Unknown","[M+H]+","ion correlated with 3552; ion correlated with 4791; ion correlated with 712; ion correlated with 4853; ion correlated with 3473; ion correlated with 4524; ion correlated with 3798; ion correlated with 2727; ion correlated with 4054; ion correlated with 601; ion correlated with 3616; ion correlated with 1545; ion correlated with 3614; ion correlated with 3312; ion correlated with 647; ion correlated with 3025; ion correlated with 3806; ion correlated with 3628; ion correlated with 2688; ion correlated with 95; ion correlated with 3480; ion correlated with 3778; ion correlated with 3900; ion correlated with 3785; ion correlated with 2332; ion correlated with 916; ion correlated with 3465; ion correlated with 3594; ion correlated with 3294",0.143,FALSE,"null","null","null","null","null","null",999,FALSE,FALSE,FALSE,"null","null","null","null","null",122.46,0,0,0,0,0,0,0,561401,616817,580043,121757,0,0,0,0,0,170107,204075,178398,411313,514413,468801,0,0,0,0,0,0,"F2349_mz245.1612_rt0.92",0,616817,616818,TRUE,10,1,3,"Fungal control-associated detection","Early RT","No MS/MS assignment","Unknown"
2352,0.83,245.23419,"Unknown","[M+H]+","ion correlated with 1922",0.036,FALSE,"null","null","null","null","null","null",999,FALSE,FALSE,FALSE,"null","null","null","null","null",167.66,0,0,0,0,0,0,0,58574,95816,218644,0,0,0,0,0,0,0,0,0,0,20875,19897,0,0,0,0,0,0,"F2352_mz245.2342_rt0.83",0,218644,218645,TRUE,5,0,3,"Fungal control-associated detection","Early RT","No MS/MS assignment","Unknown"
2353,0.651,245.96777,"Unknown","[M+H]+",NA,0.071,FALSE,"null","null","null","null","null","null",999,FALSE,FALSE,FALSE,"null","null","null","null","null",98.14,0,0,0,0,0,0,0,0,0,0,0,29855,49201,0,36491,0,72632,78112,31526,0,0,0,116635,69560,155131,0,0,0,"F2353_mz245.9678_rt0.65",0,155131,155132,TRUE,9,2,0,"Fungi old-associated detection","Early RT","No MS/MS assignment","Unknown"
2362,1.04,246.17073,"Unknown","[M+H]+",NA,0.036,FALSE,"null","null","null","null","null","null",999,FALSE,FALSE,FALSE,"null","null","null","null","null",61.62,6567,7490,5810,0,9016,15587,1962,0,0,0,220889,120939,87788,9639,0,0,88022,76457,63648,22573,8383,0,0,0,0,20568,15224,6536,"F2362_mz246.1707_rt1.04",6622.33333333333,220889,33.3502767991948,TRUE,15,3,0,"Fungi old-associated detection","RT >= 1 min","No MS/MS assignment","Unknown"
2363,0.677,246.18155,"Unknown","[M+H]+","ion correlated with 1050; ion correlated with 2321; ion correlated with 1679; ion correlated with 458; ion correlated with 2543; ion correlated with 817; ion correlated with 2371; ion correlated with 2730; ion correlated with 518",0.321,TRUE,"null","null","null","null","null","null",999,FALSE,FALSE,FALSE,"null","null","null","null","null",967.04,0,0,0,0,0,0,0,3616035,5367139,4653709,1121264,0,0,0,0,0,584346,986294,614022,1883794,3037477,3450335,0,0,0,0,0,0,"F2363_mz246.1815_rt0.68",0,5367139,5367140,TRUE,10,1,3,"Fungal control-associated detection","Early RT","MS/MS available","Unknown"
2384,0.398,247.90416,"Unknown","[M+H]+","ion correlated with 2461; ion correlated with 2186; ion correlated with 3029; ion correlated with 538; ion correlated with 2405; ion correlated with 422; ion correlated with 3696; ion correlated with 2798; ion correlated with 2366",0.214,FALSE,"null","null","null","null","null","null",999,FALSE,FALSE,FALSE,"null","null","null","null","null",50.84,0,0,2461,0,0,27351,19607,20650,20290,23928,13136,0,0,497184,338236,333101,0,9142,10378,11196,12305,12116,168433,133395,109527,0,11928,56481,"F2384_mz247.9042_rt0.4",820.333333333333,497184,605.33887987013,TRUE,19,1,3,"Fungal control-associated detection","Very early RT","No MS/MS assignment","Unknown"
2393,0.421,248.20854,"Unknown","[M+H]+",NA,0.107,FALSE,"null","null","null","null","null","null",999,FALSE,FALSE,FALSE,"null","null","null","null","null",2349.94,0,0,0,0,0,0,0,32189,74196,110232,57968,0,0,0,0,20921,82115,108918,133341,76643,74123,53108,0,0,0,0,0,0,"F2393_mz248.2085_rt0.42",0,133341,133342,TRUE,11,1,3,"Fungal control-associated detection","Very early RT","No MS/MS assignment","Unknown"
2397,0.465,249.07231,"Unknown","[M+H]+","ion correlated with 4405; ion correlated with 4697; ion correlated with 3936",0.036,FALSE,"null","null","null","null","null","null",999,FALSE,FALSE,FALSE,"null","null","null","null","null",30.16,0,0,0,0,0,0,0,0,0,0,59654,259043,230589,0,0,0,55176,35372,0,0,0,53312,0,0,0,0,0,0,"F2397_mz249.0723_rt0.47",0,259043,259044,TRUE,6,3,0,"Fungi old-associated detection","Very early RT","No MS/MS assignment","Unknown"
2401,1.884,249.14879,"Unknown","[M+H]+","ion correlated with 3871; ion correlated with 3693; ion correlated with 4050; ion correlated with 2581; ion correlated with 3494; ion correlated with 3909; ion correlated with 3995; ion correlated with 3283",0.107,TRUE,"null","null","null","null","null","null",999,FALSE,FALSE,FALSE,"null","null","null","null","null",24.42,0,1926,0,0,1635,0,1753,1998,0,0,0,1642,3366,434520,250108,343096,2674,0,0,0,0,0,614,0,9443,2375,5680,0,"F2401_mz249.1488_rt1.88",642,434520,675.771384136859,TRUE,13,2,1,"Fungi old-associated detection","RT >= 1 min","MS/MS available","Unknown"
2404,1.031,249.67424,"Unknown","[M+H]+","ion correlated with 4449; ion correlated with 2196; ion correlated with 4746",0.036,FALSE,"null","null","null","null","null","null",999,FALSE,FALSE,FALSE,"null","null","null","null","null",2521.73,0,0,0,0,0,0,0,89451,126087,90913,24465,0,0,0,0,0,0,10249,0,27173,51822,94647,0,0,0,0,0,0,"F2404_mz249.6742_rt1.03",0,126087,126088,TRUE,8,1,3,"Fungal control-associated detection","RT >= 1 min","No MS/MS assignment","Unknown"
2405,0.399,249.93701,"Unknown","[M+H]+","ion correlated with 2461; ion correlated with 2186; ion correlated with 3029; ion correlated with 538; ion correlated with 2384; ion correlated with 3696; ion correlated with 4463; ion correlated with 4725; ion correlated with 2798; ion correlated with 2366",0.179,FALSE,"null","null","null","null","null","null",999,FALSE,FALSE,FALSE,"null","null","null","null","null",187.04,42386,3952,2949,0,0,630,0,4785,2811,0,19009,0,0,575646,350130,439345,0,0,0,0,0,8704,126079,83143,156556,17716,0,0,"F2405_mz249.937_rt0.4",16429,575646,35.0363359707851,TRUE,12,1,2,"Fungal control-associated detection","Very early RT","No MS/MS assignment","Unknown"
2408,0.933,250.07147,"Unknown","[M+H]+","ion correlated with 3677; ion correlated with 2646; ion correlated with 4751",0.036,FALSE,"null","null","null","null","null","null",999,FALSE,FALSE,FALSE,"null","null","null","null","null",75.04,0,0,0,0,0,0,0,0,0,0,12137,100508,161011,12396,0,0,0,0,0,0,0,0,0,0,0,0,0,0,"F2408_mz250.0715_rt0.93",0,161011,161012,TRUE,4,3,0,"Fungi old-associated detection","Early RT","No MS/MS assignment","Unknown"
2433,1.081,251.95226,"Unknown","[M+H]+","ion correlated with 2985; ion correlated with 3479; ion correlated with 3776; ion correlated with 3453; ion correlated with 3174; ion correlated with 2526; ion correlated with 3921; ion correlated with 4127; ion correlated with 3603; ion correlated with 3759; ion correlated with 2671",0.25,FALSE,"null","null","null","null","null","null",999,FALSE,FALSE,FALSE,"null","null","null","null","null",227.05,0,0,0,0,0,0,0,321789,375805,426650,83391,0,0,0,0,0,91531,128447,88129,226789,300139,301222,0,0,0,0,0,1589,"F2433_mz251.9523_rt1.08",0,426650,426651,TRUE,11,1,3,"Fungal control-associated detection","RT >= 1 min","No MS/MS assignment","Unknown"
2438,0.926,252.64685,"Unknown","[M+H]+","ion correlated with 2916",0.036,FALSE,"null","null","null","null","null","null",999,FALSE,FALSE,FALSE,"null","null","null","null","null",2676.65,0,0,0,0,0,0,0,66499,133832,53630,40915,0,0,0,0,0,10690,14966,0,16800,38888,52417,0,0,0,0,0,0,"F2438_mz252.6468_rt0.93",0,133832,133833,TRUE,9,1,3,"Fungal control-associated detection","Early RT","No MS/MS assignment","Unknown"
2439,1.041,252.66298,"Unknown","[M+H]+","ion correlated with 4113; ion correlated with 4534; ion correlated with 2308; ion correlated with 4382; ion correlated with 4219; ion correlated with 4508; ion correlated with 4585",0.143,FALSE,"null","null","null","null","null","null",999,FALSE,FALSE,FALSE,"null","null","null","null","null",2586.57,0,0,0,0,0,0,0,122944,106509,160709,44160,0,0,0,0,0,15706,46802,14928,61872,127152,92664,0,0,3822,0,0,0,"F2439_mz252.663_rt1.04",0,160709,160710,TRUE,11,1,3,"Fungal control-associated detection","RT >= 1 min","No MS/MS assignment","Unknown"
2442,0.414,253.02898,"Unknown","[M+H]+","ion correlated with 3508",0.357,FALSE,"null","null","null","null","null","null",999,FALSE,FALSE,FALSE,"null","null","null","null","null",442.25,0,0,0,0,0,0,0,145925,207702,168082,23414,0,0,615808,760232,607061,35534,121771,41180,104635,177282,152077,21507,46385,50422,0,0,0,"F2442_mz253.029_rt0.41",0,760232,760233,TRUE,16,1,3,"Fungal control-associated detection","Very early RT","No MS/MS assignment","Unknown"
2446,0.747,253.15453,"Unknown","[M+H]+","ion correlated with 3449; ion correlated with 2402; ion correlated with 4568; ion correlated with 4075; ion correlated with 1781; ion correlated with 3387; ion correlated with 4256",0.071,FALSE,"null","null","null","null","null","null",999,FALSE,FALSE,FALSE,"null","null","null","null","null",15.69,0,2776,5278,0,0,0,0,20011,17473,0,0,13733,0,155106,69763,121885,0,0,0,0,0,0,0,0,0,3070,0,0,"F2446_mz253.1545_rt0.75",2684.66666666667,155106,57.7536303835174,TRUE,7,1,2,"Fungal control-associated detection","Early RT","No MS/MS assignment","Unknown"
2460,0.984,254.81747,"Unknown","[M+H]+","ion correlated with 4626",0.036,FALSE,"null","null","null","null","null","null",999,FALSE,FALSE,FALSE,"null","null","null","null","null",47.49,0,0,0,0,0,0,0,76255,57226,110713,8395,0,0,0,0,0,0,0,0,48972,26817,33838,0,0,0,0,0,0,"F2460_mz254.8175_rt0.98",0,110713,110714,TRUE,7,1,3,"Fungal control-associated detection","Early RT","No MS/MS assignment","Unknown"
2463,0.606,255.09792,"Unknown","[M+H]+",NA,0.25,TRUE,"null","null","null","null","null","null",999,FALSE,FALSE,FALSE,"null","null","null","null","null",203.44,0,0,0,0,0,0,0,0,0,24722,777134,952371,615959,351703,149951,127054,0,0,0,0,28456,0,42767,0,110190,0,0,0,"F2463_mz255.0979_rt0.61",0,952371,952372,TRUE,10,3,1,"Fungi old-associated detection","Early RT","MS/MS available","Unknown"
2465,0.481,255.09801,"Unknown","[M+H]+",NA,0.393,FALSE,"null","null","null","null","null","null",999,FALSE,FALSE,FALSE,"null","null","null","null","null",135.66,0,0,0,0,0,0,0,35748,0,0,1200644,1346024,1100823,538885,413698,425649,112370,110092,78357,57266,161446,88890,341186,411312,409807,0,0,0,"F2465_mz255.098_rt0.48",0,1346024,1346025,TRUE,16,3,1,"Fungi old-associated detection","Very early RT","No MS/MS assignment","Unknown"
2467,0.481,255.14568,"Unknown","[M+H]+","ion correlated with 2545",0.071,FALSE,"null","null","null","null","null","null",999,FALSE,FALSE,FALSE,"null","null","null","null","null",68.76,0,0,0,0,0,0,0,493229,419492,586035,35818,0,0,0,0,0,55725,51486,77242,311953,285365,321546,0,0,0,3691,0,0,"F2467_mz255.1457_rt0.48",0,586035,586036,TRUE,11,1,3,"Fungal control-associated detection","Very early RT","No MS/MS assignment","Unknown"
2468,0.648,255.14568,"Unknown","[M+H]+","ion correlated with 4902; ion correlated with 2644; ion correlated with 790; ion correlated with 4592",0.071,FALSE,"null","null","null","null","null","null",999,FALSE,FALSE,FALSE,"null","null","null","null","null",55.98,0,0,0,0,0,0,0,315201,538256,450984,184171,0,0,0,0,0,76808,92568,44886,285627,352812,420440,0,0,0,0,0,0,"F2468_mz255.1457_rt0.65",0,538256,538257,TRUE,10,1,3,"Fungal control-associated detection","Early RT","No MS/MS assignment","Unknown"
2488,0.508,256.13947,"Unknown","[M+H]+","ion correlated with 2200; ion correlated with 2220; ion correlated with 851; ion correlated with 2266; ion correlated with 1942; ion correlated with 1323; ion correlated with 3203; ion correlated with 2771",0.107,FALSE,"null","null","null","null","null","null",999,FALSE,FALSE,FALSE,"null","null","null","null","null",593.7,0,0,0,0,0,0,0,71854,0,39873,0,47551,0,3122539,2511221,2647701,0,32794,0,0,0,55045,0,0,0,0,0,0,"F2488_mz256.1395_rt0.51",0,3122539,3122540,TRUE,8,1,2,"Fungal control-associated detection","Early RT","No MS/MS assignment","Unknown"
2492,0.879,256.64542,"Unknown","[M+H]+","ion correlated with 4044; ion correlated with 90; ion correlated with 4735; ion correlated with 4137",0.214,FALSE,"null","null","null","null","null","null",999,FALSE,FALSE,FALSE,"null","null","null","null","null",4013.35,0,0,0,0,0,0,0,170018,193528,204819,73135,0,0,0,0,0,12932,98951,24335,226700,202318,206622,0,0,0,0,0,0,"F2492_mz256.6454_rt0.88",0,226700,226701,TRUE,10,1,3,"Fungal control-associated detection","Early RT","No MS/MS assignment","Unknown"
2495,1.173,257.04819,"Unknown","[M+H]+",NA,0.036,FALSE,"null","null","null","null","null","null",999,FALSE,FALSE,FALSE,"null","null","null","null","null",42.81,0,0,0,0,0,0,0,0,0,10229,176179,98334,116915,0,27395,0,0,0,0,0,3625,0,0,0,0,0,0,0,"F2495_mz257.0482_rt1.17",0,176179,176180,TRUE,6,3,1,"Fungi old-associated detection","RT >= 1 min","No MS/MS assignment","Unknown"
2505,0.916,257.67599,"Unknown","[M+H]+",NA,0.036,FALSE,"null","null","null","null","null","null",999,FALSE,FALSE,FALSE,"null","null","null","null","null",2810.92,0,0,0,0,0,0,0,33049,140546,0,0,0,0,0,0,0,0,0,0,0,0,26665,0,16858,0,0,0,0,"F2505_mz257.676_rt0.92",0,140546,140547,TRUE,4,0,2,"Fungal control-associated detection","Early RT","No MS/MS assignment","Unknown"
2508,0.91,258.08682,"Unknown","[M+H]+",NA,0.143,FALSE,"null","null","null","null","null","null",999,FALSE,FALSE,FALSE,"null","null","null","null","null",152,0,0,0,0,0,0,0,0,0,0,16808,209291,190419,246259,95694,301823,0,0,0,0,0,0,17316,19434,8389,0,0,0,"F2508_mz258.0868_rt0.91",0,301823,301824,TRUE,9,3,0,"Fungi old-associated detection","Early RT","No MS/MS assignment","Unknown"
2515,0.965,258.66119,"Unknown","[M+H]+","ion correlated with 3931; ion correlated with 3912; ion correlated with 2237; ion correlated with 4194; ion correlated with 2328; ion correlated with 4243; ion correlated with 1841; ion correlated with 4137; ion correlated with 999; ion correlated with 3501; ion correlated with 4252; ion correlated with 845; ion correlated with 4397; ion correlated with 4036; ion correlated with 3721; ion correlated with 4302; ion correlated with 4467; ion correlated with 4238; ion correlated with 2432; ion correlated with 3269; ion correlated with 1960; ion correlated with 2639; ion correlated with 4125; ion correlated with 3155; ion correlated with 4150; ion correlated with 4138; ion correlated with 1750; ion correlated with 2228; ion correlated with 4178",0.179,FALSE,"null","null","null","null","null","null",999,FALSE,FALSE,FALSE,"null","null","null","null","null",4574.89,0,0,0,0,0,0,0,222832,307381,245492,99074,0,0,0,0,0,18143,92844,20625,170246,178282,199559,0,8235,0,0,0,0,"F2515_mz258.6612_rt0.96",0,307381,307382,TRUE,11,1,3,"Fungal control-associated detection","Early RT","No MS/MS assignment","Unknown"
2529,1.173,259.20227,"Unknown","[M+H]+",NA,0.036,FALSE,"null","null","null","null","null","null",999,FALSE,FALSE,FALSE,"null","null","null","null","null",65.8,0,0,0,0,0,0,0,0,0,0,365132,309934,107970,66841,32835,33902,0,0,0,0,4410,0,37958,52825,70150,0,0,0,"F2529_mz259.2023_rt1.17",0,365132,365133,TRUE,10,3,0,"Fungi old-associated detection","RT >= 1 min","No MS/MS assignment","Unknown"
2543,0.684,260.19724,"Unknown","[M+H]+","ion correlated with 4471; ion correlated with 1679; ion correlated with 1567; ion correlated with 2363; ion correlated with 817; ion correlated with 2371; ion correlated with 1376",0.286,FALSE,"null","null","null","null","null","null",999,FALSE,FALSE,FALSE,"null","null","null","null","null",1351.29,0,0,0,0,0,0,0,2707320,3660200,3891155,1068838,0,0,0,0,0,390407,642405,375348,1217901,1965374,2432798,0,0,0,0,0,0,"F2543_mz260.1972_rt0.68",0,3891155,3891156,TRUE,10,1,3,"Fungal control-associated detection","Early RT","No MS/MS assignment","Unknown"
2545,0.492,260.19748,"Unknown","[M+H]+","ion correlated with 2729; ion correlated with 1642",0.107,FALSE,"null","null","null","null","null","null",999,FALSE,FALSE,FALSE,"null","null","null","null","null",439.34,0,2821,0,0,0,0,0,598086,727733,997245,95641,0,0,0,0,0,82976,163659,145126,460260,486871,603627,0,0,0,0,0,0,"F2545_mz260.1975_rt0.49",940.333333333333,997245,1059.39730878187,TRUE,10,1,3,"Fungal control-associated detection","Very early RT","No MS/MS assignment","Unknown"
2546,0.983,260.64819,"Unknown","[M+H]+",NA,0.036,FALSE,"null","null","null","null","null","null",999,FALSE,FALSE,FALSE,"null","null","null","null","null",2651.74,0,0,0,0,0,0,0,26349,132587,19483,18780,0,0,0,0,0,8000,27101,0,64909,74933,83090,0,0,0,0,0,0,"F2546_mz260.6482_rt0.98",0,132587,132588,TRUE,9,1,3,"Fungal control-associated detection","Early RT","No MS/MS assignment","Unknown"
2550,0.529,261.03726,"Unknown","[M+H]+","ion correlated with 2175",0.143,FALSE,"null","null","null","null","null","null",999,FALSE,FALSE,FALSE,"null","null","null","null","null",251.52,6961,0,0,0,0,0,0,290977,289242,12978,157276,0,0,1043553,1403839,1115762,35392,147017,31398,266956,209279,196830,48344,34678,0,0,0,0,"F2550_mz261.0373_rt0.53",2320.33333333333,1403839,604.755887421022,TRUE,15,1,3,"Fungal control-associated detection","Early RT","No MS/MS assignment","Unknown"
2553,0.927,261.07391,"Unknown","[M+H]+","ion correlated with 4069; ion correlated with 4514; ion correlated with 3268; ion correlated with 1686; ion correlated with 3389; ion correlated with 3170; ion correlated with 2663; ion correlated with 1393; ion correlated with 3430; ion correlated with 3860; ion correlated with 2902; ion correlated with 2413; ion correlated with 4002; ion correlated with 3955; ion correlated with 4029",0.036,FALSE,"null","null","null","null","null","null",999,FALSE,FALSE,FALSE,"null","null","null","null","null",86.2,31524,0,1270,0,0,0,0,0,13214,0,15146,11746,14710,389577,211336,277871,0,0,0,15430,17239,0,0,0,0,0,0,2376,"F2553_mz261.0739_rt0.93",10931.3333333333,389577,35.6353934811111,TRUE,10,3,1,"Fungi old-associated detection","Early RT","No MS/MS assignment","Unknown"
2561,1.717,261.14896,"Unknown","[M+H]+","ion correlated with 2119; ion correlated with 4982; ion correlated with 2951; ion correlated with 3353; ion correlated with 2677; ion correlated with 3109; ion correlated with 3814; ion correlated with 3259; ion correlated with 3612; ion correlated with 4145; ion correlated with 3001; ion correlated with 3760; similar chromatogram in higher mz_3001",0.107,FALSE,"null","null","null","null","null","null",999,FALSE,FALSE,FALSE,"null","null","null","null","null",23.09,0,0,0,0,0,0,2014,4308,2384,0,0,0,0,161633,103700,158175,0,0,0,0,0,2019,0,0,0,0,0,0,"F2561_mz261.149_rt1.72",0,161633,161634,TRUE,7,0,2,"Fungal control-associated detection","RT >= 1 min","No MS/MS assignment","Unknown"
2563,3.544,261.14941,"Unknown","[M+H]+","ion correlated with 1041; ion correlated with 779; ion correlated with 2014; ion correlated with 2157; ion correlated with 3115; ion correlated with 3702; ion correlated with 376; ion correlated with 741; ion correlated with 1141; ion correlated with 1166; ion correlated with 1379; ion correlated with 1521; ion correlated with 1546; ion correlated with 1893; ion correlated with 2293; ion correlated with 3959; ion correlated with 3318; ion correlated with 3338; ion correlated with 956; ion correlated with 397; ion correlated with 597; ion correlated with 625; ion correlated with 1019; ion correlated with 1190; ion correlated with 1257; ion correlated with 1349; ion correlated with 1630; ion correlated with 1752; ion correlated with 2317; ion correlated with 2448; ion correlated with 2474; ion correlated with 2676; ion correlated with 2746; ion correlated with 2954; ion correlated with 3083; ion correlated with 3098; ion correlated with 3118; ion correlated with 3504; ion correlated with 3745; ion correlated with 5005; ion correlated with 5013; ion correlated with 5038; ion correlated with 5047; ion correlated with 4092; ion correlated with 3515; ion correlated with 3942; ion correlated with 4987",0.036,FALSE,"null","null","null","null","null","null",999,FALSE,FALSE,FALSE,"null","null","null","null","null",66.93,0,0,0,0,0,0,0,0,1526,1727,0,0,0,80851,97141,254041,0,0,0,0,0,0,0,0,0,0,0,0,"F2563_mz261.1494_rt3.54",0,254041,254042,TRUE,5,0,2,"Fungal control-associated detection","RT >= 1 min","No MS/MS assignment","Unknown"
2568,0.917,262.09229,"Unknown","[M+H]+",NA,0.036,FALSE,"null","null","null","null","null","null",999,FALSE,FALSE,FALSE,"null","null","null","null","null",24.75,0,0,0,0,0,0,0,16544,0,0,26822,24612,23133,115935,27589,75200,0,0,0,0,0,0,18847,21626,10610,0,2477,0,"F2568_mz262.0923_rt0.92",0,115935,115936,TRUE,11,3,1,"Fungi old-associated detection","Early RT","No MS/MS assignment","Unknown"
2573,0.44,262.15152,"Unknown","[M+H]+","ion correlated with 2218; ion correlated with 2967; ion correlated with 3643",0.107,FALSE,"null","null","null","null","null","null",999,FALSE,FALSE,FALSE,"null","null","null","null","null",51.24,0,0,0,0,0,0,0,199372,297880,327366,45988,0,0,0,0,0,28052,69220,119695,121233,177238,190888,0,0,0,0,0,0,"F2573_mz262.1515_rt0.44",0,327366,327367,TRUE,10,1,3,"Fungal control-associated detection","Very early RT","No MS/MS assignment","Unknown"
2579,1.336,263.12833,"Unknown","[M+H]+","ion correlated with 3843; ion correlated with 3857",0.071,FALSE,"null","null","null","null","null","null",999,FALSE,FALSE,FALSE,"null","null","null","null","null",44.25,0,2082,0,0,0,2859,1929,7062,0,0,33898,261236,151028,2726,1509,9188,2900,0,6693,2680,0,0,0,0,5741,2626,1637,2429,"F2579_mz263.1283_rt1.34",694,261236,375.880575539568,TRUE,16,3,1,"Fungi old-associated detection","RT >= 1 min","No MS/MS assignment","Unknown"
2581,1.884,263.16461,"Unknown","[M+H]+","ion correlated with 3693; ion correlated with 2401; ion correlated with 3494; ion correlated with 3909; ion correlated with 3995; ion correlated with 3283",0.107,TRUE,"null","null","null","null","null","null",999,FALSE,FALSE,FALSE,"null","null","null","null","null",55.36,0,2150,1574,0,1631,1611,2170,2455,0,0,2666,2233,0,465430,270752,385588,6651,1656,1924,1945,2314,0,1957,1746,0,1538,1685,0,"F2581_mz263.1646_rt1.88",1241.33333333333,465430,374.642607995707,TRUE,18,2,1,"Fungi old-associated detection","RT >= 1 min","MS/MS available","Unknown"
2582,2.08,263.16492,"Unknown","[M+H]+","ion correlated with 378; ion correlated with 742; ion correlated with 957; ion correlated with 1018; ion correlated with 1629; ion correlated with 1658; ion correlated with 420; ion correlated with 628; ion correlated with 995; ion correlated with 1570; ion correlated with 1694; ion correlated with 1719; ion correlated with 2318; ion correlated with 2447; ion correlated with 2950; ion correlated with 4946; ion correlated with 596; ion correlated with 1191; ion correlated with 2158; ion correlated with 2394; ion correlated with 56; ion correlated with 1140; ion correlated with 1468; ion correlated with 3907; ion correlated with 3941; ion correlated with 5039; ion correlated with 4118; ion correlated with 3777; ion correlated with 3851; ion correlated with 3979",0.107,FALSE,"null","null","null","null","null","null",999,FALSE,FALSE,FALSE,"null","null","null","null","null",64.79,0,1406,3872,0,1382,0,2237,0,3911,0,0,1938,2759,529234,390351,388751,2813,2087,2336,0,0,0,3878,2573,2344,1575,1573,1474,"F2582_mz263.1649_rt2.08",1759.33333333333,529234,300.644764249195,TRUE,17,2,1,"Fungi old-associated detection","RT >= 1 min","No MS/MS assignment","Unknown"
2590,0.916,264.16922,"Unknown","[M+H]+","ion correlated with 4044; ion correlated with 2237; ion correlated with 4194; ion correlated with 1933; ion correlated with 845; ion correlated with 4393; ion correlated with 4302; ion correlated with 4005; ion correlated with 4390",0.071,FALSE,"null","null","null","null","null","null",999,FALSE,FALSE,FALSE,"null","null","null","null","null",19.46,0,0,2329,0,4798,6950,7486,150764,133765,172473,7364,0,0,0,0,0,0,36188,40629,74599,133001,152376,0,0,9708,777,2164,7647,"F2590_mz264.1692_rt0.92",776.333333333333,172473,221.879073756432,TRUE,16,1,3,"Fungal control-associated detection","Early RT","No MS/MS assignment","Unknown"
2601,0.859,265.67505,"Unknown","[M+H]+",NA,0.036,FALSE,"null","null","null","null","null","null",999,FALSE,FALSE,FALSE,"null","null","null","null","null",2392.7,0,0,0,0,0,0,0,65502,58395,119635,22248,0,0,0,0,0,0,14273,0,28303,16845,42462,0,0,0,0,0,0,"F2601_mz265.675_rt0.86",0,119635,119636,TRUE,8,1,3,"Fungal control-associated detection","Early RT","No MS/MS assignment","Unknown"
2602,0.398,265.91467,"Unknown","[M+H]+","ion correlated with 2628",0.071,FALSE,"null","null","null","null","null","null",999,FALSE,FALSE,FALSE,"null","null","null","null","null",79.64,0,0,0,0,0,0,0,17996,23446,29237,7894,0,0,166447,112856,81577,8706,20503,7206,18819,21308,19732,51694,19548,31631,0,0,0,"F2602_mz265.9147_rt0.4",0,166447,166448,TRUE,16,1,3,"Fungal control-associated detection","Very early RT","No MS/MS assignment","Unknown"
2603,1.247,265.9678,"Unknown","[M+H]+","ion correlated with 2946; ion correlated with 3235; ion correlated with 1768; ion correlated with 2002; ion correlated with 488; ion correlated with 4899",0.107,TRUE,"null","null","null","null","null","null",999,FALSE,FALSE,FALSE,"null","null","null","null","null",340.17,0,0,0,0,0,0,0,0,0,0,1103751,19112,15106,0,0,0,88597,131004,109815,25102,40052,26639,0,0,0,0,0,0,"F2603_mz265.9678_rt1.25",0,1103751,1103752,TRUE,9,3,0,"Fungi old-associated detection","RT >= 1 min","MS/MS available","Unknown"
2604,0.858,265.98553,"Unknown","[M+H]+","ion correlated with 1450; ion correlated with 1501; similar chromatogram in higher mz_2631; similar chromatogram in higher mz_2629; similar chromatogram in higher mz_2637",0.036,FALSE,"null","null","null","null","null","null",999,FALSE,FALSE,FALSE,"null","null","null","null","null",61.11,0,0,0,0,0,0,0,28869,102452,71324,0,0,0,0,0,0,0,0,13136,21365,59597,0,0,0,0,0,0,0,"F2604_mz265.9855_rt0.86",0,102452,102453,TRUE,6,0,3,"Fungal control-associated detection","Early RT","No MS/MS assignment","Unknown"
2610,0.85,266.67639,"Unknown","[M+H]+",NA,0.036,FALSE,"null","null","null","null","null","null",999,FALSE,FALSE,FALSE,"null","null","null","null","null",84.32,0,0,0,0,0,0,0,35002,29808,131840,27874,0,0,0,0,0,0,0,0,30913,30532,69827,0,0,0,0,0,0,"F2610_mz266.6764_rt0.85",0,131840,131841,TRUE,7,1,3,"Fungal control-associated detection","Early RT","No MS/MS assignment","Unknown"
2614,0.801,267.05936,"Unknown","[M+H]+",NA,0.143,FALSE,"null","null","null","null","null","null",999,FALSE,FALSE,FALSE,"null","null","null","null","null",37.59,0,0,0,0,0,0,0,94944,97772,112818,59267,0,0,0,0,0,42530,45038,32734,139859,133622,142644,0,23582,0,0,0,0,"F2614_mz267.0594_rt0.8",0,142644,142645,TRUE,11,1,3,"Fungal control-associated detection","Early RT","No MS/MS assignment","Unknown"
2618,1.352,267.12079,"Unknown","[M+H]+","ion correlated with 2996; ion correlated with 2121; ion correlated with 3162; ion correlated with 3382; ion correlated with 2747; ion correlated with 3870; ion correlated with 3872; ion correlated with 1599; ion correlated with 3711; ion correlated with 3249",0.071,FALSE,"null","null","null","null","null","null",999,FALSE,FALSE,FALSE,"null","null","null","null","null",47.76,0,2971,2066,0,1957,1994,5897,0,0,0,1494,5779,669,198196,230444,286219,0,0,0,0,0,3002,0,0,0,2413,3702,2029,"F2618_mz267.1208_rt1.35",1679,286219,170.369047619048,TRUE,13,3,0,"Fungi old-associated detection","RT >= 1 min","No MS/MS assignment","Unknown"
2629,0.866,267.98553,"Unknown","[M+H]+","ion correlated with 3499; ion correlated with 4740; ion correlated with 2637; ion correlated with 4846; ion correlated with 3912; ion correlated with 1973; ion correlated with 2074; ion correlated with 1933; similar chromatogram in higher mz_2637",0.107,FALSE,"null","null","null","null","null","null",999,FALSE,FALSE,FALSE,"null","null","null","null","null",82.24,0,0,0,0,0,0,0,98754,175513,115883,20451,0,0,0,0,0,22971,32123,28314,72597,97062,124188,0,0,0,0,0,0,"F2629_mz267.9855_rt0.87",0,175513,175514,TRUE,10,1,3,"Fungal control-associated detection","Early RT","No MS/MS assignment","Unknown"
2637,0.862,268.22333,"Unknown","[M+H]+","ion correlated with 2629",0.143,FALSE,"null","null","null","null","null","null",999,FALSE,FALSE,FALSE,"null","null","null","null","null",62.33,4196,0,0,0,0,0,0,109742,126130,119552,21556,0,0,0,0,0,42860,60258,39895,48713,73637,133565,0,0,0,0,0,0,"F2637_mz268.2233_rt0.86",1398.66666666667,133565,95.4270064301024,TRUE,10,1,3,"Fungal control-associated detection","Early RT","No MS/MS assignment","Unknown"
2639,0.979,268.65793,"Unknown","[M+H]+","ion correlated with 4252; ion correlated with 1933; ion correlated with 845; ion correlated with 2880; ion correlated with 3524; ion correlated with 4393; ion correlated with 4436; ion correlated with 4523; ion correlated with 4397; ion correlated with 3721; ion correlated with 4302; ion correlated with 2515; ion correlated with 4005; ion correlated with 4308; ion correlated with 4390; ion correlated with 1960; ion correlated with 4322; ion correlated with 4125; ion correlated with 4113; ion correlated with 4150; ion correlated with 2228; ion correlated with 4178; ion correlated with 4508",0.214,FALSE,"null","null","null","null","null","null",999,FALSE,FALSE,FALSE,"null","null","null","null","null",3123.4,0,0,0,0,1870,0,0,218767,209154,228459,69643,0,0,0,0,0,20100,37887,27280,157741,145425,177340,0,0,0,0,0,0,"F2639_mz268.6579_rt0.98",0,228459,228460,TRUE,11,1,3,"Fungal control-associated detection","Early RT","No MS/MS assignment","Unknown"
2646,0.952,269.18643,"Unknown","[M+H]+","ion correlated with 2734; ion correlated with 3006; ion correlated with 3015; ion correlated with 4199; ion correlated with 2408; ion correlated with 3677; ion correlated with 4751; ion correlated with 3007",0.036,FALSE,"null","null","null","null","null","null",999,FALSE,FALSE,FALSE,"null","null","null","null","null",40.47,0,0,2214,0,0,0,0,16999,0,0,0,149367,146136,11210,0,0,0,0,0,0,0,11776,0,0,0,0,0,0,"F2646_mz269.1864_rt0.95",738,149367,202.121786197564,TRUE,5,2,1,"Fungi old-associated detection","Early RT","No MS/MS assignment","Unknown"
2663,0.909,271.0751,"Unknown","[M+H]+","ion correlated with 3268; ion correlated with 1686; ion correlated with 3389; ion correlated with 3170; ion correlated with 3860; ion correlated with 2553",0.036,FALSE,"null","null","null","null","null","null",999,FALSE,FALSE,FALSE,"null","null","null","null","null",61.28,0,0,0,0,0,0,1980,44110,0,0,9762,43029,49365,230819,139930,202710,23636,12032,15976,14722,14286,16192,0,0,0,2556,0,0,"F2663_mz271.0751_rt0.91",0,230819,230820,TRUE,15,3,1,"Fungi old-associated detection","Early RT","No MS/MS assignment","Unknown"
2691,0.883,272.69531,"Unknown","[M+H]+",NA,0.071,FALSE,"null","null","null","null","null","null",999,FALSE,FALSE,FALSE,"null","null","null","null","null",2604.68,0,0,0,0,0,0,0,77213,157797,49608,28552,0,0,0,0,0,0,0,0,57978,41577,102672,0,0,0,0,0,0,"F2691_mz272.6953_rt0.88",0,157797,157798,TRUE,7,1,3,"Fungal control-associated detection","Early RT","No MS/MS assignment","Unknown"
2693,1.173,273.07599,"Unknown","[M+H]+",NA,0.107,FALSE,"null","null","null","null","null","null",999,FALSE,FALSE,FALSE,"null","null","null","null","null",11.95,0,0,1837,0,1936,0,0,0,3458,0,51708,138769,118838,275812,118518,159929,0,1280,0,0,0,0,4066,0,8716,0,0,0,"F2693_mz273.076_rt1.17",612.333333333333,275812,449.695108695652,TRUE,11,3,1,"Fungi old-associated detection","RT >= 1 min","No MS/MS assignment","Unknown"
2715,0.446,273.57117,"Unknown","[M+H]+",NA,0.071,FALSE,"null","null","null","null","null","null",999,FALSE,FALSE,FALSE,"null","null","null","null","null",2939.69,0,0,0,0,0,0,0,92530,0,62685,55161,0,0,20619,0,0,77110,156823,137146,23405,64240,96530,20580,72306,51461,0,0,0,"F2715_mz273.5712_rt0.45",0,156823,156824,TRUE,13,1,2,"Fungal control-associated detection","Very early RT","No MS/MS assignment","Unknown"
2728,0.62,274.18759,"Unknown","[M+H]+",NA,0.107,FALSE,"null","null","null","null","null","null",999,FALSE,FALSE,FALSE,"null","null","null","null","null",128.44,0,0,0,0,0,0,0,571227,772783,853880,260379,0,0,0,0,0,75627,267289,154518,514544,760208,899673,0,0,0,0,0,0,"F2728_mz274.1876_rt0.62",0,899673,899674,TRUE,10,1,3,"Fungal control-associated detection","Early RT","No MS/MS assignment","Unknown"
2729,0.49,274.18774,"Unknown","[M+H]+","ion correlated with 2545",0.143,FALSE,"null","null","null","null","null","null",999,FALSE,FALSE,FALSE,"null","null","null","null","null",146.41,0,0,0,0,0,0,0,790432,951883,1685176,152708,0,0,0,0,0,62828,217013,112581,474820,566363,696784,0,0,13117,0,0,0,"F2729_mz274.1877_rt0.49",0,1685176,1685177,TRUE,11,1,3,"Fungal control-associated detection","Very early RT","No MS/MS assignment","Unknown"
2730,0.731,274.18781,"Unknown","[M+H]+","ion correlated with 2363; ion correlated with 817",0.357,TRUE,"null","null","null","null","null","null",999,FALSE,FALSE,FALSE,"null","null","null","null","null",1069.45,0,0,0,0,0,0,0,5692161,8853846,7823380,846020,0,0,0,0,0,825768,1385584,962314,3063176,4449186,4771658,0,0,0,0,0,0,"F2730_mz274.1878_rt0.73",0,8853846,8853847,TRUE,10,1,3,"Fungal control-associated detection","Early RT","MS/MS available","Unknown"
2734,0.894,274.64539,"Unknown","[M+H]+","ion correlated with 4182; ion correlated with 3800; ion correlated with 3006; ion correlated with 4199; ion correlated with 2646",0.036,FALSE,"null","null","null","null","null","null",999,FALSE,FALSE,FALSE,"null","null","null","null","null",3380.48,0,0,0,0,0,0,0,0,0,0,0,169024,94904,0,0,0,0,0,0,0,0,16987,0,0,0,0,0,0,"F2734_mz274.6454_rt0.89",0,169024,169025,TRUE,3,2,0,"Fungi old-associated detection","Early RT","No MS/MS assignment","Unknown"
2738,0.508,275.0531,"Unknown","[M+H]+","ion correlated with 2220; ion correlated with 1701; ion correlated with 2771",0.107,TRUE,"null","null","null","null","null","null",999,FALSE,FALSE,FALSE,"null","null","null","null","null",36798.25,0,0,0,0,0,0,0,48135,0,0,27724,157067,173202,5416444,1542775,3413198,0,0,0,0,74984,44429,34731,81642,56045,0,0,0,"F2738_mz275.0531_rt0.51",0,5416444,5416445,TRUE,12,3,1,"Fungi old-associated detection","Early RT","MS/MS available","Unknown"
2747,1.359,275.16473,"Unknown","[M+H]+","ion correlated with 2996; ion correlated with 4892; ion correlated with 2618; ion correlated with 3162; ion correlated with 3382; ion correlated with 1288; ion correlated with 3870; ion correlated with 4967; ion correlated with 3795; ion correlated with 1599; ion correlated with 3655; ion correlated with 3711; ion correlated with 3249",0.036,FALSE,"null","null","null","null","null","null",999,FALSE,FALSE,FALSE,"null","null","null","null","null",14.12,0,0,1521,0,0,0,0,0,0,0,3024,5548,8371,139683,98952,193299,0,0,0,0,0,0,0,0,0,0,0,0,"F2747_mz275.1647_rt1.36",507,193299,380.511811023622,TRUE,6,3,0,"Fungi old-associated detection","RT >= 1 min","No MS/MS assignment","Unknown"
2751,2.019,275.20105,"Unknown","[M+H]+","ion correlated with 378; ion correlated with 742; ion correlated with 957; ion correlated with 1629; ion correlated with 1658; ion correlated with 797; ion correlated with 420; ion correlated with 628; ion correlated with 995; ion correlated with 1570; ion correlated with 1694; ion correlated with 1719; ion correlated with 2137; ion correlated with 2318; ion correlated with 2447; ion correlated with 596; ion correlated with 1191; ion correlated with 2158",0.107,FALSE,"null","null","null","null","null","null",999,FALSE,FALSE,FALSE,"null","null","null","null","null",26.14,0,0,0,0,0,0,0,30642,32194,31098,4414,0,0,272049,238465,295942,2893,3725,0,17552,21909,20327,0,0,0,0,0,0,"F2751_mz275.201_rt2.02",0,295942,295943,TRUE,12,1,3,"Fungal control-associated detection","RT >= 1 min","No MS/MS assignment","Unknown"
2782,5.698,277.18042,"Unknown","[M+H]+","ion correlated with 2949; ion correlated with 4078; ion correlated with 4085; ion correlated with 3933; ion correlated with 3578; ion correlated with 1467; ion correlated with 4812; ion correlated with 4852",0.071,FALSE,"null","null","null","null","null","null",999,FALSE,FALSE,FALSE,"null","null","null","null","null",20.65,0,0,0,0,0,0,0,2429,2832,0,0,0,0,129392,101673,127667,0,0,1349,0,0,1434,28857,24168,21821,0,0,0,"F2782_mz277.1804_rt5.7",0,129392,129393,TRUE,10,0,2,"Fungal control-associated detection","RT >= 1 min","No MS/MS assignment","Unknown"
2783,3.945,277.21661,"Unknown","[M+H]+","ion correlated with 3026; ion correlated with 3315; similar chromatogram in higher mz_3026; similar chromatogram in higher mz_4705; similar chromatogram in higher mz_3315",0.107,FALSE,"null","null","null","null","null","null",999,FALSE,FALSE,FALSE,"null","null","null","null","null",13.62,0,0,0,0,0,0,0,0,1790,2111,0,2084,0,11729,0,4230,0,0,1530,2064,2024,1614,173374,142323,105240,0,0,0,"F2783_mz277.2166_rt3.94",0,173374,173375,TRUE,12,1,2,"Fungal control-associated detection","RT >= 1 min","No MS/MS assignment","Unknown"
2794,0.908,278.67667,"Unknown","[M+H]+",NA,0.214,FALSE,"null","null","null","null","null","null",999,FALSE,FALSE,FALSE,"null","null","null","null","null",4479.82,0,0,0,0,0,0,0,159023,490919,248617,100878,0,0,0,0,0,41352,59262,84966,179490,68889,165018,0,0,0,0,0,0,"F2794_mz278.6767_rt0.91",0,490919,490920,TRUE,10,1,3,"Fungal control-associated detection","Early RT","No MS/MS assignment","Unknown"
2798,0.454,279.047,"Unknown","[M+H]+","ion correlated with 3029; ion correlated with 538; ion correlated with 2384; ion correlated with 2405; ion correlated with 422; ion correlated with 2366; ion correlated with 1362; ion correlated with 1072",0.143,FALSE,"null","null","null","null","null","null",999,FALSE,FALSE,FALSE,"null","null","null","null","null",28.46,0,0,0,0,0,0,0,47278,0,0,53811,34314,21500,585377,456508,490647,0,70818,31887,54192,0,26026,230791,107253,177721,0,0,0,"F2798_mz279.047_rt0.45",0,585377,585378,TRUE,14,3,1,"Fungi old-associated detection","Very early RT","No MS/MS assignment","Unknown"
2799,1.158,279.07709,"Unknown","[M+H]+","ion correlated with 1519; ion correlated with 2619; ion correlated with 1003",0.071,TRUE,"null","null","null","null","null","null",999,FALSE,FALSE,FALSE,"null","null","null","null","null",99.86,0,0,0,0,0,1974,1798,0,4337,0,57999,1202614,1001095,0,0,0,0,0,0,4022,3308,4300,0,0,0,0,1514,0,"F2799_mz279.0771_rt1.16",0,1202614,1202615,TRUE,10,3,1,"Fungi old-associated detection","RT >= 1 min","MS/MS available","Unknown"
2809,1.268,279.94705,"Unknown","[M+H]+","ion correlated with 2930",0.107,FALSE,"null","null","null","null","null","null",999,FALSE,FALSE,FALSE,"null","null","null","null","null",153.22,0,0,0,0,0,0,0,0,0,0,209919,157723,128058,2972,0,0,0,0,0,0,0,0,0,0,0,0,0,0,"F2809_mz279.947_rt1.27",0,209919,209920,TRUE,4,3,0,"Fungi old-associated detection","RT >= 1 min","No MS/MS assignment","Unknown"
2823,0.421,281.05008,"Unknown","[M+H]+",NA,0.214,FALSE,"null","null","null","null","null","null",999,FALSE,FALSE,FALSE,"null","null","null","null","null",25.56,36927,22234,19982,0,34484,29308,47954,14051,39769,10362,27954,0,0,274802,490114,279326,31135,14986,30244,31017,13735,11265,173948,187612,126903,34339,42452,30800,"F2823_mz281.0501_rt0.42",26381,490114,18.5776286862255,TRUE,22,1,3,"Fungal control-associated detection","Very early RT","No MS/MS assignment","Unknown"
2825,0.531,281.07169,"Unknown","[M+H]+",NA,0.036,FALSE,"null","null","null","null","null","null",999,FALSE,FALSE,FALSE,"null","null","null","null","null",22.28,0,0,0,0,0,0,0,36646,198186,106024,61559,0,0,0,0,0,0,0,16604,48664,14843,38183,0,0,0,0,0,0,"F2825_mz281.0717_rt0.53",0,198186,198187,TRUE,8,1,3,"Fungal control-associated detection","Early RT","No MS/MS assignment","Unknown"
2830,0.787,281.16119,"Unknown","[M+H]+","ion correlated with 4437; ion correlated with 4045",0.036,FALSE,"null","null","null","null","null","null",999,FALSE,FALSE,FALSE,"null","null","null","null","null",27.18,0,0,0,0,0,0,0,138085,127667,172198,42554,0,0,0,0,0,0,0,0,40642,133174,110025,0,0,0,0,3050,0,"F2830_mz281.1612_rt0.79",0,172198,172199,TRUE,8,1,3,"Fungal control-associated detection","Early RT","No MS/MS assignment","Unknown"
2832,0.453,282.08725,"Unknown","[M+2H]2+",NA,0.214,FALSE,"null","null","null","null","null","null",999,FALSE,FALSE,FALSE,"null","null","null","null","null",131.92,0,0,0,0,2844,0,0,609412,750354,903626,459780,0,0,21785,65208,119043,399274,699992,706381,606720,696394,586409,346473,753312,1566492,0,0,0,"F2832_mz282.0872_rt0.45",0,1566492,1566493,TRUE,17,1,3,"Fungal control-associated detection","Very early RT","No MS/MS assignment","Unknown"
2859,0.777,284.17099,"Unknown","[M+H]+",NA,0.071,FALSE,"null","null","null","null","null","null",999,FALSE,FALSE,FALSE,"null","null","null","null","null",45.7,4578,30656,27829,0,28804,29896,20092,21316,0,0,14228,0,27608,164978,261892,169472,0,13625,0,60852,14906,0,0,7776,19436,26892,25152,27871,"F2859_mz284.171_rt0.78",21021,261892,12.458043953953,TRUE,17,2,1,"Fungi old-associated detection","Early RT","No MS/MS assignment","Unknown"
2880,0.931,285.68494,"Unknown","[M+H]+","ion correlated with 4044; ion correlated with 90; ion correlated with 4735; ion correlated with 3912; ion correlated with 2237; ion correlated with 4243; ion correlated with 1933; ion correlated with 2319; ion correlated with 845; ion correlated with 3524; ion correlated with 4393; ion correlated with 4302; ion correlated with 2515; ion correlated with 4005; ion correlated with 4308; ion correlated with 4390; ion correlated with 4449; ion correlated with 4322; ion correlated with 2639; ion correlated with 4607; ion correlated with 4083; ion correlated with 4125; ion correlated with 4468; ion correlated with 4113",0.214,FALSE,"null","null","null","null","null","null",999,FALSE,FALSE,FALSE,"null","null","null","null","null",2702.1,0,0,0,0,0,0,0,115758,163447,166702,62488,0,0,0,0,0,35893,45780,0,105312,136769,122641,0,0,0,0,0,0,"F2880_mz285.6849_rt0.93",0,166702,166703,TRUE,9,1,3,"Fungal control-associated detection","Early RT","No MS/MS assignment","Unknown"
2885,0.484,286.09235,"Unknown","[M+H]+",NA,0.071,FALSE,"null","null","null","null","null","null",999,FALSE,FALSE,FALSE,"null","null","null","null","null",83.83,0,0,0,0,0,0,0,0,0,0,0,131455,160593,24968,60914,0,0,0,0,0,0,35991,0,18309,0,0,0,0,"F2885_mz286.0924_rt0.48",0,160593,160594,TRUE,6,2,0,"Fungi old-associated detection","Very early RT","No MS/MS assignment","Unknown"
2886,0.698,286.09753,"Unknown","[M+H]+","ion correlated with 3184; ion correlated with 1548",0.179,FALSE,"null","null","null","null","null","null",999,FALSE,FALSE,FALSE,"null","null","null","null","null",837.23,0,0,0,0,0,0,0,121268,187765,213161,0,55576,0,0,0,0,0,0,0,23016,135424,161780,0,0,0,0,0,0,"F2886_mz286.0975_rt0.7",0,213161,213162,TRUE,7,1,3,"Fungal control-associated detection","Early RT","No MS/MS assignment","Unknown"
2892,7.385,286.22964,"Unknown","[M+H]+","ion correlated with 2915",0.107,FALSE,"null","null","null","null","null","null",999,FALSE,FALSE,FALSE,"null","null","null","null","null",26.16,1319,1331,2367,0,1079,0,1312,1545,1361,1625,1813,0,0,100370,103821,98854,2543,1232,0,0,0,1016,99729,114920,126392,1182,0,1286,"F2892_mz286.2296_rt7.38",1672.33333333333,126392,75.5336653386454,TRUE,17,1,3,"Fungal control-associated detection","RT >= 1 min","No MS/MS assignment","Unknown"
2893,1.982,286.27469,"Unknown","[M+H]+",NA,0.071,FALSE,"null","null","null","null","null","null",999,FALSE,FALSE,FALSE,"null","null","null","null","null",40.03,0,0,0,0,0,0,0,13146,3132,0,1964,0,0,0,0,0,32229,60442,43798,94471,148591,145546,0,0,0,0,0,0,"F2893_mz286.2747_rt1.98",0,148591,148592,TRUE,9,1,2,"Fungal control-associated detection","RT >= 1 min","No MS/MS assignment","Unknown"
2894,2.147,286.27472,"Unknown","[M+H]+",NA,0.143,TRUE,"null","null","null","null","null","null",999,FALSE,FALSE,FALSE,"null","null","null","null","null",70.74,2716,0,0,0,0,0,0,24711,8985,8946,0,0,0,0,2100,0,73506,134902,97364,218848,300252,327787,0,0,0,0,0,0,"F2894_mz286.2747_rt2.15",905.333333333333,327787,361.663847002574,TRUE,10,0,3,"Fungal control-associated detection","RT >= 1 min","MS/MS available","Unknown"
2901,0.872,287.07666,"Unknown","[M+H]+",NA,0.214,FALSE,"null","null","null","null","null","null",999,FALSE,FALSE,FALSE,"null","null","null","null","null",106.39,0,0,0,0,0,0,0,157898,130410,128185,110017,0,0,0,0,0,86261,129390,54253,121194,93083,225131,0,0,0,0,0,0,"F2901_mz287.0767_rt0.87",0,225131,225132,TRUE,10,1,3,"Fungal control-associated detection","Early RT","No MS/MS assignment","Unknown"
2910,1.358,287.20111,"Unknown","[M+H]+","ion correlated with 2648",0.107,TRUE,"null","null","null","null","null","null",999,FALSE,FALSE,FALSE,"null","null","null","null","null",2902.25,0,0,0,0,0,0,0,0,0,0,3815,2883,0,20467998,12344905,17819494,0,0,0,0,0,0,14911,0,0,0,0,0,"F2910_mz287.2011_rt1.36",0,20467998,20467999,TRUE,6,2,0,"Fungi old-associated detection","RT >= 1 min","MS/MS available","Unknown"
2916,0.878,287.66364,"Unknown","[M+H]+","ion correlated with 4826; ion correlated with 2438",0.036,FALSE,"null","null","null","null","null","null",999,FALSE,FALSE,FALSE,"null","null","null","null","null",2462.72,0,0,0,0,0,0,0,48962,123136,51773,54437,0,0,0,0,0,0,0,0,0,62248,78996,0,0,0,0,0,0,"F2916_mz287.6636_rt0.88",0,123136,123137,TRUE,6,1,3,"Fungal control-associated detection","Early RT","No MS/MS assignment","Unknown"
2920,0.525,287.97827,"Unknown","[M+H]+",NA,0.071,FALSE,"null","null","null","null","null","null",999,FALSE,FALSE,FALSE,"null","null","null","null","null",8565.12,0,0,0,0,0,0,0,0,0,0,0,46459,33776,0,0,0,93327,62003,107666,0,0,0,500913,358384,355599,0,0,0,"F2920_mz287.9783_rt0.52",0,500913,500914,TRUE,8,2,0,"Fungi old-associated detection","Early RT","No MS/MS assignment","Unknown"
2927,0.507,288.20303,"Unknown","[M+H]+","ion correlated with 3643",0.071,FALSE,"null","null","null","null","null","null",999,FALSE,FALSE,FALSE,"null","null","null","null","null",283.5,0,3032,0,0,0,0,0,147897,194410,427572,0,0,0,0,0,0,0,0,43819,147902,173842,178297,0,0,0,0,0,0,"F2927_mz288.203_rt0.51",1010.66666666667,427572,422.642174629325,TRUE,7,0,3,"Fungal control-associated detection","Early RT","No MS/MS assignment","Unknown"
2930,1.251,288.21744,"Unknown","[M+H]+","ion correlated with 2809",0.036,FALSE,"null","null","null","null","null","null",999,FALSE,FALSE,FALSE,"null","null","null","null","null",149.48,7419,2434,3641,0,5173,4975,7804,0,0,0,149789,76313,58859,3334,0,0,3764,10393,9151,3614,3057,0,0,0,1998,6132,7964,5022,"F2930_mz288.2174_rt1.25",4498,149789,33.2940653478551,TRUE,16,3,0,"Fungi old-associated detection","RT >= 1 min","No MS/MS assignment","Unknown"
2935,1.869,288.29022,"Unknown","[M+H]+","ion correlated with 2330",0.25,TRUE,"null","null","null","null","null","null",999,FALSE,FALSE,FALSE,"null","null","null","null","null",234.72,12112,1570,4334,0,3302,1486,1448,61497,40930,33354,15709,0,0,24795,21955,15451,185843,331238,241571,459729,796060,880806,205998,85568,59620,3687,1827,4250,"F2935_mz288.2902_rt1.87",6005.33333333333,880806,146.646373272657,TRUE,22,1,3,"Fungal control-associated detection","RT >= 1 min","MS/MS available","Unknown"
2945,0.446,289.16177,"Unknown","[M+H]+",NA,0.036,FALSE,"null","null","null","null","null","null",999,FALSE,FALSE,FALSE,"null","null","null","null","null",40.37,0,0,0,0,0,0,0,95420,108043,184724,22411,0,0,0,0,0,8641,53132,0,0,55321,77080,0,0,0,0,0,0,"F2945_mz289.1618_rt0.45",0,184724,184725,TRUE,8,1,3,"Fungal control-associated detection","Very early RT","No MS/MS assignment","Unknown"
2946,1.189,289.17636,"Unknown","[M+H]+","ion correlated with 2707; ion correlated with 2358",0.107,TRUE,"null","null","null","null","null","null",999,FALSE,FALSE,FALSE,"null","null","null","null","null",1503.42,0,0,0,0,0,0,0,2153,0,0,13346498,1298437,776030,75578,15355,41024,47529,126733,52858,13041,41244,7888,0,0,0,0,0,0,"F2946_mz289.1764_rt1.19",0,13346498,13346499,TRUE,13,3,1,"Fungi old-associated detection","RT >= 1 min","MS/MS available","Unknown"
2952,1.279,289.21667,"Unknown","[M+H]+","ion correlated with 4381; ion correlated with 3563; ion correlated with 3934; ion correlated with 3051; ion correlated with 3284; ion correlated with 4031; ion correlated with 4416; ion correlated with 3321; ion correlated with 4511; ion correlated with 4786; ion correlated with 2898; ion correlated with 3502; ion correlated with 4842; ion correlated with 4908",0.107,FALSE,"null","null","null","null","null","null",999,FALSE,FALSE,FALSE,"null","null","null","null","null",9.52,0,0,0,0,0,0,0,0,0,0,22216,6693,8554,235747,127378,192824,2540,0,0,0,0,0,0,0,0,0,0,0,"F2952_mz289.2167_rt1.28",0,235747,235748,TRUE,7,3,0,"Fungi old-associated detection","RT >= 1 min","No MS/MS assignment","Unknown"
2967,0.414,291.01245,"Unknown","[M+H]+","ion correlated with 2218; ion correlated with 2241; ion correlated with 2737; ion correlated with 3590; ion correlated with 3769; ion correlated with 1965; ion correlated with 1045; ion correlated with 2573; ion correlated with 4401; ion correlated with 1475",0.286,FALSE,"null","null","null","null","null","null",999,FALSE,FALSE,FALSE,"null","null","null","null","null",1802.66,0,0,0,0,0,0,0,215429,325954,277535,101341,0,0,0,0,0,75854,134459,98837,192232,244334,264597,0,0,0,0,0,0,"F2967_mz291.0124_rt0.41",0,325954,325955,TRUE,10,1,3,"Fungal control-associated detection","Very early RT","No MS/MS assignment","Unknown"
2971,0.49,291.13034,"Unknown","[M+H]+",NA,0.214,FALSE,"null","null","null","null","null","null",999,FALSE,FALSE,FALSE,"null","null","null","null","null",298.89,0,0,0,0,0,0,0,0,40602,0,0,65746,73040,946548,2808958,1152576,0,29183,0,0,121416,0,424708,506708,281964,0,0,0,"F2971_mz291.1303_rt0.49",0,2808958,2808959,TRUE,11,2,1,"Fungi old-associated detection","Very early RT","No MS/MS assignment","Unknown"
2974,0.479,291.15515,"Unknown","[M+H]+",NA,0.071,FALSE,"null","null","null","null","null","null",999,FALSE,FALSE,FALSE,"null","null","null","null","null",96.92,0,0,0,0,0,0,0,38428,0,0,0,133654,95357,0,0,0,0,0,37683,0,0,20240,200372,439965,364748,0,0,0,"F2974_mz291.1552_rt0.48",0,439965,439966,TRUE,8,2,1,"Fungi old-associated detection","Very early RT","No MS/MS assignment","Unknown"
2976,2.536,291.19598,"Unknown","[M+H]+","ion correlated with 3670",0.107,TRUE,"null","null","null","null","null","null",999,FALSE,FALSE,FALSE,"null","null","null","null","null",70.22,0,0,2346,0,2010,1992,1845,2196,2428,2618,0,0,0,279045,340133,257631,1539,2474,1810,1672,0,3734,73318,51416,40459,3501,3229,0,"F2976_mz291.196_rt2.54",782,340133,434.39846743295,TRUE,19,0,3,"Fungal control-associated detection","RT >= 1 min","MS/MS available","Unknown"
2987,0.437,292.19843,"Unknown","[M+H]+",NA,0.429,FALSE,"null","null","null","null","null","null",999,FALSE,FALSE,FALSE,"null","null","null","null","null",135.64,0,0,0,0,0,9696,0,371473,598306,1062404,236897,0,0,74901,241581,117648,158609,110486,192566,65582,125686,88245,402907,323748,164908,0,0,0,"F2987_mz292.1984_rt0.44",0,1062404,1062405,TRUE,17,1,3,"Fungal control-associated detection","Very early RT","No MS/MS assignment","Unknown"
2990,0.473,292.94244,"Unknown","[M+H]+",NA,0.107,FALSE,"null","null","null","null","null","null",999,FALSE,FALSE,FALSE,"null","null","null","null","null",1819.39,0,0,0,0,92299,61380,71822,27995,51376,33062,17136,0,0,62285,54702,9884,0,24683,9663,31784,0,23391,0,0,0,115395,151852,122739,"F2990_mz292.9424_rt0.47",0,151852,151853,TRUE,17,1,3,"Fungal control-associated detection","Very early RT","No MS/MS assignment","Unknown"
2991,0.475,293.0636,"Unknown","[M+H]+","ion correlated with 1072; ion correlated with 841",0.214,FALSE,"null","null","null","null","null","null",999,FALSE,FALSE,FALSE,"null","null","null","null","null",56.25,8282,0,0,0,0,0,0,38851,0,72515,68733,0,0,1249394,699138,897895,0,0,0,0,0,0,304883,384972,704684,0,0,0,"F2991_mz293.0636_rt0.48",2760.66666666667,1249394,452.406155703078,TRUE,9,1,2,"Fungal control-associated detection","Very early RT","No MS/MS assignment","Unknown"
3006,0.894,294.02054,"Unknown","[M+H]+","ion correlated with 3800; ion correlated with 3015; ion correlated with 2634; ion correlated with 2325; ion correlated with 1552; ion correlated with 4751",0.071,FALSE,"null","null","null","null","null","null",999,FALSE,FALSE,FALSE,"null","null","null","null","null",3219.75,0,0,0,0,0,0,0,0,0,0,57453,309901,249532,0,0,0,0,0,0,0,0,0,0,0,0,0,0,0,"F3006_mz294.0205_rt0.89",0,309901,309902,TRUE,3,3,0,"Fungi old-associated detection","Early RT","No MS/MS assignment","Unknown"
3007,1.001,294.04367,"Unknown","[M+H]+","ion correlated with 2325; ion correlated with 1552; ion correlated with 4751; ion correlated with 3243; ion correlated with 4289",0.071,FALSE,"null","null","null","null","null","null",999,FALSE,FALSE,FALSE,"null","null","null","null","null",4203.04,0,0,0,0,0,0,0,0,0,0,99013,405250,311124,10963,0,0,0,0,0,0,0,0,0,0,0,0,0,0,"F3007_mz294.0437_rt1",0,405250,405251,TRUE,4,3,0,"Fungi old-associated detection","RT >= 1 min","No MS/MS assignment","Unknown"
3015,0.894,294.29495,"Unknown","[M+H]+","ion correlated with 3800; ion correlated with 3006; ion correlated with 2634; ion correlated with 2646; ion correlated with 1552; ion correlated with 4751",0.071,FALSE,"null","null","null","null","null","null",999,FALSE,FALSE,FALSE,"null","null","null","null","null",110.22,0,0,0,0,0,0,0,45980,0,0,0,308296,300546,0,0,0,0,0,0,0,0,0,0,0,0,0,0,0,"F3015_mz294.2949_rt0.89",0,308296,308297,TRUE,3,2,1,"Fungi old-associated detection","Early RT","No MS/MS assignment","Unknown"
3016,0.905,294.6716,"Unknown","[M+H]+",NA,0.071,FALSE,"null","null","null","null","null","null",999,FALSE,FALSE,FALSE,"null","null","null","null","null",3736.24,0,0,0,0,0,0,0,94931,153858,254237,78653,0,0,0,0,0,0,10807,34575,27147,119387,185642,0,0,0,0,0,0,"F3016_mz294.6716_rt0.9",0,254237,254238,TRUE,9,1,3,"Fungal control-associated detection","Early RT","No MS/MS assignment","Unknown"
3017,0.851,294.67691,"Unknown","[M+H]+",NA,0.036,FALSE,"null","null","null","null","null","null",999,FALSE,FALSE,FALSE,"null","null","null","null","null",2321.41,0,0,0,0,0,0,0,116071,90500,78338,23664,0,0,0,0,0,0,21596,0,14433,54213,58434,0,0,0,0,0,0,"F3017_mz294.6769_rt0.85",0,116071,116072,TRUE,8,1,3,"Fungal control-associated detection","Early RT","No MS/MS assignment","Unknown"
3019,0.436,294.85541,"Unknown","[M+H]+",NA,0.143,FALSE,"null","null","null","null","null","null",999,FALSE,FALSE,FALSE,"null","null","null","null","null",70.06,7684,0,0,0,0,0,6601,124927,137105,115468,60417,0,0,46031,20206,0,0,16232,0,41511,81731,156663,0,0,0,0,0,8933,"F3019_mz294.8554_rt0.44",2561.33333333333,156663,61.1411473917003,TRUE,12,1,3,"Fungal control-associated detection","Very early RT","No MS/MS assignment","Unknown"
3022,1.124,295.11826,"Unknown","[M+H]+","ion correlated with 3349; ion correlated with 3757; ion correlated with 3536; ion correlated with 4098; ion correlated with 4310; ion correlated with 3876; ion correlated with 4575; ion correlated with 598; ion correlated with 4597; ion correlated with 4693; ion correlated with 3638; ion correlated with 4167; ion correlated with 4019; ion correlated with 3194; ion correlated with 4640; ion correlated with 4223; ion correlated with 4153; ion correlated with 4618; ion correlated with 4333; ion correlated with 4192; ion correlated with 4307; ion correlated with 4250; ion correlated with 4110; ion correlated with 4080; ion correlated with 2740; ion correlated with 4003; ion correlated with 3957; ion correlated with 4960; ion correlated with 4041",0.071,FALSE,"null","null","null","null","null","null",999,FALSE,FALSE,FALSE,"null","null","null","null","null",47.65,0,2700,6219,0,13459,13282,11513,0,4971,0,0,10296,4094,190827,227804,202664,3569,0,0,0,0,4786,4764,0,0,18498,14130,11497,"F3022_mz295.1183_rt1.12",2973,227804,76.5988567585743,TRUE,15,2,1,"Fungi old-associated detection","RT >= 1 min","No MS/MS assignment","Unknown"
3039,0.43,296.81378,"Unknown","[M+H]+","ion correlated with 4476",0.071,FALSE,"null","null","null","null","null","null",999,FALSE,FALSE,FALSE,"null","null","null","null","null",62.53,0,0,0,0,0,0,0,22178,37776,8008,0,0,4093,128104,58011,126035,0,0,0,0,11864,19812,0,0,0,19428,16762,15387,"F3039_mz296.8138_rt0.43",0,128104,128105,TRUE,12,1,3,"Fungal control-associated detection","Very early RT","No MS/MS assignment","Unknown"
3050,1.459,297.18546,"Unknown","[M+H]+","ion correlated with 4926; ion correlated with 3925; ion correlated with 3440; ion correlated with 3556; ion correlated with 5120; ion correlated with 3110; ion correlated with 4134; ion correlated with 1404; ion correlated with 5155; ion correlated with 3505",0.036,FALSE,"null","null","null","null","null","null",999,FALSE,FALSE,FALSE,"null","null","null","null","null",3.32,0,0,0,0,0,0,0,0,0,0,2783,2682,0,167311,83388,164200,0,0,0,0,0,0,0,0,0,0,0,0,"F3050_mz297.1855_rt1.46",0,167311,167312,TRUE,5,2,0,"Fungi old-associated detection","RT >= 1 min","No MS/MS assignment","Unknown"
3054,0.437,298.03088,"Unknown","[M+H]+","ion correlated with 1790; ion correlated with 3622; ion correlated with 3665; ion correlated with 3145; ion correlated with 3242; ion correlated with 3306; ion correlated with 2397; ion correlated with 3936; ion correlated with 4610; ion correlated with 1535; ion correlated with 3182",0.071,FALSE,"null","null","null","null","null","null",999,FALSE,FALSE,FALSE,"null","null","null","null","null",32.55,0,0,0,0,0,0,0,13628,0,0,20035,149299,131495,0,0,0,6239,9060,0,8639,11372,0,0,7356,0,0,0,0,"F3054_mz298.0309_rt0.44",0,149299,149300,TRUE,9,3,1,"Fungi old-associated detection","Very early RT","No MS/MS assignment","Unknown"
3055,0.449,298.06369,"Unknown","[M+H]+",NA,0.143,FALSE,"null","null","null","null","null","null",999,FALSE,FALSE,FALSE,"null","null","null","null","null",37.5,0,0,0,0,0,0,0,144059,183672,216284,77640,0,0,0,26027,30698,102668,79589,104486,60301,91459,53135,32733,26673,111162,0,0,0,"F3055_mz298.0637_rt0.45",0,216284,216285,TRUE,15,1,3,"Fungal control-associated detection","Very early RT","No MS/MS assignment","Unknown"
3056,0.973,298.09741,"Unknown","[M+H]+","ion correlated with 3580; ion correlated with 4037; ion correlated with 4687; ion correlated with 3662",0.214,TRUE,"null","null","null","null","null","null",999,FALSE,FALSE,FALSE,"null","null","null","null","null",37.11,0,3951,4148,0,7599,3638,4092,0,0,0,100062,54560,15956,402275,401369,620767,0,0,23027,0,0,0,66570,121523,145332,4548,3577,3906,"F3056_mz298.0974_rt0.97",2699.66666666667,620767,229.857319180449,TRUE,16,3,0,"Fungi old-associated detection","Early RT","MS/MS available","Unknown"
3057,0.484,298.11426,"Unknown","[M+H]+","ion correlated with 253",0.036,FALSE,"null","null","null","null","null","null",999,FALSE,FALSE,FALSE,"null","null","null","null","null",28.2,0,0,0,0,0,0,0,55668,0,0,152467,210988,221730,22201,0,0,0,0,0,0,0,37032,0,0,0,0,0,0,"F3057_mz298.1143_rt0.48",0,221730,221731,TRUE,6,3,1,"Fungi old-associated detection","Very early RT","No MS/MS assignment","Unknown"
3061,0.512,298.15021,"Unknown","[M+H]+",NA,0.036,FALSE,"null","null","null","null","null","null",999,FALSE,FALSE,FALSE,"null","null","null","null","null",55.48,0,0,0,0,0,0,0,91257,204649,152940,60124,0,0,0,0,0,0,0,0,0,0,59956,0,0,0,0,0,0,"F3061_mz298.1502_rt0.51",0,204649,204650,TRUE,5,1,3,"Fungal control-associated detection","Early RT","No MS/MS assignment","Unknown"
3064,2.399,298.27448,"Unknown","[M+H]+","ion correlated with 3966; similar chromatogram in higher mz_3924",0.107,TRUE,"null","null","null","null","null","null",999,FALSE,FALSE,FALSE,"null","null","null","null","null",83.41,0,0,0,0,0,0,0,0,0,0,0,1892,1618,18802,12072,13653,0,0,0,15786,0,0,284048,371786,307687,0,0,0,"F3064_mz298.2745_rt2.4",0,371786,371787,TRUE,9,2,0,"Fungi old-associated detection","RT >= 1 min","MS/MS available","Unknown"
3066,0.968,298.52005,"Unknown","[M+H]+",NA,0.071,FALSE,"null","null","null","null","null","null",999,FALSE,FALSE,FALSE,"null","null","null","null","null",1310.05,0,0,0,0,0,0,0,0,16732,143823,28831,0,0,0,0,0,0,0,0,0,125863,83106,0,0,0,0,0,0,"F3066_mz298.5201_rt0.97",0,143823,143824,TRUE,5,1,2,"Fungal control-associated detection","Early RT","No MS/MS assignment","Unknown"
3069,0.451,298.99341,"Unknown","[M+H]+","ion correlated with 3829; ion correlated with 4413; ion correlated with 3508; ion correlated with 4249; ion correlated with 3095; ion correlated with 998; ion correlated with 1091; ion correlated with 1872; ion correlated with 4124; ion correlated with 1926; ion correlated with 2348",0.107,FALSE,"null","null","null","null","null","null",999,FALSE,FALSE,FALSE,"null","null","null","null","null",191.04,0,0,0,0,0,0,0,0,7860,0,0,6802,7511,289366,387518,297058,0,16963,0,21025,33262,34831,28363,22096,41259,8718,3758,0,"F3069_mz298.9934_rt0.45",0,387518,387519,TRUE,15,2,1,"Fungi old-associated detection","Very early RT","No MS/MS assignment","Unknown"
3078,1.522,299.20099,"Unknown","[M+H]+","ion correlated with 5095; ion correlated with 3298; ion correlated with 5127; ion correlated with 3111; ion correlated with 3355",0.036,TRUE,"null","null","null","null","null","null",999,FALSE,FALSE,FALSE,"null","null","null","null","null",47.81,0,0,0,0,0,0,0,0,2762,2450,2050,0,0,1385954,1138134,1367550,0,0,0,0,0,2380,3077,1881,2540,0,0,0,"F3078_mz299.201_rt1.52",0,1385954,1385955,TRUE,10,1,2,"Fungal control-associated detection","RT >= 1 min","MS/MS available","Unknown"
3079,2.083,299.20102,"Unknown","[M+H]+","ion correlated with 1751; ion correlated with 2381; ion correlated with 2674; ion correlated with 3503; ion correlated with 3746; ion correlated with 5004; ion correlated with 5012; ion correlated with 3703",0.107,TRUE,"null","null","null","null","null","null",999,FALSE,FALSE,FALSE,"null","null","null","null","null",521.02,0,0,0,0,0,0,0,2305,1900,3062,0,0,1644,12415159,8761743,15007958,0,0,0,0,0,1980,24261,4143,9211,0,0,0,"F3079_mz299.201_rt2.08",0,15007958,15007959,TRUE,11,1,3,"Fungal control-associated detection","RT >= 1 min","MS/MS available","Unknown"
3080,1.302,299.20102,"Unknown","[M+H]+","ion correlated with 3284; ion correlated with 2423; ion correlated with 2648; ion correlated with 2910; ion correlated with 3611",0.107,TRUE,"null","null","null","null","null","null",999,FALSE,FALSE,FALSE,"null","null","null","null","null",157.08,0,0,0,0,0,0,0,0,0,4036,46546,11814,13689,5057772,2426170,3593567,0,0,0,0,0,0,0,0,2725,0,0,0,"F3080_mz299.201_rt1.3",0,5057772,5057773,TRUE,8,3,1,"Fungi old-associated detection","RT >= 1 min","MS/MS available","Unknown"
3095,0.448,301.01776,"Unknown","[M+H]+","ion correlated with 3829; ion correlated with 4413; ion correlated with 1230; ion correlated with 3069; ion correlated with 998; ion correlated with 1091; ion correlated with 4124; ion correlated with 977",0.107,FALSE,"null","null","null","null","null","null",999,FALSE,FALSE,FALSE,"null","null","null","null","null",78.99,0,0,0,0,0,0,0,15851,0,36130,17898,0,0,179133,291422,287795,0,17782,14034,28232,0,0,62416,63734,72936,0,0,0,"F3095_mz301.0178_rt0.45",0,291422,291423,TRUE,12,1,2,"Fungal control-associated detection","Very early RT","No MS/MS assignment","Unknown"
3107,2.458,301.21658,"Unknown","[M+H]+","similar chromatogram in higher mz_3341; similar chromatogram in higher mz_3761",0.214,TRUE,"null","null","null","null","null","null",999,FALSE,FALSE,FALSE,"null","null","null","null","null",64.42,3036,0,0,0,0,0,0,1874,2378,2242,0,0,0,4622423,3445176,5062332,0,0,0,0,0,0,312219,303208,321538,0,0,0,"F3107_mz301.2166_rt2.46",1012,5062332,4997.3672260612,TRUE,9,0,3,"Fungal control-associated detection","RT >= 1 min","MS/MS available","Unknown"
3109,1.675,301.21658,"Unknown","[M+H]+","ion correlated with 3747; ion correlated with 3320; ion correlated with 3704; ion correlated with 2951; ion correlated with 3353; ion correlated with 2677; ion correlated with 3259; ion correlated with 2585",0.036,TRUE,"null","null","null","null","null","null",999,FALSE,FALSE,FALSE,"null","null","null","null","null",31.63,0,0,0,0,0,0,0,2698,2480,0,0,0,0,441560,373463,538463,0,0,0,0,2082,0,9174,3150,7974,0,0,0,"F3109_mz301.2166_rt1.68",0,538463,538464,TRUE,9,0,2,"Fungal control-associated detection","RT >= 1 min","MS/MS available","Unknown"
3119,0.509,301.95807,"Unknown","[M+H]+",NA,0.071,FALSE,"null","null","null","null","null","null",999,FALSE,FALSE,FALSE,"null","null","null","null","null",2576.3,0,0,0,0,0,0,0,0,0,0,0,30457,64714,0,0,42498,35263,0,101414,0,0,0,333761,245138,55930,0,0,0,"F3119_mz301.9581_rt0.51",0,333761,333762,TRUE,8,2,0,"Fungi old-associated detection","Early RT","No MS/MS assignment","Unknown"
3124,0.533,302.12198,"Unknown","[M+H]+",NA,0.036,FALSE,"null","null","null","null","null","null",999,FALSE,FALSE,FALSE,"null","null","null","null","null",165.22,0,0,0,0,0,0,0,0,0,0,0,283185,385301,0,0,0,0,0,0,0,0,0,0,0,0,0,0,0,"F3124_mz302.122_rt0.53",0,385301,385302,TRUE,2,2,0,"Fungi old-associated detection","Early RT","No MS/MS assignment","Unknown"
3130,1.131,302.17557,"Unknown","[M+H]+",NA,0.107,TRUE,"null","null","null","null","null","null",999,FALSE,FALSE,FALSE,"null","null","null","null","null",30605.64,0,0,0,0,0,0,1970,16482,23350,21466,0,0,0,79575816,50471,253185312,4262,0,0,7875,0,20670,37536,23085,26931304,0,0,0,"F3130_mz302.1756_rt1.13",0,253185312,253185313,TRUE,13,0,3,"Fungal control-associated detection","RT >= 1 min","MS/MS available","Unknown"
3131,1.261,302.17557,"Unknown","[M+H]+",NA,0.036,TRUE,"null","null","null","null","null","null",999,FALSE,FALSE,FALSE,"null","null","null","null","null",501.61,0,0,0,0,0,0,0,0,0,3662,2812,3192,0,494485,13747,2339004,0,2251,0,0,0,0,2573,3924,160150,0,0,0,"F3131_mz302.1756_rt1.26",0,2339004,2339005,TRUE,10,2,1,"Fungi old-associated detection","RT >= 1 min","MS/MS available","Unknown"
3138,0.435,302.98801,"Unknown","[M+H]+","ion correlated with 4141; ion correlated with 4672; ion correlated with 4630; ion correlated with 4602",0.036,FALSE,"null","null","null","null","null","null",999,FALSE,FALSE,FALSE,"null","null","null","null","null",52.26,0,0,0,0,0,0,0,0,14676,9758,17787,0,0,114943,80947,128846,0,0,0,0,0,0,0,22617,55986,0,0,0,"F3138_mz302.988_rt0.44",0,128846,128847,TRUE,8,1,2,"Fungal control-associated detection","Very early RT","No MS/MS assignment","Unknown"
3139,0.518,303.02386,"Unknown","[M+H]+",NA,0.143,FALSE,"null","null","null","null","null","null",999,FALSE,FALSE,FALSE,"null","null","null","null","null",79.87,0,0,0,0,0,0,3583,0,0,0,0,68376,51387,61066,200277,132635,0,63441,0,0,56477,0,407534,469023,334306,3734,8473,0,"F3139_mz303.0239_rt0.52",0,469023,469024,TRUE,13,2,0,"Fungi old-associated detection","Early RT","No MS/MS assignment","Unknown"
3141,0.923,303.10541,"Unknown","[M+H]+","ion correlated with 2695; ion correlated with 1536; ion correlated with 2112; ion correlated with 2146; ion correlated with 3275",0.071,FALSE,"null","null","null","null","null","null",999,FALSE,FALSE,FALSE,"null","null","null","null","null",38.62,0,0,0,0,0,0,0,16266,0,0,0,22525,13334,140114,219284,174660,0,0,0,0,0,0,0,0,0,0,0,0,"F3141_mz303.1054_rt0.92",0,219284,219285,TRUE,6,2,1,"Fungi old-associated detection","Early RT","No MS/MS assignment","Unknown"
3142,0.461,303.11102,"Unknown","[M+2H]2+","ion correlated with 4259; ion correlated with 4582; ion correlated with 3927; ion correlated with 4463; ion correlated with 4725; ion correlated with 4731; ion correlated with 4249; ion correlated with 3230; ion correlated with 2200; ion correlated with 998; ion correlated with 1822; ion correlated with 1872; ion correlated with 2220; ion correlated with 3708; ion correlated with 4171; ion correlated with 3533; ion correlated with 2575; ion correlated with 2417; ion correlated with 4513",0.107,FALSE,"null","null","null","null","null","null",999,FALSE,FALSE,FALSE,"null","null","null","null","null",70.16,0,0,0,0,5404,0,4807,38488,0,0,10420,0,33447,491399,330983,546913,0,0,0,0,0,0,0,0,0,0,0,0,"F3142_mz303.111_rt0.46",0,546913,546914,TRUE,8,2,1,"Fungi old-associated detection","Very early RT","No MS/MS assignment","Unknown"
3145,0.437,303.15567,"Unknown","[M+H]+","ion correlated with 3691; ion correlated with 3622; ion correlated with 3665; ion correlated with 3054; ion correlated with 3330; ion correlated with 3813; ion correlated with 4610; ion correlated with 4551; ion correlated with 3859; ion correlated with 3755; ion correlated with 3687",0.071,FALSE,"null","null","null","null","null","null",999,FALSE,FALSE,FALSE,"null","null","null","null","null",33.32,0,0,0,0,0,0,0,47944,0,0,0,117436,123896,0,0,0,0,0,0,0,0,0,0,0,0,0,0,0,"F3145_mz303.1557_rt0.44",0,123896,123897,TRUE,3,2,1,"Fungi old-associated detection","Very early RT","No MS/MS assignment","Unknown"
3148,0.484,303.20267,"Unknown","[M+H]+","ion correlated with 3643",0.036,FALSE,"null","null","null","null","null","null",999,FALSE,FALSE,FALSE,"null","null","null","null","null",47.25,0,0,0,0,0,0,0,175334,236620,266258,36870,0,0,0,0,0,0,0,0,52985,162895,85007,0,0,0,0,0,0,"F3148_mz303.2027_rt0.48",0,266258,266259,TRUE,7,1,3,"Fungal control-associated detection","Very early RT","No MS/MS assignment","Unknown"
3149,0.762,303.20328,"Unknown","[M+H]+","ion correlated with 1549; ion correlated with 3923; ion correlated with 1548; ion correlated with 2849; ion correlated with 3797; ion correlated with 4043; ion correlated with 3499; ion correlated with 5003; ion correlated with 1481; ion correlated with 3812",0.036,FALSE,"null","null","null","null","null","null",999,FALSE,FALSE,FALSE,"null","null","null","null","null",83.33,0,0,0,0,0,0,0,177317,348120,294780,18656,0,0,0,0,0,0,0,0,31992,101584,158108,0,0,0,3375,0,0,"F3149_mz303.2033_rt0.76",0,348120,348121,TRUE,8,1,3,"Fungal control-associated detection","Early RT","No MS/MS assignment","Unknown"
3150,0.579,303.21469,"Unknown","[M+H]+","ion correlated with 1054",0.179,FALSE,"null","null","null","null","null","null",999,FALSE,FALSE,FALSE,"null","null","null","null","null",2008.62,0,0,0,0,0,0,0,197355,333075,289107,0,0,0,0,0,0,0,0,0,43973,187129,127742,0,0,0,0,0,0,"F3150_mz303.2147_rt0.58",0,333075,333076,TRUE,6,0,3,"Fungal control-associated detection","Early RT","No MS/MS assignment","Unknown"
3155,0.99,303.67181,"Unknown","[M+H]+","ion correlated with 3601; ion correlated with 4436; ion correlated with 4397; ion correlated with 4036; ion correlated with 3721; ion correlated with 4467; ion correlated with 2515; ion correlated with 4238; ion correlated with 2432; ion correlated with 3269; ion correlated with 4231; ion correlated with 3920; ion correlated with 4125; ion correlated with 4454; ion correlated with 4150; ion correlated with 4138; ion correlated with 1750; ion correlated with 2228; ion correlated with 4178; ion correlated with 3776",0.25,FALSE,"null","null","null","null","null","null",999,FALSE,FALSE,FALSE,"null","null","null","null","null",5116.53,0,0,0,0,0,0,0,239791,359248,458774,120760,0,0,0,0,0,27846,90242,40501,143511,238286,230414,0,0,0,0,0,0,"F3155_mz303.6718_rt0.99",0,458774,458775,TRUE,10,1,3,"Fungal control-associated detection","Early RT","No MS/MS assignment","Unknown"
3158,0.459,304.09183,"Unknown","[M+2H]2+",NA,0.179,FALSE,"null","null","null","null","null","null",999,FALSE,FALSE,FALSE,"null","null","null","null","null",291.63,0,0,0,0,0,0,0,0,0,0,0,442903,429660,353813,382804,666424,0,0,0,56462,0,0,61169,17925,33812,5226,4428,0,"F3158_mz304.0918_rt0.46",0,666424,666425,TRUE,11,2,0,"Fungi old-associated detection","Very early RT","No MS/MS assignment","Unknown"
3168,0.406,305.05707,"Unknown","[M+H]+","ion correlated with 4213; ion correlated with 3304; ion correlated with 3367; ion correlated with 4047; ion correlated with 3532; ion correlated with 4261; ion correlated with 4157; ion correlated with 34",0.107,FALSE,"null","null","null","null","null","null",999,FALSE,FALSE,FALSE,"null","null","null","null","null",81.09,0,0,0,0,0,0,0,83668,101552,111858,42685,0,0,0,0,0,29380,61784,38981,90650,119983,92076,0,0,13545,0,0,0,"F3168_mz305.0571_rt0.41",0,119983,119984,TRUE,11,1,3,"Fungal control-associated detection","Very early RT","No MS/MS assignment","Unknown"
3178,5.389,305.24789,"Unknown","[M+H]+","ion correlated with 5052; ion correlated with 2913; ion correlated with 3425",0.107,TRUE,"null","null","null","null","null","null",999,FALSE,FALSE,FALSE,"null","null","null","null","null",17.96,4837,2840,1330,0,0,1552,1984,0,0,2139,2272,1545,1395,489746,402030,439134,0,0,2738,0,1700,3221,11879,4923,10658,3469,740,1414,"F3178_mz305.2479_rt5.39",3002.33333333333,489746,163.067813540511,TRUE,18,3,1,"Fungi old-associated detection","RT >= 1 min","MS/MS available","Unknown"
3181,1.048,306.09747,"Unknown","[M+H]+","ion correlated with 4297; ion correlated with 2342; ion correlated with 4172",0.036,FALSE,"null","null","null","null","null","null",999,FALSE,FALSE,FALSE,"null","null","null","null","null",54.48,0,0,0,0,0,0,0,3780,0,0,0,15017,18228,52680,7476,10362,0,0,0,15056,1354,6375,94204,151502,93426,0,0,0,"F3181_mz306.0975_rt1.05",0,151502,151503,TRUE,12,2,1,"Fungi old-associated detection","RT >= 1 min","No MS/MS assignment","Unknown"
3182,0.47,306.11896,"Unknown","[M+H]+","ion correlated with 253; ion correlated with 3054; ion correlated with 3057",0.071,FALSE,"null","null","null","null","null","null",999,FALSE,FALSE,FALSE,"null","null","null","null","null",40.84,0,0,0,0,0,0,0,46536,0,0,61122,155987,132044,0,0,0,0,0,0,0,0,0,16875,0,0,0,0,0,"F3182_mz306.119_rt0.47",0,155987,155988,TRUE,5,3,1,"Fungi old-associated detection","Very early RT","No MS/MS assignment","Unknown"
3184,0.723,306.1666,"Unknown","[M+H]+","ion correlated with 4951; ion correlated with 2886; ion correlated with 1548; ion correlated with 3149; ion correlated with 3797",0.036,FALSE,"null","null","null","null","null","null",999,FALSE,FALSE,FALSE,"null","null","null","null","null",98.77,0,0,0,0,0,0,0,133612,157215,174296,26615,0,0,0,0,0,0,20781,0,0,91999,122792,0,0,0,4116,0,0,"F3184_mz306.1666_rt0.72",0,174296,174297,TRUE,8,1,3,"Fungal control-associated detection","Early RT","No MS/MS assignment","Unknown"
3185,0.912,306.68237,"Unknown","[M+H]+",NA,0.071,FALSE,"null","null","null","null","null","null",999,FALSE,FALSE,FALSE,"null","null","null","null","null",2984.45,0,0,0,0,0,0,0,55117,140472,157972,0,0,0,0,0,0,18960,0,0,0,79030,54755,0,0,0,0,0,0,"F3185_mz306.6824_rt0.91",0,157972,157973,TRUE,6,0,3,"Fungal control-associated detection","Early RT","No MS/MS assignment","Unknown"
3200,1.813,307.19095,"Unknown","[M+H]+","ion correlated with 2449; ion correlated with 3849; ion correlated with 3978; ion correlated with 3998; ion correlated with 3871",0.036,FALSE,"null","null","null","null","null","null",999,FALSE,FALSE,FALSE,"null","null","null","null","null",21.35,0,1756,0,0,0,0,1810,3568,5310,0,0,0,0,134611,94888,184371,0,0,0,1888,0,2406,0,2994,2158,0,0,0,"F3200_mz307.191_rt1.81",585.333333333333,184371,314.44911881751,TRUE,10,0,2,"Fungal control-associated detection","RT >= 1 min","No MS/MS assignment","Unknown"
3203,0.499,308.09131,"Unknown","[M+H]+","ion correlated with 2176; ion correlated with 1621; ion correlated with 1879; ion correlated with 2202; ion correlated with 2771; ion correlated with 2231",0.107,TRUE,"null","null","null","null","null","null",999,FALSE,FALSE,FALSE,"null","null","null","null","null",5418.09,0,0,2546,0,0,0,0,0,0,0,38453,131350,103073,13268625,10248074,13320021,0,0,0,0,34058,0,0,0,0,0,0,0,"F3203_mz308.0913_rt0.5",848.666666666667,13320021,15676.761867399,TRUE,7,3,0,"Fungi old-associated detection","Very early RT","MS/MS available","Unknown"
3204,0.699,308.09149,"Unknown","[M+H]+",NA,0.179,TRUE,"null","null","null","null","null","null",999,FALSE,FALSE,FALSE,"null","null","null","null","null",1353.25,0,0,0,0,0,0,0,0,0,0,0,485707,168836,15278680,8896635,12380019,0,0,0,0,0,0,0,0,0,0,0,0,"F3204_mz308.0915_rt0.7",0,15278680,15278681,TRUE,5,2,0,"Fungi old-associated detection","Early RT","MS/MS available","Unknown"
3210,0.589,308.21823,"Unknown","[M+H]+",NA,0.107,FALSE,"null","null","null","null","null","null",999,FALSE,FALSE,FALSE,"null","null","null","null","null",64.83,0,0,0,0,0,0,0,293111,124365,125878,61016,0,0,0,0,0,0,0,0,0,0,0,0,0,0,0,0,0,"F3210_mz308.2182_rt0.59",0,293111,293112,TRUE,4,1,3,"Fungal control-associated detection","Early RT","No MS/MS assignment","Unknown"
3211,0.825,308.21854,"Unknown","[M+H]+","ion correlated with 4266",0.071,FALSE,"null","null","null","null","null","null",999,FALSE,FALSE,FALSE,"null","null","null","null","null",60.21,0,0,0,0,0,0,0,0,0,27661,117921,154136,135615,0,0,0,0,0,0,0,0,0,0,0,0,0,0,0,"F3211_mz308.2185_rt0.82",0,154136,154137,TRUE,4,3,1,"Fungi old-associated detection","Early RT","No MS/MS assignment","Unknown"
3217,5.566,309.24274,"Unknown","[M+H]+",NA,0.107,TRUE,"null","null","null","null","null","null",999,FALSE,FALSE,FALSE,"null","null","null","null","null",94.73,0,0,0,0,0,0,0,0,1342,0,0,17947,1952,3010,12226,7950,0,0,0,0,0,0,3036308,2820510,2481046,0,0,0,"F3217_mz309.2427_rt5.57",0,3036308,3036309,TRUE,9,2,1,"Fungi old-associated detection","RT >= 1 min","MS/MS available","Unknown"
3230,0.451,310.82828,"Unknown","[M+H]+","ion correlated with 4259; ion correlated with 3927; ion correlated with 4463; ion correlated with 4476; ion correlated with 4689; ion correlated with 4725; ion correlated with 4731; ion correlated with 4249; ion correlated with 998; ion correlated with 1872; ion correlated with 4124; ion correlated with 3142; ion correlated with 3708; ion correlated with 4171; ion correlated with 3533; ion correlated with 450",0.107,FALSE,"null","null","null","null","null","null",999,FALSE,FALSE,FALSE,"null","null","null","null","null",178.65,0,0,0,0,0,0,0,52249,50354,16569,0,0,0,303429,208912,283568,0,0,0,23468,28063,32461,0,0,0,0,0,0,"F3230_mz310.8283_rt0.45",0,303429,303430,TRUE,9,0,3,"Fungal control-associated detection","Very early RT","No MS/MS assignment","Unknown"
3241,9.698,311.94638,"Unknown","[M+H]+",NA,0.107,FALSE,"null","null","null","null","null","null",999,FALSE,FALSE,FALSE,"null","null","null","null","null",52.48,19045,0,0,0,28091,0,43063,0,0,24250,89232,102456,20052,0,0,0,0,0,93614,132816,60597,0,0,10370,11169,0,124952,38904,"F3241_mz311.9464_rt9.7",6348.33333333333,132816,20.9182591348173,TRUE,13,3,1,"Fungi old-associated detection","RT >= 1 min","No MS/MS assignment","Unknown"
3242,0.446,312.0452,"Unknown","[M+H]+","ion correlated with 1790; ion correlated with 3665; ion correlated with 3054; ion correlated with 3936; ion correlated with 4610; ion correlated with 1535",0.071,FALSE,"null","null","null","null","null","null",999,FALSE,FALSE,FALSE,"null","null","null","null","null",42.83,0,0,0,0,0,0,0,0,0,0,0,161810,113489,0,0,0,0,0,0,0,0,0,0,0,0,0,0,0,"F3242_mz312.0452_rt0.45",0,161810,161811,TRUE,2,2,0,"Fungi old-associated detection","Very early RT","No MS/MS assignment","Unknown"
3243,1.003,312.05423,"Unknown","[M+H]+","ion correlated with 1552; ion correlated with 4067; ion correlated with 4082; ion correlated with 1765; ion correlated with 3461; ion correlated with 1504; ion correlated with 4175; ion correlated with 1578; ion correlated with 1606",0.107,TRUE,"null","null","null","null","null","null",999,FALSE,FALSE,FALSE,"null","null","null","null","null",246.04,0,0,0,0,0,0,0,0,0,0,380300,1490150,1241965,0,0,0,0,8688,0,0,0,12272,0,0,0,0,0,0,"F3243_mz312.0542_rt1",0,1490150,1490151,TRUE,5,3,0,"Fungi old-associated detection","RT >= 1 min","MS/MS available","Unknown"
3247,0.464,312.16714,"Unknown","[M+H]+",NA,0.107,FALSE,"null","null","null","null","null","null",999,FALSE,FALSE,FALSE,"null","null","null","null","null",83.8,0,18758,15131,0,4151,12006,10598,287450,133673,11081,68920,0,0,564544,707315,132572,0,0,0,0,0,59069,11085,0,0,2521,6625,0,"F3247_mz312.1671_rt0.46",11296.3333333333,707315,62.6091112947008,TRUE,14,1,3,"Fungal control-associated detection","Very early RT","No MS/MS assignment","Unknown"
3260,2.048,313.23752,"Unknown","[M+H]+",NA,0.143,FALSE,"null","null","null","null","null","null",999,FALSE,FALSE,FALSE,"null","null","null","null","null",24.05,0,0,0,0,0,1580,0,133802,139598,141639,28090,0,0,0,0,0,15375,25300,12350,66740,107671,95788,0,0,1687,0,0,0,"F3260_mz313.2375_rt2.05",0,141639,141640,TRUE,12,1,3,"Fungal control-associated detection","RT >= 1 min","No MS/MS assignment","Unknown"
3262,1.447,313.23813,"Unknown","[M+H]+","ion correlated with 2784; ion correlated with 3809; ion correlated with 3877",0.036,FALSE,"null","null","null","null","null","null",999,FALSE,FALSE,FALSE,"null","null","null","null","null",39.81,3133,0,0,0,2293,1474,771,92839,83047,106616,30607,0,0,2369,0,2905,5265,19695,8555,48772,73111,66100,7825,17847,17244,0,0,1892,"F3262_mz313.2381_rt1.45",1044.33333333333,106616,101.993303571429,TRUE,19,1,3,"Fungal control-associated detection","RT >= 1 min","No MS/MS assignment","Unknown"
3270,1.529,314.26929,"Unknown","[M+H]+","ion correlated with 2346; ion correlated with 4134; ion correlated with 1404; ion correlated with 5155; ion correlated with 2745; ion correlated with 4225; ion correlated with 4254; ion correlated with 4120; ion correlated with 4053",0.107,FALSE,"null","null","null","null","null","null",999,FALSE,FALSE,FALSE,"null","null","null","null","null",37.99,0,0,1694,0,1550,0,0,0,0,5178,2350,1834,2370,120360,155714,193790,0,0,0,0,0,0,0,0,0,0,0,0,"F3270_mz314.2693_rt1.53",564.666666666667,193790,342.588685916323,TRUE,8,3,1,"Fungi old-associated detection","RT >= 1 min","No MS/MS assignment","Unknown"
3275,0.966,315.10541,"Unknown","[M+H]+","ion correlated with 2112; ion correlated with 3141; ion correlated with 2146",0.071,FALSE,"null","null","null","null","null","null",999,FALSE,FALSE,FALSE,"null","null","null","null","null",42.63,0,0,0,0,0,0,0,0,0,0,0,8101,14917,99510,299186,189368,0,0,0,0,0,0,0,0,8369,2587,0,0,"F3275_mz315.1054_rt0.97",0,299186,299187,TRUE,7,2,0,"Fungi old-associated detection","Early RT","No MS/MS assignment","Unknown"
3281,1.569,315.19589,"Unknown","[M+H]+","ion correlated with 3111; ion correlated with 3355; ion correlated with 3199; ion correlated with 3441; ion correlated with 3320; ion correlated with 3704",0.107,TRUE,"null","null","null","null","null","null",999,FALSE,FALSE,FALSE,"null","null","null","null","null",15.97,0,0,0,0,0,0,0,0,4228,0,2673,0,1740,687514,402810,1028669,0,0,0,0,0,0,0,0,0,0,0,0,"F3281_mz315.1959_rt1.57",0,1028669,1028670,TRUE,6,2,1,"Fungi old-associated detection","RT >= 1 min","MS/MS available","Unknown"
3290,2.381,315.25354,"Unknown","[M+H]+","ion correlated with 2808; ion correlated with 3547; ion correlated with 3053",0.214,TRUE,"null","null","null","null","null","null",999,FALSE,FALSE,FALSE,"null","null","null","null","null",40.99,42104,0,0,0,1448,0,0,426670,453080,463184,81454,0,0,3753,3221,0,47930,84262,45642,192586,312632,316951,0,0,1692,0,0,0,"F3290_mz315.2535_rt2.38",14034.6666666667,463184,33.0005699764885,TRUE,14,1,3,"Fungal control-associated detection","RT >= 1 min","MS/MS available","Unknown"
3303,0.435,316.99496,"Unknown","[M+H]+",NA,0.036,FALSE,"null","null","null","null","null","null",999,FALSE,FALSE,FALSE,"null","null","null","null","null",77.8,0,0,0,0,0,0,0,20199,0,0,27676,0,15255,37201,114772,86915,17990,33442,22309,22467,21980,27363,20709,29497,0,0,0,0,"F3303_mz316.995_rt0.44",0,114772,114773,TRUE,14,2,1,"Fungi old-associated detection","Very early RT","No MS/MS assignment","Unknown"
3304,0.406,317.0513,"Unknown","[M+H]+","ion correlated with 4213; ion correlated with 972; ion correlated with 3168; ion correlated with 3367; ion correlated with 4047; ion correlated with 3532; ion correlated with 4157",0.107,FALSE,"null","null","null","null","null","null",999,FALSE,FALSE,FALSE,"null","null","null","null","null",800.86,0,0,0,0,0,0,0,89853,130992,168510,55214,0,0,0,0,0,13698,45322,24945,80741,109259,85286,0,0,0,0,0,0,"F3304_mz317.0513_rt0.41",0,168510,168511,TRUE,10,1,3,"Fungal control-associated detection","Very early RT","No MS/MS assignment","Unknown"
3307,0.971,317.11435,"Unknown","[M+H]+",NA,0.036,FALSE,"null","null","null","null","null","null",999,FALSE,FALSE,FALSE,"null","null","null","null","null",64.38,0,0,1896,0,0,0,0,0,0,15867,28407,107861,146074,46627,36377,52551,9876,19223,0,37241,0,10920,0,0,0,0,2520,0,"F3307_mz317.1144_rt0.97",632,146074,230.766192733017,TRUE,12,3,1,"Fungi old-associated detection","Early RT","No MS/MS assignment","Unknown"
3315,3.945,317.20911,"Unknown","[M+H]+","ion correlated with 2783",0.107,TRUE,"null","null","null","null","null","null",999,FALSE,FALSE,FALSE,"null","null","null","null","null",32.48,0,0,0,0,0,0,0,0,4510,5101,0,0,0,25999,13344,25582,1637,0,1778,1647,2150,1934,151137,122874,103535,0,0,0,"F3315_mz317.2091_rt3.94",0,151137,151138,TRUE,13,0,2,"Fungal control-associated detection","RT >= 1 min","MS/MS available","Unknown"
3319,3.425,317.21155,"Unknown","[M+H]+",NA,0.107,TRUE,"null","null","null","null","null","null",999,FALSE,FALSE,FALSE,"null","null","null","null","null",10,0,0,1379,0,0,0,0,2064,0,1790,0,0,0,518922,325742,466314,0,0,0,0,2162,1710,5252,2224,4818,0,0,0,"F3319_mz317.2116_rt3.42",459.666666666667,518922,1126.46092619392,TRUE,10,0,2,"Fungal control-associated detection","RT >= 1 min","MS/MS available","Unknown"
3320,1.625,317.21164,"Unknown","[M+H]+","ion correlated with 3111; ion correlated with 3355; ion correlated with 3281; ion correlated with 3199; ion correlated with 3441; ion correlated with 3704",0.107,TRUE,"null","null","null","null","null","null",999,FALSE,FALSE,FALSE,"null","null","null","null","null",24.56,0,0,0,0,0,0,0,2441,0,2342,0,0,0,919538,528455,1198561,0,1740,2060,2676,0,0,3527,0,437,0,0,0,"F3320_mz317.2116_rt1.62",0,1198561,1198562,TRUE,10,0,2,"Fungal control-associated detection","RT >= 1 min","MS/MS available","Unknown"
3323,2.079,317.2117,"Unknown","[M+H]+","ion correlated with 3520; ion correlated with 1751; ion correlated with 3703",0.143,TRUE,"null","null","null","null","null","null",999,FALSE,FALSE,FALSE,"null","null","null","null","null",1043.05,0,0,0,0,0,0,0,7336,0,3360,0,0,0,65626696,44065044,52249520,0,2001,0,3616,5493,966,185564,26803,62706,0,0,0,"F3323_mz317.2117_rt2.08",0,65626696,65626697,TRUE,12,0,2,"Fungal control-associated detection","RT >= 1 min","MS/MS available","Unknown"
3325,0.794,317.21872,"Unknown","[M+H]+","ion correlated with 3644; ion correlated with 3227; ion correlated with 4683; ion correlated with 338",0.143,FALSE,"null","null","null","null","null","null",999,FALSE,FALSE,FALSE,"null","null","null","null","null",301.9,0,0,0,0,0,0,0,588528,979764,727166,76244,0,0,0,0,0,7960,30787,0,177046,388503,496653,0,0,0,0,0,0,"F3325_mz317.2187_rt0.79",0,979764,979765,TRUE,9,1,3,"Fungal control-associated detection","Early RT","No MS/MS assignment","Unknown"
3326,0.503,317.21924,"Unknown","[M+H]+","ion correlated with 3643; ion correlated with 2927",0.071,FALSE,"null","null","null","null","null","null",999,FALSE,FALSE,FALSE,"null","null","null","null","null",195.76,0,0,0,0,0,0,0,133506,185273,339187,0,0,0,0,0,0,0,0,0,65257,66186,88128,0,0,0,0,0,0,"F3326_mz317.2192_rt0.5",0,339187,339188,TRUE,6,0,3,"Fungal control-associated detection","Early RT","No MS/MS assignment","Unknown"
3329,0.427,317.93686,"Unknown","[M+H]+","ion correlated with 3367; ion correlated with 4261",0.071,FALSE,"null","null","null","null","null","null",999,FALSE,FALSE,FALSE,"null","null","null","null","null",1331.34,0,0,0,0,0,0,0,70092,129175,70396,50806,0,0,0,0,0,59114,68596,58559,67474,91578,108290,0,0,0,0,0,0,"F3329_mz317.9369_rt0.43",0,129175,129176,TRUE,10,1,3,"Fungal control-associated detection","Very early RT","No MS/MS assignment","Unknown"
3336,0.501,318.1933,"Unknown","[M+H]+",NA,0.036,FALSE,"null","null","null","null","null","null",999,FALSE,FALSE,FALSE,"null","null","null","null","null",145.19,0,0,0,0,0,0,0,0,0,37744,0,72329,41609,87944,82890,178856,0,0,0,0,0,0,0,0,0,0,0,0,"F3336_mz318.1933_rt0.5",0,178856,178857,TRUE,6,2,1,"Fungi old-associated detection","Early RT","No MS/MS assignment","Unknown"
3339,2.822,318.24307,"Unknown","[M+H]+","ion correlated with 3610; ion correlated with 3394; ion correlated with 1920; ion correlated with 2709; ion correlated with 3354; ion correlated with 3525; ion correlated with 3576; ion correlated with 3681; ion correlated with 3826; ion correlated with 4962; ion correlated with 2184; ion correlated with 3792; ion correlated with 3817; ion correlated with 4148",0.071,FALSE,"null","null","null","null","null","null",999,FALSE,FALSE,FALSE,"null","null","null","null","null",11.49,0,0,0,0,0,0,0,0,2360,0,1597,0,1552,132526,116844,131584,0,0,0,0,0,0,0,0,0,0,0,0,"F3339_mz318.2431_rt2.82",0,132526,132527,TRUE,6,2,1,"Fungi old-associated detection","RT >= 1 min","No MS/MS assignment","Unknown"
3346,0.647,319.00116,"Unknown","[M+H]+",NA,0.143,FALSE,"null","null","null","null","null","null",999,FALSE,FALSE,FALSE,"null","null","null","null","null",107.25,0,0,0,0,0,0,0,0,33752,0,0,62463,119309,68143,85131,0,197281,129460,50693,45120,32046,28876,254903,120911,151646,0,0,0,"F3346_mz319.0012_rt0.65",0,254903,254904,TRUE,14,2,1,"Fungi old-associated detection","Early RT","No MS/MS assignment","Unknown"
3347,0.512,319.00171,"Unknown","[M+H]+",NA,0.214,FALSE,"null","null","null","null","null","null",999,FALSE,FALSE,FALSE,"null","null","null","null","null",188.28,0,0,0,0,0,0,0,52165,0,0,0,148652,120834,0,0,39694,119271,233639,61760,115947,50592,52142,535631,371675,347969,0,0,0,"F3347_mz319.0017_rt0.51",0,535631,535632,TRUE,13,2,1,"Fungi old-associated detection","Early RT","No MS/MS assignment","Unknown"
3348,0.421,319.01883,"Unknown","[M+H]+",NA,0.107,FALSE,"null","null","null","null","null","null",999,FALSE,FALSE,FALSE,"null","null","null","null","null",62.82,0,0,0,0,0,0,0,57772,75312,92625,24365,0,0,84217,170812,61166,50614,60536,67027,116813,104584,81505,41073,50792,27891,0,0,0,"F3348_mz319.0188_rt0.42",0,170812,170813,TRUE,16,1,3,"Fungal control-associated detection","Very early RT","No MS/MS assignment","Unknown"
3350,0.96,319.12955,"Unknown","[M+H]+",NA,0.143,TRUE,"null","null","null","null","null","null",999,FALSE,FALSE,FALSE,"null","null","null","null","null",259.05,0,0,0,0,0,0,0,0,15263,0,136063,923912,678392,511448,546451,536617,14851,32621,6974,14994,14661,0,31918,20880,0,0,0,0,"F3350_mz319.1296_rt0.96",0,923912,923913,TRUE,14,3,1,"Fungi old-associated detection","Early RT","MS/MS available","Unknown"
3353,1.672,319.22714,"Unknown","[M+H]+","ion correlated with 3747; ion correlated with 4992; ion correlated with 3671; ion correlated with 3320; ion correlated with 3704; ion correlated with 2119; ion correlated with 2951; ion correlated with 2677; ion correlated with 3109; ion correlated with 3259; ion correlated with 3612; ion correlated with 4145; ion correlated with 2585",0.071,TRUE,"null","null","null","null","null","null",999,FALSE,FALSE,FALSE,"null","null","null","null","null",23.51,3202,0,0,0,0,0,0,5788,4212,4640,2764,0,0,312484,247134,383134,0,2018,0,2045,2347,0,9217,4957,0,0,0,1506,"F3353_mz319.2271_rt1.67",1067.33333333333,383134,358.628705148206,TRUE,13,1,3,"Fungal control-associated detection","RT >= 1 min","MS/MS available","Unknown"
3354,2.821,319.22717,"Unknown","[M+H]+","ion correlated with 2673; ion correlated with 3576; ion correlated with 3108; similar chromatogram in higher mz_4962",0.107,TRUE,"null","null","null","null","null","null",999,FALSE,FALSE,FALSE,"null","null","null","null","null",74.29,11742,3368,4843,0,6502,6304,6134,4075,4326,0,0,2720,0,1243664,1152819,1284983,1843,3891,2176,1862,4342,3796,15557,10427,14090,3899,4478,4506,"F3354_mz319.2272_rt2.82",6651,1284983,193.172579675286,TRUE,21,1,2,"Fungal control-associated detection","RT >= 1 min","MS/MS available","Unknown"
3355,1.566,319.2272,"Unknown","[M+H]+","ion correlated with 3078; ion correlated with 3111; ion correlated with 3199; ion correlated with 3441; ion correlated with 3320",0.107,TRUE,"null","null","null","null","null","null",999,FALSE,FALSE,FALSE,"null","null","null","null","null",86.33,0,0,0,0,0,0,0,4539,4198,2632,2932,0,0,1502808,1234087,1914914,0,0,0,0,2491,6240,37559,22676,17464,0,0,0,"F3355_mz319.2272_rt1.57",0,1914914,1914915,TRUE,12,1,3,"Fungal control-associated detection","RT >= 1 min","MS/MS available","Unknown"
3364,1.127,320.18567,"Unknown","[M+H]+","ion correlated with 840; ion correlated with 3130; ion correlated with 986; ion correlated with 3122; ion correlated with 3136",0.071,FALSE,"null","null","null","null","null","null",999,FALSE,FALSE,FALSE,"null","null","null","null","null",290.45,0,1887,0,0,0,0,0,1570,5050,11463,5898,0,0,274387,0,641456,0,0,5007,0,0,0,0,0,78709,0,0,0,"F3364_mz320.1857_rt1.13",629,641456,1018.18571428571,TRUE,8,1,3,"Fungal control-associated detection","RT >= 1 min","No MS/MS assignment","Unknown"
3367,0.406,321.03125,"Unknown","[M+H]+","ion correlated with 4213; ion correlated with 3168; ion correlated with 3304; ion correlated with 4047; ion correlated with 3532; ion correlated with 4261; ion correlated with 4157; ion correlated with 1863; ion correlated with 3329",0.143,FALSE,"null","null","null","null","null","null",999,FALSE,FALSE,FALSE,"null","null","null","null","null",1831.13,0,0,0,0,0,0,0,111581,133590,117562,67334,0,0,0,0,0,47288,60670,58812,80273,112981,86447,0,0,0,0,0,0,"F3367_mz321.0312_rt0.41",0,133590,133591,TRUE,10,1,3,"Fungal control-associated detection","Very early RT","No MS/MS assignment","Unknown"
3375,2.293,321.24283,"Unknown","[M+H]+","ion correlated with 3154; ion correlated with 3596; ion correlated with 3282",0.107,TRUE,"null","null","null","null","null","null",999,FALSE,FALSE,FALSE,"null","null","null","null","null",51.56,18541,1553,0,0,1341,2261,1640,0,2090,2239,3243,0,0,229409,252598,215037,2180,0,0,0,0,1824,8960,2759,0,1307,0,2930,"F3375_mz321.2428_rt2.29",6698,252598,37.7069711897298,TRUE,15,1,2,"Fungal control-associated detection","RT >= 1 min","MS/MS available","Unknown"
3376,0.965,321.69467,"Unknown","[M+H]+",NA,0.036,FALSE,"null","null","null","null","null","null",999,FALSE,FALSE,FALSE,"null","null","null","null","null",2126.65,0,0,0,0,0,0,0,0,38236,106333,27937,0,0,0,0,0,0,0,0,14628,21970,58420,0,0,0,0,0,0,"F3376_mz321.6947_rt0.96",0,106333,106334,TRUE,6,1,2,"Fungal control-associated detection","Early RT","No MS/MS assignment","Unknown"
3377,0.908,322.10693,"Unknown","[M+H]+","ion correlated with 4069; ion correlated with 4514; ion correlated with 4880; ion correlated with 1393",0.107,TRUE,"null","null","null","null","null","null",999,FALSE,FALSE,FALSE,"null","null","null","null","null",12218.16,0,0,0,0,0,0,0,0,0,60128,9256,22734,29954,1394909,424665,1358095,0,10176,17063,36159,0,0,0,0,0,0,0,0,"F3377_mz322.1069_rt0.91",0,1394909,1394910,TRUE,10,3,1,"Fungi old-associated detection","Early RT","MS/MS available","Unknown"
3392,0.56,323.16986,"Unknown","[M+H]+",NA,0.036,FALSE,"null","null","null","null","null","null",999,FALSE,FALSE,FALSE,"null","null","null","null","null",89.95,0,0,1541,0,0,0,2285,68702,146611,76316,0,0,0,0,0,0,0,0,0,0,34714,50395,0,0,0,0,0,0,"F3392_mz323.1699_rt0.56",513.666666666667,146611,284.867875647668,TRUE,6,0,3,"Fungal control-associated detection","Early RT","No MS/MS assignment","Unknown"
3395,1.671,323.22211,"Unknown","[M+H]+","ion correlated with 2677",0.107,TRUE,"null","null","null","null","null","null",999,FALSE,FALSE,FALSE,"null","null","null","null","null",86.49,0,0,0,0,1871,0,0,0,0,0,0,2135,1897,583915,418159,257994,3142,0,2064,0,0,0,0,0,2348,3291,0,0,"F3395_mz323.2221_rt1.67",0,583915,583916,TRUE,10,2,0,"Fungi old-associated detection","RT >= 1 min","MS/MS available","Unknown"
3415,2.746,326.34241,"Unknown","[M+H]+",NA,0.036,FALSE,"null","null","null","null","null","null",999,FALSE,FALSE,FALSE,"null","null","null","null","null",3146.51,0,0,0,0,0,0,0,160739,75928,70692,29483,0,0,0,0,0,38874,78668,61769,122907,139348,134424,0,0,0,0,0,0,"F3415_mz326.3424_rt2.75",0,160739,160740,TRUE,10,1,3,"Fungal control-associated detection","RT >= 1 min","No MS/MS assignment","Unknown"
3420,0.417,327.05231,"Unknown","[M+H]+",NA,0.036,FALSE,"null","null","null","null","null","null",999,FALSE,FALSE,FALSE,"null","null","null","null","null",22.03,0,0,0,0,0,0,0,53976,64776,100874,70073,0,0,0,33952,0,46936,49329,60219,76678,93902,96758,51895,36764,9012,0,0,0,"F3420_mz327.0523_rt0.42",0,100874,100875,TRUE,14,1,3,"Fungal control-associated detection","Very early RT","No MS/MS assignment","Unknown"
3430,0.921,328.1604,"Unknown","[M+H]+","ion correlated with 3268; ion correlated with 3389; ion correlated with 3170; ion correlated with 3860; ion correlated with 2553; ion correlated with 3246",0.107,FALSE,"null","null","null","null","null","null",999,FALSE,FALSE,FALSE,"null","null","null","null","null",103.51,0,0,0,0,0,0,0,0,27374,0,98550,55256,0,385411,199951,348084,0,38839,11550,35528,89865,34839,0,10555,8768,3266,0,0,"F3430_mz328.1604_rt0.92",0,385411,385412,TRUE,14,2,1,"Fungi old-associated detection","Early RT","No MS/MS assignment","Unknown"
3433,0.917,328.69009,"Unknown","[M+H]+",NA,0.071,FALSE,"null","null","null","null","null","null",999,FALSE,FALSE,FALSE,"null","null","null","null","null",2113.21,0,0,0,0,0,0,0,84728,106969,91356,83806,0,0,0,0,0,22280,37952,33237,0,99912,104352,0,0,0,0,0,0,"F3433_mz328.6901_rt0.92",0,106969,106970,TRUE,9,1,3,"Fungal control-associated detection","Early RT","No MS/MS assignment","Unknown"
3442,0.51,329.18268,"Unknown","[M+H]+",NA,0.214,FALSE,"null","null","null","null","null","null",999,FALSE,FALSE,FALSE,"null","null","null","null","null",99.53,0,0,2453,0,0,0,0,97076,82861,29619,0,0,0,0,0,0,463944,585328,270832,621065,438949,489762,0,0,0,0,0,0,"F3442_mz329.1827_rt0.51",817.666666666667,621065,758.631107491857,TRUE,9,0,3,"Fungal control-associated detection","Early RT","No MS/MS assignment","Unknown"
3452,1.143,330.23929,"Unknown","[M+H]+","ion correlated with 1777; ion correlated with 1618; ion correlated with 2799; ion correlated with 1939",0.071,FALSE,"null","null","null","null","null","null",999,FALSE,FALSE,FALSE,"null","null","null","null","null",104.98,0,0,0,0,0,0,0,0,0,0,4994,132880,130950,0,0,9247,0,0,0,0,0,4077,0,6576,11846,0,0,0,"F3452_mz330.2393_rt1.14",0,132880,132881,TRUE,7,3,0,"Fungi old-associated detection","RT >= 1 min","No MS/MS assignment","Unknown"
3473,0.896,331.23453,"Unknown","[M+H]+","ion correlated with 3552; ion correlated with 712; ion correlated with 4524; ion correlated with 3798; ion correlated with 2727; ion correlated with 4054; ion correlated with 601; ion correlated with 3616; ion correlated with 1545; ion correlated with 2349; ion correlated with 647; ion correlated with 3806; ion correlated with 2248; ion correlated with 2688",0.321,FALSE,"null","null","null","null","null","null",999,FALSE,FALSE,FALSE,"null","null","null","null","null",77.44,0,0,0,0,0,0,0,382227,879113,597242,124914,0,0,0,0,0,114404,153238,180030,353690,373673,516502,0,0,0,0,0,0,"F3473_mz331.2345_rt0.9",0,879113,879114,TRUE,10,1,3,"Fungal control-associated detection","Early RT","No MS/MS assignment","Unknown"
3474,0.761,331.23462,"Unknown","[M+H]+","ion correlated with 496; ion correlated with 2073; ion correlated with 3149; ion correlated with 2283; ion correlated with 3797; ion correlated with 4043; ion correlated with 3812",0.036,FALSE,"null","null","null","null","null","null",999,FALSE,FALSE,FALSE,"null","null","null","null","null",105.09,0,0,0,0,0,0,0,81151,172084,129142,0,0,0,0,0,0,0,0,0,18363,81948,71608,0,0,0,0,0,0,"F3474_mz331.2346_rt0.76",0,172084,172085,TRUE,6,0,3,"Fungal control-associated detection","Early RT","No MS/MS assignment","Unknown"
3493,0.512,333.17761,"Unknown","[M+H]+",NA,0.036,FALSE,"null","null","null","null","null","null",999,FALSE,FALSE,FALSE,"null","null","null","null","null",50.85,0,0,0,0,0,0,0,59419,0,124854,0,0,0,0,0,0,0,63155,0,0,0,0,0,0,0,0,0,0,"F3493_mz333.1776_rt0.51",0,124854,124855,TRUE,3,0,2,"Fungal control-associated detection","Early RT","No MS/MS assignment","Unknown"
3496,0.493,333.21436,"Unknown","[M+H]+",NA,0.036,FALSE,"null","null","null","null","null","null",999,FALSE,FALSE,FALSE,"null","null","null","null","null",19.19,0,0,0,0,0,0,0,44023,51510,121909,0,0,0,0,0,0,0,0,0,0,51139,0,0,0,0,0,0,0,"F3496_mz333.2144_rt0.49",0,121909,121910,TRUE,4,0,3,"Fungal control-associated detection","Very early RT","No MS/MS assignment","Unknown"
3499,0.81,334.16113,"Unknown","[M+H]+","ion correlated with 3149; ion correlated with 2774; ion correlated with 2849; ion correlated with 2182; ion correlated with 5003; ion correlated with 1481; ion correlated with 3812; ion correlated with 1959",0.036,FALSE,"null","null","null","null","null","null",999,FALSE,FALSE,FALSE,"null","null","null","null","null",2670.41,0,0,0,0,0,0,0,165042,331989,199789,62838,0,0,0,0,0,0,6754,13157,91267,130804,171060,0,0,0,0,0,0,"F3499_mz334.1611_rt0.81",0,331989,331990,TRUE,9,1,3,"Fungal control-associated detection","Early RT","No MS/MS assignment","Unknown"
3508,0.426,334.99237,"Unknown","[M+H]+","ion correlated with 203; ion correlated with 2442; ion correlated with 4249; ion correlated with 1822; ion correlated with 1926; ion correlated with 2348; ion correlated with 2903",0.107,FALSE,"null","null","null","null","null","null",999,FALSE,FALSE,FALSE,"null","null","null","null","null",10858.27,0,0,0,0,0,0,0,24930,40628,23557,12099,0,0,660600,921462,679486,5523,18295,0,40806,33554,18502,0,27865,13200,0,0,0,"F3508_mz334.9924_rt0.43",0,921462,921463,TRUE,14,1,3,"Fungal control-associated detection","Very early RT","No MS/MS assignment","Unknown"
3515,3.553,335.22198,"Unknown","[M+H]+","ion correlated with 3115; ion correlated with 3702; ion correlated with 3318; ion correlated with 3338; ion correlated with 2474; ion correlated with 2676; ion correlated with 3745; ion correlated with 3906; ion correlated with 5005; ion correlated with 5013; similar chromatogram in higher mz_3942; similar chromatogram in higher mz_3996",0.107,TRUE,"null","null","null","null","null","null",999,FALSE,FALSE,FALSE,"null","null","null","null","null",94.13,0,0,0,0,2740,0,1652,0,0,0,2553,2081,0,1990828,2459904,6401209,1560,336,0,0,2013,1407,15833,1378,9316,0,0,0,"F3515_mz335.222_rt3.55",0,6401209,6401210,TRUE,14,2,0,"Fungi old-associated detection","RT >= 1 min","MS/MS available","Unknown"
3516,2.627,335.22198,"Unknown","[M+H]+","ion correlated with 2781; ion correlated with 3077; ion correlated with 3317; ion correlated with 1918",0.071,TRUE,"null","null","null","null","null","null",999,FALSE,FALSE,FALSE,"null","null","null","null","null",34.55,2058,0,1934,0,2184,2658,0,5008,6413,6853,0,0,1972,933891,923326,812694,0,0,0,7231,1832,2994,21214,20787,15280,1740,0,456,"F3516_mz335.222_rt2.63",1330.66666666667,933891,701.295619524405,TRUE,17,1,3,"Fungal control-associated detection","RT >= 1 min","MS/MS available","Unknown"
3524,0.931,336.22888,"Unknown","[M+H]+","ion correlated with 4044; ion correlated with 4146; ion correlated with 4194; ion correlated with 4243; ion correlated with 845; ion correlated with 2880; ion correlated with 4393; ion correlated with 4436; ion correlated with 4302; ion correlated with 2515; ion correlated with 4005; ion correlated with 4308; ion correlated with 4322; ion correlated with 2639; ion correlated with 4125; ion correlated with 4468; ion correlated with 4113; ion correlated with 4534",0.214,FALSE,"null","null","null","null","null","null",999,FALSE,FALSE,FALSE,"null","null","null","null","null",19.07,0,0,0,0,0,0,0,181691,187820,218333,26358,0,0,0,0,0,54710,77368,30561,149707,148377,115113,0,0,0,0,0,0,"F3524_mz336.2289_rt0.93",0,218333,218334,TRUE,10,1,3,"Fungal control-associated detection","Early RT","No MS/MS assignment","Unknown"
3532,0.409,337.00818,"Unknown","[M+H]+","ion correlated with 4213; ion correlated with 3168; ion correlated with 3304; ion correlated with 3367; ion correlated with 4047; ion correlated with 4261; ion correlated with 4157; ion correlated with 1863",0.107,FALSE,"null","null","null","null","null","null",999,FALSE,FALSE,FALSE,"null","null","null","null","null",1559.7,0,0,0,0,0,0,0,87818,124410,127532,35054,0,0,0,0,0,30560,64462,33556,82709,104948,84688,0,0,0,0,0,0,"F3532_mz337.0082_rt0.41",0,127532,127533,TRUE,10,1,3,"Fungal control-associated detection","Very early RT","No MS/MS assignment","Unknown"
3540,0.955,337.16116,"Unknown","[M+H]+",NA,0.071,FALSE,"null","null","null","null","null","null",999,FALSE,FALSE,FALSE,"null","null","null","null","null",54.46,0,0,0,0,0,0,0,172323,67550,156204,11195,0,0,83567,76906,174183,22586,0,9790,0,89730,34082,0,0,10058,0,0,0,"F3540_mz337.1612_rt0.96",0,174183,174184,TRUE,12,1,3,"Fungal control-associated detection","Early RT","No MS/MS assignment","Unknown"
3542,0.961,337.20007,"Unknown","[M+H]+",NA,0.107,FALSE,"null","null","null","null","null","null",999,FALSE,FALSE,FALSE,"null","null","null","null","null",1066.89,0,0,0,0,0,0,0,150807,52999,146583,35312,0,0,0,0,0,9173,101770,58006,154663,327314,202577,0,0,0,0,0,0,"F3542_mz337.2001_rt0.96",0,327314,327315,TRUE,10,1,3,"Fungal control-associated detection","Early RT","No MS/MS assignment","Unknown"
3548,5.23,337.27396,"Unknown","[M+H]+","ion correlated with 4417; ion correlated with 4501",0.107,TRUE,"null","null","null","null","null","null",999,FALSE,FALSE,FALSE,"null","null","null","null","null",51.4,0,0,0,0,0,0,0,0,0,0,0,10320,5122,62535,17224,50379,0,0,0,0,0,0,436807,628831,796129,0,0,0,"F3548_mz337.274_rt5.23",0,796129,796130,TRUE,8,2,0,"Fungi old-associated detection","RT >= 1 min","MS/MS available","Unknown"
3549,0.974,337.70117,"Unknown","[M+H]+",NA,0.036,FALSE,"null","null","null","null","null","null",999,FALSE,FALSE,FALSE,"null","null","null","null","null",2456.14,0,0,0,0,0,0,0,0,14991,122807,23297,0,0,0,0,0,0,33317,0,11811,0,80792,0,0,0,0,0,0,"F3549_mz337.7012_rt0.97",0,122807,122808,TRUE,6,1,2,"Fungal control-associated detection","Early RT","No MS/MS assignment","Unknown"
3559,0.441,338.98581,"Unknown","[M+H]+","ion correlated with 4453",0.143,FALSE,"null","null","null","null","null","null",999,FALSE,FALSE,FALSE,"null","null","null","null","null",2648.45,0,0,0,0,0,0,0,170502,105978,106806,92722,0,0,0,0,11440,20723,37896,17686,86965,83299,146405,0,0,11444,0,0,0,"F3559_mz338.9858_rt0.44",0,170502,170503,TRUE,12,1,3,"Fungal control-associated detection","Very early RT","No MS/MS assignment","Unknown"
3562,1.041,339.1077,"Unknown","[M+H]+","ion correlated with 987; ion correlated with 3664; ion correlated with 4557; ion correlated with 3349; ion correlated with 4603; ion correlated with 3140",0.107,TRUE,"null","null","null","null","null","null",999,FALSE,FALSE,FALSE,"null","null","null","null","null",525.33,0,0,0,0,1413,0,0,7494,7315,0,7696,0,0,1625474,2497176,1359074,0,0,0,0,0,0,21604,22706,12479,0,0,0,"F3562_mz339.1077_rt1.04",0,2497176,2497177,TRUE,10,1,2,"Fungal control-associated detection","RT >= 1 min","MS/MS available","Unknown"
3568,1.219,340.08551,"Unknown","[M+H]+","ion correlated with 1939; ion correlated with 2619; ion correlated with 2645; ion correlated with 1003; ion correlated with 1754; ion correlated with 2021",0.107,FALSE,"null","null","null","null","null","null",999,FALSE,FALSE,FALSE,"null","null","null","null","null",734.19,0,0,0,0,0,0,0,0,0,0,100737,276056,223969,0,0,0,0,0,0,0,0,0,0,0,0,0,0,0,"F3568_mz340.0855_rt1.22",0,276056,276057,TRUE,3,3,0,"Fungi old-associated detection","RT >= 1 min","No MS/MS assignment","Unknown"
3571,1.358,340.24884,"Unknown","[M+H]+","ion correlated with 3080; ion correlated with 4842; ion correlated with 2648; ion correlated with 2910; ion correlated with 3726; ion correlated with 3611; ion correlated with 4977; ion correlated with 3000",0.107,TRUE,"null","null","null","null","null","null",999,FALSE,FALSE,FALSE,"null","null","null","null","null",267.47,0,0,0,0,0,1482,0,0,0,0,4817,8373,2816,2413519,1390760,1830086,0,0,0,0,0,0,0,3366,0,0,0,0,"F3571_mz340.2488_rt1.36",0,2413519,2413520,TRUE,8,3,0,"Fungi old-associated detection","RT >= 1 min","MS/MS available","Unknown"
3580,0.939,342.11636,"Unknown","[M+H]+","ion correlated with 3056",0.143,FALSE,"null","null","null","null","null","null",999,FALSE,FALSE,FALSE,"null","null","null","null","null",1253.22,0,0,0,0,0,0,0,0,0,0,0,35712,23517,378304,457709,839190,0,0,0,0,0,0,73081,64331,195972,0,0,0,"F3580_mz342.1164_rt0.94",0,839190,839191,TRUE,8,2,0,"Fungi old-associated detection","Early RT","No MS/MS assignment","Unknown"
3586,2.103,342.22797,"Unknown","[M+H]+","ion correlated with 1547; ion correlated with 532; ion correlated with 3926; ion correlated with 4888; ion correlated with 2562; ion correlated with 3472",0.071,FALSE,"null","null","null","null","null","null",999,FALSE,FALSE,FALSE,"null","null","null","null","null",31.16,0,0,0,0,0,3450,1507,3828,0,0,2174,2163,0,108126,31923,138536,3947,4387,3000,0,2258,0,0,0,0,1878,1416,2092,"F3586_mz342.228_rt2.1",0,138536,138537,TRUE,15,2,1,"Fungi old-associated detection","RT >= 1 min","No MS/MS assignment","Unknown"
3588,0.971,342.68195,"Unknown","[M+H]+","ion correlated with 4199; ion correlated with 2646; ion correlated with 3007; ion correlated with 3243",0.036,FALSE,"null","null","null","null","null","null",999,FALSE,FALSE,FALSE,"null","null","null","null","null",2316.11,0,0,0,0,0,0,0,0,0,0,33538,115806,87061,0,0,0,0,0,0,0,0,0,0,0,0,0,0,0,"F3588_mz342.6819_rt0.97",0,115806,115807,TRUE,3,3,0,"Fungi old-associated detection","Early RT","No MS/MS assignment","Unknown"
3590,0.413,343.02625,"Unknown","[M+H]+","ion correlated with 2241; ion correlated with 2737; ion correlated with 3769; ion correlated with 2967; ion correlated with 1965; ion correlated with 1045; ion correlated with 4401; ion correlated with 1475",0.357,FALSE,"null","null","null","null","null","null",999,FALSE,FALSE,FALSE,"null","null","null","null","null",717.54,0,0,0,0,0,0,0,205703,320754,310528,148371,0,0,0,12752,0,134954,204145,135983,250650,321422,298575,37481,15262,0,0,0,0,"F3590_mz343.0262_rt0.41",0,321422,321423,TRUE,13,1,3,"Fungal control-associated detection","Very early RT","No MS/MS assignment","Unknown"
3600,1.211,344.17102,"Unknown","[M+H]+","ion correlated with 4307; ion correlated with 2871; ion correlated with 4250; ion correlated with 3654; ion correlated with 4110; ion correlated with 4080; ion correlated with 4388; ion correlated with 2740; ion correlated with 4206; ion correlated with 4003; ion correlated with 3957; ion correlated with 4960; ion correlated with 4041; ion correlated with 3635; ion correlated with 4484; ion correlated with 4656; ion correlated with 4803; ion correlated with 4806; ion correlated with 3224; ion correlated with 4726; ion correlated with 1381; ion correlated with 1635; ion correlated with 4100; ion correlated with 4698; ion correlated with 4516; ion correlated with 4688; ion correlated with 4825; ion correlated with 1402; ion correlated with 4942; ion correlated with 2624; ion correlated with 4954; ion correlated with 3886; ion correlated with 3934; ion correlated with 4133",0.036,FALSE,"null","null","null","null","null","null",999,FALSE,FALSE,FALSE,"null","null","null","null","null",40.47,0,0,0,0,0,0,0,6849,0,0,7148,5086,9121,216763,210965,294186,0,0,0,0,2000,0,0,0,0,0,0,0,"F3600_mz344.171_rt1.21",0,294186,294187,TRUE,8,3,1,"Fungi old-associated detection","RT >= 1 min","No MS/MS assignment","Unknown"
3615,0.731,345.25009,"Unknown","[M+H]+","ion correlated with 2644; ion correlated with 790; ion correlated with 4592; ion correlated with 2107; ion correlated with 4520; ion correlated with 2538; ion correlated with 3644; ion correlated with 2304",0.179,FALSE,"null","null","null","null","null","null",999,FALSE,FALSE,FALSE,"null","null","null","null","null",190.14,0,0,0,0,0,0,0,300619,500081,418174,89967,0,0,0,0,0,49482,92736,36716,185826,277379,373746,0,0,0,0,0,0,"F3615_mz345.2501_rt0.73",0,500081,500082,TRUE,10,1,3,"Fungal control-associated detection","Early RT","No MS/MS assignment","Unknown"
3616,0.908,345.25024,"Unknown","[M+H]+","ion correlated with 3552; ion correlated with 712; ion correlated with 3473; ion correlated with 2727; ion correlated with 4054; ion correlated with 601; ion correlated with 2349; ion correlated with 647; ion correlated with 3806",0.393,FALSE,"null","null","null","null","null","null",999,FALSE,FALSE,FALSE,"null","null","null","null","null",169.05,0,0,0,0,0,0,0,568378,730735,528343,153400,0,0,206871,104287,115800,98049,194635,143062,332351,375773,481770,0,0,0,0,0,0,"F3616_mz345.2502_rt0.91",0,730735,730736,TRUE,13,1,3,"Fungal control-associated detection","Early RT","No MS/MS assignment","Unknown"
3619,0.698,346.04639,"Unknown","[M+H]+",NA,0.071,FALSE,"null","null","null","null","null","null",999,FALSE,FALSE,FALSE,"null","null","null","null","null",4141.88,0,0,0,0,0,0,0,0,0,0,0,49930,20106,247609,39559,166579,0,0,0,0,40412,0,0,0,0,0,0,0,"F3619_mz346.0464_rt0.7",0,247609,247610,TRUE,6,2,0,"Fungi old-associated detection","Early RT","No MS/MS assignment","Unknown"
3622,0.432,346.09052,"Unknown","[M+H]+","ion correlated with 3054; ion correlated with 3145; ion correlated with 3306; ion correlated with 3330; ion correlated with 4560; ion correlated with 3813; ion correlated with 4507; ion correlated with 4551; ion correlated with 3755; ion correlated with 2980",0.071,FALSE,"null","null","null","null","null","null",999,FALSE,FALSE,FALSE,"null","null","null","null","null",2001.99,0,0,0,0,0,0,0,75649,0,0,9178,191917,207781,0,0,0,0,7760,8045,6891,0,0,0,0,0,0,0,0,"F3622_mz346.0905_rt0.43",0,207781,207782,TRUE,7,3,1,"Fungi old-associated detection","Very early RT","No MS/MS assignment","Unknown"
3643,0.489,347.22903,"Unknown","[M+H]+","ion correlated with 2573; ion correlated with 2927",0.214,FALSE,"null","null","null","null","null","null",999,FALSE,FALSE,FALSE,"null","null","null","null","null",88.04,0,0,0,0,0,0,0,222495,292348,436567,0,0,0,0,0,0,0,55728,0,119596,167956,182716,0,0,0,0,0,0,"F3643_mz347.229_rt0.49",0,436567,436568,TRUE,7,0,3,"Fungal control-associated detection","Very early RT","No MS/MS assignment","Unknown"
3644,0.769,347.22943,"Unknown","[M+H]+","ion correlated with 3615; ion correlated with 2107; ion correlated with 4520; ion correlated with 2538; ion correlated with 2855; ion correlated with 2304; ion correlated with 3325; ion correlated with 246; ion correlated with 338",0.179,FALSE,"null","null","null","null","null","null",999,FALSE,FALSE,FALSE,"null","null","null","null","null",199.07,0,0,0,0,0,0,0,410583,730106,568306,104364,0,0,0,0,0,19292,30695,16680,215269,381401,527560,0,0,0,0,0,0,"F3644_mz347.2294_rt0.77",0,730106,730107,TRUE,10,1,3,"Fungal control-associated detection","Early RT","No MS/MS assignment","Unknown"
3645,0.645,347.2298,"Unknown","[M+H]+",NA,0.071,FALSE,"null","null","null","null","null","null",999,FALSE,FALSE,FALSE,"null","null","null","null","null",71.93,0,0,0,0,0,0,0,115556,266269,292354,70456,0,0,0,0,0,0,30296,0,78466,183656,278265,0,0,0,0,0,0,"F3645_mz347.2298_rt0.64",0,292354,292355,TRUE,8,1,3,"Fungal control-associated detection","Early RT","No MS/MS assignment","Unknown"
3653,1.103,348.202,"Unknown","[M+H]+","ion correlated with 4912; ion correlated with 4411; ion correlated with 4938; ion correlated with 3386; ion correlated with 4215; ion correlated with 4955; ion correlated with 3370; ion correlated with 955",0.036,FALSE,"null","null","null","null","null","null",999,FALSE,FALSE,FALSE,"null","null","null","null","null",89.66,0,2300,0,0,0,0,0,0,0,7649,25753,7764,15015,137910,59780,32738,0,0,0,7414,6261,11093,0,6973,0,0,0,0,"F3653_mz348.202_rt1.1",766.666666666667,137910,179.649587494572,TRUE,11,3,1,"Fungi old-associated detection","RT >= 1 min","No MS/MS assignment","Unknown"
3655,1.391,348.23859,"Unknown","[M+H]+","ion correlated with 3162; ion correlated with 3382; ion correlated with 3571; ion correlated with 1288; ion correlated with 3870; ion correlated with 4967; ion correlated with 1868; ion correlated with 3795; ion correlated with 4977; ion correlated with 3872; ion correlated with 2752; ion correlated with 3711; ion correlated with 4926; ion correlated with 3925; ion correlated with 4972",0.107,FALSE,"null","null","null","null","null","null",999,FALSE,FALSE,FALSE,"null","null","null","null","null",140.31,0,0,0,0,0,0,0,0,0,0,9077,2434,0,346112,171021,325220,0,0,0,0,0,0,0,0,0,0,0,0,"F3655_mz348.2386_rt1.39",0,346112,346113,TRUE,5,2,0,"Fungi old-associated detection","RT >= 1 min","No MS/MS assignment","Unknown"
3664,1.064,349.12622,"Unknown","[M+H]+","ion correlated with 392; ion correlated with 3140",0.214,TRUE,"null","null","null","null","null","null",999,FALSE,FALSE,FALSE,"null","null","null","null","null",438.01,0,0,0,0,0,0,0,297497,0,0,0,241603,287046,1440721,2575234,2399139,0,0,0,0,0,0,0,0,0,0,0,0,"F3664_mz349.1262_rt1.06",0,2575234,2575235,TRUE,6,2,1,"Fungi old-associated detection","RT >= 1 min","MS/MS available","Unknown"
3665,0.432,349.1608,"Unknown","[M+H]+","ion correlated with 1790; ion correlated with 3054; ion correlated with 3145; ion correlated with 3242; ion correlated with 3936; ion correlated with 4610; ion correlated with 1535",0.071,FALSE,"null","null","null","null","null","null",999,FALSE,FALSE,FALSE,"null","null","null","null","null",70.77,0,0,0,0,0,0,0,0,0,0,0,104902,101842,0,0,0,0,0,0,0,0,0,0,0,0,0,0,0,"F3665_mz349.1608_rt0.43",0,104902,104903,TRUE,2,2,0,"Fungi old-associated detection","Very early RT","No MS/MS assignment","Unknown"
3666,0.433,349.23117,"Unknown","[M+H]+",NA,0.286,FALSE,"null","null","null","null","null","null",999,FALSE,FALSE,FALSE,"null","null","null","null","null",43.85,0,0,2016,0,0,0,0,56322,115491,115296,17525,0,0,250126,521514,321117,31047,41062,35415,54695,121454,102458,108417,93152,0,0,5812,0,"F3666_mz349.2312_rt0.43",672,521514,774.910846953938,TRUE,16,1,3,"Fungal control-associated detection","Very early RT","No MS/MS assignment","Unknown"
3667,3.857,349.23535,"Unknown","[M+H]+",NA,0.107,FALSE,"null","null","null","null","null","null",999,FALSE,FALSE,FALSE,"null","null","null","null","null",47.33,0,0,0,0,0,0,0,0,0,0,0,7632,2780,12407,5581,10662,0,0,0,0,0,0,188882,139106,132864,0,0,0,"F3667_mz349.2353_rt3.86",0,188882,188883,TRUE,8,2,0,"Fungi old-associated detection","RT >= 1 min","No MS/MS assignment","Unknown"
3668,4.014,349.23538,"Unknown","[M+H]+",NA,0.107,FALSE,"null","null","null","null","null","null",999,FALSE,FALSE,FALSE,"null","null","null","null","null",36.3,0,0,0,0,0,0,0,0,0,0,0,6944,1680,2936,1782,2048,0,0,0,0,0,1722,188149,132925,123630,0,0,0,"F3668_mz349.2354_rt4.01",0,188149,188150,TRUE,9,2,0,"Fungi old-associated detection","RT >= 1 min","No MS/MS assignment","Unknown"
3671,1.621,349.23792,"Unknown","[M+H]+","ion correlated with 4748; ion correlated with 3469; ion correlated with 2185; ion correlated with 2279; ion correlated with 4161; ion correlated with 2023; ion correlated with 1898; ion correlated with 2131; ion correlated with 3747; ion correlated with 4992; ion correlated with 3704; ion correlated with 4984; ion correlated with 2119; ion correlated with 2951; ion correlated with 3395; ion correlated with 3353; ion correlated with 2677; ion correlated with 3109",0.107,FALSE,"null","null","null","null","null","null",999,FALSE,FALSE,FALSE,"null","null","null","null","null",21.96,0,0,0,0,0,0,2512,0,0,0,19952,7410,3146,270095,185656,209867,2283,0,0,0,0,0,0,0,0,0,0,0,"F3671_mz349.2379_rt1.62",0,270095,270096,TRUE,8,3,0,"Fungi old-associated detection","RT >= 1 min","No MS/MS assignment","Unknown"
3673,1.518,349.24689,"Unknown","[M+2H]2+",NA,0.036,TRUE,"null","null","null","null","null","null",999,FALSE,FALSE,FALSE,"null","null","null","null","null",181.88,0,0,0,0,0,0,0,0,0,0,451849,66147,44367,97587,64162,103850,0,0,0,0,0,0,0,0,0,0,0,0,"F3673_mz349.2469_rt1.52",0,451849,451850,TRUE,6,3,0,"Fungi old-associated detection","RT >= 1 min","MS/MS available","Unknown"
3674,0.975,349.7146,"Unknown","[M+H]+",NA,0.071,FALSE,"null","null","null","null","null","null",999,FALSE,FALSE,FALSE,"null","null","null","null","null",1085.72,0,0,0,0,0,0,0,104717,68660,72672,32109,0,0,0,0,0,11510,11434,8626,15250,60090,101077,0,0,0,0,0,0,"F3674_mz349.7146_rt0.98",0,104717,104718,TRUE,10,1,3,"Fungal control-associated detection","Early RT","No MS/MS assignment","Unknown"
3675,0.454,349.89313,"Unknown","[M+H]+","ion correlated with 2441; ion correlated with 2532; ion correlated with 2922; ion correlated with 4391",0.143,FALSE,"null","null","null","null","null","null",999,FALSE,FALSE,FALSE,"null","null","null","null","null",186.87,0,2855,0,0,225394,178457,191778,10693,25452,11140,0,0,0,17510,0,24446,7488,9576,9003,7280,12085,12267,0,0,0,44087,50148,165794,"F3675_mz349.8931_rt0.45",951.666666666667,225394,236.593771868439,TRUE,17,0,3,"Fungal control-associated detection","Very early RT","No MS/MS assignment","Unknown"
3676,0.465,350.08893,"Unknown","[M+H]+",NA,0.071,FALSE,"null","null","null","null","null","null",999,FALSE,FALSE,FALSE,"null","null","null","null","null",1157.32,0,0,0,0,0,0,0,0,30157,0,0,146919,107809,44826,77476,66590,0,0,31003,0,40476,0,31343,61613,51710,3448,0,0,"F3676_mz350.0889_rt0.47",0,146919,146920,TRUE,12,2,1,"Fungi old-associated detection","Very early RT","No MS/MS assignment","Unknown"
3679,0.913,350.18185,"Unknown","[M+H]+",NA,0.036,FALSE,"null","null","null","null","null","null",999,FALSE,FALSE,FALSE,"null","null","null","null","null",133.92,0,2652,0,0,0,0,0,83177,0,0,0,124155,97538,0,0,0,0,20888,0,0,0,75930,0,0,0,0,0,0,"F3679_mz350.1818_rt0.91",884,124155,140.289265536723,TRUE,5,2,1,"Fungi old-associated detection","Early RT","No MS/MS assignment","Unknown"
3686,1.273,351.14203,"Unknown","[M+H]+","ion correlated with 3626",0.071,FALSE,"null","null","null","null","null","null",999,FALSE,FALSE,FALSE,"null","null","null","null","null",45.79,0,0,0,0,0,0,0,0,0,4191,4786,2443,6315,111949,51486,79695,0,0,0,0,0,6981,32776,133743,10025,0,0,0,"F3686_mz351.142_rt1.27",0,133743,133744,TRUE,11,3,1,"Fungi old-associated detection","RT >= 1 min","No MS/MS assignment","Unknown"
3687,0.494,351.17618,"Unknown","[M+H]+","ion correlated with 3145; ion correlated with 3813; ion correlated with 3859",0.036,FALSE,"null","null","null","null","null","null",999,FALSE,FALSE,FALSE,"null","null","null","null","null",3308.11,0,0,0,0,0,0,0,72316,0,0,0,165406,119508,0,0,0,0,0,34746,0,0,0,0,0,0,0,0,0,"F3687_mz351.1762_rt0.49",0,165406,165407,TRUE,4,2,1,"Fungi old-associated detection","Very early RT","No MS/MS assignment","Unknown"
3688,0.659,351.17627,"Unknown","[M+H]+",NA,0.036,FALSE,"null","null","null","null","null","null",999,FALSE,FALSE,FALSE,"null","null","null","null","null",43.77,0,0,0,0,0,0,0,128542,0,0,0,170116,139271,0,0,0,0,0,0,26951,0,0,0,0,0,0,0,0,"F3688_mz351.1763_rt0.66",0,170116,170117,TRUE,4,2,1,"Fungi old-associated detection","Early RT","No MS/MS assignment","Unknown"
3710,0.888,353.18414,"Unknown","[M+H]+","ion correlated with 375; ion correlated with 2695; ion correlated with 3860",0.071,FALSE,"null","null","null","null","null","null",999,FALSE,FALSE,FALSE,"null","null","null","null","null",54.16,0,0,0,0,0,0,0,0,7483,42182,4134,0,0,155950,115922,185172,21595,0,0,26221,0,0,0,0,0,0,0,0,"F3710_mz353.1841_rt0.89",0,185172,185173,TRUE,8,1,2,"Fungal control-associated detection","Early RT","No MS/MS assignment","Unknown"
3712,1.663,353.23016,"Unknown","[M+H]+",NA,0.143,TRUE,"null","null","null","null","null","null",999,FALSE,FALSE,FALSE,"null","null","null","null","null",47.81,3608,3094,1957,0,0,5134,3865,210798,260643,283225,72915,0,0,2750,2426,3970,13720,29139,14721,71700,150510,184917,2180,3630,1922,4746,2692,1702,"F3712_mz353.2302_rt1.66",2886.33333333333,283225,98.0925883167859,TRUE,21,1,3,"Fungal control-associated detection","RT >= 1 min","MS/MS available","Unknown"
3714,1.463,353.24805,"Unknown","[M+H]+","ion correlated with 4562; ion correlated with 4376",0.036,FALSE,"null","null","null","null","null","null",999,FALSE,FALSE,FALSE,"null","null","null","null","null",39.84,0,0,0,0,0,0,0,0,0,0,11726,110819,91148,11048,5964,28072,0,0,0,0,0,0,0,0,0,0,0,0,"F3714_mz353.248_rt1.46",0,110819,110820,TRUE,6,3,0,"Fungi old-associated detection","RT >= 1 min","No MS/MS assignment","Unknown"
3721,0.963,354.07913,"Unknown","[M+H]+","ion correlated with 3931; ion correlated with 3614; ion correlated with 2328; ion correlated with 4243; ion correlated with 4137; ion correlated with 999; ion correlated with 3501; ion correlated with 647; ion correlated with 2055; ion correlated with 4252; ion correlated with 2248; ion correlated with 3443; ion correlated with 845; ion correlated with 3601; ion correlated with 4397; ion correlated with 4036; ion correlated with 4637; ion correlated with 3248; ion correlated with 2515; ion correlated with 2432; ion correlated with 3269; ion correlated with 1960; ion correlated with 4231; ion correlated with 3920; ion correlated with 4125; ion correlated with 4454; ion correlated with 3155; ion correlated with 4150; ion correlated with 4138; ion correlated with 1750; ion correlated with 911; ion correlated with 2228; ion correlated with 4178",0.214,FALSE,"null","null","null","null","null","null",999,FALSE,FALSE,FALSE,"null","null","null","null","null",114.39,0,0,0,0,0,0,0,297708,351940,323637,90087,0,0,0,0,0,48202,33701,78942,172851,284114,257597,24329,0,17278,0,0,0,"F3721_mz354.0791_rt0.96",0,351940,351941,TRUE,12,1,3,"Fungal control-associated detection","Early RT","No MS/MS assignment","Unknown"
3731,0.843,355.15558,"Unknown","[M+H]+",NA,0.036,FALSE,"null","null","null","null","null","null",999,FALSE,FALSE,FALSE,"null","null","null","null","null",241.36,0,0,0,0,0,0,0,0,0,0,263015,4259,2646,0,0,0,0,0,0,0,0,0,0,0,0,0,0,0,"F3731_mz355.1556_rt0.84",0,263015,263016,TRUE,3,3,0,"Fungi old-associated detection","Early RT","No MS/MS assignment","Unknown"
3733,1.17,355.17358,"Unknown","[M+H]+","ion correlated with 4167; ion correlated with 4019; ion correlated with 1764; ion correlated with 4640; ion correlated with 4223; ion correlated with 4153; ion correlated with 4192; ion correlated with 3143; ion correlated with 4250; ion correlated with 1598; ion correlated with 1870; ion correlated with 4797; ion correlated with 4792; ion correlated with 2013; ion correlated with 4871",0.107,FALSE,"null","null","null","null","null","null",999,FALSE,FALSE,FALSE,"null","null","null","null","null",55.77,0,0,0,0,2544,2200,1695,7076,4878,0,0,0,11004,507570,413162,255331,3546,0,0,0,0,8040,60636,30207,4771,0,0,0,"F3733_mz355.1736_rt1.17",0,507570,507571,TRUE,14,1,2,"Fungal control-associated detection","RT >= 1 min","No MS/MS assignment","Unknown"
3739,1.15,356.24377,"Unknown","[M+H]+","ion correlated with 4733; ion correlated with 3638; ion correlated with 4412; ion correlated with 3305; ion correlated with 4838; ion correlated with 4480; ion correlated with 4333; ion correlated with 4307; ion correlated with 2871; ion correlated with 3654; ion correlated with 1896; ion correlated with 4206; ion correlated with 4003; ion correlated with 3957; ion correlated with 3910; ion correlated with 4960; ion correlated with 1410; ion correlated with 4041; ion correlated with 4762; ion correlated with 4484; ion correlated with 4656; ion correlated with 4806; ion correlated with 3224; ion correlated with 4726; ion correlated with 4448; ion correlated with 1381; ion correlated with 1635; ion correlated with 3816; ion correlated with 4698; ion correlated with 4516",0.107,FALSE,"null","null","null","null","null","null",999,FALSE,FALSE,FALSE,"null","null","null","null","null",58.06,0,0,0,0,0,0,0,0,0,0,4538,0,6858,151993,148746,257916,0,0,0,0,0,0,0,0,0,0,0,0,"F3739_mz356.2438_rt1.15",0,257916,257917,TRUE,5,2,0,"Fungi old-associated detection","RT >= 1 min","No MS/MS assignment","Unknown"
3746,2.08,357.20392,"Unknown","[M+H]+","ion correlated with 3520; ion correlated with 1751; ion correlated with 2381; ion correlated with 2674; ion correlated with 3323; ion correlated with 3503; ion correlated with 5004; ion correlated with 5012; ion correlated with 3703; ion correlated with 3079; found in higher mz's MsMs_5012",0.107,TRUE,"null","null","null","null","null","null",999,FALSE,FALSE,FALSE,"null","null","null","null","null",2763.29,0,0,0,0,0,0,0,0,3208,2508,0,0,0,16508531,12708528,15110422,2186,0,0,0,4062,0,102020,11208,32103,0,0,0,"F3746_mz357.2039_rt2.08",0,16508531,16508532,TRUE,10,0,2,"Fungal control-associated detection","RT >= 1 min","MS/MS available","Unknown"
3751,1.568,357.24451,"Unknown","[M+H]+","ion correlated with 5048; ion correlated with 5078; ion correlated with 3840; ion correlated with 5074; ion correlated with 5108",0.036,FALSE,"null","null","null","null","null","null",999,FALSE,FALSE,FALSE,"null","null","null","null","null",49.49,0,0,0,0,0,0,0,0,0,0,172243,24097,35590,0,0,0,0,0,0,0,0,0,0,1766,0,0,0,0,"F3751_mz357.2445_rt1.57",0,172243,172244,TRUE,4,3,0,"Fungi old-associated detection","RT >= 1 min","No MS/MS assignment","Unknown"
3754,0.581,358.13486,"Unknown","[M+H]+",NA,0.036,FALSE,"null","null","null","null","null","null",999,FALSE,FALSE,FALSE,"null","null","null","null","null",114.24,0,0,0,0,0,0,0,86777,0,0,84394,124115,129562,0,0,0,0,0,0,0,0,25790,0,0,0,0,0,0,"F3754_mz358.1349_rt0.58",0,129562,129563,TRUE,5,3,1,"Fungi old-associated detection","Early RT","No MS/MS assignment","Unknown"
3755,0.484,358.1355,"Unknown","[M+H]+","ion correlated with 3622; ion correlated with 3145; ion correlated with 3330; ion correlated with 3813; ion correlated with 4551; ion correlated with 3805",0.071,FALSE,"null","null","null","null","null","null",999,FALSE,FALSE,FALSE,"null","null","null","null","null",144.73,0,0,0,0,0,0,0,65730,0,0,0,124205,175435,0,0,0,0,0,0,0,0,0,0,0,0,0,0,0,"F3755_mz358.1355_rt0.48",0,175435,175436,TRUE,3,2,1,"Fungi old-associated detection","Very early RT","No MS/MS assignment","Unknown"
3760,1.736,358.29556,"Unknown","[M+H]+","ion correlated with 2585",0.107,TRUE,"null","null","null","null","null","null",999,FALSE,FALSE,FALSE,"null","null","null","null","null",145.84,5663,0,0,0,0,0,0,3224,14792,2117,2724,0,0,940225,788638,1163341,0,0,0,0,0,0,0,0,0,0,0,0,"F3760_mz358.2956_rt1.74",1887.66666666667,1163341,615.959406989057,TRUE,7,1,3,"Fungal control-associated detection","RT >= 1 min","MS/MS available","Unknown"
3765,0.445,358.92139,"Unknown","[M+H]+","ion correlated with 3718; ion correlated with 3187; ion correlated with 4064; ion correlated with 1564; ion correlated with 4097; ion correlated with 2873; ion correlated with 2627; ion correlated with 3901",0.036,FALSE,"null","null","null","null","null","null",999,FALSE,FALSE,FALSE,"null","null","null","null","null",9.69,0,0,0,0,0,0,0,0,0,0,0,10793,7816,114782,29744,57449,0,0,0,0,0,0,0,0,0,3656,3624,0,"F3765_mz358.9214_rt0.44",0,114782,114783,TRUE,7,2,0,"Fungi old-associated detection","Very early RT","No MS/MS assignment","Unknown"
3769,0.413,359.00003,"Unknown","[M+H]+","ion correlated with 2218; ion correlated with 1801; ion correlated with 2737; ion correlated with 3590; ion correlated with 2967; ion correlated with 710; ion correlated with 1965; ion correlated with 1045; ion correlated with 4401",0.357,FALSE,"null","null","null","null","null","null",999,FALSE,FALSE,FALSE,"null","null","null","null","null",33.5,0,0,0,0,0,0,0,290173,428425,391806,115279,0,0,0,0,0,127233,189365,144061,306955,346697,374523,0,0,0,0,0,0,"F3769_mz359_rt0.41",0,428425,428426,TRUE,10,1,3,"Fungal control-associated detection","Very early RT","No MS/MS assignment","Unknown"
3771,1.014,359.13416,"Unknown","[M+H]+","ion correlated with 4058; ion correlated with 4151; ion correlated with 1687; ion correlated with 3983",0.036,FALSE,"null","null","null","null","null","null",999,FALSE,FALSE,FALSE,"null","null","null","null","null",27.79,0,0,0,0,0,0,0,0,0,0,8384,16940,10855,132120,71170,234216,0,5748,0,0,3161,0,0,0,0,0,0,0,"F3771_mz359.1342_rt1.01",0,234216,234217,TRUE,8,3,0,"Fungi old-associated detection","RT >= 1 min","No MS/MS assignment","Unknown"
3772,1.167,359.14929,"Unknown","[M+H]+","ion correlated with 1747; ion correlated with 1764; ion correlated with 4684; ion correlated with 4543; ion correlated with 3898; ion correlated with 3143; ion correlated with 1598; ion correlated with 4719; ion correlated with 4341; ion correlated with 4166; ion correlated with 798; ion correlated with 4952; ion correlated with 3635; ion correlated with 4743; ion correlated with 4797; ion correlated with 4792; ion correlated with 2013; ion correlated with 4871; ion correlated with 4381",0.107,FALSE,"null","null","null","null","null","null",999,FALSE,FALSE,FALSE,"null","null","null","null","null",56.08,0,0,0,0,0,0,0,11342,4541,6515,0,0,7000,749535,234380,373958,0,0,0,5235,0,0,25014,9738,18540,0,0,0,"F3772_mz359.1493_rt1.17",0,749535,749536,TRUE,11,1,3,"Fungal control-associated detection","RT >= 1 min","No MS/MS assignment","Unknown"
3783,0.997,360.16534,"Unknown","[M+H]+",NA,0.071,TRUE,"null","null","null","null","null","null",999,FALSE,FALSE,FALSE,"null","null","null","null","null",1576.4,0,0,0,0,1503,0,0,0,0,0,0,19900,14613,793464,809462,1114000,0,0,0,0,0,0,4589810,904573,1389639,0,0,0,"F3783_mz360.1653_rt1",0,4589810,4589811,TRUE,9,2,0,"Fungi old-associated detection","Early RT","MS/MS available","Unknown"
3787,0.484,360.22522,"Unknown","[M+H]+",NA,0.036,FALSE,"null","null","null","null","null","null",999,FALSE,FALSE,FALSE,"null","null","null","null","null",22.16,0,0,0,0,0,0,0,112775,0,64294,0,0,0,0,0,0,0,0,0,0,46464,75697,0,0,0,0,0,0,"F3787_mz360.2252_rt0.48",0,112775,112776,TRUE,4,0,2,"Fungal control-associated detection","Very early RT","No MS/MS assignment","Unknown"
3795,1.361,361.17792,"Unknown","[M+H]+","ion correlated with 3080; ion correlated with 4842; ion correlated with 2121; ion correlated with 2648; ion correlated with 3382; ion correlated with 3571; ion correlated with 3726; ion correlated with 3870; ion correlated with 3611; ion correlated with 4977; ion correlated with 3872; ion correlated with 3000",0.107,FALSE,"null","null","null","null","null","null",999,FALSE,FALSE,FALSE,"null","null","null","null","null",367.52,0,0,0,0,0,0,0,3733,0,0,2175,0,4376,933126,541235,942187,0,0,0,0,0,0,0,0,0,0,0,0,"F3795_mz361.1779_rt1.36",0,942187,942188,TRUE,6,2,1,"Fungi old-associated detection","RT >= 1 min","No MS/MS assignment","Unknown"
3797,0.781,361.24561,"Unknown","[M+H]+","ion correlated with 3184; ion correlated with 1548; ion correlated with 3474; ion correlated with 3149; ion correlated with 2849; ion correlated with 4043; ion correlated with 3893; ion correlated with 3499; ion correlated with 5003; ion correlated with 3812",0.036,FALSE,"null","null","null","null","null","null",999,FALSE,FALSE,FALSE,"null","null","null","null","null",40.26,0,0,0,0,0,0,0,125357,228698,155946,14054,0,0,0,0,0,0,0,17597,27501,68789,107752,0,0,0,0,0,0,"F3797_mz361.2456_rt0.78",0,228698,228699,TRUE,8,1,3,"Fungal control-associated detection","Early RT","No MS/MS assignment","Unknown"
3799,1.217,362.06732,"Unknown","[M+H]+","ion correlated with 2799; ion correlated with 1939; ion correlated with 1003; ion correlated with 1754; ion correlated with 2021; ion correlated with 4633; ion correlated with 4128; ion correlated with 4583; ion correlated with 3568",0.071,FALSE,"null","null","null","null","null","null",999,FALSE,FALSE,FALSE,"null","null","null","null","null",2555.47,0,0,1600,0,0,0,0,0,0,0,37033,134110,121437,0,0,0,0,0,0,0,0,0,0,0,0,0,0,0,"F3799_mz362.0673_rt1.22",533.333333333333,134110,250.987523393637,TRUE,3,3,0,"Fungi old-associated detection","RT >= 1 min","No MS/MS assignment","Unknown"
3800,0.875,362.08646,"Unknown","[M+H]+","ion correlated with 4182; ion correlated with 2734; ion correlated with 3006; ion correlated with 3015; ion correlated with 4199",0.071,FALSE,"null","null","null","null","null","null",999,FALSE,FALSE,FALSE,"null","null","null","null","null",1837.11,0,0,0,0,0,0,0,0,0,0,23844,181336,145916,15382,0,0,0,0,0,0,0,0,0,0,0,0,0,0,"F3800_mz362.0865_rt0.88",0,181336,181337,TRUE,4,3,0,"Fungi old-associated detection","Early RT","No MS/MS assignment","Unknown"
3805,0.475,362.19257,"Unknown","[M+H]+","ion correlated with 3755",0.036,FALSE,"null","null","null","null","null","null",999,FALSE,FALSE,FALSE,"null","null","null","null","null",2598.19,0,0,0,0,0,0,0,102650,0,0,0,96897,129910,0,0,19508,0,0,0,0,0,0,0,0,0,0,0,0,"F3805_mz362.1926_rt0.48",0,129910,129911,TRUE,4,2,1,"Fungi old-associated detection","Very early RT","No MS/MS assignment","Unknown"
3807,1.782,362.29044,"Unknown","[M+H]+","ion correlated with 2126",0.107,TRUE,"null","null","null","null","null","null",999,FALSE,FALSE,FALSE,"null","null","null","null","null",68.94,0,0,0,0,0,0,0,10810,5507,3404,3698,0,0,0,0,0,0,1715,0,0,4182,7237,208270,356556,326277,0,0,0,"F3807_mz362.2904_rt1.78",0,356556,356557,TRUE,10,1,3,"Fungal control-associated detection","RT >= 1 min","MS/MS available","Unknown"
3808,1.943,362.2905,"Unknown","[M+H]+","ion correlated with 3862; ion correlated with 2127",0.107,TRUE,"null","null","null","null","null","null",999,FALSE,FALSE,FALSE,"null","null","null","null","null",69.26,0,0,0,0,0,0,0,3149,2114,0,0,0,0,2368,0,0,0,0,0,0,3429,3917,192082,306026,346669,0,0,0,"F3808_mz362.2905_rt1.94",0,346669,346670,TRUE,8,0,2,"Fungal control-associated detection","RT >= 1 min","MS/MS available","Unknown"
3809,1.44,362.29068,"Unknown","[M+H]+","ion correlated with 1024; ion correlated with 2784; ion correlated with 3877; ion correlated with 3842",0.179,FALSE,"null","null","null","null","null","null",999,FALSE,FALSE,FALSE,"null","null","null","null","null",73.63,0,0,0,0,0,0,0,121505,119658,175086,40889,0,0,0,0,0,17903,30072,17622,88671,117774,141214,0,2611,0,0,0,0,"F3809_mz362.2907_rt1.44",0,175086,175087,TRUE,11,1,3,"Fungal control-associated detection","RT >= 1 min","No MS/MS assignment","Unknown"
3811,0.418,362.92712,"Unknown","[M+H]+","ion correlated with 1790",0.036,FALSE,"null","null","null","null","null","null",999,FALSE,FALSE,FALSE,"null","null","null","null","null",32.47,0,0,0,0,8419,0,0,0,19929,0,29192,86070,128204,0,0,0,17462,0,18823,0,0,0,0,0,0,0,0,0,"F3811_mz362.9271_rt0.42",0,128204,128205,TRUE,7,3,1,"Fungi old-associated detection","Very early RT","No MS/MS assignment","Unknown"
3812,0.818,363.1561,"Unknown","[M+H]+","ion correlated with 3149; ion correlated with 2849; ion correlated with 3797; ion correlated with 4043; ion correlated with 2182; ion correlated with 3499; ion correlated with 5003; ion correlated with 1481; ion correlated with 1959",0.179,FALSE,"null","null","null","null","null","null",999,FALSE,FALSE,FALSE,"null","null","null","null","null",3489.29,0,0,0,0,0,0,0,152784,334099,261873,38064,0,0,0,0,0,0,11362,0,39489,117091,166041,0,0,0,0,0,0,"F3812_mz363.1561_rt0.82",0,334099,334100,TRUE,8,1,3,"Fungal control-associated detection","Early RT","No MS/MS assignment","Unknown"
3813,0.461,363.17682,"Unknown","[M+H]+","ion correlated with 3622; ion correlated with 3497; ion correlated with 3330; ion correlated with 4560; ion correlated with 4507; ion correlated with 3755; ion correlated with 2980",0.071,FALSE,"null","null","null","null","null","null",999,FALSE,FALSE,FALSE,"null","null","null","null","null",2538.18,0,0,0,0,0,0,0,131309,0,0,0,232654,242458,0,0,0,0,0,0,0,0,33494,0,0,0,0,0,0,"F3813_mz363.1768_rt0.46",0,242458,242459,TRUE,4,2,1,"Fungi old-associated detection","Very early RT","No MS/MS assignment","Unknown"
3815,1.281,363.21677,"Unknown","[M+H]+","ion correlated with 2872; ion correlated with 3642; ion correlated with 2624; ion correlated with 3886; ion correlated with 3934; ion correlated with 4174; ion correlated with 4133; ion correlated with 4159; ion correlated with 3956; ion correlated with 3513; ion correlated with 4801",0.036,FALSE,"null","null","null","null","null","null",999,FALSE,FALSE,FALSE,"null","null","null","null","null",15.59,0,0,0,0,0,0,0,0,0,0,3011,3648,6439,81221,39926,143387,0,0,0,0,0,0,0,0,0,0,0,0,"F3815_mz363.2168_rt1.28",0,143387,143388,TRUE,6,3,0,"Fungi old-associated detection","RT >= 1 min","No MS/MS assignment","Unknown"
3816,1.203,363.21716,"Unknown","[M+H]+","ion correlated with 2871; ion correlated with 1896; ion correlated with 4484; ion correlated with 4726; ion correlated with 4516; ion correlated with 3846; ion correlated with 2872; ion correlated with 3642; ion correlated with 1402; ion correlated with 4942; ion correlated with 2624; ion correlated with 4954; ion correlated with 3695; ion correlated with 3886; ion correlated with 3934; ion correlated with 3495; ion correlated with 4068",0.107,FALSE,"null","null","null","null","null","null",999,FALSE,FALSE,FALSE,"null","null","null","null","null",46.53,0,0,0,0,0,0,0,0,0,0,0,3680,8743,333994,222488,694548,0,0,0,0,0,0,0,0,0,2041,0,0,"F3816_mz363.2172_rt1.2",0,694548,694549,TRUE,6,2,0,"Fungi old-associated detection","RT >= 1 min","No MS/MS assignment","Unknown"
3829,0.419,365.01175,"Unknown","[M+H]+","ion correlated with 4413; ion correlated with 3508; ion correlated with 4249; ion correlated with 3095; ion correlated with 3069; ion correlated with 998; ion correlated with 1091; ion correlated with 4124; ion correlated with 977",0.107,FALSE,"null","null","null","null","null","null",999,FALSE,FALSE,FALSE,"null","null","null","null","null",5754.31,0,0,0,0,0,0,0,7361,0,9070,0,0,0,228230,359402,275514,0,13254,0,18340,10306,10384,51752,88151,65783,0,0,0,"F3829_mz365.0118_rt0.42",0,359402,359403,TRUE,12,0,2,"Fungal control-associated detection","Very early RT","No MS/MS assignment","Unknown"
3830,1.075,365.10025,"Unknown","[M+H]+","ion correlated with 4037; ion correlated with 3608; ion correlated with 4687; ion correlated with 4207; ion correlated with 3741; ion correlated with 1403; ion correlated with 3962; ion correlated with 392; ion correlated with 4693",0.071,FALSE,"null","null","null","null","null","null",999,FALSE,FALSE,FALSE,"null","null","null","null","null",540.36,0,0,0,0,0,0,0,10293,14252,16879,0,0,0,623193,774684,1077820,32667,16855,44188,18189,1351,9191,17848,19003,5937,0,0,0,"F3830_mz365.1003_rt1.07",0,1077820,1077821,TRUE,15,0,3,"Fungal control-associated detection","RT >= 1 min","No MS/MS assignment","Unknown"
3840,1.627,365.24185,"Unknown","[M+H]+","ion correlated with 3751; ion correlated with 5048; ion correlated with 5078; ion correlated with 5074; ion correlated with 5108; ion correlated with 5101",0.036,FALSE,"null","null","null","null","null","null",999,FALSE,FALSE,FALSE,"null","null","null","null","null",51.69,0,0,0,0,0,0,0,0,0,0,100001,15782,23346,4281,6774,5842,0,0,0,0,0,0,0,0,0,0,0,0,"F3840_mz365.2418_rt1.63",0,100001,100002,TRUE,6,3,0,"Fungi old-associated detection","RT >= 1 min","No MS/MS assignment","Unknown"
3841,1.604,365.3168,"Unknown","[M+H]+","ion correlated with 3950",0.036,FALSE,"null","null","null","null","null","null",999,FALSE,FALSE,FALSE,"null","null","null","null","null",63.26,0,0,0,0,0,0,0,78666,141320,147242,22124,0,0,0,0,0,3244,13845,3712,41174,71107,75996,0,0,0,0,0,0,"F3841_mz365.3168_rt1.6",0,147242,147243,TRUE,10,1,3,"Fungal control-associated detection","RT >= 1 min","No MS/MS assignment","Unknown"
3842,1.491,365.31693,"Unknown","[M+H]+","ion correlated with 3809",0.214,TRUE,"null","null","null","null","null","null",999,FALSE,FALSE,FALSE,"null","null","null","null","null",104.13,0,0,0,0,0,0,0,120298,184074,197382,33165,0,0,0,0,0,25569,43519,20922,127605,187467,223696,0,0,0,0,0,0,"F3842_mz365.3169_rt1.49",0,223696,223697,TRUE,10,1,3,"Fungal control-associated detection","RT >= 1 min","MS/MS available","Unknown"
3843,1.294,366.1377,"Unknown","[M+H]+","ion correlated with 3857",0.107,TRUE,"null","null","null","null","null","null",999,FALSE,FALSE,FALSE,"null","null","null","null","null",107.82,0,0,0,0,0,0,0,0,0,0,114347,812733,460091,0,0,0,4454,16303,7950,0,6047,3280,0,0,0,0,0,0,"F3843_mz366.1377_rt1.29",0,812733,812734,TRUE,8,3,0,"Fungi old-associated detection","RT >= 1 min","MS/MS available","Unknown"
3857,1.32,367.12167,"Unknown","[M+H]+","ion correlated with 3843; ion correlated with 2579",0.071,TRUE,"null","null","null","null","null","null",999,FALSE,FALSE,FALSE,"null","null","null","null","null",117.27,0,0,0,0,0,0,0,0,0,0,94401,552671,227097,3215,0,0,0,6485,2938,0,0,0,0,0,0,0,0,0,"F3857_mz367.1217_rt1.32",0,552671,552672,TRUE,6,3,0,"Fungi old-associated detection","RT >= 1 min","MS/MS available","Unknown"
3859,0.484,367.17175,"Unknown","[M+H]+","ion correlated with 3622; ion correlated with 3145; ion correlated with 3813; ion correlated with 3687",0.036,FALSE,"null","null","null","null","null","null",999,FALSE,FALSE,FALSE,"null","null","null","null","null",113.9,0,0,0,0,0,0,0,51791,0,0,0,115269,80461,0,0,0,0,0,0,0,0,0,0,0,0,0,0,0,"F3859_mz367.1717_rt0.48",0,115269,115270,TRUE,3,2,1,"Fungi old-associated detection","Very early RT","No MS/MS assignment","Unknown"
3865,1.531,367.33258,"Unknown","[M+H]+","ion correlated with 3842; ion correlated with 3950",0.143,FALSE,"null","null","null","null","null","null",999,FALSE,FALSE,FALSE,"null","null","null","null","null",29.87,0,0,0,0,0,0,0,87164,136265,144496,29418,0,0,0,0,0,14392,19209,11432,65609,114664,103369,0,0,0,1745,0,0,"F3865_mz367.3326_rt1.53",0,144496,144497,TRUE,11,1,3,"Fungal control-associated detection","RT >= 1 min","No MS/MS assignment","Unknown"
3870,1.359,368.24374,"Unknown","[M+H]+","ion correlated with 2996; ion correlated with 2121; ion correlated with 3382; ion correlated with 3795; ion correlated with 4977; ion correlated with 3872",0.036,FALSE,"null","null","null","null","null","null",999,FALSE,FALSE,FALSE,"null","null","null","null","null",34.99,0,0,0,0,0,0,0,0,3508,4995,0,0,0,488992,344376,702498,0,0,0,0,0,0,0,0,0,0,0,0,"F3870_mz368.2437_rt1.36",0,702498,702499,TRUE,5,0,2,"Fungal control-associated detection","RT >= 1 min","No MS/MS assignment","Unknown"
3884,1.617,370.19934,"Unknown","[M+H]+","ion correlated with 3281; ion correlated with 4053; ion correlated with 4748; ion correlated with 2185; ion correlated with 2023; ion correlated with 1898; ion correlated with 3199; ion correlated with 3441; ion correlated with 3747; ion correlated with 3320; ion correlated with 3704; ion correlated with 2119; ion correlated with 3353; ion correlated with 3109",0.071,FALSE,"null","null","null","null","null","null",999,FALSE,FALSE,FALSE,"null","null","null","null","null",64.84,0,0,0,0,0,0,0,4694,2494,2788,0,0,0,162374,95220,228915,0,0,0,0,0,0,0,0,0,1717,0,1986,"F3884_mz370.1993_rt1.62",0,228915,228916,TRUE,8,0,3,"Fungal control-associated detection","RT >= 1 min","No MS/MS assignment","Unknown"
3893,0.791,371.14633,"Unknown","[M+H]+","ion correlated with 3797; ion correlated with 5003",0.071,FALSE,"null","null","null","null","null","null",999,FALSE,FALSE,FALSE,"null","null","null","null","null",30.1,0,0,0,0,0,0,0,109474,182347,119995,73584,0,0,0,0,0,0,0,0,0,65165,104612,0,0,0,0,0,0,"F3893_mz371.1463_rt0.79",0,182347,182348,TRUE,6,1,3,"Fungal control-associated detection","Early RT","No MS/MS assignment","Unknown"
3909,1.884,373.19901,"Unknown","[M+H]+","ion correlated with 3494; ion correlated with 3283",0.107,TRUE,"null","null","null","null","null","null",999,FALSE,FALSE,FALSE,"null","null","null","null","null",253.79,0,0,0,0,0,0,0,0,590,2673,3340,0,0,2132289,1314387,1930842,0,0,2454,0,2603,0,0,0,2556,0,0,0,"F3909_mz373.199_rt1.88",0,2132289,2132290,TRUE,9,1,2,"Fungal control-associated detection","RT >= 1 min","MS/MS available","Unknown"
3912,0.907,373.28119,"Unknown","[M+H]+","ion correlated with 4846; ion correlated with 4044; ion correlated with 4735; ion correlated with 4160; ion correlated with 4146; ion correlated with 4243; ion correlated with 1973; ion correlated with 999; ion correlated with 1933; ion correlated with 2319; ion correlated with 845; ion correlated with 2880; ion correlated with 4393; ion correlated with 4302; ion correlated with 2515",0.036,FALSE,"null","null","null","null","null","null",999,FALSE,FALSE,FALSE,"null","null","null","null","null",69.95,0,0,0,0,0,0,0,158292,230984,179257,89807,0,0,0,0,0,0,64081,11984,119879,106412,143449,0,0,0,0,0,0,"F3912_mz373.2812_rt0.91",0,230984,230985,TRUE,9,1,3,"Fungal control-associated detection","Early RT","No MS/MS assignment","Unknown"
3914,0.769,374.11935,"Unknown","[M+H]+","ion correlated with 888; ion correlated with 2830",0.071,FALSE,"null","null","null","null","null","null",999,FALSE,FALSE,FALSE,"null","null","null","null","null",1080.63,0,0,0,0,0,0,0,101615,81701,103490,32578,0,0,0,0,0,0,0,0,53128,117163,135191,0,0,0,0,0,0,"F3914_mz374.1194_rt0.77",0,135191,135192,TRUE,7,1,3,"Fungal control-associated detection","Early RT","No MS/MS assignment","Unknown"
3922,0.49,374.24042,"Unknown","[M+H]+",NA,0.071,FALSE,"null","null","null","null","null","null",999,FALSE,FALSE,FALSE,"null","null","null","null","null",89.76,0,0,0,0,0,0,0,144448,109732,142649,0,0,0,0,0,0,0,0,0,0,164620,95353,0,0,0,0,0,0,"F3922_mz374.2404_rt0.49",0,164620,164621,TRUE,5,0,3,"Fungal control-associated detection","Very early RT","No MS/MS assignment","Unknown"
3923,0.711,374.24063,"Unknown","[M+H]+","ion correlated with 4186; ion correlated with 4592; ion correlated with 3466; ion correlated with 3615; ion correlated with 2107; ion correlated with 3149",0.214,FALSE,"null","null","null","null","null","null",999,FALSE,FALSE,FALSE,"null","null","null","null","null",137.24,0,0,0,0,0,0,0,242093,323289,317863,55029,0,0,0,0,0,21881,39986,0,128335,172012,176825,0,0,0,0,0,0,"F3923_mz374.2406_rt0.71",0,323289,323290,TRUE,9,1,3,"Fungal control-associated detection","Early RT","No MS/MS assignment","Unknown"
3925,1.434,374.29077,"Unknown","[M+H]+","ion correlated with 1599; ion correlated with 3655; ion correlated with 3711; ion correlated with 3249; ion correlated with 4926; ion correlated with 4972; ion correlated with 3440; ion correlated with 3556; ion correlated with 3050; ion correlated with 5120; ion correlated with 3298; ion correlated with 3110; ion correlated with 4134",0.107,FALSE,"null","null","null","null","null","null",999,FALSE,FALSE,FALSE,"null","null","null","null","null",56.23,0,0,0,0,0,0,0,3091,0,5418,0,0,0,203502,123032,211418,0,0,0,0,0,2961,0,0,0,0,0,0,"F3925_mz374.2908_rt1.43",0,211418,211419,TRUE,6,0,2,"Fungal control-associated detection","RT >= 1 min","No MS/MS assignment","Unknown"
3928,0.416,374.97388,"Unknown","[M+H]+","ion correlated with 4157; ion correlated with 2967; ion correlated with 34",0.214,FALSE,"null","null","null","null","null","null",999,FALSE,FALSE,FALSE,"null","null","null","null","null",144.11,0,0,0,0,0,0,0,141464,215565,153004,59999,0,0,0,0,0,55024,79739,57096,136479,184929,206874,0,0,0,0,0,0,"F3928_mz374.9739_rt0.42",0,215565,215566,TRUE,10,1,3,"Fungal control-associated detection","Very early RT","No MS/MS assignment","Unknown"
3929,1.155,375.14444,"Unknown","[M+H]+","ion correlated with 4807; ion correlated with 4490",0.179,FALSE,"null","null","null","null","null","null",999,FALSE,FALSE,FALSE,"null","null","null","null","null",1413.34,0,0,0,0,0,0,0,18358,5334,0,0,0,5084,545025,364042,455798,4149,0,0,0,0,5999,164324,139065,205813,0,0,0,"F3929_mz375.1444_rt1.16",0,545025,545026,TRUE,11,1,2,"Fungal control-associated detection","RT >= 1 min","No MS/MS assignment","Unknown"
3936,0.465,376.14584,"Unknown","[M+H]+","ion correlated with 3054; ion correlated with 2397; ion correlated with 4551",0.071,FALSE,"null","null","null","null","null","null",999,FALSE,FALSE,FALSE,"null","null","null","null","null",2453.82,0,0,0,0,0,0,0,0,0,0,0,246387,238489,11720,0,13270,34319,0,0,0,50344,0,0,0,0,0,0,0,"F3936_mz376.1458_rt0.47",0,246387,246388,TRUE,6,2,0,"Fungi old-associated detection","Very early RT","No MS/MS assignment","Unknown"
3939,1.409,376.17609,"Unknown","[M+H]+","ion correlated with 3773",0.036,FALSE,"null","null","null","null","null","null",999,FALSE,FALSE,FALSE,"null","null","null","null","null",27.6,0,0,0,0,0,0,0,5560,2546,0,0,0,0,78460,36484,449340,0,2850,0,0,0,0,11826,5711,8628,0,0,0,"F3939_mz376.1761_rt1.41",0,449340,449341,TRUE,9,0,2,"Fungal control-associated detection","RT >= 1 min","No MS/MS assignment","Unknown"
3948,1.216,377.19376,"Unknown","[M+H]+","ion correlated with 4681",0.036,FALSE,"null","null","null","null","null","null",999,FALSE,FALSE,FALSE,"null","null","null","null","null",9.8,0,0,0,0,0,0,0,0,3854,5096,0,3855,0,52712,121482,71786,0,2887,0,0,0,5631,0,0,0,0,0,0,"F3948_mz377.1938_rt1.22",0,121482,121483,TRUE,8,1,2,"Fungal control-associated detection","RT >= 1 min","No MS/MS assignment","Unknown"
3949,0.455,377.20288,"Unknown","[M+H]+",NA,0.036,FALSE,"null","null","null","null","null","null",999,FALSE,FALSE,FALSE,"null","null","null","null","null",2086.78,0,2565,0,0,0,0,0,0,104339,36860,0,0,0,0,17150,0,0,0,0,0,0,43089,0,0,0,0,0,0,"F3949_mz377.2029_rt0.46",855,104339,121.892523364486,TRUE,4,0,2,"Fungal control-associated detection","Very early RT","No MS/MS assignment","Unknown"
3950,1.574,377.20377,"Unknown","[M+H]+","ion correlated with 3865; ion correlated with 3841",0.107,FALSE,"null","null","null","null","null","null",999,FALSE,FALSE,FALSE,"null","null","null","null","null",799.22,0,0,0,0,0,0,0,100157,118565,125788,34472,0,0,8843,15539,8310,13884,15680,9935,42816,77720,74290,0,0,0,0,0,0,"F3950_mz377.2038_rt1.57",0,125788,125789,TRUE,13,1,3,"Fungal control-associated detection","RT >= 1 min","No MS/MS assignment","Unknown"
3953,9.698,377.73904,"Unknown","[M+2H]2+","ion correlated with 5114; ion correlated with 5054",0.107,FALSE,"null","null","null","null","null","null",999,FALSE,FALSE,FALSE,"null","null","null","null","null",6209.5,0,0,0,0,0,0,0,355560,330062,0,0,0,0,0,0,245804,0,0,0,0,0,0,0,0,0,0,0,0,"F3953_mz377.739_rt9.7",0,355560,355561,TRUE,3,0,2,"Fungal control-associated detection","RT >= 1 min","No MS/MS assignment","Unknown"
3954,0.479,378.1759,"Unknown","[M+H]+",NA,0.071,FALSE,"null","null","null","null","null","null",999,FALSE,FALSE,FALSE,"null","null","null","null","null",93.2,0,0,0,0,0,0,0,145234,0,0,0,109244,79512,0,0,0,0,0,0,0,0,0,0,0,0,0,0,0,"F3954_mz378.1759_rt0.48",0,145234,145235,TRUE,3,2,1,"Fungi old-associated detection","Very early RT","No MS/MS assignment","Unknown"
3957,1.177,378.2132,"Unknown","[M+H]+","ion correlated with 4724; ion correlated with 3194; ion correlated with 4640; ion correlated with 3022; ion correlated with 2690; ion correlated with 4223; ion correlated with 5140; ion correlated with 4647; ion correlated with 4838; ion correlated with 4153; ion correlated with 4677; ion correlated with 3739; ion correlated with 4333; ion correlated with 4192; ion correlated with 4307; ion correlated with 2871; ion correlated with 4250; ion correlated with 3654; ion correlated with 4950; ion correlated with 4110; ion correlated with 4080; ion correlated with 4341; ion correlated with 4388; ion correlated with 2740; ion correlated with 4166; ion correlated with 4206; ion correlated with 4003; ion correlated with 4952; ion correlated with 4960; ion correlated with 4041; ion correlated with 3635; ion correlated with 4656; ion correlated with 4789; ion correlated with 4803; ion correlated with 4806; ion correlated with 3224; ion correlated with 4726; ion correlated with 4937; ion correlated with 4448; ion correlated with 1381; ion correlated with 1635; ion correlated with 4100; ion correlated with 4516; ion correlated with 3600; ion correlated with 4688; ion correlated with 3904; ion correlated with 4825; ion correlated with 4381; ion correlated with 3563; ion correlated with 4942; ion correlated with 2624; ion correlated with 4954",0.107,FALSE,"null","null","null","null","null","null",999,FALSE,FALSE,FALSE,"null","null","null","null","null",24.76,0,2106,0,0,0,0,0,1422,0,0,0,4956,5140,202249,164610,217483,0,0,3220,5020,0,0,0,0,0,0,1940,0,"F3957_mz378.2132_rt1.18",702,217483,309.365576102418,TRUE,9,2,1,"Fungi old-associated detection","RT >= 1 min","No MS/MS assignment","Unknown"
3962,1.071,379.13678,"Unknown","[M+H]+","ion correlated with 4037; ion correlated with 3608; ion correlated with 3562; ion correlated with 3664; ion correlated with 3349; ion correlated with 392; ion correlated with 3830; ion correlated with 3823; ion correlated with 3140; ion correlated with 4693",0.143,FALSE,"null","null","null","null","null","null",999,FALSE,FALSE,FALSE,"null","null","null","null","null",11814.1,0,0,0,0,0,0,0,110263,0,0,0,4432,5277,743160,1279089,1077138,0,0,0,0,0,0,0,0,0,0,0,0,"F3962_mz379.1368_rt1.07",0,1279089,1279090,TRUE,6,2,1,"Fungi old-associated detection","RT >= 1 min","No MS/MS assignment","Unknown"
3968,0.985,380.13501,"Unknown","[M+H]+",NA,0.036,FALSE,"null","null","null","null","null","null",999,FALSE,FALSE,FALSE,"null","null","null","null","null",87.39,0,0,0,0,0,0,0,385186,0,0,0,33738,28210,0,0,0,0,0,0,0,0,13172,0,0,0,0,0,0,"F3968_mz380.135_rt0.98",0,385186,385187,TRUE,4,2,1,"Fungi old-associated detection","Early RT","No MS/MS assignment","Unknown"
3991,1.126,382.18652,"Unknown","[M+H]+","ion correlated with 4283; ion correlated with 4678; ion correlated with 4223; ion correlated with 3733; ion correlated with 2037",0.036,FALSE,"null","null","null","null","null","null",999,FALSE,FALSE,FALSE,"null","null","null","null","null",23.03,0,0,1993,0,0,0,0,16490,34149,18889,0,0,0,233768,206205,84393,8103,22959,4352,23470,11393,17137,44386,9969,4582,0,0,0,"F3991_mz382.1865_rt1.13",664.333333333333,233768,351.35621242485,TRUE,15,0,3,"Fungal control-associated detection","RT >= 1 min","No MS/MS assignment","Unknown"
4006,1.254,383.32721,"Unknown","[M+H]+",NA,0.179,FALSE,"null","null","null","null","null","null",999,FALSE,FALSE,FALSE,"null","null","null","null","null",682.52,0,0,0,0,0,0,0,125552,145122,159123,35069,0,0,0,0,0,26526,59432,33964,95797,158111,140762,0,0,0,0,0,0,"F4006_mz383.3272_rt1.25",0,159123,159124,TRUE,10,1,3,"Fungal control-associated detection","RT >= 1 min","No MS/MS assignment","Unknown"
4011,0.899,384.22327,"Unknown","[M+H]+","ion correlated with 47; ion correlated with 2643; ion correlated with 818; ion correlated with 2204; ion correlated with 3478; ion correlated with 2727; ion correlated with 2264; ion correlated with 3312; ion correlated with 2963; ion correlated with 3025; ion correlated with 3334; ion correlated with 3381; ion correlated with 1273; ion correlated with 2802; ion correlated with 2829; ion correlated with 3902",0.357,FALSE,"null","null","null","null","null","null",999,FALSE,FALSE,FALSE,"null","null","null","null","null",177.51,0,0,0,0,0,0,0,1039951,1149871,1075146,521853,0,0,0,25520,0,246328,533861,305041,908706,1046740,799619,0,0,0,2290,0,0,"F4011_mz384.2233_rt0.9",0,1149871,1149872,TRUE,12,1,3,"Fungal control-associated detection","Early RT","No MS/MS assignment","Unknown"
4023,1.324,385.34332,"Unknown","[M+H]+",NA,0.143,FALSE,"null","null","null","null","null","null",999,FALSE,FALSE,FALSE,"null","null","null","null","null",757.42,0,0,0,0,0,0,0,86418,145036,144121,36739,0,0,0,0,0,8571,25883,10637,71321,117098,118360,0,0,0,0,0,0,"F4023_mz385.3433_rt1.32",0,145036,145037,TRUE,10,1,3,"Fungal control-associated detection","RT >= 1 min","No MS/MS assignment","Unknown"
4025,0.486,385.98184,"Unknown","[M+H]+",NA,0.036,FALSE,"null","null","null","null","null","null",999,FALSE,FALSE,FALSE,"null","null","null","null","null",2448.41,5621,0,0,0,62151,122421,86344,0,13002,13994,0,0,0,0,0,0,0,0,0,0,0,0,0,0,0,4824,19810,13841,"F4025_mz385.9818_rt0.49",1873.66666666667,122421,65.3033428165007,TRUE,8,0,2,"Fungal control-associated detection","Very early RT","No MS/MS assignment","Unknown"
4026,0.701,386.14801,"Unknown","[M+H]+",NA,0.25,FALSE,"null","null","null","null","null","null",999,FALSE,FALSE,FALSE,"null","null","null","null","null",384.09,0,0,0,0,0,0,0,243020,124663,140308,80787,0,0,121464,0,101361,0,0,0,65669,149374,147747,0,0,0,0,0,0,"F4026_mz386.148_rt0.7",0,243020,243021,TRUE,9,1,3,"Fungal control-associated detection","Early RT","No MS/MS assignment","Unknown"
4027,0.451,386.16678,"Unknown","[M+H]+","ion correlated with 4613; ion correlated with 4452; ion correlated with 4392",0.143,FALSE,"null","null","null","null","null","null",999,FALSE,FALSE,FALSE,"null","null","null","null","null",289.72,0,2582,0,0,0,0,0,589509,484850,346983,220779,0,0,0,0,0,14152,65741,58700,91508,85430,76936,0,0,0,0,0,0,"F4027_mz386.1668_rt0.45",860.666666666667,589509,684.15087040619,TRUE,10,1,3,"Fungal control-associated detection","Very early RT","No MS/MS assignment","Unknown"
4028,0.761,386.16718,"Unknown","[M+H]+",NA,0.036,FALSE,"null","null","null","null","null","null",999,FALSE,FALSE,FALSE,"null","null","null","null","null",71.48,0,0,0,0,0,0,0,88854,75014,107567,29218,0,0,0,20448,23658,0,0,0,0,22814,59776,0,0,0,0,0,0,"F4028_mz386.1672_rt0.76",0,107567,107568,TRUE,8,1,3,"Fungal control-associated detection","Early RT","No MS/MS assignment","Unknown"
4029,0.986,386.20251,"Unknown","[M+H]+","ion correlated with 2902; ion correlated with 1929; ion correlated with 1904; ion correlated with 3955; ion correlated with 1654; ion correlated with 4201; ion correlated with 1405; ion correlated with 3171; ion correlated with 3624; ion correlated with 792; ion correlated with 3937; ion correlated with 4207; ion correlated with 3309; ion correlated with 4550; ion correlated with 4658",0.107,FALSE,"null","null","null","null","null","null",999,FALSE,FALSE,FALSE,"null","null","null","null","null",6636.82,0,0,0,0,0,0,0,25795,0,0,26860,5891,0,802098,373693,591990,8392,0,0,14196,17180,0,0,0,0,0,0,0,"F4029_mz386.2025_rt0.99",0,802098,802099,TRUE,9,2,1,"Fungi old-associated detection","Early RT","No MS/MS assignment","Unknown"
4032,9.693,386.72482,"Unknown","[M+H]+",NA,0.036,FALSE,"null","null","null","null","null","null",999,FALSE,FALSE,FALSE,"null","null","null","null","null",2912.22,0,0,0,0,0,0,0,145611,55664,0,0,0,0,0,0,0,0,0,0,0,0,0,0,0,32406,0,0,0,"F4032_mz386.7248_rt9.69",0,145611,145612,TRUE,3,0,2,"Fungal control-associated detection","RT >= 1 min","No MS/MS assignment","Unknown"
4036,0.96,387.27213,"Unknown","[M+H]+","ion correlated with 3798; ion correlated with 3931; ion correlated with 4054; ion correlated with 601; ion correlated with 1545; ion correlated with 3614; ion correlated with 2349; ion correlated with 4137; ion correlated with 3501; ion correlated with 647; ion correlated with 4252; ion correlated with 3806; ion correlated with 2248; ion correlated with 3443; ion correlated with 3595; ion correlated with 2688; ion correlated with 3601; ion correlated with 4637; ion correlated with 3721; ion correlated with 2332; ion correlated with 3465; ion correlated with 2432; ion correlated with 3269; ion correlated with 3594; ion correlated with 4231; ion correlated with 3920; ion correlated with 4312; ion correlated with 4454; ion correlated with 3155; ion correlated with 4150; ion correlated with 3913; ion correlated with 4138; ion correlated with 3451; ion correlated with 2698; ion correlated with 1750; ion correlated with 3613",0.25,FALSE,"null","null","null","null","null","null",999,FALSE,FALSE,FALSE,"null","null","null","null","null",142.75,0,0,0,0,0,0,0,345910,472765,494546,87615,0,0,0,0,0,82797,154697,82840,263920,326985,286568,0,0,7917,0,0,0,"F4036_mz387.2721_rt0.96",0,494546,494547,TRUE,11,1,3,"Fungal control-associated detection","Early RT","No MS/MS assignment","Unknown"
4037,1.019,388.16061,"Unknown","[M+H]+","ion correlated with 1654; ion correlated with 4201; ion correlated with 1405; ion correlated with 3624; ion correlated with 2793; ion correlated with 3937; ion correlated with 3608; ion correlated with 4687; ion correlated with 4207; ion correlated with 3309; ion correlated with 4550; ion correlated with 4257; ion correlated with 3741; ion correlated with 1403; ion correlated with 3962; ion correlated with 392; ion correlated with 3830",0.107,TRUE,"null","null","null","null","null","null",999,FALSE,FALSE,FALSE,"null","null","null","null","null",219.27,0,0,0,0,0,0,0,0,0,0,0,15418,7390,787998,843984,1111418,0,0,0,0,0,0,0,0,0,0,0,0,"F4037_mz388.1606_rt1.02",0,1111418,1111419,TRUE,5,2,0,"Fungi old-associated detection","RT >= 1 min","MS/MS available","Unknown"
4038,1.154,388.19711,"Unknown","[M+H]+","ion correlated with 4844; ion correlated with 4348; ion correlated with 1625; ion correlated with 4061; ion correlated with 4076; ion correlated with 1665",0.071,FALSE,"null","null","null","null","null","null",999,FALSE,FALSE,FALSE,"null","null","null","null","null",102.11,0,0,0,0,0,1954,0,0,0,4084,4113,4103,7780,927856,277802,53078,3602,0,0,0,3925,4421,11578,7678,25304,1989,0,0,"F4038_mz388.1971_rt1.15",0,927856,927857,TRUE,15,3,1,"Fungi old-associated detection","RT >= 1 min","No MS/MS assignment","Unknown"
4039,1.252,388.19717,"Unknown","[M+H]+","ion correlated with 1431; ion correlated with 3883",0.036,TRUE,"null","null","null","null","null","null",999,FALSE,FALSE,FALSE,"null","null","null","null","null",190.22,0,0,0,0,1268,1785,0,0,0,6696,6450,0,8066,1002827,37995,0,0,0,0,3116,4806,10505,0,0,0,0,0,0,"F4039_mz388.1972_rt1.25",0,1002827,1002828,TRUE,10,2,1,"Fungi old-associated detection","RT >= 1 min","MS/MS available","Unknown"
4043,0.781,388.25543,"Unknown","[M+H]+","ion correlated with 3474; ion correlated with 3149; ion correlated with 3797; ion correlated with 3812",0.036,FALSE,"null","null","null","null","null","null",999,FALSE,FALSE,FALSE,"null","null","null","null","null",172.05,0,0,0,0,0,0,0,75719,237971,176185,0,9886,0,0,0,0,0,0,0,13688,86068,100931,0,0,0,0,0,0,"F4043_mz388.2554_rt0.78",0,237971,237972,TRUE,7,1,3,"Fungal control-associated detection","Early RT","No MS/MS assignment","Unknown"
4044,0.891,388.25601,"Unknown","[M+H]+","ion correlated with 2492; ion correlated with 90; ion correlated with 4735; ion correlated with 3912; ion correlated with 4160; ion correlated with 2237; ion correlated with 4194; ion correlated with 2590; ion correlated with 2328; ion correlated with 4243; ion correlated with 4252; ion correlated with 1933; ion correlated with 845; ion correlated with 2880; ion correlated with 3524; ion correlated with 4393",0.107,FALSE,"null","null","null","null","null","null",999,FALSE,FALSE,FALSE,"null","null","null","null","null",119.81,0,0,0,0,0,0,0,165310,184248,243693,43656,0,0,0,0,0,13442,80869,25891,144554,169796,166295,0,0,0,0,0,0,"F4044_mz388.256_rt0.89",0,243693,243694,TRUE,10,1,3,"Fungal control-associated detection","Early RT","No MS/MS assignment","Unknown"
4045,0.831,388.2919,"Unknown","[M+H]+","ion correlated with 2830; ion correlated with 4580; ion correlated with 1959",0.036,FALSE,"null","null","null","null","null","null",999,FALSE,FALSE,FALSE,"null","null","null","null","null",59.26,0,0,0,0,0,0,0,103826,126115,152665,0,0,0,0,0,0,0,0,11798,35042,85981,85887,0,0,0,0,0,0,"F4045_mz388.2919_rt0.83",0,152665,152666,TRUE,7,0,3,"Fungal control-associated detection","Early RT","No MS/MS assignment","Unknown"
4047,0.408,389.01926,"Unknown","[M+H]+","ion correlated with 4213; ion correlated with 3168; ion correlated with 3304; ion correlated with 3367; ion correlated with 3532; ion correlated with 4261; ion correlated with 4157; ion correlated with 1863; ion correlated with 34; ion correlated with 2796",0.143,FALSE,"null","null","null","null","null","null",999,FALSE,FALSE,FALSE,"null","null","null","null","null",1102.85,0,0,0,0,0,0,0,100713,130503,101550,64596,0,0,0,0,0,26980,43631,40522,82893,113716,90979,0,0,0,0,0,0,"F4047_mz389.0193_rt0.41",0,130503,130504,TRUE,10,1,3,"Fungal control-associated detection","Very early RT","No MS/MS assignment","Unknown"
4053,1.577,389.23035,"Unknown","[M+H]+","ion correlated with 3896; ion correlated with 3270; ion correlated with 4225; ion correlated with 4254; ion correlated with 4120; ion correlated with 3281; ion correlated with 4748; ion correlated with 3441; ion correlated with 3884",0.036,FALSE,"null","null","null","null","null","null",999,FALSE,FALSE,FALSE,"null","null","null","null","null",47.7,0,1633,0,0,0,0,0,0,0,0,0,3513,4779,91124,89804,197642,0,0,0,0,0,0,0,0,0,0,0,0,"F4053_mz389.2304_rt1.58",544.333333333333,197642,362.426039119804,TRUE,5,2,0,"Fungi old-associated detection","RT >= 1 min","No MS/MS assignment","Unknown"
4056,4.616,389.32687,"Unknown","[M+H]+","similar chromatogram in higher mz_4209",0.036,FALSE,"null","null","null","null","null","null",999,FALSE,FALSE,FALSE,"null","null","null","null","null",40.4,0,0,0,0,0,0,0,124511,75807,97594,26270,0,0,0,0,0,12845,23167,7773,32646,64919,46500,0,0,0,0,0,0,"F4056_mz389.3269_rt4.62",0,124511,124512,TRUE,10,1,3,"Fungal control-associated detection","RT >= 1 min","No MS/MS assignment","Unknown"
4058,0.976,390.17633,"Unknown","[M+H]+","ion correlated with 3771",0.036,FALSE,"null","null","null","null","null","null",999,FALSE,FALSE,FALSE,"null","null","null","null","null",74.01,0,0,0,0,0,0,0,0,0,0,39593,11669,13822,146613,67794,176117,0,0,0,24733,0,28466,0,0,0,0,0,0,"F4058_mz390.1763_rt0.98",0,176117,176118,TRUE,8,3,0,"Fungi old-associated detection","Early RT","No MS/MS assignment","Unknown"
4062,1.203,390.24918,"Unknown","[M+H]+","ion correlated with 4639; ion correlated with 1189; ion correlated with 4719; ion correlated with 4929; ion correlated with 4590; ion correlated with 4895; ion correlated with 4673; ion correlated with 4500; ion correlated with 827; ion correlated with 4909; ion correlated with 4954; ion correlated with 1690; ion correlated with 3495; ion correlated with 3284; ion correlated with 4031",0.071,TRUE,"null","null","null","null","null","null",999,FALSE,FALSE,FALSE,"null","null","null","null","null",622.34,0,0,0,0,0,0,0,0,0,4443,3282,36767,54293,1758526,870967,1673439,0,0,0,3365,0,0,0,0,0,1638,1971,0,"F4062_mz390.2492_rt1.2",0,1758526,1758527,TRUE,10,3,1,"Fungi old-associated detection","RT >= 1 min","MS/MS available","Unknown"
4071,0.714,391.26581,"Unknown","[M+H]+",NA,0.036,FALSE,"null","null","null","null","null","null",999,FALSE,FALSE,FALSE,"null","null","null","null","null",39.92,0,0,0,0,2815,0,3455,17332,121483,83380,0,0,0,0,0,0,0,0,0,0,19072,0,0,0,0,0,0,0,"F4071_mz391.2658_rt0.71",0,121483,121484,TRUE,6,0,3,"Fungal control-associated detection","Early RT","No MS/MS assignment","Unknown"
4076,1.183,392.22867,"Unknown","[M+H]+","ion correlated with 4038; ion correlated with 396; ion correlated with 1625; ion correlated with 4061; ion correlated with 1665; similar chromatogram in higher mz_4960; similar chromatogram in higher mz_4762; similar chromatogram in higher mz_4473",0.107,FALSE,"null","null","null","null","null","null",999,FALSE,FALSE,FALSE,"null","null","null","null","null",17.38,0,0,0,0,0,0,0,0,0,0,0,4562,4358,946586,181521,122462,0,0,0,4420,0,0,5142,0,5539,0,2286,0,"F4076_mz392.2287_rt1.18",0,946586,946587,TRUE,9,2,0,"Fungi old-associated detection","RT >= 1 min","No MS/MS assignment","Unknown"
4083,0.979,393.25073,"Unknown","[M+H]+","ion correlated with 2074; ion correlated with 2319; ion correlated with 845; ion correlated with 2880; ion correlated with 3524; ion correlated with 4393; ion correlated with 589; ion correlated with 4302; ion correlated with 2515; ion correlated with 4005; ion correlated with 4390; ion correlated with 4616; ion correlated with 4449; ion correlated with 4322; ion correlated with 2639; ion correlated with 4607; ion correlated with 4468; ion correlated with 4113; ion correlated with 4382; ion correlated with 4343; ion correlated with 4219; ion correlated with 2228; ion correlated with 4178; ion correlated with 4508; ion correlated with 2196; ion correlated with 4428",0.107,FALSE,"null","null","null","null","null","null",999,FALSE,FALSE,FALSE,"null","null","null","null","null",48.71,0,0,0,0,0,0,0,110874,176974,156190,50139,0,0,0,0,0,31657,30976,31231,76886,115995,103706,0,0,0,0,0,0,"F4083_mz393.2507_rt0.98",0,176974,176975,TRUE,10,1,3,"Fungal control-associated detection","Early RT","No MS/MS assignment","Unknown"
4105,1.883,396.27512,"Unknown","[M+H]+","ion correlated with 3998; ion correlated with 3871; ion correlated with 1995; ion correlated with 3693; ion correlated with 4050; ion correlated with 3176; ion correlated with 2401; ion correlated with 2581; ion correlated with 3995; ion correlated with 4917; ion correlated with 4931; ion correlated with 3133",0.071,FALSE,"null","null","null","null","null","null",999,FALSE,FALSE,FALSE,"null","null","null","null","null",6.67,0,0,0,0,0,0,0,4278,2628,0,0,0,0,136548,103480,163340,0,0,0,0,0,0,0,0,0,0,2008,0,"F4105_mz396.2751_rt1.88",0,163340,163341,TRUE,6,0,2,"Fungal control-associated detection","RT >= 1 min","No MS/MS assignment","Unknown"
4107,8.423,396.30276,"Unknown","[M+H]+","ion correlated with 4817",0.071,TRUE,"null","null","null","null","null","null",999,FALSE,FALSE,FALSE,"null","null","null","null","null",8.05,0,0,1293,0,1122,0,0,0,3195,0,3802,0,1892,179330,98648,158294,0,1480,2415,0,1578,0,34950,16093,6884,0,0,1795,"F4107_mz396.3028_rt8.42",431,179330,415.118055555556,TRUE,14,2,1,"Fungi old-associated detection","RT >= 1 min","MS/MS available","Unknown"
4108,0.461,397.07489,"Unknown","[M+H]+","ion correlated with 253; ion correlated with 932",0.071,FALSE,"null","null","null","null","null","null",999,FALSE,FALSE,FALSE,"null","null","null","null","null",2894.77,0,0,0,0,0,0,0,0,0,0,76366,131553,157924,0,0,22225,0,0,0,0,0,0,0,0,0,0,0,0,"F4108_mz397.0749_rt0.46",0,157924,157925,TRUE,4,3,0,"Fungi old-associated detection","Very early RT","No MS/MS assignment","Unknown"
4125,0.981,399.2363,"Unknown","[M+H]+","ion correlated with 3501; ion correlated with 2055; ion correlated with 4252; ion correlated with 1933; ion correlated with 845; ion correlated with 3524; ion correlated with 4436; ion correlated with 4523; ion correlated with 4397; ion correlated with 3721; ion correlated with 4302; ion correlated with 2515; ion correlated with 4005; ion correlated with 4238; ion correlated with 2432; ion correlated with 2639; ion correlated with 3155; ion correlated with 4150; ion correlated with 4138; ion correlated with 4334; ion correlated with 2228; ion correlated with 4178",0.107,FALSE,"null","null","null","null","null","null",999,FALSE,FALSE,FALSE,"null","null","null","null","null",80.68,0,0,0,0,0,0,0,207238,200640,288383,71461,0,0,0,0,0,30287,75879,38190,145631,185326,205977,0,0,0,0,2162,0,"F4125_mz399.2363_rt0.98",0,288383,288384,TRUE,11,1,3,"Fungal control-associated detection","Early RT","No MS/MS assignment","Unknown"
4128,1.217,399.27237,"Unknown","[M+H]+","ion correlated with 2799; ion correlated with 1939; ion correlated with 1003; ion correlated with 1754; ion correlated with 3799; ion correlated with 3568",0.036,FALSE,"null","null","null","null","null","null",999,FALSE,FALSE,FALSE,"null","null","null","null","null",63.38,0,0,0,0,0,0,0,0,0,0,21922,96006,102240,4330,0,6938,0,0,0,0,0,0,0,0,0,0,0,0,"F4128_mz399.2724_rt1.22",0,102240,102241,TRUE,5,3,0,"Fungi old-associated detection","RT >= 1 min","No MS/MS assignment","Unknown"
4129,1.174,399.32251,"Unknown","[M+H]+","ion correlated with 2046; ion correlated with 3738",0.143,FALSE,"null","null","null","null","null","null",999,FALSE,FALSE,FALSE,"null","null","null","null","null",1195.38,0,0,0,0,0,0,0,92126,114318,135223,59697,0,0,0,0,0,27194,47238,28255,96812,117729,122734,0,0,0,0,0,0,"F4129_mz399.3225_rt1.17",0,135223,135224,TRUE,10,1,3,"Fungal control-associated detection","RT >= 1 min","No MS/MS assignment","Unknown"
4133,1.261,400.26993,"Unknown","[M+H]+","ion correlated with 3258; ion correlated with 3816; ion correlated with 4698; ion correlated with 3600; ion correlated with 4688; ion correlated with 4556; ion correlated with 2872; ion correlated with 3642; ion correlated with 4942; ion correlated with 2624; ion correlated with 4985; ion correlated with 3886; ion correlated with 3934; ion correlated with 4174; ion correlated with 4159; ion correlated with 3815; ion correlated with 3513; ion correlated with 4511; ion correlated with 2996",0.036,FALSE,"null","null","null","null","null","null",999,FALSE,FALSE,FALSE,"null","null","null","null","null",18.03,0,0,0,0,1357,0,0,0,0,3689,3106,21064,23487,109145,96730,210331,0,0,0,2908,0,0,0,0,0,0,0,0,"F4133_mz400.2699_rt1.26",0,210331,210332,TRUE,9,3,1,"Fungi old-associated detection","RT >= 1 min","No MS/MS assignment","Unknown"
4139,0.896,402.27075,"Unknown","[M+H]+",NA,0.107,FALSE,"null","null","null","null","null","null",999,FALSE,FALSE,FALSE,"null","null","null","null","null",1465.13,0,0,0,0,0,0,0,210820,231225,132965,0,0,0,0,0,0,50091,31650,20112,88878,205875,76049,0,0,0,0,0,0,"F4139_mz402.2708_rt0.9",0,231225,231226,TRUE,9,0,3,"Fungal control-associated detection","Early RT","No MS/MS assignment","Unknown"
4142,0.426,402.98047,"Unknown","[M+H]+",NA,0.036,FALSE,"null","null","null","null","null","null",999,FALSE,FALSE,FALSE,"null","null","null","null","null",2480.54,0,0,0,0,0,0,0,36926,45255,43087,10186,0,0,124027,144998,84867,19041,36460,28808,63798,49084,46182,11650,30925,8148,0,0,0,"F4142_mz402.9805_rt0.43",0,144998,144999,TRUE,16,1,3,"Fungal control-associated detection","Very early RT","No MS/MS assignment","Unknown"
4144,1.005,403.18613,"Unknown","[M+H]+","ion correlated with 3369; ion correlated with 4615; ion correlated with 4387; ion correlated with 4565; ion correlated with 3709",0.036,FALSE,"null","null","null","null","null","null",999,FALSE,FALSE,FALSE,"null","null","null","null","null",11.14,0,0,0,0,0,0,0,0,9755,19246,0,0,0,100837,80778,64834,0,0,0,0,11028,18646,7885,0,0,0,0,0,"F4144_mz403.1861_rt1",0,100837,100838,TRUE,8,0,2,"Fungal control-associated detection","RT >= 1 min","No MS/MS assignment","Unknown"
4145,1.697,403.20969,"Unknown","[M+H]+","ion correlated with 2119; ion correlated with 2951; ion correlated with 3353; ion correlated with 2677; ion correlated with 3109; ion correlated with 3259; ion correlated with 3612; ion correlated with 3001; ion correlated with 2561; ion correlated with 3760",0.107,FALSE,"null","null","null","null","null","null",999,FALSE,FALSE,FALSE,"null","null","null","null","null",1366.75,0,0,0,0,0,0,0,0,0,0,12426,2542,3508,201556,114971,262276,0,1743,0,2487,0,2893,0,0,0,0,0,0,"F4145_mz403.2097_rt1.7",0,262276,262277,TRUE,9,3,0,"Fungi old-associated detection","RT >= 1 min","No MS/MS assignment","Unknown"
4151,0.989,404.17093,"Unknown","[M+H]+","ion correlated with 1687; ion correlated with 4037; ion correlated with 4687; ion correlated with 4247; ion correlated with 3662; ion correlated with 3961",0.107,FALSE,"null","null","null","null","null","null",999,FALSE,FALSE,FALSE,"null","null","null","null","null",6786.13,0,0,0,0,0,0,0,0,0,0,7872,11701,7314,403984,273155,604698,0,0,0,0,0,0,0,0,0,0,0,0,"F4151_mz404.1709_rt0.99",0,604698,604699,TRUE,6,3,0,"Fungi old-associated detection","Early RT","No MS/MS assignment","Unknown"
4152,1.054,404.22845,"Unknown","[M+H]+","ion correlated with 1405; ion correlated with 3171; ion correlated with 3624; ion correlated with 4550; ion correlated with 4694; ion correlated with 1020; ion correlated with 1837; ion correlated with 4035; ion correlated with 2094; ion correlated with 2128; ion correlated with 4338; ion correlated with 3463",0.071,FALSE,"null","null","null","null","null","null",999,FALSE,FALSE,FALSE,"null","null","null","null","null",227.85,0,0,0,0,0,1877,0,32181,25719,8683,11692,0,0,650542,206920,486307,0,0,0,6236,19202,8232,14890,5704,17792,0,0,0,"F4152_mz404.2284_rt1.05",0,650542,650543,TRUE,14,1,3,"Fungal control-associated detection","RT >= 1 min","No MS/MS assignment","Unknown"
4153,1.143,404.22867,"Unknown","[M+H]+","ion correlated with 4486; ion correlated with 4283; ion correlated with 4310; ion correlated with 3491; ion correlated with 4603; ion correlated with 598; ion correlated with 4597; ion correlated with 3638; ion correlated with 4167; ion correlated with 4019; ion correlated with 1764; ion correlated with 4724; ion correlated with 3194; ion correlated with 4640; ion correlated with 3022; ion correlated with 4223; ion correlated with 5140; ion correlated with 4647; ion correlated with 3574; ion correlated with 4639; ion correlated with 4333; ion correlated with 4192; ion correlated with 4307; ion correlated with 3143; ion correlated with 4250; ion correlated with 4110; ion correlated with 4080; ion correlated with 4341; ion correlated with 3733; ion correlated with 4388; ion correlated with 2740; ion correlated with 4166; ion correlated with 1221; ion correlated with 4952; ion correlated with 3957; ion correlated with 4960; ion correlated with 4041; ion correlated with 3635; ion correlated with 2037; ion correlated with 4797; ion correlated with 4656; ion correlated with 4789; ion correlated with 4803; ion correlated with 4806; ion correlated with 4792; ion correlated with 4937; ion correlated with 1381",0.107,FALSE,"null","null","null","null","null","null",999,FALSE,FALSE,FALSE,"null","null","null","null","null",104.18,0,0,0,0,0,0,0,0,0,6684,0,5458,3570,307852,253093,213880,0,0,0,0,0,2363,0,0,0,0,0,0,"F4153_mz404.2287_rt1.14",0,307852,307853,TRUE,7,2,1,"Fungi old-associated detection","RT >= 1 min","No MS/MS assignment","Unknown"
4157,0.41,404.99539,"Unknown","[M+H]+","ion correlated with 3168; ion correlated with 3367; ion correlated with 4047; ion correlated with 3532; ion correlated with 4261; ion correlated with 3928; ion correlated with 1863; ion correlated with 34",0.179,FALSE,"null","null","null","null","null","null",999,FALSE,FALSE,FALSE,"null","null","null","null","null",2451.96,0,0,0,0,0,0,0,99811,157144,160795,46302,0,0,0,0,0,47958,69119,40429,116586,171523,135227,0,0,0,0,0,0,"F4157_mz404.9954_rt0.41",0,171523,171524,TRUE,10,1,3,"Fungal control-associated detection","Very early RT","No MS/MS assignment","Unknown"
4162,1.543,405.27963,"Unknown","[M+H]+","ion correlated with 4375; ion correlated with 4488; ion correlated with 2125; ion correlated with 2020",0.071,FALSE,"null","null","null","null","null","null",999,FALSE,FALSE,FALSE,"null","null","null","null","null",1289.91,0,0,0,0,0,0,0,0,0,0,60023,125666,166086,0,0,0,0,0,0,0,0,0,0,0,0,0,0,0,"F4162_mz405.2796_rt1.54",0,166086,166087,TRUE,3,3,0,"Fungi old-associated detection","RT >= 1 min","No MS/MS assignment","Unknown"
4163,3.411,405.35193,"Unknown","[M+H]+","ion correlated with 4277; ion correlated with 4756; similar chromatogram in higher mz_4756; similar chromatogram in higher mz_4277",0.036,FALSE,"null","null","null","null","null","null",999,FALSE,FALSE,FALSE,"null","null","null","null","null",5.16,0,0,0,0,0,0,0,0,0,0,115749,59533,59140,0,0,0,0,0,0,0,0,0,0,0,0,0,0,0,"F4163_mz405.3519_rt3.41",0,115749,115750,TRUE,3,3,0,"Fungi old-associated detection","RT >= 1 min","No MS/MS assignment","Unknown"
4165,1.048,406.20773,"Unknown","[M+H]+","ion correlated with 3171; ion correlated with 1458; ion correlated with 792; ion correlated with 3311; ion correlated with 1088; ion correlated with 4759; ion correlated with 2865; ion correlated with 4035; ion correlated with 799; ion correlated with 4338; ion correlated with 1439; ion correlated with 2012; ion correlated with 4844",0.107,FALSE,"null","null","null","null","null","null",999,FALSE,FALSE,FALSE,"null","null","null","null","null",499.58,0,0,0,0,0,0,0,0,0,19903,5491,7319,13541,1471372,461332,554964,0,6034,4919,6816,10291,0,32403,0,6417,2560,0,0,"F4165_mz406.2077_rt1.05",0,1471372,1471373,TRUE,14,3,1,"Fungi old-associated detection","RT >= 1 min","No MS/MS assignment","Unknown"
4173,0.513,407.16666,"Unknown","[M+H]+","ion correlated with 4282; ion correlated with 4190; ion correlated with 4356",0.036,FALSE,"null","null","null","null","null","null",999,FALSE,FALSE,FALSE,"null","null","null","null","null",178.92,0,0,0,0,0,0,0,244047,50740,49793,0,0,0,0,0,0,0,0,0,0,0,0,0,0,0,0,0,0,"F4173_mz407.1667_rt0.51",0,244047,244048,TRUE,3,0,3,"Fungal control-associated detection","Early RT","No MS/MS assignment","Unknown"
4178,1.016,407.2663,"Unknown","[M+H]+","ion correlated with 4397; ion correlated with 4036; ion correlated with 3721; ion correlated with 2515; ion correlated with 4005; ion correlated with 4238; ion correlated with 2432; ion correlated with 3269; ion correlated with 1960; ion correlated with 2639; ion correlated with 4125; ion correlated with 3155; ion correlated with 4150; ion correlated with 4138; ion correlated with 1750; ion correlated with 4334; ion correlated with 2228; ion correlated with 3776; ion correlated with 4293; ion correlated with 3174; ion correlated with 3629; ion correlated with 4585; ion correlated with 3921",0.179,FALSE,"null","null","null","null","null","null",999,FALSE,FALSE,FALSE,"null","null","null","null","null",3555.49,0,0,0,0,0,0,0,165415,277425,291160,75300,0,0,0,0,0,37805,83608,46208,163771,220978,213903,0,0,0,0,0,0,"F4178_mz407.2663_rt1.02",0,291160,291161,TRUE,10,1,3,"Fungal control-associated detection","RT >= 1 min","No MS/MS assignment","Unknown"
4184,1.194,408.22302,"Unknown","[M+H]+","ion correlated with 2046",0.071,FALSE,"null","null","null","null","null","null",999,FALSE,FALSE,FALSE,"null","null","null","null","null",43.72,0,0,0,0,0,0,0,93124,127435,123838,29352,0,0,27427,8955,14712,19584,38919,22099,71491,76923,73036,0,0,0,0,0,0,"F4184_mz408.223_rt1.19",0,127435,127436,TRUE,13,1,3,"Fungal control-associated detection","RT >= 1 min","No MS/MS assignment","Unknown"
4186,0.689,408.23395,"Unknown","[M+H]+","ion correlated with 2236; ion correlated with 3923",0.25,FALSE,"null","null","null","null","null","null",999,FALSE,FALSE,FALSE,"null","null","null","null","null",168.01,0,0,0,0,0,0,0,335550,270647,274712,113535,0,0,0,0,0,55719,62828,26288,139714,177771,162730,0,0,0,0,0,0,"F4186_mz408.234_rt0.69",0,335550,335551,TRUE,10,1,3,"Fungal control-associated detection","Early RT","No MS/MS assignment","Unknown"
4187,0.484,408.23419,"Unknown","[M+H]+",NA,0.036,FALSE,"null","null","null","null","null","null",999,FALSE,FALSE,FALSE,"null","null","null","null","null",98.1,0,0,0,0,0,0,0,141228,77323,0,0,0,0,0,0,0,0,0,0,0,0,0,0,0,0,0,0,0,"F4187_mz408.2342_rt0.48",0,141228,141229,TRUE,2,0,2,"Fungal control-associated detection","Very early RT","No MS/MS assignment","Unknown"
4190,0.522,409.1825,"Unknown","[M+H]+","similar chromatogram in higher mz_4346",0.107,FALSE,"null","null","null","null","null","null",999,FALSE,FALSE,FALSE,"null","null","null","null","null",5134.99,0,0,0,0,0,0,0,545667,119054,105527,53356,0,0,0,0,0,0,0,0,0,53974,58326,0,0,0,0,0,0,"F4190_mz409.1825_rt0.52",0,545667,545668,TRUE,6,1,3,"Fungal control-associated detection","Early RT","No MS/MS assignment","Unknown"
4191,1.061,409.18369,"Unknown","[M+H]+",NA,0.107,FALSE,"null","null","null","null","null","null",999,FALSE,FALSE,FALSE,"null","null","null","null","null",3953.52,0,0,0,0,0,0,0,0,417950,7439,0,4318,0,261997,250646,341714,0,0,0,0,6760,0,23200,5618,14156,0,0,0,"F4191_mz409.1837_rt1.06",0,417950,417951,TRUE,10,1,2,"Fungal control-associated detection","RT >= 1 min","No MS/MS assignment","Unknown"
4192,1.15,409.1839,"Unknown","[M+H]+","ion correlated with 4283; ion correlated with 4310; ion correlated with 3491; ion correlated with 4575; ion correlated with 4603; ion correlated with 598; ion correlated with 3140; ion correlated with 4693; ion correlated with 3638; ion correlated with 4167; ion correlated with 4019; ion correlated with 4739; ion correlated with 1764; ion correlated with 4724; ion correlated with 3194; ion correlated with 4640; ion correlated with 3022; ion correlated with 4223; ion correlated with 4510; ion correlated with 4647; ion correlated with 4153; ion correlated with 3143; ion correlated with 4250; ion correlated with 4080; ion correlated with 3733; ion correlated with 4960; ion correlated with 3635; ion correlated with 4656; ion correlated with 4100",0.107,FALSE,"null","null","null","null","null","null",999,FALSE,FALSE,FALSE,"null","null","null","null","null",33.9,0,1684,0,0,0,0,0,0,1200,0,4579,4318,4461,380327,411224,333637,0,0,0,0,0,0,0,0,0,0,0,0,"F4192_mz409.1839_rt1.15",561.333333333333,411224,731.283343212804,TRUE,7,3,1,"Fungi old-associated detection","RT >= 1 min","No MS/MS assignment","Unknown"
4194,0.915,409.24426,"Unknown","[M+H]+","ion correlated with 4044; ion correlated with 90; ion correlated with 4735; ion correlated with 2237; ion correlated with 4146; ion correlated with 2328; ion correlated with 4252; ion correlated with 1933; ion correlated with 845; ion correlated with 3524; ion correlated with 4302; ion correlated with 2515; ion correlated with 4005; ion correlated with 4308",0.143,FALSE,"null","null","null","null","null","null",999,FALSE,FALSE,FALSE,"null","null","null","null","null",122.39,0,0,0,0,0,0,0,183567,187440,234645,26850,0,0,0,0,0,36566,70548,54622,151942,113194,186377,0,0,0,0,0,0,"F4194_mz409.2443_rt0.92",0,234645,234646,TRUE,10,1,3,"Fungal control-associated detection","Early RT","No MS/MS assignment","Unknown"
4197,4.406,409.27451,"Unknown","[M+H]+","ion correlated with 1465",0.071,FALSE,"null","null","null","null","null","null",999,FALSE,FALSE,FALSE,"null","null","null","null","null",5.77,0,1253,0,0,0,0,0,0,1504,0,0,1482,1585,124738,81571,156564,0,0,0,1948,0,1328,0,0,0,1742,1588,0,"F4197_mz409.2745_rt4.41",417.666666666667,156564,373.960987261146,TRUE,10,2,1,"Fungi old-associated detection","RT >= 1 min","No MS/MS assignment","Unknown"
4199,0.913,410.13074,"Unknown","[M+H]+","ion correlated with 4182; ion correlated with 3800; ion correlated with 2734; ion correlated with 3006; ion correlated with 3015; ion correlated with 3677; ion correlated with 2646; ion correlated with 1552; ion correlated with 4751; ion correlated with 3588",0.036,FALSE,"null","null","null","null","null","null",999,FALSE,FALSE,FALSE,"null","null","null","null","null",2487.2,0,0,0,0,0,0,0,0,0,20158,23310,142594,124360,0,0,0,0,0,0,14876,0,0,0,0,0,0,0,0,"F4199_mz410.1307_rt0.91",0,142594,142595,TRUE,5,3,1,"Fungi old-associated detection","Early RT","No MS/MS assignment","Unknown"
4206,1.172,411.16309,"Unknown","[M+H]+","ion correlated with 3194; ion correlated with 4640; ion correlated with 3022; ion correlated with 2690; ion correlated with 4223; ion correlated with 5140; ion correlated with 4647; ion correlated with 4838; ion correlated with 4153; ion correlated with 4677; ion correlated with 3739; ion correlated with 4333; ion correlated with 4832; ion correlated with 4307; ion correlated with 4250; ion correlated with 4950; ion correlated with 4110; ion correlated with 4080; ion correlated with 4341; ion correlated with 4388; ion correlated with 2740; ion correlated with 4166; ion correlated with 4003; ion correlated with 4952; ion correlated with 3957; ion correlated with 4960; ion correlated with 4041; ion correlated with 3635; ion correlated with 4229; ion correlated with 4734; ion correlated with 4656; ion correlated with 4789; ion correlated with 4803; ion correlated with 4806; ion correlated with 3224; ion correlated with 4937; ion correlated with 4448; ion correlated with 1381; ion correlated with 1635; ion correlated with 4100; ion correlated with 3600; ion correlated with 4688; ion correlated with 3904; ion correlated with 4825; ion correlated with 4381; ion correlated with 3563; ion correlated with 4942",0.071,FALSE,"null","null","null","null","null","null",999,FALSE,FALSE,FALSE,"null","null","null","null","null",1501.63,0,0,0,0,0,0,0,18725,0,3545,0,0,6304,143783,109029,149582,0,0,3560,3440,7096,4599,5202,13112,8604,0,0,0,"F4206_mz411.1631_rt1.17",0,149582,149583,TRUE,13,1,2,"Fungal control-associated detection","RT >= 1 min","No MS/MS assignment","Unknown"
4209,4.619,411.30878,"Unknown","[M+H]+",NA,0.179,TRUE,"null","null","null","null","null","null",999,FALSE,FALSE,FALSE,"null","null","null","null","null",128.84,0,0,0,0,0,0,0,311448,205448,248999,70133,0,0,0,0,0,34382,64718,29787,83720,173918,133682,0,0,0,0,0,0,"F4209_mz411.3088_rt4.62",0,311448,311449,TRUE,10,1,3,"Fungal control-associated detection","RT >= 1 min","MS/MS available","Unknown"
4210,1.034,412.2182,"Unknown","[M+H]+",NA,0.036,FALSE,"null","null","null","null","null","null",999,FALSE,FALSE,FALSE,"null","null","null","null","null",12.67,0,2381,0,0,0,0,0,0,17705,0,8550,9411,6702,61490,44471,101851,0,0,0,0,0,41456,15832,0,31408,0,1988,0,"F4210_mz412.2182_rt1.03",793.666666666667,101851,128.169463087248,TRUE,11,3,1,"Fungi old-associated detection","RT >= 1 min","No MS/MS assignment","Unknown"
4213,0.397,413.02103,"Unknown","[M+H]+","ion correlated with 972; ion correlated with 3168; ion correlated with 3304; ion correlated with 3367; ion correlated with 4527; ion correlated with 4047; ion correlated with 3532; ion correlated with 4261; ion correlated with 4157; ion correlated with 1863",0.143,FALSE,"null","null","null","null","null","null",999,FALSE,FALSE,FALSE,"null","null","null","null","null",1763.64,0,0,0,0,0,0,0,110423,156380,134177,45969,0,0,0,0,0,13778,51219,21472,69922,103107,98426,0,0,0,0,0,0,"F4213_mz413.021_rt0.4",0,156380,156381,TRUE,10,1,3,"Fungal control-associated detection","Very early RT","No MS/MS assignment","Unknown"
4223,1.13,414.23376,"Unknown","[M+H]+","ion correlated with 3349; ion correlated with 2128; ion correlated with 4649; ion correlated with 4486; ion correlated with 4283; ion correlated with 4310; ion correlated with 3491; ion correlated with 4603; ion correlated with 598; ion correlated with 4597; ion correlated with 3638; ion correlated with 4167; ion correlated with 4019; ion correlated with 1764; ion correlated with 4724; ion correlated with 3194; ion correlated with 4640; ion correlated with 3022; ion correlated with 4647; ion correlated with 4153; ion correlated with 4639; ion correlated with 4333; ion correlated with 4192; ion correlated with 4307; ion correlated with 3143; ion correlated with 4250; ion correlated with 4110; ion correlated with 4080; ion correlated with 4341; ion correlated with 3733; ion correlated with 4388; ion correlated with 2740; ion correlated with 4166; ion correlated with 4952; ion correlated with 3957; ion correlated with 4960; ion correlated with 4041; ion correlated with 3635; ion correlated with 4797; ion correlated with 4656; ion correlated with 4789; ion correlated with 4803; ion correlated with 4806",0.107,FALSE,"null","null","null","null","null","null",999,FALSE,FALSE,FALSE,"null","null","null","null","null",63.91,0,0,0,0,0,0,0,8925,8408,8819,0,0,0,312297,266964,222331,5390,5217,0,10610,0,0,6084,3720,0,0,1636,3237,"F4223_mz414.2338_rt1.13",0,312297,312298,TRUE,13,0,3,"Fungal control-associated detection","RT >= 1 min","No MS/MS assignment","Unknown"
4229,1.182,415.1763,"Unknown","[M+H]+","ion correlated with 2690; ion correlated with 4223; ion correlated with 5140; ion correlated with 4543; ion correlated with 4466; ion correlated with 4153; ion correlated with 3574; ion correlated with 4677; ion correlated with 4333; ion correlated with 4832; ion correlated with 3143; ion correlated with 4950; ion correlated with 1598; ion correlated with 4110; ion correlated with 3772; ion correlated with 4353; ion correlated with 4341; ion correlated with 4388; ion correlated with 2740; ion correlated with 4166; ion correlated with 4206; ion correlated with 1221; ion correlated with 4952; ion correlated with 3957; ion correlated with 4041; ion correlated with 3635; ion correlated with 4797; ion correlated with 1407; ion correlated with 4789; ion correlated with 4803; ion correlated with 4806; ion correlated with 3224; ion correlated with 4792; ion correlated with 4937; ion correlated with 4448; ion correlated with 2013; ion correlated with 4871; ion correlated with 4825; ion correlated with 4381; ion correlated with 3563",0.036,FALSE,"null","null","null","null","null","null",999,FALSE,FALSE,FALSE,"null","null","null","null","null",9.02,0,0,0,0,0,0,0,4813,0,0,0,9395,3677,166294,93116,102697,0,0,0,0,0,0,0,3525,0,0,0,0,"F4229_mz415.1763_rt1.18",0,166294,166295,TRUE,7,2,1,"Fungi old-associated detection","RT >= 1 min","No MS/MS assignment","Unknown"
4238,0.968,416.28738,"Unknown","[M+H]+","ion correlated with 2328; ion correlated with 4243; ion correlated with 999; ion correlated with 4252; ion correlated with 2248; ion correlated with 845; ion correlated with 2515; ion correlated with 2432; ion correlated with 4125; ion correlated with 3155; ion correlated with 4138; ion correlated with 1750; ion correlated with 2228; ion correlated with 4178",0.179,FALSE,"null","null","null","null","null","null",999,FALSE,FALSE,FALSE,"null","null","null","null","null",2253.49,0,0,0,0,0,0,0,245327,343924,379415,35818,0,0,0,0,0,26404,68214,49238,88609,156161,218304,0,0,0,0,0,0,"F4238_mz416.2874_rt0.97",0,379415,379416,TRUE,10,1,3,"Fungal control-associated detection","Early RT","No MS/MS assignment","Unknown"
4240,0.889,417.18729,"Unknown","[M+H]+","ion correlated with 3291; ion correlated with 4154",0.036,FALSE,"null","null","null","null","null","null",999,FALSE,FALSE,FALSE,"null","null","null","null","null",3108,0,0,0,0,0,0,0,155400,0,0,0,219067,177557,0,0,0,0,0,0,0,17186,0,0,0,0,0,0,0,"F4240_mz417.1873_rt0.89",0,219067,219068,TRUE,4,2,1,"Fungi old-associated detection","Early RT","No MS/MS assignment","Unknown"
4243,0.917,417.24609,"Unknown","[M+H]+","ion correlated with 2390; ion correlated with 4790; ion correlated with 4044; ion correlated with 1755; ion correlated with 3931; ion correlated with 3912; ion correlated with 1841; ion correlated with 4137; ion correlated with 999; ion correlated with 4252; ion correlated with 2248; ion correlated with 845; ion correlated with 3524; ion correlated with 589; ion correlated with 4036; ion correlated with 3721; ion correlated with 4302; ion correlated with 2515; ion correlated with 4238; ion correlated with 2432; ion correlated with 3269; ion correlated with 1960",0.036,FALSE,"null","null","null","null","null","null",999,FALSE,FALSE,FALSE,"null","null","null","null","null",151.9,0,0,2246,0,0,0,0,184077,337909,264893,58450,0,0,0,0,0,43994,94459,27945,145639,191140,166994,0,0,0,0,0,0,"F4243_mz417.2461_rt0.92",748.666666666667,337909,450.746998666074,TRUE,10,1,3,"Fungal control-associated detection","Early RT","No MS/MS assignment","Unknown"
4245,0.668,418.13412,"Unknown","[M+H]+",NA,0.036,FALSE,"null","null","null","null","null","null",999,FALSE,FALSE,FALSE,"null","null","null","null","null",3278.49,0,0,0,0,0,0,0,0,0,0,163925,0,22817,0,0,0,0,0,0,0,0,0,0,0,0,0,0,0,"F4245_mz418.1341_rt0.67",0,163925,163926,TRUE,2,2,0,"Fungi old-associated detection","Early RT","No MS/MS assignment","Unknown"
4246,0.465,418.15601,"Unknown","[M+H]+","ion correlated with 1266; ion correlated with 4538; ion correlated with 4998",0.357,FALSE,"null","null","null","null","null","null",999,FALSE,FALSE,FALSE,"null","null","null","null","null",15921.82,0,0,0,0,0,0,0,1047617,1345196,1297926,500661,0,0,0,26715,0,865785,875789,699568,932217,805968,892429,0,18160,0,0,0,0,"F4246_mz418.156_rt0.47",0,1345196,1345197,TRUE,12,1,3,"Fungal control-associated detection","Very early RT","No MS/MS assignment","Unknown"
4247,1.025,418.17123,"Unknown","[M+H]+","ion correlated with 4151; ion correlated with 4483; ion correlated with 4037; ion correlated with 3662; ion correlated with 3961; ion correlated with 4668; ion correlated with 4052; ion correlated with 3882; ion correlated with 3741; ion correlated with 2128; ion correlated with 392; ion correlated with 3757; ion correlated with 3536; ion correlated with 3830; ion correlated with 4098",0.107,FALSE,"null","null","null","null","null","null",999,FALSE,FALSE,FALSE,"null","null","null","null","null",2718.88,0,0,0,0,0,0,0,8790,0,0,6139,6308,0,266894,304402,403327,0,0,4916,0,0,0,0,0,0,0,0,0,"F4247_mz418.1712_rt1.02",0,403327,403328,TRUE,7,2,1,"Fungi old-associated detection","RT >= 1 min","No MS/MS assignment","Unknown"
4261,0.409,420.96988,"Unknown","[M+H]+","ion correlated with 4213; ion correlated with 3168; ion correlated with 3367; ion correlated with 4047; ion correlated with 3532; ion correlated with 4157; ion correlated with 3928; ion correlated with 3329; ion correlated with 34",0.107,FALSE,"null","null","null","null","null","null",999,FALSE,FALSE,FALSE,"null","null","null","null","null",1537.32,0,0,0,0,0,0,0,82378,110968,89833,52400,0,0,0,0,17682,30291,43454,41166,74581,122617,104338,0,0,0,0,0,0,"F4261_mz420.9699_rt0.41",0,122617,122618,TRUE,11,1,3,"Fungal control-associated detection","Very early RT","No MS/MS assignment","Unknown"
4262,0.515,421.13776,"Unknown","[M+H]+","ion correlated with 4998",0.357,FALSE,"null","null","null","null","null","null",999,FALSE,FALSE,FALSE,"null","null","null","null","null",27403.78,0,0,0,0,0,0,0,1411480,1418710,1209330,726054,0,0,0,0,0,1079458,1627612,1376384,1781328,1595503,1485293,0,0,0,0,0,0,"F4262_mz421.1378_rt0.52",0,1781328,1781329,TRUE,10,1,3,"Fungal control-associated detection","Early RT","No MS/MS assignment","Unknown"
4265,1.231,422.18179,"Unknown","[M+H]+",NA,0.036,FALSE,"null","null","null","null","null","null",999,FALSE,FALSE,FALSE,"null","null","null","null","null",59.33,0,0,0,0,0,0,0,8592,8550,16846,6002,0,0,18213,0,100312,0,0,0,10018,9395,8809,0,0,8614,0,0,0,"F4265_mz422.1818_rt1.23",0,100312,100313,TRUE,10,1,3,"Fungal control-associated detection","RT >= 1 min","No MS/MS assignment","Unknown"
4266,0.884,422.21475,"Unknown","[M+H]+","ion correlated with 3211",0.036,FALSE,"null","null","null","null","null","null",999,FALSE,FALSE,FALSE,"null","null","null","null","null",186.93,0,0,0,0,0,0,0,0,0,73116,105542,185406,169065,0,0,0,0,0,0,0,0,18412,0,0,0,0,0,0,"F4266_mz422.2147_rt0.88",0,185406,185407,TRUE,5,3,1,"Fungi old-associated detection","Early RT","No MS/MS assignment","Unknown"
4271,0.458,423.09003,"Unknown","[M+H]+",NA,0.143,FALSE,"null","null","null","null","null","null",999,FALSE,FALSE,FALSE,"null","null","null","null","null",2524.72,0,0,0,0,0,0,0,86128,44256,33070,69722,0,0,0,0,0,168175,170208,174017,152843,63359,0,0,0,0,0,0,0,"F4271_mz423.09_rt0.46",0,174017,174018,TRUE,9,1,3,"Fungal control-associated detection","Very early RT","No MS/MS assignment","Unknown"
4276,3.098,423.36258,"Unknown","[M+H]+","ion correlated with 4754",0.071,FALSE,"null","null","null","null","null","null",999,FALSE,FALSE,FALSE,"null","null","null","null","null",15.55,0,0,0,0,0,0,0,0,0,0,149934,156208,91041,0,0,0,0,0,0,0,0,0,0,0,0,0,0,0,"F4276_mz423.3626_rt3.1",0,156208,156209,TRUE,3,3,0,"Fungi old-associated detection","RT >= 1 min","No MS/MS assignment","Unknown"
4277,3.42,423.36267,"Unknown","[M+H]+","ion correlated with 4756",0.107,TRUE,"null","null","null","null","null","null",999,FALSE,FALSE,FALSE,"null","null","null","null","null",14.61,0,0,0,0,0,0,0,0,0,0,221979,126475,120286,0,0,0,2209,0,0,0,0,0,0,0,0,0,0,0,"F4277_mz423.3627_rt3.42",0,221979,221980,TRUE,4,3,0,"Fungi old-associated detection","RT >= 1 min","MS/MS available","Unknown"
4280,1.118,424.16034,"Unknown","[M+H]+",NA,0.071,FALSE,"null","null","null","null","null","null",999,FALSE,FALSE,FALSE,"null","null","null","null","null",2811.17,0,0,0,0,0,0,0,0,0,0,0,5505,4644,9369,0,8456,0,0,0,0,0,0,171556,109561,69081,0,0,0,"F4280_mz424.1603_rt1.12",0,171556,171557,TRUE,7,2,0,"Fungi old-associated detection","RT >= 1 min","No MS/MS assignment","Unknown"
4281,0.73,424.18146,"Unknown","[M+H]+","ion correlated with 4865",0.107,FALSE,"null","null","null","null","null","null",999,FALSE,FALSE,FALSE,"null","null","null","null","null",4702.98,0,0,0,0,0,0,0,349197,197819,158431,95905,0,0,0,0,0,0,0,0,0,63711,60623,0,0,0,0,0,0,"F4281_mz424.1815_rt0.73",0,349197,349198,TRUE,6,1,3,"Fungal control-associated detection","Early RT","No MS/MS assignment","Unknown"
4282,0.503,424.18207,"Unknown","[M+H]+","ion correlated with 4173; ion correlated with 4190; ion correlated with 4356; similar chromatogram in higher mz_4379; similar chromatogram in higher mz_4866",0.036,FALSE,"null","null","null","null","null","null",999,FALSE,FALSE,FALSE,"null","null","null","null","null",3496.61,0,0,0,0,0,0,0,174830,45374,40715,0,0,0,0,0,0,0,0,0,0,0,0,0,0,0,0,0,0,"F4282_mz424.1821_rt0.5",0,174830,174831,TRUE,3,0,3,"Fungal control-associated detection","Early RT","No MS/MS assignment","Unknown"
4284,0.986,424.23358,"Unknown","[M+H]+","ion correlated with 3460; ion correlated with 3662; ion correlated with 3961",0.107,TRUE,"null","null","null","null","null","null",999,FALSE,FALSE,FALSE,"null","null","null","null","null",67.81,0,0,1805,0,0,0,0,16864,13920,17914,0,0,12298,103930,391269,589695,0,0,0,0,0,0,0,0,0,0,0,0,"F4284_mz424.2336_rt0.99",601.666666666667,589695,978.477876106195,TRUE,7,1,3,"Fungal control-associated detection","Early RT","MS/MS available","Unknown"
4293,1.045,425.27652,"Unknown","[M+H]+","ion correlated with 4150; ion correlated with 4382; ion correlated with 4334; ion correlated with 4219; ion correlated with 2228; ion correlated with 4178; ion correlated with 4508; ion correlated with 3897; ion correlated with 3969; ion correlated with 3629; ion correlated with 4585; ion correlated with 4081; ion correlated with 3431; ion correlated with 4361; ion correlated with 4335",0.214,FALSE,"null","null","null","null","null","null",999,FALSE,FALSE,FALSE,"null","null","null","null","null",55.29,0,0,0,0,0,0,0,188340,196286,184522,85507,0,0,0,0,0,19699,51354,38975,116754,128415,182201,0,0,5783,0,0,0,"F4293_mz425.2765_rt1.04",0,196286,196287,TRUE,11,1,3,"Fungal control-associated detection","RT >= 1 min","No MS/MS assignment","Unknown"
4308,0.967,428.25082,"Unknown","[M+H]+","ion correlated with 4194; ion correlated with 2880; ion correlated with 3524; ion correlated with 4322; ion correlated with 2639; ion correlated with 4468",0.036,FALSE,"null","null","null","null","null","null",999,FALSE,FALSE,FALSE,"null","null","null","null","null",160.57,0,3222,2207,0,10724,4928,6028,139676,191954,202527,21054,0,0,0,0,0,30190,61807,18208,192035,127769,125908,0,0,0,12073,8703,5373,"F4308_mz428.2508_rt0.97",1809.66666666667,202527,111.852724594993,TRUE,16,1,3,"Fungal control-associated detection","Early RT","No MS/MS assignment","Unknown"
4309,0.926,428.28745,"Unknown","[M+H]+","ion correlated with 4404; ion correlated with 4449",0.036,FALSE,"null","null","null","null","null","null",999,FALSE,FALSE,FALSE,"null","null","null","null","null",68.15,0,0,1924,0,0,0,0,76408,94514,137791,9820,0,0,0,0,0,27794,16342,14679,46460,78276,70272,0,0,0,0,0,0,"F4309_mz428.2874_rt0.93",641.333333333333,137791,214.517903476907,TRUE,10,1,3,"Fungal control-associated detection","Early RT","No MS/MS assignment","Unknown"
4310,1.094,429.17383,"Unknown","[M+H]+","ion correlated with 4387; ion correlated with 4668; ion correlated with 4257; ion correlated with 4565; ion correlated with 3741; ion correlated with 3349; ion correlated with 3757; ion correlated with 3536; ion correlated with 4098; ion correlated with 3876; ion correlated with 4575; ion correlated with 598; ion correlated with 4597; ion correlated with 4693; ion correlated with 3638; ion correlated with 4167; ion correlated with 4019; ion correlated with 3194; ion correlated with 4640; ion correlated with 3022; ion correlated with 4223; ion correlated with 4153; ion correlated with 4618; ion correlated with 4333; ion correlated with 4192; ion correlated with 4307",0.107,FALSE,"null","null","null","null","null","null",999,FALSE,FALSE,FALSE,"null","null","null","null","null",2840.22,0,0,0,0,0,0,0,11749,0,0,0,1846,35584,204685,248925,216439,0,0,4964,0,5388,0,0,0,0,0,0,0,"F4310_mz429.1738_rt1.09",0,248925,248926,TRUE,8,2,1,"Fungi old-associated detection","RT >= 1 min","No MS/MS assignment","Unknown"
4313,6.639,429.37323,"Unknown","[M+H]+",NA,0.071,TRUE,"null","null","null","null","null","null",999,FALSE,FALSE,FALSE,"null","null","null","null","null",125.79,0,0,0,0,0,0,0,1002086,999002,0,0,0,0,2623,1921,353528,0,0,0,0,0,0,0,0,7579,0,0,0,"F4313_mz429.3732_rt6.64",0,1002086,1002087,TRUE,6,0,2,"Fungal control-associated detection","RT >= 1 min","MS/MS available","Unknown"
4314,6.746,429.37338,"Unknown","[M+H]+",NA,0.036,TRUE,"null","null","null","null","null","null",999,FALSE,FALSE,FALSE,"null","null","null","null","null",30.17,0,0,994,0,0,0,0,1136595,865546,0,0,0,0,1061,7349,280260,0,0,0,0,0,0,0,0,10524,0,0,0,"F4314_mz429.3734_rt6.75",331.333333333333,1136595,3420.0481444333,TRUE,6,0,2,"Fungal control-associated detection","RT >= 1 min","MS/MS available","Unknown"
4317,1.03,430.1861,"Unknown","[M+H]+",NA,0.071,FALSE,"null","null","null","null","null","null",999,FALSE,FALSE,FALSE,"null","null","null","null","null",2876.38,0,0,0,0,0,0,0,11176,0,0,0,6847,2979,0,24628,79352,0,0,0,13618,0,0,31986,108737,178901,0,0,0,"F4317_mz430.1861_rt1.03",0,178901,178902,TRUE,9,2,1,"Fungi old-associated detection","RT >= 1 min","No MS/MS assignment","Unknown"
4322,0.978,431.25067,"Unknown","[M+H]+","ion correlated with 1933; ion correlated with 2319; ion correlated with 845; ion correlated with 2880; ion correlated with 3524; ion correlated with 4393; ion correlated with 4302; ion correlated with 2515; ion correlated with 4005; ion correlated with 4308; ion correlated with 4390; ion correlated with 2639; ion correlated with 4083; ion correlated with 4125; ion correlated with 4468; ion correlated with 4113; ion correlated with 4534; ion correlated with 4478; ion correlated with 4382; ion correlated with 4219; ion correlated with 4178; ion correlated with 4508",0.179,FALSE,"null","null","null","null","null","null",999,FALSE,FALSE,FALSE,"null","null","null","null","null",76.31,0,0,0,0,0,0,0,142601,150683,157002,53992,0,0,0,0,0,20748,59299,34461,124299,113278,109884,0,0,0,0,0,0,"F4322_mz431.2507_rt0.98",0,157002,157003,TRUE,10,1,3,"Fungal control-associated detection","Early RT","No MS/MS assignment","Unknown"
4326,0.471,432.17163,"Unknown","[M+H]+","ion correlated with 4587; ion correlated with 459; ion correlated with 51; ion correlated with 4472",0.464,TRUE,"null","null","null","null","null","null",999,FALSE,FALSE,FALSE,"null","null","null","null","null",3134.7,0,0,0,0,0,0,0,6594264,7039397,5802421,2832768,0,0,167217,258950,277161,3244397,3815324,2882880,5737994,5412479,6553782,32448,20042,0,0,0,0,"F4326_mz432.1716_rt0.47",0,7039397,7039398,TRUE,15,1,3,"Fungal control-associated detection","Very early RT","MS/MS available","Unknown"
4327,0.913,432.20807,"Unknown","[M+H]+",NA,0.071,FALSE,"null","null","null","null","null","null",999,FALSE,FALSE,FALSE,"null","null","null","null","null",60.7,0,0,0,0,0,0,0,33406,97018,128600,92983,0,0,0,0,0,20986,42214,48808,102982,47392,58584,0,0,0,0,0,0,"F4327_mz432.2081_rt0.91",0,128600,128601,TRUE,10,1,3,"Fungal control-associated detection","Early RT","No MS/MS assignment","Unknown"
4328,0.436,432.22272,"Unknown","[M+H]+",NA,0.071,FALSE,"null","null","null","null","null","null",999,FALSE,FALSE,FALSE,"null","null","null","null","null",52.73,0,0,0,0,0,0,0,65949,147681,128874,0,0,0,0,41361,0,64179,57648,49252,44940,72400,41018,0,0,0,0,0,0,"F4328_mz432.2227_rt0.44",0,147681,147682,TRUE,10,0,3,"Fungal control-associated detection","Very early RT","No MS/MS assignment","Unknown"
4338,1.074,434.20285,"Unknown","[M+H]+","ion correlated with 3937; ion correlated with 3311; ion correlated with 1088; ion correlated with 4550; ion correlated with 4165; ion correlated with 4759; ion correlated with 2865; ion correlated with 1837; ion correlated with 4035; ion correlated with 799; ion correlated with 1439; ion correlated with 4486; ion correlated with 2012; ion correlated with 3491; ion correlated with 4678; ion correlated with 3971; ion correlated with 4684",0.107,FALSE,"null","null","null","null","null","null",999,FALSE,FALSE,FALSE,"null","null","null","null","null",66.99,0,0,0,0,0,0,0,0,5478,0,7142,5620,0,1321479,513100,543828,0,0,0,7710,0,0,31147,22887,16792,0,0,0,"F4338_mz434.2028_rt1.07",0,1321479,1321480,TRUE,10,2,1,"Fungi old-associated detection","RT >= 1 min","No MS/MS assignment","Unknown"
4342,0.898,435.22601,"Unknown","[M+H]+","ion correlated with 375; ion correlated with 3389; ion correlated with 3860; ion correlated with 4634",0.071,FALSE,"null","null","null","null","null","null",999,FALSE,FALSE,FALSE,"null","null","null","null","null",9.99,0,0,0,0,0,0,0,0,0,0,17576,9475,0,151026,76475,129150,0,0,0,0,0,36337,0,0,0,0,0,0,"F4342_mz435.226_rt0.9",0,151026,151027,TRUE,6,2,0,"Fungi old-associated detection","Early RT","No MS/MS assignment","Unknown"
4343,1.01,435.25906,"Unknown","[M+H]+","ion correlated with 4308; ion correlated with 4616; ion correlated with 4322; ion correlated with 4083; ion correlated with 4468; ion correlated with 4478; ion correlated with 899; ion correlated with 4219; ion correlated with 4508",0.143,FALSE,"null","null","null","null","null","null",999,FALSE,FALSE,FALSE,"null","null","null","null","null",2298.36,0,0,0,0,0,0,0,68673,126957,123583,15190,0,0,0,0,0,23808,45213,12863,102787,106346,87725,0,0,0,0,0,0,"F4343_mz435.2591_rt1.01",0,126957,126958,TRUE,10,1,3,"Fungal control-associated detection","RT >= 1 min","No MS/MS assignment","Unknown"
4355,0.467,439.14267,"Unknown","[M+H]+",NA,0.107,FALSE,"null","null","null","null","null","null",999,FALSE,FALSE,FALSE,"null","null","null","null","null",3650.24,0,0,0,0,0,0,0,0,0,0,0,73733,86654,27378,20374,31929,0,0,0,0,0,0,145192,159017,243326,0,0,0,"F4355_mz439.1427_rt0.47",0,243326,243327,TRUE,8,2,0,"Fungi old-associated detection","Very early RT","No MS/MS assignment","Unknown"
4361,1.085,439.29239,"Unknown","[M+H]+","ion correlated with 3776; ion correlated with 4293; ion correlated with 3453; ion correlated with 3174; ion correlated with 3629; ion correlated with 4585; ion correlated with 3921; ion correlated with 4127; ion correlated with 2433; ion correlated with 3431; ion correlated with 4335; ion correlated with 3759; ion correlated with 3584; ion correlated with 2671",0.214,FALSE,"null","null","null","null","null","null",999,FALSE,FALSE,FALSE,"null","null","null","null","null",2927.16,0,2476,3304,0,3399,0,2915,222652,244091,257713,77904,0,0,0,0,6766,40877,69170,43016,151631,205463,199184,0,0,0,2993,0,0,"F4361_mz439.2924_rt1.08",1926.66666666667,257713,133.692201279613,TRUE,14,1,3,"Fungal control-associated detection","RT >= 1 min","No MS/MS assignment","Unknown"
4362,1.325,439.35806,"Unknown","[M+H]+","ion correlated with 4456",0.071,FALSE,"null","null","null","null","null","null",999,FALSE,FALSE,FALSE,"null","null","null","null","null",62.88,0,0,0,0,0,0,0,0,0,0,71524,158308,144892,0,0,0,2490,0,0,0,0,0,0,0,0,0,0,0,"F4362_mz439.3581_rt1.32",0,158308,158309,TRUE,4,3,0,"Fungi old-associated detection","RT >= 1 min","No MS/MS assignment","Unknown"
4364,0.666,440.17667,"Unknown","[M+H]+","ion correlated with 2236",0.214,FALSE,"null","null","null","null","null","null",999,FALSE,FALSE,FALSE,"null","null","null","null","null",7746.52,0,0,0,0,0,0,0,511720,480042,460648,450132,0,0,0,0,0,36376,42219,0,34274,175849,245567,0,0,0,0,0,0,"F4364_mz440.1767_rt0.67",0,511720,511721,TRUE,9,1,3,"Fungal control-associated detection","Early RT","No MS/MS assignment","Unknown"
4369,0.555,441.10074,"Unknown","[M+H]+",NA,0.071,FALSE,"null","null","null","null","null","null",999,FALSE,FALSE,FALSE,"null","null","null","null","null",2795,0,0,0,0,0,0,0,139070,100104,140430,30309,0,0,0,0,0,0,0,43812,92350,90205,168185,0,0,0,0,0,0,"F4369_mz441.1007_rt0.56",0,168185,168186,TRUE,8,1,3,"Fungal control-associated detection","Early RT","No MS/MS assignment","Unknown"
4370,0.725,441.1543,"Unknown","[M+H]+","ion correlated with 4498",0.036,FALSE,"null","null","null","null","null","null",999,FALSE,FALSE,FALSE,"null","null","null","null","null",2576.42,0,0,0,0,0,0,0,128821,30892,17794,16127,0,0,0,0,0,0,16001,0,0,16365,20912,0,0,0,0,0,0,"F4370_mz441.1543_rt0.72",0,128821,128822,TRUE,7,1,3,"Fungal control-associated detection","Early RT","No MS/MS assignment","Unknown"
4375,1.543,441.30069,"Unknown","[M+H]+","ion correlated with 4162; ion correlated with 4488; ion correlated with 2125; ion correlated with 2020",0.071,TRUE,"null","null","null","null","null","null",999,FALSE,FALSE,FALSE,"null","null","null","null","null",192.34,0,0,0,0,0,0,0,0,0,0,92886,225065,303752,0,0,0,0,0,0,0,0,0,0,0,0,0,0,0,"F4375_mz441.3007_rt1.54",0,303752,303753,TRUE,3,3,0,"Fungi old-associated detection","RT >= 1 min","MS/MS available","Unknown"
4376,1.469,441.30075,"Unknown","[M+H]+","ion correlated with 4477; ion correlated with 4562",0.071,TRUE,"null","null","null","null","null","null",999,FALSE,FALSE,FALSE,"null","null","null","null","null",88.67,0,0,0,0,0,0,0,0,0,0,43294,188982,180698,0,0,0,0,11149,3325,0,0,0,0,0,0,0,0,0,"F4376_mz441.3008_rt1.47",0,188982,188983,TRUE,5,3,0,"Fungi old-associated detection","RT >= 1 min","MS/MS available","Unknown"
4378,0.992,442.18701,"Unknown","[M+H]+",NA,0.036,FALSE,"null","null","null","null","null","null",999,FALSE,FALSE,FALSE,"null","null","null","null","null",22.62,0,0,0,0,0,0,0,48154,0,0,15814,29696,5304,0,0,13150,0,0,6318,0,0,0,75790,48029,159755,0,0,1872,"F4378_mz442.187_rt0.99",0,159755,159756,TRUE,10,3,1,"Fungi old-associated detection","Early RT","No MS/MS assignment","Unknown"
4379,0.502,442.19235,"Unknown","[M+H]+","similar chromatogram in higher mz_5147",0.286,FALSE,"null","null","null","null","null","null",999,FALSE,FALSE,FALSE,"null","null","null","null","null",8776.83,0,0,0,0,0,0,0,1976236,954834,1213412,689602,0,0,0,0,0,41278,225032,65008,417244,497416,476292,0,0,0,0,0,0,"F4379_mz442.1923_rt0.5",0,1976236,1976237,TRUE,10,1,3,"Fungal control-associated detection","Early RT","No MS/MS assignment","Unknown"
4393,0.933,444.28189,"Unknown","[M+H]+","ion correlated with 4044; ion correlated with 3912; ion correlated with 4146; ion correlated with 4194; ion correlated with 2590; ion correlated with 4243; ion correlated with 1973; ion correlated with 2074; ion correlated with 1933; ion correlated with 2319; ion correlated with 845; ion correlated with 2880; ion correlated with 3524; ion correlated with 4373; ion correlated with 4302; ion correlated with 2515; ion correlated with 4005; ion correlated with 4238; ion correlated with 4390; ion correlated with 4449; ion correlated with 4322; ion correlated with 2639; ion correlated with 4607; ion correlated with 4083; ion correlated with 4468; ion correlated with 4113; ion correlated with 4478",0.143,FALSE,"null","null","null","null","null","null",999,FALSE,FALSE,FALSE,"null","null","null","null","null",2231.71,0,0,0,0,0,0,0,139213,186627,175685,24031,0,0,0,0,0,10467,33167,36192,88978,112648,105847,0,0,0,0,0,0,"F4393_mz444.2819_rt0.93",0,186627,186628,TRUE,10,1,3,"Fungal control-associated detection","Early RT","No MS/MS assignment","Unknown"
4398,0.659,446.15173,"Unknown","[M+H]+",NA,0.036,FALSE,"null","null","null","null","null","null",999,FALSE,FALSE,FALSE,"null","null","null","null","null",4202.67,0,0,0,0,0,0,0,59524,0,0,33046,210134,138914,0,0,0,0,0,0,0,22968,0,0,0,0,0,0,0,"F4398_mz446.1517_rt0.66",0,210134,210135,TRUE,5,3,1,"Fungi old-associated detection","Early RT","No MS/MS assignment","Unknown"
4399,0.494,446.15259,"Unknown","[M+H]+",NA,0.071,FALSE,"null","null","null","null","null","null",999,FALSE,FALSE,FALSE,"null","null","null","null","null",3043.71,0,0,0,0,0,0,0,0,51752,0,0,189244,115127,0,0,0,52631,0,0,0,0,0,0,0,0,0,0,0,"F4399_mz446.1526_rt0.49",0,189244,189245,TRUE,4,2,1,"Fungi old-associated detection","Very early RT","No MS/MS assignment","Unknown"
4401,0.468,446.18698,"Unknown","[M+H]+","ion correlated with 1801; ion correlated with 3769; ion correlated with 1965; ion correlated with 1045; ion correlated with 2889; ion correlated with 1642",0.286,FALSE,"null","null","null","null","null","null",999,FALSE,FALSE,FALSE,"null","null","null","null","null",6866.74,0,0,0,0,0,0,0,344735,501294,405120,260625,0,0,0,18730,69006,75094,209139,95545,236685,371928,417168,24009,0,0,0,0,0,"F4401_mz446.187_rt0.47",0,501294,501295,TRUE,13,1,3,"Fungal control-associated detection","Very early RT","No MS/MS assignment","Unknown"
4404,0.935,446.2616,"Unknown","[M+H]+","ion correlated with 2172; ion correlated with 4309; ion correlated with 2308",0.036,FALSE,"null","null","null","null","null","null",999,FALSE,FALSE,FALSE,"null","null","null","null","null",2253.77,0,0,0,0,0,0,0,49020,112689,123181,21580,0,0,0,0,0,9726,23384,0,62905,73106,51356,0,0,0,0,0,0,"F4404_mz446.2616_rt0.94",0,123181,123182,TRUE,9,1,3,"Fungal control-associated detection","Early RT","No MS/MS assignment","Unknown"
4409,0.472,448.16629,"Unknown","[M+H]+","ion correlated with 1285; ion correlated with 1085; ion correlated with 4479",0.464,FALSE,"null","null","null","null","null","null",999,FALSE,FALSE,FALSE,"null","null","null","null","null",24904.12,0,0,0,0,0,0,0,1777897,2237822,2284882,1075391,0,0,296746,267373,173122,1693737,1734961,1560019,2111520,1647002,2056410,80477,77563,33791,0,0,0,"F4409_mz448.1663_rt0.47",0,2284882,2284883,TRUE,16,1,3,"Fungal control-associated detection","Very early RT","No MS/MS assignment","Unknown"
4410,0.532,448.16733,"Unknown","[M+H]+","ion correlated with 1989",0.036,FALSE,"null","null","null","null","null","null",999,FALSE,FALSE,FALSE,"null","null","null","null","null",14612.33,0,0,0,0,0,0,0,730616,962021,694501,235009,0,0,296746,267373,173122,146343,342031,218205,516458,626450,739004,80477,77563,0,0,0,0,"F4410_mz448.1673_rt0.53",0,962021,962022,TRUE,15,1,3,"Fungal control-associated detection","Early RT","No MS/MS assignment","Unknown"
4411,1.073,448.18152,"Unknown","[M+H]+","ion correlated with 3565; ion correlated with 3311; ion correlated with 1088; ion correlated with 4564; ion correlated with 4165; ion correlated with 4912; ion correlated with 3709; ion correlated with 4881; ion correlated with 1168; ion correlated with 1628; ion correlated with 4338; ion correlated with 4938; ion correlated with 4955; ion correlated with 3370; ion correlated with 4910",0.036,FALSE,"null","null","null","null","null","null",999,FALSE,FALSE,FALSE,"null","null","null","null","null",122.12,0,0,0,0,0,0,0,18397,0,0,6729,6396,9006,248253,63752,85404,0,0,0,9666,0,8211,0,0,0,0,0,0,"F4411_mz448.1815_rt1.07",0,248253,248254,TRUE,9,3,1,"Fungi old-associated detection","RT >= 1 min","No MS/MS assignment","Unknown"
4412,1.134,448.21771,"Unknown","[M+H]+","ion correlated with 3830; ion correlated with 4098; ion correlated with 3305; ion correlated with 4838; ion correlated with 4480; ion correlated with 3739; ion correlated with 2871; ion correlated with 3654; ion correlated with 1896; ion correlated with 3910; ion correlated with 4484; ion correlated with 4656",0.071,FALSE,"null","null","null","null","null","null",999,FALSE,FALSE,FALSE,"null","null","null","null","null",41.81,0,0,0,0,0,0,0,9526,4131,0,0,4321,0,194322,220462,465673,0,0,0,0,0,0,0,0,0,0,0,0,"F4412_mz448.2177_rt1.13",0,465673,465674,TRUE,6,1,2,"Fungal control-associated detection","RT >= 1 min","No MS/MS assignment","Unknown"
4417,5.227,449.2666,"Unknown","[M+H]+","ion correlated with 3548; ion correlated with 4501",0.107,TRUE,"null","null","null","null","null","null",999,FALSE,FALSE,FALSE,"null","null","null","null","null",4778.74,0,0,0,0,0,0,0,0,0,0,0,14128,5646,73282,17538,68114,0,0,0,0,0,0,520212,671431,905568,0,0,0,"F4417_mz449.2666_rt5.23",0,905568,905569,TRUE,8,2,0,"Fungi old-associated detection","RT >= 1 min","MS/MS available","Unknown"
4428,1.022,451.21896,"Unknown","[M+H]+","ion correlated with 4449; ion correlated with 4083; ion correlated with 899; ion correlated with 4219; ion correlated with 4508; ion correlated with 2196; ion correlated with 4746; ion correlated with 4578; ion correlated with 4253",0.036,FALSE,"null","null","null","null","null","null",999,FALSE,FALSE,FALSE,"null","null","null","null","null",3.74,0,0,0,0,0,0,0,90510,128105,83042,51698,0,0,0,0,0,26173,18937,24745,68203,77061,85444,0,0,0,0,0,0,"F4428_mz451.219_rt1.02",0,128105,128106,TRUE,10,1,3,"Fungal control-associated detection","RT >= 1 min","No MS/MS assignment","Unknown"
4431,0.458,452.13028,"Unknown","[M+H]+",NA,0.179,FALSE,"null","null","null","null","null","null",999,FALSE,FALSE,FALSE,"null","null","null","null","null",3051.24,0,0,0,0,0,0,0,0,79969,92406,38862,0,0,0,0,0,165129,119620,161936,94601,183568,132557,0,0,0,0,0,0,"F4431_mz452.1303_rt0.46",0,183568,183569,TRUE,9,1,2,"Fungal control-associated detection","Very early RT","No MS/MS assignment","Unknown"
4436,0.954,453.21576,"Unknown","[M+H]+","ion correlated with 2328; ion correlated with 3501; ion correlated with 4252; ion correlated with 845; ion correlated with 3601; ion correlated with 4523; ion correlated with 3721; ion correlated with 4005; ion correlated with 2432; ion correlated with 2639; ion correlated with 4125; ion correlated with 3155; ion correlated with 4150; ion correlated with 4138",0.071,FALSE,"null","null","null","null","null","null",999,FALSE,FALSE,FALSE,"null","null","null","null","null",1627.61,0,0,0,0,0,0,0,245488,205912,331231,101436,0,0,0,0,0,84917,71547,79914,169671,205588,158172,0,0,0,0,0,0,"F4436_mz453.2158_rt0.95",0,331231,331232,TRUE,10,1,3,"Fungal control-associated detection","Early RT","No MS/MS assignment","Unknown"
4437,0.752,454.15573,"Unknown","[M+H]+","ion correlated with 1720; ion correlated with 2830",0.036,FALSE,"null","null","null","null","null","null",999,FALSE,FALSE,FALSE,"null","null","null","null","null",2835.23,0,0,0,0,0,0,0,99438,96750,141762,51060,0,0,0,0,0,0,42588,19309,76968,109429,79862,0,0,0,0,0,0,"F4437_mz454.1557_rt0.75",0,141762,141763,TRUE,9,1,3,"Fungal control-associated detection","Early RT","No MS/MS assignment","Unknown"
4441,0.467,455.11615,"Unknown","[M+H]+",NA,0.214,FALSE,"null","null","null","null","null","null",999,FALSE,FALSE,FALSE,"null","null","null","null","null",9069.02,0,0,0,0,0,0,0,0,0,0,60991,38146,39326,594850,369681,802936,0,0,0,0,0,0,185726,238542,528972,0,0,0,"F4441_mz455.1162_rt0.47",0,802936,802937,TRUE,9,3,0,"Fungi old-associated detection","Very early RT","No MS/MS assignment","Unknown"
4449,0.974,456.31903,"Unknown","[M+H]+","ion correlated with 2590; ion correlated with 2074; ion correlated with 1933; ion correlated with 4309; ion correlated with 845; ion correlated with 2880; ion correlated with 4393; ion correlated with 4302; ion correlated with 4390; ion correlated with 4322; ion correlated with 4607; ion correlated with 4083; ion correlated with 4113; ion correlated with 2308; ion correlated with 899; ion correlated with 4382; ion correlated with 4219; ion correlated with 4581; ion correlated with 4508; ion correlated with 2196; ion correlated with 4428; ion correlated with 2404; ion correlated with 4746",0.071,FALSE,"null","null","null","null","null","null",999,FALSE,FALSE,FALSE,"null","null","null","null","null",87.97,0,0,0,0,0,0,0,96259,135000,139892,42533,0,0,0,0,0,12339,26926,15818,58382,82412,108738,0,0,0,0,0,0,"F4449_mz456.319_rt0.97",0,139892,139893,TRUE,10,1,3,"Fungal control-associated detection","Early RT","No MS/MS assignment","Unknown"
4452,0.461,457.16675,"Unknown","[M+H]+","ion correlated with 4613; ion correlated with 4027; ion correlated with 4392",0.214,FALSE,"null","null","null","null","null","null",999,FALSE,FALSE,FALSE,"null","null","null","null","null",7133.6,0,0,0,0,0,0,0,802887,457466,304714,256745,0,0,0,0,0,56451,74853,40892,127080,191186,191378,0,0,0,0,0,0,"F4452_mz457.1667_rt0.46",0,802887,802888,TRUE,10,1,3,"Fungal control-associated detection","Very early RT","No MS/MS assignment","Unknown"
4453,0.465,457.20294,"Unknown","[M+H]+","ion correlated with 3385",0.036,FALSE,"null","null","null","null","null","null",999,FALSE,FALSE,FALSE,"null","null","null","null","null",3634.16,0,0,0,0,0,0,0,204833,119813,124405,190608,0,0,0,0,0,40805,63859,0,139748,132364,181708,0,0,0,0,0,0,"F4453_mz457.2029_rt0.47",0,204833,204834,TRUE,9,1,3,"Fungal control-associated detection","Very early RT","No MS/MS assignment","Unknown"
4456,1.325,457.36862,"Unknown","[M+H]+","ion correlated with 4362; ion correlated with 2579",0.071,FALSE,"null","null","null","null","null","null",999,FALSE,FALSE,FALSE,"null","null","null","null","null",2969.37,0,0,0,0,0,0,0,0,0,0,67476,157077,139859,0,0,0,0,3368,0,0,0,0,0,0,0,0,0,0,"F4456_mz457.3686_rt1.32",0,157077,157078,TRUE,4,3,0,"Fungi old-associated detection","RT >= 1 min","No MS/MS assignment","Unknown"
4460,0.479,458.18732,"Unknown","[M+H]+","ion correlated with 1304; ion correlated with 4479; ion correlated with 4903",0.464,FALSE,"null","null","null","null","null","null",999,FALSE,FALSE,FALSE,"null","null","null","null","null",31076.34,0,0,0,0,0,0,0,2631960,3244083,2021734,1314840,0,0,114347,141031,123625,852901,1422692,1262639,2048124,2611080,2410566,0,0,0,0,0,0,"F4460_mz458.1873_rt0.48",0,3244083,3244084,TRUE,13,1,3,"Fungal control-associated detection","Very early RT","No MS/MS assignment","Unknown"
4465,0.455,459.10229,"Unknown","[M+H]+",NA,0.143,FALSE,"null","null","null","null","null","null",999,FALSE,FALSE,FALSE,"null","null","null","null","null",2086.83,0,0,0,0,0,0,0,0,23490,15559,0,0,0,69096,118759,107376,0,0,0,9145,7900,28815,195554,113023,55435,0,0,0,"F4465_mz459.1023_rt0.46",0,195554,195555,TRUE,11,0,2,"Fungal control-associated detection","Very early RT","No MS/MS assignment","Unknown"
4466,1.142,459.20062,"Unknown","[M+H]+","ion correlated with 3658; ion correlated with 4396; ion correlated with 2203; ion correlated with 4300; ion correlated with 2690; ion correlated with 5140; ion correlated with 4543; ion correlated with 4677; ion correlated with 4333; ion correlated with 4832; ion correlated with 4950; ion correlated with 4110; ion correlated with 4353; ion correlated with 4341; ion correlated with 4388; ion correlated with 2740; ion correlated with 4166; ion correlated with 4952; ion correlated with 4041; ion correlated with 3635; ion correlated with 4229; ion correlated with 4797; ion correlated with 4789; ion correlated with 4937; similar chromatogram in higher mz_4684",0.036,FALSE,"null","null","null","null","null","null",999,FALSE,FALSE,FALSE,"null","null","null","null","null",2251.08,0,0,0,0,0,0,0,12161,0,7662,0,0,0,112554,48737,76906,0,0,0,0,0,0,0,0,0,0,0,0,"F4466_mz459.2006_rt1.14",0,112554,112555,TRUE,5,0,2,"Fungal control-associated detection","RT >= 1 min","No MS/MS assignment","Unknown"
4468,0.982,459.31854,"Unknown","[M+H]+","ion correlated with 845; ion correlated with 2880; ion correlated with 3524; ion correlated with 4393; ion correlated with 589; ion correlated with 4005; ion correlated with 4308; ion correlated with 4322; ion correlated with 2639; ion correlated with 4083; ion correlated with 4113; ion correlated with 4478; ion correlated with 4382; ion correlated with 4508",0.071,FALSE,"null","null","null","null","null","null",999,FALSE,FALSE,FALSE,"null","null","null","null","null",95.72,0,0,0,0,0,0,0,144551,185970,192203,0,0,0,0,0,0,18171,50984,29395,140424,161940,96541,0,0,0,0,0,0,"F4468_mz459.3185_rt0.98",0,192203,192204,TRUE,9,0,3,"Fungal control-associated detection","Early RT","No MS/MS assignment","Unknown"
4471,0.645,460.20267,"Unknown","[M+H]+","ion correlated with 1256; ion correlated with 2015; ion correlated with 2363; ion correlated with 2543; ion correlated with 1187; ion correlated with 1700; ion correlated with 1441; ion correlated with 361; ion correlated with 530",0.286,TRUE,"null","null","null","null","null","null",999,FALSE,FALSE,FALSE,"null","null","null","null","null",31542.9,0,0,0,0,0,0,0,2310701,2984720,2384348,499077,0,0,0,0,40410,101430,501596,377999,960880,1493219,1606218,0,0,0,0,0,0,"F4471_mz460.2027_rt0.64",0,2984720,2984721,TRUE,11,1,3,"Fungal control-associated detection","Early RT","MS/MS available","Unknown"
4472,0.502,460.20297,"Unknown","[M+H]+","ion correlated with 4326; ion correlated with 459; ion correlated with 51; ion correlated with 1032",0.357,TRUE,"null","null","null","null","null","null",999,FALSE,FALSE,FALSE,"null","null","null","null","null",116667.23,0,0,0,0,2979,0,0,7261396,9274128,8367733,2987888,0,0,0,81432,47672,1418578,3929191,2274665,5917308,8427975,8474752,0,0,0,0,0,0,"F4472_mz460.203_rt0.5",0,9274128,9274129,TRUE,13,1,3,"Fungal control-associated detection","Early RT","MS/MS available","Unknown"
4477,1.444,461.32727,"Unknown","[M+H]+","ion correlated with 4376",0.036,FALSE,"null","null","null","null","null","null",999,FALSE,FALSE,FALSE,"null","null","null","null","null",2429.31,0,0,0,0,0,0,0,0,0,0,77696,127172,130481,0,0,0,2035,0,0,0,0,0,0,0,0,0,0,0,"F4477_mz461.3273_rt1.44",0,130481,130482,TRUE,4,3,0,"Fungi old-associated detection","RT >= 1 min","No MS/MS assignment","Unknown"
4478,0.991,461.33469,"Unknown","[M+H]+","ion correlated with 4393; ion correlated with 4322; ion correlated with 4468; ion correlated with 4113; ion correlated with 4508",0.179,FALSE,"null","null","null","null","null","null",999,FALSE,FALSE,FALSE,"null","null","null","null","null",2285.56,0,0,0,0,0,0,0,142108,174279,134813,0,0,0,0,0,0,0,36216,11953,115654,102526,72382,0,0,0,0,0,0,"F4478_mz461.3347_rt0.99",0,174279,174280,TRUE,8,0,3,"Fungal control-associated detection","Early RT","No MS/MS assignment","Unknown"
4479,0.465,462.18237,"Unknown","[M+H]+","ion correlated with 1085; ion correlated with 93; ion correlated with 71; ion correlated with 505; ion correlated with 2322",0.357,FALSE,"null","null","null","null","null","null",999,FALSE,FALSE,FALSE,"null","null","null","null","null",55926.14,0,0,0,0,0,0,0,3111103,3546394,2733599,2197494,0,0,34547,60294,49606,2186754,2445806,2118432,3019738,3147582,3456166,17546,0,14579,0,0,0,"F4479_mz462.1824_rt0.47",0,3546394,3546395,TRUE,15,1,3,"Fungal control-associated detection","Very early RT","No MS/MS assignment","Unknown"
4488,1.543,463.2825,"Unknown","[M+H]+","ion correlated with 4162; ion correlated with 4375; ion correlated with 2125; ion correlated with 2020",0.071,FALSE,"null","null","null","null","null","null",999,FALSE,FALSE,FALSE,"null","null","null","null","null",1552.53,0,0,0,0,0,0,0,0,0,0,50684,111114,150456,0,0,0,0,0,0,0,2272,0,0,0,0,0,0,0,"F4488_mz463.2825_rt1.54",0,150456,150457,TRUE,4,3,0,"Fungi old-associated detection","RT >= 1 min","No MS/MS assignment","Unknown"
4498,0.744,466.20364,"Unknown","[M+H]+","ion correlated with 4370",0.036,FALSE,"null","null","null","null","null","null",999,FALSE,FALSE,FALSE,"null","null","null","null","null",2650.63,0,0,0,0,0,0,0,132531,39933,16082,0,0,0,0,0,18448,0,0,0,0,21262,39863,0,0,0,0,0,0,"F4498_mz466.2036_rt0.74",0,132531,132532,TRUE,6,0,3,"Fungal control-associated detection","Early RT","No MS/MS assignment","Unknown"
4501,5.23,466.293,"Unknown","[M+H]+","ion correlated with 4417; ion correlated with 3548; ion correlated with 4517",0.107,TRUE,"null","null","null","null","null","null",999,FALSE,FALSE,FALSE,"null","null","null","null","null",76.41,1824,0,0,0,0,0,0,0,0,0,0,8172,4948,59814,11102,45014,0,0,0,0,0,0,462468,623112,767852,0,0,0,"F4501_mz466.293_rt5.23",608,767852,1260.84236453202,TRUE,8,2,0,"Fungi old-associated detection","RT >= 1 min","MS/MS available","Unknown"
4503,0.924,467.21045,"Unknown","[M+H]+","ion correlated with 3369",0.107,FALSE,"null","null","null","null","null","null",999,FALSE,FALSE,FALSE,"null","null","null","null","null",3304.68,0,0,0,0,0,0,0,9880,56720,0,0,0,0,223724,157247,114730,0,0,19234,0,0,53825,0,0,0,0,0,0,"F4503_mz467.2104_rt0.92",0,223724,223725,TRUE,7,0,2,"Fungal control-associated detection","Early RT","No MS/MS assignment","Unknown"
4507,0.47,470.18701,"Unknown","[M+H]+","ion correlated with 3622; ion correlated with 2356; ion correlated with 3330; ion correlated with 3813; ion correlated with 4551",0.071,FALSE,"null","null","null","null","null","null",999,FALSE,FALSE,FALSE,"null","null","null","null","null",4792.59,0,0,0,0,0,0,0,93718,0,0,36412,217679,261580,0,15675,0,0,0,0,40962,36098,61318,0,0,0,0,0,0,"F4507_mz470.187_rt0.47",0,261580,261581,TRUE,8,3,1,"Fungi old-associated detection","Very early RT","No MS/MS assignment","Unknown"
4508,1.018,470.33554,"Unknown","[M+H]+","ion correlated with 4373; ion correlated with 4302; ion correlated with 2515; ion correlated with 4005; ion correlated with 4308; ion correlated with 4238; ion correlated with 4390; ion correlated with 4449; ion correlated with 4322; ion correlated with 2639; ion correlated with 4607; ion correlated with 4083; ion correlated with 4125; ion correlated with 4468; ion correlated with 4113; ion correlated with 4534; ion correlated with 4478; ion correlated with 2308; ion correlated with 4382; ion correlated with 4219; ion correlated with 2228; ion correlated with 4178; ion correlated with 2196; ion correlated with 2439; ion correlated with 3897; ion correlated with 4293; ion correlated with 3629; ion correlated with 4585; ion correlated with 4081",0.179,FALSE,"null","null","null","null","null","null",999,FALSE,FALSE,FALSE,"null","null","null","null","null",47.64,0,1682,2542,0,1670,0,2061,130904,167789,175226,42442,0,0,0,0,0,14607,36466,26477,90639,101360,108976,0,0,0,0,0,2121,"F4508_mz470.3355_rt1.02",1408,175226,124.362668559262,TRUE,13,1,3,"Fungal control-associated detection","RT >= 1 min","No MS/MS assignment","Unknown"
4517,5.23,471.2485,"Unknown","[M+H]+","ion correlated with 3002; ion correlated with 4417; ion correlated with 3548; ion correlated with 4501",0.107,TRUE,"null","null","null","null","null","null",999,FALSE,FALSE,FALSE,"null","null","null","null","null",193.61,0,0,0,0,0,0,0,0,0,0,0,2830,1506,37206,7473,29062,0,0,0,0,0,0,254463,322054,409289,0,0,0,"F4517_mz471.2485_rt5.23",0,409289,409290,TRUE,8,2,0,"Fungi old-associated detection","RT >= 1 min","MS/MS available","Unknown"
4519,0.508,472.1662,"Unknown","[M+H]+",NA,0.071,FALSE,"null","null","null","null","null","null",999,FALSE,FALSE,FALSE,"null","null","null","null","null",3131.97,0,0,0,0,0,0,0,145163,53927,43148,73889,0,0,0,0,0,0,168033,92401,0,0,0,0,0,0,0,0,0,"F4519_mz472.1662_rt0.51",0,168033,168034,TRUE,6,1,3,"Fungal control-associated detection","Early RT","No MS/MS assignment","Unknown"
4520,0.763,472.16641,"Unknown","[M+H]+","ion correlated with 3615; ion correlated with 2107; ion correlated with 2538; ion correlated with 3644; ion correlated with 2304; ion correlated with 1792",0.321,FALSE,"null","null","null","null","null","null",999,FALSE,FALSE,FALSE,"null","null","null","null","null",5185.17,0,0,0,0,0,0,0,360126,432778,450167,126258,0,0,0,0,0,23165,158495,101544,208062,309938,308832,0,0,0,0,0,0,"F4520_mz472.1664_rt0.76",0,450167,450168,TRUE,10,1,3,"Fungal control-associated detection","Early RT","No MS/MS assignment","Unknown"
4521,0.594,472.16663,"Unknown","[M+H]+",NA,0.179,FALSE,"null","null","null","null","null","null",999,FALSE,FALSE,FALSE,"null","null","null","null","null",5625.29,0,0,0,0,0,0,0,325749,152647,509505,54710,0,0,0,0,0,0,0,0,202590,193850,192312,0,0,0,0,0,0,"F4521_mz472.1666_rt0.59",0,509505,509506,TRUE,7,1,3,"Fungal control-associated detection","Early RT","No MS/MS assignment","Unknown"
4524,0.898,472.28885,"Unknown","[M+H]+","ion correlated with 3552; ion correlated with 4791; ion correlated with 712; ion correlated with 4533; ion correlated with 971; ion correlated with 3473; ion correlated with 3798; ion correlated with 4054; ion correlated with 601; ion correlated with 1545; ion correlated with 1814; ion correlated with 2349; ion correlated with 647; ion correlated with 2248; ion correlated with 3443",0.321,FALSE,"null","null","null","null","null","null",999,FALSE,FALSE,FALSE,"null","null","null","null","null",5163.95,0,0,0,0,0,0,0,355576,662218,429314,53480,0,0,0,0,0,115553,187250,169291,318961,315628,414873,0,0,0,0,0,0,"F4524_mz472.2889_rt0.9",0,662218,662219,TRUE,10,1,3,"Fungal control-associated detection","Early RT","No MS/MS assignment","Unknown"
4527,0.408,472.98215,"Unknown","[M+H]+","ion correlated with 4213; ion correlated with 4047; ion correlated with 3532",0.036,FALSE,"null","null","null","null","null","null",999,FALSE,FALSE,FALSE,"null","null","null","null","null",2256.32,0,0,0,0,0,0,0,69907,112816,81346,37155,0,0,0,0,0,13397,40765,22135,47835,62719,56873,12130,0,0,0,0,0,"F4527_mz472.9822_rt0.41",0,112816,112817,TRUE,11,1,3,"Fungal control-associated detection","Very early RT","No MS/MS assignment","Unknown"
4529,0.763,473.17746,"Unknown","[M+H]+",NA,0.036,FALSE,"null","null","null","null","null","null",999,FALSE,FALSE,FALSE,"null","null","null","null","null",418.48,0,0,0,0,0,0,0,611633,274282,108751,0,0,0,0,0,0,14294,19246,20818,84197,128445,101901,0,0,0,0,0,0,"F4529_mz473.1775_rt0.76",0,611633,611634,TRUE,9,0,3,"Fungal control-associated detection","Early RT","No MS/MS assignment","Unknown"
4532,0.536,474.16397,"Unknown","[M+H]+",NA,0.071,FALSE,"null","null","null","null","null","null",999,FALSE,FALSE,FALSE,"null","null","null","null","null",1766.34,0,0,0,0,0,0,0,136668,46688,171209,44930,0,0,0,0,0,0,0,0,0,0,0,0,0,0,0,0,0,"F4532_mz474.164_rt0.54",0,171209,171210,TRUE,4,1,3,"Fungal control-associated detection","Early RT","No MS/MS assignment","Unknown"
4533,0.889,474.21866,"Unknown","[M+H]+","ion correlated with 4524",0.321,FALSE,"null","null","null","null","null","null",999,FALSE,FALSE,FALSE,"null","null","null","null","null",3768.63,0,0,0,0,0,0,0,438712,673504,408775,113951,0,0,0,30847,18184,158835,298037,401920,319350,371303,399024,0,0,0,0,0,0,"F4533_mz474.2187_rt0.89",0,673504,673505,TRUE,12,1,3,"Fungal control-associated detection","Early RT","No MS/MS assignment","Unknown"
4535,0.965,474.29294,"Unknown","[M+H]+","ion correlated with 1933; ion correlated with 4302",0.036,FALSE,"null","null","null","null","null","null",999,FALSE,FALSE,FALSE,"null","null","null","null","null",4962.39,0,0,0,0,0,0,0,155284,196850,185490,42270,0,0,0,0,0,10462,46668,10108,27558,145738,248120,0,0,0,0,0,0,"F4535_mz474.2929_rt0.96",0,248120,248121,TRUE,10,1,3,"Fungal control-associated detection","Early RT","No MS/MS assignment","Unknown"
4538,0.468,475.17786,"Unknown","[M+H]+","ion correlated with 2655; ion correlated with 1266; ion correlated with 4246; ion correlated with 4998",0.464,FALSE,"null","null","null","null","null","null",999,FALSE,FALSE,FALSE,"null","null","null","null","null",13340.74,0,0,0,0,0,0,0,893078,1247585,997691,513521,0,0,81861,151171,54008,718210,711922,596544,788534,750767,1081800,104332,116324,57835,0,0,0,"F4538_mz475.1779_rt0.47",0,1247585,1247586,TRUE,16,1,3,"Fungal control-associated detection","Very early RT","No MS/MS assignment","Unknown"
4541,0.975,476.22852,"Unknown","[M+H]+","ion correlated with 2988",0.036,FALSE,"null","null","null","null","null","null",999,FALSE,FALSE,FALSE,"null","null","null","null","null",33.44,0,0,0,0,0,0,0,0,31214,0,0,10142,5845,0,0,149508,0,19321,0,0,0,12136,0,0,0,0,0,0,"F4541_mz476.2285_rt0.98",0,149508,149509,TRUE,6,2,1,"Fungi old-associated detection","Early RT","No MS/MS assignment","Unknown"
4551,0.47,479.19968,"Unknown","[M+H]+","ion correlated with 3622; ion correlated with 3306; ion correlated with 3330; ion correlated with 3936; ion correlated with 4507",0.071,FALSE,"null","null","null","null","null","null",999,FALSE,FALSE,FALSE,"null","null","null","null","null",6180.08,0,0,0,0,0,0,0,49772,0,0,0,246831,371177,0,0,0,0,0,0,0,0,0,0,0,0,0,0,0,"F4551_mz479.1997_rt0.47",0,371177,371178,TRUE,3,2,1,"Fungi old-associated detection","Very early RT","No MS/MS assignment","Unknown"
4562,1.464,481.29324,"Unknown","[M+H]+","ion correlated with 4376",0.071,TRUE,"null","null","null","null","null","null",999,FALSE,FALSE,FALSE,"null","null","null","null","null",5864.28,0,0,0,0,0,0,0,0,0,0,43338,300555,285873,0,0,0,0,20493,12004,6255,11832,4808,0,0,0,0,0,0,"F4562_mz481.2932_rt1.46",0,300555,300556,TRUE,8,3,0,"Fungi old-associated detection","RT >= 1 min","MS/MS available","Unknown"
4563,0.46,482.18463,"Unknown","[M+H]+",NA,0.071,FALSE,"null","null","null","null","null","null",999,FALSE,FALSE,FALSE,"null","null","null","null","null",1359.73,0,0,0,0,0,0,0,92434,59375,302111,128268,0,0,0,0,0,0,0,0,79982,23505,0,0,0,0,0,0,0,"F4563_mz482.1846_rt0.46",0,302111,302112,TRUE,6,1,3,"Fungal control-associated detection","Very early RT","No MS/MS assignment","Unknown"
4573,1.317,485.33398,"Unknown","[M+H]+","ion correlated with 4641; similar chromatogram in higher mz_4923",0.107,TRUE,"null","null","null","null","null","null",999,FALSE,FALSE,FALSE,"null","null","null","null","null",630.94,0,0,0,0,0,0,0,0,0,0,2001930,368659,260595,0,0,0,0,0,0,0,0,0,0,0,0,0,0,0,"F4573_mz485.334_rt1.32",0,2001930,2001931,TRUE,3,3,0,"Fungi old-associated detection","RT >= 1 min","MS/MS available","Unknown"
4577,0.657,487.17957,"Unknown","[M+H]+",NA,0.321,FALSE,"null","null","null","null","null","null",999,FALSE,FALSE,FALSE,"null","null","null","null","null",13013.76,0,0,0,0,0,0,0,732007,682518,685845,68949,0,0,0,0,0,350276,627446,406372,916917,1052044,1069467,0,0,0,0,0,0,"F4577_mz487.1796_rt0.66",0,1069467,1069468,TRUE,10,1,3,"Fungal control-associated detection","Early RT","No MS/MS assignment","Unknown"
4580,0.82,488.17603,"Unknown","[M+H]+","ion correlated with 3146; ion correlated with 4045",0.107,FALSE,"null","null","null","null","null","null",999,FALSE,FALSE,FALSE,"null","null","null","null","null",2426.41,0,0,0,0,0,0,0,109018,114074,140870,0,0,0,0,0,0,0,12926,15891,70191,83630,50717,0,0,0,0,0,0,"F4580_mz488.176_rt0.82",0,140870,140871,TRUE,8,0,3,"Fungal control-associated detection","Early RT","No MS/MS assignment","Unknown"
4581,1.013,488.30893,"Unknown","[M+H]+","ion correlated with 4449; ion correlated with 4607; ion correlated with 4083; ion correlated with 2308; ion correlated with 899; ion correlated with 4382; ion correlated with 4508; ion correlated with 2196",0.036,FALSE,"null","null","null","null","null","null",999,FALSE,FALSE,FALSE,"null","null","null","null","null",2552.5,0,0,0,0,0,0,0,88561,108528,127625,16849,0,0,0,0,0,11315,0,13933,74980,66065,89989,0,0,0,0,0,0,"F4581_mz488.3089_rt1.01",0,127625,127626,TRUE,9,1,3,"Fungal control-associated detection","RT >= 1 min","No MS/MS assignment","Unknown"
4583,1.217,489.12512,"Unknown","[M+H]+","ion correlated with 4633; ion correlated with 3799; ion correlated with 3568",0.036,FALSE,"null","null","null","null","null","null",999,FALSE,FALSE,FALSE,"null","null","null","null","null",109.15,0,0,0,0,0,0,0,0,0,0,29557,138832,67130,0,0,0,0,0,0,0,0,0,0,0,0,0,0,0,"F4583_mz489.1251_rt1.22",0,138832,138833,TRUE,3,3,0,"Fungi old-associated detection","RT >= 1 min","No MS/MS assignment","Unknown"
4585,1.065,489.27289,"Unknown","[M+H]+","ion correlated with 4382; ion correlated with 4334; ion correlated with 4219; ion correlated with 2228; ion correlated with 4178; ion correlated with 4508; ion correlated with 2439; ion correlated with 3897; ion correlated with 4293; ion correlated with 3969; ion correlated with 3629; ion correlated with 4081; ion correlated with 3431; ion correlated with 4361; ion correlated with 4335; ion correlated with 5023; ion correlated with 3958; ion correlated with 3759; ion correlated with 3584",0.214,FALSE,"null","null","null","null","null","null",999,FALSE,FALSE,FALSE,"null","null","null","null","null",1271.63,0,2306,0,0,1672,0,0,151840,190453,210830,60616,0,0,0,0,0,25972,65912,41692,101084,149176,136978,0,0,0,2594,0,0,"F4585_mz489.2729_rt1.06",768.666666666667,210830,273.925075790385,TRUE,12,1,3,"Fungal control-associated detection","RT >= 1 min","No MS/MS assignment","Unknown"
4591,0.547,492.17337,"Unknown","[M+H]+",NA,0.214,FALSE,"null","null","null","null","null","null",999,FALSE,FALSE,FALSE,"null","null","null","null","null",6837.6,0,0,0,0,0,0,0,308478,400392,403693,88596,0,0,0,0,0,0,208015,72662,259502,403120,300200,0,0,0,0,0,0,"F4591_mz492.1734_rt0.55",0,403693,403694,TRUE,9,1,3,"Fungal control-associated detection","Early RT","No MS/MS assignment","Unknown"
4592,0.696,492.17535,"Unknown","[M+H]+","ion correlated with 2468; ion correlated with 2644; ion correlated with 790; ion correlated with 3615; ion correlated with 2107; similar chromatogram in higher mz_4951",0.25,FALSE,"null","null","null","null","null","null",999,FALSE,FALSE,FALSE,"null","null","null","null","null",7104.57,0,0,0,0,0,0,0,418529,519516,560149,85523,0,0,0,0,0,20628,97014,100919,155490,344539,387458,0,0,0,0,0,0,"F4592_mz492.1753_rt0.7",0,560149,560150,TRUE,10,1,3,"Fungal control-associated detection","Early RT","No MS/MS assignment","Unknown"
4596,0.408,492.88248,"Unknown","[M+H]+","ion correlated with 4798",0.036,FALSE,"null","null","null","null","null","null",999,FALSE,FALSE,FALSE,"null","null","null","null","null",2189.66,0,0,0,0,6451,32477,23153,17891,0,0,43966,96484,109483,0,0,0,16456,8985,14736,18286,12936,8471,0,0,0,0,0,34052,"F4596_mz492.8825_rt0.41",0,109483,109484,TRUE,14,3,1,"Fungi old-associated detection","Very early RT","No MS/MS assignment","Unknown"
4597,1.104,493.20715,"Unknown","[M+H]+","ion correlated with 4257; ion correlated with 4565; ion correlated with 3349; ion correlated with 3536; ion correlated with 4310; ion correlated with 3876; ion correlated with 4575; ion correlated with 598; ion correlated with 4167; ion correlated with 4739; ion correlated with 3194; ion correlated with 4640; ion correlated with 3022; ion correlated with 4223; ion correlated with 4510; ion correlated with 4153; ion correlated with 4618; ion correlated with 4192; ion correlated with 4307; ion correlated with 4250",0.107,FALSE,"null","null","null","null","null","null",999,FALSE,FALSE,FALSE,"null","null","null","null","null",3736.88,0,0,0,0,0,0,0,0,0,0,6082,0,4463,173454,231835,155242,0,0,0,0,0,0,0,0,0,0,0,0,"F4597_mz493.2072_rt1.1",0,231835,231836,TRUE,5,2,0,"Fungi old-associated detection","RT >= 1 min","No MS/MS assignment","Unknown"
4604,0.693,495.16843,"Unknown","[M+H]+",NA,0.036,FALSE,"null","null","null","null","null","null",999,FALSE,FALSE,FALSE,"null","null","null","null","null",2483.67,0,0,0,0,0,0,0,30148,0,0,0,29611,41360,124183,0,23319,0,0,0,0,0,0,0,0,0,0,0,0,"F4604_mz495.1684_rt0.69",0,124183,124184,TRUE,5,2,1,"Fungi old-associated detection","Early RT","No MS/MS assignment","Unknown"
4607,0.979,496.76248,"Unknown","[M+H]+","ion correlated with 1933; ion correlated with 2319; ion correlated with 2880; ion correlated with 4393; ion correlated with 4302; ion correlated with 4449; ion correlated with 4083; ion correlated with 4113; ion correlated with 899; ion correlated with 4382; ion correlated with 4219; ion correlated with 4508; ion correlated with 2196",0.179,FALSE,"null","null","null","null","null","null",999,FALSE,FALSE,FALSE,"null","null","null","null","null",2699.84,0,0,0,0,0,0,0,104415,139097,142357,37134,0,0,0,0,0,14402,9691,23152,89645,133293,155797,0,0,0,0,0,0,"F4607_mz496.7625_rt0.98",0,155797,155798,TRUE,10,1,3,"Fungal control-associated detection","Early RT","No MS/MS assignment","Unknown"
4608,0.445,497.05856,"Unknown","[M+H]+",NA,0.25,FALSE,"null","null","null","null","null","null",999,FALSE,FALSE,FALSE,"null","null","null","null","null",2390.95,0,0,0,0,0,0,0,50612,59622,76681,103593,0,0,0,37493,25657,143279,136182,182217,136289,148380,82482,55485,116651,84460,0,0,0,"F4608_mz497.0586_rt0.44",0,182217,182218,TRUE,15,1,3,"Fungal control-associated detection","Very early RT","No MS/MS assignment","Unknown"
4610,0.465,497.20956,"Unknown","[M+H]+","ion correlated with 3665; ion correlated with 3054; ion correlated with 3145; ion correlated with 3242; ion correlated with 3936; ion correlated with 1535; ion correlated with 4551",0.071,FALSE,"null","null","null","null","null","null",999,FALSE,FALSE,FALSE,"null","null","null","null","null",2398.09,0,0,0,0,0,0,0,0,0,0,0,116513,123296,0,0,0,0,0,0,0,0,0,0,0,0,0,0,0,"F4610_mz497.2096_rt0.47",0,123296,123297,TRUE,2,2,0,"Fungi old-associated detection","Very early RT","No MS/MS assignment","Unknown"
4616,0.973,500.27072,"Unknown","[M+H]+","ion correlated with 2260; ion correlated with 4083; ion correlated with 4343",0.036,FALSE,"null","null","null","null","null","null",999,FALSE,FALSE,FALSE,"null","null","null","null","null",3148.01,0,0,0,0,1574,0,0,46470,157401,118759,35869,0,0,0,0,0,26922,45407,43689,59464,111017,102549,0,0,0,0,0,0,"F4616_mz500.2707_rt0.97",0,157401,157402,TRUE,11,1,3,"Fungal control-associated detection","Early RT","No MS/MS assignment","Unknown"
4617,0.455,501.03998,"Unknown","[M+H]+",NA,0.143,FALSE,"null","null","null","null","null","null",999,FALSE,FALSE,FALSE,"null","null","null","null","null",2726.78,0,0,0,0,0,0,0,138017,176341,112089,118910,0,0,0,0,0,15913,34240,60051,0,0,0,0,0,0,0,0,0,"F4617_mz501.04_rt0.46",0,176341,176342,TRUE,7,1,3,"Fungal control-associated detection","Very early RT","No MS/MS assignment","Unknown"
4619,1.348,501.32913,"Unknown","[M+H]+","ion correlated with 4899; ion correlated with 3414; ion correlated with 4573; ion correlated with 4641; ion correlated with 4665; ion correlated with 4721",0.071,TRUE,"null","null","null","null","null","null",999,FALSE,FALSE,FALSE,"null","null","null","null","null",357.88,0,0,0,0,0,0,0,0,0,0,811636,88520,110078,0,0,0,0,0,0,0,0,0,0,0,0,0,0,0,"F4619_mz501.3291_rt1.35",0,811636,811637,TRUE,3,3,0,"Fungi old-associated detection","RT >= 1 min","MS/MS available","Unknown"
4633,1.207,506.15219,"Unknown","[M+H]+","ion correlated with 3360; ion correlated with 3799; ion correlated with 4583; ion correlated with 3568",0.036,FALSE,"null","null","null","null","null","null",999,FALSE,FALSE,FALSE,"null","null","null","null","null",3003.83,0,0,0,0,0,0,0,0,0,0,31673,150191,73667,0,0,0,0,0,0,0,0,0,0,0,0,0,0,0,"F4633_mz506.1522_rt1.21",0,150191,150192,TRUE,3,3,0,"Fungi old-associated detection","RT >= 1 min","No MS/MS assignment","Unknown"
4637,0.962,506.29916,"Unknown","[M+H]+","ion correlated with 3931; ion correlated with 3614; ion correlated with 2349; ion correlated with 4137; ion correlated with 3501; ion correlated with 647; ion correlated with 3806; ion correlated with 3443; ion correlated with 3595; ion correlated with 3601; ion correlated with 4224; ion correlated with 3480; ion correlated with 2501; ion correlated with 4036; ion correlated with 3721; ion correlated with 2332; ion correlated with 3594; ion correlated with 3920; ion correlated with 4454; ion correlated with 4150; ion correlated with 4138; ion correlated with 3451; ion correlated with 2698; ion correlated with 1750; ion correlated with 911",0.25,FALSE,"null","null","null","null","null","null",999,FALSE,FALSE,FALSE,"null","null","null","null","null",5468.01,0,0,0,0,1734,0,0,392746,408876,361107,117154,0,0,0,0,0,60104,111892,94922,301401,430904,302593,0,0,0,0,0,0,"F4637_mz506.2992_rt0.96",0,430904,430905,TRUE,11,1,3,"Fungal control-associated detection","Early RT","No MS/MS assignment","Unknown"
4641,1.317,507.3161,"Unknown","[M+H]+","ion correlated with 4573",0.107,TRUE,"null","null","null","null","null","null",999,FALSE,FALSE,FALSE,"null","null","null","null","null",15384.46,0,0,0,0,0,0,0,0,0,0,1644546,385150,277974,0,0,0,2393,0,0,0,0,0,0,0,0,0,0,0,"F4641_mz507.3161_rt1.32",0,1644546,1644547,TRUE,4,3,0,"Fungi old-associated detection","RT >= 1 min","MS/MS available","Unknown"
4643,0.465,508.16998,"Unknown","[M+H]+","ion correlated with 89",0.214,FALSE,"null","null","null","null","null","null",999,FALSE,FALSE,FALSE,"null","null","null","null","null",3705.4,0,0,0,0,0,0,0,247116,189114,151850,107004,0,0,0,0,0,85810,91782,62889,75044,236254,180281,0,0,0,0,0,0,"F4643_mz508.17_rt0.47",0,247116,247117,TRUE,10,1,3,"Fungal control-associated detection","Very early RT","No MS/MS assignment","Unknown"
4644,0.954,508.20172,"Unknown","[M+H]+",NA,0.286,FALSE,"null","null","null","null","null","null",999,FALSE,FALSE,FALSE,"null","null","null","null","null",3071.11,0,0,0,0,0,0,0,236317,201560,150441,63746,0,0,51180,18407,49731,46933,151642,152913,194491,111053,176188,0,0,0,2575,0,0,"F4644_mz508.2017_rt0.95",0,236317,236318,TRUE,14,1,3,"Fungal control-associated detection","Early RT","No MS/MS assignment","Unknown"
4663,0.464,517.01282,"Unknown","[M+H]+",NA,0.071,FALSE,"null","null","null","null","null","null",999,FALSE,FALSE,FALSE,"null","null","null","null","null",1134.9,0,0,0,0,0,0,0,0,104875,84459,21154,0,0,35803,32391,109920,0,0,0,0,0,47142,0,0,0,0,0,0,"F4663_mz517.0128_rt0.46",0,109920,109921,TRUE,7,1,2,"Fungal control-associated detection","Very early RT","No MS/MS assignment","Unknown"
4665,1.387,517.32391,"Unknown","[M+H]+","ion correlated with 4619",0.107,TRUE,"null","null","null","null","null","null",999,FALSE,FALSE,FALSE,"null","null","null","null","null",10775.8,0,0,0,0,0,0,0,0,0,0,1211594,178840,225936,0,0,0,0,3855,0,0,0,0,0,0,0,0,0,0,"F4665_mz517.3239_rt1.39",0,1211594,1211595,TRUE,4,3,0,"Fungi old-associated detection","RT >= 1 min","MS/MS available","Unknown"
4669,0.465,519.20386,"Unknown","[M+H]+",NA,0.107,FALSE,"null","null","null","null","null","null",999,FALSE,FALSE,FALSE,"null","null","null","null","null",2340.23,0,0,0,0,0,0,0,123404,114341,113289,0,0,0,0,0,0,0,81653,0,96274,63871,96656,0,0,0,0,0,0,"F4669_mz519.2039_rt0.47",0,123404,123405,TRUE,7,0,3,"Fungal control-associated detection","Very early RT","No MS/MS assignment","Unknown"
4680,1.361,523.31097,"Unknown","[M+H]+","ion correlated with 3414; ion correlated with 4573; ion correlated with 4641; ion correlated with 4619; ion correlated with 4665; ion correlated with 4721",0.036,FALSE,"null","null","null","null","null","null",999,FALSE,FALSE,FALSE,"null","null","null","null","null",5697.74,0,0,0,0,0,0,0,0,0,0,284887,27863,38296,0,0,0,0,0,0,0,0,0,0,0,0,0,0,0,"F4680_mz523.311_rt1.36",0,284887,284888,TRUE,3,3,0,"Fungi old-associated detection","RT >= 1 min","No MS/MS assignment","Unknown"
4682,0.542,524.19708,"Unknown","[M+H]+","ion correlated with 1216",0.107,FALSE,"null","null","null","null","null","null",999,FALSE,FALSE,FALSE,"null","null","null","null","null",19633.97,0,0,0,0,0,0,0,42493,0,1402794,0,26952,0,87456,0,0,506681,1064648,646833,495692,0,46437,0,0,0,0,0,0,"F4682_mz524.1971_rt0.54",0,1402794,1402795,TRUE,9,1,2,"Fungal control-associated detection","Early RT","No MS/MS assignment","Unknown"
4683,0.816,524.19818,"Unknown","[M+H]+","ion correlated with 2962; ion correlated with 671; ion correlated with 1914; ion correlated with 3227; ion correlated with 566; ion correlated with 2541; ion correlated with 1813; ion correlated with 988; ion correlated with 2192",0.321,FALSE,"null","null","null","null","null","null",999,FALSE,FALSE,FALSE,"null","null","null","null","null",14311.64,0,0,0,0,0,0,0,1018453,1882866,1424094,322559,0,0,0,0,27288,50324,195885,112407,409142,762530,1037424,0,0,0,0,0,0,"F4683_mz524.1982_rt0.82",0,1882866,1882867,TRUE,11,1,3,"Fungal control-associated detection","Early RT","No MS/MS assignment","Unknown"
4684,1.133,524.24982,"Unknown","[M+H]+","ion correlated with 799; ion correlated with 4338; ion correlated with 2012; ion correlated with 3463; ion correlated with 3971; ion correlated with 4709; ion correlated with 1598; ion correlated with 1870; ion correlated with 4719; ion correlated with 798; ion correlated with 4952; ion correlated with 4743",0.107,TRUE,"null","null","null","null","null","null",999,FALSE,FALSE,FALSE,"null","null","null","null","null",19076.33,0,0,0,0,0,0,0,0,7275,11871,0,0,0,1554243,481235,825972,0,0,0,0,12820,0,50950,9494,15005,0,0,0,"F4684_mz524.2498_rt1.13",0,1554243,1554244,TRUE,9,0,2,"Fungal control-associated detection","RT >= 1 min","MS/MS available","Unknown"
4686,0.473,525.16589,"Unknown","[M+2H]2+",NA,0.25,FALSE,"null","null","null","null","null","null",999,FALSE,FALSE,FALSE,"null","null","null","null","null",3385.65,0,0,0,0,0,0,0,133156,70599,121044,141858,0,0,237540,315138,437294,28116,97769,106958,0,0,117675,46257,24112,0,0,0,0,"F4686_mz525.1659_rt0.47",0,437294,437295,TRUE,13,1,3,"Fungal control-associated detection","Very early RT","No MS/MS assignment","Unknown"
4694,1.054,528.24506,"Unknown","[M+H]+","ion correlated with 3171; ion correlated with 3624; ion correlated with 3535; ion correlated with 792; ion correlated with 3565; ion correlated with 4550; ion correlated with 4165; ion correlated with 4759; ion correlated with 4152; ion correlated with 1020; ion correlated with 1837; ion correlated with 4035; ion correlated with 2094; ion correlated with 2128; ion correlated with 4338; ion correlated with 4486; ion correlated with 2012; ion correlated with 3463",0.036,FALSE,"null","null","null","null","null","null",999,FALSE,FALSE,FALSE,"null","null","null","null","null",319.52,0,0,0,0,0,0,0,8889,0,21314,31243,0,0,577017,185298,371556,0,6260,11535,22393,0,23485,33775,0,5900,0,0,0,"F4694_mz528.2451_rt1.05",0,577017,577018,TRUE,12,1,2,"Fungal control-associated detection","RT >= 1 min","No MS/MS assignment","Unknown"
4702,0.568,533.15375,"Unknown","[M+H]+",NA,0.036,FALSE,"null","null","null","null","null","null",999,FALSE,FALSE,FALSE,"null","null","null","null","null",3888.16,0,0,0,0,0,0,0,33058,0,40614,0,0,0,90912,0,194408,0,0,0,114034,65787,11929,0,0,0,0,0,0,"F4702_mz533.1537_rt0.57",0,194408,194409,TRUE,7,0,2,"Fungal control-associated detection","Early RT","No MS/MS assignment","Unknown"
4703,0.477,533.15509,"Unknown","[M+H]+",NA,0.214,FALSE,"null","null","null","null","null","null",999,FALSE,FALSE,FALSE,"null","null","null","null","null",5302.22,0,0,0,0,0,0,0,0,41928,161353,298509,0,0,247445,321984,362859,86123,72385,198516,119779,121927,73734,64340,93814,38633,0,0,0,"F4703_mz533.1551_rt0.48",0,362859,362860,TRUE,15,1,2,"Fungal control-associated detection","Very early RT","No MS/MS assignment","Unknown"
4707,0.41,534.78656,"Unknown","[M+H]+",NA,0.107,FALSE,"null","null","null","null","null","null",999,FALSE,FALSE,FALSE,"null","null","null","null","null",2623.42,0,0,0,0,68986,33117,73139,13495,22443,12851,0,0,0,119580,127345,146588,0,8330,0,9264,9951,0,32134,40091,68157,53960,0,45647,"F4707_mz534.7866_rt0.41",0,146588,146589,TRUE,17,0,3,"Fungal control-associated detection","Very early RT","No MS/MS assignment","Unknown"
4721,1.39,539.30585,"Unknown","[M+H]+","ion correlated with 4619; ion correlated with 4680; ion correlated with 4665",0.036,TRUE,"null","null","null","null","null","null",999,FALSE,FALSE,FALSE,"null","null","null","null","null",7299.49,0,0,0,0,0,0,0,0,0,0,364974,49625,56751,0,0,0,0,0,0,0,0,0,0,0,0,0,0,0,"F4721_mz539.3058_rt1.39",0,364974,364975,TRUE,3,3,0,"Fungi old-associated detection","RT >= 1 min","MS/MS available","Unknown"
4728,0.954,543.31531,"Unknown","[M+H]+","ion correlated with 3185",0.036,FALSE,"null","null","null","null","null","null",999,FALSE,FALSE,FALSE,"null","null","null","null","null",2104.07,0,0,0,0,0,0,0,63302,105204,115809,0,0,0,0,0,0,9301,0,0,0,75346,0,0,0,0,0,0,0,"F4728_mz543.3153_rt0.95",0,115809,115810,TRUE,5,0,3,"Fungal control-associated detection","Early RT","No MS/MS assignment","Unknown"
4730,1.036,544.2395,"Unknown","[M+H]+",NA,0.143,FALSE,"null","null","null","null","null","null",999,FALSE,FALSE,FALSE,"null","null","null","null","null",10523.53,0,0,0,0,1722,0,0,0,0,0,19208,4736,5836,714665,640340,416905,5531,0,0,0,0,0,332796,67745,0,0,0,0,"F4730_mz544.2395_rt1.04",0,714665,714666,TRUE,10,3,0,"Fungi old-associated detection","RT >= 1 min","No MS/MS assignment","Unknown"
4732,0.461,545.17017,"Unknown","[M+H]+",NA,0.214,FALSE,"null","null","null","null","null","null",999,FALSE,FALSE,FALSE,"null","null","null","null","null",5974.78,0,0,0,0,0,0,0,278023,452636,574360,193535,0,0,0,0,0,37694,63596,113208,45565,112988,180892,0,0,0,0,0,0,"F4732_mz545.1702_rt0.46",0,574360,574361,TRUE,10,1,3,"Fungal control-associated detection","Very early RT","No MS/MS assignment","Unknown"
4735,0.901,546.27435,"Unknown","[M+H]+","ion correlated with 2492; ion correlated with 4044; ion correlated with 90; ion correlated with 3912; ion correlated with 4160; ion correlated with 4194; ion correlated with 2328; ion correlated with 1933; ion correlated with 2880; ion correlated with 4523; ion correlated with 4397",0.25,FALSE,"null","null","null","null","null","null",999,FALSE,FALSE,FALSE,"null","null","null","null","null",2884.04,0,0,0,0,0,0,0,175770,188406,227260,107248,0,0,0,0,0,0,89381,0,147569,125255,182366,0,0,0,0,0,0,"F4735_mz546.2744_rt0.9",0,227260,227261,TRUE,8,1,3,"Fungal control-associated detection","Early RT","No MS/MS assignment","Unknown"
4740,0.854,549.13361,"Unknown","[M+H]+","ion correlated with 2629",0.143,FALSE,"null","null","null","null","null","null",999,FALSE,FALSE,FALSE,"null","null","null","null","null",2809.04,0,0,0,0,0,0,0,132296,164996,70194,22234,0,0,0,0,0,16035,50845,15429,63866,107886,156630,0,0,0,0,0,0,"F4740_mz549.1336_rt0.85",0,164996,164997,TRUE,10,1,3,"Fungal control-associated detection","Early RT","No MS/MS assignment","Unknown"
4744,0.875,551.19623,"Unknown","[M+H]+","ion correlated with 2492",0.214,FALSE,"null","null","null","null","null","null",999,FALSE,FALSE,FALSE,"null","null","null","null","null",2773.05,0,0,0,0,0,0,2425,100109,134840,135596,0,0,0,0,0,0,22467,80363,17819,126393,176302,158675,0,0,0,0,0,0,"F4744_mz551.1962_rt0.88",0,176302,176303,TRUE,10,0,3,"Fungal control-associated detection","Early RT","No MS/MS assignment","Unknown"
4746,1.032,552.28796,"Unknown","[M+H]+","ion correlated with 4449; ion correlated with 4083; ion correlated with 3990; ion correlated with 4428; ion correlated with 2404; adduct linked to 2762_[M+H]2+",0.071,FALSE,"null","null","null","null","null","null",999,FALSE,FALSE,FALSE,"null","null","null","null","null",2476.44,0,0,0,0,0,0,0,88010,136577,111067,54484,0,0,0,0,0,23435,28102,12877,31269,46897,76033,0,0,0,0,0,0,"F4746_mz552.288_rt1.03",0,136577,136578,TRUE,10,1,3,"Fungal control-associated detection","RT >= 1 min","No MS/MS assignment","Unknown"
4751,0.952,554.23517,"Unknown","[M+H]+","ion correlated with 3006; ion correlated with 3015; ion correlated with 2634; ion correlated with 2325; ion correlated with 1552; ion correlated with 3007",0.071,FALSE,"null","null","null","null","null","null",999,FALSE,FALSE,FALSE,"null","null","null","null","null",7718.57,0,0,0,0,0,0,0,23341,0,0,0,359526,412331,0,0,0,0,0,0,0,0,0,0,0,0,0,0,0,"F4751_mz554.2352_rt0.95",0,412331,412332,TRUE,3,2,1,"Fungi old-associated detection","Early RT","No MS/MS assignment","Unknown"
4754,3.095,555.40479,"Unknown","[M+H]+",NA,0.107,TRUE,"null","null","null","null","null","null",999,FALSE,FALSE,FALSE,"null","null","null","null","null",9.16,0,0,0,0,0,0,0,0,0,0,312514,320917,198853,0,0,0,3210,0,0,0,0,0,0,0,0,0,0,0,"F4754_mz555.4048_rt3.1",0,320917,320918,TRUE,4,3,0,"Fungi old-associated detection","RT >= 1 min","MS/MS available","Unknown"
4755,2.82,555.40491,"Unknown","[M+H]+",NA,0.036,FALSE,"null","null","null","null","null","null",999,FALSE,FALSE,FALSE,"null","null","null","null","null",4.74,0,0,0,0,0,0,0,0,0,0,227432,125954,114137,0,0,0,2037,2345,0,0,0,0,0,0,0,0,0,0,"F4755_mz555.4049_rt2.82",0,227432,227433,TRUE,5,3,0,"Fungi old-associated detection","RT >= 1 min","No MS/MS assignment","Unknown"
4756,3.42,555.40509,"Unknown","[M+H]+","ion correlated with 4277",0.107,TRUE,"null","null","null","null","null","null",999,FALSE,FALSE,FALSE,"null","null","null","null","null",9.07,0,0,0,0,0,0,0,0,0,0,447753,228401,212495,0,0,0,1680,3429,2157,0,0,0,0,0,0,0,0,0,"F4756_mz555.4051_rt3.42",0,447753,447754,TRUE,6,3,0,"Fungi old-associated detection","RT >= 1 min","MS/MS available","Unknown"
4773,5.712,565.40497,"Unknown","[M+H]+",NA,0.036,FALSE,"null","null","null","null","null","null",999,FALSE,FALSE,FALSE,"null","null","null","null","null",55.08,0,0,0,0,0,0,0,43224,2415,13681,3290,0,0,141124,68394,97346,0,349,9124,1572,4991,28997,0,0,0,0,0,0,"F4773_mz565.405_rt5.71",0,141124,141125,TRUE,12,1,3,"Fungal control-associated detection","RT >= 1 min","No MS/MS assignment","Unknown"
4776,0.878,567.18994,"Unknown","[M+H]+",NA,0.036,FALSE,"null","null","null","null","null","null",999,FALSE,FALSE,FALSE,"null","null","null","null","null",2172.6,0,0,0,0,0,0,0,47905,108630,0,0,0,0,0,0,0,0,49484,20981,48897,64568,91856,0,0,0,0,0,0,"F4776_mz567.1899_rt0.88",0,108630,108631,TRUE,7,0,2,"Fungal control-associated detection","Early RT","No MS/MS assignment","Unknown"
4777,1.163,567.33704,"Unknown","[M+H]+","ion correlated with 2564; ion correlated with 2194; ion correlated with 1931; ion correlated with 2946; ion correlated with 3235; ion correlated with 4848",0.036,FALSE,"null","null","null","null","null","null",999,FALSE,FALSE,FALSE,"null","null","null","null","null",2330.39,0,0,0,0,0,0,0,0,0,0,116520,14712,0,0,0,0,0,0,0,0,0,0,0,0,0,0,0,0,"F4777_mz567.337_rt1.16",0,116520,116521,TRUE,2,2,0,"Fungi old-associated detection","RT >= 1 min","No MS/MS assignment","Unknown"
4790,0.874,573.14612,"Unknown","[M+H]+","ion correlated with 4828; ion correlated with 4742; ion correlated with 4243; ion correlated with 999",0.214,FALSE,"null","null","null","null","null","null",999,FALSE,FALSE,FALSE,"null","null","null","null","null",4088.02,0,0,0,0,0,0,0,151693,321146,196048,48490,0,0,0,0,0,76296,77545,39934,151307,132091,274122,0,0,0,0,0,0,"F4790_mz573.1461_rt0.87",0,321146,321147,TRUE,10,1,3,"Fungal control-associated detection","Early RT","No MS/MS assignment","Unknown"
4804,0.483,580.20862,"Unknown","[M+H]+",NA,0.036,FALSE,"null","null","null","null","null","null",999,FALSE,FALSE,FALSE,"null","null","null","null","null",2330.35,0,0,0,0,0,0,0,73832,41708,116517,0,0,0,0,0,0,0,40848,0,84000,0,0,0,0,0,0,0,0,"F4804_mz580.2086_rt0.48",0,116517,116518,TRUE,5,0,3,"Fungal control-associated detection","Very early RT","No MS/MS assignment","Unknown"
4805,1.291,580.3714,"Unknown","[M+H]+","ion correlated with 2603; ion correlated with 2002; ion correlated with 3409; ion correlated with 4899; ion correlated with 3414; ion correlated with 4573; ion correlated with 4641; ion correlated with 4923; ion correlated with 4619; ion correlated with 3106; similar chromatogram in higher mz_4899",0.036,FALSE,"null","null","null","null","null","null",999,FALSE,FALSE,FALSE,"null","null","null","null","null",4568.3,0,0,0,0,0,0,0,0,0,0,228415,18289,14284,0,0,0,0,0,0,0,0,0,0,0,0,0,0,0,"F4805_mz580.3714_rt1.29",0,228415,228416,TRUE,3,3,0,"Fungi old-associated detection","RT >= 1 min","No MS/MS assignment","Unknown"
4811,0.492,583.18994,"Unknown","[M+H]+",NA,0.179,FALSE,"null","null","null","null","null","null",999,FALSE,FALSE,FALSE,"null","null","null","null","null",2269.84,0,0,0,0,0,0,0,80548,84370,122007,38071,0,0,0,0,0,116547,135498,45370,83235,187522,141802,0,0,0,0,0,0,"F4811_mz583.1899_rt0.49",0,187522,187523,TRUE,10,1,3,"Fungal control-associated detection","Very early RT","No MS/MS assignment","Unknown"
4820,0.958,585.36243,"Unknown","[M+H]+",NA,0.071,FALSE,"null","null","null","null","null","null",999,FALSE,FALSE,FALSE,"null","null","null","null","null",2996.77,0,0,0,0,0,0,0,0,71610,121261,14332,0,0,0,0,0,0,0,0,0,178416,42390,0,0,0,0,0,0,"F4820_mz585.3624_rt0.96",0,178416,178417,TRUE,5,1,2,"Fungal control-associated detection","Early RT","No MS/MS assignment","Unknown"
4826,0.911,588.33521,"Unknown","[M+H]+",NA,0.107,FALSE,"null","null","null","null","null","null",999,FALSE,FALSE,FALSE,"null","null","null","null","null",3268.05,0,0,0,0,0,0,0,82479,218459,107690,64933,0,0,0,0,0,0,0,24169,0,72762,164059,0,0,0,0,0,0,"F4826_mz588.3352_rt0.91",0,218459,218460,TRUE,7,1,3,"Fungal control-associated detection","Early RT","No MS/MS assignment","Unknown"
4827,0.393,588.81134,"Unknown","[M+H]+","ion correlated with 2736",0.071,FALSE,"null","null","null","null","null","null",999,FALSE,FALSE,FALSE,"null","null","null","null","null",2971.3,0,0,0,0,76877,53634,38814,0,0,0,14573,10324,0,0,0,0,0,0,0,0,0,0,0,0,0,155649,72556,141481,"F4827_mz588.8113_rt0.39",0,155649,155650,TRUE,8,2,0,"Fungi old-associated detection","Very early RT","No MS/MS assignment","Unknown"
4828,0.872,589.1416,"Unknown","[M+H]+","ion correlated with 4790; ion correlated with 4742; ion correlated with 4830; ion correlated with 999; ion correlated with 4252",0.25,FALSE,"null","null","null","null","null","null",999,FALSE,FALSE,FALSE,"null","null","null","null","null",3843.85,0,0,0,0,0,0,0,131479,270536,219795,70688,0,0,0,0,0,50978,108548,96527,174804,159044,281140,0,0,0,0,0,0,"F4828_mz589.1416_rt0.87",0,281140,281141,TRUE,10,1,3,"Fungal control-associated detection","Early RT","No MS/MS assignment","Unknown"
4830,0.884,590.12604,"Unknown","[M+H]+","ion correlated with 1857; ion correlated with 4828",0.25,FALSE,"null","null","null","null","null","null",999,FALSE,FALSE,FALSE,"null","null","null","null","null",4185.29,0,0,0,0,0,0,0,228649,213545,222650,90911,0,0,0,0,0,81995,163250,130489,229632,183797,306384,0,0,0,0,0,0,"F4830_mz590.126_rt0.88",0,306384,306385,TRUE,10,1,3,"Fungal control-associated detection","Early RT","No MS/MS assignment","Unknown"
4831,0.488,590.23248,"Unknown","[M+H]+",NA,0.071,FALSE,"null","null","null","null","null","null",999,FALSE,FALSE,FALSE,"null","null","null","null","null",2879.13,0,0,0,0,0,0,0,95838,142766,145147,78467,0,0,0,0,0,0,0,0,0,58611,94987,0,0,0,0,0,0,"F4831_mz590.2325_rt0.49",0,145147,145148,TRUE,6,1,3,"Fungal control-associated detection","Very early RT","No MS/MS assignment","Unknown"
4840,0.478,594.22534,"Unknown","[M+H]+","ion correlated with 2889; ion correlated with 1642",0.357,FALSE,"null","null","null","null","null","null",999,FALSE,FALSE,FALSE,"null","null","null","null","null",6912.15,0,0,0,0,0,0,0,356192,450612,614628,307191,0,0,0,0,0,163551,302972,232280,286436,358640,383576,0,0,0,0,0,0,"F4840_mz594.2253_rt0.48",0,614628,614629,TRUE,10,1,3,"Fungal control-associated detection","Very early RT","No MS/MS assignment","Unknown"
4846,0.88,597.15479,"Unknown","[M+H]+","ion correlated with 4790; ion correlated with 2171; ion correlated with 3912; ion correlated with 4146; ion correlated with 1973; ion correlated with 2319",0.214,FALSE,"null","null","null","null","null","null",999,FALSE,FALSE,FALSE,"null","null","null","null","null",3394.74,0,0,0,0,0,0,0,184998,289219,132234,44178,0,0,0,0,0,55571,28251,0,143314,111434,157224,0,0,0,0,0,0,"F4846_mz597.1548_rt0.88",0,289219,289220,TRUE,9,1,3,"Fungal control-associated detection","Early RT","No MS/MS assignment","Unknown"
4848,1.192,599.32739,"Unknown","[M+H]+","ion correlated with 2564; ion correlated with 4777; ion correlated with 2194; ion correlated with 1931; ion correlated with 2946; ion correlated with 3235; ion correlated with 2603",0.036,FALSE,"null","null","null","null","null","null",999,FALSE,FALSE,FALSE,"null","null","null","null","null",126.33,0,0,0,0,0,0,0,0,0,0,161194,0,3378,0,0,0,0,0,0,0,0,0,0,0,0,0,0,0,"F4848_mz599.3274_rt1.19",0,161194,161195,TRUE,2,2,0,"Fungi old-associated detection","RT >= 1 min","No MS/MS assignment","Unknown"
4853,0.892,600.25165,"Unknown","[M+H]+","ion correlated with 4791; ion correlated with 2349",0.357,FALSE,"null","null","null","null","null","null",999,FALSE,FALSE,FALSE,"null","null","null","null","null",5096.82,0,0,0,0,0,0,0,523482,474310,295307,256581,0,0,0,0,0,105123,267405,208590,376788,468383,467449,0,0,0,0,0,0,"F4853_mz600.2516_rt0.89",0,523482,523483,TRUE,10,1,3,"Fungal control-associated detection","Early RT","No MS/MS assignment","Unknown"
4864,0.532,603.15295,"Unknown","[M+H]+",NA,0.25,FALSE,"null","null","null","null","null","null",999,FALSE,FALSE,FALSE,"null","null","null","null","null",2587.13,0,0,0,0,0,0,0,137257,146733,69840,140341,0,0,0,0,0,0,139866,0,137235,164578,181380,0,0,0,0,0,0,"F4864_mz603.153_rt0.53",0,181380,181381,TRUE,8,1,3,"Fungal control-associated detection","Early RT","No MS/MS assignment","Unknown"
4867,0.747,605.18146,"Unknown","[M+H]+",NA,0.071,FALSE,"null","null","null","null","null","null",999,FALSE,FALSE,FALSE,"null","null","null","null","null",3418.47,0,0,0,0,0,0,0,51655,0,0,0,184551,157296,0,0,0,0,0,0,0,0,0,0,0,0,0,0,0,"F4867_mz605.1815_rt0.75",0,184551,184552,TRUE,3,2,1,"Fungi old-associated detection","Early RT","No MS/MS assignment","Unknown"
4873,8.146,607.29248,"Unknown","[M+H]+",NA,0.143,TRUE,"null","null","null","null","null","null",999,FALSE,FALSE,FALSE,"null","null","null","null","null",572378,0,1114,0,0,0,0,0,59473,10035,3114,0,0,0,49887756,63374588,51114108,2419,0,0,15495,0,0,150321,40283,66897,0,0,0,"F4873_mz607.2925_rt8.15",371.333333333333,63374588,170209.281110116,TRUE,11,0,3,"Fungal control-associated detection","RT >= 1 min","MS/MS available","Unknown"
4875,0.529,610.22009,"Unknown","[M+H]+",NA,0.179,FALSE,"null","null","null","null","null","null",999,FALSE,FALSE,FALSE,"null","null","null","null","null",2646.03,0,0,0,0,0,0,0,181962,125728,129321,0,0,0,0,0,0,0,98836,164829,40043,134949,182496,0,0,0,0,0,0,"F4875_mz610.2201_rt0.53",0,182496,182497,TRUE,8,0,3,"Fungal control-associated detection","Early RT","No MS/MS assignment","Unknown"
4883,0.879,613.15125,"Unknown","[M+H]+",NA,0.214,FALSE,"null","null","null","null","null","null",999,FALSE,FALSE,FALSE,"null","null","null","null","null",5057.04,0,0,0,0,0,0,0,185382,317181,187106,63765,0,0,36485,39202,59738,28001,71826,43735,204563,289650,333230,0,0,0,0,0,0,"F4883_mz613.1512_rt0.88",0,333230,333231,TRUE,13,1,3,"Fungal control-associated detection","Early RT","No MS/MS assignment","Unknown"
4889,8.272,615.49927,"Unknown","[M+H]+",NA,0.107,FALSE,"null","null","null","null","null","null",999,FALSE,FALSE,FALSE,"null","null","null","null","null",837.54,0,1911,0,0,0,0,0,131872,4183,1553,0,0,0,19809,139099,129269,1762,0,0,0,0,0,0,1642,8445,0,0,0,"F4889_mz615.4993_rt8.27",637,139099,218.025078369906,TRUE,9,0,3,"Fungal control-associated detection","RT >= 1 min","No MS/MS assignment","Unknown"
4897,0.483,620.23956,"Unknown","[M+H]+","ion correlated with 1226",0.357,FALSE,"null","null","null","null","null","null",999,FALSE,FALSE,FALSE,"null","null","null","null","null",4500.21,0,0,0,0,0,0,0,715588,649278,382284,417523,0,0,0,0,0,260241,342254,303962,427277,666597,608559,0,0,0,0,0,0,"F4897_mz620.2396_rt0.48",0,715588,715589,TRUE,10,1,3,"Fungal control-associated detection","Very early RT","No MS/MS assignment","Unknown"
4899,1.291,620.36377,"Unknown","[M+H]+","ion correlated with 2603; ion correlated with 2002; ion correlated with 488; ion correlated with 3414; ion correlated with 4573; ion correlated with 4641; ion correlated with 4619",0.036,TRUE,"null","null","null","null","null","null",999,FALSE,FALSE,FALSE,"null","null","null","null","null",12624.26,0,0,0,0,0,0,0,0,0,0,631213,48912,26272,0,0,0,0,0,0,0,0,0,0,0,0,0,0,0,"F4899_mz620.3638_rt1.29",0,631213,631214,TRUE,3,3,0,"Fungi old-associated detection","RT >= 1 min","MS/MS available","Unknown"
4900,6.738,621.27167,"Unknown","[M+H]+",NA,0.107,TRUE,"null","null","null","null","null","null",999,FALSE,FALSE,FALSE,"null","null","null","null","null",61244.79,0,0,0,0,0,0,0,9964,3214,0,0,0,0,9054683,8872989,10684126,0,0,0,0,0,0,66515,10142,46438,0,1286,0,"F4900_mz621.2717_rt6.74",0,10684126,10684127,TRUE,9,0,2,"Fungal control-associated detection","RT >= 1 min","MS/MS available","Unknown"
4902,0.641,622.25598,"Unknown","[M+H]+","ion correlated with 2206; ion correlated with 2644; ion correlated with 475; ion correlated with 2742",0.25,FALSE,"null","null","null","null","null","null",999,FALSE,FALSE,FALSE,"null","null","null","null","null",4507.84,0,0,0,0,0,0,0,775165,999420,787741,358845,0,0,0,0,0,0,98157,72435,342630,632457,613343,0,0,0,0,0,0,"F4902_mz622.256_rt0.64",0,999420,999421,TRUE,9,1,3,"Fungal control-associated detection","Early RT","No MS/MS assignment","Unknown"
4907,0.474,624.23499,"Unknown","[M+H]+","ion correlated with 4840",0.036,FALSE,"null","null","null","null","null","null",999,FALSE,FALSE,FALSE,"null","null","null","null","null",105.61,0,0,0,0,0,0,0,213979,219171,317812,212778,0,0,0,0,0,125727,164202,113151,191263,212374,246583,0,20876,0,0,0,0,"F4907_mz624.235_rt0.47",0,317812,317813,TRUE,11,1,3,"Fungal control-associated detection","Very early RT","No MS/MS assignment","Unknown"
4914,8.144,629.27386,"Unknown","[M+H]+","ion correlated with 4782",0.107,TRUE,"null","null","null","null","null","null",999,FALSE,FALSE,FALSE,"null","null","null","null","null",53494.95,0,0,0,0,0,0,0,9509,1947,0,0,0,0,4316807,3629072,3246454,0,0,0,0,0,0,38004,7992,18102,0,0,0,"F4914_mz629.2739_rt8.14",0,4316807,4316808,TRUE,8,0,2,"Fungal control-associated detection","RT >= 1 min","MS/MS available","Unknown"
4918,0.456,633.2749,"Unknown","[M+H]+",NA,0.036,FALSE,"null","null","null","null","null","null",999,FALSE,FALSE,FALSE,"null","null","null","null","null",53.73,0,0,0,0,0,0,0,117154,29490,41772,42627,0,0,0,0,0,0,0,0,0,0,0,0,0,0,0,0,0,"F4918_mz633.2749_rt0.46",0,117154,117155,TRUE,4,1,3,"Fungal control-associated detection","Very early RT","No MS/MS assignment","Unknown"
4920,0.806,635.229,"Unknown","[M+H]+","ion correlated with 4529",0.071,FALSE,"null","null","null","null","null","null",999,FALSE,FALSE,FALSE,"null","null","null","null","null",3234.27,0,0,0,0,0,0,0,319198,121835,89001,41555,0,0,0,0,0,0,0,0,0,82316,80114,0,0,0,0,0,0,"F4920_mz635.229_rt0.81",0,319198,319199,TRUE,6,1,3,"Fungal control-associated detection","Early RT","No MS/MS assignment","Unknown"
4922,0.878,636.27094,"Unknown","[M+H]+",NA,0.071,FALSE,"null","null","null","null","null","null",999,FALSE,FALSE,FALSE,"null","null","null","null","null",2048.12,0,0,0,0,0,0,0,104707,100105,36024,0,0,0,0,0,0,17465,0,79351,0,0,27046,0,0,0,0,0,0,"F4922_mz636.2709_rt0.88",0,104707,104708,TRUE,6,0,3,"Fungal control-associated detection","Early RT","No MS/MS assignment","Unknown"
4923,1.321,636.35992,"Unknown","[M+H]+","ion correlated with 3409; ion correlated with 4805; ion correlated with 4899; ion correlated with 3414; ion correlated with 4573; ion correlated with 4619; ion correlated with 4680",0.036,FALSE,"null","null","null","null","null","null",999,FALSE,FALSE,FALSE,"null","null","null","null","null",76.58,0,0,0,0,0,0,0,0,0,0,117306,4563,4343,0,0,0,0,0,0,0,0,0,0,0,0,0,0,0,"F4923_mz636.3599_rt1.32",0,117306,117307,TRUE,3,3,0,"Fungi old-associated detection","RT >= 1 min","No MS/MS assignment","Unknown"
4927,0.498,637.23065,"Unknown","[M+H]+",NA,0.071,FALSE,"null","null","null","null","null","null",999,FALSE,FALSE,FALSE,"null","null","null","null","null",1041.54,0,0,0,0,0,0,0,0,39601,106485,42879,0,0,0,0,0,0,37460,0,100331,0,0,0,0,0,0,0,0,"F4927_mz637.2306_rt0.5",0,106485,106486,TRUE,5,1,2,"Fungal control-associated detection","Very early RT","No MS/MS assignment","Unknown"
4932,0.477,638.21222,"Unknown","[M+H]+",NA,0.179,FALSE,"null","null","null","null","null","null",999,FALSE,FALSE,FALSE,"null","null","null","null","null",1161.99,0,0,0,0,0,0,0,135450,192575,253064,107548,0,0,0,0,0,185580,325247,141594,253937,149157,242276,0,0,0,0,0,0,"F4932_mz638.2122_rt0.48",0,325247,325248,TRUE,10,1,3,"Fungal control-associated detection","Very early RT","No MS/MS assignment","Unknown"
4933,0.527,638.21393,"Unknown","[M+H]+",NA,0.071,FALSE,"null","null","null","null","null","null",999,FALSE,FALSE,FALSE,"null","null","null","null","null",161.34,0,0,0,0,0,0,0,241247,201741,134151,91592,0,0,0,0,0,15949,325247,0,90283,140707,242276,0,0,0,0,0,0,"F4933_mz638.2139_rt0.53",0,325247,325248,TRUE,9,1,3,"Fungal control-associated detection","Early RT","No MS/MS assignment","Unknown"
4944,0.471,649.21893,"Unknown","[M+H]+","ion correlated with 4975",0.357,FALSE,"null","null","null","null","null","null",999,FALSE,FALSE,FALSE,"null","null","null","null","null",278.91,0,0,0,0,0,0,0,424094,374113,221203,413040,0,0,0,0,0,414979,434651,340080,494853,510042,478281,0,0,0,0,0,0,"F4944_mz649.2189_rt0.47",0,510042,510043,TRUE,10,1,3,"Fungal control-associated detection","Very early RT","No MS/MS assignment","Unknown"
4947,0.489,652.2298,"Unknown","[M+H]+","ion correlated with 2584",0.357,FALSE,"null","null","null","null","null","null",999,FALSE,FALSE,FALSE,"null","null","null","null","null",418.01,0,0,0,0,0,0,0,572060,707435,1061981,752783,0,0,0,0,0,542062,655289,520607,689444,630205,697892,0,0,0,0,0,0,"F4947_mz652.2298_rt0.49",0,1061981,1061982,TRUE,10,1,3,"Fungal control-associated detection","Very early RT","No MS/MS assignment","Unknown"
4951,0.693,654.22638,"Unknown","[M+H]+","ion correlated with 1549; ion correlated with 3184; ion correlated with 1548",0.143,FALSE,"null","null","null","null","null","null",999,FALSE,FALSE,FALSE,"null","null","null","null","null",74.28,0,0,0,0,0,0,0,114060,159182,133819,0,0,0,0,0,0,0,0,0,0,64042,119327,0,0,0,0,0,0,"F4951_mz654.2264_rt0.69",0,159182,159183,TRUE,5,0,3,"Fungal control-associated detection","Early RT","No MS/MS assignment","Unknown"
4964,8.999,660.30945,"Unknown","[M+H]+",NA,0.036,FALSE,"null","null","null","null","null","null",999,FALSE,FALSE,FALSE,"null","null","null","null","null",3266.38,0,8247,0,0,163319,0,2057,3876,2331,1970,0,2802,0,2649,2054,4165,0,172068,4005,3585,2498,3338,0,70147,6122,0,0,0,"F4964_mz660.3094_rt9",2749,172068,62.5705454545455,TRUE,16,1,3,"Fungal control-associated detection","RT >= 1 min","No MS/MS assignment","Unknown"
4979,3.495,672.41711,"Unknown","[M+H]+",NA,0.071,FALSE,"null","null","null","null","null","null",999,FALSE,FALSE,FALSE,"null","null","null","null","null",35.7,0,0,0,0,0,0,0,4366,11000,6980,3182,0,0,217977,59713,112183,0,1797,0,7060,8480,10466,41768,69404,64685,0,0,0,"F4979_mz672.4171_rt3.5",0,217977,217978,TRUE,14,1,3,"Fungal control-associated detection","RT >= 1 min","No MS/MS assignment","Unknown"
4994,9.694,683.4762,"Unknown","[M+H]+",NA,0.036,FALSE,"null","null","null","null","null","null",999,FALSE,FALSE,FALSE,"null","null","null","null","null",53.54,0,0,0,0,0,0,0,0,0,0,641,17818,0,0,0,0,0,0,0,0,0,0,151433,0,441,655,0,0,"F4994_mz683.4762_rt9.69",0,151433,151434,TRUE,5,2,0,"Fungi old-associated detection","RT >= 1 min","No MS/MS assignment","Unknown"
4998,0.469,685.23987,"Unknown","[M+H]+","ion correlated with 4246; ion correlated with 5030; ion correlated with 4262; ion correlated with 4143",0.321,FALSE,"null","null","null","null","null","null",999,FALSE,FALSE,FALSE,"null","null","null","null","null",493.42,0,0,0,0,0,0,0,1183545,1108864,867743,546093,0,0,0,0,0,986412,1071530,964800,1210152,1048544,1084864,0,0,0,0,0,0,"F4998_mz685.2399_rt0.47",0,1210152,1210153,TRUE,10,1,3,"Fungal control-associated detection","Very early RT","No MS/MS assignment","Unknown"
5002,0.55,686.25006,"Unknown","[M+H]+",NA,0.036,FALSE,"null","null","null","null","null","null",999,FALSE,FALSE,FALSE,"null","null","null","null","null",161.33,0,0,0,0,0,0,0,0,51784,309574,49349,0,0,0,0,0,0,133348,93012,44842,0,0,0,0,0,0,0,0,"F5002_mz686.2501_rt0.55",0,309574,309575,TRUE,6,1,2,"Fungal control-associated detection","Early RT","No MS/MS assignment","Unknown"
5003,0.812,686.25018,"Unknown","[M+H]+","ion correlated with 3149; ion correlated with 2849; ion correlated with 2182; ion correlated with 3499; ion correlated with 1481; ion correlated with 3812; ion correlated with 1959",0.179,FALSE,"null","null","null","null","null","null",999,FALSE,FALSE,FALSE,"null","null","null","null","null",129.97,0,0,0,0,0,0,0,250908,368842,268643,74149,0,0,0,0,0,0,13169,0,23783,112088,186791,0,0,0,0,0,0,"F5003_mz686.2502_rt0.81",0,368842,368843,TRUE,8,1,3,"Fungal control-associated detection","Early RT","No MS/MS assignment","Unknown"
5021,0.47,696.22186,"Unknown","[M+2H]2+",NA,0.357,FALSE,"null","null","null","null","null","null",999,FALSE,FALSE,FALSE,"null","null","null","null","null",67.5,0,0,0,0,0,0,0,101325,121228,179833,0,0,0,243833,222796,341295,33748,67988,104658,124513,197043,130003,0,22848,0,0,0,0,"F5021_mz696.2219_rt0.47",0,341295,341296,TRUE,13,0,3,"Fungal control-associated detection","Very early RT","No MS/MS assignment","Unknown"
5023,1.108,697.36749,"Unknown","[M+H]+","ion correlated with 4585; ion correlated with 4253; ion correlated with 4335; ion correlated with 4531; ion correlated with 3584",0.179,FALSE,"null","null","null","null","null","null",999,FALSE,FALSE,FALSE,"null","null","null","null","null",46.69,0,0,0,0,0,0,0,119184,104310,128191,51754,0,0,0,0,0,22395,49033,35519,102479,131922,112796,0,0,0,0,0,0,"F5023_mz697.3675_rt1.11",0,131922,131923,TRUE,10,1,3,"Fungal control-associated detection","RT >= 1 min","No MS/MS assignment","Unknown"
5024,1.506,697.48651,"Unknown","[M+H]+","ion correlated with 5062; similar chromatogram in higher mz_5062",0.071,TRUE,"null","null","null","null","null","null",999,FALSE,FALSE,FALSE,"null","null","null","null","null",321.23,0,0,0,0,0,0,0,0,0,0,1038824,118984,92735,0,0,0,0,0,0,0,0,0,0,0,0,0,0,0,"F5024_mz697.4865_rt1.51",0,1038824,1038825,TRUE,3,3,0,"Fungi old-associated detection","RT >= 1 min","MS/MS available","Unknown"
5029,0.541,702.26544,"Unknown","[M+H]+",NA,0.071,FALSE,"null","null","null","null","null","null",999,FALSE,FALSE,FALSE,"null","null","null","null","null",181.3,0,0,0,0,0,0,0,568923,511384,375817,126300,0,0,0,257969,0,0,199813,138481,350211,405434,351748,0,0,0,0,0,0,"F5029_mz702.2654_rt0.54",0,568923,568924,TRUE,10,1,3,"Fungal control-associated detection","Early RT","No MS/MS assignment","Unknown"
5033,0.467,704.21295,"Unknown","[M+2H]2+",NA,0.429,FALSE,"null","null","null","null","null","null",999,FALSE,FALSE,FALSE,"null","null","null","null","null",81.16,0,0,0,0,0,0,0,0,292453,192585,236250,0,0,242650,250340,251722,200364,227871,163267,267887,198885,202965,35292,28501,0,0,0,0,"F5033_mz704.213_rt0.47",0,292453,292454,TRUE,14,1,2,"Fungal control-associated detection","Very early RT","No MS/MS assignment","Unknown"
5034,0.493,706.19031,"Unknown","[M+H]+",NA,0.036,FALSE,"null","null","null","null","null","null",999,FALSE,FALSE,FALSE,"null","null","null","null","null",59,0,0,0,0,0,0,0,0,0,86505,167125,36045,59469,0,0,0,48247,0,0,0,33335,31092,0,0,0,0,0,0,"F5034_mz706.1903_rt0.49",0,167125,167126,TRUE,7,3,1,"Fungi old-associated detection","Very early RT","No MS/MS assignment","Unknown"
5035,0.528,707.2215,"Unknown","[M+H]+","ion correlated with 2016; ion correlated with 1812; ion correlated with 1989; ion correlated with 2207; ion correlated with 1541; ion correlated with 4903; ion correlated with 991",0.071,FALSE,"null","null","null","null","null","null",999,FALSE,FALSE,FALSE,"null","null","null","null","null",466.59,0,0,0,0,0,0,0,1084530,1453198,1093037,582831,0,0,0,73015,36951,346822,543888,358115,1027152,1320520,1216609,91763,78245,0,0,0,0,"F5035_mz707.2215_rt0.53",0,1453198,1453199,TRUE,14,1,3,"Fungal control-associated detection","Early RT","No MS/MS assignment","Unknown"
5048,1.568,713.48163,"Unknown","[M+H]+","ion correlated with 5078; ion correlated with 5074; similar chromatogram in higher mz_5078",0.036,TRUE,"null","null","null","null","null","null",999,FALSE,FALSE,FALSE,"null","null","null","null","null",241.72,0,0,0,0,0,0,0,0,0,0,468630,62635,70001,0,0,0,0,0,0,0,0,0,0,0,0,0,0,0,"F5048_mz713.4816_rt1.57",0,468630,468631,TRUE,3,3,0,"Fungi old-associated detection","RT >= 1 min","MS/MS available","Unknown"
5062,1.506,719.46826,"Unknown","[M+H]+","ion correlated with 5024",0.071,TRUE,"null","null","null","null","null","null",999,FALSE,FALSE,FALSE,"null","null","null","null","null",394.38,0,0,0,0,0,0,0,0,0,0,1210687,124192,83256,0,0,0,0,0,0,0,0,0,0,0,0,0,0,0,"F5062_mz719.4683_rt1.51",0,1210687,1210688,TRUE,3,3,0,"Fungi old-associated detection","RT >= 1 min","MS/MS available","Unknown"
5064,0.532,723.1955,"Unknown","[M+H]+",NA,0.036,FALSE,"null","null","null","null","null","null",999,FALSE,FALSE,FALSE,"null","null","null","null","null",125.1,0,0,0,0,0,0,0,458031,508609,538733,76018,0,0,97909,43641,353985,45232,117678,0,243518,458747,528751,0,0,0,0,0,0,"F5064_mz723.1955_rt0.53",0,538733,538734,TRUE,12,1,3,"Fungal control-associated detection","Early RT","No MS/MS assignment","Unknown"
5065,0.468,723.19647,"Unknown","[M+H]+","ion correlated with 2364; ion correlated with 2372",0.464,FALSE,"null","null","null","null","null","null",999,FALSE,FALSE,FALSE,"null","null","null","null","null",286.48,0,0,0,0,0,0,0,1295319,1457244,2626056,1040694,0,0,393199,216424,353985,427223,509887,389158,911190,888344,1124992,11294,0,0,0,0,0,"F5065_mz723.1965_rt0.47",0,2626056,2626057,TRUE,14,1,3,"Fungal control-associated detection","Very early RT","No MS/MS assignment","Unknown"
5070,7.43,728.5675,"Unknown","[M+H]+",NA,0.036,FALSE,"null","null","null","null","null","null",999,FALSE,FALSE,FALSE,"null","null","null","null","null",90.94,0,1734,0,0,2036,0,0,22528,0,1486,0,0,0,96283,107753,50199,0,0,0,0,0,0,0,52199,160231,2271,0,0,"F5070_mz728.5675_rt7.43",578,160231,276.73920552677,TRUE,9,0,2,"Fungal control-associated detection","RT >= 1 min","No MS/MS assignment","Unknown"
5074,1.627,729.47632,"Unknown","[M+H]+","ion correlated with 3751; ion correlated with 5048; ion correlated with 5078",0.036,TRUE,"null","null","null","null","null","null",999,FALSE,FALSE,FALSE,"null","null","null","null","null",165.18,0,0,0,0,0,0,0,0,0,0,343223,72615,95035,0,0,0,0,0,0,0,0,0,0,0,0,0,0,0,"F5074_mz729.4763_rt1.63",0,343223,343224,TRUE,3,3,0,"Fungi old-associated detection","RT >= 1 min","MS/MS available","Unknown"
5078,1.568,735.46362,"Unknown","[M+H]+","ion correlated with 3751; ion correlated with 5048; ion correlated with 5074",0.036,TRUE,"null","null","null","null","null","null",999,FALSE,FALSE,FALSE,"null","null","null","null","null",110,0,0,0,0,0,0,0,0,0,5189,275643,22254,23139,0,0,0,0,0,0,0,0,0,0,0,0,0,0,0,"F5078_mz735.4636_rt1.57",0,275643,275644,TRUE,4,3,1,"Fungi old-associated detection","RT >= 1 min","MS/MS available","Unknown"
5081,0.677,739.54962,"Unknown","[M+H]+",NA,0.036,FALSE,"null","null","null","null","null","null",999,FALSE,FALSE,FALSE,"null","null","null","null","null",37.92,0,2775,0,0,4318,6220,4365,35661,0,0,37940,33930,23330,0,33522,35556,23634,0,103968,0,0,69227,0,131839,0,9339,10612,6121,"F5081_mz739.5496_rt0.68",925,131839,142.375809935205,TRUE,16,3,1,"Fungi old-associated detection","Early RT","No MS/MS assignment","Unknown"
5082,0.484,739.55615,"Unknown","[M+H]+",NA,0.071,FALSE,"null","null","null","null","null","null",999,FALSE,FALSE,FALSE,"null","null","null","null","null",40.13,0,0,2442,0,5484,0,0,22830,0,0,48055,147949,84162,141319,22683,81536,0,105010,0,0,0,59724,0,274782,0,0,0,0,"F5082_mz739.5562_rt0.48",814,274782,337.157055214724,TRUE,11,3,1,"Fungi old-associated detection","Very early RT","No MS/MS assignment","Unknown"
5083,0.465,739.58203,"Unknown","[M+H]+",NA,0.036,FALSE,"null","null","null","null","null","null",999,FALSE,FALSE,FALSE,"null","null","null","null","null",22.9,0,4012,3430,0,7535,0,0,0,14444,0,120720,76351,55468,16434,26960,114818,0,31921,94942,0,0,87474,0,15775,0,3954,18029,5571,"F5083_mz739.582_rt0.47",2480.66666666667,120720,48.6451309603761,TRUE,15,3,1,"Fungi old-associated detection","Very early RT","No MS/MS assignment","Unknown"
5084,9.7,739.60461,"Unknown","[M+H]+",NA,0.071,FALSE,"null","null","null","null","null","null",999,FALSE,FALSE,FALSE,"null","null","null","null","null",20.13,0,20893,1179,0,670,0,0,0,0,0,42906,17172,0,30792,63558,122027,65910,0,1027,16342,876,1366,0,75774,137742,1820,0,79420,"F5084_mz739.6046_rt9.7",7357.33333333333,137742,18.7193204983012,TRUE,15,2,0,"Fungi old-associated detection","RT >= 1 min","No MS/MS assignment","Unknown"
5086,0.527,739.63672,"Unknown","[M+H]+",NA,0.071,FALSE,"null","null","null","null","null","null",999,FALSE,FALSE,FALSE,"null","null","null","null","null",15.43,0,669,4535,0,0,4737,3875,0,0,77070,0,38606,56991,10010,0,130255,0,65220,78979,81716,0,37608,108732,62430,22748,5665,7739,4378,"F5086_mz739.6367_rt0.53",1734.66666666667,130255,75.0466679469944,TRUE,17,2,1,"Fungi old-associated detection","Early RT","No MS/MS assignment","Unknown"
5091,9.703,739.74512,"Unknown","[M+H]+",NA,0.071,FALSE,"null","null","null","null","null","null",999,FALSE,FALSE,FALSE,"null","null","null","null","null",26.46,79128,0,0,0,17666,2387,53767,0,0,738,0,1771,1539,0,0,0,0,138137,9442,77185,0,0,133201,62880,0,0,0,574,"F5091_mz739.7451_rt9.7",26376,138137,5.23706259241005,TRUE,12,2,1,"Fungi old-associated detection","RT >= 1 min","No MS/MS assignment","Unknown"
5101,1.686,745.47113,"Unknown","[M+H]+","ion correlated with 3840; ion correlated with 5108",0.036,FALSE,"null","null","null","null","null","null",999,FALSE,FALSE,FALSE,"null","null","null","null","null",26.12,0,0,0,0,0,0,0,0,0,0,114788,0,8325,0,0,0,0,0,0,0,0,0,0,0,0,0,0,0,"F5101_mz745.4711_rt1.69",0,114788,114789,TRUE,2,2,0,"Fungi old-associated detection","RT >= 1 min","No MS/MS assignment","Unknown"
5108,1.627,751.45874,"Unknown","[M+H]+","ion correlated with 3751; ion correlated with 5048; ion correlated with 5078; ion correlated with 3840; ion correlated with 5074; ion correlated with 5101",0.036,FALSE,"null","null","null","null","null","null",999,FALSE,FALSE,FALSE,"null","null","null","null","null",46.29,0,0,0,0,0,0,0,3274,0,0,101982,14883,18081,0,0,0,0,0,0,0,0,0,0,0,0,0,0,0,"F5108_mz751.4587_rt1.63",0,101982,101983,TRUE,4,3,1,"Fungi old-associated detection","RT >= 1 min","No MS/MS assignment","Unknown"
5114,9.698,758.56628,"Unknown","[M+H]+","ion correlated with 3953; ion correlated with 5054",0.107,FALSE,"null","null","null","null","null","null",999,FALSE,FALSE,FALSE,"null","null","null","null","null",52.85,0,804,0,0,2334,186,0,258016,178140,0,180,0,0,0,0,127677,1664,0,0,0,0,0,0,0,0,6215,1762,1931,"F5114_mz758.5663_rt9.7",268,258016,959.171003717472,TRUE,10,1,2,"Fungal control-associated detection","RT >= 1 min","No MS/MS assignment","Unknown"
5117,8.93,758.57086,"Unknown","[M+H]+",NA,0.036,TRUE,"null","null","null","null","null","null",999,FALSE,FALSE,FALSE,"null","null","null","null","null",186.95,0,1596,0,0,0,1437,2189,437270,286065,2836,0,0,1646,4846,34696,798608,2726,0,1929,0,0,0,0,0,0,0,4897,0,"F5117_mz758.5709_rt8.93",532,798608,1498.32833020638,TRUE,12,1,3,"Fungal control-associated detection","RT >= 1 min","MS/MS available","Unknown"
5123,8.548,767.47125,"Unknown","[M+H]+",NA,0.107,TRUE,"null","null","null","null","null","null",999,FALSE,FALSE,FALSE,"null","null","null","null","null",28.86,0,0,0,0,0,0,0,0,0,0,599,2251,0,146628,149735,174634,0,0,0,0,0,2227,0,0,0,0,0,0,"F5123_mz767.4713_rt8.55",0,174634,174635,TRUE,6,2,0,"Fungi old-associated detection","RT >= 1 min","MS/MS available","Unknown"
5131,5.784,775.53394,"Unknown","[M+H]+",NA,0.036,FALSE,"null","null","null","null","null","null",999,FALSE,FALSE,FALSE,"null","null","null","null","null",30.7,0,0,0,0,0,0,0,60613,34034,0,0,0,0,0,0,362722,0,0,0,0,0,0,0,0,0,0,0,1753,"F5131_mz775.5339_rt5.78",0,362722,362723,TRUE,4,0,2,"Fungal control-associated detection","RT >= 1 min","No MS/MS assignment","Unknown"
5132,5.695,775.534,"Unknown","[M+H]+",NA,0.036,FALSE,"null","null","null","null","null","null",999,FALSE,FALSE,FALSE,"null","null","null","null","null",47.2,0,0,0,0,0,1488,0,61888,38450,0,0,0,0,0,0,376634,0,0,0,0,0,0,0,0,0,0,0,0,"F5132_mz775.534_rt5.7",0,376634,376635,TRUE,4,0,2,"Fungal control-associated detection","RT >= 1 min","No MS/MS assignment","Unknown"
5138,5.655,780.55463,"Unknown","[M+H]+",NA,0.036,TRUE,"null","null","null","null","null","null",999,FALSE,FALSE,FALSE,"null","null","null","null","null",39.2,0,0,0,0,0,0,0,160616,2790,0,0,0,0,0,348410,489077,2670,0,0,0,0,0,1819,0,2420,0,0,0,"F5138_mz780.5546_rt5.66",0,489077,489078,TRUE,7,0,2,"Fungal control-associated detection","RT >= 1 min","MS/MS available","Unknown"
5139,5.816,780.55481,"Unknown","[M+H]+",NA,0.071,TRUE,"null","null","null","null","null","null",999,FALSE,FALSE,FALSE,"null","null","null","null","null",56.13,2410,0,0,0,0,1616,0,158062,0,1552,0,0,0,0,551631,567261,0,1737,0,0,0,0,0,0,0,0,0,0,"F5139_mz780.5548_rt5.82",803.333333333333,567261,705.257355988396,TRUE,6,0,2,"Fungal control-associated detection","RT >= 1 min","MS/MS available","Unknown"
5146,0.653,784.30487,"Unknown","[M+H]+","ion correlated with 4973; ion correlated with 4364; ion correlated with 2236",0.214,FALSE,"null","null","null","null","null","null",999,FALSE,FALSE,FALSE,"null","null","null","null","null",92.66,0,0,0,0,0,0,0,349739,284825,255956,247722,0,0,0,0,0,0,43760,0,56782,158669,253629,0,0,0,0,0,0,"F5146_mz784.3049_rt0.65",0,349739,349740,TRUE,8,1,3,"Fungal control-associated detection","Early RT","No MS/MS assignment","Unknown"
5147,0.496,784.30792,"Unknown","[M+H]+","ion correlated with 3385; ion correlated with 1475; ion correlated with 2286",0.286,FALSE,"null","null","null","null","null","null",999,FALSE,FALSE,FALSE,"null","null","null","null","null",82.37,0,0,0,0,0,0,0,280892,276648,209796,177987,0,0,0,0,0,53649,136978,85323,219648,238217,231202,0,0,0,0,0,0,"F5147_mz784.3079_rt0.5",0,280892,280893,TRUE,10,1,3,"Fungal control-associated detection","Very early RT","No MS/MS assignment","Unknown"
5160,9.582,796.59448,"Unknown","[M+H]+",NA,0.036,TRUE,"null","null","null","null","null","null",999,FALSE,FALSE,FALSE,"null","null","null","null","null",58.28,0,5179,2251,0,0,5315,6781,118870,0,0,4338,2484,1101,52792,48132,52168,0,0,7933,0,0,1362,2263,25449,82721,7156,1318,3911,"F5160_mz796.5945_rt9.58",2476.66666666667,118870,47.9769944840576,TRUE,17,3,1,"Fungi old-associated detection","RT >= 1 min","MS/MS available","Unknown"
5163,2.81,798.38263,"Unknown","[M+H]+",NA,0.036,TRUE,"null","null","null","null","null","null",999,FALSE,FALSE,FALSE,"null","null","null","null","null",293.95,0,0,0,0,0,0,0,0,0,0,830796,30167,94862,0,0,0,5942,17237,8190,0,0,0,0,0,0,0,0,0,"F5163_mz798.3826_rt2.81",0,830796,830797,TRUE,6,3,0,"Fungi old-associated detection","RT >= 1 min","MS/MS available","Unknown"
