"feature_name","logFC","AveExpr","t","P.Value","adj.P.Val","B","Alignment ID","Average Rt(min)","Average Mz","Metabolite name","Adduct type","Post curation result","Fill %","MS/MS assigned","Formula","Ontology","INCHIKEY","SMILES","Annotation tag (VS1.0)","RT matched","m/z matched","MS/MS matched","Total score","RT similarity","Dot product","Reverse dot product","Fragment presence %","S/N average","blank_mean","sample_to_blank_ratio","number_detected","comparison","higher_in","result_category"
"F1075_mz154.1227_rt0.83",-9.63591497705315,23.2134091897309,-62.5444664652051,2.31367824998868e-08,1.61585622522056e-05,7.53447439377284,1075,0.829,154.12271,"Unknown","[M+H]+","ion correlated with 1077",0.107,TRUE,"null","null","null","null",999,FALSE,FALSE,FALSE,"null","null","null","null","null",14195.71,88058,6971.56952724878,24,"Exudate vs Leaf","Leaf","Leaf enriched - FDR supported"
"F1077_mz154.1228_rt0.86",-9.69758496121559,23.1825741976496,-60.7940255107962,2.66203661486089e-08,1.61585622522056e-05,7.50408482185776,1077,0.863,154.12282,"Unknown","[M+H]+","ion correlated with 1075",0.143,TRUE,"null","null","null","null",999,FALSE,FALSE,FALSE,"null","null","null","null","null",28138.63,83837,7322.56782127436,24,"Exudate vs Leaf","Leaf","Leaf enriched - FDR supported"
"F1078_mz154.1228_rt0.5",-9.56834097167033,23.132742428089,-50.4776026432059,6.6702284903226e-08,2.69921912908388e-05,7.26714320945807,1078,0.497,154.12285,"Unknown","[M+H]+",NA,0.214,TRUE,"null","null","null","null",999,FALSE,FALSE,FALSE,"null","null","null","null","null",23290.13,103532,5662.79428781162,18,"Exudate vs Leaf","Leaf","Leaf enriched - FDR supported"
"F3520_mz335.2222_rt2.06",-12.3523483671577,19.3262642935069,-46.4413408597259,1.00657618896999e-07,3.05495873352391e-05,7.13715744948435,3520,2.064,335.22223,"Unknown","[M+H]+","ion correlated with 3323",0.321,TRUE,"null","null","null","null",999,FALSE,FALSE,FALSE,"null","null","null","null","null",1195.39,4194,27840.8965435042,21,"Exudate vs Leaf","Leaf","Leaf enriched - FDR supported"
"F3175_mz305.1767_rt1.34",-7.79661620324979,16.9888446081102,-41.5845838597622,1.7362655994482e-07,4.21565287546023e-05,6.9392747664231,3175,1.341,305.17673,"Unknown","[M+H]+","ion correlated with 1888",0.643,TRUE,"null","null","null","null",999,FALSE,FALSE,FALSE,"null","null","null","null","null",514.84,1118,4207.87578194817,24,"Exudate vs Leaf","Leaf","Leaf enriched - FDR supported"
"F2516_mz258.9_rt0.42",6.65825108221238,17.6733688462625,37.9429771866334,2.72872166155649e-07,5.52111349521596e-05,6.75128296397463,2516,0.416,258.89999,"Unknown","[M+H]+",NA,0.75,TRUE,"null","null","null","null",999,FALSE,FALSE,FALSE,"null","null","null","null","null",1156.86,0,2693151,24,"Exudate vs Leaf","Exudate","Exudate enriched - FDR supported"
"F1367_mz174.9384_rt0.42",6.21326421475421,15.7857261770578,36.558160940407,3.27782439545425e-07,5.68468402297352e-05,6.66854572582572,1367,0.416,174.93839,"Unknown","[M+H]+",NA,0.214,FALSE,"null","null","null","null",999,FALSE,FALSE,FALSE,"null","null","null","null","null",96.08,0,702440,24,"Exudate vs Leaf","Exudate","Exudate enriched - FDR supported"
"F1079_mz154.1229_rt0.59",-6.44964158806225,21.5490868248621,-34.8941150616855,4.12411224829985e-07,6.25834033679503e-05,6.55945345348515,1079,0.59,154.12289,"Unknown","[M+H]+",NA,0.036,FALSE,"null","null","null","null",999,FALSE,FALSE,FALSE,"null","null","null","null","null",29.38,91015.3333333333,754.668513709993,21,"Exudate vs Leaf","Leaf","Leaf enriched - FDR supported"
"F3309_mz317.1389_rt1.04",-6.01630732524931,16.2837803940773,-32.9353750739738,5.48248409268658e-07,6.50180760967193e-05,6.41564277622482,3309,1.04,317.13889,"Unknown","[M+H]+","ion correlated with 1654; ion correlated with 1405; ion correlated with 3171; ion correlated with 3624; ion correlated with 2793; ion correlated with 3937; ion correlated with 3608; ion correlated with 1217; ion correlated with 4207; ion correlated with 4658; ion correlated with 4759; ion correlated with 1837; ion correlated with 799; ion correlated with 392; ion correlated with 4649; ion correlated with 819; ion correlated with 3463; ion correlated with 4722; ion correlated with 3491; ion correlated with 4603",0.107,FALSE,"null","null","null","null",999,FALSE,FALSE,FALSE,"null","null","null","null","null",235.42,0,1583828,19,"Exudate vs Leaf","Leaf","Leaf enriched - FDR supported"
"F135_mz81.017_rt0.52",-5.63865574668358,22.1176646424737,-32.3865580765887,5.95569541899563e-07,6.50180760967193e-05,6.372018949931,135,0.517,81.01697,"Unknown","[M+H]+","ion correlated with 137; found in higher mz's MsMs_1135",0.429,TRUE,"null","null","null","null",999,FALSE,FALSE,FALSE,"null","null","null","null","null",4666.81,1396171,59.4158434634128,24,"Exudate vs Leaf","Leaf","Leaf enriched - FDR supported"
"F3354_mz319.2272_rt2.82",-4.4865691676248,16.9891980739818,-32.0084783649014,6.31037664939736e-07,6.50180760967193e-05,6.34105142895847,3354,2.821,319.22717,"Unknown","[M+H]+","ion correlated with 2673; ion correlated with 3576; ion correlated with 3108; similar chromatogram in higher mz_4962",0.107,TRUE,"null","null","null","null",999,FALSE,FALSE,FALSE,"null","null","null","null","null",74.29,6651,193.172579675286,21,"Exudate vs Leaf","Leaf","Leaf enriched - FDR supported"
"F1099_mz156.1384_rt0.5",-10.9731973118784,19.759044606342,-31.8898793287706,6.42682795025232e-07,6.50180760967193e-05,6.33117908222824,1099,0.499,156.13838,"Unknown","[M+H]+","found in higher mz's MsMs_1942",0.214,TRUE,"null","null","null","null",999,FALSE,FALSE,FALSE,"null","null","null","null","null",6034.52,7618.33333333333,11987.6998425059,12,"Exudate vs Leaf","Leaf","Leaf enriched - FDR supported"
"F1215_mz165.0548_rt0.96",-5.64927134519547,16.8074191611066,-30.1506969592378,8.47110527712617e-07,7.80926572028876e-05,6.17717792634298,1215,0.962,165.05482,"Unknown","[M+H]+",NA,0.25,TRUE,"null","null","null","null",999,FALSE,FALSE,FALSE,"null","null","null","null","null",109.83,3694.33333333333,443.207919898972,23,"Exudate vs Leaf","Leaf","Leaf enriched - FDR supported"
"F819_mz137.0599_rt1.08",-3.9551131663356,17.8416475373805,-28.5672077711512,1.10475170146944e-06,7.80926572028876e-05,6.02041503372486,819,1.084,137.05995,"Unknown","[M+H]+","ion correlated with 1217; ion correlated with 3309; ion correlated with 4658; ion correlated with 1837; ion correlated with 1403; ion correlated with 4557; ion correlated with 392; ion correlated with 4649; ion correlated with 3918; ion correlated with 3463; ion correlated with 4722; ion correlated with 4603; ion correlated with 3140; ion correlated with 4494; ion correlated with 3971; ion correlated with 4724; ion correlated with 2899; ion correlated with 3305; found in higher mz's MsMs_3918; found in higher mz's MsMs_4722; found in higher mz's MsMs_4649; found in higher mz's MsMs_3463; found in higher mz's MsMs_3664; found in higher mz's MsMs_4693",0.107,TRUE,"null","null","null","null",999,FALSE,FALSE,FALSE,"null","null","null","null","null",177.21,15959,124.062468671679,24,"Exudate vs Leaf","Leaf","Leaf enriched - FDR supported"
"F2233_mz236.105_rt0.91",-8.12298627387112,20.3897589205929,-28.4799731068069,1.12150330178933e-06,7.80926572028876e-05,6.01127503559456,2233,0.912,236.10497,"Unknown","[M+H]+",NA,0.607,TRUE,"null","null","null","null",999,FALSE,FALSE,FALSE,"null","null","null","null","null",2064.43,41453.6666666667,1384.22063458879,24,"Exudate vs Leaf","Leaf","Leaf enriched - FDR supported"
"F1879_mz210.0974_rt0.48",-6.10971962903063,19.26702648564,-28.2292814074442,1.17136967630237e-06,7.80926572028876e-05,5.9846996305848,1879,0.478,210.09737,"Unknown","[M+H]+","ion correlated with 1657; ion correlated with 1621; ion correlated with 1901; ion correlated with 3203; ion correlated with 2771",0.214,TRUE,"null","null","null","null",999,FALSE,FALSE,FALSE,"null","null","null","null","null",1078.43,5455.33333333333,2077.97238682876,15,"Exudate vs Leaf","Leaf","Leaf enriched - FDR supported"
"F364_mz104.1071_rt0.44",-8.42410414609947,22.3084150507645,-28.1952640769157,1.17833962530695e-06,7.80926572028876e-05,5.98105777949168,364,0.44,104.1071,"Unknown","[M+H]+","similar chromatogram in higher mz_1380; found in higher mz's MsMs_2511; found in higher mz's MsMs_2042; found in higher mz's MsMs_2316; similar chromatogram in higher mz_4515; similar chromatogram in higher mz_4613; similar chromatogram in higher mz_3095; similar chromatogram in higher mz_1008; similar chromatogram in higher mz_879; similar chromatogram in higher mz_3559; similar chromatogram in higher mz_3973",0.643,TRUE,"null","null","null","null",999,FALSE,FALSE,FALSE,"null","null","null","null","null",15447.05,24680.3333333333,9645.38883636757,24,"Exudate vs Leaf","Leaf","Leaf enriched - FDR supported"
"F2031_mz220.9355_rt0.41",5.59815087770852,17.6705530064685,27.7359823671024,1.27750087526133e-06,7.80926572028876e-05,5.93103367251814,2031,0.408,220.93546,"Unknown","[M+H]+",NA,0.179,FALSE,"null","null","null","null",999,FALSE,FALSE,FALSE,"null","null","null","null","null",95.94,20968.6666666667,26.2835365369025,24,"Exudate vs Leaf","Exudate","Exudate enriched - FDR supported"
"F1100_mz156.1384_rt0.88",-12.0846216290053,20.0232759636306,-27.6732383128482,1.29181296461183e-06,7.80926572028876e-05,5.92407424296011,1100,0.885,156.13843,"Unknown","[M+H]+","found in higher mz's MsMs_4069",0.25,TRUE,"null","null","null","null",999,FALSE,FALSE,FALSE,"null","null","null","null","null",8831.42,3834.66666666667,43856.0781263579,17,"Exudate vs Leaf","Leaf","Leaf enriched - FDR supported"
"F1671_mz195.9592_rt0.44",6.48817091230225,18.4899029540803,27.4963316772395,1.33321511060673e-06,7.80926572028876e-05,5.90428644025039,1671,0.445,195.95918,"Unknown","[M+H]+",NA,0.143,FALSE,"null","null","null","null",999,FALSE,FALSE,FALSE,"null","null","null","null","null",267.02,3298.33333333333,327.374924227117,18,"Exudate vs Leaf","Exudate","Exudate enriched - FDR supported"
"F1810_mz205.0975_rt1.01",-4.10385947597663,20.3328773770143,-27.4229253679471,1.3508614507913e-06,7.80926572028876e-05,5.89600313494965,1810,1.006,205.09747,"Unknown","[M+H]+","similar chromatogram in higher mz_4785",0.643,TRUE,"null","null","null","null",999,FALSE,FALSE,FALSE,"null","null","null","null","null",5198.17,71626,1011.79768802267,24,"Exudate vs Leaf","Leaf","Leaf enriched - FDR supported"
"F109_mz79.0213_rt0.52",-4.8841416092199,26.7449456760379,-26.5556657987236,1.58214581316868e-06,8.61076460457816e-05,5.79481448535355,109,0.517,79.02129,"Unknown","[M+H]+","ion correlated with 111; found in higher mz's MsMs_1135; found in higher mz's MsMs_1108",0.5,TRUE,"null","null","null","null",999,FALSE,FALSE,FALSE,"null","null","null","null","null",43539.84,29560208.6666667,51.8656262011854,24,"Exudate vs Leaf","Leaf","Leaf enriched - FDR supported"
"F4464_mz458.856_rt0.39",5.47090300810433,17.7868722411913,26.3907199465587,1.63136396956588e-06,8.61076460457816e-05,5.77485223240725,4464,0.392,458.85596,"Unknown","[M+H]+","ion correlated with 4385; ion correlated with 3606; ion correlated with 770; ion correlated with 3634; ion correlated with 2414",0.393,FALSE,"null","null","null","null",999,FALSE,FALSE,FALSE,"null","null","null","null","null",6300.05,0,985812,24,"Exudate vs Leaf","Exudate","Exudate enriched - FDR supported"
"F2436_mz252.1095_rt0.88",5.07788025709874,15.5322287568101,26.1197083048701,1.71628648784978e-06,8.68154915104014e-05,5.74153655406099,2436,0.875,252.10945,"Unknown","[M+H]+","ion correlated with 2541; ion correlated with 1813; ion correlated with 618; ion correlated with 2209; similar chromatogram in higher mz_4744",0.357,TRUE,"null","null","null","null",999,FALSE,FALSE,FALSE,"null","null","null","null","null",216.67,23924,198.560710553814,24,"Exudate vs Leaf","Exudate","Exudate enriched - FDR supported"
"F93_mz76.0395_rt0.45",4.18244513425609,18.3116196715229,25.7912345783716,1.82644390602247e-06,8.8692116076451e-05,5.70027543748912,93,0.45,76.03948,"Unknown","[M+H]+","ion correlated with 1085; ion correlated with 71; ion correlated with 4479; similar chromatogram in higher mz_1085; similar chromatogram in higher mz_1096; similar chromatogram in higher mz_1366; similar chromatogram in higher mz_1380; similar chromatogram in higher mz_1524; similar chromatogram in higher mz_1824; similar chromatogram in higher mz_2004; similar chromatogram in higher mz_2812; similar chromatogram in higher mz_3030; similar chromatogram in higher mz_3541; similar chromatogram in higher mz_4608; similar chromatogram in higher mz_4613; similar chromatogram in higher mz_2796; similar chromatogram in higher mz_3019",0.571,TRUE,"null","null","null","null",999,FALSE,FALSE,FALSE,"null","null","null","null","null",146.37,276661,10.1243466757271,24,"Exudate vs Leaf","Exudate","Exudate enriched - FDR supported"
"F1577_mz190.0031_rt0.42",4.09288815204193,16.9879080520401,25.029672701621,2.11628353770913e-06,9.68169611552156e-05,5.60074009113112,1577,0.418,190.00308,"Unknown","[M+H]+",NA,0.357,FALSE,"null","null","null","null",999,FALSE,FALSE,FALSE,"null","null","null","null","null",36.56,7876.66666666667,31.1413278043414,24,"Exudate vs Leaf","Exudate","Exudate enriched - FDR supported"
"F388_mz106.9508_rt0.42",4.57079121229027,17.996465702708,24.9415833303521,2.15326025633511e-06,9.68169611552156e-05,5.58886516862542,388,0.417,106.95077,"Unknown","[M+H]+","similar chromatogram in higher mz_747; found in higher mz's MsMs_2310; similar chromatogram in higher mz_2737; similar chromatogram in higher mz_4601; similar chromatogram in higher mz_3873",0.75,FALSE,"null","null","null","null",999,FALSE,FALSE,FALSE,"null","null","null","null","null",185.78,16297.6666666667,86.0412712696335,24,"Exudate vs Leaf","Exudate","Exudate enriched - FDR supported"
"F1822_mz206.0712_rt0.46",-3.56937459840166,17.6595203541391,-24.5638184806462,2.32090286134598e-06,0.000100627716916929,5.53705759955673,1822,0.457,206.07124,"Unknown","[M+2H]2+","ion correlated with 3384; ion correlated with 1860; ion correlated with 2989; ion correlated with 2200; ion correlated with 2220; ion correlated with 1711; ion correlated with 245; ion correlated with 851; ion correlated with 2266; ion correlated with 1323; ion correlated with 3203; ion correlated with 2575; ion correlated with 2488; ion correlated with 2556",0.107,FALSE,"null","null","null","null",999,FALSE,FALSE,FALSE,"null","null","null","null","null",341.5,6328.66666666667,239.912159671389,17,"Exudate vs Leaf","Leaf","Leaf enriched - FDR supported"
"F2793_mz278.1603_rt1",-3.81942854681597,17.5899208991664,-23.794395509265,2.71350431835383e-06,0.000110220296574994,5.42693683980369,2793,1.005,278.16031,"Unknown","[M+H]+","ion correlated with 1114; ion correlated with 3191; ion correlated with 1654; ion correlated with 3608; ion correlated with 1217; ion correlated with 4207; ion correlated with 3309; ion correlated with 4658; ion correlated with 1837",0.107,TRUE,"null","null","null","null",999,FALSE,FALSE,FALSE,"null","null","null","null","null",294.78,17873.6666666667,93.8581978218708,24,"Exudate vs Leaf","Leaf","Leaf enriched - FDR supported"
"F1554_mz188.0709_rt1.01",-4.16014755642445,19.6506852872052,-23.7761723062496,2.72373055786641e-06,0.000110220296574994,5.42425116808733,1554,1.006,188.07086,"Unknown","[M+H]+","ion correlated with 2155; ion correlated with 1810; similar chromatogram in higher mz_4802; similar chromatogram in higher mz_4029; similar chromatogram in higher mz_3460; similar chromatogram in higher mz_4729",0.571,TRUE,"null","null","null","null",999,FALSE,FALSE,FALSE,"null","null","null","null","null",6184.02,37676.3333333333,1332.12668093991,24,"Exudate vs Leaf","Leaf","Leaf enriched - FDR supported"
"F4046_mz388.8576_rt0.41",3.72375003197094,17.6897880867069,23.3448481956739,2.97985236713804e-06,0.00011607704886836,5.35959610682312,4046,0.414,388.85764,"Unknown","[M+H]+",NA,0.643,FALSE,"null","null","null","null",999,FALSE,FALSE,FALSE,"null","null","null","null","null",582.42,0,212815,24,"Exudate vs Leaf","Exudate","Exudate enriched - FDR supported"
"F392_mz107.0493_rt1.07",-5.79435638787772,16.6239421495835,-23.2194250095298,3.05969156819399e-06,0.00011607704886836,5.34039632060896,392,1.074,107.04929,"Unknown","[M+H]+","ion correlated with 4037; ion correlated with 3608; ion correlated with 1217; ion correlated with 3309; ion correlated with 3664; ion correlated with 1403; ion correlated with 3962; ion correlated with 3599; ion correlated with 4649; ion correlated with 3918; ion correlated with 819; ion correlated with 3140; ion correlated with 4724; similar chromatogram in higher mz_3599; found in higher mz's MsMs_3599; found in higher mz's MsMs_4649; similar chromatogram in higher mz_3349; similar chromatogram in higher mz_3664; similar chromatogram in higher mz_3741; similar chromatogram in higher mz_3757; similar chromatogram in higher mz_3830; similar chromatogram in higher mz_3903; similar chromatogram in higher mz_4338",0.107,TRUE,"null","null","null","null",999,FALSE,FALSE,FALSE,"null","null","null","null","null",212.74,3264.33333333333,539.614434463046,23,"Exudate vs Leaf","Leaf","Leaf enriched - FDR supported"
"F290_mz98.9844_rt0.46",5.07544111060141,21.3886170993847,22.8501727542223,3.31010532170214e-06,0.00012071750954073,5.28279659485667,290,0.464,98.98443,"Unknown","[M+H]+","found in higher mz's MsMs_2511; similar chromatogram in higher mz_3032; similar chromatogram in higher mz_3021; similar chromatogram in higher mz_2409; similar chromatogram in higher mz_3207; similar chromatogram in higher mz_3310; similar chromatogram in higher mz_4027; similar chromatogram in higher mz_4560; similar chromatogram in higher mz_3476; similar chromatogram in higher mz_1206; similar chromatogram in higher mz_2397; similar chromatogram in higher mz_3359; similar chromatogram in higher mz_3936; similar chromatogram in higher mz_3813; similar chromatogram in higher mz_4220; similar chromatogram in higher mz_4355; similar chromatogram in higher mz_3195; similar chromatogram in higher mz_809; similar chromatogram in higher mz_2030; similar chromatogram in higher mz_4108; similar chromatogram in higher mz_3182; similar chromatogram in higher mz_1457; similar chromatogram in higher mz_3676; similar chromatogram in higher mz_1864; similar chromatogram in higher mz_4610",0.857,TRUE,"null","null","null","null",999,FALSE,FALSE,FALSE,"null","null","null","null","null",98.65,27792.6666666667,144.809393027188,24,"Exudate vs Leaf","Exudate","Exudate enriched - FDR supported"
"F3166_mz304.8961_rt0.41",4.35252157713877,18.6454509228702,22.4217097637909,3.63221731449612e-06,0.00012071750954073,5.21388981023985,3166,0.413,304.89606,"Unknown","[M+H]+",NA,0.857,FALSE,"null","null","null","null",999,FALSE,FALSE,FALSE,"null","null","null","null","null",195.24,88693.3333333333,6.67600711056325,24,"Exudate vs Leaf","Exudate","Exudate enriched - FDR supported"
"F184_mz86.0966_rt1.14",3.54235974632408,15.743118788298,22.4030965859638,3.64704367176096e-06,0.00012071750954073,5.21084463452477,184,1.143,86.0966,"Unknown","[M+H]+","ion correlated with 584; ion correlated with 2345; found in higher mz's MsMs_1359; found in higher mz's MsMs_696",0.071,FALSE,"null","null","null","null",999,FALSE,FALSE,FALSE,"null","null","null","null","null",49.49,47254,49.0365675589885,24,"Exudate vs Leaf","Exudate","Exudate enriched - FDR supported"
"F3518_mz335.2221_rt1.99",-6.71837948965995,16.9105671641738,-22.3764591046622,3.66838839332024e-06,0.00012071750954073,5.20647904724464,3518,1.991,335.22205,"Unknown","[M+H]+",NA,0.036,TRUE,"null","null","null","null",999,FALSE,FALSE,FALSE,"null","null","null","null","null",170.15,1443,2130.19944598338,23,"Exudate vs Leaf","Leaf","Leaf enriched - FDR supported"
"F820_mz137.06_rt1.15",-4.64634717070399,18.0057540059751,-22.3630384495145,3.67919921993987e-06,0.00012071750954073,5.20427615050589,820,1.154,137.05997,"Unknown","[M+H]+","ion correlated with 3463; ion correlated with 4722; ion correlated with 4603; ion correlated with 3140; ion correlated with 4639; ion correlated with 4719; ion correlated with 4929; ion correlated with 4590; ion correlated with 4743; ion correlated with 4895; found in higher mz's MsMs_4750; found in higher mz's MsMs_4719; found in higher mz's MsMs_4684; similar chromatogram in higher mz_4761",0.214,TRUE,"null","null","null","null",999,FALSE,FALSE,FALSE,"null","null","null","null","null",162.98,11833.3333333333,283.836098357885,24,"Exudate vs Leaf","Leaf","Leaf enriched - FDR supported"
"F1094_mz156.0422_rt0.42",4.43437732127262,20.9021245056241,21.8233320029203,4.1474598045505e-06,0.000132500426387482,5.11376343857684,1094,0.424,156.04224,"Unknown","[M+H]+","found in higher mz's MsMs_2833",0.5,TRUE,"null","null","null","null",999,FALSE,FALSE,FALSE,"null","null","null","null","null",401.5,46014.3333333333,165.231118612636,24,"Exudate vs Leaf","Exudate","Exudate enriched - FDR supported"
"F1380_mz175.1192_rt0.44",-12.6020166548015,19.8821081908278,-21.5516262820054,4.41017295937604e-06,0.000137280768530321,5.06673680670519,1380,0.44,175.1192,"Unknown","[M+H]+",NA,0.643,TRUE,"null","null","null","null",999,FALSE,FALSE,FALSE,"null","null","null","null","null",9546.61,3220.66666666667,53917.3548887739,21,"Exudate vs Leaf","Leaf","Leaf enriched - FDR supported"
"F717_mz129.9793_rt0.39",4.00010822480502,18.5781714411125,21.3188037464335,4.65131687686945e-06,0.000138373686233534,5.02563544448916,717,0.393,129.97932,"Unknown","[M+H]+","ion correlated with 3434; ion correlated with 3606; ion correlated with 3634; ion correlated with 35; ion correlated with 2414; ion correlated with 1170",0.429,FALSE,"null","null","null","null",999,FALSE,FALSE,FALSE,"null","null","null","null","null",59.66,40799,21.608112745098,24,"Exudate vs Leaf","Exudate","Exudate enriched - FDR supported"
"F2232_mz236.1049_rt0.75",-4.93861321824103,19.1009891883268,-21.0663747953774,4.93088589266687e-06,0.000138373686233534,4.98021265980086,2232,0.748,236.1049,"Unknown","[M+H]+",NA,0.286,TRUE,"null","null","null","null",999,FALSE,FALSE,FALSE,"null","null","null","null","null",482.26,48386,179.56670180007,22,"Exudate vs Leaf","Leaf","Leaf enriched - FDR supported"
"F1170_mz162.0076_rt0.4",3.54039263956062,18.7580369278909,21.0464339159074,4.95381871221117e-06,0.000138373686233534,4.97658565802336,1170,0.401,162.00763,"Unknown","[M+H]+","ion correlated with 717; ion correlated with 3634; ion correlated with 35; ion correlated with 2414",0.286,FALSE,"null","null","null","null",999,FALSE,FALSE,FALSE,"null","null","null","null","null",218.43,9116.66666666667,91.1340620772859,24,"Exudate vs Leaf","Exudate","Exudate enriched - FDR supported"
"F183_mz86.0966_rt1.05",3.56261995993387,15.7434714684916,20.9297128816192,5.09064999722176e-06,0.000138373686233534,4.95524014835327,183,1.055,86.09657,"Unknown","[M+H]+","ion correlated with 2068; ion correlated with 2600; ion correlated with 2806; ion correlated with 584; found in higher mz's MsMs_766; found in higher mz's MsMs_2351; found in higher mz's MsMs_2806",0.143,TRUE,"null","null","null","null",999,FALSE,FALSE,FALSE,"null","null","null","null","null",291.81,44435.6666666667,83.7480684119721,24,"Exudate vs Leaf","Exudate","Exudate enriched - FDR supported"
"F321_mz101.0034_rt0.52",-4.71499321796196,18.202030942485,-20.7084795202997,5.3626625734673e-06,0.000138373686233534,4.91423448848932,321,0.517,101.00338,"Unknown","[M+H]+","found in higher mz's MsMs_835",0.643,TRUE,"null","null","null","null",999,FALSE,FALSE,FALSE,"null","null","null","null","null",419.07,137063.333333333,133.314266050249,24,"Exudate vs Leaf","Leaf","Leaf enriched - FDR supported"
"F1298_mz170.0813_rt0.75",-5.37273866407513,17.8092887792416,-20.4769215139988,5.66627719844978e-06,0.000138373686233534,4.87053284366925,1298,0.75,170.0813,"Unknown","[M+H]+","similar chromatogram in higher mz_2446; similar chromatogram in higher mz_4568",0.536,TRUE,"null","null","null","null",999,FALSE,FALSE,FALSE,"null","null","null","null","null",405.48,14144.6666666667,282.545184626623,24,"Exudate vs Leaf","Leaf","Leaf enriched - FDR supported"
"F1648_mz194.1179_rt1.29",3.60949700342424,17.4956614286557,20.414034305847,5.75226837239529e-06,0.000138373686233534,4.85852364839381,1648,1.295,194.11792,"Unknown","[M+H]+","ion correlated with 2051; ion correlated with 2484; ion correlated with 3213; similar chromatogram in higher mz_3843; similar chromatogram in higher mz_3972; similar chromatogram in higher mz_2051",0.179,TRUE,"null","null","null","null",999,FALSE,FALSE,FALSE,"null","null","null","null","null",100.06,158381.333333333,12.913896120569,24,"Exudate vs Leaf","Exudate","Exudate enriched - FDR supported"
"F278_mz98.0966_rt0.92",-4.76060826892705,18.7231552823069,-20.3614448609286,5.82538324543316e-06,0.000138373686233534,4.84843431063764,278,0.92,98.09656,"Unknown","[M+H]+","ion correlated with 3191; similar chromatogram in higher mz_1509; similar chromatogram in higher mz_2343; similar chromatogram in higher mz_3430; similar chromatogram in higher mz_3616; found in higher mz's MsMs_1730; found in higher mz's MsMs_1929",0.214,TRUE,"null","null","null","null",999,FALSE,FALSE,FALSE,"null","null","null","null","null",207.05,19514,264.618242377658,14,"Exudate vs Leaf","Leaf","Leaf enriched - FDR supported"
"F1231_mz166.0864_rt0.95",-3.03112861387171,21.804924883339,-20.3418638488683,5.85289125141309e-06,0.000138373686233534,4.84466676976082,1231,0.952,166.08643,"Unknown","[M+H]+","ion correlated with 762; similar chromatogram in higher mz_2114; similar chromatogram in higher mz_4435",0.964,TRUE,"null","null","null","null",999,FALSE,FALSE,FALSE,"null","null","null","null","null",21733.08,296004.666666667,1864.25577325659,24,"Exudate vs Leaf","Leaf","Leaf enriched - FDR supported"
"F1433_mz179.9816_rt0.44",4.67260114269425,18.3586323145061,20.2614503329069,5.96750606068912e-06,0.000138373686233534,4.82913221082486,1433,0.444,179.9816,"Unknown","[M+H]+","ion correlated with 770; ion correlated with 1671; ion correlated with 1411",0.321,FALSE,"null","null","null","null",999,FALSE,FALSE,FALSE,"null","null","null","null","null",105.61,10518.3333333333,58.3358260979783,16,"Exudate vs Leaf","Exudate","Exudate enriched - FDR supported"
"F1315_mz171.9921_rt0.4",3.64000324310231,19.3777708159975,20.2604701524374,5.96891966147059e-06,0.000138373686233534,4.82894223529907,1315,0.397,171.99205,"Unknown","[M+H]+","ion correlated with 590",0.786,FALSE,"null","null","null","null",999,FALSE,FALSE,FALSE,"null","null","null","null","null",125.67,86997,14.5982091542334,24,"Exudate vs Leaf","Exudate","Exudate enriched - FDR supported"
"F590_mz120.9811_rt0.4",4.03879544894629,19.534032618177,20.2239209217384,6.02191842075399e-06,0.000138373686233534,4.82184765929542,590,0.398,120.98114,"Unknown","[M+H]+","ion correlated with 1315",0.786,FALSE,"null","null","null","null",999,FALSE,FALSE,FALSE,"null","null","null","null","null",163.57,25383.3333333333,61.9635339382559,24,"Exudate vs Leaf","Exudate","Exudate enriched - FDR supported"
"F2375_mz247.1658_rt1.07",3.44932124226535,16.6348392947112,20.0876725110012,6.22452976628609e-06,0.000138373686233534,4.795215408311,2375,1.074,247.1658,"Unknown","[M+H]+",NA,0.036,TRUE,"null","null","null","null",999,FALSE,FALSE,FALSE,"null","null","null","null","null",606.91,83009.6666666667,143.412039416621,24,"Exudate vs Leaf","Exudate","Exudate enriched - FDR supported"
"F1936_mz214.9177_rt0.39",5.42460672307078,20.7830513548092,19.9792893504989,6.39156630607397e-06,0.000138373686233534,4.77381952284658,1936,0.393,214.91771,"Unknown","[M+H]+",NA,0.857,FALSE,"null","null","null","null",999,FALSE,FALSE,FALSE,"null","null","null","null","null",626.87,2391,2905.63670568562,24,"Exudate vs Leaf","Exudate","Exudate enriched - FDR supported"
"F583_mz120.0809_rt0.95",-2.86834721968587,20.6720419923418,-19.8649148690815,6.57370530012646e-06,0.000138373686233534,4.75103621362864,583,0.954,120.08092,"Unknown","[M+H]+","found in higher mz's MsMs_1231; found in higher mz's MsMs_4074; found in higher mz's MsMs_3428; found in higher mz's MsMs_3223; found in higher mz's MsMs_3381; found in higher mz's MsMs_4588; similar chromatogram in higher mz_4002",0.679,TRUE,"null","null","null","null",999,FALSE,FALSE,FALSE,"null","null","null","null","null",11317.66,127630,2099.5415925598,24,"Exudate vs Leaf","Leaf","Leaf enriched - FDR supported"
"F1776_mz202.9976_rt0.45",5.39455317604797,17.4119226161905,19.8374830901071,6.6183118787203e-06,0.000138373686233534,4.7455403048508,1776,0.449,202.99757,"Unknown","[M+H]+","ion correlated with 3810; ion correlated with 946; ion correlated with 904",0.214,FALSE,"null","null","null","null",999,FALSE,FALSE,FALSE,"null","null","null","null","null",287.99,7918,88.0719787852001,10,"Exudate vs Leaf","Exudate","Exudate enriched - FDR supported"
"F233_mz92.5225_rt0.39",3.60405806287948,19.0719922959981,19.8039893942758,6.673269187673e-06,0.000138373686233534,4.73881326754878,233,0.394,92.52245,"Unknown","[M+H]2+","ion correlated with 273; ion correlated with 452; adduct linked to 1516_[M+H]+",0.679,FALSE,"null","null","null","null",999,FALSE,FALSE,FALSE,"null","null","null","null","null",189.17,2488.66666666667,634.356808140313,24,"Exudate vs Leaf","Exudate","Exudate enriched - FDR supported"
"F343_mz102.9705_rt0.4",4.29523728069894,22.1717004866781,19.7703970326285,6.72893935761935e-06,0.000138373686233534,4.73204798391971,343,0.396,102.97046,"Unknown","[M+H]+","ion correlated with 5; ion correlated with 1974; found in higher mz's MsMs_1246; found in higher mz's MsMs_2507",0.857,TRUE,"null","null","null","null",999,FALSE,FALSE,FALSE,"null","null","null","null","null",421.21,122203.666666667,91.7602273781143,24,"Exudate vs Leaf","Exudate","Exudate enriched - FDR supported"
"F2028_mz220.1184_rt0.96",-5.47685523855602,18.0748363820122,-19.7551801283633,6.75434053935337e-06,0.000138373686233534,4.72897730692503,2028,0.96,220.11839,"Unknown","[M+H]+","similar chromatogram in higher mz_3191; similar chromatogram in higher mz_4845; similar chromatogram in higher mz_4839; similar chromatogram in higher mz_3066; similar chromatogram in higher mz_3376",0.643,TRUE,"null","null","null","null",999,FALSE,FALSE,FALSE,"null","null","null","null","null",1282.7,10889,1289.89761248852,24,"Exudate vs Leaf","Leaf","Leaf enriched - FDR supported"
"F277_mz98.0965_rt0.66",-4.3657824904682,19.4171077473042,-19.7103659976937,6.8298188150827e-06,0.000138373686233534,4.71991195870396,277,0.658,98.09654,"Unknown","[M+H]+","ion correlated with 1941; found in higher mz's MsMs_1613",0.107,TRUE,"null","null","null","null",999,FALSE,FALSE,FALSE,"null","null","null","null","null",550.15,44893,159.573862876999,10,"Exudate vs Leaf","Leaf","Leaf enriched - FDR supported"
"F1399_mz177.0075_rt0.4",3.74084593031901,18.7892306045648,19.5596440577123,7.09120813487476e-06,0.000138373686233534,4.68917850997271,1399,0.396,177.00754,"Unknown","[M+H]+","ion correlated with 717; ion correlated with 35",0.286,FALSE,"null","null","null","null",999,FALSE,FALSE,FALSE,"null","null","null","null","null",160.49,54517.6666666667,11.5223837706963,24,"Exudate vs Leaf","Exudate","Exudate enriched - FDR supported"
"F2895_mz286.3109_rt3.9",-6.39859126924379,16.3636077754786,-19.520523427765,7.16100448208626e-06,0.000138373686233534,4.68113943891427,2895,3.9,286.31091,"Unknown","[M+H]+",NA,0.5,TRUE,"null","null","null","null",999,FALSE,FALSE,FALSE,"null","null","null","null","null",161.83,2352,910.954951126222,24,"Exudate vs Leaf","Leaf","Leaf enriched - FDR supported"
"F1125_mz158.154_rt0.92",-7.98473284370681,18.5303832388392,-19.4589774292895,7.27248690513578e-06,0.000138373686233534,4.66843986277293,1125,0.925,158.15401,"Unknown","[M+H]+","similar chromatogram in higher mz_4088; similar chromatogram in higher mz_1929; similar chromatogram in higher mz_2069; similar chromatogram in higher mz_2343; similar chromatogram in higher mz_2282; similar chromatogram in higher mz_4123; similar chromatogram in higher mz_3234; similar chromatogram in higher mz_2741; similar chromatogram in higher mz_4503",0.071,TRUE,"null","null","null","null",999,FALSE,FALSE,FALSE,"null","null","null","null","null",316.08,8926.33333333333,1775.67213053543,12,"Exudate vs Leaf","Leaf","Leaf enriched - FDR supported"
"F770_mz132.9028_rt0.39",5.95024081360561,17.6948701697066,19.4372871714866,7.31227144290795e-06,0.000138373686233534,4.66394895256739,770,0.394,132.90283,"Unknown","[M+H]+","ion correlated with 3606; ion correlated with 4464; ion correlated with 3634; ion correlated with 2414",0.143,FALSE,"null","null","null","null",999,FALSE,FALSE,FALSE,"null","null","null","null","null",207.28,0,927825,23,"Exudate vs Leaf","Exudate","Exudate enriched - FDR supported"
"F1430_mz179.1183_rt1.24",4.30481343409146,13.3992105437236,19.4006030284978,7.3801539929543e-06,0.000138373686233534,4.65633539806989,1430,1.243,179.11829,"Unknown","[M+H]+","ion correlated with 1609",0.107,TRUE,"null","null","null","null",999,FALSE,FALSE,FALSE,"null","null","null","null","null",33.05,13946.6666666667,16.7861052027818,24,"Exudate vs Leaf","Exudate","Exudate enriched - FDR supported"
"F2479_mz255.9445_rt0.39",4.24385290401775,19.7957718451684,19.2404393780797,7.68553551669854e-06,0.000138373686233534,4.6228244703035,2479,0.394,255.9445,"Unknown","[M+H]+","ion correlated with 273",0.679,FALSE,"null","null","null","null",999,FALSE,FALSE,FALSE,"null","null","null","null","null",405.9,15550.6666666667,236.485907191083,24,"Exudate vs Leaf","Exudate","Exudate enriched - FDR supported"
"F174_mz84.9599_rt0.39",4.39913190502621,23.3600469676207,19.2377957306581,7.69070197619202e-06,0.000138373686233534,4.62226763009327,174,0.393,84.95986,"Unknown","[M+H]+","ion correlated with 142; ion correlated with 49; ion correlated with 195; found in higher mz's MsMs_663; found in higher mz's MsMs_1974; found in higher mz's MsMs_1246; found in higher mz's MsMs_921; found in higher mz's MsMs_343; found in higher mz's MsMs_2006; found in higher mz's MsMs_2507",0.857,TRUE,"null","null","null","null",999,FALSE,FALSE,FALSE,"null","null","null","null","null",181.52,155291.333333333,155.602498084258,24,"Exudate vs Leaf","Exudate","Exudate enriched - FDR supported"
"F2455_mz254.1604_rt1.07",3.35983318144517,15.3362301098024,19.2082909469703,7.74864667274461e-06,0.000138373686233534,4.61604470485076,2455,1.075,254.1604,"Unknown","[M+H]+","ion correlated with 2828; ion correlated with 1222",0.357,FALSE,"null","null","null","null",999,FALSE,FALSE,FALSE,"null","null","null","null","null",108.91,29854.3333333333,24.8652055467476,24,"Exudate vs Leaf","Exudate","Exudate enriched - FDR supported"
"F1586_mz190.9121_rt0.42",3.22975009628939,18.6958298098254,19.1805280238146,7.80364949252826e-06,0.000138373686233534,4.61017532734795,1586,0.418,190.91214,"Unknown","[M+H]+",NA,0.857,FALSE,"null","null","null","null",999,FALSE,FALSE,FALSE,"null","null","null","null","null",92.21,0,1171261,24,"Exudate vs Leaf","Exudate","Exudate enriched - FDR supported"
"F452_mz111.5494_rt0.4",4.04341487211843,19.0471269684743,19.1499703136581,7.86473175462423e-06,0.000138373686233534,4.60369954978452,452,0.396,111.54935,"Unknown","[M+H]+","ion correlated with 233",0.857,FALSE,"null","null","null","null",999,FALSE,FALSE,FALSE,"null","null","null","null","null",30.76,14329.3333333333,98.3028075643739,24,"Exudate vs Leaf","Exudate","Exudate enriched - FDR supported"
"F663_mz125.9864_rt0.39",4.03527108963785,24.5058408068471,18.8610783801729,8.47149438776313e-06,0.000140607279002818,4.54166243744005,663,0.394,125.98639,"Unknown","[M+H]+","ion correlated with 222",0.857,TRUE,"null","null","null","null",999,FALSE,FALSE,FALSE,"null","null","null","null","null",936.84,345436.333333333,160.462959996603,24,"Exudate vs Leaf","Exudate","Exudate enriched - FDR supported"
"F1050_mz152.0569_rt0.64",2.89642035262363,18.5641669612099,18.8507259149531,8.49426071421126e-06,0.000140607279002818,4.5394116466873,1050,0.645,152.05687,"Unknown","[M+H]+","ion correlated with 2321; ion correlated with 1679; ion correlated with 458; ion correlated with 2363",0.25,TRUE,"null","null","null","null",999,FALSE,FALSE,FALSE,"null","null","null","null","null",206.09,277926,17.7908083777395,24,"Exudate vs Leaf","Exudate","Exudate enriched - FDR supported"
"F552_mz118.0864_rt0.47",5.17401966291483,22.1314537162462,18.8441927482317,8.50866572166743e-06,0.000140607279002818,4.53799023567836,552,0.465,118.08639,"Unknown","[M+H]+","ion correlated with 547; found in higher mz's MsMs_2227",0.464,TRUE,"null","null","null","null",999,FALSE,FALSE,FALSE,"null","null","null","null","null",1668.43,5914958,88.1741254673109,24,"Exudate vs Leaf","Exudate","Exudate enriched - FDR supported"
"F2581_mz263.1646_rt1.88",-4.5590631311139,15.2047233747642,-18.82213599117,8.55751575034683e-06,0.000140607279002818,4.5331856766279,2581,1.884,263.16461,"Unknown","[M+H]+","ion correlated with 3693; ion correlated with 2401; ion correlated with 3494; ion correlated with 3909; ion correlated with 3995; ion correlated with 3283",0.107,TRUE,"null","null","null","null",999,FALSE,FALSE,FALSE,"null","null","null","null","null",55.36,1241.33333333333,374.642607995707,18,"Exudate vs Leaf","Leaf","Leaf enriched - FDR supported"
"F526_mz116.9772_rt0.51",-4.19192614348816,19.0143532977791,-18.7716109208987,8.67068979862546e-06,0.000140607279002818,4.52214668137784,526,0.511,116.97725,"Unknown","[M+H]+",NA,0.643,TRUE,"null","null","null","null",999,FALSE,FALSE,FALSE,"null","null","null","null","null",687.47,196725,26.6035653650255,24,"Exudate vs Leaf","Leaf","Leaf enriched - FDR supported"
"F636_mz124.0396_rt1.02",3.26918191447342,17.1172853117123,18.7492323905326,8.72139013771292e-06,0.000140607279002818,4.51724244741754,636,1.025,124.03963,"Unknown","[M+H]+",NA,0.179,TRUE,"null","null","null","null",999,FALSE,FALSE,FALSE,"null","null","null","null","null",45.45,105861,16.4496136479568,24,"Exudate vs Leaf","Exudate","Exudate enriched - FDR supported"
"F1902_mz212.1132_rt0.59",-4.39402862792732,16.2597423474581,-18.7046260162415,8.8235146013603e-06,0.000140607279002818,4.50743969270093,1902,0.589,212.11325,"Unknown","[M+H]+","ion correlated with 1506; ion correlated with 4170; ion correlated with 2201",0.071,FALSE,"null","null","null","null",999,FALSE,FALSE,FALSE,"null","null","null","null","null",75.93,3507.33333333333,230.86432304038,19,"Exudate vs Leaf","Leaf","Leaf enriched - FDR supported"
"F2844_mz282.9052_rt0.41",3.90027025555972,17.6031972805483,18.6637956355783,8.91825410479162e-06,0.000140607279002818,4.4984347492813,2844,0.407,282.90521,"Unknown","[M+H]+",NA,0.321,FALSE,"null","null","null","null",999,FALSE,FALSE,FALSE,"null","null","null","null","null",83.36,11107,23.5400612171408,24,"Exudate vs Leaf","Exudate","Exudate enriched - FDR supported"
"F851_mz139.0391_rt0.48",-2.7400908934577,18.838736852937,-18.5406808194598,9.21139871144095e-06,0.000141613915795477,4.47109580445256,851,0.481,139.03908,"Unknown","[M+2H]2+","ion correlated with 2200; ion correlated with 2220; ion correlated with 2266; ion correlated with 1942; ion correlated with 251; ion correlated with 1323; ion correlated with 3203; ion correlated with 2488",0.143,FALSE,"null","null","null","null",999,FALSE,FALSE,FALSE,"null","null","null","null","null",105.87,88508,29.927928233287,13,"Exudate vs Leaf","Leaf","Leaf enriched - FDR supported"
"F613_mz122.0967_rt0.91",4.47136009031657,18.1464023034455,18.4973766291729,9.31724786972509e-06,0.000141613915795477,4.46141254563108,613,0.913,122.0967,"Unknown","[M+H]+",NA,0.286,TRUE,"null","null","null","null",999,FALSE,FALSE,FALSE,"null","null","null","null","null",31.82,106699.333333333,6.47562175688298,24,"Exudate vs Leaf","Exudate","Exudate enriched - FDR supported"
"F1842_mz207.986_rt0.44",3.68961314748501,18.2760993179075,18.4764636565685,9.36888805860319e-06,0.000141613915795477,4.45672360242128,1842,0.445,207.98599,"Unknown","[M+H]+",NA,0.429,FALSE,"null","null","null","null",999,FALSE,FALSE,FALSE,"null","null","null","null","null",68.58,3798,71.5306659647276,17,"Exudate vs Leaf","Exudate","Exudate enriched - FDR supported"
"F1324_mz172.1334_rt0.86",-6.2614390709694,17.1371490584862,-18.385046862193,9.59869346471627e-06,0.000141613915795477,4.43613004522682,1324,0.857,172.13336,"Unknown","[M+H]+","ion correlated with 252; ion correlated with 842",0.214,TRUE,"null","null","null","null",999,FALSE,FALSE,FALSE,"null","null","null","null","null",184.87,3550,760.656998028724,16,"Exudate vs Leaf","Leaf","Leaf enriched - FDR supported"
"F842_mz138.128_rt0.88",-3.52151065986841,18.0683105108113,-18.3153107346834,9.77855428602157e-06,0.000141613915795477,4.42031388537779,842,0.884,138.12798,"Unknown","[M+H]+","ion correlated with 252; ion correlated with 1324; ion correlated with 1929; ion correlated with 1904; found in higher mz's MsMs_1100; found in higher mz's MsMs_2233; found in higher mz's MsMs_4514; found in higher mz's MsMs_4069",0.214,TRUE,"null","null","null","null",999,FALSE,FALSE,FALSE,"null","null","null","null","null",220.41,22207,95.6653007925072,14,"Exudate vs Leaf","Leaf","Leaf enriched - FDR supported"
"F273_mz97.9915_rt0.4",3.9712367229345,19.5298614981574,18.3042877216453,9.80735314855995e-06,0.000141613915795477,4.41780536634659,273,0.395,97.99152,"Unknown","[M+H]+","ion correlated with 2479",0.607,FALSE,"null","null","null","null",999,FALSE,FALSE,FALSE,"null","null","null","null","null",72.9,10287.3333333333,272.912911064312,24,"Exudate vs Leaf","Exudate","Exudate enriched - FDR supported"
"F492_mz114.0916_rt1.06",3.64926026929461,19.5001826401461,18.2778740080817,9.87677700505594e-06,0.000141613915795477,4.41178489214768,492,1.059,114.09155,"Unknown","[M+H]+","similar chromatogram in higher mz_1284; similar chromatogram in higher mz_1691; similar chromatogram in higher mz_2410; similar chromatogram in higher mz_4081",0.786,TRUE,"null","null","null","null",999,FALSE,FALSE,FALSE,"null","null","null","null","null",147.16,427677.333333333,16.8831185431418,24,"Exudate vs Leaf","Exudate","Exudate enriched - FDR supported"
"F3252_mz312.9204_rt0.38",2.958112539472,18.2991867219469,18.2633103687502,9.91530711912318e-06,0.000141613915795477,4.4084596737314,3252,0.384,312.92041,"Unknown","[M+H]+",NA,0.75,FALSE,"null","null","null","null",999,FALSE,FALSE,FALSE,"null","null","null","null","null",383.06,0,434104,24,"Exudate vs Leaf","Exudate","Exudate enriched - FDR supported"
"F1046_mz152.0475_rt0.94",3.29085771782163,18.0765710873147,18.123586349246,1.02942821086201e-05,0.000141916133922088,4.37634908038359,1046,0.937,152.0475,"Unknown","[M+H]+",NA,0.036,FALSE,"null","null","null","null",999,FALSE,FALSE,FALSE,"null","null","null","null","null",18.63,314216,13.9210768354354,24,"Exudate vs Leaf","Exudate","Exudate enriched - FDR supported"
"F3198_mz307.1908_rt1.46",-7.21078686158891,17.5947852991134,-18.1058370663414,1.03436578046699e-05,0.000141916133922088,4.37224285883688,3198,1.457,307.19083,"Unknown","[M+H]+","similar chromatogram in higher mz_3556",0.107,TRUE,"null","null","null","null",999,FALSE,FALSE,FALSE,"null","null","null","null","null",1513.46,4158.66666666667,1774.44218286722,24,"Exudate vs Leaf","Leaf","Leaf enriched - FDR supported"
"F547_mz118.0863_rt0.51",3.66662936961874,22.9330262429688,18.0870025405145,1.03963634910617e-05,0.000141916133922088,4.36787882754635,547,0.512,118.08634,"Unknown","[M+H]+","ion correlated with 552; found in higher mz's MsMs_2372",0.143,TRUE,"null","null","null","null",999,FALSE,FALSE,FALSE,"null","null","null","null","null",463.22,5041950,103.441373587328,24,"Exudate vs Leaf","Exudate","Exudate enriched - FDR supported"
"F3341_mz318.3008_rt2.46",-4.81083668400613,18.358380928249,-18.0842596812164,1.04040658311909e-05,0.000141916133922088,4.36724271657624,3341,2.455,318.30075,"Unknown","[M+H]+",NA,0.214,TRUE,"null","null","null","null",999,FALSE,FALSE,FALSE,"null","null","null","null","null",255.06,19211.3333333333,249.064125474955,24,"Exudate vs Leaf","Leaf","Leaf enriched - FDR supported"
"F1654_mz195.0655_rt0.99",-4.24205501028865,17.589520979287,-17.9848789455283,1.06878157645402e-05,0.000142874727523989,4.34409490134808,1654,0.992,195.06549,"Unknown","[M+H]+","ion correlated with 1904; ion correlated with 1114; ion correlated with 3191; ion correlated with 1405; ion correlated with 3171; ion correlated with 2793; ion correlated with 3608; ion correlated with 1217; ion correlated with 4207; ion correlated with 3309; ion correlated with 4658",0.107,TRUE,"null","null","null","null",999,FALSE,FALSE,FALSE,"null","null","null","null","null",104.54,6447,318.280862282878,17,"Exudate vs Leaf","Leaf","Leaf enriched - FDR supported"
"F2976_mz291.196_rt2.54",-4.10430988180643,15.10187100377,-17.9380672781062,1.08246835429622e-05,0.000142874727523989,4.33312377184599,2976,2.536,291.19598,"Unknown","[M+H]+","ion correlated with 3670",0.107,TRUE,"null","null","null","null",999,FALSE,FALSE,FALSE,"null","null","null","null","null",70.22,782,434.39846743295,19,"Exudate vs Leaf","Leaf","Leaf enriched - FDR supported"
"F1004_mz148.0606_rt0.46",-4.81315347163044,21.4647667881035,-17.937142221438,1.08274093346021e-05,0.000142874727523989,4.33290652932152,1004,0.457,148.06058,"Unknown","[M+H]+",NA,0.607,TRUE,"null","null","null","null",999,FALSE,FALSE,FALSE,"null","null","null","null","null",11822.95,6511.33333333333,22656.781440344,24,"Exudate vs Leaf","Leaf","Leaf enriched - FDR supported"
"F4340_mz434.8538_rt0.41",3.3082713008703,17.4664735157419,17.889754170874,1.09681519525523e-05,0.000142997579262983,4.32175494681945,4340,0.411,434.85379,"Unknown","[M+H]+",NA,0.321,FALSE,"null","null","null","null",999,FALSE,FALSE,FALSE,"null","null","null","null","null",2040.93,0,157891,24,"Exudate vs Leaf","Exudate","Exudate enriched - FDR supported"
"F1188_mz163.0756_rt1.02",-4.62254041374766,18.0969011858249,-17.8252534486748,1.11632624019546e-05,0.000142997579262983,4.30650397446837,1188,1.021,163.07556,"Unknown","[M+H]+","ion correlated with 738; found in higher mz's MsMs_4759; found in higher mz's MsMs_3780; similar chromatogram in higher mz_4378",0.214,TRUE,"null","null","null","null",999,FALSE,FALSE,FALSE,"null","null","null","null","null",145.12,15839.6666666667,232.051155254408,24,"Exudate vs Leaf","Leaf","Leaf enriched - FDR supported"
"F309_mz100.0759_rt0.97",3.83635392774075,17.1758811646164,17.8164902325225,1.11900906342532e-05,0.000142997579262983,4.30442547724084,309,0.968,100.07587,"Unknown","[M+H]+","ion correlated with 1120; similar chromatogram in higher mz_2868; similar chromatogram in higher mz_3900; similar chromatogram in higher mz_4467; similar chromatogram in higher mz_4696; similar chromatogram in higher mz_1120; similar chromatogram in higher mz_2994; similar chromatogram in higher mz_2178; similar chromatogram in higher mz_4753; similar chromatogram in higher mz_4607",0.357,TRUE,"null","null","null","null",999,FALSE,FALSE,FALSE,"null","null","null","null","null",444.67,182151,42.7413094558391,24,"Exudate vs Leaf","Exudate","Exudate enriched - FDR supported"
"F764_mz132.1021_rt1.14",3.60606688835414,17.3633056702869,17.5533014421225,1.20330961771125e-05,0.000151062473307071,4.24127153941651,764,1.143,132.10213,"Unknown","[M+H]+","ion correlated with 1233",0.071,TRUE,"null","null","null","null",999,FALSE,FALSE,FALSE,"null","null","null","null","null",74.02,109969.666666667,106.653986517617,24,"Exudate vs Leaf","Exudate","Exudate enriched - FDR supported"
"F49_mz70.0127_rt0.39",4.26034435956907,23.8383614109218,17.5422693596429,1.20700658243705e-05,0.000151062473307071,4.23859315271433,49,0.388,70.01273,"Unknown","[M+2H]2+","ion correlated with 142; similar chromatogram in higher mz_99; similar chromatogram in higher mz_1709; similar chromatogram in higher mz_3252; similar chromatogram in higher mz_844",0.857,TRUE,"null","null","null","null",999,FALSE,FALSE,FALSE,"null","null","null","null","null",1630.29,43609.3333333333,1037.49138201191,24,"Exudate vs Leaf","Exudate","Exudate enriched - FDR supported"
"F1505_mz184.0735_rt0.47",-3.27644904793092,19.209441523772,-17.2888292846093,1.29581195097574e-05,0.000160522011069852,4.17635853166447,1505,0.466,184.07347,"Unknown","[M+H]+","ion correlated with 1828; ion correlated with 2965; ion correlated with 2415; found in higher mz's MsMs_2511",0.607,FALSE,"null","null","null","null",999,FALSE,FALSE,FALSE,"null","null","null","null","null",159.08,0,4247746,22,"Exudate vs Leaf","Leaf","Leaf enriched - FDR supported"
"F1049_mz152.0568_rt0.88",4.41303556942305,18.213439802185,17.1421270966401,1.35079833241649e-05,0.000165581224109847,4.13970834895031,1049,0.879,152.05684,"Unknown","[M+H]+","ion correlated with 2856; ion correlated with 1569; ion correlated with 924; found in higher mz's MsMs_2856; similar chromatogram in higher mz_4744; similar chromatogram in higher mz_4791; similar chromatogram in higher mz_4846; similar chromatogram in higher mz_4883; similar chromatogram in higher mz_4316",0.393,TRUE,"null","null","null","null",999,FALSE,FALSE,FALSE,"null","null","null","null","null",286.07,289834,22.1681370434903,24,"Exudate vs Leaf","Exudate","Exudate enriched - FDR supported"
"F709_mz129.066_rt0.47",-4.16951807274426,17.9160287124991,-17.1081473063127,1.36393100584717e-05,0.000165581224109847,4.13115273224878,709,0.473,129.06604,"Unknown","[M+H]+","similar chromatogram in higher mz_3427; similar chromatogram in higher mz_4004; similar chromatogram in higher mz_4551; similar chromatogram in higher mz_4507",0.536,TRUE,"null","null","null","null",999,FALSE,FALSE,FALSE,"null","null","null","null","null",721.4,4010.33333333333,1821.32881834801,24,"Exudate vs Leaf","Leaf","Leaf enriched - FDR supported"
"F2198_mz232.9286_rt0.4",4.81236957398806,20.3854777570223,17.0671790334833,1.37996880117945e-05,0.000165869517290283,4.12080396075642,2198,0.397,232.92859,"Unknown","[M+H]+","ion correlated with 1709; ion correlated with 1936",0.821,TRUE,"null","null","null","null",999,FALSE,FALSE,FALSE,"null","null","null","null","null",958.51,5584,792.939122649955,24,"Exudate vs Leaf","Exudate","Exudate enriched - FDR supported"
"F2514_mz258.2796_rt2.86",-5.06465042186229,20.3909387118365,-17.0065461068142,1.40412179993879e-05,0.000167118025992715,4.10542014025543,2514,2.859,258.2796,"Unknown","[M+H]+",NA,0.643,TRUE,"null","null","null","null",999,FALSE,FALSE,FALSE,"null","null","null","null","null",1642.29,58234.6666666667,421.680602379985,24,"Exudate vs Leaf","Leaf","Leaf enriched - FDR supported"
"F4022_mz385.245_rt1.03",2.82903126486918,16.3214866128431,16.9512498669832,1.42659215987291e-05,0.000168143969134535,4.09131951565981,4022,1.034,385.245,"Unknown","[M+H]+","ion correlated with 3294; ion correlated with 3477; ion correlated with 4312; ion correlated with 2891; ion correlated with 3913; ion correlated with 3451; ion correlated with 1544; ion correlated with 2698; ion correlated with 61; ion correlated with 3613; ion correlated with 761; ion correlated with 1392; ion correlated with 3479; ion correlated with 3786; ion correlated with 3587; ion correlated with 3129; ion correlated with 3160; ion correlated with 2526; ion correlated with 2633; ion correlated with 3603; ion correlated with 3335; ion correlated with 3569",0.357,FALSE,"null","null","null","null",999,FALSE,FALSE,FALSE,"null","null","null","null","null",138.01,40613.6666666667,14.6196447917009,24,"Exudate vs Leaf","Exudate","Exudate enriched - FDR supported"
"F803_mz136.0082_rt0.4",3.05272960735522,18.4634513481827,16.914112133842,1.44192581670486e-05,0.000168317109757663,4.08181118858283,803,0.4,136.00822,"Unknown","[M+H]+","ion correlated with 3634; ion correlated with 2533",0.286,FALSE,"null","null","null","null",999,FALSE,FALSE,FALSE,"null","null","null","null","null",73.58,751.666666666667,1408.86138175376,24,"Exudate vs Leaf","Exudate","Exudate enriched - FDR supported"
"F947_mz145.0175_rt0.39",4.28877267074827,19.1097834027178,16.8540834080309,1.46713096224905e-05,0.000169628284587652,4.06637691532319,947,0.393,145.0175,"Unknown","[M+H]+","ion correlated with 3434; ion correlated with 734; ion correlated with 590",0.25,FALSE,"null","null","null","null",999,FALSE,FALSE,FALSE,"null","null","null","null","null",8.05,8687,136.635819521179,24,"Exudate vs Leaf","Exudate","Exudate enriched - FDR supported"
"F921_mz143.9971_rt0.4",3.79339877136715,22.6905408302519,16.7930648036949,1.4932951899545e-05,0.000171024562321204,4.05060507849306,921,0.398,143.99707,"Unknown","[M+H]+","ion correlated with 306",0.857,TRUE,"null","null","null","null",999,FALSE,FALSE,FALSE,"null","null","null","null","null",591.37,162936.333333333,78.3333797042626,24,"Exudate vs Leaf","Exudate","Exudate enriched - FDR supported"
"F836_mz138.0551_rt0.48",-6.24911067729491,20.0967113829646,-16.7229399247001,1.52405843754042e-05,0.000172233603279505,4.03237533210744,836,0.477,138.05513,"Unknown","[M+H]2+","adduct linked to 2760_[M+H]+; found in higher mz's MsMs_2833; similar chromatogram in higher mz_2924",0.464,TRUE,"null","null","null","null",999,FALSE,FALSE,FALSE,"null","null","null","null","null",903.67,76787.3333333333,319.302841143403,24,"Exudate vs Leaf","Leaf","Leaf enriched - FDR supported"
"F1468_mz181.1226_rt2.08",-3.32901378977482,15.4924389048155,-16.6849145464103,1.54105755883222e-05,0.000172233603279505,4.02244333304728,1468,2.08,181.12262,"Unknown","[M+H]+","ion correlated with 378; ion correlated with 742; ion correlated with 957; ion correlated with 1018; ion correlated with 1629; ion correlated with 1658; ion correlated with 2022; ion correlated with 2911; ion correlated with 420; ion correlated with 628; ion correlated with 995; ion correlated with 1351; ion correlated with 1570; ion correlated with 1694; ion correlated with 1719; ion correlated with 1894; ion correlated with 2137; ion correlated with 2318; ion correlated with 2447; ion correlated with 4946; ion correlated with 596; ion correlated with 1191; ion correlated with 2158; ion correlated with 2500; ion correlated with 2394; ion correlated with 56; ion correlated with 1140; ion correlated with 1167; ion correlated with 1258; ion correlated with 2582; ion correlated with 3907; ion correlated with 3941; ion correlated with 5039; ion correlated with 2347; ion correlated with 4118; ion correlated with 3777; ion correlated with 3979; ion correlated with 3997",0.107,FALSE,"null","null","null","null",999,FALSE,FALSE,FALSE,"null","null","null","null","null",5.2,9000,38.2616375958227,24,"Exudate vs Leaf","Leaf","Leaf enriched - FDR supported"
"F2381_mz247.1696_rt2.08",-2.80809674796354,20.762222927082,-16.6665760392284,1.54933695492576e-05,0.000172233603279505,4.01764158696498,2381,2.077,247.16963,"Unknown","[M+H]+","ion correlated with 3520; ion correlated with 1751; ion correlated with 2674; ion correlated with 2950; ion correlated with 3323; ion correlated with 3503; ion correlated with 3746; ion correlated with 5004; ion correlated with 5012; ion correlated with 3703; ion correlated with 3079",0.107,TRUE,"null","null","null","null",999,FALSE,FALSE,FALSE,"null","null","null","null","null",119.54,162984,68.9884713317176,24,"Exudate vs Leaf","Leaf","Leaf enriched - FDR supported"
"F222_mz90.526_rt0.4",3.64341324446972,24.7578109252602,16.6418144437678,1.56060101818332e-05,0.000172233603279505,4.0111457610635,222,0.396,90.52601,"Unknown","[M+2H]2+",NA,0.857,TRUE,"null","null","null","null",999,FALSE,FALSE,FALSE,"null","null","null","null","null",810.78,293752,287.8033756251,24,"Exudate vs Leaf","Exudate","Exudate enriched - FDR supported"
"F3053_mz297.243_rt2.38",3.50177153068525,13.9720612672773,16.5900985649048,1.58444494594341e-05,0.000173289744538315,3.99753328634533,3053,2.381,297.24298,"Unknown","[M+H]+","ion correlated with 2808; ion correlated with 3290",0.214,TRUE,"null","null","null","null",999,FALSE,FALSE,FALSE,"null","null","null","null","null",40.27,11354,27.9985909291061,24,"Exudate vs Leaf","Exudate","Exudate enriched - FDR supported"
"F3067_mz298.8794_rt0.41",4.64441491286003,16.7170904837166,16.512095203133,1.62124073090202e-05,0.00017455416336537,3.97688414810219,3067,0.41,298.87936,"Unknown","[M+H]+",NA,0.214,FALSE,"null","null","null","null",999,FALSE,FALSE,FALSE,"null","null","null","null","null",73.52,2072,72.1953690303907,20,"Exudate vs Leaf","Exudate","Exudate enriched - FDR supported"
"F306_mz99.5314_rt0.41",3.49771777695012,23.0265806954734,16.4897321982632,1.63197822062958e-05,0.00017455416336537,3.97093800288764,306,0.406,99.53137,"Unknown","[M+2H]2+","ion correlated with 142; similar chromatogram in higher mz_4287; similar chromatogram in higher mz_2241; similar chromatogram in higher mz_3740; similar chromatogram in higher mz_4157; similar chromatogram in higher mz_4261; similar chromatogram in higher mz_3168; similar chromatogram in higher mz_4596; similar chromatogram in higher mz_4140",0.857,TRUE,"null","null","null","null",999,FALSE,FALSE,FALSE,"null","null","null","null","null",465.42,129915.333333333,153.389389068349,24,"Exudate vs Leaf","Exudate","Exudate enriched - FDR supported"
"F1709_mz198.9403_rt0.38",3.68433356095645,20.9516360272198,16.4749116331402,1.63914123753313e-05,0.00017455416336537,3.96699087488395,1709,0.384,198.94032,"Unknown","[M+H]+","ion correlated with 2198; ion correlated with 2219",0.821,FALSE,"null","null","null","null",999,FALSE,FALSE,FALSE,"null","null","null","null","null",156.47,0,3702283,24,"Exudate vs Leaf","Exudate","Exudate enriched - FDR supported"
"F2256_mz238.1342_rt1.58",2.86890850955381,15.4732531223088,16.4420292541595,1.65516887673763e-05,0.000174728262292129,3.95821495424344,2256,1.579,238.13422,"Unknown","[M+H]+",NA,0.25,TRUE,"null","null","null","null",999,FALSE,FALSE,FALSE,"null","null","null","null","null",23.89,31259.6666666667,10.1641466379476,24,"Exudate vs Leaf","Exudate","Exudate enriched - FDR supported"
"F1076_mz154.1228_rt1.54",-2.79932412125398,19.072284354179,-16.3481486277468,1.70197341337219e-05,0.000178120321020159,3.93301872915438,1076,1.539,154.12279,"Unknown","[M+H]+","ion correlated with 5127",0.036,TRUE,"null","null","null","null",999,FALSE,FALSE,FALSE,"null","null","null","null","null",28.04,51217.3333333333,69.0817675962383,24,"Exudate vs Leaf","Leaf","Leaf enriched - FDR supported"
"F195_mz88.0233_rt0.4",3.67312190674504,23.5874109889099,16.2846755639269,1.73451853146059e-05,0.000179974828819928,3.91586460338034,195,0.402,88.02334,"Unknown","[M+2H]2+","ion correlated with 142; ion correlated with 49; ion correlated with 174; found in higher mz's MsMs_306; found in higher mz's MsMs_615; found in higher mz's MsMs_329; similar chromatogram in higher mz_2864; similar chromatogram in higher mz_2611; similar chromatogram in higher mz_1577; similar chromatogram in higher mz_3067",0.857,TRUE,"null","null","null","null",999,FALSE,FALSE,FALSE,"null","null","null","null","null",820.26,247678.666666667,105.782785291216,24,"Exudate vs Leaf","Exudate","Exudate enriched - FDR supported"
"F1128_mz158.9222_rt0.44",4.51756303581419,18.1239613139153,16.2145090113242,1.77136811410253e-05,0.000182240753433938,3.89678893222461,1128,0.438,158.92224,"Unknown","[M+H]+","similar chromatogram in higher mz_1776",0.321,FALSE,"null","null","null","null",999,FALSE,FALSE,FALSE,"null","null","null","null","null",94.98,0,819959,22,"Exudate vs Leaf","Exudate","Exudate enriched - FDR supported"
"F3052_mz297.2428_rt2.49",3.43996573359552,13.9407803401015,16.1662105269683,1.79727920313544e-05,0.000183352685092977,3.883589198409,3052,2.493,297.24277,"Unknown","[M+H]+",NA,0.179,FALSE,"null","null","null","null",999,FALSE,FALSE,FALSE,"null","null","null","null","null",25.11,10529.6666666667,19.9091858698405,24,"Exudate vs Leaf","Exudate","Exudate enriched - FDR supported"
"F62_mz72.0809_rt0.93",3.30478596352787,16.1784057375592,16.0793904187885,1.84500847718866e-05,0.000186653357608919,3.85971873502431,62,0.926,72.08094,"Unknown","[M+H]+","ion correlated with 1859; ion correlated with 2643; ion correlated with 712; ion correlated with 818; ion correlated with 398; ion correlated with 4011; ion correlated with 3478; ion correlated with 2727; ion correlated with 4054; ion correlated with 3651; ion correlated with 3312; ion correlated with 2963; ion correlated with 3025; ion correlated with 3806; ion correlated with 3628; ion correlated with 3334; ion correlated with 2829; ion correlated with 3778; ion correlated with 3900; ion correlated with 1446; ion correlated with 3785; ion correlated with 916; ion correlated with 3477; ion correlated with 3132",0.036,FALSE,"null","null","null","null",999,FALSE,FALSE,FALSE,"null","null","null","null","null",14.44,53468.6666666667,16.2476045608413,24,"Exudate vs Leaf","Exudate","Exudate enriched - FDR supported"
"F519_mz116.0708_rt0.48",-4.73825668302444,21.8864153167178,-16.0249109228035,1.8757350118752e-05,0.000188193578877396,3.84464554586099,519,0.481,116.07079,"Unknown","[M+H]+","found in higher mz's MsMs_2176",0.643,TRUE,"null","null","null","null",999,FALSE,FALSE,FALSE,"null","null","null","null","null",2474.98,142517.666666667,1617.08894975161,24,"Exudate vs Leaf","Leaf","Leaf enriched - FDR supported"
"F696_mz128.1072_rt1.14",3.3459924104322,15.6351311536048,15.9976476169843,1.89134175618306e-05,0.000188204007541494,3.83707489308402,696,1.141,128.10716,"Unknown","[M+H]+",NA,0.357,TRUE,"null","null","null","null",999,FALSE,FALSE,FALSE,"null","null","null","null","null",59.21,80065.3333333333,10.8490293465002,24,"Exudate vs Leaf","Exudate","Exudate enriched - FDR supported"
"F249_mz95.5232_rt0.39",3.72963646300409,17.820015254455,15.7065380653165,2.06808406083286e-05,0.000204118215435048,3.75507547391217,249,0.393,95.52324,"Unknown","[M+H]+",NA,0.429,FALSE,"null","null","null","null",999,FALSE,FALSE,FALSE,"null","null","null","null","null",91.67,1882.33333333333,268.245663716814,24,"Exudate vs Leaf","Exudate","Exudate enriched - FDR supported"
"F1183_mz163.0282_rt0.4",3.34929411585746,18.6737921259047,15.6557161705567,2.10093575562785e-05,0.000205688387688081,3.74053891704171,1183,0.399,163.02815,"Unknown","[M+H]+","ion correlated with 3634; ion correlated with 35",0.214,FALSE,"null","null","null","null",999,FALSE,FALSE,FALSE,"null","null","null","null","null",48.99,20742.3333333333,28.1733890406556,24,"Exudate vs Leaf","Exudate","Exudate enriched - FDR supported"
"F2009_mz219.0268_rt0.45",-7.91650312334187,19.5147409778016,-15.5977342128834,2.13918293628814e-05,0.000207060264943035,3.72387282935513,2009,0.45,219.02676,"Unknown","[M+H]+",NA,0.643,TRUE,"null","null","null","null",999,FALSE,FALSE,FALSE,"null","null","null","null","null",4144.05,97434.3333333333,408.695692185586,24,"Exudate vs Leaf","Leaf","Leaf enriched - FDR supported"
"F3413_mz326.1815_rt1.03",-3.29317544968538,16.0637837112782,-15.5829618618182,2.14906041044666e-05,0.000207060264943035,3.71961276761704,3413,1.026,326.18146,"Unknown","[M+H]+","similar chromatogram in higher mz_4112",0.429,FALSE,"null","null","null","null",999,FALSE,FALSE,FALSE,"null","null","null","null","null",52.13,4016.33333333333,122.30227348158,24,"Exudate vs Leaf","Leaf","Leaf enriched - FDR supported"
"F1657_mz195.0866_rt0.46",-6.67151586450075,18.0408794398737,-15.5234876577043,2.18938484804275e-05,0.00020811643281863,3.70240389365565,1657,0.456,195.08656,"Unknown","[M+H]+","ion correlated with 2965; ion correlated with 2415; ion correlated with 1621; ion correlated with 1901; ion correlated with 1879; ion correlated with 1977; ion correlated with 1942; ion correlated with 3203; ion correlated with 2771; similar chromatogram in higher mz_3242",0.5,TRUE,"null","null","null","null",999,FALSE,FALSE,FALSE,"null","null","null","null","null",193.85,3881,1658.60664605873,24,"Exudate vs Leaf","Leaf","Leaf enriched - FDR supported"
"F1080_mz154.9419_rt0.44",6.1012553256437,17.6832267948214,15.5163160374838,2.19430835261817e-05,0.00020811643281863,3.70032252264127,1080,0.445,154.94191,"Unknown","[M+H]+","ion correlated with 1326; ion correlated with 1411",0.214,FALSE,"null","null","null","null",999,FALSE,FALSE,FALSE,"null","null","null","null","null",61.98,0,435745,19,"Exudate vs Leaf","Exudate","Exudate enriched - FDR supported"
"F2169_mz230.2482_rt2.01",-4.41980480830772,21.1980309075281,-15.3372819186061,2.32163323486991e-05,0.000217079567700858,3.6479216396455,2169,2.008,230.24815,"Unknown","[M+H]+","similar chromatogram in higher mz_4469",0.964,TRUE,"null","null","null","null",999,FALSE,FALSE,FALSE,"null","null","null","null","null",824.39,128880.666666667,270.242912749421,24,"Exudate vs Leaf","Leaf","Leaf enriched - FDR supported"
"F4385_mz442.8785_rt0.39",4.14933899749145,18.0190481515662,15.3280378885204,2.3284444772142e-05,0.000217079567700858,3.6451928309686,4385,0.391,442.87854,"Unknown","[M+H]+","ion correlated with 4464; ion correlated with 3634; ion correlated with 2414",0.643,FALSE,"null","null","null","null",999,FALSE,FALSE,FALSE,"null","null","null","null","null",4114.22,0,683782,24,"Exudate vs Leaf","Exudate","Exudate enriched - FDR supported"
"F142_mz81.5208_rt0.38",4.31485908163952,23.4669477220485,15.3091225051598,2.34245662016577e-05,0.000217079567700858,3.63960190827633,142,0.383,81.52076,"Unknown","[M+2H]2+","ion correlated with 49; ion correlated with 174; ion correlated with 195",0.857,TRUE,"null","null","null","null",999,FALSE,FALSE,FALSE,"null","null","null","null","null",486.47,41752.3333333333,788.565615519719,24,"Exudate vs Leaf","Exudate","Exudate enriched - FDR supported"
"F1518_mz185.0424_rt0.48",-7.72538455088478,17.3424096326161,-15.1960540539731,2.42835543070169e-05,0.000220095356160156,3.60597987948881,1518,0.483,185.04243,"Unknown","[M+H]+","ion correlated with 1517",0.036,FALSE,"null","null","null","null",999,FALSE,FALSE,FALSE,"null","null","null","null","null",215.57,31586,269.856554911831,22,"Exudate vs Leaf","Leaf","Leaf enriched - FDR supported"
"F2274_mz239.9668_rt0.39",3.28849674029717,21.7308961287113,15.1684989645691,2.44985814944979e-05,0.000220095356160156,3.5977333701321,2274,0.39,239.96683,"Unknown","[M+H]+","ion correlated with 1974; ion correlated with 1246",0.857,FALSE,"null","null","null","null",999,FALSE,FALSE,FALSE,"null","null","null","null","null",7020.12,756,13114.9194187583,24,"Exudate vs Leaf","Exudate","Exudate enriched - FDR supported"
"F545_mz118.0863_rt0.65",2.72123976244308,23.2213876625995,15.1642421132561,2.45320031380364e-05,0.000220095356160156,3.59645755356133,545,0.654,118.08631,"Unknown","[M+H]+",NA,0.357,TRUE,"null","null","null","null",999,FALSE,FALSE,FALSE,"null","null","null","null","null",556.45,5296999.33333333,37.1691637927655,24,"Exudate vs Leaf","Exudate","Exudate enriched - FDR supported"
"F668_mz126.0551_rt0.62",4.37995580085755,16.4802266219517,15.1534181430047,2.46172313634204e-05,0.000220095356160156,3.59321127429436,668,0.623,126.05506,"Unknown","[M+H]+",NA,0.429,TRUE,"null","null","null","null",999,FALSE,FALSE,FALSE,"null","null","null","null","null",135.68,109893.333333333,52.6810693908997,24,"Exudate vs Leaf","Exudate","Exudate enriched - FDR supported"
"F1477_mz182.0814_rt0.84",-3.16796863660996,17.9289517733434,-15.1484484865104,2.46564814149763e-05,0.000220095356160156,3.59171971892332,1477,0.838,182.08145,"Unknown","[M+H]+","ion correlated with 2631",0.571,TRUE,"null","null","null","null",999,FALSE,FALSE,FALSE,"null","null","null","null","null",6129.55,8056.33333333333,14505.454368691,24,"Exudate vs Leaf","Leaf","Leaf enriched - FDR supported"
"F3000_mz293.2116_rt1.37",-5.68305254068305,16.1685542645372,-15.0959852747379,2.50754419140137e-05,0.000222201361194253,3.57593234255599,3000,1.368,293.21155,"Unknown","[M+H]+","ion correlated with 4842; ion correlated with 2121; ion correlated with 2648; ion correlated with 2910; ion correlated with 3571; ion correlated with 3726; ion correlated with 3611; ion correlated with 3795; ion correlated with 4977",0.107,TRUE,"null","null","null","null",999,FALSE,FALSE,FALSE,"null","null","null","null","null",63.94,3086,410.701976028507,22,"Exudate vs Leaf","Leaf","Leaf enriched - FDR supported"
"F4526_mz472.8161_rt0.41",2.98471776854628,17.5971317468761,14.9960187832071,2.58976208380877e-05,0.000227823997807525,3.5456391197952,4526,0.413,472.81613,"Unknown","[M+H]+",NA,0.571,FALSE,"null","null","null","null",999,FALSE,FALSE,FALSE,"null","null","null","null","null",1141.45,0,168245,24,"Exudate vs Leaf","Exudate","Exudate enriched - FDR supported"
"F3091_mz300.1922_rt1",2.74736444909602,17.6460406462731,14.8982233544094,2.67333986681714e-05,0.00023280618539576,3.51573321925146,3091,1,300.1922,"Unknown","[M+H]+","ion correlated with 3778; ion correlated with 3132; ion correlated with 2891; ion correlated with 1544; ion correlated with 3432; ion correlated with 1392; similar chromatogram in higher mz_3451",0.821,TRUE,"null","null","null","null",999,FALSE,FALSE,FALSE,"null","null","null","null","null",64.2,85198.6666666667,8.98604454634017,24,"Exudate vs Leaf","Exudate","Exudate enriched - FDR supported"
"F521_mz116.1072_rt0.9",-2.80150413447482,17.9633011825913,-14.8851566786194,2.68475007869905e-05,0.00023280618539576,3.5117169800087,521,0.901,116.10715,"Unknown","[M+H]+","ion correlated with 4069; ion correlated with 4514; ion correlated with 1730; ion correlated with 4880; ion correlated with 278; ion correlated with 1929; ion correlated with 1904; ion correlated with 1114",0.107,TRUE,"null","null","null","null",999,FALSE,FALSE,FALSE,"null","null","null","null","null",113.32,40129.6666666667,38.2226393780318,13,"Exudate vs Leaf","Leaf","Leaf enriched - FDR supported"
"F681_mz127.0392_rt0.97",2.16359282647037,18.650878125023,14.8277712429601,2.7355569743747e-05,0.000235529515382332,3.49402125739577,681,0.966,127.0392,"Unknown","[M+H]+",NA,0.107,TRUE,"null","null","null","null",999,FALSE,FALSE,FALSE,"null","null","null","null","null",158.07,303423.333333333,10.5105677088082,24,"Exudate vs Leaf","Exudate","Exudate enriched - FDR supported"
"F262_mz97.0288_rt0.4",3.46127994881807,18.8353262819039,14.7660255784458,2.79151674394444e-05,0.000237853794380716,3.47487589928073,262,0.404,97.02875,"Unknown","[M+H]+","ion correlated with 35; similar chromatogram in higher mz_2670",0.179,FALSE,"null","null","null","null",999,FALSE,FALSE,FALSE,"null","null","null","null","null",69.04,118697,7.01592276196735,24,"Exudate vs Leaf","Exudate","Exudate enriched - FDR supported"
"F4783_mz568.5781_rt9.12",3.10614143816277,17.3204180641957,14.7549083096247,2.80173744616494e-05,0.000237853794380716,3.47141715466851,4783,9.123,568.57812,"Unknown","[M+H]+",NA,0.071,TRUE,"null","null","null","null",999,FALSE,FALSE,FALSE,"null","null","null","null","null",7277.98,86509,6.87050052017108,23,"Exudate vs Leaf","Exudate","Exudate enriched - FDR supported"
"F1768_mz202.144_rt1.22",2.96027752366366,14.8991400427075,14.6991221855637,2.85370683291014e-05,0.000240583339941174,3.45400738480932,1768,1.222,202.14404,"Unknown","[M+H]+","ion correlated with 2194; ion correlated with 2707; ion correlated with 2166; ion correlated with 2946; ion correlated with 3235; ion correlated with 2392; ion correlated with 2358; ion correlated with 2603; ion correlated with 2002; ion correlated with 488",0.036,TRUE,"null","null","null","null",999,FALSE,FALSE,FALSE,"null","null","null","null","null",279.25,20623,54.5558087664856,24,"Exudate vs Leaf","Exudate","Exudate enriched - FDR supported"
"F1837_mz207.1383_rt1.06",-6.53163806793499,17.0983077683552,-14.5963233226743,2.95253120288975e-05,0.000247198129676424,3.42168879245284,1837,1.061,207.13832,"Unknown","[M+H]+","ion correlated with 4658; ion correlated with 4649; ion correlated with 819; ion correlated with 3463; ion correlated with 4722; ion correlated with 4603; ion correlated with 3971; similar chromatogram in higher mz_3349",0.107,TRUE,"null","null","null","null",999,FALSE,FALSE,FALSE,"null","null","null","null","null",362.2,3784,1076.80184940555,22,"Exudate vs Leaf","Leaf","Leaf enriched - FDR supported"
"F3099_mz301.1051_rt0.41",3.03007623151402,17.2496238486954,14.4664756522655,3.08328501041592e-05,0.000256377260455132,3.38042185520315,3099,0.408,301.10507,"Unknown","[M+H]+",NA,0.071,FALSE,"null","null","null","null",999,FALSE,FALSE,FALSE,"null","null","null","null","null",21.56,0,113847,24,"Exudate vs Leaf","Exudate","Exudate enriched - FDR supported"
"F35_mz67.5101_rt0.4",3.6992638531687,18.6125618548005,14.3019641241911,3.25905090584893e-05,0.000269148829911606,3.32741383267453,35,0.399,67.51008,"Unknown","[M+H]+","ion correlated with 3434; ion correlated with 717; ion correlated with 1399; ion correlated with 3634; ion correlated with 2414; ion correlated with 1170; found in higher mz's MsMs_108; found in higher mz's MsMs_222; found in higher mz's MsMs_49; similar chromatogram in higher mz_195; found in higher mz's MsMs_195; found in higher mz's MsMs_142; found in higher mz's MsMs_306; found in higher mz's MsMs_329; similar chromatogram in higher mz_231; similar chromatogram in higher mz_2507; similar chromatogram in higher mz_422; similar chromatogram in higher mz_803; similar chromatogram in higher mz_3810; similar chromatogram in higher mz_3634; similar chromatogram in higher mz_883; similar chromatogram in higher mz_306; similar chromatogram in higher mz_964; similar chromatogram in higher mz_1278; similar chromatogram in higher mz_2239; similar chromatogram in higher mz_3137; similar chromatogram in higher mz_3660; similar chromatogram in higher mz_3828; similar chromatogram in higher mz_4239; found in higher mz's MsMs_615; similar chromatogram in higher mz_2533; similar chromatogram in higher mz_997; similar chromatogram in higher mz_4213",0.714,FALSE,"null","null","null","null",999,FALSE,FALSE,FALSE,"null","null","null","null","null",285.29,8647.33333333333,98.6517248024667,24,"Exudate vs Leaf","Exudate","Exudate enriched - FDR supported"
"F873_mz140.0684_rt0.44",4.33192992072846,17.7491532409103,14.2078243999091,3.3650307745396e-05,0.000273692447685733,3.29671033429918,873,0.443,140.06836,"Unknown","[M+H]+","ion correlated with 2790; found in higher mz's MsMs_2833; similar chromatogram in higher mz_4732; similar chromatogram in higher mz_4563",0.75,TRUE,"null","null","null","null",999,FALSE,FALSE,FALSE,"null","null","null","null","null",63.69,391610,24.8209932815983,24,"Exudate vs Leaf","Exudate","Exudate enriched - FDR supported"
"F329_mz102.034_rt0.39",3.39158671554631,21.9521971111681,14.1858844266592,3.3903203839e-05,0.000273692447685733,3.28951546121393,329,0.394,102.03397,"Unknown","[M+2H]2+",NA,0.679,TRUE,"null","null","null","null",999,FALSE,FALSE,FALSE,"null","null","null","null","null",29.92,190837.666666667,57.4595242753041,24,"Exudate vs Leaf","Exudate","Exudate enriched - FDR supported"
"F4810_mz582.5939_rt9.16",2.75193448134328,18.2473650194234,14.1717370792475,3.40674841844834e-05,0.000273692447685733,3.28486815884687,4810,9.162,582.59387,"Unknown","[M+H]+","ion correlated with 4764",0.107,TRUE,"null","null","null","null",999,FALSE,FALSE,FALSE,"null","null","null","null","null",1057.83,129427.333333333,9.64621090178606,24,"Exudate vs Leaf","Exudate","Exudate enriched - FDR supported"
"F1974_mz216.951_rt0.39",3.14601847297484,22.1360719441672,14.1693079409583,3.40957874075642e-05,0.000273692447685733,3.2840695802295,1974,0.393,216.95103,"Unknown","[M+H]+","ion correlated with 343",0.857,TRUE,"null","null","null","null",999,FALSE,FALSE,FALSE,"null","null","null","null","null",545.53,814.666666666667,13418.6493665713,24,"Exudate vs Leaf","Exudate","Exudate enriched - FDR supported"
"F3375_mz321.2428_rt2.29",-3.97045517319319,14.8446165068567,-14.1389596004053,3.44517778839393e-05,0.000273692447685733,3.27407712289611,3375,2.293,321.24283,"Unknown","[M+H]+","ion correlated with 3154; ion correlated with 3596; ion correlated with 3282",0.107,TRUE,"null","null","null","null",999,FALSE,FALSE,FALSE,"null","null","null","null","null",51.56,6698,37.7069711897298,15,"Exudate vs Leaf","Leaf","Leaf enriched - FDR supported"
"F32_mz66.0191_rt9.68",6.18241670392128,15.4079938725763,14.135438841702,3.44933644941656e-05,0.000273692447685733,3.27291602754683,32,9.681,66.01914,"Unknown","[M+H]+","similar chromatogram in higher mz_2167; found in higher mz's MsMs_1220",0.179,FALSE,"null","null","null","null",999,FALSE,FALSE,FALSE,"null","null","null","null","null",85.79,36939,7.98619382782891,24,"Exudate vs Leaf","Exudate","Exudate enriched - FDR supported"
"F1246_mz167.013_rt0.4",3.53971864758119,21.6068030115065,14.1005309168619,3.49089620308934e-05,0.000275191427957822,3.2613829729645,1246,0.397,167.01297,"Unknown","[M+H]+","ion correlated with 2274",0.821,TRUE,"null","null","null","null",999,FALSE,FALSE,FALSE,"null","null","null","null","null",52.84,67494.6666666667,119.357766177582,24,"Exudate vs Leaf","Exudate","Exudate enriched - FDR supported"
"F783_mz134.0449_rt0.45",-4.3517692434308,18.399157946657,-14.0211819783573,3.58761812590067e-05,0.000280991509989898,3.23502514168506,783,0.452,134.04491,"Unknown","[M+H]+","ion correlated with 387; ion correlated with 776; similar chromatogram in higher mz_2083; similar chromatogram in higher mz_4395; similar chromatogram in higher mz_3492; similar chromatogram in higher mz_3180",0.643,TRUE,"null","null","null","null",999,FALSE,FALSE,FALSE,"null","null","null","null","null",993.67,2507,4014.74043062201,22,"Exudate vs Leaf","Leaf","Leaf enriched - FDR supported"
"F2456_mz254.1615_rt0.9",6.27858750230141,16.0922820529744,13.8789490386142,3.76915359178202e-05,0.000293317465411755,3.18727920865834,2456,0.896,254.16148,"Unknown","[M+H]+","ion correlated with 2105; ion correlated with 1237; ion correlated with 2305",0.607,TRUE,"null","null","null","null",999,FALSE,FALSE,FALSE,"null","null","null","null","null",1039.04,49676.3333333333,160.773364109721,24,"Exudate vs Leaf","Exudate","Exudate enriched - FDR supported"
"F1306_mz171.0655_rt1.1",3.94443213866845,14.5692503733384,13.8503430484237,3.80698163317494e-05,0.000294374248577986,3.17759821982923,1306,1.1,171.06552,"Unknown","[M+H]+","ion correlated with 885",0.107,TRUE,"null","null","null","null",999,FALSE,FALSE,FALSE,"null","null","null","null","null",608.99,26035.6666666667,660.638368966842,24,"Exudate vs Leaf","Exudate","Exudate enriched - FDR supported"
"F180_mz86.0602_rt0.89",4.02856434909116,16.5494909706723,13.7797209348595,3.9023354022462e-05,0.000297630510497164,3.15358447706726,180,0.889,86.06018,"Unknown","[M+H]+","ion correlated with 2163; similar chromatogram in higher mz_3012; similar chromatogram in higher mz_2761; similar chromatogram in higher mz_491; similar chromatogram in higher mz_593; similar chromatogram in higher mz_762; similar chromatogram in higher mz_1358; similar chromatogram in higher mz_2105; similar chromatogram in higher mz_2734; similar chromatogram in higher mz_3015; similar chromatogram in higher mz_4040; similar chromatogram in higher mz_4305; similar chromatogram in higher mz_4894; found in higher mz's MsMs_2163",0.071,TRUE,"null","null","null","null",999,FALSE,FALSE,FALSE,"null","null","null","null","null",866.96,140515.666666667,46.1651785078876,24,"Exudate vs Leaf","Exudate","Exudate enriched - FDR supported"
"F3634_mz346.9093_rt0.4",4.03622140298855,18.39738541063,13.7785162832206,3.90398657311787e-05,0.000297630510497164,3.1531734508443,3634,0.397,346.90933,"Unknown","[M+H]+","ion correlated with 3434; ion correlated with 4385; ion correlated with 3606; ion correlated with 4464; ion correlated with 717; ion correlated with 770; ion correlated with 1183; ion correlated with 35; ion correlated with 803; ion correlated with 2414",0.607,FALSE,"null","null","null","null",999,FALSE,FALSE,FALSE,"null","null","null","null","null",2566.81,0,952431,24,"Exudate vs Leaf","Exudate","Exudate enriched - FDR supported"
"F5040_mz708.5122_rt9",3.1365432477562,18.7571912580401,13.7649475495145,3.92264264246674e-05,0.000297630510497164,3.1485405382153,5040,8.996,708.51221,"Unknown","[M+H]+",NA,0.357,TRUE,"null","null","null","null",999,FALSE,FALSE,FALSE,"null","null","null","null","null",735.77,214670.333333333,6.33617436888018,24,"Exudate vs Leaf","Exudate","Exudate enriched - FDR supported"
"F2414_mz250.9391_rt0.4",4.34428800087026,18.4019839171228,13.7439636757811,3.95170471930936e-05,0.000297674165443422,3.1413639483757,2414,0.401,250.93913,"Unknown","[M+H]+","ion correlated with 3606; ion correlated with 4464; ion correlated with 717; ion correlated with 770; ion correlated with 3634; ion correlated with 35; ion correlated with 1170",0.429,FALSE,"null","null","null","null",999,FALSE,FALSE,FALSE,"null","null","null","null","null",130.93,1010.66666666667,1000.60032948929,24,"Exudate vs Leaf","Exudate","Exudate enriched - FDR supported"
"F5_mz61.0076_rt0.38",4.75714755262939,21.865407496798,13.7292345686174,3.97225822090892e-05,0.000297674165443422,3.13631790486795,5,0.38,61.00764,"Unknown","[M+2H]2+","ion correlated with 343; similar chromatogram in higher mz_16; similar chromatogram in higher mz_33; similar chromatogram in higher mz_49; similar chromatogram in higher mz_69; similar chromatogram in higher mz_87; similar chromatogram in higher mz_99; similar chromatogram in higher mz_142; similar chromatogram in higher mz_186; similar chromatogram in higher mz_427; similar chromatogram in higher mz_455; similar chromatogram in higher mz_540; similar chromatogram in higher mz_630; similar chromatogram in higher mz_1735; similar chromatogram in higher mz_2097; similar chromatogram in higher mz_3252; similar chromatogram in higher mz_3434; found in higher mz's MsMs_329",0.5,TRUE,"null","null","null","null",999,FALSE,FALSE,FALSE,"null","null","null","null","null",425.73,24247.3333333333,556.791380850918,24,"Exudate vs Leaf","Exudate","Exudate enriched - FDR supported"
"F2864_mz284.939_rt0.4",2.22656369902865,18.3475454433932,13.6519280108075,4.08225785527913e-05,0.000303518796304762,3.10971635716833,2864,0.4,284.93896,"Unknown","[M+H]+",NA,0.679,FALSE,"null","null","null","null",999,FALSE,FALSE,FALSE,"null","null","null","null","null",62.87,0,329682,24,"Exudate vs Leaf","Exudate","Exudate enriched - FDR supported"
"F1217_mz165.0549_rt1.04",-5.53801874505509,16.3108207986713,-13.6395181290185,4.10025392042677e-05,0.000303518796304762,3.10542765130736,1217,1.038,165.05492,"Unknown","[M+H]+","ion correlated with 1654; ion correlated with 1405; ion correlated with 3171; ion correlated with 2793; ion correlated with 3937; ion correlated with 3608; ion correlated with 4207; ion correlated with 3309; ion correlated with 4658; ion correlated with 4759; ion correlated with 1837; ion correlated with 4557; ion correlated with 3349; ion correlated with 799; ion correlated with 392; ion correlated with 4649; ion correlated with 819; ion correlated with 3823; ion correlated with 3463; ion correlated with 3491; ion correlated with 4603; found in higher mz's MsMs_3311; found in higher mz's MsMs_4687",0.107,TRUE,"null","null","null","null",999,FALSE,FALSE,FALSE,"null","null","null","null","null",111.62,3622.66666666667,367.867445497194,24,"Exudate vs Leaf","Leaf","Leaf enriched - FDR supported"
"F531_mz117.0551_rt0.46",2.83786399123204,17.3377911609742,13.6166712317968,4.13363423378852e-05,0.000304069795184702,3.0975186555638,531,0.464,117.05507,"Unknown","[M+H]+","similar chromatogram in higher mz_1535",0.179,FALSE,"null","null","null","null",999,FALSE,FALSE,FALSE,"null","null","null","null","null",35.67,176431.666666667,19.0492501388632,24,"Exudate vs Leaf","Exudate","Exudate enriched - FDR supported"
"F1659_mz195.1133_rt1.11",2.69188042534221,18.0951470324197,13.6002745065231,4.15779126858818e-05,0.000304069795184702,3.09183182514989,1659,1.111,195.11328,"Unknown","[M+H]+","ion correlated with 2149; ion correlated with 2775",0.321,TRUE,"null","null","null","null",999,FALSE,FALSE,FALSE,"null","null","null","null","null",85.4,169504.666666667,7.66585581209674,24,"Exudate vs Leaf","Exudate","Exudate enriched - FDR supported"
"F348_mz103.0391_rt0.71",3.770734575875,16.1992603368301,13.5342712444144,4.25675901047413e-05,0.000308868666183963,3.06884911858166,348,0.707,103.03911,"Unknown","[M+H]+","ion correlated with 905; ion correlated with 839; ion correlated with 592; found in higher mz's MsMs_839; found in higher mz's MsMs_592; similar chromatogram in higher mz_784",0.107,TRUE,"null","null","null","null",999,FALSE,FALSE,FALSE,"null","null","null","null","null",212.43,105044.333333333,26.1211699075955,23,"Exudate vs Leaf","Exudate","Exudate enriched - FDR supported"
"F3186_mz306.8904_rt0.41",3.19125129049471,16.4802825292437,13.503899807585,4.30324560851547e-05,0.000308868666183963,3.05822440752975,3186,0.409,306.89038,"Unknown","[M+H]+",NA,0.071,FALSE,"null","null","null","null",999,FALSE,FALSE,FALSE,"null","null","null","null","null",43.18,8469,13.7667060212515,24,"Exudate vs Leaf","Exudate","Exudate enriched - FDR supported"
"F3199_mz307.1909_rt1.61",-7.32485458224179,17.1030479964974,-13.4959769122245,4.31547223427404e-05,0.000308868666183963,3.05544765084218,3199,1.615,307.19086,"Unknown","[M+H]+",NA,0.107,TRUE,"null","null","null","null",999,FALSE,FALSE,FALSE,"null","null","null","null","null",1122.12,0,5728659,24,"Exudate vs Leaf","Leaf","Leaf enriched - FDR supported"
"F708_mz129.0549_rt0.88",2.27703421380956,17.1984150397045,13.464344974765,4.36470316601739e-05,0.000308868666183963,3.04434033292805,708,0.884,129.05492,"Unknown","[M+H]+",NA,0.036,FALSE,"null","null","null","null",999,FALSE,FALSE,FALSE,"null","null","null","null","null",96.96,111987.666666667,5.02766053707816,24,"Exudate vs Leaf","Exudate","Exudate enriched - FDR supported"
"F2180_mz231.1_rt0.42",2.47161192720029,18.785419069313,13.4423909371182,4.39926734541902e-05,0.000308868666183963,3.03661135497016,2180,0.418,231.09995,"Unknown","[M+H]+",NA,0.214,FALSE,"null","null","null","null",999,FALSE,FALSE,FALSE,"null","null","null","null","null",41.15,946.666666666667,460.081603939501,24,"Exudate vs Leaf","Exudate","Exudate enriched - FDR supported"
"F1987_mz217.1051_rt7.9",2.77402571515885,15.3863121382695,13.4419697140876,4.39993371217618e-05,0.000308868666183963,3.03646290180343,1987,7.905,217.10512,"Unknown","[M+H]+","ion correlated with 335",0.036,FALSE,"null","null","null","null",999,FALSE,FALSE,FALSE,"null","null","null","null","null",37.19,35278.6666666667,6.30399947089447,24,"Exudate vs Leaf","Exudate","Exudate enriched - FDR supported"
"F734_mz130.9654_rt0.39",3.95361465119099,19.2523150507289,13.44097633075,4.401505704269e-05,0.000308868666183963,3.03611277614611,734,0.39,130.96538,"Unknown","[M+H]+","ion correlated with 947; ion correlated with 590",0.5,FALSE,"null","null","null","null",999,FALSE,FALSE,FALSE,"null","null","null","null","null",187.06,212996.666666667,6.16273887194382,24,"Exudate vs Leaf","Exudate","Exudate enriched - FDR supported"
"F61_mz72.0809_rt1",2.92958425944503,16.3260372768507,13.3678722343343,4.51905868039611e-05,0.000315295243563269,3.01025404726521,61,1.003,72.08093,"Unknown","[M+H]+","ion correlated with 95; ion correlated with 3480; ion correlated with 3778; ion correlated with 3900; ion correlated with 3785; ion correlated with 916; ion correlated with 3294; ion correlated with 3477; ion correlated with 3132; ion correlated with 4312; ion correlated with 3393; ion correlated with 2891; ion correlated with 3913; ion correlated with 1544; ion correlated with 2698; ion correlated with 3613; ion correlated with 761; ion correlated with 3432; ion correlated with 1392; ion correlated with 4022; ion correlated with 3786; ion correlated with 3587; ion correlated with 3129; ion correlated with 3160; ion correlated with 2526; ion correlated with 2908; ion correlated with 2633; found in higher mz's MsMs_2762",0.036,FALSE,"null","null","null","null",999,FALSE,FALSE,FALSE,"null","null","null","null","null",21.54,62084,10.7920914874768,24,"Exudate vs Leaf","Exudate","Exudate enriched - FDR supported"
"F1462_mz181.1225_rt7.32",-3.37628818418624,15.0635955074105,-13.3250751987883,4.58962211733349e-05,0.000317756045035827,2.99503042205306,1462,7.325,181.12253,"Unknown","[M+H]+","ion correlated with 4851; found in higher mz's MsMs_4854; found in higher mz's MsMs_4851",0.107,TRUE,"null","null","null","null",999,FALSE,FALSE,FALSE,"null","null","null","null","null",3.86,2246.33333333333,118.77588252744,23,"Exudate vs Leaf","Leaf","Leaf enriched - FDR supported"
"F4708_mz536.1658_rt9.32",2.51963174465954,13.6429115972444,13.3148492319498,4.60667742391314e-05,0.000317756045035827,2.99138350240774,4708,9.324,536.16583,"Unknown","[M+H]+",NA,0.071,TRUE,"null","null","null","null",999,FALSE,FALSE,FALSE,"null","null","null","null","null",3174.44,5407.66666666667,37.5356834709725,24,"Exudate vs Leaf","Exudate","Exudate enriched - FDR supported"
"F3854_mz366.865_rt0.41",2.75810494560887,18.2476493420878,13.2913147691924,4.64621837517879e-05,0.000318672830930342,2.9829765519509,3854,0.411,366.86505,"Unknown","[M+H]+",NA,0.357,FALSE,"null","null","null","null",999,FALSE,FALSE,FALSE,"null","null","null","null","null",1820.45,0,269870,24,"Exudate vs Leaf","Exudate","Exudate enriched - FDR supported"
"F1512_mz184.9699_rt0.45",3.75290971739426,17.894588822757,13.2683147534236,4.68525465982838e-05,0.000319544896462453,2.97474190814276,1512,0.447,184.96994,"Unknown","[M+H]+",NA,0.143,FALSE,"null","null","null","null",999,FALSE,FALSE,FALSE,"null","null","null","null","null",16.94,5219.33333333333,45.3654939020497,18,"Exudate vs Leaf","Exudate","Exudate enriched - FDR supported"
"F1002_mz148.0276_rt0.41",1.951042222313,18.9233977501419,13.1463812523699,4.89888583292777e-05,0.000332248458166163,2.930776778086,1002,0.406,148.02765,"Unknown","[M+H]+",NA,0.25,FALSE,"null","null","null","null",999,FALSE,FALSE,FALSE,"null","null","null","null","null",44.23,105466.666666667,5.30465893180532,24,"Exudate vs Leaf","Exudate","Exudate enriched - FDR supported"
"F1299_mz170.0814_rt0.5",-2.47488715927212,17.0307337745595,-13.028007008602,5.11753172747558e-05,0.000345149084286409,2.88759083508594,1299,0.495,170.08141,"Unknown","[M+H]+",NA,0.107,FALSE,"null","null","null","null",999,FALSE,FALSE,FALSE,"null","null","null","null","null",100.34,17276.6666666667,44.6435861323867,22,"Exudate vs Leaf","Leaf","Leaf enriched - FDR supported"
"F1326_mz172.9526_rt0.44",6.31269273402386,17.4527186703837,13.0018583405221,5.16739424935224e-05,0.00034658655352009,2.87798335402023,1326,0.445,172.95256,"Unknown","[M+H]+","ion correlated with 1080; ion correlated with 1411",0.214,FALSE,"null","null","null","null",999,FALSE,FALSE,FALSE,"null","null","null","null","null",38.84,22723.6666666667,21.6982280634846,12,"Exudate vs Leaf","Exudate","Exudate enriched - FDR supported"
"F71_mz74.0601_rt0.45",2.13756344826329,18.2787598703921,12.975554548835,5.2181405222665e-05,0.000347950750611452,2.86829394172205,71,0.451,74.06015,"Unknown","[M+H]+","ion correlated with 1085; ion correlated with 93; ion correlated with 4479; similar chromatogram in higher mz_218; found in higher mz's MsMs_2435; similar chromatogram in higher mz_783; found in higher mz's MsMs_2215; similar chromatogram in higher mz_754; similar chromatogram in higher mz_1778; similar chromatogram in higher mz_1971; similar chromatogram in higher mz_2009; similar chromatogram in higher mz_2042; similar chromatogram in higher mz_2252; similar chromatogram in higher mz_2655; similar chromatogram in higher mz_3021; similar chromatogram in higher mz_3352; similar chromatogram in higher mz_4001; similar chromatogram in higher mz_4617; similar chromatogram in higher mz_3378; similar chromatogram in higher mz_4569; similar chromatogram in higher mz_3949",0.393,FALSE,"null","null","null","null",999,FALSE,FALSE,FALSE,"null","null","null","null","null",29.38,259343.333333333,12.9204789514069,24,"Exudate vs Leaf","Exudate","Exudate enriched - FDR supported"
"F997_mz147.5162_rt0.41",3.00433527659175,16.6679258872176,12.9617268592145,5.24505661959602e-05,0.000347950750611452,2.86319023692602,997,0.405,147.51619,"Unknown","[M+H]+",NA,0.107,FALSE,"null","null","null","null",999,FALSE,FALSE,FALSE,"null","null","null","null","null",914.42,0,321469,24,"Exudate vs Leaf","Exudate","Exudate enriched - FDR supported"
"F564_mz118.984_rt0.4",5.48478911170567,16.519860140411,12.9157659641907,5.33572339112052e-05,0.000350565101709802,2.84617638058101,564,0.397,118.98398,"Unknown","[M+H]+",NA,0.25,FALSE,"null","null","null","null",999,FALSE,FALSE,FALSE,"null","null","null","null","null",125.6,0,194686,24,"Exudate vs Leaf","Exudate","Exudate enriched - FDR supported"
"F2666_mz271.1082_rt1.28",3.07694572446313,14.843342108926,12.9125089300237,5.34221942473751e-05,0.000350565101709802,2.84496776242188,2666,1.276,271.10822,"Unknown","[M+H]+",NA,0.071,FALSE,"null","null","null","null",999,FALSE,FALSE,FALSE,"null","null","null","null","null",62.26,25597,6.53101804828502,24,"Exudate vs Leaf","Exudate","Exudate enriched - FDR supported"
"F1702_mz198.1126_rt0.9",-4.55637263929607,16.5128331568866,-12.8752603054762,5.41718782980045e-05,0.000353511696759268,2.83111792360536,1702,0.899,198.11264,"Unknown","[M+H]+",NA,0.393,FALSE,"null","null","null","null",999,FALSE,FALSE,FALSE,"null","null","null","null","null",235.25,6059.66666666667,215.20190298097,24,"Exudate vs Leaf","Leaf","Leaf enriched - FDR supported"
"F488_mz114.0552_rt1.27",2.35859382384501,15.2985721299433,12.8614212692646,5.44536139159663e-05,0.000353511696759268,2.82595928740986,488,1.271,114.05518,"Unknown","[M+H]+","ion correlated with 1768; ion correlated with 2603; ion correlated with 2002; ion correlated with 4899; ion correlated with 4573; ion correlated with 4641",0.036,TRUE,"null","null","null","null",999,FALSE,FALSE,FALSE,"null","null","null","null","null",41.17,27677.3333333333,21.2939483350394,24,"Exudate vs Leaf","Exudate","Exudate enriched - FDR supported"
"F2144_mz228.2327_rt4.53",2.84365517932692,14.8475159874953,12.832049925873,5.50573901054564e-05,0.000355530168021404,2.81498743669317,2144,4.526,228.23265,"Unknown","[M+H]+",NA,0.286,TRUE,"null","null","null","null",999,FALSE,FALSE,FALSE,"null","null","null","null","null",46.64,20057,33.1226941868581,24,"Exudate vs Leaf","Exudate","Exudate enriched - FDR supported"
"F37_mz68.9822_rt0.39",2.10166436757084,19.4264560967351,12.760373847851,5.65647740677179e-05,0.000362190367354497,2.78807817746964,37,0.389,68.9822,"Unknown","[M+H]+","ion correlated with 202; similar chromatogram in higher mz_691; found in higher mz's MsMs_691; found in higher mz's MsMs_427; found in higher mz's MsMs_1037; found in higher mz's MsMs_964; similar chromatogram in higher mz_131; similar chromatogram in higher mz_186; similar chromatogram in higher mz_222; similar chromatogram in higher mz_238; similar chromatogram in higher mz_266; similar chromatogram in higher mz_343; similar chromatogram in higher mz_538; similar chromatogram in higher mz_1551; similar chromatogram in higher mz_2692; similar chromatogram in higher mz_2822; similar chromatogram in higher mz_3029; similar chromatogram in higher mz_3328; similar chromatogram in higher mz_3457; similar chromatogram in higher mz_3880",0.75,FALSE,"null","null","null","null",999,FALSE,FALSE,FALSE,"null","null","null","null","null",167.67,1823.33333333333,443.138863511785,24,"Exudate vs Leaf","Exudate","Exudate enriched - FDR supported"
"F3467_mz331.2093_rt8.68",2.39144404364285,16.1249337020401,12.7547334687443,5.66854775925489e-05,0.000362190367354497,2.78595249690084,3467,8.675,331.20935,"Unknown","[M+H]+","ion correlated with 1982",0.036,FALSE,"null","null","null","null",999,FALSE,FALSE,FALSE,"null","null","null","null","null",40.95,40218,5.04584897685174,24,"Exudate vs Leaf","Exudate","Exudate enriched - FDR supported"
"F634_mz124.0395_rt0.5",5.02127831074027,17.2839161889018,12.609288896067,5.99071656912691e-05,0.000378845282606842,2.73072567985199,634,0.499,124.03953,"Unknown","[M+H]+","found in higher mz's MsMs_2482; found in higher mz's MsMs_3427",0.143,FALSE,"null","null","null","null",999,FALSE,FALSE,FALSE,"null","null","null","null","null",71.5,187739.333333333,15.5056398820356,24,"Exudate vs Leaf","Exudate","Exudate enriched - FDR supported"
"F725_mz130.05_rt0.46",-4.44952471521937,21.2875956594478,-12.6088933089769,5.9916222619863e-05,0.000378845282606842,2.73057437852983,725,0.456,130.05005,"Unknown","[M+H]+","found in higher mz's MsMs_4587",0.571,TRUE,"null","null","null","null",999,FALSE,FALSE,FALSE,"null","null","null","null","null",3045.47,43102.6666666667,839.251966190038,24,"Exudate vs Leaf","Leaf","Leaf enriched - FDR supported"
"F2219_mz234.9617_rt0.4",2.85360437994377,20.9947031610557,12.5926613027923,6.02892700775542e-05,0.000379228880176947,2.72436092640575,2219,0.398,234.9617,"Unknown","[M+H]+","ion correlated with 1709; ion correlated with 2507",0.857,FALSE,"null","null","null","null",999,FALSE,FALSE,FALSE,"null","null","null","null","null",3495.13,21151.6666666667,206.970972926975,24,"Exudate vs Leaf","Exudate","Exudate enriched - FDR supported"
"F587_mz120.5276_rt0.94",-3.10657928766526,15.132320104178,-12.5481486637481,6.13266224746637e-05,0.000383765565382689,2.707270182882,587,0.942,120.52758,"Unknown","[M+H]+",NA,0.071,FALSE,"null","null","null","null",999,FALSE,FALSE,FALSE,"null","null","null","null","null",59.01,6609,39.7320726172466,24,"Exudate vs Leaf","Leaf","Leaf enriched - FDR supported"
"F56_mz71.0491_rt2.08",-2.85901248656444,15.9819146755637,-12.4796235201607,6.29656559633294e-05,0.000390946074082731,2.68081065802728,56,2.08,71.04913,"Unknown","[M+H]+","ion correlated with 378; ion correlated with 742; ion correlated with 957; ion correlated with 1018; ion correlated with 1629; ion correlated with 1658; ion correlated with 420; ion correlated with 628; ion correlated with 995; ion correlated with 1570; ion correlated with 1694; ion correlated with 1719; ion correlated with 1894; ion correlated with 2318; ion correlated with 2447; ion correlated with 2950; ion correlated with 4946; ion correlated with 596; ion correlated with 1191; ion correlated with 2158; ion correlated with 2394; ion correlated with 1140; ion correlated with 1258; ion correlated with 1468; ion correlated with 2582; ion correlated with 3907; ion correlated with 3941; ion correlated with 5039; ion correlated with 2347; ion correlated with 4118; ion correlated with 3777; ion correlated with 3979; ion correlated with 3997; similar chromatogram in higher mz_1751; similar chromatogram in higher mz_3520; similar chromatogram in higher mz_3703; similar chromatogram in higher mz_2674; found in higher mz's MsMs_2674; similar chromatogram in higher mz_3746; similar chromatogram in higher mz_5004; similar chromatogram in higher mz_2381; similar chromatogram in higher mz_2950; similar chromatogram in higher mz_3851; similar chromatogram in higher mz_1018; similar chromatogram in higher mz_2447; similar chromatogram in higher mz_2318; similar chromatogram in higher mz_742; similar chromatogram in higher mz_1629; similar chromatogram in higher mz_2582; similar chromatogram in higher mz_596; similar chromatogram in higher mz_3777; similar chromatogram in higher mz_378; similar chromatogram in higher mz_532; similar chromatogram in higher mz_628; similar chromatogram in higher mz_995; similar chromatogram in higher mz_1140; similar chromatogram in higher mz_1167; similar chromatogram in higher mz_1258; similar chromatogram in higher mz_1351; similar chromatogram in higher mz_1468; similar chromatogram in higher mz_1497; similar chromatogram in higher mz_1570; similar chromatogram in higher mz_1694; similar chromatogram in higher mz_1719; similar chromatogram in higher mz_1838; similar chromatogram in higher mz_1894; similar chromatogram in higher mz_2022; similar chromatogram in higher mz_2158; similar chromatogram in higher mz_2394; similar chromatogram in higher mz_3079; similar chromatogram in higher mz_3509; similar chromatogram in higher mz_3522; similar chromatogram in higher mz_3630; similar chromatogram in higher mz_3824; similar chromatogram in higher mz_4888; similar chromatogram in higher mz_5046; similar chromatogram in higher mz_2137; similar chromatogram in higher mz_1547",0.107,FALSE,"null","null","null","null",999,FALSE,FALSE,FALSE,"null","null","null","null","null",70.93,3865.33333333333,114.616346236745,24,"Exudate vs Leaf","Leaf","Leaf enriched - FDR supported"
"F1614_mz192.9106_rt0.42",3.50457117934564,15.2404118501084,12.4576801406144,6.35015600814534e-05,0.000390946074082731,2.67229923326217,1614,0.417,192.91055,"Unknown","[M+H]+",NA,0.071,FALSE,"null","null","null","null",999,FALSE,FALSE,FALSE,"null","null","null","null","null",32.58,0,150272,22,"Exudate vs Leaf","Exudate","Exudate enriched - FDR supported"
"F2239_mz236.9593_rt0.4",2.79450252636161,18.0939728076478,12.4498294487198,6.36946153257434e-05,0.000390946074082731,2.66924954559672,2239,0.399,236.95926,"Unknown","[M+H]+",NA,0.286,FALSE,"null","null","null","null",999,FALSE,FALSE,FALSE,"null","null","null","null","null",211.99,3643.33333333333,152.361748833806,24,"Exudate vs Leaf","Exudate","Exudate enriched - FDR supported"
"F3733_mz355.1736_rt1.17",-4.36096205095143,15.3504695829625,-12.4470874132736,6.37622097762609e-05,0.000390946074082731,2.66818380567397,3733,1.17,355.17358,"Unknown","[M+H]+","ion correlated with 4167; ion correlated with 4019; ion correlated with 1764; ion correlated with 4640; ion correlated with 4223; ion correlated with 4153; ion correlated with 4192; ion correlated with 3143; ion correlated with 4250; ion correlated with 1598; ion correlated with 1870; ion correlated with 4797; ion correlated with 4792; ion correlated with 2013; ion correlated with 4871",0.107,FALSE,"null","null","null","null",999,FALSE,FALSE,FALSE,"null","null","null","null","null",55.77,0,507571,14,"Exudate vs Leaf","Leaf","Leaf enriched - FDR supported"
"F1730_mz200.1284_rt0.91",-5.04041229848,16.5610196901231,-12.4158161178006,6.45391889780974e-05,0.000392048990585042,2.65600890116541,1730,0.908,200.12842,"Unknown","[M+H]+","ion correlated with 842; ion correlated with 1363; ion correlated with 521; ion correlated with 4880; ion correlated with 278; ion correlated with 1904; ion correlated with 1114; ion correlated with 3191",0.179,TRUE,"null","null","null","null",999,FALSE,FALSE,FALSE,"null","null","null","null","null",128.33,4141,293.272815065186,19,"Exudate vs Leaf","Leaf","Leaf enriched - FDR supported"
"F3137_mz302.9369_rt0.4",2.51064285792127,17.0067878537609,12.4138677774876,6.45879720897927e-05,0.000392048990585042,2.655249084681,3137,0.402,302.93689,"Unknown","[M+H]+",NA,0.143,FALSE,"null","null","null","null",999,FALSE,FALSE,FALSE,"null","null","null","null","null",75.8,0,164236,24,"Exudate vs Leaf","Exudate","Exudate enriched - FDR supported"
"F3494_mz333.2064_rt1.88",-5.69227828293436,16.6652761754682,-12.3532786230659,6.61272812560777e-05,0.000398859663825339,2.63154600343562,3494,1.884,333.20636,"Unknown","[M+H]+","ion correlated with 3909; ion correlated with 3283",0.107,TRUE,"null","null","null","null",999,FALSE,FALSE,FALSE,"null","null","null","null","null",121.48,6899,271.015797101449,24,"Exudate vs Leaf","Leaf","Leaf enriched - FDR supported"
"F2491_mz256.264_rt6.08",2.45606317124399,16.1442194273953,12.3428637983775,6.6396278997582e-05,0.000398859663825339,2.62745704315295,2491,6.08,256.26395,"Unknown","[M+H]+",NA,0.321,TRUE,"null","null","null","null",999,FALSE,FALSE,FALSE,"null","null","null","null","null",69.26,48719,18.9220853858785,24,"Exudate vs Leaf","Exudate","Exudate enriched - FDR supported"
"F1938_mz215.0164_rt0.74",-4.42693339787588,17.4907718528866,-12.3313324407499,6.66956439510246e-05,0.000398859663825339,2.62292471353651,1938,0.736,215.01642,"Unknown","[M+H]+",NA,0.179,TRUE,"null","null","null","null",999,FALSE,FALSE,FALSE,"null","null","null","null","null",27.05,15222.3333333333,138.449901467046,22,"Exudate vs Leaf","Leaf","Leaf enriched - FDR supported"
"F1411_mz177.9579_rt0.44",6.13846184660687,18.1111389149189,12.3168448426509,6.7074048260629e-05,0.000399156346021586,2.61722297979484,1411,0.445,177.9579,"Unknown","[M+H]+","ion correlated with 1433; ion correlated with 1671",0.214,FALSE,"null","null","null","null",999,FALSE,FALSE,FALSE,"null","null","null","null","null",185.42,17745.3333333333,33.2687315689626,20,"Exudate vs Leaf","Exudate","Exudate enriched - FDR supported"
"F427_mz110.0088_rt0.39",2.08578094990563,25.6709726208494,12.2671264015629,6.83923369459335e-05,0.00040501608318226,2.59759230828362,427,0.389,110.00883,"Unknown","[M+H]+","ion correlated with 691",0.857,TRUE,"null","null","null","null",999,FALSE,FALSE,FALSE,"null","null","null","null","null",764.28,116999.333333333,486.6793399449,24,"Exudate vs Leaf","Exudate","Exudate enriched - FDR supported"
"F369_mz104.5285_rt0.4",3.1366857154247,17.513404280858,12.2531172859307,6.87693733781685e-05,0.000405271938257751,2.59204316932133,369,0.4,104.52849,"Unknown","[M+H]+",NA,0.143,FALSE,"null","null","null","null",999,FALSE,FALSE,FALSE,"null","null","null","null","null",87.67,710,434.06188466948,24,"Exudate vs Leaf","Exudate","Exudate enriched - FDR supported"
"F540_mz117.9975_rt0.38",3.75521764248654,16.9094586146916,12.1780807714107,7.08317388504108e-05,0.000415409328330429,2.562186246983,540,0.38,117.99747,"Unknown","[M+H]+",NA,0.143,FALSE,"null","null","null","null",999,FALSE,FALSE,FALSE,"null","null","null","null","null",77.33,0,296601,23,"Exudate vs Leaf","Exudate","Exudate enriched - FDR supported"
"F2287_mz241.0975_rt1.41",2.94322832813084,14.6399859333002,12.1605211683755,7.13249960353685e-05,0.000416291082629506,2.55516646734593,2287,1.408,241.09746,"Unknown","[M+H]+",NA,0.036,FALSE,"null","null","null","null",999,FALSE,FALSE,FALSE,"null","null","null","null","null",31.13,21353,9.78491149199213,24,"Exudate vs Leaf","Exudate","Exudate enriched - FDR supported"
"F7_mz61.011_rt0.52",-2.76815719289616,17.9894993822036,-12.0532931958764,7.44278660212581e-05,0.000432322628467978,2.51202727638671,7,0.524,61.011,"Unknown","[M+H]+","found in higher mz's MsMs_109; found in higher mz's MsMs_2175",0.25,TRUE,"null","null","null","null",999,FALSE,FALSE,FALSE,"null","null","null","null","null",136.84,30825.6666666667,57.43089316609,24,"Exudate vs Leaf","Leaf","Leaf enriched - FDR supported"
"F2335_mz244.9472_rt0.39",2.91767275826498,16.298570485302,11.8505358050812,8.07483744772629e-05,0.000466802507692367,2.42915384805969,2335,0.39,244.94716,"Unknown","[M+H]+",NA,0.036,FALSE,"null","null","null","null",999,FALSE,FALSE,FALSE,"null","null","null","null","null",27.26,4107.33333333333,41.4313995943205,24,"Exudate vs Leaf","Exudate","Exudate enriched - FDR supported"
"F905_mz143.0317_rt0.71",3.09842096305297,17.6521396916592,11.8332455850632,8.13165127778668e-05,0.000467252460338627,2.42200675807791,905,0.707,143.03168,"Unknown","[M+H]+","ion correlated with 348; ion correlated with 839; ion correlated with 592",0.107,FALSE,"null","null","null","null",999,FALSE,FALSE,FALSE,"null","null","null","null","null",176.67,153614.333333333,10.5666339731711,24,"Exudate vs Leaf","Exudate","Exudate enriched - FDR supported"
"F1189_mz163.0756_rt1.16",-3.30433429831936,17.058797098006,-11.8247934162125,8.1595981541836e-05,0.000467252460338627,2.41850834065946,1189,1.16,163.07556,"Unknown","[M+H]+","ion correlated with 3680; ion correlated with 3971; ion correlated with 4724; ion correlated with 3305; ion correlated with 4647; ion correlated with 739; ion correlated with 4590; ion correlated with 4895; ion correlated with 4726; ion correlated with 4062; ion correlated with 4100; ion correlated with 4516; ion correlated with 827",0.071,FALSE,"null","null","null","null",999,FALSE,FALSE,FALSE,"null","null","null","null","null",49.12,8939,118.275279642058,24,"Exudate vs Leaf","Leaf","Leaf enriched - FDR supported"
"F3457_mz330.9316_rt0.4",2.12371459056014,18.2776138966968,11.7903706737875,8.27460940014609e-05,0.000471613887876871,2.40422902977796,3457,0.396,330.93164,"Unknown","[M+H]+","ion correlated with 4122",0.679,FALSE,"null","null","null","null",999,FALSE,FALSE,FALSE,"null","null","null","null","null",362.58,0,366294,24,"Exudate vs Leaf","Exudate","Exudate enriched - FDR supported"
"F3018_mz294.8364_rt0.43",2.49057959328393,17.3884482835328,11.7338509003834,8.46768485262848e-05,0.000479168562025765,2.38067324200626,3018,0.432,294.8364,"Unknown","[M+H]+",NA,0.25,FALSE,"null","null","null","null",999,FALSE,FALSE,FALSE,"null","null","null","null","null",87.13,0,187700,18,"Exudate vs Leaf","Exudate","Exudate enriched - FDR supported"
"F1599_mz191.1434_rt1.38",-2.94053562437058,14.9320545142845,-11.7285411086312,8.48609891561281e-05,0.000479168562025765,2.37845320848627,1599,1.379,191.14336,"Unknown","[M+H]+","ion correlated with 2618; ion correlated with 3162; ion correlated with 3382; ion correlated with 1288; ion correlated with 2747; ion correlated with 3870; ion correlated with 4967; ion correlated with 3872; ion correlated with 3655; ion correlated with 3711; ion correlated with 3249; ion correlated with 4926; ion correlated with 4051; ion correlated with 3925; ion correlated with 4972; similar chromatogram in higher mz_3711; similar chromatogram in higher mz_3655; similar chromatogram in higher mz_4657; similar chromatogram in higher mz_5113",0.036,FALSE,"null","null","null","null",999,FALSE,FALSE,FALSE,"null","null","null","null","null",16.4,955.666666666667,210.49756097561,19,"Exudate vs Leaf","Leaf","Leaf enriched - FDR supported"
"F3735_mz355.2847_rt5.57",2.65142313207957,13.9332824849417,11.7074567641538,8.55969253903349e-05,0.000481086423258642,2.3696257774964,3735,5.566,355.28467,"Unknown","[M+H]+","ion correlated with 4502",0.107,FALSE,"null","null","null","null",999,FALSE,FALSE,FALSE,"null","null","null","null","null",36.25,9364.33333333333,28.5209282460137,24,"Exudate vs Leaf","Exudate","Exudate enriched - FDR supported"
"F1699_mz198.0976_rt0.57",-2.0130015503349,17.4145731090147,-11.68668395659,8.63294646567948e-05,0.000482967604116815,2.36090994187153,1699,0.569,198.09756,"Unknown","[M+H]+","ion correlated with 1440",0.429,TRUE,"null","null","null","null",999,FALSE,FALSE,FALSE,"null","null","null","null","null",445.3,20751.6666666667,186.992884448585,24,"Exudate vs Leaf","Leaf","Leaf enriched - FDR supported"
"F3401_mz324.156_rt0.97",-4.05449618985935,15.2182809131753,-11.6675504704222,8.7010836875096e-05,0.000484033093449578,2.35286534089582,3401,0.973,324.15604,"Unknown","[M+H]+",NA,0.071,FALSE,"null","null","null","null",999,FALSE,FALSE,FALSE,"null","null","null","null","null",30.53,2181.66666666667,224.269700671961,23,"Exudate vs Leaf","Leaf","Leaf enriched - FDR supported"
"F760_mz132.0658_rt0.49",1.62072954549066,18.6418421298618,11.6590020331483,8.73173372862089e-05,0.000484033093449578,2.34926602943675,760,0.486,132.06575,"Unknown","[M+H]+","found in higher mz's MsMs_2223; found in higher mz's MsMs_2992",0.321,FALSE,"null","null","null","null",999,FALSE,FALSE,FALSE,"null","null","null","null","null",19.9,29624,16.6756455696203,24,"Exudate vs Leaf","Exudate","Exudate enriched - FDR supported"
"F192_mz87.5344_rt0.39",1.96643778207462,18.434214041815,11.5970815557858,8.95764419073585e-05,0.000494299093070606,2.32309902334437,192,0.39,87.53439,"Unknown","[M+H]+",NA,0.75,FALSE,"null","null","null","null",999,FALSE,FALSE,FALSE,"null","null","null","null","null",493.12,856,670.150525087515,24,"Exudate vs Leaf","Exudate","Exudate enriched - FDR supported"
"F2936_mz288.9192_rt0.41",3.05988321195635,18.1350823424995,11.5398040801653,9.17286437221297e-05,0.000503884947867265,2.29874382995696,2936,0.409,288.91925,"Unknown","[M+H]+",NA,0.821,FALSE,"null","null","null","null",999,FALSE,FALSE,FALSE,"null","null","null","null","null",79.9,6287,77.2760814249364,24,"Exudate vs Leaf","Exudate","Exudate enriched - FDR supported"
"F1174_mz162.0764_rt0.77",1.99127902976843,16.513541824227,11.5105856543868,9.28503262629592e-05,0.000507749081456002,2.28626370996754,1174,0.772,162.07639,"Unknown","[M+H]+","ion correlated with 1051; ion correlated with 1988",0.071,FALSE,"null","null","null","null",999,FALSE,FALSE,FALSE,"null","null","null","null","null",149.96,38671.6666666667,13.7448757951352,22,"Exudate vs Leaf","Exudate","Exudate enriched - FDR supported"
"F3589_mz342.8614_rt0.42",5.19447198465275,15.9314728460591,11.4740873452021,9.42746088052613e-05,0.000513225897262723,2.27062062103136,3589,0.417,342.86136,"Unknown","[M+H]+","ion correlated with 2547; ion correlated with 4203",0.5,FALSE,"null","null","null","null",999,FALSE,FALSE,FALSE,"null","null","null","null","null",1193.87,0,360648,24,"Exudate vs Leaf","Exudate","Exudate enriched - FDR supported"
"F631_mz124.0394_rt0.67",3.95528086883832,17.4485673359387,11.4614409599828,9.47741960793954e-05,0.000513642294823152,2.2651864944348,631,0.671,124.03944,"Unknown","[M+H]+","ion correlated with 60; ion correlated with 726; ion correlated with 967; ion correlated with 622; ion correlated with 775",0.357,TRUE,"null","null","null","null",999,FALSE,FALSE,FALSE,"null","null","null","null","null",275.94,166114,93.0290702224363,24,"Exudate vs Leaf","Exudate","Exudate enriched - FDR supported"
"F901_mz142.0865_rt0.96",3.3789208067847,15.9839457595623,11.4274697271357,9.61319624017098e-05,0.000518685343803003,2.25055351900381,901,0.965,142.08653,"Unknown","[M+H]+",NA,0.357,FALSE,"null","null","null","null",999,FALSE,FALSE,FALSE,"null","null","null","null","null",27.75,34727.3333333333,9.09119354993521,24,"Exudate vs Leaf","Exudate","Exudate enriched - FDR supported"
"F707_mz129.0548_rt1.29",2.60331641871885,14.9051460589231,11.415367485086,9.66212768881117e-05,0.000519018717443219,2.24532795345605,707,1.295,129.05484,"Unknown","[M+H]+",NA,0.107,FALSE,"null","null","null","null",999,FALSE,FALSE,FALSE,"null","null","null","null","null",50.46,32618.6666666667,10.6960320461072,24,"Exudate vs Leaf","Exudate","Exudate enriched - FDR supported"
"F1402_mz177.0547_rt1.23",-4.19666968663631,14.8719910744191,-11.3758621419174,9.82394045849663e-05,0.000523364030768142,2.22822397901052,1402,1.227,177.05466,"Unknown","[M+H]+","ion correlated with 4341; ion correlated with 4388; ion correlated with 4166; ion correlated with 4952; ion correlated with 4960; ion correlated with 3635; ion correlated with 1381; ion correlated with 1635; ion correlated with 3816; ion correlated with 4062; ion correlated with 4516; ion correlated with 3846; ion correlated with 2872; ion correlated with 3642; ion correlated with 4381; ion correlated with 4942; ion correlated with 2624; ion correlated with 4954; ion correlated with 3886; ion correlated with 3934; ion correlated with 3495; ion correlated with 4031; ion correlated with 3321; found in higher mz's MsMs_4909; similar chromatogram in higher mz_4954; found in higher mz's MsMs_4954; similar chromatogram in higher mz_4942; similar chromatogram in higher mz_3563; similar chromatogram in higher mz_3642; similar chromatogram in higher mz_4265; similar chromatogram in higher mz_4381; similar chromatogram in higher mz_4402; similar chromatogram in higher mz_4636; similar chromatogram in higher mz_4825",0.071,FALSE,"null","null","null","null",999,FALSE,FALSE,FALSE,"null","null","null","null","null",31.34,3404.66666666667,105.350004893804,24,"Exudate vs Leaf","Leaf","Leaf enriched - FDR supported"
"F810_mz136.9313_rt0.45",6.01708008024827,16.7543120155346,11.3745809756176,9.82924209350381e-05,0.000523364030768142,2.22766810737999,810,0.447,136.9313,"Unknown","[M+H]+","ion correlated with 1396; ion correlated with 4391",0.214,FALSE,"null","null","null","null",999,FALSE,FALSE,FALSE,"null","null","null","null","null",865.59,0,233813,12,"Exudate vs Leaf","Exudate","Exudate enriched - FDR supported"
"F4122_mz398.9058_rt0.39",1.96031764842633,18.086636901531,11.3447234553158,9.95377080153995e-05,0.000525806928442802,2.21469236499141,4122,0.388,398.90576,"Unknown","[M+H]+","ion correlated with 3457",0.679,FALSE,"null","null","null","null",999,FALSE,FALSE,FALSE,"null","null","null","null","null",3159.1,0,331340,24,"Exudate vs Leaf","Exudate","Exudate enriched - FDR supported"
"F3879_mz369.2616_rt2.44",-4.73702685569092,15.8611578577034,-11.3428265790323,9.96174576127219e-05,0.000525806928442802,2.21386662945109,3879,2.438,369.26157,"Unknown","[M+H]+","ion correlated with 3446",0.107,TRUE,"null","null","null","null",999,FALSE,FALSE,FALSE,"null","null","null","null","null",101.53,4004.33333333333,257.104693741678,23,"Exudate vs Leaf","Leaf","Leaf enriched - FDR supported"
"F2735_mz274.8739_rt0.42",2.56260914404498,19.8738530760367,11.2661129503125,0.00010290767377396,0.000540822147019861,2.18033381529471,2735,0.417,274.87387,"Unknown","[M+H]+",NA,0.857,TRUE,"null","null","null","null",999,FALSE,FALSE,FALSE,"null","null","null","null","null",5650.38,0,2075143,24,"Exudate vs Leaf","Exudate","Exudate enriched - FDR supported"
"F94_mz76.5154_rt0.4",3.80619795166861,16.8006316132474,11.2392239174499,0.000104091577592135,0.000544686099986432,2.16851592224753,94,0.399,76.51539,"Unknown","[M+H]2+","found in higher mz's MsMs_108; found in higher mz's MsMs_222; found in higher mz's MsMs_195; found in higher mz's MsMs_142; found in higher mz's MsMs_306; found in higher mz's MsMs_329; adduct linked to 1061_[M+H]+; found in higher mz's MsMs_615",0.214,FALSE,"null","null","null","null",999,FALSE,FALSE,FALSE,"null","null","null","null","null",220.44,668,506.807174887892,24,"Exudate vs Leaf","Exudate","Exudate enriched - FDR supported"
"F596_mz121.1012_rt2.08",-2.99076535356665,16.0579577569613,-11.2076466085301,0.000105502757560739,0.000549701062998873,2.1545946388526,596,2.077,121.10123,"Unknown","[M+H]+","ion correlated with 2751; ion correlated with 378; ion correlated with 742; ion correlated with 957; ion correlated with 1018; ion correlated with 1629; ion correlated with 1658; ion correlated with 420; ion correlated with 628; ion correlated with 995; ion correlated with 1570; ion correlated with 1694; ion correlated with 1719; ion correlated with 2318; ion correlated with 2447; ion correlated with 2950; ion correlated with 4946; ion correlated with 1191; ion correlated with 2158; ion correlated with 2394; ion correlated with 56; ion correlated with 1140; ion correlated with 1258; ion correlated with 1468; ion correlated with 2582; ion correlated with 3907; ion correlated with 3941; ion correlated with 5039; ion correlated with 4118; ion correlated with 3777; ion correlated with 3851; ion correlated with 3979; ion correlated with 3997; found in higher mz's MsMs_3323; found in higher mz's MsMs_3520; found in higher mz's MsMs_3703; found in higher mz's MsMs_2674; found in higher mz's MsMs_5012; found in higher mz's MsMs_5004; found in higher mz's MsMs_2381; found in higher mz's MsMs_2950; found in higher mz's MsMs_3851; found in higher mz's MsMs_4118; found in higher mz's MsMs_3979",0.107,FALSE,"null","null","null","null",999,FALSE,FALSE,FALSE,"null","null","null","null","null",38.21,5324,84.0540845070422,24,"Exudate vs Leaf","Leaf","Leaf enriched - FDR supported"
"F2235_mz236.1649_rt1.15",2.6945124701487,16.0208814439215,11.1965270879664,0.000106005122525503,0.000549958199769063,2.1496813866336,2235,1.146,236.1649,"Unknown","[M+H]+","ion correlated with 1539",0.107,FALSE,"null","null","null","null",999,FALSE,FALSE,FALSE,"null","null","null","null","null",26.31,45709.6666666667,5.12696525974973,24,"Exudate vs Leaf","Exudate","Exudate enriched - FDR supported"
"F1278_mz169.0461_rt0.4",1.75244820316814,20.2006299063411,11.172510552235,0.000107099949348457,0.000553273780889476,2.13904975567494,1278,0.399,169.0461,"Unknown","[M+H]+",NA,0.357,FALSE,"null","null","null","null",999,FALSE,FALSE,FALSE,"null","null","null","null","null",116.3,206319,7.1308889104304,24,"Exudate vs Leaf","Exudate","Exudate enriched - FDR supported"
"F2507_mz257.9776_rt0.4",2.90579354460345,20.9832709677565,11.0676112618578,0.000112043294053942,0.000576358300769004,2.09229463125645,2507,0.397,257.9776,"Unknown","[M+H]+","ion correlated with 2219",0.857,TRUE,"null","null","null","null",999,FALSE,FALSE,FALSE,"null","null","null","null","null",15563.92,0,5058283,24,"Exudate vs Leaf","Exudate","Exudate enriched - FDR supported"
"F4764_mz559.5179_rt9.15",2.62457142565015,18.7321833772122,10.9980564427338,0.000115471687544875,0.000591487884723539,2.06100453552052,4764,9.15,559.51794,"Unknown","[M+H]+",NA,0.107,TRUE,"null","null","null","null",999,FALSE,FALSE,FALSE,"null","null","null","null","null",411.91,198568.666666667,10.4655612052193,24,"Exudate vs Leaf","Exudate","Exudate enriched - FDR supported"
"F1926_mz214.0594_rt0.46",-3.01439703910929,16.9815780668966,-10.9844573833009,0.000116156567318283,0.000592496103884014,2.05485968741755,1926,0.463,214.05939,"Unknown","[M+H]+","ion correlated with 3508; ion correlated with 1822; ion correlated with 694; ion correlated with 2556",0.143,FALSE,"null","null","null","null",999,FALSE,FALSE,FALSE,"null","null","null","null","null",95.11,1514.33333333333,548.280026396832,16,"Exudate vs Leaf","Leaf","Leaf enriched - FDR supported"
"F202_mz88.9905_rt0.39",2.11960046381531,19.4194973211313,10.956967182506,0.000117555922241348,0.000597125061092036,2.04241074678377,202,0.389,88.99046,"Unknown","[M+H]+","ion correlated with 37",0.643,FALSE,"null","null","null","null",999,FALSE,FALSE,FALSE,"null","null","null","null","null",1368.73,1626,513.845728334358,24,"Exudate vs Leaf","Exudate","Exudate enriched - FDR supported"
"F218_mz90.0551_rt0.45",-2.38467478286549,20.1764468182031,-10.9409795342627,0.000118379020120235,0.00059779945267584,2.03515391149054,218,0.448,90.05509,"Unknown","[M+H]+","similar chromatogram in higher mz_1698; similar chromatogram in higher mz_2959",0.607,TRUE,"null","null","null","null",999,FALSE,FALSE,FALSE,"null","null","null","null","null",3716.96,129928.333333333,423.929651502868,24,"Exudate vs Leaf","Leaf","Leaf enriched - FDR supported"
"F1373_mz175.0603_rt0.48",-2.59504595075002,16.7991812596828,-10.9352912488967,0.000118673532203359,0.00059779945267584,2.03256899168199,1373,0.476,175.0603,"Unknown","[M+H]+","ion correlated with 2903",0.107,FALSE,"null","null","null","null",999,FALSE,FALSE,FALSE,"null","null","null","null","null",67.92,16881.3333333333,37.1734752305171,24,"Exudate vs Leaf","Leaf","Leaf enriched - FDR supported"
"F1275_mz168.9213_rt0.41",2.63394780510077,17.471094723775,10.9243898898918,0.000119240403127593,0.00059817293139214,2.02761070575007,1275,0.414,168.92134,"Unknown","[M+H]+",NA,0.357,FALSE,"null","null","null","null",999,FALSE,FALSE,FALSE,"null","null","null","null","null",76.71,21990,8.34227638579419,24,"Exudate vs Leaf","Exudate","Exudate enriched - FDR supported"
"F1635_mz193.1589_rt1.2",-3.08803211049627,15.4983002812214,-10.8500919244681,0.000123191286439486,0.000615449472170932,1.99366303222054,1635,1.201,193.15891,"Unknown","[M+H]+","ion correlated with 4333; ion correlated with 2871; ion correlated with 3143; ion correlated with 4110; ion correlated with 4353; ion correlated with 4341; ion correlated with 4388; ion correlated with 2740; ion correlated with 4166; ion correlated with 4952; ion correlated with 3957; ion correlated with 3566; ion correlated with 4960; ion correlated with 4041; ion correlated with 3635; ion correlated with 4590; ion correlated with 4797; ion correlated with 4656; ion correlated with 4789; ion correlated with 4895; ion correlated with 4803; ion correlated with 4806; ion correlated with 3224; ion correlated with 4792; ion correlated with 4937; ion correlated with 1381; ion correlated with 4062; ion correlated with 4100; ion correlated with 4516; ion correlated with 2013; ion correlated with 3600; ion correlated with 4825; ion correlated with 4381; ion correlated with 4909; ion correlated with 1402; ion correlated with 4942; ion correlated with 2624; ion correlated with 4954; ion correlated with 3886; ion correlated with 3934; ion correlated with 3495; ion correlated with 3284; ion correlated with 4031",0.036,FALSE,"null","null","null","null",999,FALSE,FALSE,FALSE,"null","null","null","null","null",4.63,2478,137.21016538927,12,"Exudate vs Leaf","Leaf","Leaf enriched - FDR supported"
"F408_mz108.5367_rt0.41",3.63200634420875,16.8246254260051,10.8199694312252,0.000124837537930528,0.000621117914129759,1.97982242005495,408,0.41,108.53668,"Unknown","[M+H]+",NA,0.179,FALSE,"null","null","null","null",999,FALSE,FALSE,FALSE,"null","null","null","null","null",99.67,0,291737,23,"Exudate vs Leaf","Exudate","Exudate enriched - FDR supported"
"F691_mz128.0194_rt0.4",1.81797669519301,25.6944894403357,10.769210094657,0.000127671513703073,0.000632625378104204,1.95639798562982,691,0.395,128.01941,"Unknown","[M+H]+","ion correlated with 427; found in higher mz's MsMs_1037; found in higher mz's MsMs_964; found in higher mz's MsMs_1285",0.857,TRUE,"null","null","null","null",999,FALSE,FALSE,FALSE,"null","null","null","null","null",6753.87,274398.666666667,232.88126321825,24,"Exudate vs Leaf","Exudate","Exudate enriched - FDR supported"
"F670_mz126.0552_rt0.94",3.09934238256982,16.663452649074,10.7512914717781,0.000128690254749101,0.000635081175875644,1.94809826881752,670,0.942,126.05521,"Unknown","[M+H]+","ion correlated with 638; ion correlated with 1726; ion correlated with 1111; similar chromatogram in higher mz_1231; similar chromatogram in higher mz_2305; similar chromatogram in higher mz_4181; similar chromatogram in higher mz_4522",0.071,FALSE,"null","null","null","null",999,FALSE,FALSE,FALSE,"null","null","null","null","null",56.23,90465.3333333333,14.3585016893946,24,"Exudate vs Leaf","Exudate","Exudate enriched - FDR supported"
"F1031_mz150.0585_rt0.7",-5.46909435490994,17.0174429313426,-10.7295741974475,0.000129938013780192,0.00063864270740548,1.93801753567114,1031,0.696,150.05849,"Unknown","[M+H]+","similar chromatogram in higher mz_3697",0.464,TRUE,"null","null","null","null",999,FALSE,FALSE,FALSE,"null","null","null","null","null",6356.01,4367.66666666667,12574.4830611933,21,"Exudate vs Leaf","Leaf","Leaf enriched - FDR supported"
"F559_mz118.1228_rt0.58",4.30547089645647,18.9025673755268,10.7173072412498,0.000130649195922627,0.000639548886492217,1.93231300433866,559,0.581,118.12277,"Unknown","[M+H]+",NA,0.286,TRUE,"null","null","null","null",999,FALSE,FALSE,FALSE,"null","null","null","null","null",86.98,49441.3333333333,86.2639708212261,23,"Exudate vs Leaf","Exudate","Exudate enriched - FDR supported"
"F3606_mz344.876_rt0.39",7.52656907494572,16.9255696523655,10.6938416348921,0.000132022626030388,0.000641415931616878,1.92137965661929,3606,0.391,344.87595,"Unknown","[M+H]+","ion correlated with 4464; ion correlated with 770; ion correlated with 3634; ion correlated with 2414",0.286,FALSE,"null","null","null","null",999,FALSE,FALSE,FALSE,"null","null","null","null","null",6072.46,0,1035606,24,"Exudate vs Leaf","Exudate","Exudate enriched - FDR supported"
"F175_mz85.0285_rt0.47",-2.44546378870778,19.5928343181122,-10.6927438422903,0.000132087300580082,0.000641415931616878,1.92086748200511,175,0.474,85.0285,"Unknown","[M+H]+","ion correlated with 950; found in higher mz's MsMs_3782; found in higher mz's MsMs_1698; found in higher mz's MsMs_2771; found in higher mz's MsMs_1621; found in higher mz's MsMs_2814; found in higher mz's MsMs_1438; found in higher mz's MsMs_3407; found in higher mz's MsMs_3408; similar chromatogram in higher mz_709; similar chromatogram in higher mz_4326; found in higher mz's MsMs_4326; found in higher mz's MsMs_1901; found in higher mz's MsMs_1004; found in higher mz's MsMs_950; found in higher mz's MsMs_2572; similar chromatogram in higher mz_4221; similar chromatogram in higher mz_1162; similar chromatogram in higher mz_2290",0.643,TRUE,"null","null","null","null",999,FALSE,FALSE,FALSE,"null","null","null","null","null",62.44,135219,31.8438470640438,24,"Exudate vs Leaf","Leaf","Leaf enriched - FDR supported"
"F841_mz138.1279_rt0.5",-2.14604632302389,18.2344795442052,-10.6718350276619,0.000133326363894707,0.000642441254510804,1.91110086632082,841,0.5,138.12794,"Unknown","[M+H]+","ion correlated with 2991; ion correlated with 245; ion correlated with 851; ion correlated with 251; ion correlated with 1072; ion correlated with 1323; found in higher mz's MsMs_2231; found in higher mz's MsMs_1942; similar chromatogram in higher mz_2488; similar chromatogram in higher mz_2453; similar chromatogram in higher mz_2266; similar chromatogram in higher mz_3169; similar chromatogram in higher mz_4016; similar chromatogram in higher mz_4299",0.214,FALSE,"null","null","null","null",999,FALSE,FALSE,FALSE,"null","null","null","null","null",283.45,26013.3333333333,59.4159758082083,12,"Exudate vs Leaf","Leaf","Leaf enriched - FDR supported"
"F1919_mz213.1488_rt1.44",2.67319584110087,14.9105248598283,10.6653930274616,0.000133710914090459,0.000642441254510804,1.90808731925307,1919,1.438,213.14877,"Unknown","[M+H]+","ion correlated with 3027; ion correlated with 1666",0.179,TRUE,"null","null","null","null",999,FALSE,FALSE,FALSE,"null","null","null","null","null",39.57,19956,32.025655158591,24,"Exudate vs Leaf","Exudate","Exudate enriched - FDR supported"
"F3880_mz369.925_rt0.39",4.0864841133648,17.439780938681,10.6578179962027,0.00013416479630462,0.000642441254510804,1.90454105409662,3880,0.394,369.92505,"Unknown","[M+H]+",NA,0.393,FALSE,"null","null","null","null",999,FALSE,FALSE,FALSE,"null","null","null","null","null",861.1,0,602872,24,"Exudate vs Leaf","Exudate","Exudate enriched - FDR supported"
"F1571_mz189.1278_rt1.06",-3.40296896275916,15.4921649141077,-10.6485706758672,0.000134721376729611,0.000642441254510804,1.90020795815629,1571,1.059,189.12776,"Unknown","[M+H]+",NA,0.071,FALSE,"null","null","null","null",999,FALSE,FALSE,FALSE,"null","null","null","null","null",64.18,2740,160.947099598687,22,"Exudate vs Leaf","Leaf","Leaf enriched - FDR supported"
"F588_mz120.5548_rt0.41",3.71493179022508,16.2813270897991,10.6448778010537,0.000134944415074345,0.000642441254510804,1.89847634294341,588,0.409,120.5548,"Unknown","[M+H]+","ion correlated with 528",0.107,FALSE,"null","null","null","null",999,FALSE,FALSE,FALSE,"null","null","null","null","null",126.73,0,204287,23,"Exudate vs Leaf","Exudate","Exudate enriched - FDR supported"
"F1556_mz188.0773_rt0.4",2.07365302144317,17.4488020923258,10.6279530047215,0.000135972282431811,0.000644806058094606,1.89053131231882,1556,0.404,188.07729,"Unknown","[M+H]+","adduct linked to 238_[M+H]2+",0.179,FALSE,"null","null","null","null",999,FALSE,FALSE,FALSE,"null","null","null","null","null",48.39,694,282.228776978417,24,"Exudate vs Leaf","Exudate","Exudate enriched - FDR supported"
"F3782_mz360.1504_rt0.48",-7.93050856088386,19.5722280050537,-10.6099278817614,0.000137077277335794,0.000647516788660134,1.8820537019999,3782,0.477,360.15045,"Unknown","[M+H]+",NA,0.643,TRUE,"null","null","null","null",999,FALSE,FALSE,FALSE,"null","null","null","null","null",11282.18,2555,14687.5888106416,21,"Exudate vs Leaf","Leaf","Leaf enriched - FDR supported"
"F312_mz100.1122_rt0.82",-5.30125749524504,19.3121219764777,-10.5879753000703,0.000138437561178696,0.000649118988811999,1.8717064940829,312,0.824,100.11221,"Unknown","[M+H]+","similar chromatogram in higher mz_2104",0.107,TRUE,"null","null","null","null",999,FALSE,FALSE,FALSE,"null","null","null","null","null",688.66,27934.6666666667,472.186547663083,19,"Exudate vs Leaf","Leaf","Leaf enriched - FDR supported"
"F630_mz124.0245_rt0.39",2.04767863556219,17.7815484905395,10.5864406940305,0.000138533254146153,0.000649118988811999,1.87098224432509,630,0.39,124.02448,"Unknown","[M+H]+",NA,0.071,FALSE,"null","null","null","null",999,FALSE,FALSE,FALSE,"null","null","null","null","null",6.32,19234.3333333333,13.8344886147021,24,"Exudate vs Leaf","Exudate","Exudate enriched - FDR supported"
"F1666_mz195.1382_rt1.44",2.68447590342122,15.4385944849029,10.5786457774064,0.000139020541261219,0.000649118988811999,1.86730160635168,1666,1.442,195.1382,"Unknown","[M+H]+","ion correlated with 1919; ion correlated with 3027",0.143,TRUE,"null","null","null","null",999,FALSE,FALSE,FALSE,"null","null","null","null","null",49.63,22228,31.9022898016105,24,"Exudate vs Leaf","Exudate","Exudate enriched - FDR supported"
"F4423_mz450.8245_rt0.41",2.05732227193031,17.5152625670644,10.5504735783762,0.000140798840632444,0.000654903419646693,1.85397309046593,4423,0.41,450.82449,"Unknown","[M+H]+",NA,0.107,FALSE,"null","null","null","null",999,FALSE,FALSE,FALSE,"null","null","null","null","null",3674.23,0,208597,21,"Exudate vs Leaf","Exudate","Exudate enriched - FDR supported"
"F2533_mz259.9752_rt0.4",3.00215160249638,18.2640183447133,10.5311210384646,0.000142036175996724,0.000658137090305433,1.84479352618538,2533,0.398,259.97516,"Unknown","[M+H]+","ion correlated with 2822; ion correlated with 803",0.464,FALSE,"null","null","null","null",999,FALSE,FALSE,FALSE,"null","null","null","null","null",151.15,0,875679,24,"Exudate vs Leaf","Exudate","Exudate enriched - FDR supported"
"F455_mz112.0063_rt0.39",1.99129955152403,22.7336717895296,10.4769379715944,0.00014557017767512,0.00067194751215816,1.81898941699145,455,0.386,112.00633,"Unknown","[M+H]+","ion correlated with 373",0.286,FALSE,"null","null","null","null",999,FALSE,FALSE,FALSE,"null","null","null","null","null",151.7,10622,747.970064953403,24,"Exudate vs Leaf","Exudate","Exudate enriched - FDR supported"
"F2068_mz223.1081_rt1",2.60052595075773,16.4741872082429,10.4629363019358,0.000146500428809247,0.000673680002175857,1.81229641821967,2068,0.996,223.10815,"Unknown","[M+H]+","ion correlated with 391; ion correlated with 520; ion correlated with 1015; ion correlated with 2359; ion correlated with 2168; ion correlated with 2600; ion correlated with 183; similar chromatogram in higher mz_3091",0.357,TRUE,"null","null","null","null",999,FALSE,FALSE,FALSE,"null","null","null","null","null",200.46,45324.6666666667,78.180648197857,24,"Exudate vs Leaf","Exudate","Exudate enriched - FDR supported"
"F1459_mz181.1225_rt5.96",-3.4938824656437,15.150538139502,-10.4327130424535,0.000148532738526554,0.000680448092721646,1.79781429290973,1459,5.955,181.12247,"Unknown","[M+H]+","ion correlated with 2476; ion correlated with 4813; ion correlated with 4850; found in higher mz's MsMs_4856",0.107,TRUE,"null","null","null","null",999,FALSE,FALSE,FALSE,"null","null","null","null","null",4.06,4430,63.5301286391334,24,"Exudate vs Leaf","Leaf","Leaf enriched - FDR supported"
"F1162_mz161.0922_rt0.48",-2.49845884209022,16.0423751203987,-10.419919528896,0.00014940314977968,0.000681862495611019,1.79166956232759,1162,0.478,161.09222,"Unknown","[M+H]+","ion correlated with 1812; ion correlated with 1989; similar chromatogram in higher mz_3954; similar chromatogram in higher mz_3787",0.464,FALSE,"null","null","null","null",999,FALSE,FALSE,FALSE,"null","null","null","null","null",203.12,4129.66666666667,298.89388315042,24,"Exudate vs Leaf","Leaf","Leaf enriched - FDR supported"
"F2121_mz227.1282_rt1.35",-3.7021132643248,17.0198513208377,-10.4037152445308,0.000150514375386685,0.00068436124239489,1.78387426665228,2121,1.351,227.12817,"Unknown","[M+H]+","ion correlated with 3726; ion correlated with 3795; ion correlated with 4977; ion correlated with 3000; ion correlated with 5113",0.107,FALSE,"null","null","null","null",999,FALSE,FALSE,FALSE,"null","null","null","null","null",110.41,7814.33333333333,149.020003412096,24,"Exudate vs Leaf","Leaf","Leaf enriched - FDR supported"
"F1461_mz181.1225_rt7.01",-3.66605559867309,15.3429377158818,-10.394706262785,0.000151136445058744,0.000684625538437742,1.77953437929029,1461,7.012,181.12253,"Unknown","[M+H]+","ion correlated with 4901; ion correlated with 4940",0.107,TRUE,"null","null","null","null",999,FALSE,FALSE,FALSE,"null","null","null","null","null",5.44,2700.66666666667,139.699691548427,23,"Exudate vs Leaf","Leaf","Leaf enriched - FDR supported"
"F2699_mz273.1604_rt1.16",2.46879279245793,16.7996010922356,10.3456065785808,0.000154581253962189,0.000693751451079542,1.7558060838435,2699,1.164,273.16043,"Unknown","[M+H]+",NA,0.143,TRUE,"null","null","null","null",999,FALSE,FALSE,FALSE,"null","null","null","null","null",31.55,101557.666666667,5.04168690674684,24,"Exudate vs Leaf","Exudate","Exudate enriched - FDR supported"
"F3278_mz315.1821_rt0.96",1.63399197521841,15.1598639776826,10.3425291236269,0.000154800272699593,0.000693751451079542,1.7543145830288,3278,0.961,315.18213,"Unknown","[M+H]+",NA,0.179,FALSE,"null","null","null","null",999,FALSE,FALSE,FALSE,"null","null","null","null","null",26.02,7945.66666666667,25.9676174496644,24,"Exudate vs Leaf","Exudate","Exudate enriched - FDR supported"
"F335_mz102.0341_rt7.9",4.66856121985802,14.6739071286806,10.3416144654355,0.00015486543924428,0.000693751451079542,1.75387119300914,335,7.905,102.03412,"Unknown","[M+H]+","ion correlated with 242",0.036,TRUE,"null","null","null","null",999,FALSE,FALSE,FALSE,"null","null","null","null","null",3.38,13407,29.8926760143198,24,"Exudate vs Leaf","Exudate","Exudate enriched - FDR supported"
"F3434_mz328.8984_rt0.39",4.86199488200728,18.5942857160472,10.323568825825,0.000156157859541101,0.000696969270157706,1.74511425645757,3434,0.388,328.89838,"Unknown","[M+H]+","ion correlated with 717; ion correlated with 947; ion correlated with 35",0.714,FALSE,"null","null","null","null",999,FALSE,FALSE,FALSE,"null","null","null","null","null",334.39,0,1141674,24,"Exudate vs Leaf","Exudate","Exudate enriched - FDR supported"
"F1037_mz151.0354_rt0.39",1.72695115526869,24.5920406345127,10.2885606474534,0.00015870205584936,0.000705730021249534,1.72807629431311,1037,0.392,151.03539,"Unknown","[M+H]+",NA,0.857,TRUE,"null","null","null","null",999,FALSE,FALSE,FALSE,"null","null","null","null","null",732.15,92989.3333333333,347.847908922433,24,"Exudate vs Leaf","Exudate","Exudate enriched - FDR supported"
"F3694_mz351.217_rt1.44",-2.6987230376636,15.5127314210277,-10.2786905776833,0.000159428282246802,0.000706372024261378,1.72326078955398,3694,1.439,351.21701,"Unknown","[M+H]+",NA,0.036,FALSE,"null","null","null","null",999,FALSE,FALSE,FALSE,"null","null","null","null","null",35.73,4419.66666666667,75.0669582265118,23,"Exudate vs Leaf","Leaf","Leaf enriched - FDR supported"
"F52_mz70.0654_rt0.67",1.75854025590121,17.3822258957243,10.2659649041654,0.000160370485859964,0.000707962799396351,1.71704432460631,52,0.666,70.06535,"Unknown","[M+H]+","ion correlated with 2015; ion correlated with 530; ion correlated with 2509; found in higher mz's MsMs_458; similar chromatogram in higher mz_3688; similar chromatogram in higher mz_1021",0.321,FALSE,"null","null","null","null",999,FALSE,FALSE,FALSE,"null","null","null","null","null",77,187364.333333333,6.34397505052518,24,"Exudate vs Leaf","Exudate","Exudate enriched - FDR supported"
"F279_mz98.0966_rt0.49",-4.57736846835197,19.5203708506878,-10.205910800786,0.000164907622841191,0.00072326204380018,1.68758984383915,279,0.486,98.09657,"Unknown","[M+H]+",NA,0.107,TRUE,"null","null","null","null",999,FALSE,FALSE,FALSE,"null","null","null","null","null",693.24,51386.6666666667,216.043882124764,17,"Exudate vs Leaf","Leaf","Leaf enriched - FDR supported"
"F2148_mz229.0841_rt0.42",2.27490359520039,18.3325935386813,10.1941442736035,0.000165814462500471,0.00072326204380018,1.6817958129991,2148,0.415,229.08414,"Unknown","[M+H]+",NA,0.857,FALSE,"null","null","null","null",999,FALSE,FALSE,FALSE,"null","null","null","null","null",31.73,1699.66666666667,210.41219129753,24,"Exudate vs Leaf","Exudate","Exudate enriched - FDR supported"
"F2764_mz276.872_rt0.42",2.57866484513618,17.6336793256295,10.1870075582482,0.0001663673863983,0.00072326204380018,1.6782778979137,2764,0.416,276.87198,"Unknown","[M+H]+",NA,0.643,FALSE,"null","null","null","null",999,FALSE,FALSE,FALSE,"null","null","null","null","null",749.14,0,409401,24,"Exudate vs Leaf","Exudate","Exudate enriched - FDR supported"
"F655_mz125.0713_rt0.96",4.01902452799939,14.7166772996197,10.186775146367,0.000166385429716569,0.00072326204380018,1.67816328791039,655,0.959,125.07133,"Unknown","[M+H]+","ion correlated with 1780; ion correlated with 2214; ion correlated with 1916; ion correlated with 1499; ion correlated with 855",0.036,FALSE,"null","null","null","null",999,FALSE,FALSE,FALSE,"null","null","null","null","null",21.18,52701,7.78554893552427,24,"Exudate vs Leaf","Exudate","Exudate enriched - FDR supported"
"F990_mz147.0765_rt0.46",-5.16901491477516,21.157214319343,-10.1790191454143,0.000166988909886953,0.00072326204380018,1.67433685378041,990,0.459,147.07654,"Unknown","[M+H]+",NA,0.643,TRUE,"null","null","null","null",999,FALSE,FALSE,FALSE,"null","null","null","null","null",1406.56,847.333333333333,55467.7497053045,24,"Exudate vs Leaf","Leaf","Leaf enriched - FDR supported"
"F1331_mz173.0129_rt0.4",4.75247718989156,16.2004749015989,10.1736176220907,0.00016741073666215,0.00072326204380018,1.67167006122866,1331,0.395,173.01286,"Unknown","[M+H]+",NA,0.071,FALSE,"null","null","null","null",999,FALSE,FALSE,FALSE,"null","null","null","null","null",17.3,0,200774,24,"Exudate vs Leaf","Exudate","Exudate enriched - FDR supported"
"F1159_mz161.0296_rt0.39",1.65984525855126,19.4499429266541,10.1506975296728,0.000169214873536306,0.000726383686164619,1.66033637118463,1159,0.39,161.02963,"Unknown","[M+H]+",NA,0.786,FALSE,"null","null","null","null",999,FALSE,FALSE,FALSE,"null","null","null","null","null",134.82,12193.6666666667,75.1731904657774,24,"Exudate vs Leaf","Exudate","Exudate enriched - FDR supported"
"F723_mz130.017_rt0.39",1.7282553394551,23.0023360531493,10.149245236962,0.000169329969674289,0.000726383686164619,1.65961725992244,723,0.394,130.01697,"Unknown","[M+H]+",NA,0.321,FALSE,"null","null","null","null",999,FALSE,FALSE,FALSE,"null","null","null","null","null",950.49,171398,59.6954708020467,24,"Exudate vs Leaf","Exudate","Exudate enriched - FDR supported"
"F2454_mz254.1237_rt0.7",-4.67406260232274,17.0009694104723,-10.1205349483705,0.000171624603569437,0.000733634749060905,1.64537736237926,2454,0.7,254.12372,"Unknown","[M+H]+","similar chromatogram in higher mz_2838",0.464,TRUE,"null","null","null","null",999,FALSE,FALSE,FALSE,"null","null","null","null","null",268.8,4987.33333333333,518.831406615436,21,"Exudate vs Leaf","Leaf","Leaf enriched - FDR supported"
"F2461_mz254.9424_rt0.39",-3.5823825744763,17.3261168861043,-10.1103079386943,0.000172450939844639,0.000734580494636462,1.64029392852752,2461,0.389,254.94244,"Unknown","[M+H]+","ion correlated with 203; ion correlated with 470; ion correlated with 3384; ion correlated with 2057",0.214,FALSE,"null","null","null","null",999,FALSE,FALSE,FALSE,"null","null","null","null","null",8440.42,813.666666666667,1794.97831423895,14,"Exudate vs Leaf","Leaf","Leaf enriched - FDR supported"
"F1681_mz196.1337_rt1.08",3.76811405584465,14.3828030412216,10.0763670700255,0.000175227591862303,0.000743798239583342,1.62338178990129,1681,1.083,196.13374,"Unknown","[M+H]+","ion correlated with 3362; ion correlated with 3431; ion correlated with 1749; ion correlated with 1636; similar chromatogram in higher mz_4361",0.179,FALSE,"null","null","null","null",999,FALSE,FALSE,FALSE,"null","null","null","null","null",27.24,10657.6666666667,19.3223042281711,24,"Exudate vs Leaf","Exudate","Exudate enriched - FDR supported"
"F584_mz120.081_rt1.11",1.64894923934701,15.8674762572739,10.0090301817902,0.000180895971653668,0.000765183657099488,1.58963906410444,584,1.108,120.08097,"Unknown","[M+H]+","ion correlated with 183; ion correlated with 2806; found in higher mz's MsMs_1233; found in higher mz's MsMs_2775",0.179,TRUE,"null","null","null","null",999,FALSE,FALSE,FALSE,"null","null","null","null","null",398.2,22686.6666666667,179.522383673949,24,"Exudate vs Leaf","Exudate","Exudate enriched - FDR supported"
"F2445_mz253.1287_rt0.9",-2.90455505430606,15.5869400077763,-9.98842815887421,0.000182673792047349,0.000770020776199588,1.57926453566902,2445,0.905,253.12868,"Unknown","[M+H]+","similar chromatogram in higher mz_3377",0.107,FALSE,"null","null","null","null",999,FALSE,FALSE,FALSE,"null","null","null","null","null",35.83,1320.66666666667,648.573518284994,22,"Exudate vs Leaf","Leaf","Leaf enriched - FDR supported"
"F2343_mz245.0999_rt0.93",-5.81082998214915,17.5767461122635,-9.94268247733155,0.000186696476504029,0.000784254403030766,1.55614275180642,2343,0.929,245.0999,"Unknown","[M+H]+",NA,0.5,TRUE,"null","null","null","null",999,FALSE,FALSE,FALSE,"null","null","null","null","null",225.45,7351.66666666667,479.051636594433,24,"Exudate vs Leaf","Leaf","Leaf enriched - FDR supported"
"F3056_mz298.0974_rt0.97",-3.47058229374548,16.0971510396862,-9.93406952256511,0.000187465645460516,0.000784769977893331,1.55177612977189,3056,0.973,298.09741,"Unknown","[M+H]+","ion correlated with 3580; ion correlated with 4037; ion correlated with 4687; ion correlated with 3662",0.214,TRUE,"null","null","null","null",999,FALSE,FALSE,FALSE,"null","null","null","null","null",37.11,2699.66666666667,229.857319180449,16,"Exudate vs Leaf","Leaf","Leaf enriched - FDR supported"
"F2521_mz259.0947_rt0.41",2.57803385275277,18.3486989265014,9.88532385295587,0.000191890790996587,0.000795330009231552,1.52698318739906,2521,0.414,259.09467,"Unknown","[M+H]+",NA,0.643,FALSE,"null","null","null","null",999,FALSE,FALSE,FALSE,"null","null","null","null","null",53.53,1096.33333333333,299.547995139733,24,"Exudate vs Leaf","Exudate","Exudate enriched - FDR supported"
"F3013_mz294.1555_rt1.04",2.31016703402237,15.7658330744076,9.88141432637796,0.000192251070343589,0.000795330009231552,1.52498884183729,3013,1.045,294.15549,"Unknown","[M+H]+","ion correlated with 1436",0.071,TRUE,"null","null","null","null",999,FALSE,FALSE,FALSE,"null","null","null","null","null",100.16,38101.6666666667,50.7278930608531,24,"Exudate vs Leaf","Exudate","Exudate enriched - FDR supported"
"F695_mz128.1072_rt0.71",-1.77845577105915,18.6010917750373,-9.87754164860333,0.00019260875017634,0.000795330009231552,1.52301242900394,695,0.714,128.10716,"Unknown","[M+H]+","ion correlated with 697; ion correlated with 1619; ion correlated with 2081; ion correlated with 2232",0.071,TRUE,"null","null","null","null",999,FALSE,FALSE,FALSE,"null","null","null","null","null",147.38,102656.666666667,17.5533407149328,23,"Exudate vs Leaf","Leaf","Leaf enriched - FDR supported"
"F697_mz128.1072_rt0.69",-1.77845577105915,18.6010917750373,-9.87754164860333,0.00019260875017634,0.000795330009231552,1.52301242900394,697,0.686,128.10719,"Unknown","[M+H]+","ion correlated with 1619; ion correlated with 695; ion correlated with 2081",0.214,FALSE,"null","null","null","null",999,FALSE,FALSE,FALSE,"null","null","null","null","null",74.64,102656.666666667,17.5533407149328,23,"Exudate vs Leaf","Leaf","Leaf enriched - FDR supported"
"F442_mz111.0205_rt7.9",3.18690377628122,16.6835424898744,9.8473363449096,0.000195425932372973,0.000804227396273861,1.50756762083982,442,7.905,111.02049,"Unknown","[M+H]+","ion correlated with 368",0.036,TRUE,"null","null","null","null",999,FALSE,FALSE,FALSE,"null","null","null","null","null",8.32,74371.6666666667,7.79649333536514,24,"Exudate vs Leaf","Exudate","Exudate enriched - FDR supported"
"F1698_mz198.0974_rt0.46",-2.49435165457907,18.8104117418515,-9.82821272103831,0.000197234983992663,0.00080892996813207,1.49776198019373,1698,0.459,198.0974,"Unknown","[M+H]+",NA,0.536,TRUE,"null","null","null","null",999,FALSE,FALSE,FALSE,"null","null","null","null","null",3153.77,22741,718.566660803799,24,"Exudate vs Leaf","Leaf","Leaf enriched - FDR supported"
"F3300_mz316.2853_rt2.04",-4.39567135798497,17.0199955953773,-9.80932604103937,0.000199041271466467,0.000813589574277074,1.4880570545517,3300,2.041,316.28531,"Unknown","[M+H]+",NA,0.214,TRUE,"null","null","null","null",999,FALSE,FALSE,FALSE,"null","null","null","null","null",56.31,6306.33333333333,292.38251770426,24,"Exudate vs Leaf","Leaf","Leaf enriched - FDR supported"
"F969_mz146.1177_rt0.99",-3.08391744376569,16.1874596242837,-9.76822825219577,0.000203040468698659,0.000827151439597894,1.46686728406538,969,0.989,146.11769,"Unknown","[M+H]+",NA,0.429,FALSE,"null","null","null","null",999,FALSE,FALSE,FALSE,"null","null","null","null","null",67.35,4854.66666666667,145.872245486373,24,"Exudate vs Leaf","Leaf","Leaf enriched - FDR supported"
"F58_mz72.0281_rt0.39",1.68921653717811,20.5041849701076,9.74864047107811,0.000204980252107022,0.000832260956715469,1.45673323872934,58,0.391,72.02808,"Unknown","[M+H]+","ion correlated with 2320; found in higher mz's MsMs_134; similar chromatogram in higher mz_1790",0.179,FALSE,"null","null","null","null",999,FALSE,FALSE,FALSE,"null","null","null","null","null",94.44,981.333333333333,1968.42449949101,24,"Exudate vs Leaf","Exudate","Exudate enriched - FDR supported"
"F926_mz144.0658_rt0.92",1.80830102808793,16.9896695881651,9.68911565588763,0.000211012205857321,0.000853896059702627,1.42579874916987,926,0.923,144.06583,"Unknown","[M+H]+","ion correlated with 2163; ion correlated with 1287; found in higher mz's MsMs_3428; found in higher mz's MsMs_3223",0.071,TRUE,"null","null","null","null",999,FALSE,FALSE,FALSE,"null","null","null","null","null",596.31,72592,44.7784910390809,24,"Exudate vs Leaf","Exudate","Exudate enriched - FDR supported"
"F64_mz72.081_rt0.39",-4.72240771525015,19.0335791542853,-9.68185741028757,0.00021176211929045,0.000854083763516964,1.42201239380503,64,0.393,72.08096,"Unknown","[M+H]+","found in higher mz's MsMs_2420",0.357,TRUE,"null","null","null","null",999,FALSE,FALSE,FALSE,"null","null","null","null","null",198.43,59794.3333333333,135.058265416476,24,"Exudate vs Leaf","Leaf","Leaf enriched - FDR supported"
"F366_mz104.1071_rt7.96",2.80809765817956,16.762612780543,9.62871574036106,0.000217350607238041,0.00087216747260737,1.39419496630701,366,7.957,104.10712,"Unknown","[M+H]+","similar chromatogram in higher mz_439; similar chromatogram in higher mz_423; similar chromatogram in higher mz_750; similar chromatogram in higher mz_1984; similar chromatogram in higher mz_2557",0.036,TRUE,"null","null","null","null",999,FALSE,FALSE,FALSE,"null","null","null","null","null",32.63,59372.3333333333,5.53019312822816,24,"Exudate vs Leaf","Exudate","Exudate enriched - FDR supported"
"F147_mz82.5372_rt0.39",1.71331963081857,26.0128846008294,9.62015416639213,0.000218267334876669,0.00087216747260737,1.38969758060219,147,0.391,82.53722,"Unknown","[M+H]+",NA,0.857,TRUE,"null","null","null","null",999,FALSE,FALSE,FALSE,"null","null","null","null","null",4367.84,140271.333333333,772.76399717692,24,"Exudate vs Leaf","Exudate","Exudate enriched - FDR supported"
"F40_mz69.0337_rt0.47",-1.72585364294598,17.6030499442244,-9.61247776681087,0.000219093207481313,0.00087216747260737,1.38566144266318,40,0.474,69.03374,"Unknown","[M+H]+","found in higher mz's MsMs_1621; found in higher mz's MsMs_3408; found in higher mz's MsMs_1901; found in higher mz's MsMs_1657; found in higher mz's MsMs_3782; found in higher mz's MsMs_2608; found in higher mz's MsMs_1698",0.214,FALSE,"null","null","null","null",999,FALSE,FALSE,FALSE,"null","null","null","null","null",19.02,32761,26.6278005005799,24,"Exudate vs Leaf","Leaf","Leaf enriched - FDR supported"
"F497_mz114.9878_rt0.39",1.90925308009274,18.9067952439329,9.60904479566694,0.000219463753069964,0.00087216747260737,1.38385529342466,497,0.388,114.98779,"Unknown","[M+H]+","ion correlated with 1372",0.607,FALSE,"null","null","null","null",999,FALSE,FALSE,FALSE,"null","null","null","null","null",133.05,0,584149,24,"Exudate vs Leaf","Exudate","Exudate enriched - FDR supported"
"F119_mz79.0214_rt2.18",-1.79099951761531,21.2250271167597,-9.60558519466155,0.000219837929668744,0.00087216747260737,1.38203441816878,119,2.176,79.02142,"Unknown","[M+H]+","ion correlated with 114",0.107,TRUE,"null","null","null","null",999,FALSE,FALSE,FALSE,"null","null","null","null","null",39.97,2051736.33333333,6.16137884446547,24,"Exudate vs Leaf","Leaf","Leaf enriched - FDR supported"
"F1869_mz209.1538_rt1.06",-2.5230000572568,16.4823823002678,-9.57220782982279,0.000223487265531119,0.000883757460439018,1.36443009146701,1869,1.056,209.15376,"Unknown","[M+H]+",NA,0.143,FALSE,"null","null","null","null",999,FALSE,FALSE,FALSE,"null","null","null","null","null",51.26,15082.6666666667,34.0588937261055,19,"Exudate vs Leaf","Leaf","Leaf enriched - FDR supported"
"F1566_mz189.0526_rt0.41",2.8856573186988,17.7262241444739,9.55172183148731,0.00022576291592913,0.000888090843843132,1.35359180633219,1566,0.412,189.05261,"Unknown","[M+H]+",NA,0.321,FALSE,"null","null","null","null",999,FALSE,FALSE,FALSE,"null","null","null","null","null",30.05,7721.33333333333,26.683515345103,24,"Exudate vs Leaf","Exudate","Exudate enriched - FDR supported"
"F1290_mz169.1226_rt1.22",1.38271272158286,16.9685057760471,9.53323240313262,0.000227840549675458,0.000888090843843132,1.34378799344005,1290,1.221,169.12256,"Unknown","[M+H]+",NA,0.036,FALSE,"null","null","null","null",999,FALSE,FALSE,FALSE,"null","null","null","null","null",50.22,35808,5.0221731966824,24,"Exudate vs Leaf","Exudate","Exudate enriched - FDR supported"
"F1798_mz204.1234_rt1.14",3.39503638235644,14.2472115945543,9.53014419982139,0.000228189786237319,0.000888090843843132,1.34214848485962,1798,1.142,204.12343,"Unknown","[M+H]+","ion correlated with 3603; ion correlated with 3335; ion correlated with 2499; ion correlated with 2525; ion correlated with 1555; ion correlated with 2858; ion correlated with 1560",0.107,TRUE,"null","null","null","null",999,FALSE,FALSE,FALSE,"null","null","null","null","null",140.52,17211,27.2260632117128,23,"Exudate vs Leaf","Exudate","Exudate enriched - FDR supported"
"F788_mz134.9917_rt0.39",2.43026561884487,17.5598673302982,9.5289809893397,0.000228321496105548,0.000888090843843132,1.34153079306171,788,0.391,134.99173,"Unknown","[M+H]+","found in higher mz's MsMs_2296; found in higher mz's MsMs_2006",0.286,FALSE,"null","null","null","null",999,FALSE,FALSE,FALSE,"null","null","null","null","null",78.83,36500.6666666667,12.0093420391763,24,"Exudate vs Leaf","Exudate","Exudate enriched - FDR supported"
"F586_mz120.5276_rt1",-3.26294447101749,14.8225315907634,-9.52477598870105,0.00022879838377386,0.000888090843843132,1.33929715342075,586,1.005,120.52757,"Unknown","[M+H]+",NA,0.107,FALSE,"null","null","null","null",999,FALSE,FALSE,FALSE,"null","null","null","null","null",40.46,28419.3333333333,11.5238268375928,24,"Exudate vs Leaf","Leaf","Leaf enriched - FDR supported"
"F530_mz117.0548_rt0.7",3.64810661151965,16.6767338085639,9.52324461868701,0.000228972351007331,0.000888090843843132,1.33848344302923,530,0.704,117.05482,"Unknown","[M+H]+","ion correlated with 4471; ion correlated with 1256; ion correlated with 2583; ion correlated with 52; ion correlated with 1567; ion correlated with 2015; ion correlated with 2206; ion correlated with 2543; ion correlated with 1187; ion correlated with 1441; ion correlated with 361; ion correlated with 1376; ion correlated with 2929; ion correlated with 2962",0.143,FALSE,"null","null","null","null",999,FALSE,FALSE,FALSE,"null","null","null","null","null",84.31,173482.666666667,10.0126371166546,24,"Exudate vs Leaf","Exudate","Exudate enriched - FDR supported"
"F20_mz63.0041_rt0.38",4.81125394448156,15.7108748707817,9.50473006915361,0.000231088184187166,0.000893442852239554,1.32863422433642,20,0.379,63.00409,"Unknown","[M+H]+","ion correlated with 371; ion correlated with 645; ion correlated with 3828",0.036,FALSE,"null","null","null","null",999,FALSE,FALSE,FALSE,"null","null","null","null","null",193.27,553.666666666667,383.493389423077,22,"Exudate vs Leaf","Exudate","Exudate enriched - FDR supported"
"F2213_mz233.9666_rt9.71",3.90921586332938,16.5537370836687,9.48978564862359,0.000232813051275671,0.000897254108725918,1.32066894903738,2213,9.706,233.96657,"Unknown","[M+H]+",NA,0.036,FALSE,"null","null","null","null",999,FALSE,FALSE,FALSE,"null","null","null","null","null",42.99,22829.6666666667,5.21079834141214,23,"Exudate vs Leaf","Exudate","Exudate enriched - FDR supported"
"F1123_mz158.1177_rt1.15",3.47507430310262,13.9795472404714,9.47943270942023,0.000234016983141942,0.000899039928906068,1.31514288747851,1123,1.145,158.11772,"Unknown","[M+H]+","ion correlated with 4335; ion correlated with 3958; ion correlated with 3759; ion correlated with 3584; ion correlated with 2671; ion correlated with 3738; ion correlated with 1966",0.071,FALSE,"null","null","null","null",999,FALSE,FALSE,FALSE,"null","null","null","null","null",4.54,17067.6666666667,9.50361285786822,24,"Exudate vs Leaf","Exudate","Exudate enriched - FDR supported"
"F99_mz78.5291_rt0.38",2.3510227605644,17.2479840195987,9.44036342764294,0.000238627709791068,0.000913861323931723,1.29422967557617,99,0.379,78.52912,"Unknown","[M+H]+","found in higher mz's MsMs_134",0.286,FALSE,"null","null","null","null",999,FALSE,FALSE,FALSE,"null","null","null","null","null",147.8,0,244085,24,"Exudate vs Leaf","Exudate","Exudate enriched - FDR supported"
"F683_mz127.0393_rt1.05",1.60084128184953,18.3008548648971,9.40598002278561,0.000242775318132946,0.000926821497526405,1.27574681432947,683,1.048,127.03927,"Unknown","[M+H]+",NA,0.179,TRUE,"null","null","null","null",999,FALSE,FALSE,FALSE,"null","null","null","null","null",160.03,189590.666666667,14.1861562129137,24,"Exudate vs Leaf","Exudate","Exudate enriched - FDR supported"
"F3308_mz317.1368_rt0.42",2.2721881353569,17.5354855623681,9.39729767512543,0.000243836215318631,0.000927953496541748,1.27106801186034,3308,0.415,317.13681,"Unknown","[M+H]+","similar chromatogram in higher mz_3640",0.321,FALSE,"null","null","null","null",999,FALSE,FALSE,FALSE,"null","null","null","null","null",52.62,0,306581,24,"Exudate vs Leaf","Exudate","Exudate enriched - FDR supported"
"F415_mz109.0286_rt0.47",-1.37735617356301,19.538803507073,-9.37699953417226,0.000246338097387365,0.000934545156963316,1.26011131186466,415,0.468,109.02859,"Unknown","[M+H]+","found in higher mz's MsMs_1901; similar chromatogram in higher mz_1383; similar chromatogram in higher mz_2641; similar chromatogram in higher mz_4097; similar chromatogram in higher mz_4441; similar chromatogram in higher mz_3422; similar chromatogram in higher mz_3086; similar chromatogram in higher mz_3008",0.607,FALSE,"null","null","null","null",999,FALSE,FALSE,FALSE,"null","null","null","null","null",99.43,190091.666666667,14.5144420791263,24,"Exudate vs Leaf","Leaf","Leaf enriched - FDR supported"
"F780_mz133.1014_rt2.08",-3.13311033161778,14.5348137714184,-9.36431691865034,0.000247916858404467,0.000937000661138697,1.25325234089954,780,2.077,133.10139,"Unknown","[M+H]+","ion correlated with 2751; ion correlated with 1894; found in higher mz's MsMs_3323; found in higher mz's MsMs_3520; found in higher mz's MsMs_3703; found in higher mz's MsMs_2674; found in higher mz's MsMs_3079; found in higher mz's MsMs_3503; found in higher mz's MsMs_5004; found in higher mz's MsMs_2381; found in higher mz's MsMs_2950; found in higher mz's MsMs_3851",0.107,FALSE,"null","null","null","null",999,FALSE,FALSE,FALSE,"null","null","null","null","null",11.87,2806,63.2889205557535,23,"Exudate vs Leaf","Leaf","Leaf enriched - FDR supported"
"F805_mz136.0619_rt0.49",-1.88594427117867,17.5561458496412,-9.3594252627554,0.000248529005672702,0.000937000661138697,1.25060416509617,805,0.487,136.06195,"Unknown","[M+H]+","found in higher mz's MsMs_2630",0.571,TRUE,"null","null","null","null",999,FALSE,FALSE,FALSE,"null","null","null","null","null",988.07,49382.3333333333,343.630529868377,24,"Exudate vs Leaf","Leaf","Leaf enriched - FDR supported"
"F490_mz114.0552_rt0.87",3.08737651160951,16.226420167968,9.34735099594479,0.00025004772538428,0.000938498506821584,1.24406115657054,490,0.87,114.05521,"Unknown","[M+H]+","ion correlated with 2520",0.071,FALSE,"null","null","null","null",999,FALSE,FALSE,FALSE,"null","null","null","null","null",22.61,67943,5.89408924997056,23,"Exudate vs Leaf","Exudate","Exudate enriched - FDR supported"
"F54_mz71.0293_rt0.39",1.62650682227177,23.3368428116935,9.34399020130982,0.000250472418624541,0.000938498506821584,1.24223832661959,54,0.39,71.02927,"Unknown","[M+2H]2+","found in higher mz's MsMs_147; found in higher mz's MsMs_238; found in higher mz's MsMs_69; similar chromatogram in higher mz_645",0.857,TRUE,"null","null","null","null",999,FALSE,FALSE,FALSE,"null","null","null","null","null",1594.45,12554.3333333333,1086.69906547019,24,"Exudate vs Leaf","Exudate","Exudate enriched - FDR supported"
"F1476_mz182.0814_rt0.52",-4.23495202923287,17.0414722254713,-9.30779831636081,0.000255100822559746,0.000952899687961636,1.22256356072291,1476,0.518,182.08141,"Unknown","[M+H]+",NA,0.393,TRUE,"null","null","null","null",999,FALSE,FALSE,FALSE,"null","null","null","null","null",575.01,11555,1018.96659743856,24,"Exudate vs Leaf","Leaf","Leaf enriched - FDR supported"
"F2792_mz278.1507_rt1.11",3.0909795255172,14.0205432121734,9.25701781310666,0.000261768040156716,0.000974804910276849,1.19481856713549,2792,1.108,278.1507,"Unknown","[M+H]+","ion correlated with 2136; ion correlated with 1825; ion correlated with 2029; ion correlated with 3450; ion correlated with 4030",0.036,FALSE,"null","null","null","null",999,FALSE,FALSE,FALSE,"null","null","null","null","null",32.83,12918.6666666667,10.2883459325576,23,"Exudate vs Leaf","Exudate","Exudate enriched - FDR supported"
"F1896_mz211.1696_rt1.17",-3.56595379953618,16.4985807622984,-9.2391478709898,0.000264163558820841,0.000980717310117738,1.185015967384,1896,1.169,211.16957,"Unknown","[M+H]+","ion correlated with 986; ion correlated with 3305; ion correlated with 2871; ion correlated with 4726; ion correlated with 3816; ion correlated with 4516; ion correlated with 2872",0.071,FALSE,"null","null","null","null",999,FALSE,FALSE,FALSE,"null","null","null","null","null",120.82,15176.3333333333,72.7745102345603,19,"Exudate vs Leaf","Leaf","Leaf enriched - FDR supported"
"F355_mz103.5607_rt0.39",1.50404201218276,19.9515662180462,9.21618073699898,0.000267280870260402,0.000989265172244291,1.1723873330097,355,0.391,103.5607,"Unknown","[M+H]+","ion correlated with 2593",0.857,FALSE,"null","null","null","null",999,FALSE,FALSE,FALSE,"null","null","null","null","null",291.41,3367,471.04067695962,24,"Exudate vs Leaf","Exudate","Exudate enriched - FDR supported"
"F1061_mz153.033_rt0.39",1.64637198771479,21.6076055598911,9.19701131912516,0.000269916347477069,0.000995983118046085,1.16182101088158,1061,0.392,153.03296,"Unknown","[M+H]+","ion correlated with 16; ion correlated with 964; found in higher mz's MsMs_2296; found in higher mz's MsMs_2006; adduct linked to 94_[M+H]2+",0.75,FALSE,"null","null","null","null",999,FALSE,FALSE,FALSE,"null","null","null","null","null",190.68,5676.66666666667,742.700698643809,24,"Exudate vs Leaf","Exudate","Exudate enriched - FDR supported"
"F585_mz120.081_rt1.17",2.29623391380993,15.5075261360333,9.18176394887695,0.000272034751970507,0.000997863797956912,1.15339967631078,585,1.173,120.08098,"Unknown","[M+H]+","found in higher mz's MsMs_3024",0.036,TRUE,"null","null","null","null",999,FALSE,FALSE,FALSE,"null","null","null","null","null",288.04,19340.6666666667,182.814545454545,24,"Exudate vs Leaf","Exudate","Exudate enriched - FDR supported"
"F1406_mz177.0761_rt0.46",-3.21288917953714,16.391631943219,-9.18151181804921,0.000272069948207362,0.000997863797956912,1.15326029504516,1406,0.462,177.07613,"Unknown","[M+H]+",NA,0.143,FALSE,"null","null","null","null",999,FALSE,FALSE,FALSE,"null","null","null","null","null",75.3,10337.3333333333,54.2813799774303,14,"Exudate vs Leaf","Leaf","Leaf enriched - FDR supported"
"F618_mz123.0442_rt0.83",3.3424340212253,16.5769747210879,9.10167961012152,0.00028349235877768,0.00103662567336176,1.10892089098125,618,0.833,123.0442,"Unknown","[M+H]+","ion correlated with 2017; ion correlated with 474; ion correlated with 2209; ion correlated with 2019; ion correlated with 1377; found in higher mz's MsMs_1477; found in higher mz's MsMs_1214",0.357,TRUE,"null","null","null","null",999,FALSE,FALSE,FALSE,"null","null","null","null","null",120.23,71358.3333333333,67.406585450163,23,"Exudate vs Leaf","Exudate","Exudate enriched - FDR supported"
"F4765_mz559.5183_rt9.1",3.34517158633625,18.7947769110813,9.05411066977412,0.000290570402921224,0.00105931672416326,1.08230299547031,4765,9.095,559.51831,"Unknown","[M+H]+",NA,0.143,TRUE,"null","null","null","null",999,FALSE,FALSE,FALSE,"null","null","null","null","null",194.03,243658.666666667,8.52887565853465,24,"Exudate vs Leaf","Exudate","Exudate enriched - FDR supported"
"F1465_mz181.1225_rt4.46",-3.4920663027578,15.2467369146431,-9.01858760431024,0.000295993716815792,0.00107461812434844,1.06232832919174,1465,4.456,181.12254,"Unknown","[M+H]+","ion correlated with 2383",0.107,FALSE,"null","null","null","null",999,FALSE,FALSE,FALSE,"null","null","null","null","null",4.7,5014,77.4011964107677,22,"Exudate vs Leaf","Leaf","Leaf enriched - FDR supported"
"F47_mz69.0701_rt0.88",3.17153120407367,15.4603757414794,9.01506571770209,0.000296537950293844,0.00107461812434844,1.06034341612181,47,0.878,69.07006,"Unknown","[M+H]+","ion correlated with 988; ion correlated with 2643; ion correlated with 818; ion correlated with 4011; ion correlated with 2204; ion correlated with 2264; ion correlated with 2963; ion correlated with 3334; ion correlated with 3381; ion correlated with 1273; ion correlated with 2802; similar chromatogram in higher mz_2856; found in higher mz's MsMs_4447; similar chromatogram in higher mz_4828; similar chromatogram in higher mz_2901",0.286,FALSE,"null","null","null","null",999,FALSE,FALSE,FALSE,"null","null","null","null","null",30.08,36052,38.5856655479433,21,"Exudate vs Leaf","Exudate","Exudate enriched - FDR supported"
"F2051_mz222.1129_rt1.29",4.70662930872056,13.9628337963578,8.98067890873573,0.000301914867595296,0.00109084717041872,1.0409198975243,2051,1.291,222.11285,"Unknown","[M+H]+","ion correlated with 1648; ion correlated with 2484; ion correlated with 3213; similar chromatogram in higher mz_3843",0.321,TRUE,"null","null","null","null",999,FALSE,FALSE,FALSE,"null","null","null","null","null",178.52,16442.6666666667,176.864263850317,24,"Exudate vs Leaf","Exudate","Exudate enriched - FDR supported"
"F1357_mz174.025_rt0.4",1.71136386983748,18.7226757609036,8.9539803620295,0.000306169862793706,0.00110293831878801,1.02578471026525,1357,0.4,174.02496,"Unknown","[M+H]+",NA,0.5,FALSE,"null","null","null","null",999,FALSE,FALSE,FALSE,"null","null","null","null","null",54.94,32499,17.4473538461538,24,"Exudate vs Leaf","Exudate","Exudate enriched - FDR supported"
"F3507_mz334.9143_rt0.41",5.26982333345974,16.267013119833,8.92658031783445,0.000310611175113682,0.00111562712008287,1.01020214170376,3507,0.41,334.91428,"Unknown","[M+H]+",NA,0.321,FALSE,"null","null","null","null",999,FALSE,FALSE,FALSE,"null","null","null","null","null",451.52,0,171516,24,"Exudate vs Leaf","Exudate","Exudate enriched - FDR supported"
"F2453_mz254.1235_rt0.5",-3.97509636239174,16.5880176749732,-8.87693951022569,0.000318854674678822,0.00113869778609476,0.981842099047212,2453,0.502,254.12352,"Unknown","[M+H]+",NA,0.107,FALSE,"null","null","null","null",999,FALSE,FALSE,FALSE,"null","null","null","null","null",161.95,9163,114.226102138804,19,"Exudate vs Leaf","Leaf","Leaf enriched - FDR supported"
"F2600_mz265.1553_rt1.04",2.43355665604419,14.9645080412119,8.87660905838031,0.000318910417851911,0.00113869778609476,0.98165275066169,2600,1.036,265.15527,"Unknown","[M+H]+","ion correlated with 2168; ion correlated with 2068; ion correlated with 183; ion correlated with 2806",0.357,TRUE,"null","null","null","null",999,FALSE,FALSE,FALSE,"null","null","null","null","null",594.73,16679.6666666667,345.888393749251,24,"Exudate vs Leaf","Exudate","Exudate enriched - FDR supported"
"F2695_mz273.0948_rt0.91",-2.37268625325164,15.0269833631421,-8.81426575844101,0.000329637890677924,0.00117354955801466,0.945796864409798,2695,0.914,273.09485,"Unknown","[M+H]+","ion correlated with 3710; ion correlated with 3389; ion correlated with 1536; ion correlated with 3141; ion correlated with 3860; ion correlated with 1886; ion correlated with 5102; ion correlated with 4002",0.107,FALSE,"null","null","null","null",999,FALSE,FALSE,FALSE,"null","null","null","null","null",36.91,960.666666666667,164.913691507799,9,"Exudate vs Leaf","Leaf","Leaf enriched - FDR supported"
"F114_mz79.0214_rt2.13",-1.78833307379255,21.3020508198332,-8.7920979220902,0.000333555582323602,0.00118402478637676,0.932983123153841,114,2.128,79.02139,"Unknown","[M+H]+","ion correlated with 119",0.036,TRUE,"null","null","null","null",999,FALSE,FALSE,FALSE,"null","null","null","null","null",20.19,2055375.66666667,6.15046925705426,24,"Exudate vs Leaf","Leaf","Leaf enriched - FDR supported"
"F1093_mz156.0144_rt0.39",1.74733812184696,20.5533412980979,8.74479469558243,0.000342102466137408,0.00121082330580412,0.905526784628547,1093,0.393,156.01439,"Unknown","[M+H]+",NA,0.071,FALSE,"null","null","null","null",999,FALSE,FALSE,FALSE,"null","null","null","null","null",259.19,19428.6666666667,99.9614163907427,24,"Exudate vs Leaf","Exudate","Exudate enriched - FDR supported"
"F1171_mz162.0761_rt0.65",-2.45543268982878,17.14500642053,-8.72263339075526,0.000346196253927303,0.00122175073333647,0.892610179018639,1171,0.648,162.07607,"Unknown","[M+H]+",NA,0.107,FALSE,"null","null","null","null",999,FALSE,FALSE,FALSE,"null","null","null","null","null",244.3,29971,30.9836180435073,22,"Exudate vs Leaf","Leaf","Leaf enriched - FDR supported"
"F1335_mz173.0786_rt0.91",3.62784063378603,17.076563347784,8.66774925137258,0.000356588670469455,0.00125477868391281,0.86047331320737,1335,0.912,173.07861,"Unknown","[M+H]+",NA,0.071,FALSE,"null","null","null","null",999,FALSE,FALSE,FALSE,"null","null","null","null","null",16.2,67195.6666666667,6.19789672106751,16,"Exudate vs Leaf","Exudate","Exudate enriched - FDR supported"
"F989_mz147.0504_rt0.4",1.97919116030636,20.4757691275807,8.63419729677267,0.00036312486939469,0.00127408552440796,0.840722825725928,989,0.396,147.05043,"Unknown","[M+H]+","ion correlated with 1093",0.464,FALSE,"null","null","null","null",999,FALSE,FALSE,FALSE,"null","null","null","null","null",15.5,14242.3333333333,119.958506903815,24,"Exudate vs Leaf","Exudate","Exudate enriched - FDR supported"
"F289_mz98.9844_rt0.56",1.79908444665998,18.8646348633821,8.58344618981133,0.000373284875144579,0.0013027978553893,0.810696112276547,289,0.559,98.98435,"Unknown","[M+H]+","found in higher mz's MsMs_953",0.179,FALSE,"null","null","null","null",999,FALSE,FALSE,FALSE,"null","null","null","null","null",51.47,22701.6666666667,25.9521054795325,21,"Exudate vs Leaf","Exudate","Exudate enriched - FDR supported"
"F390_mz107.001_rt0.39",1.97410271928428,19.777215379874,8.58261333269543,0.00037345440994685,0.0013027978553893,0.810201822549477,390,0.392,107.00104,"Unknown","[M+H]+","ion correlated with 772",0.571,FALSE,"null","null","null","null",999,FALSE,FALSE,FALSE,"null","null","null","null","null",128.41,83429,13.7518758240441,24,"Exudate vs Leaf","Exudate","Exudate enriched - FDR supported"
"F4969_mz663.455_rt8.94",3.62209874777259,19.2022830726763,8.57266103106497,0.000375487392358689,0.0013057871675607,0.804291419250073,4969,8.939,663.45496,"Unknown","[M+H]+","ion correlated with 4990; ion correlated with 4968",0.464,TRUE,"null","null","null","null",999,FALSE,FALSE,FALSE,"null","null","null","null","null",2891.11,236371.666666667,8.77418285814209,24,"Exudate vs Leaf","Exudate","Exudate enriched - FDR supported"
"F1557_mz188.092_rt0.72",2.30855545064743,14.8528852678008,8.56493719118338,0.000377074247924283,0.0013057871675607,0.799699545281135,1557,0.718,188.09201,"Unknown","[M+H]+","ion correlated with 2748; similar chromatogram in higher mz_4164",0.179,FALSE,"null","null","null","null",999,FALSE,FALSE,FALSE,"null","null","null","null","null",194.18,16457.3333333333,51.6006075949367,22,"Exudate vs Leaf","Exudate","Exudate enriched - FDR supported"
"F804_mz136.0619_rt0.64",-2.7325026360865,18.1041138560418,-8.56268658239967,0.000377538134937236,0.0013057871675607,0.798360737815273,804,0.643,136.06194,"Unknown","[M+H]+","ion correlated with 60; similar chromatogram in higher mz_2494; similar chromatogram in higher mz_2718; similar chromatogram in higher mz_2874",0.571,TRUE,"null","null","null","null",999,FALSE,FALSE,FALSE,"null","null","null","null","null",1217.92,26421.6666666667,1000.89984609174,22,"Exudate vs Leaf","Leaf","Leaf enriched - FDR supported"
"F900_mz142.0713_rt0.39",1.89699762567145,17.2899725614827,8.53210455174608,0.000383909439222229,0.0013240513045903,0.78013244931497,900,0.393,142.0713,"Unknown","[M+H]+",NA,0.071,FALSE,"null","null","null","null",999,FALSE,FALSE,FALSE,"null","null","null","null","null",26.41,0,219255,24,"Exudate vs Leaf","Exudate","Exudate enriched - FDR supported"
"F617_mz123.0405_rt0.39",2.076465385572,21.1682877633561,8.50742573697873,0.000389144398360744,0.00133830396490069,0.765373519083776,617,0.391,123.0405,"Unknown","[M+H]+",NA,0.821,FALSE,"null","null","null","null",999,FALSE,FALSE,FALSE,"null","null","null","null","null",92.57,61496,86.2093272842578,24,"Exudate vs Leaf","Exudate","Exudate enriched - FDR supported"
"F925_mz144.0658_rt0.47",1.77357469423496,17.7441118983547,8.46174996706191,0.00039905930838877,0.00136852542481346,0.737940864637939,925,0.471,144.06575,"Unknown","[M+H]+","ion correlated with 1541; ion correlated with 4903",0.429,FALSE,"null","null","null","null",999,FALSE,FALSE,FALSE,"null","null","null","null","null",123.27,83452,21.094640096821,24,"Exudate vs Leaf","Exudate","Exudate enriched - FDR supported"
"F3117_mz301.2853_rt1.71",-2.35561126119759,14.6945309781513,-8.44685748010192,0.000402356861758784,0.00137556796594455,0.728963584380664,3117,1.705,301.28531,"Unknown","[M+H]+",NA,0.071,FALSE,"null","null","null","null",999,FALSE,FALSE,FALSE,"null","null","null","null","null",5.6,3254.33333333333,45.3781486790907,24,"Exudate vs Leaf","Leaf","Leaf enriched - FDR supported"
"F1438_mz180.0868_rt0.46",-1.32047963602673,19.2467627404832,-8.4378090294614,0.00040437624868092,0.00137556796594455,0.72350118478,1438,0.463,180.08681,"Unknown","[M+H]+",NA,0.643,TRUE,"null","null","null","null",999,FALSE,FALSE,FALSE,"null","null","null","null","null",952.36,91837.6666666667,135.498951059104,24,"Exudate vs Leaf","Leaf","Leaf enriched - FDR supported"
"F885_mz141.0549_rt1.07",1.97130429051914,15.6632664125647,8.43720196617461,0.000404512161319772,0.00137556796594455,0.723134495602711,885,1.069,141.05486,"Unknown","[M+H]+","ion correlated with 1306; similar chromatogram in higher mz_1284; similar chromatogram in higher mz_2816; similar chromatogram in higher mz_2941; similar chromatogram in higher mz_3277",0.214,TRUE,"null","null","null","null",999,FALSE,FALSE,FALSE,"null","null","null","null","null",736.51,26056.6666666667,531.143719698617,24,"Exudate vs Leaf","Exudate","Exudate enriched - FDR supported"
"F1458_mz181.0862_rt1",-3.68639447370841,17.4165922497459,-8.41538293591879,0.000409433423913174,0.00138841390120277,0.709936983036227,1458,1.004,181.08617,"Unknown","[M+H]+","ion correlated with 3171; ion correlated with 1714; ion correlated with 3311; ion correlated with 1088; ion correlated with 4165; ion correlated with 4759; ion correlated with 2865; ion correlated with 1837",0.143,TRUE,"null","null","null","null",999,FALSE,FALSE,FALSE,"null","null","null","null","null",38.56,16425.3333333333,142.904259420849,19,"Exudate vs Leaf","Leaf","Leaf enriched - FDR supported"
"F2769_mz277.0093_rt0.4",2.89273346782711,17.4460085927569,8.40968586437723,0.000410730105858197,0.00138893133290209,0.70648526408443,2769,0.399,277.00928,"Unknown","[M+H]+",NA,0.143,FALSE,"null","null","null","null",999,FALSE,FALSE,FALSE,"null","null","null","null","null",269.97,0,438441,24,"Exudate vs Leaf","Exudate","Exudate enriched - FDR supported"
"F1690_mz197.1175_rt1.25",-1.82713520436542,18.0520994578722,-8.35827526140011,0.000422655243919493,0.00142528740588407,0.675228158947542,1690,1.246,197.11752,"Unknown","[M+H]+","ion correlated with 4895; ion correlated with 4673; ion correlated with 4062; ion correlated with 827; ion correlated with 4909; ion correlated with 3495; ion correlated with 3284; ion correlated with 4068; found in higher mz's MsMs_3284; found in higher mz's MsMs_3495; similar chromatogram in higher mz_3284; similar chromatogram in higher mz_4031; similar chromatogram in higher mz_4068; similar chromatogram in higher mz_4159; similar chromatogram in higher mz_4174; found in higher mz's MsMs_4031; similar chromatogram in higher mz_4555",0.107,TRUE,"null","null","null","null",999,FALSE,FALSE,FALSE,"null","null","null","null","null",124.02,34386.3333333333,39.7403016614645,24,"Exudate vs Leaf","Leaf","Leaf enriched - FDR supported"
"F2081_mz224.077_rt0.75",-2.57291046550793,17.8287584768245,-8.34492463115806,0.00042581915183273,0.00143197908677267,0.667078983675785,2081,0.746,224.07698,"Unknown","[M+H]+","ion correlated with 697; ion correlated with 1619; ion correlated with 3204; ion correlated with 695; ion correlated with 250; ion correlated with 2174; ion correlated with 1574; ion correlated with 3475; ion correlated with 2265; ion correlated with 2555; ion correlated with 2770",0.107,FALSE,"null","null","null","null",999,FALSE,FALSE,FALSE,"null","null","null","null","null",103.4,34346.6666666667,39.138117096746,18,"Exudate vs Leaf","Leaf","Leaf enriched - FDR supported"
"F187_mz86.9929_rt0.39",2.07229715260735,22.316244494234,8.32043690228378,0.000431695975346612,0.00144488776351218,0.652097144254292,187,0.389,86.99292,"Unknown","[M+H]+","found in higher mz's MsMs_691; found in higher mz's MsMs_427; found in higher mz's MsMs_1037; found in higher mz's MsMs_615; found in higher mz's MsMs_964",0.857,FALSE,"null","null","null","null",999,FALSE,FALSE,FALSE,"null","null","null","null","null",422.41,17556.6666666667,394.851840601447,24,"Exudate vs Leaf","Exudate","Exudate enriched - FDR supported"
"F4230_mz415.2122_rt2.39",5.07966586391034,13.5117207383247,8.31902354655367,0.00043203810391674,0.00144488776351218,0.651231067952033,4230,2.39,415.21222,"Unknown","[M+H]+","ion correlated with 4329; ion correlated with 4403; ion correlated with 4350",0.071,FALSE,"null","null","null","null",999,FALSE,FALSE,FALSE,"null","null","null","null","null",136.17,431,518.935185185185,23,"Exudate vs Leaf","Exudate","Exudate enriched - FDR supported"
"F2822_mz280.9941_rt0.4",2.23399136888911,17.8477697266806,8.3037006311932,0.000435768086061459,0.00145335839691926,0.641831861686374,2822,0.396,280.99411,"Unknown","[M+H]+","ion correlated with 2533",0.5,FALSE,"null","null","null","null",999,FALSE,FALSE,FALSE,"null","null","null","null","null",126.55,0,749235,24,"Exudate vs Leaf","Exudate","Exudate enriched - FDR supported"
"F437_mz110.0602_rt0.69",3.6108300561014,16.5895541795238,8.28874486919971,0.000439445707179913,0.00146160846168881,0.63264083626819,437,0.694,110.06021,"Unknown","[M+H]+","similar chromatogram in higher mz_622; similar chromatogram in higher mz_775; similar chromatogram in higher mz_790; similar chromatogram in higher mz_1031; similar chromatogram in higher mz_2454; similar chromatogram in higher mz_2886; similar chromatogram in higher mz_2888; similar chromatogram in higher mz_4592",0.429,TRUE,"null","null","null","null",999,FALSE,FALSE,FALSE,"null","null","null","null","null",81.6,120898.666666667,53.0821397357037,24,"Exudate vs Leaf","Exudate","Exudate enriched - FDR supported"
"F2926_mz288.1926_rt1",3.58738486837624,14.5845444906764,8.27232204431755,0.000443526709534045,0.00147115143544899,0.622528792021908,2926,0.997,288.19263,"Unknown","[M+H]+","ion correlated with 2829; ion correlated with 3902; ion correlated with 3778; ion correlated with 3743; ion correlated with 1446; ion correlated with 2994; ion correlated with 3132; ion correlated with 2444; ion correlated with 1544; ion correlated with 2620; ion correlated with 3432; ion correlated with 1374; ion correlated with 3627; ion correlated with 1392",0.036,TRUE,"null","null","null","null",999,FALSE,FALSE,FALSE,"null","null","null","null","null",451.42,19189.6666666667,97.1153859515042,24,"Exudate vs Leaf","Exudate","Exudate enriched - FDR supported"
"F2837_mz282.1456_rt1.22",2.85136914866125,14.7028879571623,8.2044759693411,0.000460871468344469,0.00152295829914045,0.580536890863379,2837,1.221,282.14557,"Unknown","[M+H]+","ion correlated with 1980; ion correlated with 2147",0.071,FALSE,"null","null","null","null",999,FALSE,FALSE,FALSE,"null","null","null","null","null",35.19,20132,11.0346197784732,24,"Exudate vs Leaf","Exudate","Exudate enriched - FDR supported"
"F417_mz109.0469_rt0.41",3.87584152497466,17.3625771166077,8.20148471620726,0.000461654575027747,0.00152295829914045,0.578677434288888,417,0.406,109.04688,"Unknown","[M+H]+","ion correlated with 3810",0.179,FALSE,"null","null","null","null",999,FALSE,FALSE,FALSE,"null","null","null","null","null",49.15,4283.66666666667,91.7042165862766,24,"Exudate vs Leaf","Exudate","Exudate enriched - FDR supported"
"F3719_mz353.9471_rt0.39",1.9748767092533,17.4081968972064,8.18907300794258,0.000464920906034748,0.00152957718137177,0.570954598107576,3719,0.391,353.94708,"Unknown","[M+H]+",NA,0.464,FALSE,"null","null","null","null",999,FALSE,FALSE,FALSE,"null","null","null","null","null",1850.14,0,372423,24,"Exudate vs Leaf","Exudate","Exudate enriched - FDR supported"
"F1179_mz162.9737_rt0.62",3.61377086179475,16.7142152406811,8.13231403037025,0.000480212829436829,0.00157306650672813,0.53548673494919,1179,0.622,162.97372,"Unknown","[M+H]+",NA,0.321,FALSE,"null","null","null","null",999,FALSE,FALSE,FALSE,"null","null","null","null","null",21.74,43223.6666666667,8.07902123787344,24,"Exudate vs Leaf","Exudate","Exudate enriched - FDR supported"
"F1334_mz173.0786_rt8.09",2.69885307487753,17.385087576436,8.13042781740363,0.000480731197690391,0.00157306650672813,0.534303789695834,1334,8.087,173.07858,"Unknown","[M+H]+",NA,0.071,TRUE,"null","null","null","null",999,FALSE,FALSE,FALSE,"null","null","null","null","null",6.85,94104,5.45943361139153,24,"Exudate vs Leaf","Exudate","Exudate enriched - FDR supported"
"F1473_mz181.9885_rt0.4",-1.74294055947837,19.0190950960129,-8.12270619263233,0.000482860203139632,0.00157578571669762,0.529458264155092,1473,0.399,181.98851,"Unknown","[M+H]+","ion correlated with 470; ion correlated with 275; ion correlated with 2692",0.25,FALSE,"null","null","null","null",999,FALSE,FALSE,FALSE,"null","null","null","null","null",180.19,52342.3333333333,47.1834490224798,15,"Exudate vs Leaf","Leaf","Leaf enriched - FDR supported"
"F1525_mz186.0764_rt0.91",2.21487912583192,15.5792035022521,8.09668273712558,0.000490118449392567,0.0015951844438675,0.513093678115673,1525,0.913,186.07639,"Unknown","[M+H]+","ion correlated with 1640; ion correlated with 2001; ion correlated with 1797; ion correlated with 1348; ion correlated with 4009; ion correlated with 1678; ion correlated with 2082; similar chromatogram in higher mz_2963",0.429,FALSE,"null","null","null","null",999,FALSE,FALSE,FALSE,"null","null","null","null","null",80.67,14374,58.7650086956522,23,"Exudate vs Leaf","Exudate","Exudate enriched - FDR supported"
"F4714_mz537.5361_rt9.12",2.58322661403562,20.5202639373205,8.07178795365575,0.000497183657292983,0.00161385283410075,0.497389341642145,4714,9.124,537.53607,"Unknown","[M+H]+",NA,0.214,TRUE,"null","null","null","null",999,FALSE,FALSE,FALSE,"null","null","null","null","null",778.09,706723,8.17150825499063,24,"Exudate vs Leaf","Exudate","Exudate enriched - FDR supported"
"F3701_mz352.235_rt1.12",1.35531138288881,16.642224242915,8.06647101887274,0.000498708277732626,0.00161448493111309,0.494028973334773,3701,1.123,352.23495,"Unknown","[M+H]+",NA,0.321,FALSE,"null","null","null","null",999,FALSE,FALSE,FALSE,"null","null","null","null","null",29.34,47873.6666666667,6.76441263298613,24,"Exudate vs Leaf","Exudate","Exudate enriched - FDR supported"
"F115_mz79.0214_rt2.67",-1.5433225768401,20.785938242486,-8.0341996929586,0.000508082236909642,0.00164045700959656,0.473585380999125,115,2.674,79.02139,"Unknown","[M+H]+",NA,0.036,TRUE,"null","null","null","null",999,FALSE,FALSE,FALSE,"null","null","null","null","null",22.9,1401393,5.33001497080764,24,"Exudate vs Leaf","Leaf","Leaf enriched - FDR supported"
"F964_mz146.03_rt0.4",1.66208146111708,21.6812954497923,7.97175341932801,0.000526823205458684,0.00169645456611895,0.4337921380629,964,0.399,146.02997,"Unknown","[M+H]+","ion correlated with 2006; ion correlated with 1061; found in higher mz's MsMs_1285",0.5,TRUE,"null","null","null","null",999,FALSE,FALSE,FALSE,"null","null","null","null","null",304.22,23259,179.917497850387,24,"Exudate vs Leaf","Exudate","Exudate enriched - FDR supported"
"F861_mz139.9881_rt7.71",2.0003596603653,15.4485452350715,7.93013581462621,0.000539770266876687,0.00173354789414894,0.407098905845199,861,7.709,139.98814,"Unknown","[M+H]+",NA,0.036,FALSE,"null","null","null","null",999,FALSE,FALSE,FALSE,"null","null","null","null","null",4.61,36436.6666666667,5.73738713602225,24,"Exudate vs Leaf","Exudate","Exudate enriched - FDR supported"
"F2177_mz231.0657_rt0.4",3.41173436196756,16.2695469479119,7.90772387138959,0.000546899155281805,0.00175180890372589,0.392666330217953,2177,0.401,231.06567,"Unknown","[M+H]+","ion correlated with 1944; ion correlated with 2058; ion correlated with 1639; ion correlated with 2004; ion correlated with 2763",0.357,FALSE,"null","null","null","null",999,FALSE,FALSE,FALSE,"null","null","null","null","null",75.1,0,874380,24,"Exudate vs Leaf","Exudate","Exudate enriched - FDR supported"
"F323_mz101.0254_rt0.39",1.53722725481016,20.2623123918514,7.88403995590643,0.000554554624968861,0.00177165609134789,0.377370498816528,323,0.393,101.02541,"Unknown","[M+2H]2+",NA,0.25,FALSE,"null","null","null","null",999,FALSE,FALSE,FALSE,"null","null","null","null","null",62.68,13914.6666666667,164.101444415168,24,"Exudate vs Leaf","Exudate","Exudate enriched - FDR supported"
"F2392_mz248.1497_rt1.19",2.69608949695601,13.6424852869994,7.86629403978526,0.000560374296086091,0.00178554959435306,0.365879771021045,2392,1.192,248.14972,"Unknown","[M+H]+","ion correlated with 2194; ion correlated with 2707; ion correlated with 2166; ion correlated with 3235; ion correlated with 2358; ion correlated with 1768",0.107,TRUE,"null","null","null","null",999,FALSE,FALSE,FALSE,"null","null","null","null","null",106.81,6117.66666666667,258.656515580737,23,"Exudate vs Leaf","Exudate","Exudate enriched - FDR supported"
"F1173_mz162.0764_rt0.5",-1.92782710751734,17.6588730144731,-7.85723603000038,0.000563372793062238,0.00179040463554334,0.360004696561352,1173,0.495,162.07639,"Unknown","[M+H]+",NA,0.107,FALSE,"null","null","null","null",999,FALSE,FALSE,FALSE,"null","null","null","null","null",306.59,18314.3333333333,195.146161686019,24,"Exudate vs Leaf","Leaf","Leaf enriched - FDR supported"
"F256_mz97.0286_rt0.48",-1.49696641541339,19.4834367561529,-7.83151377336462,0.000571992251495213,0.00180238366881139,0.343284551417603,256,0.477,97.02856,"Unknown","[M+H]+","found in higher mz's MsMs_3782; found in higher mz's MsMs_2608; found in higher mz's MsMs_1698; found in higher mz's MsMs_2771; found in higher mz's MsMs_2814; found in higher mz's MsMs_1438; found in higher mz's MsMs_3407; found in higher mz's MsMs_3408; found in higher mz's MsMs_2790; found in higher mz's MsMs_2833; found in higher mz's MsMs_2482; found in higher mz's MsMs_2572",0.643,FALSE,"null","null","null","null",999,FALSE,FALSE,FALSE,"null","null","null","null","null",206.97,117632,25.2849965570886,24,"Exudate vs Leaf","Leaf","Leaf enriched - FDR supported"
"F3994_mz382.2357_rt5.7",-1.31687978960447,16.8179194478624,-7.83008567590365,0.000572475378869048,0.00180238366881139,0.34235466280438,3994,5.695,382.23569,"Unknown","[M+H]+","ion correlated with 3789; ion correlated with 3356; ion correlated with 4236; ion correlated with 4383",0.107,FALSE,"null","null","null","null",999,FALSE,FALSE,FALSE,"null","null","null","null","null",26.57,15880.6666666667,25.5963689789065,24,"Exudate vs Leaf","Leaf","Leaf enriched - FDR supported"
"F4716_mz537.5362_rt9.18",2.28640616738197,20.3784049683028,7.8283936107273,0.00057304843481475,0.00180238366881139,0.341252678205954,4716,9.183,537.53625,"Unknown","[M+H]+",NA,0.071,TRUE,"null","null","null","null",999,FALSE,FALSE,FALSE,"null","null","null","null","null",366.67,427726.333333333,13.5015944737379,24,"Exudate vs Leaf","Exudate","Exudate enriched - FDR supported"
"F2166_mz230.1392_rt1.18",3.00129711384588,15.2082020842637,7.82829809382969,0.000573080804086652,0.00180238366881139,0.34119046428856,2166,1.182,230.13921,"Unknown","[M+H]+","ion correlated with 2194; ion correlated with 2707; ion correlated with 2946; ion correlated with 3235; ion correlated with 2392; ion correlated with 2358; ion correlated with 1768",0.036,TRUE,"null","null","null","null",999,FALSE,FALSE,FALSE,"null","null","null","null","null",381.39,25106.6666666667,77.8999907066898,24,"Exudate vs Leaf","Exudate","Exudate enriched - FDR supported"
"F4298_mz426.8231_rt0.42",4.22945344335155,15.6668271025111,7.81535361249326,0.000577487672116247,0.00181155047532073,0.332752282313092,4298,0.418,426.82312,"Unknown","[M+H]+",NA,0.357,FALSE,"null","null","null","null",999,FALSE,FALSE,FALSE,"null","null","null","null","null",3063.81,0,227759,22,"Exudate vs Leaf","Exudate","Exudate enriched - FDR supported"
"F3543_mz337.224_rt1.05",2.73203680496794,15.3956640335511,7.78890415379543,0.000586618095748884,0.00183544940267821,0.315467653894886,3543,1.055,337.224,"Unknown","[M+H]+","ion correlated with 2985; ion correlated with 3776; ion correlated with 3921; ion correlated with 3374; ion correlated with 711",0.25,FALSE,"null","null","null","null",999,FALSE,FALSE,FALSE,"null","null","null","null","null",31.08,30571,7.97929477953683,24,"Exudate vs Leaf","Exudate","Exudate enriched - FDR supported"
"F377_mz105.0701_rt1",-6.42887274686587,17.3186503334066,-7.7800638579759,0.000589707972619508,0.00183658012937369,0.309677671128162,377,0.996,105.07007,"Unknown","[M+H]+","ion correlated with 612; similar chromatogram in higher mz_612; found in higher mz's MsMs_612; similar chromatogram in higher mz_1554; similar chromatogram in higher mz_1810; similar chromatogram in higher mz_2793; similar chromatogram in higher mz_3825; similar chromatogram in higher mz_4729; found in higher mz's MsMs_1714; found in higher mz's MsMs_1458; similar chromatogram in higher mz_4272",0.286,TRUE,"null","null","null","null",999,FALSE,FALSE,FALSE,"null","null","null","null","null",133.07,3496.66666666667,2693.39502525493,22,"Exudate vs Leaf","Leaf","Leaf enriched - FDR supported"
"F4329_mz432.2387_rt2.38",4.76236017436591,14.1188294356521,7.77867265014815,0.000590195989777261,0.00183658012937369,0.30876590565589,4329,2.384,432.23874,"Unknown","[M+H]+","ion correlated with 4230; ion correlated with 4403",0.179,TRUE,"null","null","null","null",999,FALSE,FALSE,FALSE,"null","null","null","null","null",56.55,0,296142,23,"Exudate vs Leaf","Exudate","Exudate enriched - FDR supported"
"F4667_mz518.8094_rt0.41",1.87722449850829,17.841897014197,7.77491085607486,0.000591517982360061,0.00183658012937369,0.306299709873836,4667,0.409,518.80945,"Unknown","[M+H]+",NA,0.179,FALSE,"null","null","null","null",999,FALSE,FALSE,FALSE,"null","null","null","null","null",3903.74,0,302390,24,"Exudate vs Leaf","Exudate","Exudate enriched - FDR supported"
"F117_mz79.0214_rt2.48",-1.60853574867297,20.9466001518799,-7.72647774484924,0.000608856955573241,0.00188559271445387,0.274442382389425,117,2.476,79.0214,"Unknown","[M+H]+",NA,0.036,TRUE,"null","null","null","null",999,FALSE,FALSE,FALSE,"null","null","null","null","null",44.35,1603353.66666667,5.72455376893114,24,"Exudate vs Leaf","Leaf","Leaf enriched - FDR supported"
"F2440_mz252.8828_rt0.42",1.81921157290232,19.1636566264114,7.70970794734112,0.000615000815761758,0.00189977351230222,0.263366260569541,2440,0.417,252.8828,"Unknown","[M+H]+",NA,0.75,FALSE,"null","null","null","null",999,FALSE,FALSE,FALSE,"null","null","null","null","null",92.36,0,650121,24,"Exudate vs Leaf","Exudate","Exudate enriched - FDR supported"
"F140_mz81.0172_rt0.93",-2.51853407972089,21.338352451642,-7.65007258729618,0.000637454087902987,0.00196413518455387,0.223786644030663,140,0.929,81.0172,"Unknown","[M+H]+","found in higher mz's MsMs_4588",0.214,TRUE,"null","null","null","null",999,FALSE,FALSE,FALSE,"null","null","null","null","null",216.96,1014418,16.8424201439445,24,"Exudate vs Leaf","Leaf","Leaf enriched - FDR supported"
"F1257_mz167.1068_rt3.55",-3.35927384533268,15.9978174903637,-7.58535849594758,0.000662930469568482,0.00203746225330668,0.180494874281779,1257,3.547,167.10684,"Unknown","[M+H]+","ion correlated with 419; ion correlated with 779; ion correlated with 3115; ion correlated with 3702; ion correlated with 3318; ion correlated with 3338; ion correlated with 397; ion correlated with 597; ion correlated with 625; ion correlated with 994; ion correlated with 1019; ion correlated with 1190; ion correlated with 1630; ion correlated with 2317; ion correlated with 2448; ion correlated with 2474; ion correlated with 2676; ion correlated with 2746; ion correlated with 2954; ion correlated with 3083; ion correlated with 3504; ion correlated with 3745; ion correlated with 3906; ion correlated with 5005; ion correlated with 5013; ion correlated with 5038; ion correlated with 5047; ion correlated with 3515; found in higher mz's MsMs_2448; found in higher mz's MsMs_3083",0.107,FALSE,"null","null","null","null",999,FALSE,FALSE,FALSE,"null","null","null","null","null",41.31,7839.33333333333,97.2856596233153,24,"Exudate vs Leaf","Leaf","Leaf enriched - FDR supported"
"F706_mz129.0523_rt0.74",1.57346963611008,17.8105361192068,7.58079060300622,0.000664774006399499,0.00203796879739645,0.17742555626658,706,0.741,129.05234,"Unknown","[M+H]+",NA,0.429,TRUE,"null","null","null","null",999,FALSE,FALSE,FALSE,"null","null","null","null","null",360.96,155803.333333333,30.458491740709,24,"Exudate vs Leaf","Exudate","Exudate enriched - FDR supported"
"F176_mz85.0286_rt0.78",-1.67558462345887,18.6137887535301,-7.57090842025248,0.000668783192216021,0.00204509520239357,0.17077925370156,176,0.775,85.02858,"Unknown","[M+H]+","found in higher mz's MsMs_2487; found in higher mz's MsMs_2555; found in higher mz's MsMs_2265; found in higher mz's MsMs_951",0.107,TRUE,"null","null","null","null",999,FALSE,FALSE,FALSE,"null","null","null","null","null",21.46,77116.6666666667,23.1407416372383,24,"Exudate vs Leaf","Leaf","Leaf enriched - FDR supported"
"F538_mz117.9459_rt0.4",-1.86385484635614,17.1813002330509,-7.53141951102872,0.000685093130137105,0.00208970618087047,0.144136743071452,538,0.398,117.9459,"Unknown","[M+H]+","ion correlated with 203; ion correlated with 2461; ion correlated with 2186; ion correlated with 3029; ion correlated with 2384; ion correlated with 2405; ion correlated with 422; ion correlated with 3696; ion correlated with 2798; ion correlated with 2366; found in higher mz's MsMs_881",0.214,FALSE,"null","null","null","null",999,FALSE,FALSE,FALSE,"null","null","null","null","null",109.38,29084.6666666667,26.5051858303632,11,"Exudate vs Leaf","Leaf","Leaf enriched - FDR supported"
"F911_mz143.073_rt1.01",1.8780027361629,15.2148304968763,7.50057202774201,0.000698163244764387,0.0021242360379548,0.123230412920025,911,1.008,143.07303,"Unknown","[M+H]+","ion correlated with 4224; ion correlated with 4397; ion correlated with 4637; ion correlated with 3721; ion correlated with 2432; ion correlated with 3269; ion correlated with 4231; ion correlated with 3920; ion correlated with 4454; ion correlated with 4150; ion correlated with 4138; ion correlated with 1750; ion correlated with 2985; ion correlated with 3479; ion correlated with 3776; ion correlated with 3453; ion correlated with 3174; ion correlated with 3921; found in higher mz's MsMs_1810; found in higher mz's MsMs_1554; found in higher mz's MsMs_2762",0.143,FALSE,"null","null","null","null",999,FALSE,FALSE,FALSE,"null","null","null","null","null",27.33,27699.6666666667,9.77388029168973,23,"Exudate vs Leaf","Exudate","Exudate enriched - FDR supported"
"F121_mz79.0214_rt0.93",-2.11999735665131,25.8648602896588,-7.4725760552908,0.000710282168042519,0.00215570638000905,0.104184795973668,121,0.928,79.02144,"Unknown","[M+H]+",NA,0.143,TRUE,"null","null","null","null",999,FALSE,FALSE,FALSE,"null","null","null","null","null",3649.46,22151213,14.5980059151611,24,"Exudate vs Leaf","Leaf","Leaf enriched - FDR supported"
"F242_mz94.0453_rt7.9",4.65793822127368,14.1553098238456,7.45788142572663,0.000716743094978115,0.00216989056684148,0.0941605761219746,242,7.905,94.04533,"Unknown","[M+H]+","ion correlated with 335; ion correlated with 1254; similar chromatogram in higher mz_442; similar chromatogram in higher mz_335; similar chromatogram in higher mz_368; similar chromatogram in higher mz_423; similar chromatogram in higher mz_753; similar chromatogram in higher mz_1254; similar chromatogram in higher mz_1515; similar chromatogram in higher mz_1987; similar chromatogram in higher mz_2557",0.036,FALSE,"null","null","null","null",999,FALSE,FALSE,FALSE,"null","null","null","null","null",2.99,6822,35.2878499193903,24,"Exudate vs Leaf","Exudate","Exudate enriched - FDR supported"
"F512_mz116.0021_rt0.4",4.93810581961784,15.8700777112645,7.43820059009565,0.00072550599862297,0.00219095592618977,0.0807051626570257,512,0.398,116.00211,"Unknown","[M+H]+","ion correlated with 528",0.036,FALSE,"null","null","null","null",999,FALSE,FALSE,FALSE,"null","null","null","null","null",6.76,4088.66666666667,57.541119895672,24,"Exudate vs Leaf","Exudate","Exudate enriched - FDR supported"
"F217_mz89.5452_rt0.39",1.26731651172154,17.8604151589686,7.41967268076831,0.000733872016447748,0.00220974677448114,0.068006739762704,217,0.391,89.54515,"Unknown","[M+H]+",NA,0.536,FALSE,"null","null","null","null",999,FALSE,FALSE,FALSE,"null","null","null","null","null",25.68,0,341181,24,"Exudate vs Leaf","Exudate","Exudate enriched - FDR supported"
"F3864_mz367.2635_rt4.71",-1.50878364818872,15.5813529398452,-7.41638430137588,0.000735368778328154,0.00220974677448114,0.0657498176969513,3864,4.709,367.26346,"Unknown","[M+H]+","ion correlated with 5097; ion correlated with 5103; ion correlated with 1819; ion correlated with 5096",0.107,FALSE,"null","null","null","null",999,FALSE,FALSE,FALSE,"null","null","null","null","null",21.46,6368.33333333333,28.9951852627172,24,"Exudate vs Leaf","Leaf","Leaf enriched - FDR supported"
"F4968_mz663.4544_rt8.99",2.89333186477027,19.495651499563,7.40970115255335,0.00073842190852017,0.00221344246158886,0.061160000529604,4968,8.988,663.45441,"Unknown","[M+H]+","ion correlated with 4969; ion correlated with 4990",0.393,TRUE,"null","null","null","null",999,FALSE,FALSE,FALSE,"null","null","null","null","null",6151.11,212019.666666667,9.78195679037578,24,"Exudate vs Leaf","Exudate","Exudate enriched - FDR supported"
"F3276_mz315.1151_rt0.44",2.43988619480784,16.140548436342,7.39653388615633,0.000744481385819398,0.00222610936547968,0.0521054526062121,3276,0.438,315.11511,"Unknown","[M+H]+",NA,0.107,FALSE,"null","null","null","null",999,FALSE,FALSE,FALSE,"null","null","null","null","null",19.8,0,163754,24,"Exudate vs Leaf","Exudate","Exudate enriched - FDR supported"
"F439_mz111.0204_rt7.96",3.00388967979427,16.4410352627661,7.37839527210724,0.000752925578744454,0.00224330827599096,0.0396070596509217,439,7.957,111.02037,"Unknown","[M+H]+",NA,0.036,TRUE,"null","null","null","null",999,FALSE,FALSE,FALSE,"null","null","null","null","null",4.65,55308.6666666667,7.0444286411658,24,"Exudate vs Leaf","Exudate","Exudate enriched - FDR supported"
"F883_mz141.0512_rt0.4",1.81808905497268,18.0908654062335,7.37625597646278,0.000753928975786089,0.00224330827599096,0.03813104576464,883,0.4,141.05124,"Unknown","[M+H]+","ion correlated with 652",0.214,FALSE,"null","null","null","null",999,FALSE,FALSE,FALSE,"null","null","null","null","null",28.54,61191.3333333333,9.12290755377852,24,"Exudate vs Leaf","Exudate","Exudate enriched - FDR supported"
"F3032_mz296.0981_rt0.46",-2.06844877941095,17.0121304700908,-7.34887209708704,0.000766914106620953,0.00227636607686513,0.0192012901339247,3032,0.46,296.09814,"Unknown","[M+H]+","ion correlated with 3221; ion correlated with 3427; ion correlated with 2572",0.214,FALSE,"null","null","null","null",999,FALSE,FALSE,FALSE,"null","null","null","null","null",300.23,0,2574992,23,"Exudate vs Leaf","Leaf","Leaf enriched - FDR supported"
"F22_mz63.9979_rt0.52",-6.16298901455735,18.2598168440537,-7.29691298876949,0.000792289677168783,0.0023459504099583,-0.0169020197652516,22,0.524,63.99794,"Unknown","[M+H]+","found in higher mz's MsMs_109; found in higher mz's MsMs_1108; found in higher mz's MsMs_1135; found in higher mz's MsMs_100",0.643,TRUE,"null","null","null","null",999,FALSE,FALSE,FALSE,"null","null","null","null","null",2525.49,110460,65.3030028697911,24,"Exudate vs Leaf","Leaf","Leaf enriched - FDR supported"
"F766_mz132.1022_rt1.06",2.45868957328458,17.5819320982697,7.28154582285245,0.000799984690110643,0.00236107381830252,-0.0276265478362996,766,1.058,132.10217,"Unknown","[M+H]+","ion correlated with 2580; ion correlated with 2351; found in higher mz's MsMs_3335",0.357,TRUE,"null","null","null","null",999,FALSE,FALSE,FALSE,"null","null","null","null","null",810.94,117776,157.283807534578,24,"Exudate vs Leaf","Exudate","Exudate enriched - FDR supported"
"F1982_mz217.1048_rt8.68",1.88276591469131,15.9067636187227,7.27896243509309,0.00080128699599723,0.00236107381830252,-0.0294315643400758,1982,8.675,217.10481,"Unknown","[M+H]+","ion correlated with 3467",0.036,FALSE,"null","null","null","null",999,FALSE,FALSE,FALSE,"null","null","null","null","null",16.91,32545.6666666667,6.10756861941827,24,"Exudate vs Leaf","Exudate","Exudate enriched - FDR supported"
"F5016_mz694.4965_rt9.04",2.93289036350687,17.7212799623828,7.27183535543864,0.000804892875631284,0.00236595629786048,-0.0344144134688902,5016,9.036,694.49652,"Unknown","[M+H]+",NA,0.071,TRUE,"null","null","null","null",999,FALSE,FALSE,FALSE,"null","null","null","null","null",169.63,96310,7.62600326027141,24,"Exudate vs Leaf","Exudate","Exudate enriched - FDR supported"
"F4991_mz680.4813_rt8.93",3.33413124193859,19.0391848442422,7.24794592164354,0.000817120733058519,0.00239609799500735,-0.0511503345895861,4991,8.934,680.48126,"Unknown","[M+H]+",NA,0.429,TRUE,"null","null","null","null",999,FALSE,FALSE,FALSE,"null","null","null","null","null",1298.47,194108.666666667,6.17226859730496,24,"Exudate vs Leaf","Exudate","Exudate enriched - FDR supported"
"F4_mz60.0811_rt0.44",-1.48810122992953,17.0154858859711,-7.23807673211212,0.000822236548882481,0.00240528956709237,-0.0580795001968237,4,0.444,60.0811,"Unknown","[M+H]+","found in higher mz's MsMs_1517; found in higher mz's MsMs_364",0.036,FALSE,"null","null","null","null",999,FALSE,FALSE,FALSE,"null","null","null","null","null",2.79,31724.3333333333,17.7507985206355,24,"Exudate vs Leaf","Leaf","Leaf enriched - FDR supported"
"F2815_mz280.1396_rt1.02",-2.41499529602322,16.7495211654892,-7.23148099931956,0.000825676715289269,0.00240954695279128,-0.0627153466939081,2815,1.025,280.13959,"Unknown","[M+H]+",NA,0.143,FALSE,"null","null","null","null",999,FALSE,FALSE,FALSE,"null","null","null","null","null",32.28,14208.6666666667,58.4570362898496,24,"Exudate vs Leaf","Leaf","Leaf enriched - FDR supported"
"F4808_mz582.5939_rt9.11",3.08232839121623,18.2168782267315,7.22138814201374,0.000830974006786695,0.0024186214673939,-0.069816899035728,4808,9.109,582.59387,"Unknown","[M+H]+",NA,0.286,TRUE,"null","null","null","null",999,FALSE,FALSE,FALSE,"null","null","null","null","null",6495.25,209211,5.9675974609487,23,"Exudate vs Leaf","Exudate","Exudate enriched - FDR supported"
"F120_mz79.0214_rt2.97",-1.34742306347498,20.5866870324201,-7.21798202432019,0.00083277081826248,0.0024186214673939,-0.0722156306090369,120,2.971,79.02142,"Unknown","[M+H]+",NA,0.036,TRUE,"null","null","null","null",999,FALSE,FALSE,FALSE,"null","null","null","null","null",21.93,1132114.66666667,5.42298740381946,24,"Exudate vs Leaf","Leaf","Leaf enriched - FDR supported"
"F1560_mz188.1285_rt1.2",2.8259224642663,14.6807746349631,7.21168549211037,0.000836104544841617,0.00242250815617595,-0.0766527257701748,1560,1.201,188.12851,"Unknown","[M+H]+","ion correlated with 1798",0.179,FALSE,"null","null","null","null",999,FALSE,FALSE,FALSE,"null","null","null","null","null",110.98,18947,18.8447857293646,24,"Exudate vs Leaf","Exudate","Exudate enriched - FDR supported"
"F1372_mz175.0455_rt0.39",2.13478933913563,18.7155940429118,7.19826786249439,0.000843261526446001,0.00243308333679069,-0.08612017065097,1372,0.394,175.04552,"Unknown","[M+H]+","ion correlated with 497",0.393,FALSE,"null","null","null","null",999,FALSE,FALSE,FALSE,"null","null","null","null","null",55.31,1777.33333333333,263.831302717901,24,"Exudate vs Leaf","Exudate","Exudate enriched - FDR supported"
"F523_mz116.1072_rt1.14",2.27308133247512,15.2751627474825,7.1973330898803,0.000843762837552621,0.00243308333679069,-0.0867803630235517,523,1.143,116.10721,"Unknown","[M+H]+","ion correlated with 2587; ion correlated with 2253; ion correlated with 1306; ion correlated with 2418; ion correlated with 1519; similar chromatogram in higher mz_2418",0.143,TRUE,"null","null","null","null",999,FALSE,FALSE,FALSE,"null","null","null","null","null",27.44,28338.3333333333,60.8989978592769,24,"Exudate vs Leaf","Exudate","Exudate enriched - FDR supported"
"F311_mz100.1122_rt0.51",-3.74585701357935,18.5064978806319,-7.18772885160243,0.000848934042314171,0.00244219414068579,-0.0935681298499187,311,0.511,100.11218,"Unknown","[M+H]+","ion correlated with 279; similar chromatogram in higher mz_841; similar chromatogram in higher mz_1265; similar chromatogram in higher mz_2231; similar chromatogram in higher mz_2480; similar chromatogram in higher mz_4513; similar chromatogram in higher mz_4757",0.107,FALSE,"null","null","null","null",999,FALSE,FALSE,FALSE,"null","null","null","null","null",235.08,40562.6666666667,98.8978642627639,13,"Exudate vs Leaf","Leaf","Leaf enriched - FDR supported"
"F1984_mz217.1049_rt7.96",2.38933249660917,15.730749505817,7.16311614907014,0.00086235880014915,0.0024749493696952,-0.111002100758869,1984,7.957,217.10492,"Unknown","[M+H]+",NA,0.036,TRUE,"null","null","null","null",999,FALSE,FALSE,FALSE,"null","null","null","null","null",39.84,27444,10.0408088905083,24,"Exudate vs Leaf","Exudate","Exudate enriched - FDR supported"
"F2611_mz266.928_rt0.41",6.27620627334575,15.8945211117006,7.15727613645623,0.000865581042797047,0.00247833817442362,-0.11514703030412,2611,0.406,266.92801,"Unknown","[M+H]+",NA,0.393,FALSE,"null","null","null","null",999,FALSE,FALSE,FALSE,"null","null","null","null","null",53.71,0,199566,24,"Exudate vs Leaf","Exudate","Exudate enriched - FDR supported"
"F1874_mz209.9569_rt0.43",-2.18391654960498,16.3678308260501,-7.15249826331159,0.000868227871109157,0.00248006737770945,-0.118540471459493,1874,0.434,209.95694,"Unknown","[M+H]+",NA,0.286,FALSE,"null","null","null","null",999,FALSE,FALSE,FALSE,"null","null","null","null","null",85.29,3424.66666666667,125.689111608446,22,"Exudate vs Leaf","Leaf","Leaf enriched - FDR supported"
"F291_mz99.0442_rt0.47",1.47434930378236,18.2575942239024,7.14854615375771,0.000870424501996837,0.00248050550569052,-0.12134902907964,291,0.47,99.04417,"Unknown","[M+H]+","found in higher mz's MsMs_2833",0.357,FALSE,"null","null","null","null",999,FALSE,FALSE,FALSE,"null","null","null","null","null",32.98,216857.333333333,5.92407485685739,24,"Exudate vs Leaf","Exudate","Exudate enriched - FDR supported"
"F2127_mz227.1644_rt1.95",2.6465764219547,13.0781938166755,7.13112988056466,0.00088018354635476,0.00250244221375803,-0.133743233025037,2127,1.946,227.16443,"Unknown","[M+H]+","ion correlated with 3808; ion correlated with 3862; ion correlated with 3216; similar chromatogram in higher mz_3216; similar chromatogram in higher mz_3862",0.071,FALSE,"null","null","null","null",999,FALSE,FALSE,FALSE,"null","null","null","null","null",18.31,3667.33333333333,48.8758746024534,23,"Exudate vs Leaf","Exudate","Exudate enriched - FDR supported"
"F1786_mz203.1394_rt0.97",-2.75374455238805,15.5677026015418,-7.11816671850568,0.000887531627721716,0.00251743784124804,-0.142986822797054,1786,0.969,203.13939,"Unknown","[M+H]+","ion correlated with 1958; ion correlated with 1993; ion correlated with 350; ion correlated with 2018; ion correlated with 2210; ion correlated with 1568; ion correlated with 2580",0.607,TRUE,"null","null","null","null",999,FALSE,FALSE,FALSE,"null","null","null","null","null",856.79,2518.66666666667,3826.93557348856,23,"Exudate vs Leaf","Leaf","Leaf enriched - FDR supported"
"F2231_mz236.1049_rt0.52",-1.46073425305119,23.3363215075927,-7.11177720844168,0.000891180232134984,0.00252189464291811,-0.14754876233789,2231,0.521,236.1049,"Unknown","[M+H]+","ion correlated with 2176; ion correlated with 2202",0.214,TRUE,"null","null","null","null",999,FALSE,FALSE,FALSE,"null","null","null","null","null",7038.67,77629.6666666667,546.109814849802,19,"Exudate vs Leaf","Leaf","Leaf enriched - FDR supported"
"F2282_mz240.1444_rt0.92",-1.85821383111595,19.1612985525627,-7.10801229168054,0.000893338441530099,0.002522122948878,-0.150238607376953,2282,0.917,240.14444,"Unknown","[M+H]+","ion correlated with 2069; ion correlated with 1929",0.5,TRUE,"null","null","null","null",999,FALSE,FALSE,FALSE,"null","null","null","null","null",129.1,61396.3333333333,53.5055322706741,24,"Exudate vs Leaf","Leaf","Leaf enriched - FDR supported"
"F1169_mz161.9699_rt9.7",3.46346910727,16.4617773964787,7.09192504148704,0.000902630435246561,0.00254244396378034,-0.161747164557673,1169,9.7,161.96985,"Unknown","[M+H]+",NA,0.179,FALSE,"null","null","null","null",999,FALSE,FALSE,FALSE,"null","null","null","null","null",77.97,14440.6666666667,8.46474321984997,23,"Exudate vs Leaf","Exudate","Exudate enriched - FDR supported"
"F373_mz105.0035_rt0.39",1.86102019716352,22.5563706406599,7.06224367682073,0.000920076945099479,0.002585586600349,-0.183044822918792,373,0.392,105.00348,"Unknown","[M+H]+","ion correlated with 455; found in higher mz's MsMs_691; found in higher mz's MsMs_427; found in higher mz's MsMs_1037; found in higher mz's MsMs_615; found in higher mz's MsMs_964",0.857,TRUE,"null","null","null","null",999,FALSE,FALSE,FALSE,"null","null","null","null","null",512.67,46697.6666666667,174.760128768844,24,"Exudate vs Leaf","Exudate","Exudate enriched - FDR supported"
"F139_mz81.0172_rt0.86",-2.23938717101511,21.8859931170229,-7.0578511242816,0.000922692686880096,0.00258691847935201,-0.186203752790879,139,0.858,81.01715,"Unknown","[M+H]+",NA,0.036,TRUE,"null","null","null","null",999,FALSE,FALSE,FALSE,"null","null","null","null","null",14.05,1153499.33333333,20.4469407753386,24,"Exudate vs Leaf","Leaf","Leaf enriched - FDR supported"
"F16_mz62.024_rt0.39",1.62900232165189,21.5431640572825,7.0524837424998,0.0009259009121299,0.00258691847935201,-0.190066222518319,16,0.389,62.02398,"Unknown","[M+2H]2+","ion correlated with 1061; similar chromatogram in higher mz_663; similar chromatogram in higher mz_49; similar chromatogram in higher mz_142; similar chromatogram in higher mz_174; similar chromatogram in higher mz_921; similar chromatogram in higher mz_2420; similar chromatogram in higher mz_373; similar chromatogram in higher mz_343; similar chromatogram in higher mz_64; similar chromatogram in higher mz_1974; similar chromatogram in higher mz_881; similar chromatogram in higher mz_187; similar chromatogram in higher mz_2274; similar chromatogram in higher mz_1246; similar chromatogram in higher mz_37; similar chromatogram in higher mz_54; similar chromatogram in higher mz_58; similar chromatogram in higher mz_69; similar chromatogram in higher mz_192; similar chromatogram in higher mz_202; similar chromatogram in higher mz_217; similar chromatogram in higher mz_237; similar chromatogram in higher mz_323; similar chromatogram in higher mz_371; similar chromatogram in higher mz_380; similar chromatogram in higher mz_427; similar chromatogram in higher mz_455; similar chromatogram in higher mz_497; similar chromatogram in higher mz_772; similar chromatogram in higher mz_844; similar chromatogram in higher mz_898; similar chromatogram in higher mz_1061; similar chromatogram in higher mz_1697; similar chromatogram in higher mz_1709; similar chromatogram in higher mz_1936; similar chromatogram in higher mz_2097; similar chromatogram in higher mz_2613; similar chromatogram in higher mz_3434; similar chromatogram in higher mz_3606; similar chromatogram in higher mz_3719; similar chromatogram in higher mz_3880; similar chromatogram in higher mz_4122; similar chromatogram in higher mz_4385; similar chromatogram in higher mz_4464; similar chromatogram in higher mz_4518; similar chromatogram in higher mz_4553; similar chromatogram in higher mz_4788; similar chromatogram in higher mz_35; similar chromatogram in higher mz_244; similar chromatogram in higher mz_266; similar chromatogram in higher mz_273; similar chromatogram in higher mz_390; similar chromatogram in higher mz_452; similar chromatogram in higher mz_494; similar chromatogram in higher mz_617; similar chromatogram in higher mz_691; similar chromatogram in higher mz_849; similar chromatogram in higher mz_989; similar chromatogram in higher mz_1037; similar chromatogram in higher mz_1181; similar chromatogram in higher mz_1315; similar chromatogram in higher mz_1353; similar chromatogram in higher mz_2006; similar chromatogram in higher mz_2032; similar chromatogram in higher mz_2320; similar chromatogram in higher mz_2549; similar chromatogram in higher mz_2661; similar chromatogram in higher mz_2822; similar chromatogram in higher mz_3457; similar chromatogram in higher mz_4537; similar chromatogram in higher mz_1473; similar chromatogram in higher mz_2461; similar chromatogram in higher mz_4217; similar chromatogram in higher mz_538; similar chromatogram in higher mz_1014; similar chromatogram in higher mz_2405; similar chromatogram in higher mz_249; similar chromatogram in higher mz_2159; similar chromatogram in higher mz_186; similar chromatogram in higher mz_788; similar chromatogram in higher mz_564; similar chromatogram in higher mz_307; similar chromatogram in higher mz_4827; similar chromatogram in higher mz_88; similar chromatogram in higher mz_467",0.786,FALSE,"null","null","null","null",999,FALSE,FALSE,FALSE,"null","null","null","null","null",490.41,29047,153.583207105481,24,"Exudate vs Leaf","Exudate","Exudate enriched - FDR supported"
"F1258_mz167.1068_rt2.08",-2.32573178532559,15.480731606476,-7.05074405336879,0.000926943606687088,0.00258691847935201,-0.191318722922782,1258,2.08,167.10684,"Unknown","[M+H]+","ion correlated with 378; ion correlated with 742; ion correlated with 957; ion correlated with 1497; ion correlated with 1629; ion correlated with 1658; ion correlated with 2022; ion correlated with 797; ion correlated with 1838; ion correlated with 2911; ion correlated with 420; ion correlated with 628; ion correlated with 995; ion correlated with 1351; ion correlated with 1570; ion correlated with 1694; ion correlated with 1719; ion correlated with 1894; ion correlated with 2137; ion correlated with 2318; ion correlated with 2447; ion correlated with 4946; ion correlated with 596; ion correlated with 1191; ion correlated with 2158; ion correlated with 2500; ion correlated with 2562; ion correlated with 2394; ion correlated with 56; ion correlated with 1140; ion correlated with 1167; ion correlated with 1468; ion correlated with 2582; ion correlated with 3907; ion correlated with 3941; ion correlated with 5039; ion correlated with 2347; ion correlated with 4118; ion correlated with 3777; ion correlated with 3979; ion correlated with 3997; found in higher mz's MsMs_2674",0.107,FALSE,"null","null","null","null",999,FALSE,FALSE,FALSE,"null","null","null","null","null",34.9,8986,25.881940580839,24,"Exudate vs Leaf","Leaf","Leaf enriched - FDR supported"
"F2094_mz225.149_rt1.07",-3.69461397052876,16.0393653074643,-7.04590529877495,0.000929851075891755,0.00258908074801053,-0.194803928160673,2094,1.068,225.14903,"Unknown","[M+H]+","ion correlated with 3937; ion correlated with 4207; ion correlated with 3309; ion correlated with 4550; ion correlated with 4658; ion correlated with 4759; ion correlated with 4694; ion correlated with 4152; ion correlated with 4052; ion correlated with 1020; ion correlated with 1837; ion correlated with 4035; ion correlated with 2128; ion correlated with 799; ion correlated with 4338; ion correlated with 4486; ion correlated with 2012; ion correlated with 3463; ion correlated with 1764; ion correlated with 3971",0.107,FALSE,"null","null","null","null",999,FALSE,FALSE,FALSE,"null","null","null","null","null",94.61,8569.66666666667,79.5929915992533,20,"Exudate vs Leaf","Leaf","Leaf enriched - FDR supported"
"F3660_mz348.9416_rt0.4",1.9040661837632,17.2293673629159,7.03438889471421,0.000936814550233502,0.00260025462397727,-0.203107798851073,3660,0.404,348.94159,"Unknown","[M+H]+",NA,0.214,FALSE,"null","null","null","null",999,FALSE,FALSE,FALSE,"null","null","null","null","null",465.84,0,232030,23,"Exudate vs Leaf","Exudate","Exudate enriched - FDR supported"
"F624_mz123.0556_rt0.6",2.70361167538276,16.0956240332408,7.03219537015178,0.000938147879161486,0.00260025462397727,-0.20469086601664,624,0.6,123.0556,"Unknown","[M+H]+","similar chromatogram in higher mz_1330; found in higher mz's MsMs_2463",0.107,FALSE,"null","null","null","null",999,FALSE,FALSE,FALSE,"null","null","null","null","null",28.01,49524,11.3555174154467,22,"Exudate vs Leaf","Exudate","Exudate enriched - FDR supported"
"F1014_mz149.0481_rt0.4",1.94099445606908,17.3071066778925,6.99878600420845,0.00095873639664742,0.00265126648184503,-0.228859241435299,1014,0.398,149.04814,"Unknown","[M+H]+",NA,0.036,FALSE,"null","null","null","null",999,FALSE,FALSE,FALSE,"null","null","null","null","null",46.14,15891,21.1417694437453,24,"Exudate vs Leaf","Exudate","Exudate enriched - FDR supported"
"F1927_mz214.1079_rt1",2.46137480652304,13.1797813766462,6.94303144150155,0.000994300635003157,0.00274336584294053,-0.269431062098158,1927,0.996,214.10785,"Unknown","[M+H]+","ion correlated with 4067; ion correlated with 4082; ion correlated with 2281; ion correlated with 3351; ion correlated with 4175; ion correlated with 2250; ion correlated with 1606; similar chromatogram in higher mz_4495",0.071,FALSE,"null","null","null","null",999,FALSE,FALSE,FALSE,"null","null","null","null","null",97.89,9194.33333333333,71.7437830783731,23,"Exudate vs Leaf","Exudate","Exudate enriched - FDR supported"
"F2905_mz287.1258_rt0.42",1.76535396892614,17.4865110610128,6.91192367104267,0.00101482245279637,0.00278675215466149,-0.292198610851047,2905,0.415,287.12576,"Unknown","[M+H]+",NA,0.107,FALSE,"null","null","null","null",999,FALSE,FALSE,FALSE,"null","null","null","null","null",31.39,0,227345,24,"Exudate vs Leaf","Exudate","Exudate enriched - FDR supported"
"F2668_mz271.1447_rt1.15",2.19311591393111,15.7726578853435,6.90945178066128,0.00101647458127767,0.00278675215466149,-0.294011812072603,2668,1.145,271.14468,"Unknown","[M+H]+",NA,0.25,FALSE,"null","null","null","null",999,FALSE,FALSE,FALSE,"null","null","null","null","null",29.02,38281.3333333333,8.70077581477966,24,"Exudate vs Leaf","Exudate","Exudate enriched - FDR supported"
"F1287_mz169.0974_rt0.95",2.14369787533237,13.410044907523,6.9087980731946,0.00101691203007829,0.00278675215466149,-0.294491424647312,1287,0.948,169.09741,"Unknown","[M+2H]2+","ion correlated with 1583; ion correlated with 926",0.107,TRUE,"null","null","null","null",999,FALSE,FALSE,FALSE,"null","null","null","null","null",393.58,6014.66666666667,476.469717958663,21,"Exudate vs Leaf","Exudate","Exudate enriched - FDR supported"
"F4990_mz680.4811_rt8.98",2.80784937194198,19.3023257792405,6.89909741732882,0.00102342981509576,0.00279829683677084,-0.301613515917825,4990,8.983,680.48114,"Unknown","[M+H]+","ion correlated with 4969; ion correlated with 4968",0.464,TRUE,"null","null","null","null",999,FALSE,FALSE,FALSE,"null","null","null","null","null",4050.37,178361.666666667,11.3485800466465,24,"Exudate vs Leaf","Exudate","Exudate enriched - FDR supported"
"F652_mz125.0379_rt0.39",1.95496619437936,18.0693199555942,6.87569362738655,0.00103935944742848,0.00283356287980145,-0.318834195661594,652,0.389,125.03793,"Unknown","[M+H]+","ion correlated with 883",0.071,FALSE,"null","null","null","null",999,FALSE,FALSE,FALSE,"null","null","null","null","null",16.46,9198.66666666667,65.5434617196275,24,"Exudate vs Leaf","Exudate","Exudate enriched - FDR supported"
"F522_mz116.1072_rt0.74",-2.09051959771854,17.7333164303954,-6.87331342048313,0.00104099591795012,0.00283356287980145,-0.320588580782988,522,0.742,116.10715,"Unknown","[M+H]+","ion correlated with 1619; ion correlated with 2416; ion correlated with 2174; similar chromatogram in higher mz_1298; similar chromatogram in higher mz_2081; similar chromatogram in higher mz_560; similar chromatogram in higher mz_1371",0.107,FALSE,"null","null","null","null",999,FALSE,FALSE,FALSE,"null","null","null","null","null",153.97,46051.3333333333,30.5695042596466,13,"Exudate vs Leaf","Leaf","Leaf enriched - FDR supported"
"F487_mz114.0551_rt0.75",3.19583638863969,15.998229289261,6.8615573796313,0.00104912349125969,0.00284929735657553,-0.329261809943111,487,0.752,114.05506,"Unknown","[M+H]+","ion correlated with 1537",0.036,FALSE,"null","null","null","null",999,FALSE,FALSE,FALSE,"null","null","null","null","null",23.18,69725,5.21862719788888,23,"Exudate vs Leaf","Exudate","Exudate enriched - FDR supported"
"F5018_mz694.4968_rt8.98",3.47534461698309,17.596863571851,6.83644205135023,0.00106674026714189,0.00289067563462111,-0.347836757029752,5018,8.982,694.49677,"Unknown","[M+H]+",NA,0.214,TRUE,"null","null","null","null",999,FALSE,FALSE,FALSE,"null","null","null","null","null",102.94,122981.666666667,5.97212615327905,24,"Exudate vs Leaf","Exudate","Exudate enriched - FDR supported"
"F4999_mz685.4362_rt8.98",5.64344558660299,16.4356974683159,6.82619010772591,0.00107403190504758,0.00290395263413755,-0.355436885750505,4999,8.976,685.43616,"Unknown","[M+H]+",NA,0.214,TRUE,"null","null","null","null",999,FALSE,FALSE,FALSE,"null","null","null","null","null",1892.75,75177.3333333333,7.6363092202984,23,"Exudate vs Leaf","Exudate","Exudate enriched - FDR supported"
"F2996_mz293.1752_rt1.31",-2.64939108061642,15.6479319459108,-6.82142443347133,0.00107744155562514,0.00290539622057865,-0.358973397831793,2996,1.31,293.17523,"Unknown","[M+H]+","ion correlated with 3495; ion correlated with 4068; ion correlated with 3382; ion correlated with 3870",0.036,FALSE,"null","null","null","null",999,FALSE,FALSE,FALSE,"null","null","null","null","null",25.59,4207.33333333333,94.764594059406,23,"Exudate vs Leaf","Leaf","Leaf enriched - FDR supported"
"F3121_mz302.0275_rt0.53",2.19791966962025,17.1549422419541,6.81876158214826,0.00107935230270261,0.00290539622057865,-0.360950428879606,3121,0.533,302.0275,"Unknown","[M+H]+",NA,0.107,FALSE,"null","null","null","null",999,FALSE,FALSE,FALSE,"null","null","null","null","null",70.71,0,204869,10,"Exudate vs Leaf","Exudate","Exudate enriched - FDR supported"
"F762_mz132.1021_rt0.9",-1.71377382240479,21.3581230531366,-6.78372927700372,0.00110486749443911,0.00296749809347141,-0.387025863953307,762,0.897,132.10208,"Unknown","[M+H]+","similar chromatogram in higher mz_4718; similar chromatogram in higher mz_1762",0.929,TRUE,"null","null","null","null",999,FALSE,FALSE,FALSE,"null","null","null","null","null",18576.29,243925.666666667,3637.65591161278,24,"Exudate vs Leaf","Leaf","Leaf enriched - FDR supported"
"F1218_mz165.0608_rt0.4",1.85797907163953,17.9779940540212,6.77883467624091,0.00110848898932146,0.00297065261155907,-0.390678794915109,1218,0.396,165.06081,"Unknown","[M+H]+",NA,0.107,FALSE,"null","null","null","null",999,FALSE,FALSE,FALSE,"null","null","null","null","null",31.83,12296.3333333333,24.8598612165239,24,"Exudate vs Leaf","Exudate","Exudate enriched - FDR supported"
"F5001_mz685.4364_rt9.06",2.62452516749989,16.7499915268369,6.741602460397,0.00113650194054988,0.00303901620226335,-0.418544569179742,5001,9.058,685.4364,"Unknown","[M+H]+",NA,0.036,FALSE,"null","null","null","null",999,FALSE,FALSE,FALSE,"null","null","null","null","null",40.43,49162.3333333333,6.88946369245373,24,"Exudate vs Leaf","Exudate","Exudate enriched - FDR supported"
"F1767_mz202.144_rt1.29",2.97986299103807,14.0285958697514,6.73463460798909,0.00114183712405764,0.00304657201891422,-0.423775030389718,1767,1.287,202.14401,"Unknown","[M+H]+","ion correlated with 965; ion correlated with 1152",0.321,TRUE,"null","null","null","null",999,FALSE,FALSE,FALSE,"null","null","null","null","null",151.69,13079.6666666667,74.0927067937414,24,"Exudate vs Leaf","Exudate","Exudate enriched - FDR supported"
"F21_mz63.0227_rt0.39",1.61247238080041,18.6000428765522,6.71833847769609,0.00115443103777781,0.00307341947338214,-0.43602697369573,21,0.393,63.02274,"Unknown","[M+H]+","ion correlated with 2852; ion correlated with 2549",0.107,FALSE,"null","null","null","null",999,FALSE,FALSE,FALSE,"null","null","null","null","null",100.45,553.666666666667,1000.59194711538,24,"Exudate vs Leaf","Exudate","Exudate enriched - FDR supported"
"F1778_mz203.0528_rt0.45",-4.55586005814392,17.6649348794332,-6.69976839328343,0.00116898331298024,0.00310535173294969,-0.450021345893648,1778,0.452,203.05275,"Unknown","[M+H]+",NA,0.643,TRUE,"null","null","null","null",999,FALSE,FALSE,FALSE,"null","null","null","null","null",6055.85,15943,3585.44562217762,24,"Exudate vs Leaf","Leaf","Leaf enriched - FDR supported"
"F1860_mz208.8843_rt0.42",-1.79109815237253,17.6379120963745,-6.68947246240073,0.00117714517685985,0.00311993690028,-0.457795434467595,1860,0.418,208.88429,"Unknown","[M+H]+","ion correlated with 3384; ion correlated with 4156; ion correlated with 2989; ion correlated with 2200; ion correlated with 1822; ion correlated with 2220; similar chromatogram in higher mz_4623; similar chromatogram in higher mz_4824",0.321,FALSE,"null","null","null","null",999,FALSE,FALSE,FALSE,"null","null","null","null","null",197.46,0,856413,24,"Exudate vs Leaf","Leaf","Leaf enriched - FDR supported"
"F3693_mz351.2169_rt1.88",-2.74911197012991,15.1204783349652,-6.68637512782053,0.0011796137044716,0.00311993690028,-0.460136232722772,3693,1.883,351.21692,"Unknown","[M+H]+","ion correlated with 3998; ion correlated with 3871; ion correlated with 4050; ion correlated with 4105; ion correlated with 2401; ion correlated with 2581; ion correlated with 3494; ion correlated with 3909; ion correlated with 3995; ion correlated with 3283",0.071,FALSE,"null","null","null","null",999,FALSE,FALSE,FALSE,"null","null","null","null","null",21.7,1673.66666666667,136.888734076433,22,"Exudate vs Leaf","Leaf","Leaf enriched - FDR supported"
"F1020_mz149.0965_rt1.06",-1.59552242863208,16.3025366068032,-6.65756275391934,0.00120287278530766,0.00317453817687717,-0.481958002018263,1020,1.061,149.0965,"Unknown","[M+H]+","ion correlated with 3171; ion correlated with 3624; ion correlated with 3535; ion correlated with 792; ion correlated with 3937; ion correlated with 3565; ion correlated with 567; ion correlated with 3309; ion correlated with 4550; ion correlated with 4658; ion correlated with 4565; ion correlated with 4759; ion correlated with 4694; ion correlated with 4152; ion correlated with 1837; ion correlated with 4035; ion correlated with 2094; ion correlated with 2128; ion correlated with 799; ion correlated with 4338; ion correlated with 4486; ion correlated with 2012; ion correlated with 4283; ion correlated with 3491; ion correlated with 4167; ion correlated with 1747; ion correlated with 1764; ion correlated with 3971; found in higher mz's MsMs_1837; similar chromatogram in higher mz_4035",0.107,TRUE,"null","null","null","null",999,FALSE,FALSE,FALSE,"null","null","null","null","null",11.28,11299.6666666667,34.5951271311427,21,"Exudate vs Leaf","Leaf","Leaf enriched - FDR supported"
"F898_mz142.0352_rt0.39",1.36745029015716,18.2716287552028,6.64404769980728,0.00121396975787433,0.00319687480707036,-0.492223252565796,898,0.394,142.03519,"Unknown","[M+H]+","ion correlated with 1774",0.393,FALSE,"null","null","null","null",999,FALSE,FALSE,FALSE,"null","null","null","null","null",37.66,1782,251.316320807628,24,"Exudate vs Leaf","Exudate","Exudate enriched - FDR supported"
"F1048_mz152.0568_rt0.48",5.11534670333655,17.6955972208299,6.62780527731624,0.00122746682955641,0.00322542149584736,-0.504584892468979,1048,0.484,152.05682,"Unknown","[M+H]+",NA,0.286,TRUE,"null","null","null","null",999,FALSE,FALSE,FALSE,"null","null","null","null","null",107.64,521345,5.46643687685338,22,"Exudate vs Leaf","Exudate","Exudate enriched - FDR supported"
"F5122_mz766.5466_rt9.46",-2.61328254635545,15.0953702454679,-6.62079531881767,0.00123334675428204,0.00323387248314987,-0.509928366352334,5122,9.456,766.54657,"Unknown","[M+H]+","ion correlated with 5128; ion correlated with 5162",0.107,TRUE,"null","null","null","null",999,FALSE,FALSE,FALSE,"null","null","null","null","null",55.41,4018.66666666667,54.0092047433452,24,"Exudate vs Leaf","Leaf","Leaf enriched - FDR supported"
"F2053_mz222.1129_rt1.18",2.41192576048113,15.3947518455694,6.59003714843412,0.00125954382296555,0.00329544439887971,-0.533434414554002,2053,1.179,222.11288,"Unknown","[M+H]+",NA,0.107,TRUE,"null","null","null","null",999,FALSE,FALSE,FALSE,"null","null","null","null","null",453.87,21574.3333333333,150.442820504898,24,"Exudate vs Leaf","Exudate","Exudate enriched - FDR supported"
"F231_mz91.5425_rt0.4",1.41011569189207,21.0601571204164,6.57822902710299,0.00126977546471173,0.00331506970787104,-0.542484496934924,231,0.399,91.54252,"Unknown","[M+2H]2+","ion correlated with 16; similar chromatogram in higher mz_2177; similar chromatogram in higher mz_3304",0.857,FALSE,"null","null","null","null",999,FALSE,FALSE,FALSE,"null","null","null","null","null",250.37,3080,1184.4699772801,24,"Exudate vs Leaf","Exudate","Exudate enriched - FDR supported"
"F3485_mz332.3316_rt3.83",-3.27175343778222,15.1626513496384,-6.55316039802656,0.00129182504998227,0.00336539830617699,-0.561745960901245,3485,3.829,332.33157,"Unknown","[M+H]+",NA,0.143,TRUE,"null","null","null","null",999,FALSE,FALSE,FALSE,"null","null","null","null","null",10.26,7173.33333333333,44.083399154393,24,"Exudate vs Leaf","Leaf","Leaf enriched - FDR supported"
"F1300_mz170.1178_rt0.92",-3.2541712947558,16.0317366430648,-6.54496410967537,0.00129913229930328,0.00337718760461281,-0.568057815277033,1300,0.915,170.11775,"Unknown","[M+H]+","ion correlated with 3650",0.214,FALSE,"null","null","null","null",999,FALSE,FALSE,FALSE,"null","null","null","null","null",55.78,7564.33333333333,78.031327106098,17,"Exudate vs Leaf","Leaf","Leaf enriched - FDR supported"
"F2631_mz268.1044_rt0.87",-1.77222081329547,19.1542334676475,-6.5358103533661,0.00130735103424972,0.0033912909307247,-0.575115321777929,2631,0.869,268.1044,"Unknown","[M+H]+","ion correlated with 1477",0.643,TRUE,"null","null","null","null",999,FALSE,FALSE,FALSE,"null","null","null","null","null",13901.03,36097.3333333333,3336.55562121982,24,"Exudate vs Leaf","Leaf","Leaf enriched - FDR supported"
"F3074_mz299.1103_rt1.51",1.51851492322405,15.1007940552497,6.52267705380687,0.00131925049704596,0.00341486162774797,-0.585256400250586,3074,1.513,299.11035,"Unknown","[M+H]+",NA,0.036,TRUE,"null","null","null","null",999,FALSE,FALSE,FALSE,"null","null","null","null","null",25.63,11780.6666666667,41.0111755552412,24,"Exudate vs Leaf","Exudate","Exudate enriched - FDR supported"
"F238_mz94.0452_rt0.39",1.29348311532439,23.3792671489953,6.51416070560972,0.00132703524253027,0.0034277037966633,-0.591842124470869,238,0.39,94.04518,"Unknown","[M+H]2+","adduct linked to 1556_[M+H]+",0.857,TRUE,"null","null","null","null",999,FALSE,FALSE,FALSE,"null","null","null","null","null",117.41,71247,235.171331125084,24,"Exudate vs Leaf","Exudate","Exudate enriched - FDR supported"
"F1592_mz191.1029_rt0.48",-2.84019384824636,16.3601226791209,-6.47029820920699,0.00136800079920239,0.00352601479879341,-0.625882483245415,1592,0.476,191.10289,"Unknown","[M+H]+","similar chromatogram in higher mz_3388; similar chromatogram in higher mz_2873; similar chromatogram in higher mz_4065",0.5,FALSE,"null","null","null","null",999,FALSE,FALSE,FALSE,"null","null","null","null","null",107.12,1018,1881.97546614328,23,"Exudate vs Leaf","Leaf","Leaf enriched - FDR supported"
"F2071_mz223.1446_rt0.97",3.01048555946783,15.0865989034555,6.46412470613809,0.00137388585899442,0.00353368100173565,-0.630689926471628,2071,0.971,223.14462,"Unknown","[M+H]+","ion correlated with 1780; ion correlated with 928; ion correlated with 2214; ion correlated with 655; ion correlated with 1916; ion correlated with 1499; ion correlated with 855; ion correlated with 2123",0.071,FALSE,"null","null","null","null",999,FALSE,FALSE,FALSE,"null","null","null","null","null",69.03,21499.3333333333,16.6823925210462,24,"Exudate vs Leaf","Exudate","Exudate enriched - FDR supported"
"F2078_mz223.9891_rt0.38",1.30516682408931,21.1963113193671,6.45086566364632,0.00138662690062481,0.00355891132633937,-0.641028749391658,2078,0.382,223.98914,"Unknown","[M+H]+",NA,0.786,FALSE,"null","null","null","null",999,FALSE,FALSE,FALSE,"null","null","null","null","null",179.88,59519.3333333333,57.6990216228628,24,"Exudate vs Leaf","Exudate","Exudate enriched - FDR supported"
"F854_mz139.0505_rt0.77",3.43847734618401,16.0841555158489,6.41435629039562,0.00142243847981059,0.00364312302635032,-0.669594224744475,854,0.773,139.05048,"Unknown","[M+H]+",NA,0.036,FALSE,"null","null","null","null",999,FALSE,FALSE,FALSE,"null","null","null","null","null",13.2,11877.6666666667,12.0106072510944,19,"Exudate vs Leaf","Exudate","Exudate enriched - FDR supported"
"F106_mz78.9994_rt0.53",-3.87810205850448,18.956476794274,-6.41077638349837,0.00142600848585141,0.0036445774775234,-0.672402889557606,106,0.532,78.99937,"Unknown","[M+H]+",NA,0.036,TRUE,"null","null","null","null",999,FALSE,FALSE,FALSE,"null","null","null","null","null",3146.21,93457.3333333333,59.8562674988854,24,"Exudate vs Leaf","Leaf","Leaf enriched - FDR supported"
"F1964_mz215.9941_rt0.39",2.04356958076004,17.1464101894553,6.405593940108,0.0014311953796352,0.00365014956066625,-0.67647128737951,1964,0.39,215.99408,"Unknown","[M+H]+",NA,0.321,FALSE,"null","null","null","null",999,FALSE,FALSE,FALSE,"null","null","null","null","null",44.84,8776,20.369146633246,24,"Exudate vs Leaf","Exudate","Exudate enriched - FDR supported"
"F2052_mz222.1129_rt0.99",2.52275895879572,15.3298582430181,6.39955465166604,0.00143726801871362,0.00365235376700152,-0.68121598495466,2052,0.99,222.11285,"Unknown","[M+H]+",NA,0.429,TRUE,"null","null","null","null",999,FALSE,FALSE,FALSE,"null","null","null","null","null",55.47,27155.3333333333,24.967435466251,23,"Exudate vs Leaf","Exudate","Exudate enriched - FDR supported"
"F387_mz106.05_rt0.45",-3.01117537959492,17.5108369774509,-6.39875269856822,0.00143807668914887,0.00365235376700152,-0.681846325632834,387,0.447,106.04995,"Unknown","[M+H]+","ion correlated with 336; ion correlated with 783; ion correlated with 776; ion correlated with 4587; similar chromatogram in higher mz_3459; similar chromatogram in higher mz_3276",0.571,TRUE,"null","null","null","null",999,FALSE,FALSE,FALSE,"null","null","null","null","null",1893.79,0,9271356,22,"Exudate vs Leaf","Leaf","Leaf enriched - FDR supported"
"F597_mz121.1013_rt3.55",-2.72570880585709,15.6489194084563,-6.37528717539633,0.00146197861962873,0.00370530698168953,-0.700321113919577,597,3.547,121.10133,"Unknown","[M+H]+","ion correlated with 1041; ion correlated with 419; ion correlated with 779; ion correlated with 2157; ion correlated with 3115; ion correlated with 3702; ion correlated with 856; ion correlated with 3318; ion correlated with 3338; ion correlated with 397; ion correlated with 625; ion correlated with 994; ion correlated with 1019; ion correlated with 1190; ion correlated with 1257; ion correlated with 1349; ion correlated with 1630; ion correlated with 1752; ion correlated with 2317; ion correlated with 2448; ion correlated with 2474; ion correlated with 2676; ion correlated with 2746; ion correlated with 2954; ion correlated with 3083; ion correlated with 3098; ion correlated with 3118; ion correlated with 3504; ion correlated with 3745; ion correlated with 3906; ion correlated with 5005; ion correlated with 5013; ion correlated with 5038; ion correlated with 5047; ion correlated with 3515; ion correlated with 4188; found in higher mz's MsMs_3702; found in higher mz's MsMs_3318; found in higher mz's MsMs_2676; found in higher mz's MsMs_5005; found in higher mz's MsMs_3847; found in higher mz's MsMs_3976; found in higher mz's MsMs_2954; found in higher mz's MsMs_3083; found in higher mz's MsMs_3504",0.107,FALSE,"null","null","null","null",999,FALSE,FALSE,FALSE,"null","null","null","null","null",29.39,5251,89.1519421172887,24,"Exudate vs Leaf","Leaf","Leaf enriched - FDR supported"
"F1401_mz177.0396_rt0.62",-3.65619571324376,16.459137277664,-6.35164794094616,0.00148653372321555,0.00375969154163267,-0.718992934209583,1401,0.623,177.03958,"Unknown","[M+H]+","ion correlated with 1506; ion correlated with 2355; ion correlated with 4170; ion correlated with 2201; similar chromatogram in higher mz_3368",0.107,FALSE,"null","null","null","null",999,FALSE,FALSE,FALSE,"null","null","null","null","null",125.73,18817.3333333333,48.76191657072,8,"Exudate vs Leaf","Leaf","Leaf enriched - FDR supported"
"F1214_mz165.0548_rt0.83",-2.64655037894419,15.7962788540958,-6.34832373489385,0.0014900256742988,0.00376068850020528,-0.721623477397453,1214,0.833,165.05482,"Unknown","[M+H]+","ion correlated with 806",0.357,TRUE,"null","null","null","null",999,FALSE,FALSE,FALSE,"null","null","null","null","null",1207.12,10033.6666666667,2076.01146027106,24,"Exudate vs Leaf","Leaf","Leaf enriched - FDR supported"
"F1906_mz212.852_rt0.43",-2.48819279718729,17.9345616079967,-6.34460989940983,0.00149393838706321,0.00376274108276917,-0.724563768015033,1906,0.43,212.85202,"Unknown","[M+H]+",NA,0.429,FALSE,"null","null","null","null",999,FALSE,FALSE,FALSE,"null","null","null","null","null",9298.76,0,1557993,18,"Exudate vs Leaf","Leaf","Leaf enriched - FDR supported"
"F667_mz126.055_rt0.74",4.01455690470421,16.6414663727643,6.32228189677248,0.00151771964936174,0.00381472392199824,-0.742272825441808,667,0.74,126.05503,"Unknown","[M+H]+","ion correlated with 2509; ion correlated with 1268; ion correlated with 2341; ion correlated with 2165",0.071,FALSE,"null","null","null","null",999,FALSE,FALSE,FALSE,"null","null","null","null","null",74.95,116228.666666667,7.91057934147621,24,"Exudate vs Leaf","Exudate","Exudate enriched - FDR supported"
"F246_mz95.0493_rt0.83",2.28346002916416,16.267398975849,6.31088823349692,0.00153002714717376,0.00383771272039039,-0.751330499984725,246,0.828,95.04926,"Unknown","[M+H]+","ion correlated with 3644; ion correlated with 3325; ion correlated with 2072; similar chromatogram in higher mz_1477; found in higher mz's MsMs_1477; similar chromatogram in higher mz_1214; found in higher mz's MsMs_1214; similar chromatogram in higher mz_1813; found in higher mz's MsMs_1900; similar chromatogram in higher mz_338; similar chromatogram in higher mz_1792; similar chromatogram in higher mz_1481; similar chromatogram in higher mz_1501; similar chromatogram in higher mz_3812; similar chromatogram in higher mz_5003",0.25,FALSE,"null","null","null","null",999,FALSE,FALSE,FALSE,"null","null","null","null","null",19.05,37991.3333333333,10.3069742140958,21,"Exudate vs Leaf","Exudate","Exudate enriched - FDR supported"
"F1630_mz193.1227_rt3.55",-3.40715188281962,15.5192504145784,-6.30433340461603,0.00153716113957789,0.00384765695556197,-0.756547868478339,1630,3.547,193.12271,"Unknown","[M+H]+","ion correlated with 419; ion correlated with 779; ion correlated with 2157; ion correlated with 3115; ion correlated with 3702; ion correlated with 856; ion correlated with 3318; ion correlated with 3338; ion correlated with 397; ion correlated with 597; ion correlated with 625; ion correlated with 994; ion correlated with 1019; ion correlated with 1190; ion correlated with 1257; ion correlated with 1349; ion correlated with 1752; ion correlated with 2317; ion correlated with 2448; ion correlated with 2474; ion correlated with 2676; ion correlated with 2746; ion correlated with 2954; ion correlated with 3083; ion correlated with 3098; ion correlated with 3118; ion correlated with 3504; ion correlated with 3745; ion correlated with 3906; ion correlated with 5005; ion correlated with 5013; ion correlated with 5038; ion correlated with 5047; ion correlated with 3515",0.107,FALSE,"null","null","null","null",999,FALSE,FALSE,FALSE,"null","null","null","null","null",7.01,2409,245.783817427386,20,"Exudate vs Leaf","Leaf","Leaf enriched - FDR supported"
"F621_mz123.0553_rt0.49",1.43387138192759,17.3987077113471,6.28056958703471,0.0015633562706785,0.0039051738942463,-0.775502445190521,621,0.492,123.05533,"Unknown","[M+H]+","similar chromatogram in higher mz_2790; similar chromatogram in higher mz_1607; similar chromatogram in higher mz_1236; similar chromatogram in higher mz_3687; similar chromatogram in higher mz_4399; similar chromatogram in higher mz_3915; similar chromatogram in higher mz_1500; similar chromatogram in higher mz_1884; similar chromatogram in higher mz_3859",0.143,FALSE,"null","null","null","null",999,FALSE,FALSE,FALSE,"null","null","null","null","null",23.25,55721,12.8865439144324,20,"Exudate vs Leaf","Exudate","Exudate enriched - FDR supported"
"F1774_mz202.9707_rt0.38",1.38126849228853,18.3591719149822,6.27481900281985,0.00156977423606025,0.0039131538451276,-0.780098590237386,1774,0.384,202.97069,"Unknown","[M+H]+","ion correlated with 2852; ion correlated with 898",0.25,FALSE,"null","null","null","null",999,FALSE,FALSE,FALSE,"null","null","null","null","null",161.82,4173,111.591039770005,24,"Exudate vs Leaf","Exudate","Exudate enriched - FDR supported"
"F2128_mz227.1645_rt1.07",-3.20757622488463,15.9927413373659,-6.24654769851482,0.00160178283001623,0.00398476302385186,-0.802747537667012,2128,1.073,227.16451,"Unknown","[M+H]+","ion correlated with 3937; ion correlated with 4037; ion correlated with 4247; ion correlated with 4207; ion correlated with 3309; ion correlated with 4550; ion correlated with 4658; ion correlated with 4668; ion correlated with 4694; ion correlated with 4152; ion correlated with 4052; ion correlated with 1020; ion correlated with 3741; ion correlated with 4035; ion correlated with 2094; ion correlated with 4486; ion correlated with 3491; ion correlated with 1040; ion correlated with 3638; ion correlated with 4167; ion correlated with 4019; ion correlated with 1747; ion correlated with 1764; ion correlated with 3971; ion correlated with 4724; ion correlated with 3194; ion correlated with 4640; ion correlated with 4223; similar chromatogram in higher mz_3699",0.071,FALSE,"null","null","null","null",999,FALSE,FALSE,FALSE,"null","null","null","null","null",56.27,8746,54.4580999199726,16,"Exudate vs Leaf","Leaf","Leaf enriched - FDR supported"
"F1105_mz156.9825_rt0.51",-2.12816861660697,15.4884793133544,-6.23588560159519,0.00161405416873664,0.00399922009027363,-0.811312253346123,1105,0.514,156.9825,"Unknown","[M+H]+",NA,0.321,FALSE,"null","null","null","null",999,FALSE,FALSE,FALSE,"null","null","null","null","null",26.22,10056,37.0012926319976,18,"Exudate vs Leaf","Leaf","Leaf enriched - FDR supported"
"F1889_mz211.0869_rt1.82",3.17052065777001,13.2672815998534,6.23577439975709,0.00161418273824883,0.00399922009027363,-0.81140164681401,1889,1.816,211.08687,"Unknown","[M+H]+",NA,0.429,TRUE,"null","null","null","null",999,FALSE,FALSE,FALSE,"null","null","null","null","null",196.53,6165,251.086279597794,24,"Exudate vs Leaf","Exudate","Exudate enriched - FDR supported"
"F4403_mz446.2543_rt2.39",4.63251387994571,13.733221216124,6.22283913620072,0.00162922113066711,0.0040282575409977,-0.821809499305053,4403,2.39,446.2543,"Unknown","[M+H]+","ion correlated with 4329; ion correlated with 4230",0.071,FALSE,"null","null","null","null",999,FALSE,FALSE,FALSE,"null","null","null","null","null",1070.08,0,233101,23,"Exudate vs Leaf","Exudate","Exudate enriched - FDR supported"
"F2842_mz282.2797_rt6.36",1.67768355278278,14.7201068053802,6.219765133857,0.00163281922657067,0.00402894825418048,-0.824285616012559,2842,6.362,282.27975,"Unknown","[M+H]+","similar chromatogram in higher mz_4772",0.393,TRUE,"null","null","null","null",999,FALSE,FALSE,FALSE,"null","null","null","null","null",265.23,13595,561.078846719623,24,"Exudate vs Leaf","Exudate","Exudate enriched - FDR supported"
"F1283_mz169.0585_rt0.45",1.66333930122389,18.560189804672,6.21658465520171,0.00163655183374327,0.00402996739587085,-0.826848609085152,1283,0.448,169.05853,"Unknown","[M+H]+",NA,0.107,FALSE,"null","null","null","null",999,FALSE,FALSE,FALSE,"null","null","null","null","null",223.34,222721.666666667,12.216560805067,24,"Exudate vs Leaf","Exudate","Exudate enriched - FDR supported"
"F777_mz133.061_rt0.53",-4.16767164855673,16.3919287605341,-6.21258881525319,0.00164125564032831,0.00403336912420763,-0.830070262502923,777,0.532,133.06096,"Unknown","[M+H]+",NA,0.036,FALSE,"null","null","null","null",999,FALSE,FALSE,FALSE,"null","null","null","null","null",186.12,1195,1713.29347826087,22,"Exudate vs Leaf","Leaf","Leaf enriched - FDR supported"
"F4650_mz510.785_rt0.42",2.86728007100674,15.3400907870497,6.16448478195403,0.00169915436919082,0.0041672189983791,-0.868994595140515,4650,0.418,510.78497,"Unknown","[M+H]+",NA,0.107,FALSE,"null","null","null","null",999,FALSE,FALSE,FALSE,"null","null","null","null","null",2154.23,0,110951,20,"Exudate vs Leaf","Exudate","Exudate enriched - FDR supported"
"F2989_mz292.8458_rt0.42",-2.26441906283918,18.3640157017867,-6.16045880620498,0.00170410855918347,0.00417094312671116,-0.872264090169801,2989,0.419,292.84579,"Unknown","[M+H]+","ion correlated with 2200; ion correlated with 1822; ion correlated with 2220",0.357,FALSE,"null","null","null","null",999,FALSE,FALSE,FALSE,"null","null","null","null","null",3317.82,0,1775201,23,"Exudate vs Leaf","Leaf","Leaf enriched - FDR supported"
"F3861_mz367.212_rt1.36",-2.70165732688403,14.5630884082168,-6.12120185833796,0.00175332113820708,0.00428276028527847,-0.904240728920326,3861,1.359,367.21198,"Unknown","[M+H]+",NA,0.036,FALSE,"null","null","null","null",999,FALSE,FALSE,FALSE,"null","null","null","null","null",106.48,2368,77.2059940903335,21,"Exudate vs Leaf","Leaf","Leaf enriched - FDR supported"
"F2618_mz267.1208_rt1.35",-3.25678519896126,15.2244891190144,-6.10724738730757,0.0017712173204837,0.00431778680133979,-0.915649442271637,2618,1.352,267.12079,"Unknown","[M+H]+","ion correlated with 2996; ion correlated with 2121; ion correlated with 3162; ion correlated with 3382; ion correlated with 2747; ion correlated with 3870; ion correlated with 3872; ion correlated with 1599; ion correlated with 3711; ion correlated with 3249",0.071,FALSE,"null","null","null","null",999,FALSE,FALSE,FALSE,"null","null","null","null","null",47.76,1679,170.369047619048,13,"Exudate vs Leaf","Leaf","Leaf enriched - FDR supported"
"F2906_mz287.1397_rt1.03",2.85364692390638,13.9277024443648,6.09427323011464,0.0017880499682639,0.00435008549393262,-0.92627659409161,2906,1.035,287.13971,"Unknown","[M+H]+","ion correlated with 2434; ion correlated with 1436",0.071,FALSE,"null","null","null","null",999,FALSE,FALSE,FALSE,"null","null","null","null","null",148.98,10793,49.6844543264777,24,"Exudate vs Leaf","Exudate","Exudate enriched - FDR supported"
"F2943_mz289.1422_rt0.42",1.82348325971009,17.8085036534732,6.0688015579369,0.0018216492057352,0.00442296427152506,-0.947196475113082,2943,0.415,289.14215,"Unknown","[M+H]+",NA,0.25,FALSE,"null","null","null","null",999,FALSE,FALSE,FALSE,"null","null","null","null","null",20.2,0,248020,24,"Exudate vs Leaf","Exudate","Exudate enriched - FDR supported"
"F2965_mz290.8478_rt0.42",-1.92905068525408,20.3776433266901,-6.06257391991297,0.00182997696821725,0.00443431544793562,-0.952322553835658,2965,0.418,290.84775,"Unknown","[M+H]+","ion correlated with 1828; ion correlated with 1657; ion correlated with 1505; ion correlated with 2176; ion correlated with 2202",0.786,TRUE,"null","null","null","null",999,FALSE,FALSE,FALSE,"null","null","null","null","null",18719.76,0,6420465,24,"Exudate vs Leaf","Leaf","Leaf enriched - FDR supported"
"F1463_mz181.1225_rt2.67",-2.41860911260833,15.4771228587921,-6.04077608291871,0.0018594815001782,0.00448808409367897,-0.970299889353305,1463,2.667,181.12253,"Unknown","[M+H]+","ion correlated with 3748; ion correlated with 3296; ion correlated with 1918; similar chromatogram in higher mz_1918",0.107,FALSE,"null","null","null","null",999,FALSE,FALSE,FALSE,"null","null","null","null","null",3.66,6815.66666666667,35.7173105134474,24,"Exudate vs Leaf","Leaf","Leaf enriched - FDR supported"
"F792_mz135.0807_rt1",-2.73764537994465,16.7088726955757,-6.04071835621447,0.00185956037818824,0.00448808409367897,-0.970347571039118,792,1.005,135.08067,"Unknown","[M+H]+","ion correlated with 4843; ion correlated with 3955; ion correlated with 4029; ion correlated with 3171; ion correlated with 1458; ion correlated with 3937; ion correlated with 3803; ion correlated with 4550; ion correlated with 4165; ion correlated with 4912; ion correlated with 4759; ion correlated with 2865; ion correlated with 4035; found in higher mz's MsMs_1714",0.107,FALSE,"null","null","null","null",999,FALSE,FALSE,FALSE,"null","null","null","null","null",131.12,14171.6666666667,68.9503974787149,16,"Exudate vs Leaf","Leaf","Leaf enriched - FDR supported"
"F3197_mz307.1775_rt1.02",-1.98562610809432,15.9419693243389,-6.01414212832379,0.00189629717713992,0.00456766820049179,-0.992340200666595,3197,1.022,307.17749,"Unknown","[M+H]+","ion correlated with 761",0.321,FALSE,"null","null","null","null",999,FALSE,FALSE,FALSE,"null","null","null","null","null",126.28,5579.66666666667,108.571078724167,23,"Exudate vs Leaf","Leaf","Leaf enriched - FDR supported"
"F423_mz109.5218_rt7.93",2.2662665536775,13.9918556467801,6.00266051361272,0.00191243283208814,0.00459340574941421,-1.00186691102376,423,7.931,109.52176,"Unknown","[M+H]+","ion correlated with 2557",0.071,FALSE,"null","null","null","null",999,FALSE,FALSE,FALSE,"null","null","null","null","null",15.73,12454.3333333333,9.43290692073007,24,"Exudate vs Leaf","Exudate","Exudate enriched - FDR supported"
"F1870_mz209.1539_rt1.17",-1.60656960823015,17.3538538330517,-6.00116271493055,0.00191454967809192,0.00459340574941421,-1.00311081837135,1870,1.167,209.15385,"Unknown","[M+H]+","ion correlated with 3680; ion correlated with 1764; ion correlated with 3971; ion correlated with 4724; ion correlated with 4684; ion correlated with 4647; ion correlated with 4639; ion correlated with 4709; ion correlated with 3143; ion correlated with 4250; ion correlated with 1598; ion correlated with 798; ion correlated with 4952; ion correlated with 4960; ion correlated with 4792; ion correlated with 4062; ion correlated with 4100; ion correlated with 4871",0.107,FALSE,"null","null","null","null",999,FALSE,FALSE,FALSE,"null","null","null","null","null",55.1,31347,24.7126451448258,24,"Exudate vs Leaf","Leaf","Leaf enriched - FDR supported"
"F772_mz132.9984_rt0.39",1.81638608921933,20.0026667764132,5.99503800724067,0.00192323456145999,0.00460514153375233,-1.0082000451988,772,0.392,132.99841,"Unknown","[M+H]+","ion correlated with 2032; ion correlated with 390",0.714,FALSE,"null","null","null","null",999,FALSE,FALSE,FALSE,"null","null","null","null","null",141.7,8975.66666666667,151.578759747494,24,"Exudate vs Leaf","Exudate","Exudate enriched - FDR supported"
"F881_mz140.9619_rt0.4",-1.58145378975752,21.2110817689353,-5.98680046859122,0.00193498883862059,0.00462416624032558,-1.0150517850715,881,0.396,140.96194,"Unknown","[M+H]+",NA,0.429,TRUE,"null","null","null","null",999,FALSE,FALSE,FALSE,"null","null","null","null","null",229.33,230588,50.7944437939364,23,"Exudate vs Leaf","Leaf","Leaf enriched - FDR supported"
"F461_mz112.0759_rt1.22",3.58967085026653,14.0981049161043,5.98311836021563,0.00194027028559137,0.0046276780485421,-1.01811701245708,461,1.223,112.07594,"Unknown","[M+H]+","found in higher mz's MsMs_1444",0.179,TRUE,"null","null","null","null",999,FALSE,FALSE,FALSE,"null","null","null","null","null",10.53,24447.3333333333,19.4510191560434,24,"Exudate vs Leaf","Exudate","Exudate enriched - FDR supported"
"F1539_mz187.087_rt1.16",2.24564930470206,14.6092446566824,5.9713268328883,0.00195729826714836,0.004659137443761,-1.02794370418492,1539,1.155,187.08696,"Unknown","[M+H]+","ion correlated with 2235; ion correlated with 1980",0.071,FALSE,"null","null","null","null",999,FALSE,FALSE,FALSE,"null","null","null","null","null",25.28,14290,15.7930865579736,24,"Exudate vs Leaf","Exudate","Exudate enriched - FDR supported"
"F3529_mz336.8443_rt0.41",1.40430626495937,19.705758975763,5.96843587616922,0.00196149991844514,0.0046596635540685,-1.03035541905751,3529,0.414,336.84427,"Unknown","[M+H]+","ion correlated with 2238",0.821,FALSE,"null","null","null","null",999,FALSE,FALSE,FALSE,"null","null","null","null","null",4915.65,0,1163026,24,"Exudate vs Leaf","Exudate","Exudate enriched - FDR supported"
"F3114_mz301.2167_rt4.53",-3.73546719934983,15.3120924731199,-5.96302442733402,0.00196939341840572,0.0046596635540685,-1.03487242713879,3114,4.532,301.21674,"Unknown","[M+H]+","ion correlated with 3682; ion correlated with 2877; ion correlated with 3526; ion correlated with 3827",0.071,TRUE,"null","null","null","null",999,FALSE,FALSE,FALSE,"null","null","null","null","null",10.01,1757,274.836746302617,23,"Exudate vs Leaf","Leaf","Leaf enriched - FDR supported"
"F2806_mz279.1709_rt1.08",2.02758990337334,17.8501639303604,5.96134059419381,0.00197185720631478,0.0046596635540685,-1.03627864479857,2806,1.076,279.17093,"Unknown","[M+H]+","ion correlated with 2600; ion correlated with 1233; ion correlated with 584",0.393,TRUE,"null","null","null","null",999,FALSE,FALSE,FALSE,"null","null","null","null","null",250.11,180241.333333333,30.3657797742669,24,"Exudate vs Leaf","Exudate","Exudate enriched - FDR supported"
"F2097_mz225.987_rt0.38",1.25276227553284,19.1499644429193,5.96064751429218,0.00197287237791697,0.0046596635540685,-1.0368575523747,2097,0.384,225.98697,"Unknown","[M+H]+",NA,0.643,FALSE,"null","null","null","null",999,FALSE,FALSE,FALSE,"null","null","null","null","null",136.94,3931.33333333333,209.468763244893,24,"Exudate vs Leaf","Exudate","Exudate enriched - FDR supported"
"F1097_mz156.1021_rt1.14",3.33310055867707,14.1243322769343,5.93502021090646,0.00201084568426205,0.00474012943824102,-1.05830282335206,1097,1.142,156.10214,"Unknown","[M+H]+","ion correlated with 696; ion correlated with 2801; ion correlated with 2369",0.25,FALSE,"null","null","null","null",999,FALSE,FALSE,FALSE,"null","null","null","null","null",60.74,17108,33.8732246186218,24,"Exudate vs Leaf","Exudate","Exudate enriched - FDR supported"
"F628_mz123.117_rt2.08",-1.36155617198052,16.6731144869861,-5.92707907352483,0.00202278691613714,0.00475903743447768,-1.0649637578164,628,2.077,123.11702,"Unknown","[M+H]+","ion correlated with 2751; ion correlated with 378; ion correlated with 742; ion correlated with 957; ion correlated with 1018; ion correlated with 1629; ion correlated with 1658; ion correlated with 420; ion correlated with 995; ion correlated with 1570; ion correlated with 1694; ion correlated with 1719; ion correlated with 2318; ion correlated with 2447; ion correlated with 2950; ion correlated with 4946; ion correlated with 596; ion correlated with 1191; ion correlated with 2394; ion correlated with 56; ion correlated with 1140; ion correlated with 1258; ion correlated with 1468; ion correlated with 2582; ion correlated with 3907; ion correlated with 3941; ion correlated with 5039; ion correlated with 4118; ion correlated with 3777; ion correlated with 3979; found in higher mz's MsMs_5012",0.107,FALSE,"null","null","null","null",999,FALSE,FALSE,FALSE,"null","null","null","null","null",13.56,11751.3333333333,34.7976004765011,24,"Exudate vs Leaf","Leaf","Leaf enriched - FDR supported"
"F4350_mz437.194_rt2.39",4.672198262693,13.1021534306391,5.90988228022366,0.00204893377573823,0.00481122940763289,-1.07941374662873,4350,2.393,437.19403,"Unknown","[M+H]+","ion correlated with 4230; ion correlated with 4403; ion correlated with 4474",0.036,FALSE,"null","null","null","null",999,FALSE,FALSE,FALSE,"null","null","null","null","null",3436.4,0,171821,22,"Exudate vs Leaf","Exudate","Exudate enriched - FDR supported"
"F1497_mz183.1019_rt2.07",-1.18508345707923,15.3900369316853,-5.89454175441185,0.00207259504911103,0.0048573945745575,-1.09233350383661,1497,2.074,183.1019,"Unknown","[M+H]+","ion correlated with 2751; ion correlated with 2502; ion correlated with 395; ion correlated with 378; ion correlated with 742; ion correlated with 957; ion correlated with 1629; ion correlated with 1658; ion correlated with 2022; ion correlated with 797; ion correlated with 1838; ion correlated with 2911; ion correlated with 628; ion correlated with 1351; ion correlated with 1570; ion correlated with 1694; ion correlated with 1719; ion correlated with 1894; ion correlated with 2137; ion correlated with 2318; ion correlated with 596; ion correlated with 1191; ion correlated with 2158; ion correlated with 4919; ion correlated with 532; ion correlated with 2500; ion correlated with 3522; ion correlated with 2562; ion correlated with 2394; ion correlated with 56; ion correlated with 1140; ion correlated with 1167; ion correlated with 1258; ion correlated with 1468; ion correlated with 2582; ion correlated with 3941; ion correlated with 5039; ion correlated with 3509; ion correlated with 2347; ion correlated with 3824; ion correlated with 3777; ion correlated with 3979; ion correlated with 3997; ion correlated with 5027; ion correlated with 4470; found in higher mz's MsMs_2674; found in higher mz's MsMs_3079",0.107,FALSE,"null","null","null","null",999,FALSE,FALSE,FALSE,"null","null","null","null","null",15.71,7664.66666666667,18.3262599469496,24,"Exudate vs Leaf","Leaf","Leaf enriched - FDR supported"
"F2619_mz267.1208_rt1.18",2.68258566627818,14.9079040733902,5.8882769991547,0.00208235034868371,0.00487085418747981,-1.09761769668221,2619,1.178,267.12082,"Unknown","[M+H]+","ion correlated with 2418; ion correlated with 523; ion correlated with 2799; ion correlated with 2120; ion correlated with 2102; ion correlated with 1003; ion correlated with 1754; ion correlated with 2021; ion correlated with 1272; ion correlated with 1996",0.071,FALSE,"null","null","null","null",999,FALSE,FALSE,FALSE,"null","null","null","null","null",128.98,12766,41.4609540220882,24,"Exudate vs Leaf","Exudate","Exudate enriched - FDR supported"
"F179_mz86.0258_rt0.4",3.44143168569991,16.1165031374097,5.84258486044027,0.00215516100803099,0.00503147204567234,-1.13629952055484,179,0.396,86.02583,"Unknown","[M+H]+",NA,0.107,FALSE,"null","null","null","null",999,FALSE,FALSE,FALSE,"null","null","null","null","null",23.1,0,171503,23,"Exudate vs Leaf","Exudate","Exudate enriched - FDR supported"
"F397_mz107.0858_rt3.55",-2.53473743304574,15.5389050834505,-5.83781694174418,0.00216293021168768,0.00503991799805919,-1.14035030690981,397,3.547,107.08578,"Unknown","[M+H]+","ion correlated with 1041; ion correlated with 419; ion correlated with 779; ion correlated with 2014; ion correlated with 2157; ion correlated with 3115; ion correlated with 3702; ion correlated with 856; ion correlated with 1379; ion correlated with 2563; ion correlated with 3318; ion correlated with 3338; ion correlated with 956; ion correlated with 597; ion correlated with 625; ion correlated with 994; ion correlated with 1019; ion correlated with 1190; ion correlated with 1257; ion correlated with 1349; ion correlated with 1630; ion correlated with 1752; ion correlated with 2317; ion correlated with 2448; ion correlated with 2474; ion correlated with 2676; ion correlated with 2746; ion correlated with 2954; ion correlated with 3083; ion correlated with 3098; ion correlated with 3118; ion correlated with 3504; ion correlated with 3745; ion correlated with 3906; ion correlated with 5013; ion correlated with 5038; ion correlated with 5047; ion correlated with 3515; ion correlated with 4188; similar chromatogram in higher mz_3115; found in higher mz's MsMs_3115; similar chromatogram in higher mz_3702; found in higher mz's MsMs_3702; similar chromatogram in higher mz_3338; similar chromatogram in higher mz_3745; similar chromatogram in higher mz_3318; found in higher mz's MsMs_3318; similar chromatogram in higher mz_2676; found in higher mz's MsMs_2676; similar chromatogram in higher mz_5005; found in higher mz's MsMs_5005; found in higher mz's MsMs_3847; found in higher mz's MsMs_3515; similar chromatogram in higher mz_5013; similar chromatogram in higher mz_3906; similar chromatogram in higher mz_2474; found in higher mz's MsMs_2474; similar chromatogram in higher mz_2746; similar chromatogram in higher mz_2954; found in higher mz's MsMs_2954; similar chromatogram in higher mz_2448; similar chromatogram in higher mz_1190; found in higher mz's MsMs_1190; similar chromatogram in higher mz_3083; found in higher mz's MsMs_3083; similar chromatogram in higher mz_3504; found in higher mz's MsMs_3504; similar chromatogram in higher mz_2317; similar chromatogram in higher mz_5038; similar chromatogram in higher mz_1630; similar chromatogram in higher mz_419; similar chromatogram in higher mz_625; similar chromatogram in higher mz_597; similar chromatogram in higher mz_1019; similar chromatogram in higher mz_5047; similar chromatogram in higher mz_779; similar chromatogram in higher mz_2563; similar chromatogram in higher mz_741; similar chromatogram in higher mz_956; similar chromatogram in higher mz_1041; similar chromatogram in higher mz_1141; similar chromatogram in higher mz_1166; similar chromatogram in higher mz_1379; similar chromatogram in higher mz_1521; similar chromatogram in higher mz_1546; similar chromatogram in higher mz_1693; similar chromatogram in higher mz_1752; similar chromatogram in higher mz_1893; similar chromatogram in higher mz_1991; similar chromatogram in higher mz_2138; similar chromatogram in higher mz_2157; similar chromatogram in higher mz_2271; similar chromatogram in higher mz_2293; similar chromatogram in higher mz_3098; similar chromatogram in higher mz_3118; similar chromatogram in higher mz_3959; similar chromatogram in higher mz_4251",0.107,FALSE,"null","null","null","null",999,FALSE,FALSE,FALSE,"null","null","null","null","null",35.97,5144,74.0310981535471,24,"Exudate vs Leaf","Leaf","Leaf enriched - FDR supported"
"F116_mz79.0214_rt3.61",-1.05223104743435,20.1363293676657,-5.80702107748839,0.0022139137760579,0.00514883395428025,-1.16658005441685,116,3.608,79.02139,"Unknown","[M+H]+",NA,0.036,TRUE,"null","null","null","null",999,FALSE,FALSE,FALSE,"null","null","null","null","null",10.72,729746,5.15050147516879,24,"Exudate vs Leaf","Leaf","Leaf enriched - FDR supported"
"F1735_mz200.9733_rt0.38",1.4307808942801,20.4022181419537,5.72781163576882,0.00235168817249952,0.0054587943430486,-1.23457255881092,1735,0.385,200.97325,"Unknown","[M+H]+",NA,0.786,FALSE,"null","null","null","null",999,FALSE,FALSE,FALSE,"null","null","null","null","null",96.63,118014,15.4696352158624,24,"Exudate vs Leaf","Exudate","Exudate enriched - FDR supported"
"F2002_mz218.139_rt1.26",4.29620572407077,14.3094930000597,5.7247168650466,0.00235727286748494,0.0054613153838296,-1.23724460492711,2002,1.261,218.13898,"Unknown","[M+H]+","ion correlated with 1768; ion correlated with 2603; ion correlated with 488; ion correlated with 4899; ion correlated with 4573; ion correlated with 4641",0.036,TRUE,"null","null","null","null",999,FALSE,FALSE,FALSE,"null","null","null","null","null",193.37,5226.66666666667,114.077281132436,24,"Exudate vs Leaf","Exudate","Exudate enriched - FDR supported"
"F447_mz111.0443_rt0.66",1.31687253056986,18.1716163031698,5.65967538767061,0.00247833626054914,0.00573085756248886,-1.29367455266472,447,0.663,111.0443,"Unknown","[M+H]+","found in higher mz's MsMs_967",0.286,FALSE,"null","null","null","null",999,FALSE,FALSE,FALSE,"null","null","null","null","null",9.29,137306.666666667,8.08749450746863,22,"Exudate vs Leaf","Exudate","Exudate enriched - FDR supported"
"F1682_mz196.8781_rt0.43",2.48588681977828,17.0294798492423,5.64575998302664,0.00250517908467357,0.00578191522584355,-1.30581550335806,1682,0.429,196.8781,"Unknown","[M+H]+","similar chromatogram in higher mz_3665",0.536,TRUE,"null","null","null","null",999,FALSE,FALSE,FALSE,"null","null","null","null","null",1801.35,0,1192926,19,"Exudate vs Leaf","Exudate","Exudate enriched - FDR supported"
"F1711_mz199.0633_rt0.46",-4.29961544730754,16.6018488275962,-5.63901755497743,0.00251830819063471,0.00580118812795168,-1.3117068160872,1711,0.462,199.06331,"Unknown","[M+2H]2+","ion correlated with 3384; ion correlated with 1822; ion correlated with 245",0.143,FALSE,"null","null","null","null",999,FALSE,FALSE,FALSE,"null","null","null","null","null",42.44,17199.3333333333,62.2278638010891,23,"Exudate vs Leaf","Leaf","Leaf enriched - FDR supported"
"F2007_mz219.0101_rt0.64",2.77982074901893,16.7665048208258,5.63532057904695,0.00252554143878007,0.00580683202022538,-1.31493951589442,2007,0.639,219.01012,"Unknown","[M+H]+",NA,0.071,FALSE,"null","null","null","null",999,FALSE,FALSE,FALSE,"null","null","null","null","null",56.64,50206.6666666667,5.88220922435485,24,"Exudate vs Leaf","Exudate","Exudate enriched - FDR supported"
"F275_mz98.0138_rt0.4",-2.1928896648204,19.5014165612298,-5.61072757548299,0.00257428541157892,0.00590771737175201,-1.33648748374727,275,0.398,98.01379,"Unknown","[M+2H]2+","ion correlated with 470; ion correlated with 1473; ion correlated with 1133; ion correlated with 1657",0.214,FALSE,"null","null","null","null",999,FALSE,FALSE,FALSE,"null","null","null","null","null",194.51,13393.3333333333,293.323221262723,21,"Exudate vs Leaf","Leaf","Leaf enriched - FDR supported"
"F470_mz112.9669_rt0.4",-1.62992985514322,19.4820260526257,-5.59572402590177,0.00260456637066774,0.00596593127168045,-1.34967051187695,470,0.397,112.96694,"Unknown","[M+H]+","ion correlated with 275; ion correlated with 1473; ion correlated with 2692; ion correlated with 1657",0.321,FALSE,"null","null","null","null",999,FALSE,FALSE,FALSE,"null","null","null","null","null",102.04,19572.3333333333,160.999403950954,17,"Exudate vs Leaf","Leaf","Leaf enriched - FDR supported"
"F859_mz139.9881_rt8.02",2.14540634779431,15.081718995375,5.57490579160848,0.00264727964786284,0.00605234932675232,-1.36800951430833,859,8.023,139.9881,"Unknown","[M+H]+",NA,0.036,TRUE,"null","null","null","null",999,FALSE,FALSE,FALSE,"null","null","null","null","null",6.93,23784.3333333333,9.59885643814115,24,"Exudate vs Leaf","Exudate","Exudate enriched - FDR supported"
"F761_mz132.0812_rt1.01",-1.8732160175246,14.7793306639365,-5.56627961093266,0.0026652192335954,0.00608191005561055,-1.37562440485151,761,1.007,132.08116,"Unknown","[M+H]+","ion correlated with 95; ion correlated with 3778; ion correlated with 3900; ion correlated with 3785; ion correlated with 916; ion correlated with 3393; ion correlated with 2698; ion correlated with 61; ion correlated with 3197; ion correlated with 1392; ion correlated with 2672; ion correlated with 4022; ion correlated with 3786; ion correlated with 3587; ion correlated with 3129; ion correlated with 3160; ion correlated with 2526; ion correlated with 2633; found in higher mz's MsMs_1810",0.286,TRUE,"null","null","null","null",999,FALSE,FALSE,FALSE,"null","null","null","null","null",42.52,1693.33333333333,456.878221522723,24,"Exudate vs Leaf","Leaf","Leaf enriched - FDR supported"
"F852_mz139.0392_rt1.04",-1.96562424867367,16.7589726950186,-5.55217281516431,0.00269486568670694,0.00613802428454452,-1.3880976424258,852,1.038,139.03917,"Unknown","[M+H]+","ion correlated with 2937; found in higher mz's MsMs_2969",0.143,TRUE,"null","null","null","null",999,FALSE,FALSE,FALSE,"null","null","null","null","null",24.14,18902.3333333333,40.1582084288485,23,"Exudate vs Leaf","Leaf","Leaf enriched - FDR supported"
"F2217_mz234.1341_rt1.02",1.30833084590328,15.08841965749,5.54647870525297,0.00270694200225791,0.00615398425232417,-1.39313951053218,2217,1.02,234.13405,"Unknown","[M+H]+","ion correlated with 4033; ion correlated with 1504; ion correlated with 4175; ion correlated with 4289",0.036,FALSE,"null","null","null","null",999,FALSE,FALSE,FALSE,"null","null","null","null","null",76.06,20548,14.7552192320794,24,"Exudate vs Leaf","Exudate","Exudate enriched - FDR supported"
"F2630_mz268.1043_rt0.51",-3.57398178560171,16.1049300649632,-5.48403600002102,0.00284363603917274,0.00645266196552468,-1.44870012028153,2630,0.507,268.10431,"Unknown","[M+H]+",NA,0.25,TRUE,"null","null","null","null",999,FALSE,FALSE,FALSE,"null","null","null","null","null",1037.64,73402.3333333333,107.670859633986,24,"Exudate vs Leaf","Leaf","Leaf enriched - FDR supported"
"F776_mz133.0609_rt0.45",-3.40546970055864,17.4286065134376,-5.4665703434399,0.0028833115625766,0.00653048551673133,-1.46433000875543,776,0.454,133.06094,"Unknown","[M+H]+","ion correlated with 387; ion correlated with 783",0.643,TRUE,"null","null","null","null",999,FALSE,FALSE,FALSE,"null","null","null","null","null",905.35,2556.33333333333,5083.35140771637,23,"Exudate vs Leaf","Leaf","Leaf enriched - FDR supported"
"F1697_mz198.0616_rt0.39",1.72438487054658,18.202301804684,5.45622859954988,0.00290711075142332,0.00657212747156035,-1.47360324109703,1697,0.393,198.06158,"Unknown","[M+H]+",NA,0.179,FALSE,"null","null","null","null",999,FALSE,FALSE,FALSE,"null","null","null","null","null",110.21,0,345853,24,"Exudate vs Leaf","Exudate","Exudate enriched - FDR supported"
"F69_mz73.532_rt0.38",2.10955242505823,23.4577760152331,5.45299001386996,0.00291461102891749,0.00657683603923016,-1.47651004708978,69,0.383,73.53196,"Unknown","[M+2H]2+","similar chromatogram in higher mz_186; similar chromatogram in higher mz_540",0.857,TRUE,"null","null","null","null",999,FALSE,FALSE,FALSE,"null","null","null","null","null",778.78,6402.33333333333,2560.68037480479,24,"Exudate vs Leaf","Exudate","Exudate enriched - FDR supported"
"F1040_mz151.1118_rt1.1",1.0782551005721,17.1358915228822,5.4499884831941,0.00292158261466643,0.00658033635288505,-1.47920529054708,1040,1.1,151.1118,"Unknown","[M+H]+","ion correlated with 4550; ion correlated with 1020; ion correlated with 2128; ion correlated with 4486",0.071,FALSE,"null","null","null","null",999,FALSE,FALSE,FALSE,"null","null","null","null","null",37.62,47121,5.35654259157082,24,"Exudate vs Leaf","Exudate","Exudate enriched - FDR supported"
"F395_mz107.0856_rt2.07",-0.9175123807623,15.3590042008924,-5.41627916852632,0.00300123938847515,0.00674723077334968,-1.50955473400393,395,2.071,107.08565,"Unknown","[M+H]+","ion correlated with 2751; ion correlated with 2502; ion correlated with 378; ion correlated with 742; ion correlated with 957; ion correlated with 1497; ion correlated with 1629; ion correlated with 1658; ion correlated with 2022; ion correlated with 1838; ion correlated with 2911; ion correlated with 1351; ion correlated with 1570; ion correlated with 1694; ion correlated with 1719; ion correlated with 1894; ion correlated with 2137; ion correlated with 596; ion correlated with 1191; ion correlated with 2158; ion correlated with 4919; ion correlated with 532; ion correlated with 2500; ion correlated with 3522; ion correlated with 3926; ion correlated with 2562; ion correlated with 2394; ion correlated with 56; ion correlated with 1140; ion correlated with 1167; ion correlated with 1258; ion correlated with 1468; ion correlated with 2582; ion correlated with 3941; ion correlated with 3509; ion correlated with 2347; ion correlated with 3824; ion correlated with 3777; ion correlated with 3979; ion correlated with 3997; ion correlated with 5027; ion correlated with 4470; ion correlated with 3472",0.071,FALSE,"null","null","null","null",999,FALSE,FALSE,FALSE,"null","null","null","null","null",16.55,2921,41.652977412731,24,"Exudate vs Leaf","Leaf","Not selected"
"F950_mz145.0497_rt0.47",-0.934391232116328,20.5976006639338,-5.41391328803903,0.00300692525900509,0.00674751804885801,-1.51169032990775,950,0.474,145.04967,"Unknown","[M+H]+","ion correlated with 175; found in higher mz's MsMs_2396",0.643,TRUE,"null","null","null","null",999,FALSE,FALSE,FALSE,"null","null","null","null","null",333.38,317679.666666667,15.1130411881113,24,"Exudate vs Leaf","Leaf","Not selected"
"F350_mz103.0543_rt0.96",-1.46778507110084,16.693316940646,-5.40669267927868,0.00302435678531868,0.00677411279958834,-1.51821261018524,350,0.955,103.05433,"Unknown","[M+H]+","ion correlated with 2544; ion correlated with 2928; ion correlated with 1958; ion correlated with 1993; ion correlated with 765; ion correlated with 1568; ion correlated with 2183; found in higher mz's MsMs_1231; found in higher mz's MsMs_583; found in higher mz's MsMs_4074; found in higher mz's MsMs_3428; found in higher mz's MsMs_1015; found in higher mz's MsMs_737; similar chromatogram in higher mz_3783; found in higher mz's MsMs_3783; found in higher mz's MsMs_4588; similar chromatogram in higher mz_3835; similar chromatogram in higher mz_5037; similar chromatogram in higher mz_3982",0.5,TRUE,"null","null","null","null",999,FALSE,FALSE,FALSE,"null","null","null","null","null",799.31,12547.6666666667,1187.69431015247,24,"Exudate vs Leaf","Leaf","Leaf enriched - FDR supported"
"F1429_mz179.0705_rt0.91",-2.92781899227882,16.8815955695402,-5.40012858988669,0.00304030644878357,0.00679729655400232,-1.52414774590999,1429,0.911,179.07047,"Unknown","[M+H]+","ion correlated with 2403; ion correlated with 3170; ion correlated with 4088; ion correlated with 4123; ion correlated with 1393; ion correlated with 4843; ion correlated with 3955",0.107,FALSE,"null","null","null","null",999,FALSE,FALSE,FALSE,"null","null","null","null","null",116.99,16281.6666666667,72.7904724860793,13,"Exudate vs Leaf","Leaf","Leaf enriched - FDR supported"
"F1980_mz217.0977_rt1.17",2.93706569902705,14.70512610525,5.39118887938601,0.00306218763951902,0.00683363197495605,-1.53223989711535,1980,1.165,217.09767,"Unknown","[M+H]+","ion correlated with 1539; ion correlated with 2205; ion correlated with 2837",0.071,FALSE,"null","null","null","null",999,FALSE,FALSE,FALSE,"null","null","null","null","null",20.46,23429.3333333333,8.77716919662546,24,"Exudate vs Leaf","Exudate","Exudate enriched - FDR supported"
"F1538_mz187.0869_rt1.26",2.91761942234253,13.170590293023,5.36426582749604,0.00312921131804815,0.00697038998185405,-1.55667341584909,1538,1.264,187.08687,"Unknown","[M+H]+","ion correlated with 2130; ion correlated with 1175",0.179,FALSE,"null","null","null","null",999,FALSE,FALSE,FALSE,"null","null","null","null","null",16.64,6633,30.0795899909557,24,"Exudate vs Leaf","Exudate","Exudate enriched - FDR supported"
"F1678_mz196.0973_rt0.96",-1.78193999047069,14.2425973652658,-5.34285311069551,0.00318374909458178,0.00707888534949136,-1.57617389271523,1678,0.958,196.09729,"Unknown","[M+H]+","ion correlated with 1797; ion correlated with 2082",0.429,FALSE,"null","null","null","null",999,FALSE,FALSE,FALSE,"null","null","null","null","null",98.36,3825.66666666667,307.2143728223,24,"Exudate vs Leaf","Leaf","Leaf enriched - FDR supported"
"F2120_mz227.1282_rt1.18",1.29548587629085,16.1361946706567,5.33236653272271,0.00321086482946761,0.00712612413706341,-1.5857459553199,2120,1.178,227.12816,"Unknown","[M+H]+","ion correlated with 2619; ion correlated with 1003; ion correlated with 2021",0.036,FALSE,"null","null","null","null",999,FALSE,FALSE,FALSE,"null","null","null","null","null",108.27,20288.6666666667,23.348584665429,24,"Exudate vs Leaf","Exudate","Exudate enriched - FDR supported"
"F1670_mz195.9491_rt0.85",-2.63910498790868,15.2947540335203,-5.31783830027079,0.00324888050615615,0.00719733747166709,-1.59903114941953,1670,0.852,195.94911,"Unknown","[M+H]+",NA,0.143,FALSE,"null","null","null","null",999,FALSE,FALSE,FALSE,"null","null","null","null","null",79.41,10414.6666666667,55.9884468909015,24,"Exudate vs Leaf","Leaf","Leaf enriched - FDR supported"
"F1828_mz206.8862_rt0.42",-1.21760400226609,20.229855302678,-5.30508184405764,0.0032826961418682,0.0072590038546958,-1.61071914218861,1828,0.417,206.8862,"Unknown","[M+H]+","ion correlated with 3366; ion correlated with 2965; ion correlated with 1505",0.786,TRUE,"null","null","null","null",999,FALSE,FALSE,FALSE,"null","null","null","null","null",474.82,0,4489221,24,"Exudate vs Leaf","Leaf","Leaf enriched - FDR supported"
"F3698_mz352.1875_rt1.01",2.51097614980322,14.7933101679644,5.30192538596052,0.00329112711740431,0.00726441512823423,-1.61361454208697,3698,1.013,352.18747,"Unknown","[M+H]+","ion correlated with 3362; ion correlated with 3629",0.036,FALSE,"null","null","null","null",999,FALSE,FALSE,FALSE,"null","null","null","null","null",58.64,19303.3333333333,9.98962236458136,24,"Exudate vs Leaf","Exudate","Exudate enriched - FDR supported"
"F440_mz111.0204_rt8.02",2.30418080022752,16.2053118147223,5.28570959232504,0.0033348425200406,0.00734754776647783,-1.62851000983781,440,8.023,111.0204,"Unknown","[M+H]+",NA,0.036,TRUE,"null","null","null","null",999,FALSE,FALSE,FALSE,"null","null","null","null","null",5.07,48985.3333333333,7.30291441830715,24,"Exudate vs Leaf","Exudate","Exudate enriched - FDR supported"
"F627_mz123.117_rt5.78",-1.28333379074658,15.9466528617327,-5.25030260444135,0.00343268441181127,0.00754941825351246,-1.66115560501905,627,5.777,123.11695,"Unknown","[M+H]+","ion correlated with 150; ion correlated with 4359; ion correlated with 4389; ion correlated with 4132; ion correlated with 4235; ion correlated with 3788; ion correlated with 3775; ion correlated with 3357; found in higher mz's MsMs_3153; found in higher mz's MsMs_2504; found in higher mz's MsMs_3357",0.214,FALSE,"null","null","null","null",999,FALSE,FALSE,FALSE,"null","null","null","null","null",9.95,5685,46.1953921913472,24,"Exudate vs Leaf","Leaf","Leaf enriched - FDR supported"
"F360_mz104.0304_rt0.39",4.33174660274238,15.9992962079834,5.23335996986992,0.00348069177109018,0.00764115698029562,-1.6768360883793,360,0.393,104.03045,"Unknown","[M+H]+",NA,0.071,FALSE,"null","null","null","null",999,FALSE,FALSE,FALSE,"null","null","null","null","null",17.33,2070,86.3906325446644,24,"Exudate vs Leaf","Exudate","Exudate enriched - FDR supported"
"F799_mz135.117_rt1.07",-1.53744852926887,17.8422582728334,-5.2149504397838,0.00353375078146783,0.00774363438393853,-1.6939178130687,799,1.074,135.11702,"Unknown","[M+H]+","ion correlated with 3937; ion correlated with 1217; ion correlated with 3309; ion correlated with 4550; ion correlated with 4658; ion correlated with 4165; ion correlated with 4759; ion correlated with 2865; ion correlated with 1837; ion correlated with 4035; ion correlated with 4338; ion correlated with 4649; ion correlated with 2012; ion correlated with 3463; ion correlated with 3491; ion correlated with 4678; ion correlated with 3680; ion correlated with 3971; ion correlated with 4724; ion correlated with 4684",0.107,FALSE,"null","null","null","null",999,FALSE,FALSE,FALSE,"null","null","null","null","null",128.89,28574,42.5315485564304,24,"Exudate vs Leaf","Leaf","Leaf enriched - FDR supported"
"F3001_mz293.2116_rt1.71",-2.17427464455919,14.7593388328092,-5.21182759431956,0.00354284508359947,0.00774957465133289,-1.69681993742899,3001,1.71,293.21158,"Unknown","[M+H]+","ion correlated with 2119; ion correlated with 3353; ion correlated with 3109; ion correlated with 3737; ion correlated with 3814; ion correlated with 3259; ion correlated with 3612; ion correlated with 4145; ion correlated with 2561",0.071,FALSE,"null","null","null","null",999,FALSE,FALSE,FALSE,"null","null","null","null","null",75.89,692.333333333333,246.132692307692,22,"Exudate vs Leaf","Leaf","Leaf enriched - FDR supported"
"F244_mz95.044_rt0.39",1.24249078638917,20.4614075097386,5.19444191537286,0.00359397987685596,0.00784728699730779,-1.71300081202282,244,0.393,95.04404,"Unknown","[M+H]+",NA,0.107,FALSE,"null","null","null","null",999,FALSE,FALSE,FALSE,"null","null","null","null","null",131.75,38462.3333333333,65.4345003899818,24,"Exudate vs Leaf","Exudate","Exudate enriched - FDR supported"
"F87_mz74.5306_rt0.38",2.09155014258617,20.6529597325708,5.18601013034195,0.00361909075036297,0.00788792849360979,-1.72086296672072,87,0.379,74.53064,"Unknown","[M+H]+",NA,0.036,FALSE,"null","null","null","null",999,FALSE,FALSE,FALSE,"null","null","null","null","null",996.74,1687,1348.39158767773,24,"Exudate vs Leaf","Exudate","Exudate enriched - FDR supported"
"F1088_mz155.1068_rt1.02",-3.14624870783786,18.4322534194154,-5.17342600674809,0.00365695133794043,0.00795616294670193,-1.73261481374972,1088,1.025,155.10681,"Unknown","[M+H]+","ion correlated with 1714; ion correlated with 3311",0.107,TRUE,"null","null","null","null",999,FALSE,FALSE,FALSE,"null","null","null","null","null",353.56,38314.6666666667,140.105796584513,22,"Exudate vs Leaf","Leaf","Leaf enriched - FDR supported"
"F2990_mz292.9424_rt0.47",4.31316664024293,16.1427203622959,5.16817859051968,0.00367287572812263,0.00797651365642374,-1.73752151536787,2990,0.473,292.94244,"Unknown","[M+H]+",NA,0.107,FALSE,"null","null","null","null",999,FALSE,FALSE,FALSE,"null","null","null","null","null",1819.39,0,151853,17,"Exudate vs Leaf","Exudate","Exudate enriched - FDR supported"
"F3640_mz347.1831_rt0.42",1.14114754811607,16.4630579213037,5.13821072817073,0.00376539233469837,0.0081628326684354,-1.7656151977047,3640,0.423,347.18307,"Unknown","[M+H]+",NA,0.107,FALSE,"null","null","null","null",999,FALSE,FALSE,FALSE,"null","null","null","null","null",54.42,0,125037,24,"Exudate vs Leaf","Exudate","Exudate enriched - FDR supported"
"F3432_mz328.2236_rt1.01",1.78144246495221,15.3162496730076,5.13242755722463,0.00378355893602962,0.00818759456032077,-1.77105075776512,3432,1.011,328.22357,"Unknown","[M+H]+","ion correlated with 3902; ion correlated with 3778; ion correlated with 3743; ion correlated with 1446; ion correlated with 916; ion correlated with 3477; ion correlated with 3132; ion correlated with 2444; ion correlated with 3393; ion correlated with 2891; ion correlated with 2926; ion correlated with 1544; ion correlated with 2620; ion correlated with 1374; ion correlated with 3627; ion correlated with 1392; ion correlated with 3786; ion correlated with 2908",0.357,FALSE,"null","null","null","null",999,FALSE,FALSE,FALSE,"null","null","null","null","null",299.25,12712,114.151970423975,24,"Exudate vs Leaf","Exudate","Exudate enriched - FDR supported"
"F928_mz144.1021_rt0.92",2.52348614649691,14.9734349908059,5.12677226608193,0.00380142321044787,0.00821161526242654,-1.77637053596225,928,0.92,144.10207,"Unknown","[M+H]+","ion correlated with 2520; ion correlated with 1525; ion correlated with 1623; ion correlated with 2001; ion correlated with 4009; ion correlated with 1916; ion correlated with 2255",0.179,FALSE,"null","null","null","null",999,FALSE,FALSE,FALSE,"null","null","null","null","null",61.24,29696,20.1487018890797,23,"Exudate vs Leaf","Exudate","Exudate enriched - FDR supported"
"F3868_mz368.2187_rt1.05",2.56243743860265,14.2896880754272,5.10707314940953,0.00386442618855598,0.00832203525721576,-1.79493507889252,3868,1.048,368.21872,"Unknown","[M+H]+","ion correlated with 3969; ion correlated with 4335",0.071,FALSE,"null","null","null","null",999,FALSE,FALSE,FALSE,"null","null","null","null","null",15.02,8545,17.9473437865668,24,"Exudate vs Leaf","Exudate","Exudate enriched - FDR supported"
"F3237_mz311.2583_rt6.23",3.13005307224408,12.7181772669196,5.10650841421524,0.00386625031719085,0.00832203525721576,-1.79546807100228,3237,6.227,311.25833,"Unknown","[M+H]+",NA,0.036,TRUE,"null","null","null","null",999,FALSE,FALSE,FALSE,"null","null","null","null","null",24.14,5476,35.8066459740734,24,"Exudate vs Leaf","Exudate","Exudate enriched - FDR supported"
"F1219_mz165.0914_rt1.2",1.26104593076699,16.2299328535712,5.09760817488503,0.00389513224214132,0.00836936379107887,-1.80387381143313,1219,1.197,165.09135,"Unknown","[M+H]+",NA,0.036,FALSE,"null","null","null","null",999,FALSE,FALSE,FALSE,"null","null","null","null","null",27.78,23745.6666666667,7.47755474452555,24,"Exudate vs Leaf","Exudate","Exudate enriched - FDR supported"
"F2126_mz227.1643_rt1.78",2.61456366549093,13.2928572822808,5.07563416502902,0.00396752824305,0.00850985739763727,-1.8246735147648,2126,1.779,227.16434,"Unknown","[M+H]+","ion correlated with 3807",0.107,TRUE,"null","null","null","null",999,FALSE,FALSE,FALSE,"null","null","null","null","null",38.1,4775.66666666667,92.827076064201,24,"Exudate vs Leaf","Exudate","Exudate enriched - FDR supported"
"F2194_mz232.1548_rt1.17",2.34386867729087,15.1959369347749,5.07166899737047,0.00398075916890349,0.00852317747980395,-1.82843385557478,2194,1.169,232.15477,"Unknown","[M+H]+","ion correlated with 2437; ion correlated with 2707; ion correlated with 2166; ion correlated with 2946; ion correlated with 3235; ion correlated with 2358",0.107,TRUE,"null","null","null","null",999,FALSE,FALSE,FALSE,"null","null","null","null","null",452.95,16373.3333333333,221.086436089001,24,"Exudate vs Leaf","Exudate","Exudate enriched - FDR supported"
"F863_mz140.0111_rt0.4",1.3480289782399,18.5445043248459,5.02230024182216,0.00414989485692314,0.0088696696413815,-1.87543425735827,863,0.402,140.01105,"Unknown","[M+H]+",NA,0.214,FALSE,"null","null","null","null",999,FALSE,FALSE,FALSE,"null","null","null","null","null",6.03,0,648332,24,"Exudate vs Leaf","Exudate","Exudate enriched - FDR supported"
"F3027_mz295.2272_rt1.44",2.07864572288299,14.094263097515,5.01806404690236,0.00416479586299613,0.0088858737744768,-1.87948296503083,3027,1.44,295.22723,"Unknown","[M+H]+","ion correlated with 1919; ion correlated with 1666",0.357,TRUE,"null","null","null","null",999,FALSE,FALSE,FALSE,"null","null","null","null","null",84.06,18603.6666666667,35.7894076754936,24,"Exudate vs Leaf","Exudate","Exudate enriched - FDR supported"
"F4707_mz534.7866_rt0.41",1.86840918249001,16.9371033593805,4.99927386127008,0.00423165060546144,0.0090126733947898,-1.89747162609548,4707,0.41,534.78656,"Unknown","[M+H]+",NA,0.107,FALSE,"null","null","null","null",999,FALSE,FALSE,FALSE,"null","null","null","null","null",2623.42,0,146589,17,"Exudate vs Leaf","Exudate","Exudate enriched - FDR supported"
"F1444_mz180.1022_rt1.23",2.40893827019118,13.2888302674981,4.99664305474769,0.00424111078137826,0.00901700260699335,-1.89999413732357,1444,1.225,180.10219,"Unknown","[M+H]+",NA,0.429,TRUE,"null","null","null","null",999,FALSE,FALSE,FALSE,"null","null","null","null","null",1652.71,4287,2998.70289179104,24,"Exudate vs Leaf","Exudate","Exudate enriched - FDR supported"
"F580_mz120.0446_rt1.21",-1.07849804821382,15.5287764863909,-4.98343057973588,0.00428899763634568,0.00909425027693723,-1.91267734015161,580,1.212,120.04462,"Unknown","[M+H]+","ion correlated with 728; ion correlated with 1207; found in higher mz's MsMs_1003",0.071,TRUE,"null","null","null","null",999,FALSE,FALSE,FALSE,"null","null","null","null","null",418.21,25147.3333333333,130.615415203128,24,"Exudate vs Leaf","Leaf","Leaf enriched - FDR supported"
"F4094_mz394.353_rt5.78",1.19124374308277,17.1982931089434,4.98249123012434,0.00429242620155274,0.00909425027693723,-1.91357998946733,4094,5.778,394.35303,"Unknown","[M+H]+","ion correlated with 4566",0.071,FALSE,"null","null","null","null",999,FALSE,FALSE,FALSE,"null","null","null","null","null",22.86,55405.6666666667,5.02224762363133,24,"Exudate vs Leaf","Exudate","Exudate enriched - FDR supported"
"F3063_mz298.2745_rt2.28",-1.57010212086331,13.9376586013067,-4.97871593730195,0.004306238151332,0.0091076186684966,-1.91720902659439,3063,2.275,298.27448,"Unknown","[M+H]+",NA,0.107,TRUE,"null","null","null","null",999,FALSE,FALSE,FALSE,"null","null","null","null","null",296.02,1015.66666666667,1206.47016393443,20,"Exudate vs Leaf","Leaf","Leaf enriched - FDR supported"
"F774_mz133.0319_rt0.54",1.68939817700684,16.9804927058092,4.96244792573348,0.00436635265393541,0.0092186993423958,-1.93286963784775,774,0.536,133.03189,"Unknown","[M+H]+","ion correlated with 2364; ion correlated with 2372; ion correlated with 991",0.107,FALSE,"null","null","null","null",999,FALSE,FALSE,FALSE,"null","null","null","null","null",288.44,26119,104.340658499234,19,"Exudate vs Leaf","Exudate","Exudate enriched - FDR supported"
"F1254_mz167.0131_rt7.9",3.56105329642255,14.3893640533821,4.95748950249561,0.0043848700995568,0.00924172274455201,-1.93765030585908,1254,7.905,167.01311,"Unknown","[M+H]+","ion correlated with 242; ion correlated with 335",0.036,FALSE,"null","null","null","null",999,FALSE,FALSE,FALSE,"null","null","null","null","null",3.93,15357,11.0212918348743,24,"Exudate vs Leaf","Exudate","Exudate enriched - FDR supported"
"F51_mz70.0653_rt0.48",-0.872072888635613,19.1032293355689,-4.9286882755705,0.00449426340885073,0.00944920852351912,-1.96548737480247,51,0.482,70.06532,"Unknown","[M+H]+","ion correlated with 1096; ion correlated with 4326; ion correlated with 4472; similar chromatogram in higher mz_519; found in higher mz's MsMs_519; found in higher mz's MsMs_2176; found in higher mz's MsMs_279; similar chromatogram in higher mz_785; similar chromatogram in higher mz_912; similar chromatogram in higher mz_2322; similar chromatogram in higher mz_3101; similar chromatogram in higher mz_459; found in higher mz's MsMs_1612; found in higher mz's MsMs_1942; similar chromatogram in higher mz_1389; similar chromatogram in higher mz_2364; similar chromatogram in higher mz_2584; similar chromatogram in higher mz_3643; similar chromatogram in higher mz_525; similar chromatogram in higher mz_5034; similar chromatogram in higher mz_3496",0.464,TRUE,"null","null","null","null",999,FALSE,FALSE,FALSE,"null","null","null","null","null",618.29,202394.666666667,45.0350946248849,24,"Exudate vs Leaf","Leaf","Not selected"
"F1439_mz180.0868_rt1.07",-4.36898174691002,16.1385809164801,-4.92749041588309,0.00449888181762278,0.00944920852351912,-1.96664766504568,1439,1.075,180.08684,"Unknown","[M+H]+","ion correlated with 4165; ion correlated with 2865; ion correlated with 4338; ion correlated with 3188; ion correlated with 3125; ion correlated with 4678",0.071,FALSE,"null","null","null","null",999,FALSE,FALSE,FALSE,"null","null","null","null","null",180.53,4501.33333333333,320.242392833346,24,"Exudate vs Leaf","Leaf","Leaf enriched - FDR supported"
"F3366_mz320.8667_rt0.41",0.892511826418792,20.7531823938192,4.91838339490088,0.00453417642793501,0.00950689150865821,-1.97547567734554,3366,0.413,320.86673,"Unknown","[M+H]+","ion correlated with 1828; ion correlated with 2965",0.857,TRUE,"null","null","null","null",999,FALSE,FALSE,FALSE,"null","null","null","null","null",413,0,3099647,24,"Exudate vs Leaf","Exudate","Not selected"
"F1478_mz182.0815_rt0.75",-3.19812231429406,15.7987497167239,-4.91400105146671,0.00455127567106291,0.00952629080115581,-1.97972793504978,1478,0.747,182.0815,"Unknown","[M+H]+",NA,0.071,TRUE,"null","null","null","null",999,FALSE,FALSE,FALSE,"null","null","null","null","null",369.46,4504,4272.2128745838,24,"Exudate vs Leaf","Leaf","Leaf enriched - FDR supported"
"F622_mz123.0554_rt0.69",3.09000790228126,16.1107527458667,4.89931173048112,0.00460914348989008,0.00963080928868599,-1.99400103057361,622,0.686,123.0554,"Unknown","[M+H]+","ion correlated with 804; ion correlated with 631; ion correlated with 775; similar chromatogram in higher mz_2888; similar chromatogram in higher mz_4186",0.357,TRUE,"null","null","null","null",999,FALSE,FALSE,FALSE,"null","null","null","null","null",479.21,46195.6666666667,389.224597734324,21,"Exudate vs Leaf","Exudate","Exudate enriched - FDR supported"
"F1718_mz199.1234_rt1.11",1.85437038873577,15.3029345919369,4.89154740366804,0.00464007787553174,0.00967878787095451,-2.00155770042708,1718,1.111,199.12337,"Unknown","[M+H]+",NA,0.286,TRUE,"null","null","null","null",999,FALSE,FALSE,FALSE,"null","null","null","null","null",30.28,20822.6666666667,26.3022362376143,24,"Exudate vs Leaf","Exudate","Exudate enriched - FDR supported"
"F1910_mz213.0761_rt0.97",-1.90705213634735,16.0054618312729,-4.84849849704203,0.00481605897705528,0.0100286373896143,-2.04361071547094,1910,0.966,213.07605,"Unknown","[M+H]+","similar chromatogram in higher mz_4414; found in higher mz's MsMs_4414",0.107,FALSE,"null","null","null","null",999,FALSE,FALSE,FALSE,"null","null","null","null","null",54.87,5392,85.1895049137771,21,"Exudate vs Leaf","Leaf","Leaf enriched - FDR supported"
"F2867_mz285.124_rt1.08",2.86156740550658,15.244832430267,4.83675937022011,0.00486539290639167,0.010114018815684,-2.0551241241711,2867,1.076,285.12405,"Unknown","[M+H]+","ion correlated with 3277",0.143,FALSE,"null","null","null","null",999,FALSE,FALSE,FALSE,"null","null","null","null","null",60.12,43728,13.0241944704887,24,"Exudate vs Leaf","Exudate","Exudate enriched - FDR supported"
"F2534_mz260.0106_rt0.39",1.18296620777842,17.5070601656034,4.83208549091833,0.00488519910059024,0.0101378319796864,-2.05971362073369,2534,0.394,260.01056,"Unknown","[M+H]+",NA,0.179,FALSE,"null","null","null","null",999,FALSE,FALSE,FALSE,"null","null","null","null","null",106.41,0,312930,24,"Exudate vs Leaf","Exudate","Exudate enriched - FDR supported"
"F2288_mz241.0977_rt1.08",3.60408586479906,14.3926683201852,4.8247115657803,0.00491663890506116,0.010185664898881,-2.06696077703015,2288,1.076,241.09773,"Unknown","[M+H]+","ion correlated with 1943",0.357,TRUE,"null","null","null","null",999,FALSE,FALSE,FALSE,"null","null","null","null","null",95.19,29593.3333333333,49.7394884155751,24,"Exudate vs Leaf","Exudate","Exudate enriched - FDR supported"
"F765_mz132.1021_rt0.96",2.91229250910708,18.3769355291644,4.80876593330916,0.00498543691196878,0.0103105969525215,-2.08265894163711,765,0.956,132.10213,"Unknown","[M+H]+","ion correlated with 2544; ion correlated with 2928; ion correlated with 1958; ion correlated with 1993; ion correlated with 350; ion correlated with 2183",0.036,FALSE,"null","null","null","null",999,FALSE,FALSE,FALSE,"null","null","null","null","null",19,348002.333333333,54.4202114922271,24,"Exudate vs Leaf","Exudate","Exudate enriched - FDR supported"
"F612_mz122.0966_rt0.99",-3.85000289944043,18.6006046384046,-4.79764469704599,0.00503408554936409,0.0103935031580408,-2.09362920270592,612,0.988,122.09656,"Unknown","[M+H]+","ion correlated with 377",0.143,TRUE,"null","null","null","null",999,FALSE,FALSE,FALSE,"null","null","null","null","null",154.83,163438.333333333,54.6279700112988,24,"Exudate vs Leaf","Leaf","Leaf enriched - FDR supported"
"F1944_mz215.0882_rt0.4",2.44994005627664,15.5881319489236,4.77244526215975,0.00514638287711129,0.0106073154716691,-2.11855245598485,1944,0.402,215.08818,"Unknown","[M+H]+","ion correlated with 2177; ion correlated with 2058; ion correlated with 1590; ion correlated with 1226; ion correlated with 1471; ion correlated with 1616; ion correlated with 2004",0.357,FALSE,"null","null","null","null",999,FALSE,FALSE,FALSE,"null","null","null","null","null",95.07,20173,39.5813918905522,24,"Exudate vs Leaf","Exudate","Exudate enriched - FDR supported"
"F2189_mz232.1181_rt0.93",-1.8740362988944,15.1503355036074,-4.75757358491419,0.00521402760064085,0.0107285245884373,-2.1333041655826,2189,0.931,232.11809,"Unknown","[M+H]+",NA,0.107,FALSE,"null","null","null","null",999,FALSE,FALSE,FALSE,"null","null","null","null","null",45.17,3736.33333333333,55.0138244737781,18,"Exudate vs Leaf","Leaf","Leaf enriched - FDR supported"
"F1464_mz181.1225_rt4.3",-4.26058903630801,14.8903882072498,-4.75451567901439,0.00522806496116862,0.0107392061977305,-2.13634137051133,1464,4.298,181.12254,"Unknown","[M+H]+",NA,0.107,TRUE,"null","null","null","null",999,FALSE,FALSE,FALSE,"null","null","null","null","null",4.98,5294,71.0698772426818,24,"Exudate vs Leaf","Leaf","Leaf enriched - FDR supported"
"F886_mz141.0549_rt0.94",1.2950633366248,16.6581428223473,4.69418337483307,0.00551424696983991,0.011307932130719,-2.19654299917303,886,0.942,141.05487,"Unknown","[M+H]+",NA,0.25,FALSE,"null","null","null","null",999,FALSE,FALSE,FALSE,"null","null","null","null","null",62.69,50610.6666666667,16.8357229887707,24,"Exudate vs Leaf","Exudate","Exudate enriched - FDR supported"
"F265_mz97.5117_rt0.59",2.62802684955771,16.5997831707383,4.6846765301978,0.00556098967940176,0.0113845555999894,-2.20607764102304,265,0.587,97.51168,"Unknown","[M+H]+",NA,0.214,FALSE,"null","null","null","null",999,FALSE,FALSE,FALSE,"null","null","null","null","null",113.63,4280,70.6117729502453,24,"Exudate vs Leaf","Exudate","Exudate enriched - FDR supported"
"F1686_mz197.0809_rt0.9",-1.20563453778136,16.3459332467339,-4.67217287004705,0.00562317208275716,0.0114924762768808,-2.2186379964605,1686,0.902,197.08087,"Unknown","[M+H]+","ion correlated with 4069; ion correlated with 4514; ion correlated with 3268; ion correlated with 3389; ion correlated with 3170; ion correlated with 2663; ion correlated with 1393; ion correlated with 3860; ion correlated with 2553; ion correlated with 2902; ion correlated with 2413; ion correlated with 4002",0.071,FALSE,"null","null","null","null",999,FALSE,FALSE,FALSE,"null","null","null","null","null",47.72,11890.3333333333,28.8965072601895,14,"Exudate vs Leaf","Leaf","Leaf enriched - FDR supported"
"F912_mz143.0817_rt0.48",1.40166467659474,16.9667716099498,4.65531866519028,0.00570827748553638,0.0116468048192289,-2.23560489080328,912,0.483,143.08171,"Unknown","[M+H]+","ion correlated with 746",0.321,FALSE,"null","null","null","null",999,FALSE,FALSE,FALSE,"null","null","null","null","null",59.16,4980.66666666667,110.779391100703,24,"Exudate vs Leaf","Exudate","Exudate enriched - FDR supported"
"F1186_mz163.0602_rt0.47",-0.993769150427103,18.5112706636979,-4.63848444521379,0.00579478415779089,0.0118034697442251,-2.25259332349312,1186,0.473,163.06023,"Unknown","[M+H]+","ion correlated with 1575",0.607,FALSE,"null","null","null","null",999,FALSE,FALSE,FALSE,"null","null","null","null","null",197.54,63156,70.9386132970217,24,"Exudate vs Leaf","Leaf","Not selected"
"F3163_mz304.2402_rt3.91",-2.62959670910757,16.421078715871,-4.62759105475397,0.00585157661404171,0.0118991859454717,-2.26360873649701,3163,3.907,304.24023,"Unknown","[M+H]+","ion correlated with 2914; ion correlated with 3705",0.107,FALSE,"null","null","null","null",999,FALSE,FALSE,FALSE,"null","null","null","null","null",34.48,16279.6666666667,52.491646533721,21,"Exudate vs Leaf","Leaf","Leaf enriched - FDR supported"
"F995_mz147.117_rt2.08",-0.979484250352009,16.8604360907877,-4.61955393890019,0.00589389384454472,0.0119537331501848,-2.27174709700736,995,2.077,147.11696,"Unknown","[M+H]+","ion correlated with 378; ion correlated with 742; ion correlated with 957; ion correlated with 1018; ion correlated with 1629; ion correlated with 1658; ion correlated with 420; ion correlated with 628; ion correlated with 1570; ion correlated with 1719; ion correlated with 2318; ion correlated with 2447; ion correlated with 4946; ion correlated with 596; ion correlated with 2394; ion correlated with 56; ion correlated with 1140; ion correlated with 1468; ion correlated with 2582; ion correlated with 3907; ion correlated with 3941; ion correlated with 5039; ion correlated with 4118; ion correlated with 3777; ion correlated with 3979; found in higher mz's MsMs_3323; found in higher mz's MsMs_3520; found in higher mz's MsMs_3703; found in higher mz's MsMs_5004; found in higher mz's MsMs_2950; found in higher mz's MsMs_3851",0.107,FALSE,"null","null","null","null",999,FALSE,FALSE,FALSE,"null","null","null","null","null",23.96,19195.3333333333,21.9801350952439,24,"Exudate vs Leaf","Leaf","Not selected"
"F1110_mz157.0353_rt0.6",-1.50582050534157,24.7597425562466,-4.61875988533924,0.0058980940337403,0.0119537331501848,-2.27255167080831,1110,0.597,157.03526,"Unknown","[M+H]+","ion correlated with 1109",0.143,TRUE,"null","null","null","null",999,FALSE,FALSE,FALSE,"null","null","null","null","null",730.66,306835,347.714951961308,24,"Exudate vs Leaf","Leaf","Leaf enriched - FDR supported"
"F391_mz107.0493_rt0.94",-2.58916302120086,16.2883248351359,-4.61412478491822,0.00592268133943739,0.011983558576795,-2.27725003864236,391,0.945,107.04929,"Unknown","[M+H]+","ion correlated with 1053; ion correlated with 1015; ion correlated with 2359; ion correlated with 2168; ion correlated with 2068; ion correlated with 2620; found in higher mz's MsMs_1015; found in higher mz's MsMs_4088; found in higher mz's MsMs_3428",0.429,TRUE,"null","null","null","null",999,FALSE,FALSE,FALSE,"null","null","null","null","null",331.72,9690.66666666667,276.814823731728,24,"Exudate vs Leaf","Leaf","Leaf enriched - FDR supported"
"F2635_mz268.1392_rt0.72",0.918845992013529,17.2829149810453,4.6067516029303,0.00596203948649618,0.012043121358746,-2.28473040274424,2635,0.72,268.13925,"Unknown","[M+H]+",NA,0.107,FALSE,"null","null","null","null",999,FALSE,FALSE,FALSE,"null","null","null","null","null",31.28,47204.6666666667,5.28904721890733,20,"Exudate vs Leaf","Exudate","Not selected"
"F951_mz145.0497_rt0.78",-0.977640450417342,19.8954119368832,-4.59730677556496,0.00601290198604129,0.012125686064874,-2.29432427308573,951,0.778,145.04974,"Unknown","[M+H]+","ion correlated with 673; similar chromatogram in higher mz_2487; similar chromatogram in higher mz_2555; found in higher mz's MsMs_2555; similar chromatogram in higher mz_2265; similar chromatogram in higher mz_2770",0.107,TRUE,"null","null","null","null",999,FALSE,FALSE,FALSE,"null","null","null","null","null",14.5,244319.333333333,15.0619105245709,24,"Exudate vs Leaf","Leaf","Not selected"
"F471_mz112.9999_rt0.47",-1.238091027475,16.6454765190765,-4.59033245761737,0.00605078471245648,0.0121818451756587,-2.30141712512736,471,0.471,112.99994,"Unknown","[M+H]+","similar chromatogram in higher mz_5021; similar chromatogram in higher mz_2968",0.179,FALSE,"null","null","null","null",999,FALSE,FALSE,FALSE,"null","null","null","null","null",52.27,702.666666666667,1624.65419232591,13,"Exudate vs Leaf","Leaf","Leaf enriched - FDR supported"
"F1536_mz187.0602_rt0.92",-1.8140428546039,15.2560231151205,-4.56278010603952,0.00620318486315581,0.0124679907679986,-2.32950830561832,1536,0.919,187.06024,"Unknown","[M+H]+","ion correlated with 2695; ion correlated with 3141; ion correlated with 4002",0.036,FALSE,"null","null","null","null",999,FALSE,FALSE,FALSE,"null","null","null","null","null",12.48,4208.66666666667,37.8421886135086,11,"Exudate vs Leaf","Leaf","Leaf enriched - FDR supported"
"F1137_mz159.0311_rt0.6",-1.61415898866462,21.1048616792138,-4.55807386914172,0.00622966100037884,0.0125005098420825,-2.334317859325,1137,0.597,159.03111,"Unknown","[M+H]+","ion correlated with 1136",0.143,TRUE,"null","null","null","null",999,FALSE,FALSE,FALSE,"null","null","null","null","null",71.48,26082.6666666667,332.652617857919,24,"Exudate vs Leaf","Leaf","Leaf enriched - FDR supported"
"F2143_mz228.1963_rt1.68",1.2021542379039,16.1216721642746,4.52397538385853,0.00642546864586803,0.0128464573774372,-2.36926349878831,2143,1.682,228.19626,"Unknown","[M+H]+",NA,0.143,FALSE,"null","null","null","null",999,FALSE,FALSE,FALSE,"null","null","null","null","null",39.13,26842,9.41869388667437,24,"Exudate vs Leaf","Exudate","Exudate enriched - FDR supported"
"F568_mz119.0856_rt2.07",0.692620223642523,19.3343574619233,4.52341421106928,0.00642875052652404,0.0128464573774372,-2.36984006509184,568,2.074,119.08565,"Unknown","[M+H]+","ion correlated with 1018; ion correlated with 2950; ion correlated with 3907; ion correlated with 4118; ion correlated with 3851; found in higher mz's MsMs_3323; found in higher mz's MsMs_1751; found in higher mz's MsMs_3520; found in higher mz's MsMs_3703; found in higher mz's MsMs_2674; found in higher mz's MsMs_5012; found in higher mz's MsMs_5004; found in higher mz's MsMs_2381; found in higher mz's MsMs_2950; found in higher mz's MsMs_3851; found in higher mz's MsMs_3979",0.107,FALSE,"null","null","null","null",999,FALSE,FALSE,FALSE,"null","null","null","null","null",27.73,201589.333333333,5.88788152871087,24,"Exudate vs Leaf","Exudate","Not selected"
"F1120_mz158.0814_rt0.97",-1.9026078623048,18.3119144100707,-4.52254963326762,0.00643381061407067,0.0128464573774372,-2.37072845123257,1120,0.974,158.08145,"Unknown","[M+H]+","ion correlated with 2114; ion correlated with 309; similar chromatogram in higher mz_4843; similar chromatogram in higher mz_3246; similar chromatogram in higher mz_3674",0.5,TRUE,"null","null","null","null",999,FALSE,FALSE,FALSE,"null","null","null","null","null",337.88,41592.6666666667,218.29227206065,24,"Exudate vs Leaf","Leaf","Leaf enriched - FDR supported"
"F3462_mz331.1478_rt0.42",1.58368981739166,16.5560581761108,4.51578692720837,0.00647355075791594,0.0129045822990311,-2.37768124204523,3462,0.418,331.14783,"Unknown","[M+H]+",NA,0.214,FALSE,"null","null","null","null",999,FALSE,FALSE,FALSE,"null","null","null","null","null",40.01,0,220537,24,"Exudate vs Leaf","Exudate","Exudate enriched - FDR supported"
"F3022_mz295.1183_rt1.12",-0.906187121269203,16.2100181153476,-4.50339429788368,0.00654711787508694,0.0130298378694353,-2.39043996389713,3022,1.124,295.11826,"Unknown","[M+H]+","ion correlated with 3349; ion correlated with 3757; ion correlated with 3536; ion correlated with 4098; ion correlated with 4310; ion correlated with 3876; ion correlated with 4575; ion correlated with 598; ion correlated with 4597; ion correlated with 4693; ion correlated with 3638; ion correlated with 4167; ion correlated with 4019; ion correlated with 3194; ion correlated with 4640; ion correlated with 4223; ion correlated with 4153; ion correlated with 4618; ion correlated with 4333; ion correlated with 4192; ion correlated with 4307; ion correlated with 4250; ion correlated with 4110; ion correlated with 4080; ion correlated with 2740; ion correlated with 4003; ion correlated with 3957; ion correlated with 4960; ion correlated with 4041",0.071,FALSE,"null","null","null","null",999,FALSE,FALSE,FALSE,"null","null","null","null","null",47.65,2973,76.5988567585743,15,"Exudate vs Leaf","Leaf","Not selected"
"F133_mz80.948_rt5.69",0.84529748370067,17.9626982533558,4.49926303939292,0.00657185830884206,0.0130576693730512,-2.39469837750124,133,5.692,80.94802,"Unknown","[M+H]+","ion correlated with 3789; ion correlated with 4236",0.036,TRUE,"null","null","null","null",999,FALSE,FALSE,FALSE,"null","null","null","null","null",20.01,68713.3333333333,6.46338221525834,24,"Exudate vs Leaf","Exudate","Not selected"
"F1629_mz193.1227_rt2.07",-4.85701685455772,15.4043270176296,-4.49255507243536,0.00661226158814952,0.0131164796862966,-2.40161825858495,1629,2.074,193.12267,"Unknown","[M+H]+","ion correlated with 378; ion correlated with 742; ion correlated with 957; ion correlated with 1018; ion correlated with 1658; ion correlated with 420; ion correlated with 628; ion correlated with 995; ion correlated with 1570; ion correlated with 1694; ion correlated with 1719; ion correlated with 2318; ion correlated with 2447; ion correlated with 2950; ion correlated with 4946; ion correlated with 596; ion correlated with 2394; ion correlated with 56; ion correlated with 1140; ion correlated with 1468; ion correlated with 2582; ion correlated with 3907; ion correlated with 3941; ion correlated with 5004; ion correlated with 5039; ion correlated with 4118; ion correlated with 3777; ion correlated with 3979; similar chromatogram in higher mz_3979",0.107,FALSE,"null","null","null","null",999,FALSE,FALSE,FALSE,"null","null","null","null","null",10.38,2139.66666666667,290.191840548116,16,"Exudate vs Leaf","Leaf","Leaf enriched - FDR supported"
"F2113_mz227.082_rt1.07",3.34978186523573,15.1755444677023,4.4604813150149,0.00680948500793859,0.0134856685149061,-2.43479868687799,2113,1.07,227.08199,"Unknown","[M+H]+","ion correlated with 1063; ion correlated with 1222; ion correlated with 2123",0.321,TRUE,"null","null","null","null",999,FALSE,FALSE,FALSE,"null","null","null","null","null",48.68,39153,13.3501302548909,24,"Exudate vs Leaf","Exudate","Exudate enriched - FDR supported"
"F1569_mz189.1237_rt0.91",-1.36677959325537,15.2336470178632,-4.45221845859548,0.00686139619493083,0.0135645660175619,-2.44337172194625,1569,0.906,189.12373,"Unknown","[M+H]+","ion correlated with 1049; ion correlated with 2559; ion correlated with 4352; ion correlated with 1785; ion correlated with 1993; ion correlated with 737; ion correlated with 2018; ion correlated with 2210",0.286,TRUE,"null","null","null","null",999,FALSE,FALSE,FALSE,"null","null","null","null","null",659.34,1880.66666666667,3809.38883968113,24,"Exudate vs Leaf","Leaf","Leaf enriched - FDR supported"
"F2296_mz241.9999_rt0.39",0.941173820796201,22.4325961732501,4.45059166563012,0.00687167059374016,0.0135645660175619,-2.44506079546176,2296,0.393,241.99988,"Unknown","[M+H]+",NA,0.857,TRUE,"null","null","null","null",999,FALSE,FALSE,FALSE,"null","null","null","null","null",1384.11,0,10563256,24,"Exudate vs Leaf","Exudate","Not selected"
"F245_mz95.0493_rt0.48",-0.783948885413658,18.5786419793071,-4.43978610509218,0.00694037130181039,0.0136779395461003,-2.45629017140734,245,0.48,95.04926,"Unknown","[M+H]+","ion correlated with 2200; ion correlated with 1822; ion correlated with 2220; ion correlated with 1711; ion correlated with 851; ion correlated with 1323; ion correlated with 841; ion correlated with 2575; ion correlated with 2488; ion correlated with 2556; found in higher mz's MsMs_1621",0.107,FALSE,"null","null","null","null",999,FALSE,FALSE,FALSE,"null","null","null","null","null",57.05,38317.3333333333,31.0206080640251,13,"Exudate vs Leaf","Leaf","Not selected"
"F1133_mz158.9725_rt0.41",-1.40454969309048,19.7969757351948,-4.43357341451458,0.00698023226828582,0.0137342009298201,-2.46275451642122,1133,0.405,158.97252,"Unknown","[M+H]+","ion correlated with 275",0.321,TRUE,"null","null","null","null",999,FALSE,FALSE,FALSE,"null","null","null","null","null",213.43,163216.333333333,25.8869809579048,24,"Exudate vs Leaf","Leaf","Leaf enriched - FDR supported"
"F927_mz144.0811_rt1.04",-2.12429948864056,15.0660090218894,-4.4239783280927,0.0070423187343201,0.0138339400379686,-2.47274972659928,927,1.04,144.0811,"Unknown","[M+H]+","ion correlated with 2245; found in higher mz's MsMs_1981",0.464,FALSE,"null","null","null","null",999,FALSE,FALSE,FALSE,"null","null","null","null","null",139.6,1619,831.933333333333,24,"Exudate vs Leaf","Leaf","Leaf enriched - FDR supported"
"F2291_mz241.1801_rt2.7",1.96592061807332,11.8540444186176,4.41809727037023,0.00708069011859909,0.0138868462099827,-2.47888291228743,2291,2.701,241.1801,"Unknown","[M+H]+","ion correlated with 3944; ion correlated with 3988; similar chromatogram in higher mz_3988; similar chromatogram in higher mz_3944; similar chromatogram in higher mz_3218",0.107,TRUE,"null","null","null","null",999,FALSE,FALSE,FALSE,"null","null","null","null","null",46.9,1100.66666666667,437.846596066566,16,"Exudate vs Leaf","Exudate","Exudate enriched - FDR supported"
"F1883_mz210.1161_rt0.89",2.71585067011496,15.579573227203,4.41575276442195,0.00709605468960355,0.0138945328922237,-2.48132938928855,1883,0.892,210.1161,"Unknown","[M+H]+",NA,0.357,TRUE,"null","null","null","null",999,FALSE,FALSE,FALSE,"null","null","null","null","null",275.54,14159.6666666667,163.919542394426,22,"Exudate vs Leaf","Exudate","Exudate enriched - FDR supported"
"F422_mz109.5217_rt0.4",-1.18171153306255,17.3351638761406,-4.41124491405075,0.00712570555356596,0.0139301232560855,-2.48603564090359,422,0.4,109.52167,"Unknown","[M+H]+","ion correlated with 3029; ion correlated with 538; ion correlated with 2384; ion correlated with 2798",0.143,FALSE,"null","null","null","null",999,FALSE,FALSE,FALSE,"null","null","null","null","null",41.67,865,633.370669745958,19,"Exudate vs Leaf","Leaf","Leaf enriched - FDR supported"
"F844_mz138.511_rt0.38",2.78623140540136,15.434002782664,4.4045032525437,0.00717031852078605,0.0139948017431419,-2.49307976347683,844,0.385,138.51096,"Unknown","[M+H]+",NA,0.071,FALSE,"null","null","null","null",999,FALSE,FALSE,FALSE,"null","null","null","null","null",114.15,0,160287,23,"Exudate vs Leaf","Exudate","Exudate enriched - FDR supported"
"F1687_mz197.0811_rt1.01",-2.26412994515185,17.5067143022674,-4.39231714956348,0.00725178591216265,0.0141310884387889,-2.50583007544516,1687,1.012,197.0811,"Unknown","[M+H]+","ion correlated with 4687; similar chromatogram in higher mz_2036",0.107,TRUE,"null","null","null","null",999,FALSE,FALSE,FALSE,"null","null","null","null","null",112.9,24007.3333333333,72.8248385977091,21,"Exudate vs Leaf","Leaf","Leaf enriched - FDR supported"
"F3742_mz357.1831_rt4.53",-2.30984769837378,14.1073900003564,-4.38722776707858,0.0072861276612763,0.0141752547769061,-2.51116176434466,3742,4.53,357.18314,"Unknown","[M+H]+","ion correlated with 4586; ion correlated with 3682; ion correlated with 2527; ion correlated with 2710; ion correlated with 2877; ion correlated with 3526; ion correlated with 3827; ion correlated with 3114",0.036,FALSE,"null","null","null","null",999,FALSE,FALSE,FALSE,"null","null","null","null","null",26.07,0,144338,13,"Exudate vs Leaf","Leaf","Leaf enriched - FDR supported"
"F1747_mz201.1125_rt1.12",-1.16605968766522,16.1157862373523,-4.38122741871243,0.00732685919101984,0.0142241955130934,-2.51745284362601,1747,1.117,201.11246,"Unknown","[M+H]+","ion correlated with 1020; ion correlated with 4035; ion correlated with 2094; ion correlated with 2128; ion correlated with 4486; ion correlated with 4167; ion correlated with 1764; ion correlated with 3971; ion correlated with 4684; ion correlated with 4647; ion correlated with 4543; ion correlated with 3898; ion correlated with 3143; ion correlated with 3772; ion correlated with 4341; ion correlated with 4388; ion correlated with 4166; ion correlated with 4952",0.107,FALSE,"null","null","null","null",999,FALSE,FALSE,FALSE,"null","null","null","null","null",20.67,19791,14.6685529506871,24,"Exudate vs Leaf","Leaf","Leaf enriched - FDR supported"
"F2006_mz218.9839_rt0.39",0.95696227980279,21.8802487935787,4.38007431102372,0.00733471696144683,0.0142241955130934,-2.5186624487667,2006,0.391,218.9839,"Unknown","[M+H]+","found in higher mz's MsMs_2296",0.857,TRUE,"null","null","null","null",999,FALSE,FALSE,FALSE,"null","null","null","null","null",696.64,0,6654493,24,"Exudate vs Leaf","Exudate","Not selected"
"F1727_mz200.0923_rt1.07",1.90435234274834,12.6935830784336,4.35677338652747,0.00749561513393958,0.0145012499394571,-2.54314835814008,1727,1.074,200.09227,"Unknown","[M+H]+","ion correlated with 2388",0.071,FALSE,"null","null","null","null",999,FALSE,FALSE,FALSE,"null","null","null","null","null",100.8,3263.66666666667,179.867061466204,23,"Exudate vs Leaf","Exudate","Exudate enriched - FDR supported"
"F2632_mz268.1045_rt0.47",-2.72662661917741,16.5286076481754,-4.35593642689839,0.00750147031464504,0.0145012499394571,-2.54402941983447,2632,0.474,268.10449,"Unknown","[M+H]+",NA,0.393,TRUE,"null","null","null","null",999,FALSE,FALSE,FALSE,"null","null","null","null","null",694.24,73402.3333333333,107.670859633986,24,"Exudate vs Leaf","Leaf","Leaf enriched - FDR supported"
"F1467_mz181.1226_rt5.72",-4.84179135934602,14.9717623879723,-4.35373776009091,0.00751687699689684,0.0145079311196069,-2.54634444993655,1467,5.715,181.12262,"Unknown","[M+H]+","ion correlated with 3578; ion correlated with 4812; ion correlated with 4855; ion correlated with 2530; found in higher mz's MsMs_4855; similar chromatogram in higher mz_4773; similar chromatogram in higher mz_4812",0.107,FALSE,"null","null","null","null",999,FALSE,FALSE,FALSE,"null","null","null","null","null",6.45,4063.33333333333,102.189206922004,24,"Exudate vs Leaf","Leaf","Leaf enriched - FDR supported"
"F4239_mz416.917_rt0.4",1.26425419018048,16.6138423437107,4.34498971000317,0.00757854188730028,0.014603729922512,-2.55556278554076,4239,0.397,416.91699,"Unknown","[M+H]+",NA,0.25,FALSE,"null","null","null","null",999,FALSE,FALSE,FALSE,"null","null","null","null","null",2597.77,0,178893,23,"Exudate vs Leaf","Exudate","Exudate enriched - FDR supported"
"F2320_mz243.9975_rt0.39",1.09275284986752,20.5435677367015,4.30668970107108,0.00785552225206127,0.015113477042793,-2.59605934418728,2320,0.392,243.99754,"Unknown","[M+H]+","ion correlated with 58",0.821,FALSE,"null","null","null","null",999,FALSE,FALSE,FALSE,"null","null","null","null","null",199.86,2176,1283.18052365641,24,"Exudate vs Leaf","Exudate","Exudate enriched - FDR supported"
"F3505_mz334.2957_rt1.51",-2.07402254175307,14.3759433709219,-4.2728562658614,0.00811000596131736,0.0155783975269609,-2.63202000432317,3505,1.513,334.29572,"Unknown","[M+H]+","ion correlated with 3050; ion correlated with 3110; ion correlated with 4134; ion correlated with 4120; ion correlated with 4012",0.071,FALSE,"null","null","null","null",999,FALSE,FALSE,FALSE,"null","null","null","null","null",35.5,1032,118.705711519845,16,"Exudate vs Leaf","Leaf","Leaf enriched - FDR supported"
"F226_mz90.9767_rt5.82",0.824946024223405,18.1170563484679,4.26061445879581,0.00820443008670076,0.0157348785549048,-2.64507479341935,226,5.815,90.97672,"Unknown","[M+H]+",NA,0.214,TRUE,"null","null","null","null",999,FALSE,FALSE,FALSE,"null","null","null","null","null",29.01,110261.666666667,10.1412838434284,24,"Exudate vs Leaf","Exudate","Not selected"
"F1986_mz217.105_rt7.71",2.2240209136317,15.4072262562979,4.24136707176651,0.00835547847337994,0.0159992915878285,-2.66564702225814,1986,7.709,217.10503,"Unknown","[M+H]+",NA,0.036,FALSE,"null","null","null","null",999,FALSE,FALSE,FALSE,"null","null","null","null","null",23.11,22488.6666666667,7.27760897597415,24,"Exudate vs Leaf","Exudate","Exudate enriched - FDR supported"
"F1731_mz200.1285_rt0.78",-2.45370524459832,15.7423104273671,-4.21314624286228,0.00858281155090227,0.0164087137366856,-2.69591357059464,1731,0.776,200.12848,"Unknown","[M+H]+","similar chromatogram in higher mz_4612; similar chromatogram in higher mz_4256",0.071,FALSE,"null","null","null","null",999,FALSE,FALSE,FALSE,"null","null","null","null","null",66.94,9091.33333333333,57.0900758881109,17,"Exudate vs Leaf","Leaf","Leaf enriched - FDR supported"
"F124_mz79.99_rt0.42",1.12011099857073,16.3672140323077,4.19616632856836,0.00872304314092287,0.0166481346254068,-2.71418359718378,124,0.416,79.98999,"Unknown","[M+H]+","similar chromatogram in higher mz_3366; similar chromatogram in higher mz_2238; similar chromatogram in higher mz_4582; similar chromatogram in higher mz_3384; similar chromatogram in higher mz_3529; similar chromatogram in higher mz_2261; similar chromatogram in higher mz_4156; similar chromatogram in higher mz_2440; similar chromatogram in higher mz_4259; similar chromatogram in higher mz_4667; similar chromatogram in higher mz_3558; similar chromatogram in higher mz_4169; similar chromatogram in higher mz_4423; similar chromatogram in higher mz_4589; similar chromatogram in higher mz_1275; similar chromatogram in higher mz_2148; similar chromatogram in higher mz_2628; similar chromatogram in higher mz_2735; similar chromatogram in higher mz_2844; similar chromatogram in higher mz_3166; similar chromatogram in higher mz_3696; similar chromatogram in higher mz_3764; similar chromatogram in higher mz_3854; similar chromatogram in higher mz_3946; similar chromatogram in higher mz_4046; similar chromatogram in higher mz_4340; similar chromatogram in higher mz_4526; similar chromatogram in higher mz_4672; similar chromatogram in higher mz_4707; similar chromatogram in higher mz_4787; similar chromatogram in higher mz_4795; similar chromatogram in higher mz_4957; similar chromatogram in higher mz_1860; similar chromatogram in higher mz_2823; similar chromatogram in higher mz_3829; similar chromatogram in higher mz_4424; similar chromatogram in higher mz_4493; similar chromatogram in higher mz_4689; similar chromatogram in higher mz_4701; similar chromatogram in higher mz_4911",0.036,FALSE,"null","null","null","null",999,FALSE,FALSE,FALSE,"null","null","null","null","null",82.77,0,169646,24,"Exudate vs Leaf","Exudate","Exudate enriched - FDR supported"
"F1726_mz200.0921_rt0.92",2.92117900352845,13.5033254366821,4.19467677102127,0.00873547096901496,0.0166481346254068,-2.71578845571216,1726,0.916,200.09212,"Unknown","[M+H]+","ion correlated with 1507; ion correlated with 1358; ion correlated with 638; ion correlated with 1111; ion correlated with 670",0.107,TRUE,"null","null","null","null",999,FALSE,FALSE,FALSE,"null","null","null","null","null",345.45,4154,533.513116726835,21,"Exudate vs Leaf","Exudate","Exudate enriched - FDR supported"
"F328_mz101.9647_rt9.67",4.06237305880876,17.402560195636,4.18307971570569,0.00883293278344035,0.0168074927885526,-2.72829493395284,328,9.673,101.96474,"Unknown","[M+H]+",NA,0.036,FALSE,"null","null","null","null",999,FALSE,FALSE,FALSE,"null","null","null","null","null",273.54,74663,5.39433997642773,24,"Exudate vs Leaf","Exudate","Exudate enriched - FDR supported"
"F4156_mz404.8284_rt0.41",0.83562699320895,18.4603842259053,4.17382485229081,0.00891161439825267,0.0169306727378384,-2.73829048488498,4156,0.414,404.8284,"Unknown","[M+H]+","ion correlated with 3384; ion correlated with 1860; ion correlated with 1822",0.286,FALSE,"null","null","null","null",999,FALSE,FALSE,FALSE,"null","null","null","null","null",4026.91,0,684915,24,"Exudate vs Leaf","Exudate","Not selected"
"F2692_mz272.9531_rt0.41",-1.16217968672148,19.1686853111271,-4.13002400944324,0.00929517177949146,0.0176317789692229,-2.78577695154402,2692,0.405,272.95309,"Unknown","[M+H]+","ion correlated with 470; ion correlated with 275; ion correlated with 1473; ion correlated with 2220",0.714,FALSE,"null","null","null","null",999,FALSE,FALSE,FALSE,"null","null","null","null","null",152.47,0,2382008,24,"Exudate vs Leaf","Leaf","Leaf enriched - FDR supported"
"F2549_mz261.031_rt0.39",1.256451444371,18.8466773195856,4.12801615435319,0.00931320690296285,0.0176384292982791,-2.78796089698302,2549,0.393,261.03101,"Unknown","[M+H]+","ion correlated with 2097",0.464,FALSE,"null","null","null","null",999,FALSE,FALSE,FALSE,"null","null","null","null","null",133.76,0,706120,24,"Exudate vs Leaf","Exudate","Exudate enriched - FDR supported"
"F150_mz82.945_rt5.78",0.687222086633881,16.3733029863864,4.11456440177729,0.00943508323693486,0.0178414190804345,-2.80260854163057,150,5.777,82.94504,"Unknown","[M+H]+","ion correlated with 4359; ion correlated with 627; ion correlated with 4389; ion correlated with 3788; ion correlated with 3775; ion correlated with 3577; ion correlated with 3357",0.107,FALSE,"null","null","null","null",999,FALSE,FALSE,FALSE,"null","null","null","null","null",36.13,21507.6666666667,8.00072838855655,24,"Exudate vs Leaf","Exudate","Not selected"
"F132_mz80.948_rt5.77",0.662068873742059,18.0154855624927,4.09668833979533,0.00959990911781783,0.0181248672924274,-2.82211738574616,132,5.772,80.94801,"Unknown","[M+H]+","ion correlated with 3113; ion correlated with 27; ion correlated with 606; ion correlated with 4371; similar chromatogram in higher mz_5067",0.214,TRUE,"null","null","null","null",999,FALSE,FALSE,FALSE,"null","null","null","null","null",26.19,68207.3333333333,8.19571411117899,24,"Exudate vs Leaf","Exudate","Not selected"
"F724_mz130.05_rt0.76",-1.36017925100805,18.4701062911887,-4.07239654174972,0.009829253324829,0.018529058286246,-2.84870773779246,724,0.759,130.05005,"Unknown","[M+H]+","found in higher mz's MsMs_2722; similar chromatogram in higher mz_3818; similar chromatogram in higher mz_4437",0.429,TRUE,"null","null","null","null",999,FALSE,FALSE,FALSE,"null","null","null","null","null",6479.39,30006.3333333333,2740.10729599431,24,"Exudate vs Leaf","Leaf","Leaf enriched - FDR supported"
"F2852_mz284.047_rt0.39",0.990077991071777,18.3129448004234,4.05845159023353,0.00996376821443436,0.0187535110268579,-2.86401376365612,2852,0.392,284.04697,"Unknown","[M+H]+","ion correlated with 1774; ion correlated with 21",0.536,FALSE,"null","null","null","null",999,FALSE,FALSE,FALSE,"null","null","null","null","null",442.76,0,575493,24,"Exudate vs Leaf","Exudate","Not selected"
"F625_mz123.1169_rt3.55",-1.31575186865615,16.3991658800179,-4.0493825540603,0.0100523902640614,0.0188910244281279,-2.87398425277341,625,3.547,123.11687,"Unknown","[M+H]+","ion correlated with 419; ion correlated with 779; ion correlated with 2157; ion correlated with 3115; ion correlated with 3702; ion correlated with 3318; ion correlated with 3338; ion correlated with 397; ion correlated with 597; ion correlated with 994; ion correlated with 1019; ion correlated with 1190; ion correlated with 1257; ion correlated with 1349; ion correlated with 1630; ion correlated with 1752; ion correlated with 2317; ion correlated with 2448; ion correlated with 2474; ion correlated with 2676; ion correlated with 2746; ion correlated with 2954; ion correlated with 3083; ion correlated with 3098; ion correlated with 3118; ion correlated with 3504; ion correlated with 3745; ion correlated with 3906; ion correlated with 5013; ion correlated with 5038; ion correlated with 5047; ion correlated with 3515; found in higher mz's MsMs_3115; found in higher mz's MsMs_3702; found in higher mz's MsMs_3318; found in higher mz's MsMs_5005; found in higher mz's MsMs_3847; found in higher mz's MsMs_3515; found in higher mz's MsMs_3976; found in higher mz's MsMs_2954; found in higher mz's MsMs_3504",0.107,FALSE,"null","null","null","null",999,FALSE,FALSE,FALSE,"null","null","null","null","null",11.53,10985.3333333333,40.078612821991,24,"Exudate vs Leaf","Leaf","Leaf enriched - FDR supported"
"F1015_mz149.0599_rt0.95",-1.60348265644013,15.8902115210739,-4.04545490610741,0.010091053198833,0.0189343718444872,-2.87830628954874,1015,0.954,149.05994,"Unknown","[M+H]+","ion correlated with 1785; ion correlated with 391; ion correlated with 2359; ion correlated with 2018; ion correlated with 2168; ion correlated with 2068",0.357,TRUE,"null","null","null","null",999,FALSE,FALSE,FALSE,"null","null","null","null","null",270.41,7738.33333333333,467.798561460936,23,"Exudate vs Leaf","Leaf","Leaf enriched - FDR supported"
"F650_mz125.0236_rt1.02",3.82357048895291,13.7574481286689,4.04224751743938,0.0101227534349494,0.0189645411574515,-2.8818375301451,650,1.019,125.02357,"Unknown","[M+H]+","ion correlated with 1578; ion correlated with 885; similar chromatogram in higher mz_966; similar chromatogram in higher mz_2975; similar chromatogram in higher mz_3144; similar chromatogram in higher mz_4033; similar chromatogram in higher mz_4175; similar chromatogram in higher mz_4321; found in higher mz's MsMs_1504",0.107,TRUE,"null","null","null","null",999,FALSE,FALSE,FALSE,"null","null","null","null","null",304.95,13448,237.297048107666,24,"Exudate vs Leaf","Exudate","Exudate enriched - FDR supported"
"F3558_mz338.8419_rt0.42",1.48711463426679,17.3086022432616,4.01541646413952,0.0103924891026919,0.019439879461738,-2.91144069481916,3558,0.416,338.84189,"Unknown","[M+H]+",NA,0.107,FALSE,"null","null","null","null",999,FALSE,FALSE,FALSE,"null","null","null","null","null",3885.38,0,226012,24,"Exudate vs Leaf","Exudate","Exudate enriched - FDR supported"
"F1832_mz207.1017_rt1.12",-2.58377319473261,16.4823109722008,-3.97434535905175,0.0108216098832352,0.0202114375357655,-2.95697325220401,1832,1.118,207.10173,"Unknown","[M+H]+",NA,0.179,FALSE,"null","null","null","null",999,FALSE,FALSE,FALSE,"null","null","null","null","null",66.74,3548,206.714285714286,24,"Exudate vs Leaf","Leaf","Leaf enriched - FDR supported"
"F1111_mz157.0498_rt0.92",2.56933906711277,14.8379279642659,3.96733118172603,0.0108969213131441,0.0203208332936359,-2.96477576492684,1111,0.923,157.04982,"Unknown","[M+H]+","ion correlated with 1358; ion correlated with 638; ion correlated with 1726; ion correlated with 670",0.036,TRUE,"null","null","null","null",999,FALSE,FALSE,FALSE,"null","null","null","null","null",387.76,50596.3333333333,52.0791280172868,18,"Exudate vs Leaf","Exudate","Exudate enriched - FDR supported"
"F1981_mz217.0977_rt1.06",1.43753377879151,15.5979082638186,3.96516788531934,0.0109202704801754,0.02033314166094,-2.96718375300248,1981,1.056,217.0977,"Unknown","[M+H]+","ion correlated with 966",0.429,TRUE,"null","null","null","null",999,FALSE,FALSE,FALSE,"null","null","null","null","null",471.61,32140.3333333333,156.188200033187,24,"Exudate vs Leaf","Exudate","Exudate enriched - FDR supported"
"F615_mz122.9247_rt0.42",0.713136876151147,23.0585506565983,3.96110878065619,0.0109642375368966,0.0203837432921784,-2.9717039638933,615,0.418,122.92467,"Unknown","[M+H]+","similar chromatogram in higher mz_1676; similar chromatogram in higher mz_2415; similar chromatogram in higher mz_2442; similar chromatogram in higher mz_3508; similar chromatogram in higher mz_4142; similar chromatogram in higher mz_4260; found in higher mz's MsMs_2965; similar chromatogram in higher mz_1909; found in higher mz's MsMs_2516; similar chromatogram in higher mz_4249; similar chromatogram in higher mz_2312; similar chromatogram in higher mz_4413; similar chromatogram in higher mz_3829; similar chromatogram in higher mz_3769; similar chromatogram in higher mz_2823; similar chromatogram in higher mz_2764; similar chromatogram in higher mz_2967; similar chromatogram in higher mz_4701; similar chromatogram in higher mz_3928; similar chromatogram in higher mz_4493; similar chromatogram in higher mz_4288; similar chromatogram in higher mz_4424; similar chromatogram in higher mz_4891; similar chromatogram in higher mz_4270; similar chromatogram in higher mz_3609",0.857,TRUE,"null","null","null","null",999,FALSE,FALSE,FALSE,"null","null","null","null","null",535.46,0,15231889,24,"Exudate vs Leaf","Exudate","Not selected"
"F2510_mz258.1103_rt0.55",-3.30092602636341,15.7992921049352,-3.94503864493279,0.0111403191385137,0.0206794303274551,-2.98962498165815,2510,0.549,258.11029,"Unknown","[M+H]+",NA,0.036,FALSE,"null","null","null","null",999,FALSE,FALSE,FALSE,"null","null","null","null","null",58.38,0,3567189,21,"Exudate vs Leaf","Leaf","Leaf enriched - FDR supported"
"F3100_mz301.1191_rt1.05",-2.36346526302519,14.3279407326465,-3.94084061562875,0.0111868526259162,0.0207341054776523,-2.99431318862346,3100,1.052,301.11908,"Unknown","[M+H]+",NA,0.429,TRUE,"null","null","null","null",999,FALSE,FALSE,FALSE,"null","null","null","null","null",133.54,2972.33333333333,848.568834080717,23,"Exudate vs Leaf","Leaf","Leaf enriched - FDR supported"
"F2594_mz265.0235_rt0.44",-3.60968772854251,16.2746424180634,-3.93738470259044,0.0112253281726498,0.0207737018317024,-2.99817470057393,2594,0.443,265.02347,"Unknown","[M+H]+",NA,0.214,FALSE,"null","null","null","null",999,FALSE,FALSE,FALSE,"null","null","null","null","null",195.81,622.666666666667,3125.54302512026,24,"Exudate vs Leaf","Leaf","Leaf enriched - FDR supported"
"F1041_mz151.112_rt3.54",-1.75375066300954,15.1637166891099,-3.93340161637321,0.0112698621326661,0.0208243723425519,-3.00262757966857,1041,3.542,151.11203,"Unknown","[M+H]+","ion correlated with 779; ion correlated with 2014; ion correlated with 2157; ion correlated with 3115; ion correlated with 3702; ion correlated with 376; ion correlated with 741; ion correlated with 856; ion correlated with 1141; ion correlated with 1379; ion correlated with 1893; ion correlated with 2293; ion correlated with 2563; ion correlated with 3959; ion correlated with 3318; ion correlated with 3338; ion correlated with 956; ion correlated with 397; ion correlated with 597; ion correlated with 625; ion correlated with 994; ion correlated with 1019; ion correlated with 1190; ion correlated with 1257; ion correlated with 1349; ion correlated with 1630; ion correlated with 1752; ion correlated with 2317; ion correlated with 2448; ion correlated with 2474; ion correlated with 2676; ion correlated with 2746; ion correlated with 2954; ion correlated with 3083; ion correlated with 3098; ion correlated with 3118; ion correlated with 3504; ion correlated with 3745; ion correlated with 3906; ion correlated with 5005; ion correlated with 5013; ion correlated with 5038; ion correlated with 5047; ion correlated with 4092; ion correlated with 3515; ion correlated with 4188; ion correlated with 3942; ion correlated with 4987",0.071,FALSE,"null","null","null","null",999,FALSE,FALSE,FALSE,"null","null","null","null","null",35.74,3655.66666666667,64.646581586144,24,"Exudate vs Leaf","Leaf","Leaf enriched - FDR supported"
"F2780_mz277.1803_rt1.61",-15.4848486304176,16.5172714760425,-3.90971699399657,0.011538916035549,0.0212891247221222,-3.02915711718253,2780,1.608,277.18033,"Unknown","[M+H]+",NA,0.107,TRUE,"null","null","null","null",999,FALSE,FALSE,FALSE,"null","null","null","null","null",6492.7,1303.66666666667,36070.6824220746,21,"Exudate vs Leaf","Leaf","Leaf enriched - FDR supported"
"F2119_mz227.1281_rt1.66",-1.31307379844274,15.6485062460302,-3.9005963245802,0.0116444928610568,0.0214513115831912,-3.03939679832401,2119,1.657,227.12814,"Unknown","[M+H]+","ion correlated with 4748; ion correlated with 3469; ion correlated with 2185; ion correlated with 2279; ion correlated with 4161; ion correlated with 2023; ion correlated with 1898; ion correlated with 3884; ion correlated with 3747; ion correlated with 4992; ion correlated with 3671; ion correlated with 3320; ion correlated with 3704; ion correlated with 4982; ion correlated with 2951; ion correlated with 3353; ion correlated with 2677; ion correlated with 3109; ion correlated with 3259; ion correlated with 3612; ion correlated with 4145; ion correlated with 3001; ion correlated with 2561",0.107,FALSE,"null","null","null","null",999,FALSE,FALSE,FALSE,"null","null","null","null","null",18.32,3635.66666666667,54.7044912923923,24,"Exudate vs Leaf","Leaf","Leaf enriched - FDR supported"
"F1382_mz176.0085_rt0.51",-2.04742116310992,16.5635938913194,-3.89191806704696,0.0117459822540702,0.0216054885703656,-3.04915190649176,1382,0.506,176.00853,"Unknown","[M+H]+",NA,0.179,FALSE,"null","null","null","null",999,FALSE,FALSE,FALSE,"null","null","null","null","null",200.27,2035,620.051571709234,22,"Exudate vs Leaf","Leaf","Leaf enriched - FDR supported"
"F952_mz145.0498_rt0.68",0.969857466928808,19.3172985523072,3.88884097007055,0.0117822121466534,0.0216393427322803,-3.05261366639144,952,0.681,145.04976,"Unknown","[M+H]+",NA,0.107,FALSE,"null","null","null","null",999,FALSE,FALSE,FALSE,"null","null","null","null","null",130.35,325141.666666667,6.78016214420747,24,"Exudate vs Leaf","Exudate","Not selected"
"F1714_mz199.0968_rt1",-1.75927013501466,18.6057852747361,-3.86544463008401,0.0120619275056236,0.0221196072384095,-3.0789833488559,1714,1.005,199.09677,"Unknown","[M+H]+","ion correlated with 1458; ion correlated with 3311; ion correlated with 1088; ion correlated with 1837",0.107,TRUE,"null","null","null","null",999,FALSE,FALSE,FALSE,"null","null","null","null","null",84.71,109497.666666667,24.510307583654,24,"Exudate vs Leaf","Leaf","Leaf enriched - FDR supported"
"F1332_mz173.0296_rt0.39",0.96698803390561,16.7148381849133,3.86163744826699,0.0121081635339012,0.0221709057770077,-3.08328249727378,1332,0.389,173.0296,"Unknown","[M+H]+",NA,0.179,FALSE,"null","null","null","null",999,FALSE,FALSE,FALSE,"null","null","null","null","null",7.37,5878.66666666667,31.9798741425251,24,"Exudate vs Leaf","Exudate","Not selected"
"F1985_mz217.105_rt8.02",2.04191517564956,15.9298667467582,3.85271197622217,0.0122173597087923,0.0223069530684704,-3.09337024405087,1985,8.023,217.105,"Unknown","[M+H]+",NA,0.036,FALSE,"null","null","null","null",999,FALSE,FALSE,FALSE,"null","null","null","null","null",34.36,27275.3333333333,7.58903322782877,24,"Exudate vs Leaf","Exudate","Exudate enriched - FDR supported"
"F837_mz138.0553_rt0.98",-1.09021567284704,17.0774014848291,-3.85256133776329,0.0122192123480501,0.0223069530684704,-3.0935406059503,837,0.983,138.05528,"Unknown","[M+H]+",NA,0.321,TRUE,"null","null","null","null",999,FALSE,FALSE,FALSE,"null","null","null","null","null",464.17,30179,123.736348575215,24,"Exudate vs Leaf","Leaf","Leaf enriched - FDR supported"
"F2557_mz261.1313_rt7.93",3.42452704040208,12.5016431711401,3.84483237639825,0.0123147026035584,0.0224475209620419,-3.10228631784743,2557,7.931,261.13126,"Unknown","[M+H]+","ion correlated with 423",0.071,FALSE,"null","null","null","null",999,FALSE,FALSE,FALSE,"null","null","null","null","null",30.11,5798.66666666667,20.2465084200241,23,"Exudate vs Leaf","Exudate","Exudate enriched - FDR supported"
"F807_mz136.0759_rt1.14",3.58007017889541,13.7555951329759,3.80298521150711,0.0128468585750074,0.0233824382459654,-3.14980132613135,807,1.139,136.07594,"Unknown","[M+H]+","ion correlated with 3603; ion correlated with 3335; ion correlated with 3569; ion correlated with 2499; ion correlated with 1811",0.179,TRUE,"null","null","null","null",999,FALSE,FALSE,FALSE,"null","null","null","null","null",83.46,20258.3333333333,42.2637796571128,24,"Exudate vs Leaf","Exudate","Exudate enriched - FDR supported"
"F1460_mz181.1225_rt1.75",-1.41929450149477,17.331318816314,-3.79895139672453,0.0128995373480387,0.0234431711684417,-3.15439600997912,1460,1.754,181.12251,"Unknown","[M+H]+",NA,0.179,TRUE,"null","null","null","null",999,FALSE,FALSE,FALSE,"null","null","null","null","null",12.31,23672.6666666667,39.5983019107025,24,"Exudate vs Leaf","Leaf","Leaf enriched - FDR supported"
"F2309_mz242.8657_rt0.43",2.48074733558122,15.0358910307527,3.78867862228252,0.0130348168884897,0.0236536139052713,-3.16610866018908,2309,0.428,242.86566,"Unknown","[M+H]+","ion correlated with 1143",0.071,FALSE,"null","null","null","null",999,FALSE,FALSE,FALSE,"null","null","null","null","null",102.57,0,222695,15,"Exudate vs Leaf","Exudate","Exudate enriched - FDR supported"
"F1559_mz188.1284_rt0.93",-1.20805265384741,16.1452741757682,-3.76145094127406,0.0134013244343175,0.0242823997959126,-3.19723277355593,1559,0.93,188.12845,"Unknown","[M+H]+","similar chromatogram in higher mz_2146; similar chromatogram in higher mz_2216; similar chromatogram in higher mz_1585; similar chromatogram in higher mz_2595",0.536,TRUE,"null","null","null","null",999,FALSE,FALSE,FALSE,"null","null","null","null","null",289.65,14745.6666666667,143.315574141049,21,"Exudate vs Leaf","Leaf","Leaf enriched - FDR supported"
"F626_mz123.1169_rt1.05",1.376606872244,16.0890661721475,3.75669331895325,0.0134665732075946,0.0243642621073322,-3.20268316988663,626,1.054,123.11687,"Unknown","[M+H]+",NA,0.036,FALSE,"null","null","null","null",999,FALSE,FALSE,FALSE,"null","null","null","null","null",4.55,22725.6666666667,5.21924317981813,22,"Exudate vs Leaf","Exudate","Exudate enriched - FDR supported"
"F582_mz120.0655_rt0.45",-0.579889185838576,18.8405704843151,-3.74662273868056,0.013605893272611,0.0245549329824986,-3.21423186691654,582,0.453,120.06554,"Unknown","[M+H]+","ion correlated with 992; ion correlated with 2511; ion correlated with 1228",0.571,TRUE,"null","null","null","null",999,FALSE,FALSE,FALSE,"null","null","null","null","null",1820.67,64534,467.869171767258,24,"Exudate vs Leaf","Leaf","Not selected"
"F2069_mz223.1179_rt0.92",-0.988994810811928,18.8004074516064,-3.74615433921783,0.0136124134243999,0.0245549329824986,-3.21476940291145,2069,0.924,223.11787,"Unknown","[M+H]+","ion correlated with 2282",0.107,TRUE,"null","null","null","null",999,FALSE,FALSE,FALSE,"null","null","null","null","null",76.96,66972.3333333333,28.4609844714314,24,"Exudate vs Leaf","Leaf","Not selected"
"F2032_mz220.9814_rt0.39",1.02277335785817,20.0023585661448,3.7375697338785,0.0137325489622436,0.0247348878934181,-3.2246271993723,2032,0.392,220.98143,"Unknown","[M+H]+","ion correlated with 1735; ion correlated with 772",0.643,FALSE,"null","null","null","null",999,FALSE,FALSE,FALSE,"null","null","null","null","null",181.23,2295.66666666667,776.393904208999,24,"Exudate vs Leaf","Exudate","Exudate enriched - FDR supported"
"F563_mz118.9752_rt0.51",-1.48228824687221,16.7654827281877,-3.73602636061696,0.0137542761536529,0.0247373203711624,-3.22640069640679,563,0.512,118.97524,"Unknown","[M+H]+",NA,0.179,FALSE,"null","null","null","null",999,FALSE,FALSE,FALSE,"null","null","null","null","null",124.65,89838.6666666667,5.09434214285449,17,"Exudate vs Leaf","Leaf","Leaf enriched - FDR supported"
"F520_mz116.0709_rt0.95",0.816452173594455,18.0494870448432,3.72968394242465,0.0138439779609357,0.0248618184091359,-3.23369271471545,520,0.947,116.07089,"Unknown","[M+H]+","ion correlated with 2559; ion correlated with 1785; ion correlated with 2359; ion correlated with 2068; ion correlated with 2560; found in higher mz's MsMs_2114; found in higher mz's MsMs_4074; similar chromatogram in higher mz_2653",0.143,TRUE,"null","null","null","null",999,FALSE,FALSE,FALSE,"null","null","null","null","null",31.55,111299.666666667,27.5032764104438,24,"Exudate vs Leaf","Exudate","Not selected"
"F2580_mz263.1396_rt1.02",0.890940075399331,16.1115515465875,3.71219191143781,0.0140948679010824,0.0252749920707741,-3.25383633422855,2580,1.021,263.13959,"Unknown","[M+H]+","ion correlated with 1568; ion correlated with 2183; ion correlated with 2351; ion correlated with 766",0.357,TRUE,"null","null","null","null",999,FALSE,FALSE,FALSE,"null","null","null","null","null",2179.31,42979,376.974336900884,24,"Exudate vs Leaf","Exudate","Not selected"
"F491_mz114.0915_rt0.89",0.601874845084232,19.4694840599177,3.70683103448793,0.0141728003559918,0.0253503293089947,-3.26001944684856,491,0.887,114.09153,"Unknown","[M+H]+","found in higher mz's MsMs_2513",0.5,TRUE,"null","null","null","null",999,FALSE,FALSE,FALSE,"null","null","null","null","null",53.73,219991.666666667,6.27725469636867,24,"Exudate vs Leaf","Exudate","Not selected"
"F704_mz129.0184_rt0.73",-0.850548070669144,17.7500768319545,-3.70643043225495,0.0141786438227408,0.0253503293089947,-3.26048167287551,704,0.733,129.01836,"Unknown","[M+H]+","ion correlated with 1617; ion correlated with 847; ion correlated with 1371; ion correlated with 2174; found in higher mz's MsMs_1877; similar chromatogram in higher mz_4351",0.107,FALSE,"null","null","null","null",999,FALSE,FALSE,FALSE,"null","null","null","null","null",104.01,31748.6666666667,21.6254553853584,19,"Exudate vs Leaf","Leaf","Not selected"
"F2331_mz244.264_rt2.03",0.941906537494966,15.0720546973482,3.69596871828813,0.0143322279607515,0.0255872422711063,-3.27256157944358,2331,2.033,244.26398,"Unknown","[M+H]+",NA,0.214,TRUE,"null","null","null","null",999,FALSE,FALSE,FALSE,"null","null","null","null","null",140.7,22708.6666666667,37.6727678374848,24,"Exudate vs Leaf","Exudate","Not selected"
"F2868_mz285.1354_rt0.96",1.37285689675278,15.249486049178,3.6765957191289,0.0146216971063247,0.026032879985149,-3.29497633702389,2868,0.961,285.13544,"Unknown","[M+H]+","ion correlated with 1692; ion correlated with 855; ion correlated with 1308; ion correlated with 2828",0.321,FALSE,"null","null","null","null",999,FALSE,FALSE,FALSE,"null","null","null","null","null",46.39,20503.3333333333,23.9558629883114,24,"Exudate vs Leaf","Exudate","Exudate enriched - FDR supported"
"F606_mz122.0812_rt5.78",0.661378061096594,17.9022588776273,3.67639496701433,0.0146247315896801,0.026032879985149,-3.2952089163291,606,5.78,122.08125,"Unknown","[M+H]+","ion correlated with 132; ion correlated with 3113; ion correlated with 27; ion correlated with 4371; ion correlated with 4235",0.107,FALSE,"null","null","null","null",999,FALSE,FALSE,FALSE,"null","null","null","null","null",18.52,79469.3333333333,5.65670208169925,24,"Exudate vs Leaf","Exudate","Not selected"
"F4274_mz423.2891_rt1.77",-1.32411402071097,14.9593589501133,-3.65331815105822,0.0149784071659727,0.0266234060021828,-3.32198626670064,4274,1.768,423.28906,"Unknown","[M+H]+",NA,0.214,TRUE,"null","null","null","null",999,FALSE,FALSE,FALSE,"null","null","null","null","null",3685.64,1635.33333333333,605.297209207578,23,"Exudate vs Leaf","Leaf","Leaf enriched - FDR supported"
"F2330_mz244.2639_rt1.89",0.952356023299582,14.8951403113254,3.64971837046331,0.0150344558687857,0.0266839611472308,-3.32617079185201,2330,1.893,244.26393,"Unknown","[M+H]+","ion correlated with 2935",0.214,TRUE,"null","null","null","null",999,FALSE,FALSE,FALSE,"null","null","null","null","null",89.36,22272.3333333333,30.6050733313379,24,"Exudate vs Leaf","Exudate","Not selected"
"F2593_mz265.016_rt0.39",0.894159080060665,19.8736181096041,3.63826471942831,0.0152143932601951,0.0269639027998203,-3.33949840505559,2593,0.391,265.01596,"Unknown","[M+H]+","ion correlated with 355",0.607,FALSE,"null","null","null","null",999,FALSE,FALSE,FALSE,"null","null","null","null","null",250.11,622.666666666667,3125.54302512026,24,"Exudate vs Leaf","Exudate","Not selected"
"F1791_mz203.9713_rt9.71",3.0555414836457,16.3314902421334,3.63650228314182,0.0152422994641388,0.0269739818505313,-3.34155101359125,1791,9.707,203.97127,"Unknown","[M+H]+",NA,0.071,FALSE,"null","null","null","null",999,FALSE,FALSE,FALSE,"null","null","null","null","null",24.19,17346.3333333333,8.14102071403866,23,"Exudate vs Leaf","Exudate","Exudate enriched - FDR supported"
"F3792_mz360.3115_rt2.84",-3.58084385409041,14.587073728687,-3.6137606765631,0.0156076918796205,0.0275804045733031,-3.36808025279507,3792,2.841,360.31146,"Unknown","[M+H]+","ion correlated with 1920; ion correlated with 2709; ion correlated with 3525; ion correlated with 3826; ion correlated with 3993",0.107,FALSE,"null","null","null","null",999,FALSE,FALSE,FALSE,"null","null","null","null","null",12.34,9924,20.3899244332494,21,"Exudate vs Leaf","Leaf","Leaf enriched - FDR supported"
"F203_mz89.0084_rt0.38",-1.71018841939648,17.8577247891128,-3.60823674709326,0.0156979515787421,0.0276815089031594,-3.37453634574077,203,0.378,89.00842,"Unknown","[M+H]+","ion correlated with 2461; ion correlated with 2661; ion correlated with 538; ion correlated with 3508",0.107,FALSE,"null","null","null","null",999,FALSE,FALSE,FALSE,"null","null","null","null","null",94.02,841.666666666667,1152.5352056962,17,"Exudate vs Leaf","Leaf","Leaf enriched - FDR supported"
"F1836_mz207.1133_rt1.01",2.41327630339126,14.4230983193015,3.6074710211635,0.0157105104071473,0.0276815089031594,-3.37543166240977,1836,1.009,207.11331,"Unknown","[M+H]+","ion correlated with 4224; ion correlated with 3480; ion correlated with 4443; ion correlated with 3465; ion correlated with 3294; ion correlated with 4231; ion correlated with 1581; ion correlated with 4454; ion correlated with 3451; ion correlated with 2985; ion correlated with 3379; ion correlated with 3479; ion correlated with 3776; ion correlated with 2554; ion correlated with 3295",0.036,FALSE,"null","null","null","null",999,FALSE,FALSE,FALSE,"null","null","null","null","null",73.89,21376,18.6276371801469,24,"Exudate vs Leaf","Exudate","Exudate enriched - FDR supported"
"F489_mz114.0552_rt1",-0.831806581351439,17.7542507141645,-3.5992719783642,0.0158457072158511,0.0278792587826714,-3.38502401568414,489,1.005,114.05519,"Unknown","[M+H]+",NA,0.107,FALSE,"null","null","null","null",999,FALSE,FALSE,FALSE,"null","null","null","null","null",32.68,44203,15.2383494706361,24,"Exudate vs Leaf","Leaf","Not selected"
"F2636_mz268.1395_rt0.9",0.785674714531417,17.393079672605,3.596901538068,0.0158850417598519,0.0279080183740379,-3.38779922494416,2636,0.898,268.13947,"Unknown","[M+H]+",NA,0.071,FALSE,"null","null","null","null",999,FALSE,FALSE,FALSE,"null","null","null","null","null",37.08,43416,8.02501324366032,24,"Exudate vs Leaf","Exudate","Not selected"
"F1517_mz185.0325_rt0.44",-1.37124932199218,20.5220898092069,-3.57678016195829,0.0162234636996637,0.0284613944095256,-3.41139159036125,1517,0.439,185.03252,"Unknown","[M+H]+","ion correlated with 1518",0.321,TRUE,"null","null","null","null",999,FALSE,FALSE,FALSE,"null","null","null","null","null",99.06,51260.3333333333,166.44397336524,24,"Exudate vs Leaf","Leaf","Leaf enriched - FDR supported"
"F2421_mz251.1647_rt1.17",-2.89219747938269,14.004377649893,-3.53322267888834,0.0169846610782012,0.0297537929999081,-3.46267766136745,2421,1.168,251.1647,"Unknown","[M+H]+",NA,0.036,TRUE,"null","null","null","null",999,FALSE,FALSE,FALSE,"null","null","null","null","null",20.64,10062.6666666667,28.5407903017456,23,"Exudate vs Leaf","Leaf","Leaf enriched - FDR supported"
"F694_mz128.1071_rt0.49",-0.966961694871665,18.1651693834406,-3.51838711837987,0.0172531713060239,0.0301806195468487,-3.48021245728983,694,0.489,128.1071,"Unknown","[M+H]+","ion correlated with 1822; ion correlated with 1926; ion correlated with 2556",0.107,FALSE,"null","null","null","null",999,FALSE,FALSE,FALSE,"null","null","null","null","null",150.98,120654.666666667,8.07207010583838,19,"Exudate vs Leaf","Leaf","Not selected"
"F3238_mz311.2584_rt6.12",2.43512273834787,13.5918727303691,3.51322351407974,0.0173477616622124,0.0303024210905407,-3.48632350112908,3238,6.118,311.25839,"Unknown","[M+H]+",NA,0.071,FALSE,"null","null","null","null",999,FALSE,FALSE,FALSE,"null","null","null","null","null",31.92,5568.66666666667,41.9613980489557,24,"Exudate vs Leaf","Exudate","Exudate enriched - FDR supported"
"F581_mz120.0558_rt0.6",1.76288411413114,17.2447038577967,3.5073688314648,0.0174557280533918,0.0304472038172666,-3.49325738884676,581,0.601,120.05576,"Unknown","[M+H]+",NA,0.036,FALSE,"null","null","null","null",999,FALSE,FALSE,FALSE,"null","null","null","null","null",39.56,60247.6666666667,21.8160346563686,22,"Exudate vs Leaf","Exudate","Exudate enriched - FDR supported"
"F1216_mz165.0549_rt0.53",-1.45302960501983,15.1051181657727,-3.47189334225987,0.0181265562839347,0.0315719359091775,-3.53538472603052,1216,0.528,165.05487,"Unknown","[M+H]+","ion correlated with 4682",0.179,FALSE,"null","null","null","null",999,FALSE,FALSE,FALSE,"null","null","null","null","null",185.48,12097.3333333333,153.363355834137,15,"Exudate vs Leaf","Leaf","Leaf enriched - FDR supported"
"F1187_mz163.0603_rt0.69",0.980200958653779,17.1909812772236,3.42897732422594,0.0189776873453554,0.0330070378757327,-3.58660498685866,1187,0.692,163.0603,"Unknown","[M+H]+","ion correlated with 4471; ion correlated with 1256; ion correlated with 1567; ion correlated with 2015; ion correlated with 2543; ion correlated with 1700; ion correlated with 1441; ion correlated with 361; ion correlated with 530; ion correlated with 1376; ion correlated with 2929",0.214,FALSE,"null","null","null","null",999,FALSE,FALSE,FALSE,"null","null","null","null","null",69.7,74431.6666666667,26.4969816120162,23,"Exudate vs Leaf","Exudate","Not selected"
"F2037_mz221.1175_rt1.18",-2.10526655284589,15.0617333880219,-3.42611015346805,0.0190361525377707,0.0330613579125231,-3.59003694917519,2037,1.184,221.11755,"Unknown","[M+H]+","ion correlated with 3991; ion correlated with 4153; ion correlated with 3574; ion correlated with 4709; ion correlated with 1598; ion correlated with 3733; ion correlated with 1221; ion correlated with 4111; ion correlated with 4797; ion correlated with 1407; ion correlated with 4789; ion correlated with 2013",0.071,FALSE,"null","null","null","null",999,FALSE,FALSE,FALSE,"null","null","null","null","null",13.88,4718.66666666667,51.0928031640653,23,"Exudate vs Leaf","Leaf","Leaf enriched - FDR supported"
"F1495_mz183.0655_rt0.95",-1.67756376900494,15.9085412209362,-3.40440945116173,0.0194853622760639,0.0337931854330594,-3.61605281225492,1495,0.947,183.06548,"Unknown","[M+H]+","ion correlated with 1017; ion correlated with 3170; ion correlated with 1429; ion correlated with 4088; ion correlated with 4123; ion correlated with 3955; ion correlated with 1458; ion correlated with 792",0.071,FALSE,"null","null","null","null",999,FALSE,FALSE,FALSE,"null","null","null","null","null",38.67,9145,41.591296741745,19,"Exudate vs Leaf","Leaf","Leaf enriched - FDR supported"
"F3838_mz365.1963_rt1.23",-1.71543585389746,14.4068816208063,-3.4010429697773,0.0195561239374177,0.0338675241940444,-3.62009510376317,3838,1.231,365.19632,"Unknown","[M+H]+","ion correlated with 3752; ion correlated with 3910; ion correlated with 4762; ion correlated with 3105; ion correlated with 3258; ion correlated with 3642; ion correlated with 2624; ion correlated with 3886; ion correlated with 4174; ion correlated with 4159; ion correlated with 3513",0.036,FALSE,"null","null","null","null",999,FALSE,FALSE,FALSE,"null","null","null","null","null",62.82,2780.33333333333,53.6393815915628,23,"Exudate vs Leaf","Leaf","Leaf enriched - FDR supported"
"F1388_mz176.0919_rt0.91",1.73123415258688,14.6651604123559,3.39354256598696,0.0197148316588821,0.0340937402192064,-3.62910734714556,1388,0.91,176.09192,"Unknown","[M+H]+",NA,0.036,FALSE,"null","null","null","null",999,FALSE,FALSE,FALSE,"null","null","null","null","null",88.99,10936.3333333333,38.0869803730343,21,"Exudate vs Leaf","Exudate","Exudate enriched - FDR supported"
"F2879_mz285.2904_rt1.69",-0.97631295503395,15.0232032255327,-3.34700947268295,0.0207328068871853,0.0358031686501323,-3.68520924504231,2879,1.687,285.29037,"Unknown","[M+H]+",NA,0.286,TRUE,"null","null","null","null",999,FALSE,FALSE,FALSE,"null","null","null","null","null",17.61,11435.3333333333,40.2167361333761,24,"Exudate vs Leaf","Leaf","Not selected"
"F595_mz121.1011_rt5.77",-1.17819436638836,14.5922722060047,-3.33500351902404,0.0210050532830593,0.0362217822239119,-3.69973668217244,595,5.771,121.10114,"Unknown","[M+H]+","ion correlated with 4420; ion correlated with 796; ion correlated with 3908; ion correlated with 4091; ion correlated with 1025; ion correlated with 2876; ion correlated with 3316; ion correlated with 3749; ion correlated with 2473; found in higher mz's MsMs_3153",0.036,FALSE,"null","null","null","null",999,FALSE,FALSE,FALSE,"null","null","null","null","null",9.14,3981.66666666667,27.192333444928,24,"Exudate vs Leaf","Leaf","Leaf enriched - FDR supported"
"F33_mz66.0192_rt0.38",1.71487424371748,17.206216892531,3.32160327192236,0.0213137189550479,0.0367019217183378,-3.71597660493732,33,0.381,66.01916,"Unknown","[M+H]+","similar chromatogram in higher mz_99",0.179,FALSE,"null","null","null","null",999,FALSE,FALSE,FALSE,"null","null","null","null","null",102.96,628,433.961844197138,24,"Exudate vs Leaf","Exudate","Exudate enriched - FDR supported"
"F867_mz140.0683_rt9.68",3.38584894864574,16.8137429677278,3.31275418230495,0.0215203721668295,0.0370052858506104,-3.72671555211164,867,9.676,140.0683,"Unknown","[M+H]+",NA,0.214,FALSE,"null","null","null","null",999,FALSE,FALSE,FALSE,"null","null","null","null","null",6.98,39674.3333333333,7.28606354914052,24,"Exudate vs Leaf","Exudate","Exudate enriched - FDR supported"
"F1466_mz181.1226_rt1.14",-0.525061904862381,17.3772933667749,-3.30950193576845,0.0215968923199089,0.0370843384389949,-3.73066528313191,1466,1.14,181.12256,"Unknown","[M+H]+",NA,0.179,FALSE,"null","null","null","null",999,FALSE,FALSE,FALSE,"null","null","null","null","null",14.54,54038,7.83915320416736,24,"Exudate vs Leaf","Leaf","Not selected"
"F1734_mz200.2375_rt1.86",-0.599014927936634,17.9203211446032,-3.30491734697275,0.0217052848937911,0.0372178190128001,-3.73623575360398,1734,1.859,200.23752,"Unknown","[M+H]+","similar chromatogram in higher mz_2935",0.679,TRUE,"null","null","null","null",999,FALSE,FALSE,FALSE,"null","null","null","null","null",111.63,82326.6666666667,14.9145001882721,24,"Exudate vs Leaf","Leaf","Not selected"
"F1379_mz175.112_rt3.54",-1.47012174137306,15.033252211254,-3.27546002649874,0.0224166279752761,0.0383833376050568,-3.77210164906293,1379,3.544,175.11198,"Unknown","[M+H]+","ion correlated with 1041; ion correlated with 779; ion correlated with 2014; ion correlated with 2157; ion correlated with 376; ion correlated with 741; ion correlated with 856; ion correlated with 1141; ion correlated with 1546; ion correlated with 1893; ion correlated with 2293; ion correlated with 2563; ion correlated with 3959; ion correlated with 3338; ion correlated with 956; ion correlated with 397; ion correlated with 597; ion correlated with 625; ion correlated with 1019; ion correlated with 1190; ion correlated with 1257; ion correlated with 1349; ion correlated with 1630; ion correlated with 1752; ion correlated with 2317; ion correlated with 2448; ion correlated with 2474; ion correlated with 2746; ion correlated with 2954; ion correlated with 3083; ion correlated with 3098; ion correlated with 3118; ion correlated with 3504; ion correlated with 5005; ion correlated with 5013; ion correlated with 5038; ion correlated with 5047; ion correlated with 4092; ion correlated with 3515; ion correlated with 3942; ion correlated with 4987",0.036,FALSE,"null","null","null","null",999,FALSE,FALSE,FALSE,"null","null","null","null","null",31.25,5372,42.1487064954402,24,"Exudate vs Leaf","Leaf","Leaf enriched - FDR supported"
"F320_mz101.0033_rt0.6",0.980052145000223,20.9253062773322,3.26733751772861,0.0226173917356243,0.0386592608167941,-3.7820136855944,320,0.598,101.00331,"Unknown","[M+H]+","ion correlated with 319",0.143,TRUE,"null","null","null","null",999,FALSE,FALSE,FALSE,"null","null","null","null","null",40.33,120087.333333333,49.3330104228832,24,"Exudate vs Leaf","Exudate","Not selected"
"F3764_mz358.8352_rt0.42",0.960272260157647,16.9804266777294,3.266369180257,0.0226414616480565,0.0386592608167941,-3.78319600918789,3764,0.417,358.83517,"Unknown","[M+H]+",NA,0.357,FALSE,"null","null","null","null",999,FALSE,FALSE,FALSE,"null","null","null","null","null",1059.93,0,198312,23,"Exudate vs Leaf","Exudate","Not selected"
"F985_mz146.9963_rt0.38",-1.02577789792834,16.8285168908661,-3.19328077195445,0.0245447427497995,0.0418501653065402,-3.87282890844287,985,0.383,146.99631,"Unknown","[M+H]+",NA,0.143,FALSE,"null","null","null","null",999,FALSE,FALSE,FALSE,"null","null","null","null","null",5.13,0,372938,24,"Exudate vs Leaf","Leaf","Leaf enriched - FDR supported"
"F1018_mz149.0962_rt2.07",-12.3652325171206,14.7923290486482,-3.19135813475414,0.0245971959949516,0.0418807797165095,-3.87519715074282,1018,2.074,149.09625,"Unknown","[M+H]+","ion correlated with 1751; ion correlated with 2381; ion correlated with 2674; ion correlated with 2950; ion correlated with 3323; ion correlated with 3503; ion correlated with 3746; ion correlated with 3907; ion correlated with 5004; ion correlated with 5012; ion correlated with 3703; ion correlated with 3079; ion correlated with 4118; ion correlated with 3851; found in higher mz's MsMs_3323; found in higher mz's MsMs_3703; found in higher mz's MsMs_2674; found in higher mz's MsMs_5004; found in higher mz's MsMs_3851",0.107,TRUE,"null","null","null","null",999,FALSE,FALSE,FALSE,"null","null","null","null","null",176.35,1665.66666666667,2987.7516,18,"Exudate vs Leaf","Leaf","Leaf enriched - FDR supported"
"F1267_mz168.0507_rt0.39",1.39322080150262,15.8978821824673,3.18697151805179,0.0247173459363764,0.0420264117181526,-3.8806024196448,1267,0.388,168.05069,"Unknown","[M+H]+",NA,0.036,FALSE,"null","null","null","null",999,FALSE,FALSE,FALSE,"null","null","null","null","null",12.84,0,112881,24,"Exudate vs Leaf","Exudate","Exudate enriched - FDR supported"
"F1604_mz192.0555_rt0.45",-1.24862155204571,16.9785548837172,-3.16615011514393,0.0252967588384043,0.0429514199018501,-3.90629628929338,1604,0.449,192.05545,"Unknown","[M+2H]2+",NA,0.214,FALSE,"null","null","null","null",999,FALSE,FALSE,FALSE,"null","null","null","null","null",90.91,3017,437.537773359841,24,"Exudate vs Leaf","Leaf","Leaf enriched - FDR supported"
"F987_mz147.0442_rt1.03",-12.551605220241,15.0714333826909,-3.16153837782576,0.0254271572295309,0.0431125263640371,-3.91199554808951,987,1.027,147.0442,"Unknown","[M+H]+","ion correlated with 4557; found in higher mz's MsMs_4658; found in higher mz's MsMs_3562; found in higher mz's MsMs_2969; found in higher mz's MsMs_1217",0.036,TRUE,"null","null","null","null",999,FALSE,FALSE,FALSE,"null","null","null","null","null",101.27,1035,6401.71138996139,18,"Exudate vs Leaf","Leaf","Leaf enriched - FDR supported"
"F2092_mz225.139_rt1.18",1.18725322080849,15.3217539442047,3.14485880524403,0.0259051480684404,0.0438617151395909,-3.93263348025175,2092,1.179,225.13902,"Unknown","[M+H]+",NA,0.25,FALSE,"null","null","null","null",999,FALSE,FALSE,FALSE,"null","null","null","null","null",58.35,21026,23.228801065297,24,"Exudate vs Leaf","Exudate","Exudate enriched - FDR supported"
"F1136_mz159.031_rt0.64",-3.22933435128063,20.2972739979058,-3.13958024900125,0.026058521508501,0.044059951408524,-3.93917287900754,1136,0.641,159.03099,"Unknown","[M+H]+","ion correlated with 1137",0.714,TRUE,"null","null","null","null",999,FALSE,FALSE,FALSE,"null","null","null","null","null",740.12,23308.6666666667,372.240415278354,24,"Exudate vs Leaf","Leaf","Leaf enriched - FDR supported"
"F1221_mz165.1276_rt1.17",-1.01647015328705,15.3860189480125,-3.13163651628972,0.0262912673639045,0.0443916531012239,-3.94902141484843,1221,1.172,165.12764,"Unknown","[M+H]+","ion correlated with 1764; ion correlated with 2690; ion correlated with 4223; ion correlated with 5140; ion correlated with 4543; ion correlated with 4153; ion correlated with 3574; ion correlated with 4677; ion correlated with 3143; ion correlated with 4950; ion correlated with 1598; ion correlated with 4110; ion correlated with 3772; ion correlated with 4353; ion correlated with 4341; ion correlated with 4388; ion correlated with 2740; ion correlated with 4166; ion correlated with 3635; ion correlated with 4229; ion correlated with 2037; ion correlated with 4797; ion correlated with 1407; ion correlated with 4789; ion correlated with 4803; ion correlated with 4937; ion correlated with 2013; ion correlated with 4871; ion correlated with 4825",0.036,FALSE,"null","null","null","null",999,FALSE,FALSE,FALSE,"null","null","null","null","null",21.9,7503,24.5253198294243,22,"Exudate vs Leaf","Leaf","Leaf enriched - FDR supported"
"F994_mz147.1169_rt3.55",-0.989093538208528,16.5411672470085,-3.12283201898577,0.0265519744660158,0.0447695791690877,-3.95994740743712,994,3.547,147.11693,"Unknown","[M+H]+","ion correlated with 419; ion correlated with 779; ion correlated with 2157; ion correlated with 3115; ion correlated with 3702; ion correlated with 3318; ion correlated with 3338; ion correlated with 397; ion correlated with 597; ion correlated with 625; ion correlated with 1019; ion correlated with 1190; ion correlated with 1257; ion correlated with 1349; ion correlated with 1630; ion correlated with 1752; ion correlated with 2317; ion correlated with 2448; ion correlated with 2474; ion correlated with 2676; ion correlated with 2746; ion correlated with 2954; ion correlated with 3083; ion correlated with 3504; ion correlated with 3745; ion correlated with 3906; ion correlated with 5013; ion correlated with 5038; ion correlated with 5047; ion correlated with 3515; found in higher mz's MsMs_3115; found in higher mz's MsMs_3702; found in higher mz's MsMs_3318; found in higher mz's MsMs_2676; found in higher mz's MsMs_5005; found in higher mz's MsMs_3847; found in higher mz's MsMs_3515; found in higher mz's MsMs_3976; found in higher mz's MsMs_2746; found in higher mz's MsMs_2954; found in higher mz's MsMs_3504",0.107,FALSE,"null","null","null","null",999,FALSE,FALSE,FALSE,"null","null","null","null","null",18.57,17551.6666666667,23.813931406434,24,"Exudate vs Leaf","Leaf","Not selected"
"F1109_mz157.0352_rt0.64",-3.11884080851046,23.9532324046622,-3.10725868879532,0.0270202741579759,0.0454959956002535,-3.97929959976079,1109,0.642,157.03522,"Unknown","[M+H]+","ion correlated with 1110",0.714,TRUE,"null","null","null","null",999,FALSE,FALSE,FALSE,"null","null","null","null","null",7318.87,282524.666666667,377.634592491302,24,"Exudate vs Leaf","Leaf","Leaf enriched - FDR supported"
"F1909_mz213.075_rt0.42",-13.1403322728961,15.9854917756936,-3.09235245704408,0.0274772410364108,0.0462013443465411,-3.99785420857457,1909,0.425,213.07503,"Unknown","[M+H]+",NA,0.571,TRUE,"null","null","null","null",999,FALSE,FALSE,FALSE,"null","null","null","null","null",317.49,21264.6666666667,675.68302584761,22,"Exudate vs Leaf","Leaf","Leaf enriched - FDR supported"
"F336_mz102.0552_rt0.45",-0.609775609995147,20.0789473733623,-3.08404604716984,0.0277356529750169,0.0465713453826702,-4.00820689745679,336,0.451,102.05521,"Unknown","[M+H]+","ion correlated with 387; ion correlated with 783; ion correlated with 4587; found in higher mz's MsMs_1228; found in higher mz's MsMs_4587; found in higher mz's MsMs_2435; found in higher mz's MsMs_2215",0.357,FALSE,"null","null","null","null",999,FALSE,FALSE,FALSE,"null","null","null","null","null",58.12,214017.333333333,40.5225938587816,24,"Exudate vs Leaf","Leaf","Not selected"
"F182_mz86.0965_rt0.89",-0.863220929647947,19.0926819825691,-3.08067300638591,0.0278413677246437,0.0466842823449136,-4.01241357933834,182,0.89,86.09652,"Unknown","[M+H]+","similar chromatogram in higher mz_762; found in higher mz's MsMs_762; similar chromatogram in higher mz_769; similar chromatogram in higher mz_2691; found in higher mz's MsMs_4447; found in higher mz's MsMs_3012; found in higher mz's MsMs_2761; found in higher mz's MsMs_2559; found in higher mz's MsMs_1883; similar chromatogram in higher mz_2233; similar chromatogram in higher mz_4447; found in higher mz's MsMs_4352; similar chromatogram in higher mz_4514; similar chromatogram in higher mz_2153; similar chromatogram in higher mz_3822; similar chromatogram in higher mz_4069; found in higher mz's MsMs_1859; similar chromatogram in higher mz_4558; similar chromatogram in higher mz_4269; similar chromatogram in higher mz_3874; similar chromatogram in higher mz_4894; similar chromatogram in higher mz_4853; similar chromatogram in higher mz_2508; similar chromatogram in higher mz_4814; similar chromatogram in higher mz_2720",0.5,TRUE,"null","null","null","null",999,FALSE,FALSE,FALSE,"null","null","null","null","null",10755.83,74089,2438.41318666487,24,"Exudate vs Leaf","Leaf","Not selected"
"F4189_mz408.369_rt6.45",0.72321956443829,17.1079228729891,3.07468754642756,0.0280300760520385,0.0469358790719652,-4.0198821558436,4189,6.448,408.36896,"Unknown","[M+H]+","ion correlated with 4606; ion correlated with 4433",0.143,FALSE,"null","null","null","null",999,FALSE,FALSE,FALSE,"null","null","null","null","null",48.8,37034.3333333333,8.45870610048062,24,"Exudate vs Leaf","Exudate","Not selected"
"F2351_mz245.1865_rt1.04",-1.30637100911078,15.199653645487,-3.05747555621857,0.028580795349773,0.047792128863119,-4.04138616302059,2351,1.04,245.18651,"Unknown","[M+H]+","ion correlated with 2183; ion correlated with 2580; ion correlated with 766; similar chromatogram in higher mz_2439",0.536,TRUE,"null","null","null","null",999,FALSE,FALSE,FALSE,"null","null","null","null","null",1719.43,6023.66666666667,3266.50686068385,24,"Exudate vs Leaf","Leaf","Leaf enriched - FDR supported"
"F1440_mz180.0868_rt0.56",-0.710329267487356,18.5571913085584,-3.04560111520284,0.0289678208997977,0.0483726747900335,-4.05624496032212,1440,0.565,180.08685,"Unknown","[M+H]+","ion correlated with 1185; ion correlated with 1699",0.393,TRUE,"null","null","null","null",999,FALSE,FALSE,FALSE,"null","null","null","null","null",187.63,88954,38.3981001630038,24,"Exudate vs Leaf","Leaf","Not selected"
"F261_mz97.0287_rt0.79",-0.529736078509942,18.1257804472663,-3.04216165859576,0.0290810207434098,0.0484949988770597,-4.06055237891523,261,0.79,97.02866,"Unknown","[M+H]+",NA,0.036,FALSE,"null","null","null","null",999,FALSE,FALSE,FALSE,"null","null","null","null","null",43.74,78694,10.3051655124214,24,"Exudate vs Leaf","Leaf","Not selected"
"F213_mz89.1075_rt0.39",-11.9743233275847,14.8133802180987,-3.00907810771004,0.0301956039777487,0.0502299334056454,-4.10206515771035,213,0.394,89.1075,"Unknown","[M+H]+","ion correlated with 64",0.464,FALSE,"null","null","null","null",999,FALSE,FALSE,FALSE,"null","null","null","null","null",255.17,6306.66666666667,851.189082069439,20,"Exudate vs Leaf","Leaf","Leaf enriched - exploratory"
"F2345_mz245.1289_rt1.18",2.96728406388004,13.9740501566045,3.00882944453613,0.0302041609440866,0.0502299334056454,-4.10237772494626,2345,1.175,245.12889,"Unknown","[M+H]+","ion correlated with 184",0.429,TRUE,"null","null","null","null",999,FALSE,FALSE,FALSE,"null","null","null","null","null",342.75,9302.33333333333,265.002651379434,24,"Exudate vs Leaf","Exudate","Exudate enriched - exploratory"
"F3695_mz351.2173_rt1.24",-2.48159842959557,15.4766483819607,-3.00308171215306,0.0304027111219717,0.0504909593735618,-4.10960483235532,3695,1.242,351.21732,"Unknown","[M+H]+","ion correlated with 3816; ion correlated with 3642; ion correlated with 3131; similar chromatogram in higher mz_3886; similar chromatogram in higher mz_4985",0.071,FALSE,"null","null","null","null",999,FALSE,FALSE,FALSE,"null","null","null","null","null",42.33,10350,56.1309052265482,24,"Exudate vs Leaf","Leaf","Leaf enriched - exploratory"
"F505_mz115.087_rt0.46",4.66007336689725,16.9031739903701,2.99803194253993,0.0305783591233078,0.0507132895842836,-4.11595790439796,505,0.463,115.08695,"Unknown","[M+H]+","ion correlated with 4479; ion correlated with 2382; ion correlated with 2322; similar chromatogram in higher mz_4315; similar chromatogram in higher mz_4625; similar chromatogram in higher mz_4255; similar chromatogram in higher mz_4669",0.607,TRUE,"null","null","null","null",999,FALSE,FALSE,FALSE,"null","null","null","null","null",121.05,11432.6666666667,290.753884726393,22,"Exudate vs Leaf","Exudate","Exudate enriched - exploratory"
"F798_mz135.117_rt1.17",-1.26742242178178,17.3861412050951,-2.9931536744342,0.0307491227481726,0.0509269236238493,-4.12209837493749,798,1.172,135.117,"Unknown","[M+H]+","ion correlated with 4684; ion correlated with 4709; ion correlated with 1598; ion correlated with 1870; ion correlated with 3772; ion correlated with 4719; ion correlated with 4743; ion correlated with 1665; ion correlated with 4871",0.036,FALSE,"null","null","null","null",999,FALSE,FALSE,FALSE,"null","null","null","null","null",143.69,21687,47.5196883068978,24,"Exudate vs Leaf","Leaf","Leaf enriched - exploratory"
"F738_mz131.0493_rt1.02",-11.3955851450813,14.1873591645175,-2.98121638494064,0.0311715128725236,0.0515561534431112,-4.13713737020631,738,1.025,131.04933,"Unknown","[M+H]+","ion correlated with 1188; found in higher mz's MsMs_1188; found in higher mz's MsMs_4658; found in higher mz's MsMs_3780; found in higher mz's MsMs_4759",0.179,TRUE,"null","null","null","null",999,FALSE,FALSE,FALSE,"null","null","null","null","null",149.66,1398.33333333333,1830.04359218676,17,"Exudate vs Leaf","Leaf","Leaf enriched - exploratory"
"F31_mz65.9937_rt0.63",-1.07872937879867,15.9286766232253,-2.97269526801043,0.031477001205388,0.0519905843038653,-4.14788383553737,31,0.629,65.99371,"Unknown","[M+H]+","found in higher mz's MsMs_1136; found in higher mz's MsMs_136",0.25,FALSE,"null","null","null","null",999,FALSE,FALSE,FALSE,"null","null","null","null","null",129.36,1113.33333333333,238.17200119653,24,"Exudate vs Leaf","Leaf","Leaf enriched - exploratory"
"F1153_mz160.0969_rt0.48",-0.717539802702656,17.8026526728813,-2.96879069352136,0.0316181021727198,0.0521526848338068,-4.15281123961643,1153,0.481,160.09691,"Unknown","[M+H]+","similar chromatogram in higher mz_2814",0.179,FALSE,"null","null","null","null",999,FALSE,FALSE,FALSE,"null","null","null","null","null",115.11,27185.3333333333,24.6204220257728,24,"Exudate vs Leaf","Leaf","Not selected"
"F3515_mz335.222_rt3.55",-11.8086829996375,14.6910741437063,-2.96620704488877,0.0317118577150646,0.0522363572131458,-4.15607276807582,3515,3.553,335.22198,"Unknown","[M+H]+","ion correlated with 3115; ion correlated with 3702; ion correlated with 3318; ion correlated with 3338; ion correlated with 2474; ion correlated with 2676; ion correlated with 3745; ion correlated with 3906; ion correlated with 5005; ion correlated with 5013; similar chromatogram in higher mz_3942; similar chromatogram in higher mz_3996",0.107,TRUE,"null","null","null","null",999,FALSE,FALSE,FALSE,"null","null","null","null","null",94.13,0,6401210,14,"Exudate vs Leaf","Leaf","Leaf enriched - exploratory"
"F3781_mz360.1504_rt0.55",-13.3760014446728,16.3432371566873,-2.96168486590573,0.0318767088235976,0.0524367540810941,-4.16178350218376,3781,0.549,360.15039,"Unknown","[M+H]+",NA,0.179,TRUE,"null","null","null","null",999,FALSE,FALSE,FALSE,"null","null","null","null","null",9624.85,0,24844687,20,"Exudate vs Leaf","Leaf","Leaf enriched - exploratory"
"F375_mz105.0549_rt0.88",-1.71525793443564,14.9627008664269,-2.95055167040047,0.0322866601594039,0.0530392495717406,-4.1758539270313,375,0.878,105.0549,"Unknown","[M+H]+","ion correlated with 3710; ion correlated with 4069; ion correlated with 4342; ion correlated with 3389; ion correlated with 3377; ion correlated with 3860; ion correlated with 1886; ion correlated with 2595",0.036,FALSE,"null","null","null","null",999,FALSE,FALSE,FALSE,"null","null","null","null","null",16.7,3635.33333333333,41.9950499587497,9,"Exudate vs Leaf","Leaf","Leaf enriched - exploratory"
"F5154_mz792.5629_rt9.55",-11.4971941434371,14.4385345613158,-2.93416759762128,0.0329007318808573,0.053974984464001,-4.19658909504909,5154,9.546,792.56287,"Unknown","[M+H]+",NA,0.214,TRUE,"null","null","null","null",999,FALSE,FALSE,FALSE,"null","null","null","null","null",357.1,2163.33333333333,1099.91098105652,22,"Exudate vs Leaf","Leaf","Leaf enriched - exploratory"
"F827_mz137.1327_rt1.21",0.615953072285481,18.4430514237648,2.91062556660021,0.0338060708594024,0.0553853846468482,-4.22644197516382,827,1.21,137.13268,"Unknown","[M+H]+","ion correlated with 1189; ion correlated with 4590; ion correlated with 4895; ion correlated with 4673; ion correlated with 4062; ion correlated with 4909; ion correlated with 4954; ion correlated with 1690; ion correlated with 3495; ion correlated with 3284; ion correlated with 4031; similar chromatogram in higher mz_4500; similar chromatogram in higher mz_3904; similar chromatogram in higher mz_4516; similar chromatogram in higher mz_4544; similar chromatogram in higher mz_4871",0.107,FALSE,"null","null","null","null",999,FALSE,FALSE,FALSE,"null","null","null","null","null",55.14,95199,7.53531512605042,24,"Exudate vs Leaf","Exudate","Not selected"
"F258_mz97.0286_rt0.69",0.550862087108393,17.6939533722032,2.88254517292375,0.0349225191230814,0.0571373830396507,-4.26213905224542,258,0.694,97.02857,"Unknown","[M+H]+",NA,0.143,FALSE,"null","null","null","null",999,FALSE,FALSE,FALSE,"null","null","null","null","null",76.89,97499.3333333333,11.5510476887259,23,"Exudate vs Leaf","Exudate","Not selected"
"F1705_mz198.1128_rt0.96",-1.264249626361,14.6503117327134,-2.87991507936866,0.0350291787051272,0.0572347549771527,-4.26548745241575,1705,0.957,198.11284,"Unknown","[M+H]+","found in higher mz's MsMs_4082",0.107,FALSE,"null","null","null","null",999,FALSE,FALSE,FALSE,"null","null","null","null","null",135.92,5147,80.0048562548563,22,"Exudate vs Leaf","Leaf","Leaf enriched - exploratory"
"F5090_mz739.715_rt9.7",10.3969443871124,12.5548077935269,2.86664499732491,0.0355728977140744,0.0580450239581806,-4.2823944016158,5090,9.699,739.71503,"Unknown","[M+H]+",NA,0.036,FALSE,"null","null","null","null",999,FALSE,FALSE,FALSE,"null","null","null","null","null",28.13,5027,32.2595465393795,14,"Exudate vs Leaf","Exudate","Exudate enriched - exploratory"
"F3297_mz316.2851_rt2.14",-11.0684194978559,14.1465439649527,-2.85115673680739,0.0362194332800927,0.0590206604054129,-4.30215396430098,3297,2.145,316.28513,"Unknown","[M+H]+",NA,0.214,TRUE,"null","null","null","null",999,FALSE,FALSE,FALSE,"null","null","null","null","null",88.16,2889.66666666667,768.434155904059,21,"Exudate vs Leaf","Leaf","Leaf enriched - exploratory"
"F2238_mz236.9052_rt0.41",0.583129888652707,19.9009418547186,2.84984559592907,0.0362747631968038,0.0590315851486861,-4.30382798727735,2238,0.413,236.90521,"Unknown","[M+H]+","ion correlated with 2220",0.714,FALSE,"null","null","null","null",999,FALSE,FALSE,FALSE,"null","null","null","null","null",197.67,15040,124.025264277641,24,"Exudate vs Leaf","Exudate","Not selected"
"F3405_mz324.8622_rt0.42",1.0078128447771,16.1225792691486,2.84483171216085,0.0364872181652592,0.0592978351440759,-4.31023141453901,3405,0.416,324.86224,"Unknown","[M+H]+",NA,0.071,FALSE,"null","null","null","null",999,FALSE,FALSE,FALSE,"null","null","null","null","null",2179.71,0,113468,22,"Exudate vs Leaf","Exudate","Exudate enriched - exploratory"
"F1403_mz177.0548_rt1.07",-11.257978301422,14.4210321035695,-2.84159434270794,0.0366251323074712,0.0594423938787033,-4.31436754809603,1403,1.067,177.05481,"Unknown","[M+H]+","ion correlated with 392; ion correlated with 819; ion correlated with 3140; found in higher mz's MsMs_4018",0.214,TRUE,"null","null","null","null",999,FALSE,FALSE,FALSE,"null","null","null","null","null",142.56,2439.33333333333,1272.54951509357,22,"Exudate vs Leaf","Leaf","Leaf enriched - exploratory"
"F930_mz144.1022_rt0.49",1.01791238801051,16.7244649208111,2.8310564579033,0.037078087828448,0.0600971944242135,-4.32783942155827,930,0.49,144.10216,"Unknown","[M+H]+","similar chromatogram in higher mz_2372; similar chromatogram in higher mz_3648",0.321,FALSE,"null","null","null","null",999,FALSE,FALSE,FALSE,"null","null","null","null","null",91.88,36742.3333333333,21.6150775650912,24,"Exudate vs Leaf","Exudate","Exudate enriched - exploratory"
"F1621_mz193.0709_rt0.48",-12.6359659430242,16.3684073284278,-2.79323849861569,0.0387556903679717,0.0627325441422902,-4.3762914614434,1621,0.476,193.07092,"Unknown","[M+H]+","ion correlated with 2176; ion correlated with 1879; ion correlated with 2202; ion correlated with 3203; ion correlated with 2771; ion correlated with 2231",0.214,TRUE,"null","null","null","null",999,FALSE,FALSE,FALSE,"null","null","null","null","null",225.12,0,14195092,9,"Exudate vs Leaf","Leaf","Leaf enriched - exploratory"
"F1704_mz198.1128_rt0.74",-11.2098634261334,14.4976536616434,-2.7902372906275,0.0388923942970304,0.0628699955746936,-4.3801434825426,1704,0.736,198.11278,"Unknown","[M+H]+",NA,0.071,TRUE,"null","null","null","null",999,FALSE,FALSE,FALSE,"null","null","null","null","null",145.76,5373,588.381652400447,20,"Exudate vs Leaf","Leaf","Leaf enriched - exploratory"
"F3247_mz312.1671_rt0.46",-2.4225950467907,16.3141663747067,-2.77715453633184,0.0394945956937997,0.0637585627290862,-4.39694670942042,3247,0.464,312.16714,"Unknown","[M+H]+",NA,0.107,FALSE,"null","null","null","null",999,FALSE,FALSE,FALSE,"null","null","null","null","null",83.8,11296.3333333333,62.6091112947008,14,"Exudate vs Leaf","Leaf","Leaf enriched - exploratory"
"F2781_mz277.1804_rt2.63",-10.5491113881478,13.7283361529421,-2.77005177970831,0.039825866336006,0.0641429000392504,-4.40607721456828,2781,2.628,277.18039,"Unknown","[M+H]+","ion correlated with 3516; ion correlated with 3077; ion correlated with 3317; similar chromatogram in higher mz_4530; similar chromatogram in higher mz_3077; similar chromatogram in higher mz_4666",0.107,TRUE,"null","null","null","null",999,FALSE,FALSE,FALSE,"null","null","null","null","null",170.57,548,2108.7941712204,9,"Exudate vs Leaf","Leaf","Leaf enriched - exploratory"
"F1204_mz164.0741_rt0.42",-11.9659394748903,15.567537186255,-2.76978558160242,0.0398383415400287,0.0641429000392504,-4.40641951577899,1204,0.417,164.07411,"Unknown","[M+H]+",NA,0.214,TRUE,"null","null","null","null",999,FALSE,FALSE,FALSE,"null","null","null","null","null",563.03,10545.6666666667,790.477718078382,17,"Exudate vs Leaf","Leaf","Leaf enriched - exploratory"
"F954_mz145.1013_rt1.42",-2.71171775621887,13.93749241677,-2.76241816958834,0.0401853366751504,0.0646158923491823,-4.41589623726369,954,1.42,145.10132,"Unknown","[M+H]+","ion correlated with 4319; ion correlated with 3763; ion correlated with 1594; ion correlated with 4332; found in higher mz's MsMs_1594; similar chromatogram in higher mz_3249",0.036,FALSE,"null","null","null","null",999,FALSE,FALSE,FALSE,"null","null","null","null","null",56.59,827.333333333333,341.780281690141,14,"Exudate vs Leaf","Leaf","Leaf enriched - exploratory"
"F5158_mz794.5785_rt8.26",-3.08785530226644,16.2312775092081,-2.75868793670152,0.0403623027982941,0.0648145973506998,-4.42069667961593,5158,8.256,794.57855,"Unknown","[M+H]+","ion correlated with 5167",0.071,TRUE,"null","null","null","null",999,FALSE,FALSE,FALSE,"null","null","null","null","null",355.92,18992.6666666667,54.1234095575718,24,"Exudate vs Leaf","Leaf","Leaf enriched - exploratory"
"F3675_mz349.8931_rt0.45",10.8764624431494,14.275982159364,2.7337397749794,0.0415683144953242,0.0666630565354341,-4.45284060037753,3675,0.454,349.89313,"Unknown","[M+H]+","ion correlated with 2441; ion correlated with 2532; ion correlated with 2922; ion correlated with 4391",0.143,FALSE,"null","null","null","null",999,FALSE,FALSE,FALSE,"null","null","null","null","null",186.87,951.666666666667,236.593771868439,17,"Exudate vs Leaf","Exudate","Exudate enriched - exploratory"
"F1180_mz162.9738_rt0.55",3.20810972419946,16.1167338850055,2.72533917233126,0.0419833457027486,0.0672398175239271,-4.46367887945972,1180,0.547,162.97377,"Unknown","[M+H]+",NA,0.143,FALSE,"null","null","null","null",999,FALSE,FALSE,FALSE,"null","null","null","null","null",45.18,47416.3333333333,8.74652728959874,24,"Exudate vs Leaf","Exudate","Exudate enriched - exploratory"
"F2114_mz227.103_rt0.96",0.716401838555852,14.8039182622417,2.68334086704718,0.0441282091686877,0.0705770135386853,-4.51797192776256,2114,0.957,227.10303,"Unknown","[M+H]+","ion correlated with 1120",0.429,TRUE,"null","null","null","null",999,FALSE,FALSE,FALSE,"null","null","null","null","null",1044.2,199.333333333333,76432.1281198003,22,"Exudate vs Leaf","Exudate","Not selected"
"F1017_mz149.0599_rt0.9",-2.5066143767175,16.3417773812126,-2.68229198785868,0.0441833033685344,0.0705770135386853,-4.51933010712402,1017,0.898,149.05995,"Unknown","[M+H]+","ion correlated with 3822; ion correlated with 4088; ion correlated with 4123",0.036,FALSE,"null","null","null","null",999,FALSE,FALSE,FALSE,"null","null","null","null","null",37.19,4283,218.621381886088,10,"Exudate vs Leaf","Leaf","Leaf enriched - exploratory"
"F1496_mz183.0921_rt1.08",0.593400204084053,17.1896746022654,2.67705145492089,0.0444597116449815,0.0709252167371978,-4.52611760674939,1496,1.081,183.0921,"Unknown","[M+H]+",NA,0.429,TRUE,"null","null","null","null",999,FALSE,FALSE,FALSE,"null","null","null","null","null",171.92,54469.6666666667,73.945285535946,24,"Exudate vs Leaf","Exudate","Not selected"
"F4068_mz391.2095_rt1.25",-10.1688557912596,13.5497010799734,-2.66056545477264,0.0453417759998341,0.0721808103722291,-4.54748740715421,4068,1.253,391.2095,"Unknown","[M+H]+","ion correlated with 4726; ion correlated with 4516; ion correlated with 2872; ion correlated with 4954; ion correlated with 1690; ion correlated with 3495",0.107,TRUE,"null","null","null","null",999,FALSE,FALSE,FALSE,"null","null","null","null","null",97.12,0,1398038,18,"Exudate vs Leaf","Leaf","Leaf enriched - exploratory"
"F3335_mz318.1819_rt1.09",1.33673066762342,14.0489511405324,2.66012327322908,0.0453656987759562,0.0721808103722291,-4.54806093696895,3335,1.091,318.18188,"Unknown","[M+H]+","ion correlated with 4022; ion correlated with 3786; ion correlated with 3587; ion correlated with 3129; ion correlated with 3160; ion correlated with 2526; ion correlated with 2908; ion correlated with 2633; ion correlated with 3603; ion correlated with 3569; ion correlated with 2190; ion correlated with 2499; ion correlated with 807",0.286,TRUE,"null","null","null","null",999,FALSE,FALSE,FALSE,"null","null","null","null","null",3338.87,2879.33333333333,317.937507232959,24,"Exudate vs Leaf","Exudate","Exudate enriched - exploratory"
"F2795_mz278.8625_rt0.44",10.1929271719938,13.6246083165506,2.65579049018264,0.0456008475998577,0.0724599855840671,-4.55368173172723,2795,0.445,278.86246,"Unknown","[M+H]+",NA,0.143,FALSE,"null","null","null","null",999,FALSE,FALSE,FALSE,"null","null","null","null","null",82.07,0,263947,19,"Exudate vs Leaf","Exudate","Exudate enriched - exploratory"
"F2448_mz253.1954_rt3.55",-10.3571563397803,13.8176445782592,-2.65008778439085,0.0459123958428927,0.0728596713114663,-4.56108237267164,2448,3.547,253.19543,"Unknown","[M+H]+","ion correlated with 3115; ion correlated with 3702; ion correlated with 3318; ion correlated with 3338; ion correlated with 1190; ion correlated with 2317; ion correlated with 2474; ion correlated with 2676; ion correlated with 2746; ion correlated with 2954; ion correlated with 3083; ion correlated with 3504; ion correlated with 3745; ion correlated with 3906; ion correlated with 5005; ion correlated with 5013; ion correlated with 3515; found in higher mz's MsMs_3504",0.107,TRUE,"null","null","null","null",999,FALSE,FALSE,FALSE,"null","null","null","null","null",143.85,672.333333333333,2814.94158415842,10,"Exudate vs Leaf","Leaf","Leaf enriched - exploratory"
"F3537_mz337.1051_rt2.67",1.10605681009658,16.7139068805526,2.64155363453503,0.0463830222301431,0.0734806518568275,-4.57216314370933,3537,2.671,337.10507,"Unknown","[M+H]+",NA,0.214,TRUE,"null","null","null","null",999,FALSE,FALSE,FALSE,"null","null","null","null","null",923.6,8617.33333333333,21.0754206149681,24,"Exudate vs Leaf","Exudate","Exudate enriched - exploratory"
"F2469_mz255.1597_rt1.17",1.05267637070019,15.573947904685,2.6408013692377,0.0464247610990006,0.0734806518568275,-4.57314020981113,2469,1.172,255.15971,"Unknown","[M+H]+",NA,0.036,FALSE,"null","null","null","null",999,FALSE,FALSE,FALSE,"null","null","null","null","null",18.17,14665.3333333333,8.51098888611105,24,"Exudate vs Leaf","Exudate","Exudate enriched - exploratory"
"F1252_mz167.013_rt8.02",2.45778443476217,14.0283147439494,2.63833939419445,0.0465616514914971,0.073601360560778,-4.57633826396292,1252,8.023,167.01305,"Unknown","[M+H]+",NA,0.036,FALSE,"null","null","null","null",999,FALSE,FALSE,FALSE,"null","null","null","null","null",4.57,8239.66666666667,23.5836501901141,24,"Exudate vs Leaf","Exudate","Exudate enriched - exploratory"
"F594_mz121.065_rt1.2",-1.59180048994952,14.6774574810586,-2.62760491056803,0.0471637258974186,0.074456129050021,-4.59028857723029,594,1.201,121.06503,"Unknown","[M+H]+","ion correlated with 3105",0.036,FALSE,"null","null","null","null",999,FALSE,FALSE,FALSE,"null","null","null","null","null",23.45,5081.33333333333,28.827310290549,24,"Exudate vs Leaf","Leaf","Leaf enriched - exploratory"
"F237_mz93.9843_rt0.39",10.6702009902552,14.267437981517,2.61781386868359,0.0477203649535008,0.0752370429266883,-4.60302184007593,237,0.391,93.98428,"Unknown","[M+H]+","ion correlated with 494; ion correlated with 849",0.214,FALSE,"null","null","null","null",999,FALSE,FALSE,FALSE,"null","null","null","null","null",1676.01,0,633311,20,"Exudate vs Leaf","Exudate","Exudate enriched - exploratory"
"F88_mz74.9756_rt0.4",9.53154296683148,12.7852060919992,2.59427678386495,0.0490882898881711,0.0772933643634757,-4.63366621670689,88,0.399,74.97564,"Unknown","[M+H]+","ion correlated with 20",0.107,FALSE,"null","null","null","null",999,FALSE,FALSE,FALSE,"null","null","null","null","null",138.08,0,148847,23,"Exudate vs Leaf","Exudate","Exudate enriched - exploratory"
"F1114_mz157.1335_rt0.95",-10.7797111565793,14.7170677815461,-2.56128590618758,0.0510786892037288,0.0803073991746602,-4.67669756275871,1114,0.949,157.13351,"Unknown","[M+H]+","ion correlated with 278; ion correlated with 1929; ion correlated with 1904; ion correlated with 3191; ion correlated with 1654; ion correlated with 2793; similar chromatogram in higher mz_4505",0.143,FALSE,"null","null","null","null",999,FALSE,FALSE,FALSE,"null","null","null","null","null",51.3,3487.33333333333,741.903010033445,21,"Exudate vs Leaf","Leaf","Not selected"
"F131_mz80.5351_rt0.4",1.26842382534339,17.1764833333185,2.56037678771084,0.0511347772339475,0.0803073991746602,-4.67788461310611,131,0.397,80.5351,"Unknown","[M+H]+",NA,0.179,FALSE,"null","null","null","null",999,FALSE,FALSE,FALSE,"null","null","null","null","null",118.43,0,212713,24,"Exudate vs Leaf","Exudate","Not selected"
"F1880_mz210.0974_rt0.6",-11.3189305498069,15.4966306518291,-2.55508300288874,0.0514627214147585,0.0807180152422698,-4.6847980883148,1880,0.597,210.0974,"Unknown","[M+H]+","ion correlated with 2175; ion correlated with 1620; ion correlated with 1941",0.107,TRUE,"null","null","null","null",999,FALSE,FALSE,FALSE,"null","null","null","null","null",386.04,4023.33333333333,1414.27698169469,14,"Exudate vs Leaf","Leaf","Not selected"
"F4474_mz460.2702_rt2.39",7.92586785636912,10.8024016942768,2.53762287944765,0.0525607997634578,0.0823339495649519,-4.70761575158845,4474,2.393,460.27023,"Unknown","[M+H]+","ion correlated with 4230; ion correlated with 4403; ion correlated with 4350",0.036,FALSE,"null","null","null","null",999,FALSE,FALSE,FALSE,"null","null","null","null","null",2893.1,0,144656,19,"Exudate vs Leaf","Exudate","Not selected"
"F1983_mz217.1049_rt7.82",1.53931343186703,15.8375223883014,2.53218248060847,0.0529081735433217,0.0827712921154542,-4.71473024479821,1983,7.815,217.1049,"Unknown","[M+H]+",NA,0.071,FALSE,"null","null","null","null",999,FALSE,FALSE,FALSE,"null","null","null","null","null",20.93,23695.6666666667,9.73782529188353,24,"Exudate vs Leaf","Exudate","Not selected"
"F1868_mz209.1331_rt1.36",-0.521172715092311,16.3012375943188,-2.53101040386495,0.0529833401252884,0.0827822070940799,-4.71626327704426,1868,1.361,209.13306,"Unknown","[M+H]+","ion correlated with 2898; ion correlated with 4842; ion correlated with 4908; ion correlated with 3162; ion correlated with 3382; ion correlated with 3571; ion correlated with 3726; ion correlated with 1288; ion correlated with 3870; ion correlated with 3795; ion correlated with 4977; ion correlated with 3872; ion correlated with 2752; ion correlated with 3000; ion correlated with 3655; ion correlated with 3711; ion correlated with 5151; found in higher mz's MsMs_2910; found in higher mz's MsMs_2423; found in higher mz's MsMs_3571",0.107,FALSE,"null","null","null","null",999,FALSE,FALSE,FALSE,"null","null","null","null","null",17.94,14064.6666666667,17.3207573998152,24,"Exudate vs Leaf","Leaf","Not selected"
"F2033_mz221.0249_rt0.45",-10.4418582270856,14.3939383837925,-2.52947048659348,0.0530822744314077,0.0828301814392403,-4.71827758584729,2033,0.45,221.02493,"Unknown","[M+H]+",NA,0.571,FALSE,"null","null","null","null",999,FALSE,FALSE,FALSE,"null","null","null","null","null",302.13,2911.66666666667,980.722590981918,20,"Exudate vs Leaf","Leaf","Not selected"
"F2839_mz282.1552_rt1.06",0.56571733597307,16.4420855748448,2.52114863881026,0.0536204338928224,0.0835625247058875,-4.72916610661936,2839,1.059,282.15518,"Unknown","[M+H]+","ion correlated with 3803",0.071,FALSE,"null","null","null","null",999,FALSE,FALSE,FALSE,"null","null","null","null","null",20.42,27808.6666666667,6.9474762972108,24,"Exudate vs Leaf","Exudate","Not selected"
"F60_mz72.0809_rt0.66",0.439188183820306,17.5566741146427,2.51632135084106,0.0539353392137105,0.0839455151351853,-4.7354845632604,60,0.657,72.08092,"Unknown","[M+H]+","ion correlated with 804; ion correlated with 1031; found in higher mz's MsMs_545; found in higher mz's MsMs_2363; found in higher mz's MsMs_1679; found in higher mz's MsMs_967; found in higher mz's MsMs_4471",0.464,TRUE,"null","null","null","null",999,FALSE,FALSE,FALSE,"null","null","null","null","null",973.34,59461.6666666667,515.43499002175,23,"Exudate vs Leaf","Exudate","Not selected"
"F2154_mz229.1551_rt1.04",-9.83533740277059,13.6049418243461,-2.51367064949737,0.0541091158328085,0.0841081518835206,-4.73895478853742,2154,1.045,229.15509,"Unknown","[M+H]+",NA,0.143,TRUE,"null","null","null","null",999,FALSE,FALSE,FALSE,"null","null","null","null","null",71.18,6854.66666666667,183.472601740652,22,"Exudate vs Leaf","Leaf","Not selected"
"F2841_mz282.2797_rt6.52",1.73967689284573,12.6828888387953,2.50877124450256,0.0544319280115752,0.0845017399054377,-4.74537026922387,2841,6.521,282.27969,"Unknown","[M+H]+",NA,0.036,TRUE,"null","null","null","null",999,FALSE,FALSE,FALSE,"null","null","null","null","null",56.93,1156,318.783923941227,24,"Exudate vs Leaf","Exudate","Not selected"
"F4788_mz572.8366_rt0.39",9.90151727834756,13.6595241387068,2.50546238036086,0.0546511330988108,0.0847336852898547,-4.74970398718564,4788,0.394,572.83661,"Unknown","[M+H]+",NA,0.143,FALSE,"null","null","null","null",999,FALSE,FALSE,FALSE,"null","null","null","null","null",3920.13,0,296327,22,"Exudate vs Leaf","Exudate","Not selected"
"F1511_mz184.9602_rt0.38",1.04423948453469,16.4527980995372,2.50358736239255,0.0547757770107116,0.0848186138915865,-4.7521600933992,1511,0.378,184.96016,"Unknown","[M+H]+",NA,0.036,FALSE,"null","null","null","null",999,FALSE,FALSE,FALSE,"null","null","null","null","null",8.59,4735,34.46875,23,"Exudate vs Leaf","Exudate","Not selected"
"F2577_mz263.0879_rt0.48",11.121200925793,15.4479334482901,2.49572110581467,0.0553020898514505,0.0855245058339629,-4.76246683236655,2577,0.479,263.08795,"Unknown","[M+H]+",NA,0.286,TRUE,"null","null","null","null",999,FALSE,FALSE,FALSE,"null","null","null","null","null",904.92,0,1752247,22,"Exudate vs Leaf","Exudate","Not selected"
"F742_mz131.0857_rt2.07",-9.72461071734187,13.5382320010463,-2.49064090614369,0.0556449276852276,0.0857848257734119,-4.76912538917958,742,2.074,131.08568,"Unknown","[M+H]+","ion correlated with 957; ion correlated with 1018; ion correlated with 1629; ion correlated with 1658; ion correlated with 628; ion correlated with 995; ion correlated with 2318; ion correlated with 2447; ion correlated with 2950; ion correlated with 596; ion correlated with 56; ion correlated with 2582; ion correlated with 3503; ion correlated with 3907; ion correlated with 3941; ion correlated with 5039; ion correlated with 4118; ion correlated with 3851; ion correlated with 3979; found in higher mz's MsMs_3323; found in higher mz's MsMs_1751; found in higher mz's MsMs_3520; found in higher mz's MsMs_3703; found in higher mz's MsMs_2674; found in higher mz's MsMs_5012; found in higher mz's MsMs_3079; found in higher mz's MsMs_5004; found in higher mz's MsMs_2381; found in higher mz's MsMs_2950; found in higher mz's MsMs_3851; found in higher mz's MsMs_3979",0.107,FALSE,"null","null","null","null",999,FALSE,FALSE,FALSE,"null","null","null","null","null",73,2714,293.642357274401,21,"Exudate vs Leaf","Leaf","Not selected"
"F2036_mz221.0926_rt1.04",-2.1716241053592,14.5150067627374,-2.49038836148547,0.0556620311221814,0.0857848257734119,-4.76945644177111,2036,1.037,221.09259,"Unknown","[M+H]+","found in higher mz's MsMs_4687",0.179,FALSE,"null","null","null","null",999,FALSE,FALSE,FALSE,"null","null","null","null","null",44.37,6048.33333333333,57.8314965836456,22,"Exudate vs Leaf","Leaf","Not selected"
"F3930_mz375.178_rt0.42",1.26169683499449,15.9279247450637,2.49008759997312,0.0556824075036644,0.0857848257734119,-4.76985070584409,3930,0.417,375.17804,"Unknown","[M+H]+","similar chromatogram in higher mz_3946",0.071,FALSE,"null","null","null","null",999,FALSE,FALSE,FALSE,"null","null","null","null","null",4.22,0,106519,24,"Exudate vs Leaf","Exudate","Not selected"
"F1051_mz152.0709_rt0.74",-0.724132758036441,16.2218732058457,-2.48400438468681,0.0560962935358334,0.0863129282034242,-4.77782640057358,1051,0.74,152.07091,"Unknown","[M+H]+","ion correlated with 1268",0.071,FALSE,"null","null","null","null",999,FALSE,FALSE,FALSE,"null","null","null","null","null",9.94,21556,33.6499512919237,24,"Exudate vs Leaf","Leaf","Not selected"
"F345_mz102.9991_rt0.64",1.5288272139611,15.4433244208698,2.48224396267533,0.0562166934671056,0.0863886909735015,-4.78013494344347,345,0.638,102.99911,"Unknown","[M+H]+",NA,0.071,FALSE,"null","null","null","null",999,FALSE,FALSE,FALSE,"null","null","null","null","null",125.66,6996.33333333333,32.557402820122,24,"Exudate vs Leaf","Exudate","Not selected"
"F648_mz124.9228_rt0.42",0.489391802826625,20.079815942445,2.47050067584746,0.0570270953989115,0.0874703336957463,-4.79553973401579,648,0.418,124.92282,"Unknown","[M+H]+","similar chromatogram in higher mz_2965; similar chromatogram in higher mz_1828; similar chromatogram in higher mz_1860; similar chromatogram in higher mz_2238; similar chromatogram in higher mz_2261; similar chromatogram in higher mz_2440; similar chromatogram in higher mz_2628; similar chromatogram in higher mz_2735; similar chromatogram in higher mz_3018; similar chromatogram in higher mz_3366; similar chromatogram in higher mz_3384; similar chromatogram in higher mz_3405; similar chromatogram in higher mz_3558; similar chromatogram in higher mz_3764; similar chromatogram in higher mz_3829; similar chromatogram in higher mz_3927; similar chromatogram in higher mz_3946; similar chromatogram in higher mz_4046; similar chromatogram in higher mz_4156; similar chromatogram in higher mz_4169; similar chromatogram in higher mz_4259; similar chromatogram in higher mz_4384; similar chromatogram in higher mz_4413; similar chromatogram in higher mz_4424; similar chromatogram in higher mz_4463; similar chromatogram in higher mz_4476; similar chromatogram in higher mz_4526; similar chromatogram in higher mz_4582; similar chromatogram in higher mz_4589; similar chromatogram in higher mz_4630; similar chromatogram in higher mz_4689; similar chromatogram in higher mz_4695; similar chromatogram in higher mz_4701; similar chromatogram in higher mz_4725; similar chromatogram in higher mz_4731; similar chromatogram in higher mz_4787; similar chromatogram in higher mz_4795",0.857,FALSE,"null","null","null","null",999,FALSE,FALSE,FALSE,"null","null","null","null","null",93.76,0,2190479,24,"Exudate vs Leaf","Exudate","Not selected"
"F1323_mz172.1333_rt0.5",-10.4991790757181,14.6639266597632,-2.46996067563518,0.0570646658048032,0.0874703336957463,-4.79624831598954,1323,0.497,172.13327,"Unknown","[M+H]+","ion correlated with 2200; ion correlated with 2220; ion correlated with 851; ion correlated with 1942; ion correlated with 251; ion correlated with 841; ion correlated with 2488",0.214,FALSE,"null","null","null","null",999,FALSE,FALSE,FALSE,"null","null","null","null","null",138.83,10668,197.541006654794,10,"Exudate vs Leaf","Leaf","Not selected"
"F3516_mz335.222_rt2.63",-9.87890987770697,13.8281986963465,-2.46879391249047,0.0571459352776371,0.0874844456835454,-4.79777939180848,3516,2.627,335.22198,"Unknown","[M+H]+","ion correlated with 2781; ion correlated with 3077; ion correlated with 3317; ion correlated with 1918",0.071,TRUE,"null","null","null","null",999,FALSE,FALSE,FALSE,"null","null","null","null","null",34.55,1330.66666666667,701.295619524405,17,"Exudate vs Leaf","Leaf","Not selected"
"F1302_mz170.958_rt0.41",9.98389573498238,13.9885093782312,2.46568527884684,0.0573630798393416,0.0877062706863485,-4.80185908939975,1302,0.411,170.95804,"Unknown","[M+H]+",NA,0.321,FALSE,"null","null","null","null",999,FALSE,FALSE,FALSE,"null","null","null","null","null",91.11,8199.33333333333,27.9967887484249,23,"Exudate vs Leaf","Exudate","Not selected"
"F5157_mz794.5785_rt8.33",-1.92520524124916,16.6205095221291,-2.46051000705219,0.0577265804957835,0.0881510298388443,-4.8086523276674,5157,8.331,794.57849,"Unknown","[M+H]+","ion correlated with 5166",0.143,TRUE,"null","null","null","null",999,FALSE,FALSE,FALSE,"null","null","null","null","null",71.09,21905.3333333333,46.927159573335,24,"Exudate vs Leaf","Leaf","Not selected"
"F3810_mz362.8869_rt0.4",10.4300293912501,14.6121841712828,2.45911145076645,0.0578252424502335,0.0881907592143008,-4.81048840345456,3810,0.4,362.8869,"Unknown","[M+H]+","ion correlated with 770; ion correlated with 1776",0.214,FALSE,"null","null","null","null",999,FALSE,FALSE,FALSE,"null","null","null","null","null",280.27,0,534948,19,"Exudate vs Leaf","Exudate","Not selected"
"F2003_mz218.1394_rt0.99",8.04021947926826,11.1593175944998,2.45650723387593,0.0580094482149156,0.0883606902545892,-4.81390763244289,2003,0.99,218.1394,"Unknown","[M+H]+",NA,0.036,FALSE,"null","null","null","null",999,FALSE,FALSE,FALSE,"null","null","null","null","null",61.98,8825.66666666667,32.0660120845921,23,"Exudate vs Leaf","Exudate","Not selected"
"F1598_mz191.1432_rt1.16",-9.9166031457625,13.907357909518,-2.44681736952781,0.0587004802540603,0.0893012318651996,-4.82663360355867,1598,1.163,191.1432,"Unknown","[M+H]+","ion correlated with 4678; ion correlated with 3680; ion correlated with 3971; ion correlated with 4684; ion correlated with 4639; ion correlated with 4709; ion correlated with 1870; ion correlated with 4719; ion correlated with 798; ion correlated with 4952; ion correlated with 4743; ion correlated with 4792; ion correlated with 4871",0.107,TRUE,"null","null","null","null",999,FALSE,FALSE,FALSE,"null","null","null","null","null",54.55,848.666666666667,1781.37269517458,13,"Exudate vs Leaf","Leaf","Not selected"
"F2903_mz287.1242_rt0.48",-9.6243860065986,13.5425340954551,-2.42938300287909,0.0599664762658813,0.0911130190072339,-4.84954439881664,2903,0.482,287.12415,"Unknown","[M+H]+","ion correlated with 3508; ion correlated with 1373; ion correlated with 2556",0.25,FALSE,"null","null","null","null",999,FALSE,FALSE,FALSE,"null","null","null","null","null",61.03,0,735415,17,"Exudate vs Leaf","Leaf","Not selected"
"F1407_mz177.0912_rt1.19",-1.2330131568107,14.9327745132434,-2.42810783385795,0.0600602310073287,0.0911414005536213,-4.85122079125128,1407,1.186,177.09123,"Unknown","[M+H]+","ion correlated with 3991; ion correlated with 3574; ion correlated with 4950; ion correlated with 1221; ion correlated with 4111; ion correlated with 4229; ion correlated with 2037",0.036,FALSE,"null","null","null","null",999,FALSE,FALSE,FALSE,"null","null","null","null","null",14.18,3568.33333333333,45.0204519985058,22,"Exudate vs Leaf","Leaf","Not selected"
"F1284_mz169.0763_rt1.06",0.996459321164295,16.7217922374235,2.42244431646014,0.0604785612944599,0.0916616397146996,-4.85866737016298,1284,1.063,169.07634,"Unknown","[M+H]+","similar chromatogram in higher mz_1713; similar chromatogram in higher mz_1981; similar chromatogram in higher mz_1436; found in higher mz's MsMs_3100; similar chromatogram in higher mz_2324; similar chromatogram in higher mz_4372",0.429,TRUE,"null","null","null","null",999,FALSE,FALSE,FALSE,"null","null","null","null","null",425.89,43226.6666666667,166.7609786942,24,"Exudate vs Leaf","Exudate","Not selected"
"F3134_mz302.3058_rt3.01",-10.0127575345105,14.1953903951915,-2.42011690586411,0.060651390199838,0.0918089622226974,-4.86172802840551,3134,3.011,302.30582,"Unknown","[M+H]+",NA,0.214,TRUE,"null","null","null","null",999,FALSE,FALSE,FALSE,"null","null","null","null","null",75.37,1574.33333333333,960.204401184934,19,"Exudate vs Leaf","Leaf","Not selected"
"F3567_mz339.217_rt2.27",-0.623273932003527,16.0389705720996,-2.41435140281453,0.0610818399918531,0.0923453969490781,-4.86931118380098,3567,2.266,339.21695,"Unknown","[M+H]+","ion correlated with 3796; ion correlated with 3596; ion correlated with 3282",0.071,FALSE,"null","null","null","null",999,FALSE,FALSE,FALSE,"null","null","null","null","null",24.9,15180.3333333333,15.275799227121,24,"Exudate vs Leaf","Leaf","Not selected"
"F1363_mz174.149_rt0.89",-9.87029416576321,14.0427481939209,-2.40630769783458,0.0616879308772961,0.0930733244543923,-4.87989366092997,1363,0.891,174.14897,"Unknown","[M+H]+","ion correlated with 252; ion correlated with 1324; ion correlated with 1071; ion correlated with 842; ion correlated with 1730; ion correlated with 4880; found in higher mz's MsMs_2403",0.214,FALSE,"null","null","null","null",999,FALSE,FALSE,FALSE,"null","null","null","null","null",86.48,0,1150705,15,"Exudate vs Leaf","Leaf","Not selected"
"F2645_mz269.1752_rt1.19",1.18485144980204,14.2373910260867,2.40592854239744,0.0617166607790657,0.0930733244543923,-4.88039256766273,2645,1.187,269.17523,"Unknown","[M+H]+","ion correlated with 3623; ion correlated with 958; ion correlated with 1754; ion correlated with 2021; ion correlated with 3568",0.071,FALSE,"null","null","null","null",999,FALSE,FALSE,FALSE,"null","null","null","null","null",28.24,5637.66666666667,24.5063253724285,24,"Exudate vs Leaf","Exudate","Not selected"
"F2934_mz288.29_rt1.99",0.734694945597847,14.5416795732686,2.38774610131892,0.0631115905386801,0.0950237101803155,-4.90432598447887,2934,1.992,288.29001,"Unknown","[M+H]+",NA,0.107,TRUE,"null","null","null","null",999,FALSE,FALSE,FALSE,"null","null","null","null","null",13.48,12622,18.8403707518023,24,"Exudate vs Leaf","Exudate","Not selected"
"F2596_mz265.0977_rt1.12",8.31858611046903,11.7127516668272,2.38703928049219,0.0631665025663218,0.0950237101803155,-4.90525668648888,2596,1.124,265.09769,"Unknown","[M+H]+",NA,0.357,TRUE,"null","null","null","null",999,FALSE,FALSE,FALSE,"null","null","null","null","null",285.03,6096.33333333333,1058.96342663459,23,"Exudate vs Leaf","Exudate","Not selected"
"F4140_mz402.9017_rt0.41",9.09715981665956,12.9990274540228,2.37858961041588,0.0638269705757017,0.0958984434144824,-4.91638451003255,4140,0.408,402.90167,"Unknown","[M+H]+",NA,0.036,FALSE,"null","null","null","null",999,FALSE,FALSE,FALSE,"null","null","null","null","null",2127.32,0,106367,23,"Exudate vs Leaf","Exudate","Not selected"
"F2181_mz231.1133_rt1.06",-1.88435842385907,14.9031266899274,-2.37748500618618,0.0639138633282705,0.0959102967620771,-4.91783946037665,2181,1.061,231.11334,"Unknown","[M+H]+","ion correlated with 966; ion correlated with 1981; ion correlated with 1691",0.107,TRUE,"null","null","null","null",999,FALSE,FALSE,FALSE,"null","null","null","null","null",299.08,1353.33333333333,2093.84125030765,24,"Exudate vs Leaf","Leaf","Not selected"
"F813_mz137.0016_rt0.51",-9.67729266870091,13.6577653352933,-2.37308693806891,0.0642611061391458,0.0963123245097815,-4.92363299203752,813,0.51,137.00163,"Unknown","[M+H]+","found in higher mz's MsMs_2087",0.5,TRUE,"null","null","null","null",999,FALSE,FALSE,FALSE,"null","null","null","null","null",230.3,0,2218619,23,"Exudate vs Leaf","Leaf","Not selected"
"F1064_mz153.1275_rt1.16",0.846159985397577,19.5295975428993,2.36741257798818,0.064712137191036,0.0968687232428085,-4.93110900613821,1064,1.163,153.12753,"Unknown","[M+H]+","ion correlated with 4709; ion correlated with 4719; ion correlated with 4743",0.107,TRUE,"null","null","null","null",999,FALSE,FALSE,FALSE,"null","null","null","null","null",68.95,226023.666666667,8.05016119184632,24,"Exudate vs Leaf","Exudate","Not selected"
"F3178_mz305.2479_rt5.39",-9.14805464515996,13.1873600825855,-2.35963331009066,0.0653360546177692,0.0976662428765625,-4.94136044685123,3178,5.389,305.24789,"Unknown","[M+H]+","ion correlated with 5052; ion correlated with 2913; ion correlated with 3425",0.107,TRUE,"null","null","null","null",999,FALSE,FALSE,FALSE,"null","null","null","null","null",17.96,3002.33333333333,163.067813540511,18,"Exudate vs Leaf","Leaf","Not selected"
"F2183_mz231.1707_rt0.99",0.550272874039085,16.3167634746994,2.35876854653755,0.0654058117451773,0.0976662428765625,-4.94250017627101,2183,0.993,231.17073,"Unknown","[M+H]+","ion correlated with 2155; similar chromatogram in higher mz_3091; similar chromatogram in higher mz_2308",0.536,TRUE,"null","null","null","null",999,FALSE,FALSE,FALSE,"null","null","null","null","null",1577.73,19926,1442.18141215436,24,"Exudate vs Leaf","Exudate","Not selected"
"F4622_mz502.84_rt0.41",9.61108854187614,13.8507911809049,2.35509474291447,0.0657030623993106,0.0979895795488491,-4.94734245953146,4622,0.412,502.84003,"Unknown","[M+H]+",NA,0.071,FALSE,"null","null","null","null",999,FALSE,FALSE,FALSE,"null","null","null","null","null",1518.95,0,146262,23,"Exudate vs Leaf","Exudate","Not selected"
"F2582_mz263.1649_rt2.08",-9.12249536485627,13.1646485971781,-2.35242832989393,0.0659197188253934,0.098192071968132,-4.95085727748455,2582,2.08,263.16492,"Unknown","[M+H]+","ion correlated with 378; ion correlated with 742; ion correlated with 957; ion correlated with 1018; ion correlated with 1629; ion correlated with 1658; ion correlated with 420; ion correlated with 628; ion correlated with 995; ion correlated with 1570; ion correlated with 1694; ion correlated with 1719; ion correlated with 2318; ion correlated with 2447; ion correlated with 2950; ion correlated with 4946; ion correlated with 596; ion correlated with 1191; ion correlated with 2158; ion correlated with 2394; ion correlated with 56; ion correlated with 1140; ion correlated with 1468; ion correlated with 3907; ion correlated with 3941; ion correlated with 5039; ion correlated with 4118; ion correlated with 3777; ion correlated with 3851; ion correlated with 3979",0.107,FALSE,"null","null","null","null",999,FALSE,FALSE,FALSE,"null","null","null","null","null",64.79,1759.33333333333,300.644764249195,17,"Exudate vs Leaf","Leaf","Not selected"
"F3573_mz340.9327_rt0.41",1.64510923777457,14.7774790808849,2.35119386110099,0.0660202856378174,0.0982213563288116,-4.95248462568425,3573,0.408,340.93274,"Unknown","[M+H]+",NA,0.071,FALSE,"null","null","null","null",999,FALSE,FALSE,FALSE,"null","null","null","null","null",97.93,0,129853,21,"Exudate vs Leaf","Exudate","Not selected"
"F1272_mz168.1022_rt1.23",1.19201023088922,14.5157435675642,2.34844821091384,0.0662445568806964,0.0984343843979993,-4.95610431012804,1272,1.227,168.10216,"Unknown","[M+H]+","ion correlated with 1939; ion correlated with 2619; ion correlated with 2102; ion correlated with 1003; ion correlated with 1754; ion correlated with 2021; ion correlated with 1996; ion correlated with 379",0.071,TRUE,"null","null","null","null",999,FALSE,FALSE,FALSE,"null","null","null","null","null",64.15,8470.33333333333,37.2166915873141,24,"Exudate vs Leaf","Exudate","Not selected"
"F3274_mz315.0846_rt1.2",0.366030469833493,17.6008958467978,2.34068742151553,0.066882940168062,0.0992614784401312,-4.96633715066335,3274,1.195,315.08456,"Unknown","[M+H]+","similar chromatogram in higher mz_4673; similar chromatogram in higher mz_4726; similar chromatogram in higher mz_4656; similar chromatogram in higher mz_4062; similar chromatogram in higher mz_4490; similar chromatogram in higher mz_4593; similar chromatogram in higher mz_4789; similar chromatogram in higher mz_4792; similar chromatogram in higher mz_4806; similar chromatogram in higher mz_4895; similar chromatogram in higher mz_4937",0.536,FALSE,"null","null","null","null",999,FALSE,FALSE,FALSE,"null","null","null","null","null",64.18,48160.6666666667,7.57315984358238,24,"Exudate vs Leaf","Exudate","Not selected"
"F3271_mz314.2694_rt2.2",-8.97363931044589,13.0106930780298,-2.33508936442674,0.0673475461817306,0.0997620997639593,-4.97371971617401,3271,2.198,314.26944,"Unknown","[M+H]+","ion correlated with 3037",0.107,TRUE,"null","null","null","null",999,FALSE,FALSE,FALSE,"null","null","null","null","null",85.82,1911,252.349372384937,14,"Exudate vs Leaf","Leaf","Not selected"
"F446_mz111.0442_rt0.49",-0.33318803859741,19.8753307982419,-2.33464452585863,0.0673846143380944,0.0997620997639593,-4.97430640444328,446,0.489,111.04417,"Unknown","[M+H]+","found in higher mz's MsMs_1621",0.357,FALSE,"null","null","null","null",999,FALSE,FALSE,FALSE,"null","null","null","null","null",10.76,171604.333333333,13.7598112723769,24,"Exudate vs Leaf","Leaf","Not selected"
"F2902_mz287.1107_rt0.93",-9.08842483173235,13.2385491862868,-2.3225648302477,0.0683996726908964,0.101141537937574,-4.99024061558423,2902,0.927,287.11072,"Unknown","[M+H]+","ion correlated with 4069; ion correlated with 3268; ion correlated with 521; ion correlated with 1686; ion correlated with 3389; ion correlated with 3170; ion correlated with 4123; ion correlated with 4880; ion correlated with 1393; ion correlated with 3860; ion correlated with 2553; ion correlated with 1904; ion correlated with 4002; ion correlated with 3955; ion correlated with 4029",0.036,FALSE,"null","null","null","null",999,FALSE,FALSE,FALSE,"null","null","null","null","null",93.88,0,547529,9,"Exudate vs Leaf","Leaf","Not selected"
"F1701_mz198.1126_rt0.49",-10.2586226795368,14.9206727824036,-2.31893814787387,0.0687076332821209,0.101473317280407,-4.99502546323323,1701,0.493,198.11264,"Unknown","[M+H]+","ion correlated with 2738",0.143,TRUE,"null","null","null","null",999,FALSE,FALSE,FALSE,"null","null","null","null","null",489.82,6481.66666666667,606.395824763472,22,"Exudate vs Leaf","Leaf","Not selected"
"F1606_mz192.0693_rt1.05",8.10564706557998,11.8403414604414,2.3114683386773,0.0693466540605975,0.102292634300808,-5.00488199483157,1606,1.055,192.06927,"Unknown","[M+H]+","ion correlated with 1927; ion correlated with 1765; ion correlated with 3243; ion correlated with 1504; ion correlated with 4175; ion correlated with 1578; ion correlated with 2486; ion correlated with 2587; ion correlated with 2253",0.071,TRUE,"null","null","null","null",999,FALSE,FALSE,FALSE,"null","null","null","null","null",153.58,13005.6666666667,83.0873141978473,23,"Exudate vs Leaf","Exudate","Not selected"
"F1568_mz189.1237_rt0.97",0.66920123279039,14.5094122223988,2.29922297402316,0.0704081033683357,0.10371708986542,-5.02104342568511,1568,0.969,189.12367,"Unknown","[M+H]+","ion correlated with 1958; ion correlated with 1993; ion correlated with 350; ion correlated with 765; ion correlated with 2210; ion correlated with 1786; ion correlated with 2580",0.357,TRUE,"null","null","null","null",999,FALSE,FALSE,FALSE,"null","null","null","null","null",1373.06,2952,4107.05621401964,24,"Exudate vs Leaf","Exudate","Not selected"
"F966_mz146.0602_rt1.02",-0.451830225450216,16.7280636916468,-2.29820229705637,0.070497363948704,0.10371708986542,-5.02239069882489,966,1.018,146.06024,"Unknown","[M+H]+","ion correlated with 1043; ion correlated with 1981; ion correlated with 2181; ion correlated with 1691; found in higher mz's MsMs_1810; found in higher mz's MsMs_1554; similar chromatogram in higher mz_2985; similar chromatogram in higher mz_4178; similar chromatogram in higher mz_2196",0.429,TRUE,"null","null","null","null",999,FALSE,FALSE,FALSE,"null","null","null","null","null",395.56,19105,177.085051816183,24,"Exudate vs Leaf","Leaf","Not selected"
"F1441_mz180.0869_rt0.69",0.509965810655173,17.7414633128372,2.29661026747584,0.070636833887953,0.10371708986542,-5.02449219992269,1441,0.694,180.0869,"Unknown","[M+H]+","ion correlated with 4471; ion correlated with 1567; ion correlated with 2015; ion correlated with 2543; ion correlated with 1187; ion correlated with 1700; ion correlated with 361; ion correlated with 530; ion correlated with 1376; ion correlated with 2929",0.179,FALSE,"null","null","null","null",999,FALSE,FALSE,FALSE,"null","null","null","null","null",157.77,103776.333333333,18.6025882337826,24,"Exudate vs Leaf","Exudate","Not selected"
"F1213_mz165.007_rt0.4",-2.04558833698804,17.0343760213303,-2.29641382655367,0.0706540636892114,0.10371708986542,-5.02475150917831,1213,0.395,165.00699,"Unknown","[M+H]+",NA,0.429,FALSE,"null","null","null","null",999,FALSE,FALSE,FALSE,"null","null","null","null","null",46.42,3017.33333333333,219.412810601877,24,"Exudate vs Leaf","Leaf","Not selected"
"F1638_mz193.9829_rt0.43",9.06964735092507,13.2744658913716,2.29040940562888,0.0711828981832656,0.104367196128604,-5.03267803294048,1638,0.428,193.98294,"Unknown","[M+H]+","ion correlated with 710; ion correlated with 4897",0.214,FALSE,"null","null","null","null",999,FALSE,FALSE,FALSE,"null","null","null","null","null",65.77,5024,84.6461691542289,23,"Exudate vs Leaf","Exudate","Not selected"
"F1405_mz177.0548_rt1",-9.53230698252153,13.9927233036077,-2.28526727969401,0.0716391718144184,0.104909474768038,-5.03946692057757,1405,0.995,177.05484,"Unknown","[M+H]+","ion correlated with 1114; ion correlated with 3191; ion correlated with 4029; ion correlated with 1654; ion correlated with 4201; ion correlated with 3171; ion correlated with 3624; ion correlated with 2793; ion correlated with 3937; ion correlated with 4037; ion correlated with 3608; ion correlated with 1217; ion correlated with 4207; ion correlated with 3309; ion correlated with 4550; ion correlated with 4658; ion correlated with 4257; ion correlated with 4759",0.036,FALSE,"null","null","null","null",999,FALSE,FALSE,FALSE,"null","null","null","null","null",108.38,3433.33333333333,307.527225080074,21,"Exudate vs Leaf","Leaf","Not selected"
"F2401_mz249.1488_rt1.88",-8.78991962546249,12.961959115794,-2.2787654110509,0.072220605620606,0.105633512317368,-5.04805186644346,2401,1.884,249.14879,"Unknown","[M+H]+","ion correlated with 3871; ion correlated with 3693; ion correlated with 4050; ion correlated with 2581; ion correlated with 3494; ion correlated with 3909; ion correlated with 3995; ion correlated with 3283",0.107,TRUE,"null","null","null","null",999,FALSE,FALSE,FALSE,"null","null","null","null","null",24.42,642,675.771384136859,13,"Exudate vs Leaf","Leaf","Not selected"
"F260_mz97.0287_rt0.94",-0.470256306680597,17.0505781107288,-2.27617726227039,0.0724534619820582,0.105846573822164,-5.05146946275645,260,0.94,97.02866,"Unknown","[M+H]+","similar chromatogram in higher mz_886; similar chromatogram in higher mz_2802; similar chromatogram in higher mz_3443",0.214,FALSE,"null","null","null","null",999,FALSE,FALSE,FALSE,"null","null","null","null","null",83.81,56925,17.4074939395004,24,"Exudate vs Leaf","Leaf","Not selected"
"F27_mz64.0161_rt5.78",0.429122123168667,18.006605558135,2.26756546745393,0.0732340918321325,0.10685839841852,-5.06284212343965,27,5.779,64.01605,"Unknown","[M+H]+","ion correlated with 132; ion correlated with 3113; ion correlated with 606; ion correlated with 4371; similar chromatogram in higher mz_4371; similar chromatogram in higher mz_132; similar chromatogram in higher mz_4389; similar chromatogram in higher mz_150; similar chromatogram in higher mz_4273",0.179,TRUE,"null","null","null","null",999,FALSE,FALSE,FALSE,"null","null","null","null","null",21.35,82350.3333333333,7.07510099006695,24,"Exudate vs Leaf","Exudate","Not selected"
"F1867_mz209.1288_rt0.93",8.7494530251875,12.9548972724634,2.24828528849796,0.0750146970141157,0.10932514066643,-5.08830804806193,1867,0.934,209.1288,"Unknown","[M+H]+","ion correlated with 2034; ion correlated with 2243; ion correlated with 824; ion correlated with 1911; ion correlated with 1348; ion correlated with 2082; ion correlated with 2139",0.429,FALSE,"null","null","null","null",999,FALSE,FALSE,FALSE,"null","null","null","null","null",118.53,19632,54.6347985534559,23,"Exudate vs Leaf","Exudate","Not selected"
"F1579_mz190.0712_rt0.78",1.09048921354403,15.1875988124565,2.23411869824032,0.076352601056344,0.111063519718247,-5.10702304189888,1579,0.785,190.07124,"Unknown","[M+H]+","ion correlated with 2748; similar chromatogram in higher mz_4345",0.357,TRUE,"null","null","null","null",999,FALSE,FALSE,FALSE,"null","null","null","null","null",197.82,11344.6666666667,117.201045920616,21,"Exudate vs Leaf","Exudate","Not selected"
"F2865_mz285.0973_rt1.06",-9.4219582364275,13.9943964315466,-2.23372152350568,0.076390476906702,0.111063519718247,-5.10754776714689,2865,1.058,285.09729,"Unknown","[M+H]+","ion correlated with 1458; ion correlated with 792; ion correlated with 4165; ion correlated with 4759; ion correlated with 799; ion correlated with 4338; ion correlated with 1439; ion correlated with 3188; ion correlated with 3125; ion correlated with 4678",0.143,TRUE,"null","null","null","null",999,FALSE,FALSE,FALSE,"null","null","null","null","null",60.13,5801,293.34160634264,19,"Exudate vs Leaf","Leaf","Not selected"
"F5135_mz778.5466_rt8.96",-8.98082599674448,13.4345169173403,-2.23119077026729,0.0766322905078247,0.111281818991028,-5.11089129269367,5135,8.962,778.54663,"Unknown","[M+H]+","ion correlated with 4885; ion correlated with 5121; ion correlated with 4822; ion correlated with 5153; ion correlated with 5126",0.107,TRUE,"null","null","null","null",999,FALSE,FALSE,FALSE,"null","null","null","null","null",112.34,1188,487.343986543314,19,"Exudate vs Leaf","Leaf","Not selected"
"F4248_mz418.8769_rt0.41",9.31245680029507,14.0690033822054,2.19437237272268,0.0802444092070729,0.116387948360079,-5.15953839683738,4248,0.41,418.87692,"Unknown","[M+H]+",NA,0.143,FALSE,"null","null","null","null",999,FALSE,FALSE,FALSE,"null","null","null","null","null",109.93,0,149714,23,"Exudate vs Leaf","Exudate","Not selected"
"F2840_mz282.182_rt1.03",8.02080770414484,12.1333448540819,2.19122737782009,0.0805612740538724,0.116708098689023,-5.16369390727709,2840,1.035,282.18198,"Unknown","[M+H]+","ion correlated with 1825",0.036,FALSE,"null","null","null","null",999,FALSE,FALSE,FALSE,"null","null","null","null","null",23.98,14846.6666666667,8.51783669712413,23,"Exudate vs Leaf","Exudate","Not selected"
"F2626_mz267.207_rt0.65",-9.3262847761124,14.1288656321662,-2.17958097934851,0.0817463414897991,0.118283740844596,-5.17908214739828,2626,0.652,267.20697,"Unknown","[M+H]+","ion correlated with 2739; similar chromatogram in higher mz_3534",0.107,FALSE,"null","null","null","null",999,FALSE,FALSE,FALSE,"null","null","null","null","null",179.78,13119,138.844893292683,6,"Exudate vs Leaf","Leaf","Not selected"
"F1404_mz177.0548_rt1.5",-8.34836986421853,12.7518704302846,-2.16324108066269,0.0834403959990057,0.120591238979515,-5.2006705025425,1404,1.5,177.05481,"Unknown","[M+H]+","ion correlated with 3440; ion correlated with 5120; ion correlated with 5095; ion correlated with 4013; ion correlated with 3298; ion correlated with 3110; ion correlated with 5155; ion correlated with 3078; ion correlated with 3270; ion correlated with 2745; ion correlated with 4225; ion correlated with 4254; ion correlated with 4012; found in higher mz's MsMs_5127; similar chromatogram in higher mz_4966",0.107,FALSE,"null","null","null","null",999,FALSE,FALSE,FALSE,"null","null","null","null","null",43.92,2334.33333333333,113.628746788467,18,"Exudate vs Leaf","Leaf","Not selected"
"F4196_mz409.2745_rt4.53",-8.1751140371585,12.4866089099289,-2.16221013514795,0.0835485259744025,0.120603936424405,-5.20203251506908,4196,4.528,409.27448,"Unknown","[M+H]+","ion correlated with 2383; ion correlated with 3324; ion correlated with 3519",0.107,FALSE,"null","null","null","null",999,FALSE,FALSE,FALSE,"null","null","null","null","null",15.17,1058,235.991501416431,9,"Exudate vs Leaf","Leaf","Not selected"
"F3310_mz317.1461_rt0.47",-1.5574275181461,14.4497357734604,-2.15166428489296,0.084663217515792,0.122067869434883,-5.21596425231318,3310,0.468,317.14609,"Unknown","[M+H]+","ion correlated with 1760; ion correlated with 2409; ion correlated with 2787; ion correlated with 2588; ion correlated with 3447",0.214,FALSE,"null","null","null","null",999,FALSE,FALSE,FALSE,"null","null","null","null","null",284.35,765.333333333333,1299.19312744672,24,"Exudate vs Leaf","Leaf","Not selected"
"F1943_mz215.0821_rt1.04",8.12715156334707,12.2595183305679,2.13901664812775,0.0860209466700928,0.123878326521344,-5.23267055806237,1943,1.042,215.08211,"Unknown","[M+H]+","ion correlated with 2288",0.214,TRUE,"null","null","null","null",999,FALSE,FALSE,FALSE,"null","null","null","null","null",90.88,16855,79.5115092548647,23,"Exudate vs Leaf","Exudate","Not selected"
"F1613_mz192.1597_rt0.67",2.24274402772015,22.1780152418892,2.13604143333923,0.0863436839861927,0.124195772937486,-5.23660014775564,1613,0.667,192.15973,"Unknown","[M+H]+",NA,0.857,TRUE,"null","null","null","null",999,FALSE,FALSE,FALSE,"null","null","null","null","null",897.99,50527.6666666667,373.831969970842,24,"Exudate vs Leaf","Exudate","Not selected"
"F632_mz124.0395_rt0.55",9.6937908612842,14.9364345898608,2.13408753648373,0.0865563323519514,0.12435430470446,-5.23918071856463,632,0.549,124.03947,"Unknown","[M+H]+","ion correlated with 4903; ion correlated with 991",0.25,FALSE,"null","null","null","null",999,FALSE,FALSE,FALSE,"null","null","null","null","null",51.35,156541.333333333,11.836446797139,22,"Exudate vs Leaf","Exudate","Not selected"
"F528_mz117.0226_rt0.4",9.22247635355368,14.2018996622584,2.13125229621239,0.0868658885260754,0.124651523251366,-5.24292517755275,528,0.396,117.02264,"Unknown","[M+H]+","ion correlated with 4537; ion correlated with 1353; ion correlated with 512; ion correlated with 494; ion correlated with 588",0.107,FALSE,"null","null","null","null",999,FALSE,FALSE,FALSE,"null","null","null","null","null",36.1,652.333333333333,446.09387755102,22,"Exudate vs Leaf","Exudate","Not selected"
"F598_mz121.1013_rt1.1",-0.478487292144056,16.2942613733687,-2.12788906205242,0.0872346151803485,0.125032848676438,-5.24736674372473,598,1.097,121.10133,"Unknown","[M+H]+","ion correlated with 4387; ion correlated with 4550; ion correlated with 4668; ion correlated with 4257; ion correlated with 4565; ion correlated with 1020; ion correlated with 3349; ion correlated with 2128; ion correlated with 4486; ion correlated with 4283; ion correlated with 4310; ion correlated with 3491; ion correlated with 4603; ion correlated with 4597; ion correlated with 3638; ion correlated with 4167; ion correlated with 4019; ion correlated with 1764; ion correlated with 3194; ion correlated with 4640; ion correlated with 3022; ion correlated with 4223; ion correlated with 4153; ion correlated with 4192; ion correlated with 4307; ion correlated with 3143; ion correlated with 4250",0.107,FALSE,"null","null","null","null",999,FALSE,FALSE,FALSE,"null","null","null","null","null",22.11,12764.3333333333,16.7556925005222,23,"Exudate vs Leaf","Leaf","Not selected"
"F267_mz97.5118_rt0.71",-0.85779112714462,16.033268657023,-2.11679082466193,0.0884631819057513,0.126644225039601,-5.26202160640219,267,0.713,97.5118,"Unknown","[M+H]+",NA,0.214,FALSE,"null","null","null","null",999,FALSE,FALSE,FALSE,"null","null","null","null","null",66.84,17899.6666666667,15.2696547614614,24,"Exudate vs Leaf","Leaf","Not selected"
"F1203_mz164.074_rt0.55",-9.35825724892504,14.5697358583775,-2.0989989555762,0.0904711109722301,0.129366229352517,-5.28550879215337,1203,0.546,164.07396,"Unknown","[M+H]+","ion correlated with 1620; ion correlated with 1506",0.107,FALSE,"null","null","null","null",999,FALSE,FALSE,FALSE,"null","null","null","null","null",185.33,7307.66666666667,273.951746784639,14,"Exudate vs Leaf","Leaf","Not selected"
"F4211_mz412.2979_rt5.49",0.810033955866092,15.8256443768927,2.09643986500132,0.0907638637756554,0.129632153674877,-5.28888633347821,4211,5.494,412.29791,"Unknown","[M+H]+",NA,0.036,FALSE,"null","null","null","null",999,FALSE,FALSE,FALSE,"null","null","null","null","null",25.06,14031.3333333333,11.2754590588403,24,"Exudate vs Leaf","Exudate","Not selected"
"F1288_mz169.1014_rt1.36",-7.91806452728107,12.3529959260644,-2.095420723408,0.0908807293737354,0.129646539905658,-5.29023136236446,1288,1.359,169.10143,"Unknown","[M+H]+","ion correlated with 2898; ion correlated with 4908; ion correlated with 3162; ion correlated with 3382; ion correlated with 4967; ion correlated with 1868; ion correlated with 3795; ion correlated with 2752; ion correlated with 1599; ion correlated with 3655; ion correlated with 3711; similar chromatogram in higher mz_2121; similar chromatogram in higher mz_3795; similar chromatogram in higher mz_3870",0.036,FALSE,"null","null","null","null",999,FALSE,FALSE,FALSE,"null","null","null","null","null",57.18,1680,112.486615110054,19,"Exudate vs Leaf","Leaf","Not selected"
"F2245_mz237.1237_rt0.99",0.492226501755458,15.6155354485842,2.08525858453408,0.0920547625318567,0.131167232058303,-5.30364119883394,2245,0.989,237.12372,"Unknown","[M+H]+","ion correlated with 2620",0.429,FALSE,"null","null","null","null",999,FALSE,FALSE,FALSE,"null","null","null","null","null",204.41,9947.33333333333,207.940257999665,24,"Exudate vs Leaf","Exudate","Not selected"
"F728_mz130.1229_rt1.24",7.12955363720359,11.1827335764415,2.07216166741685,0.0935915159386611,0.133200586576242,-5.32091847334841,728,1.235,130.12289,"Unknown","[M+H]+","ion correlated with 580; ion correlated with 1207; similar chromatogram in higher mz_1444; similar chromatogram in higher mz_1176",0.286,TRUE,"null","null","null","null",999,FALSE,FALSE,FALSE,"null","null","null","null","null",134.51,10188.6666666667,265.412116850404,23,"Exudate vs Leaf","Exudate","Not selected"
"F3246_mz312.1658_rt0.98",-0.460969359502078,16.5559035954638,-2.06174581040897,0.0948329874832144,0.134791866268885,-5.33465425202984,3246,0.976,312.16583,"Unknown","[M+H]+","ion correlated with 3430; ion correlated with 3226; similar chromatogram in higher mz_4058",0.107,FALSE,"null","null","null","null",999,FALSE,FALSE,FALSE,"null","null","null","null","null",39.14,9354.33333333333,28.5188127984038,23,"Exudate vs Leaf","Leaf","Not selected"
"F1032_mz150.0585_rt0.54",-8.96219719438206,14.1066291995835,-2.06092405516795,0.0949316685831112,0.134791866268885,-5.33573774252725,1032,0.537,150.05852,"Unknown","[M+H]+","ion correlated with 459; ion correlated with 4472",0.357,TRUE,"null","null","null","null",999,FALSE,FALSE,FALSE,"null","null","null","null","null",1243.46,10183.3333333333,1053.30468366445,18,"Exudate vs Leaf","Leaf","Not selected"
"F779_mz133.1013_rt3.54",-8.1545472641072,12.8438826241777,-2.0516433156604,0.0960536888262304,0.136123186589749,-5.34797244432463,779,3.543,133.10129,"Unknown","[M+H]+","ion correlated with 419; ion correlated with 2157; ion correlated with 856; ion correlated with 3318; ion correlated with 3338; ion correlated with 397; ion correlated with 597; ion correlated with 625; ion correlated with 994; ion correlated with 1019; ion correlated with 1190; ion correlated with 1257; ion correlated with 1349; ion correlated with 1630; ion correlated with 1752; ion correlated with 2317; ion correlated with 2448; ion correlated with 2474; ion correlated with 2676; ion correlated with 2746; ion correlated with 2954; ion correlated with 3083; ion correlated with 3098; ion correlated with 3118; ion correlated with 3504; ion correlated with 3745; ion correlated with 3906; ion correlated with 5013; ion correlated with 5038; ion correlated with 5047; ion correlated with 3515; ion correlated with 4188; found in higher mz's MsMs_3115; found in higher mz's MsMs_3702; found in higher mz's MsMs_3318; found in higher mz's MsMs_2676; found in higher mz's MsMs_5005; found in higher mz's MsMs_3847; found in higher mz's MsMs_3515; found in higher mz's MsMs_3976; found in higher mz's MsMs_2474; found in higher mz's MsMs_2954; found in higher mz's MsMs_3083; found in higher mz's MsMs_3504",0.107,FALSE,"null","null","null","null",999,FALSE,FALSE,FALSE,"null","null","null","null","null",26.41,1989.66666666667,206.813127930342,22,"Exudate vs Leaf","Leaf","Not selected"
"F2410_mz250.1192_rt1.06",7.73328488755839,12.1538828950049,2.05131569966901,0.0960935509945756,0.136123186589749,-5.34840426728709,2410,1.065,250.11919,"Unknown","[M+H]+","similar chromatogram in higher mz_2806",0.321,FALSE,"null","null","null","null",999,FALSE,FALSE,FALSE,"null","null","null","null","null",54.36,21308,39.5603735510817,22,"Exudate vs Leaf","Exudate","Not selected"
"F3654_mz348.2022_rt1.16",-7.92753423931874,12.5368971726372,-2.04988593423347,0.096267719315219,0.136210968821301,-5.35028875035896,3654,1.162,348.20224,"Unknown","[M+H]+","ion correlated with 4412; ion correlated with 4838; ion correlated with 4480; ion correlated with 3739; ion correlated with 4333; ion correlated with 2871; ion correlated with 1896; ion correlated with 3957; ion correlated with 3752; ion correlated with 3910; ion correlated with 4762; ion correlated with 4484; ion correlated with 4656; ion correlated with 3224; ion correlated with 4726; ion correlated with 1381; ion correlated with 1635; ion correlated with 3105; ion correlated with 3258; ion correlated with 3816; ion correlated with 4698; ion correlated with 3600; ion correlated with 4688; ion correlated with 4556",0.036,FALSE,"null","null","null","null",999,FALSE,FALSE,FALSE,"null","null","null","null","null",174.75,766.666666666667,392.095961788971,12,"Exudate vs Leaf","Leaf","Not selected"
"F1963_mz215.9837_rt5.78",-0.535201152524264,15.1938208167228,-2.03944397468519,0.0975498261683099,0.137760630523033,-5.3640487244319,1963,5.78,215.98367,"Unknown","[M+H]+","ion correlated with 1369; ion correlated with 4504; ion correlated with 1025; ion correlated with 4273; ion correlated with 5067; ion correlated with 4359; ion correlated with 4389; ion correlated with 3749; ion correlated with 3775; ion correlated with 3577; ion correlated with 3357; ion correlated with 2473",0.107,FALSE,"null","null","null","null",999,FALSE,FALSE,FALSE,"null","null","null","null","null",39.07,10729.3333333333,15.9246683855736,24,"Exudate vs Leaf","Leaf","Not selected"
"F4169_mz406.8263_rt0.42",-0.715748552880905,16.1697426722813,-2.03911990327987,0.097589903006432,0.137760630523033,-5.36447568774835,4169,0.416,406.82626,"Unknown","[M+H]+","ion correlated with 4259; ion correlated with 4589; ion correlated with 4630; ion correlated with 4787; ion correlated with 4463; ion correlated with 4731; ion correlated with 1230; ion correlated with 4249; ion correlated with 4623; ion correlated with 3273; ion correlated with 998; ion correlated with 1872; ion correlated with 4124; ion correlated with 1301; ion correlated with 3142; ion correlated with 2129; ion correlated with 977; ion correlated with 3086",0.107,FALSE,"null","null","null","null",999,FALSE,FALSE,FALSE,"null","null","null","null","null",2775.05,0,233037,20,"Exudate vs Leaf","Leaf","Not selected"
"F2292_mz241.1802_rt1.2",1.66396516513956,15.3318181971171,2.02778806283857,0.0990022052998454,0.139591959621385,-5.37940200192236,2292,1.201,241.18018,"Unknown","[M+H]+",NA,0.036,FALSE,"null","null","null","null",999,FALSE,FALSE,FALSE,"null","null","null","null","null",14.53,17136.3333333333,8.91042947171866,24,"Exudate vs Leaf","Exudate","Not selected"
"F3020_mz295.103_rt1.23",-7.81241928122711,12.4868510592978,-2.02084127312072,0.0998785857639334,0.140664272758022,-5.38854895637334,3020,1.234,295.10297,"Unknown","[M+H]+","similar chromatogram in higher mz_4871; similar chromatogram in higher mz_4825; similar chromatogram in higher mz_4620",0.214,FALSE,"null","null","null","null",999,FALSE,FALSE,FALSE,"null","null","null","null","null",63.87,0,235987,20,"Exudate vs Leaf","Leaf","Not selected"
"F849_mz139.018_rt0.4",8.93008202629643,14.2792464532475,2.01849142809086,0.100176871829554,0.140784220565596,-5.39164243152099,849,0.399,139.01799,"Unknown","[M+2H]2+","ion correlated with 237; ion correlated with 494",0.107,FALSE,"null","null","null","null",999,FALSE,FALSE,FALSE,"null","null","null","null","null",28.98,4059.33333333333,108.98070765947,23,"Exudate vs Leaf","Exudate","Not selected"
"F2932_mz288.2452_rt6.25",-7.55149303104131,12.0845729075566,-2.01834343502915,0.10019568910105,0.140784220565596,-5.39183724790631,2932,6.248,288.24515,"Unknown","[M+H]+",NA,0.071,FALSE,"null","null","null","null",999,FALSE,FALSE,FALSE,"null","null","null","null","null",4.21,0,161128,8,"Exudate vs Leaf","Leaf","Not selected"
"F5153_mz792.5624_rt8.96",-8.35546702661826,13.4554475090336,-2.00011005408216,0.102542631765741,0.143742644130122,-5.41582958411838,5153,8.962,792.56244,"Unknown","[M+H]+","ion correlated with 4885; ion correlated with 4822; ion correlated with 5135; ion correlated with 5126",0.107,TRUE,"null","null","null","null",999,FALSE,FALSE,FALSE,"null","null","null","null","null",117.71,9502.66666666667,47.772824523868,22,"Exudate vs Leaf","Leaf","Not selected"
"F3744_mz357.1905_rt1.18",-1.45262101434029,13.8532789311321,-2.0000367329071,0.102552184774605,0.143742644130122,-5.41592602251737,3744,1.182,357.19046,"Unknown","[M+H]+","ion correlated with 1408",0.036,FALSE,"null","null","null","null",999,FALSE,FALSE,FALSE,"null","null","null","null","null",23.9,566.666666666667,248.052260716383,22,"Exudate vs Leaf","Leaf","Not selected"
"F2892_mz286.2296_rt7.38",-7.40317172961647,11.9294234723493,-1.99845335278747,0.102758710543111,0.143742644130122,-5.41800853872442,2892,7.385,286.22964,"Unknown","[M+H]+","ion correlated with 2915",0.107,FALSE,"null","null","null","null",999,FALSE,FALSE,FALSE,"null","null","null","null","null",26.16,1672.33333333333,75.5336653386454,17,"Exudate vs Leaf","Leaf","Not selected"
"F1626_mz193.1226_rt2.26",-2.57739302373584,14.6387978734518,-1.99833008899795,0.102774806511487,0.143742644130122,-5.41817065281315,1626,2.263,193.12262,"Unknown","[M+H]+",NA,0.071,TRUE,"null","null","null","null",999,FALSE,FALSE,FALSE,"null","null","null","null","null",7.83,1259.66666666667,369.201480698043,24,"Exudate vs Leaf","Leaf","Not selected"
"F315_mz100.5431_rt0.4",8.20668604936541,13.1775783336721,1.99388241440126,0.103357358205286,0.144285984501617,-5.42401949077889,315,0.401,100.54313,"Unknown","[M+H]+",NA,0.036,FALSE,"null","null","null","null",999,FALSE,FALSE,FALSE,"null","null","null","null","null",46.67,665,233.376876876877,20,"Exudate vs Leaf","Exudate","Not selected"
"F1359_mz174.1128_rt1.14",7.24674789333307,11.6749882474987,1.99285677085239,0.103492185194022,0.144285984501617,-5.42536806282698,1359,1.143,174.11275,"Unknown","[M+H]+","ion correlated with 1850; similar chromatogram in higher mz_1892",0.429,TRUE,"null","null","null","null",999,FALSE,FALSE,FALSE,"null","null","null","null","null",251.68,10240.3333333333,386.001399557349,23,"Exudate vs Leaf","Exudate","Not selected"
"F2640_mz268.9482_rt0.39",0.3705947772363,18.0168927406109,1.99264652819604,0.103519845552643,0.144285984501617,-5.42564449277937,2640,0.387,268.94818,"Unknown","[M+H]+","ion correlated with 2897",0.464,FALSE,"null","null","null","null",999,FALSE,FALSE,FALSE,"null","null","null","null","null",177.04,0,563869,24,"Exudate vs Leaf","Exudate","Not selected"
"F2149_mz229.0977_rt1.05",8.4260314416261,13.5821452340826,1.98379851554665,0.104690957805363,0.145750943550128,-5.43727529496038,2149,1.052,229.09773,"Unknown","[M+H]+","ion correlated with 1659",0.357,TRUE,"null","null","null","null",999,FALSE,FALSE,FALSE,"null","null","null","null","null",176.65,39738.3333333333,48.185030783942,23,"Exudate vs Leaf","Exudate","Not selected"
"F2216_mz234.1338_rt0.93",-1.14175765228459,15.9069870639171,-1.97725380198837,0.105566106435135,0.146800977333624,-5.44587491365035,2216,0.928,234.13385,"Unknown","[M+H]+",NA,0.143,FALSE,"null","null","null","null",999,FALSE,FALSE,FALSE,"null","null","null","null","null",71.82,18750.3333333333,20.0925978597078,22,"Exudate vs Leaf","Leaf","Not selected"
"F419_mz109.1014_rt3.54",-0.718675814925002,16.8911396189689,-1.9720240762475,0.106270903653771,0.147611987455009,-5.45274446438941,419,3.543,109.10136,"Unknown","[M+H]+","ion correlated with 779; ion correlated with 3115; ion correlated with 3702; ion correlated with 3318; ion correlated with 3338; ion correlated with 397; ion correlated with 597; ion correlated with 625; ion correlated with 994; ion correlated with 1019; ion correlated with 1190; ion correlated with 1257; ion correlated with 1630; ion correlated with 2317; ion correlated with 2448; ion correlated with 2474; ion correlated with 2676; ion correlated with 2746; ion correlated with 2954; ion correlated with 3083; ion correlated with 3504; ion correlated with 3745; ion correlated with 3906; ion correlated with 5005; ion correlated with 5013; ion correlated with 5038; ion correlated with 5047; ion correlated with 3515; found in higher mz's MsMs_3115; found in higher mz's MsMs_3702; found in higher mz's MsMs_3318; found in higher mz's MsMs_2676; found in higher mz's MsMs_5005; found in higher mz's MsMs_3847; found in higher mz's MsMs_3515; found in higher mz's MsMs_2474; found in higher mz's MsMs_2954; found in higher mz's MsMs_3083; found in higher mz's MsMs_3504",0.107,FALSE,"null","null","null","null",999,FALSE,FALSE,FALSE,"null","null","null","null","null",23.38,20606.6666666667,26.9569092408974,24,"Exudate vs Leaf","Leaf","Not selected"
"F645_mz124.5001_rt0.4",8.27519145017332,13.4387034748707,1.97027692020678,0.106507455908499,0.147754695807295,-5.45503901017088,645,0.398,124.50014,"Unknown","[M+H]+","ion correlated with 20",0.071,FALSE,"null","null","null","null",999,FALSE,FALSE,FALSE,"null","null","null","null","null",37.03,0,151996,18,"Exudate vs Leaf","Exudate","Not selected"
"F4774_mz565.5676_rt7.35",4.48580824669028,16.6182963101623,1.96946874816026,0.106617062213501,0.147754695807295,-5.45610030864051,4774,7.351,565.56763,"Unknown","[M+H]+",NA,0.036,TRUE,"null","null","null","null",999,FALSE,FALSE,FALSE,"null","null","null","null","null",68.83,63938.3333333333,22.7685201597347,24,"Exudate vs Leaf","Exudate","Not selected"
"F4446_mz455.3165_rt6.54",-7.7171308713593,12.5475120440366,-1.96700694296384,0.106951663656809,0.148049395301444,-5.45933287148791,4446,6.54,455.31653,"Unknown","[M+H]+",NA,0.107,TRUE,"null","null","null","null",999,FALSE,FALSE,FALSE,"null","null","null","null","null",38.55,0,219831,10,"Exudate vs Leaf","Leaf","Not selected"
"F847_mz139.0027_rt0.73",-8.55212411992385,13.9434586609281,-1.96456263480275,0.107284970021291,0.148341632808483,-5.46254200674001,847,0.732,139.00266,"Unknown","[M+H]+","ion correlated with 1617; ion correlated with 704; ion correlated with 1371; ion correlated with 2174",0.179,FALSE,"null","null","null","null",999,FALSE,FALSE,FALSE,"null","null","null","null","null",14.22,11839.3333333333,56.1611722642944,14,"Exudate vs Leaf","Leaf","Not selected"
"F1374_mz175.0869_rt1.01",2.23629689777202,16.1430573877483,1.96280579355777,0.107525201725707,0.148488218230503,-5.46484828425599,1374,1.011,175.08691,"Unknown","[M+H]+","ion correlated with 3902; ion correlated with 3743; ion correlated with 1446; ion correlated with 2994; ion correlated with 2444; ion correlated with 3393; ion correlated with 2926; ion correlated with 3432; ion correlated with 1392; ion correlated with 2672; ion correlated with 2908; similar chromatogram in higher mz_4653",0.393,TRUE,"null","null","null","null",999,FALSE,FALSE,FALSE,"null","null","null","null","null",136.23,66588.3333333333,17.8903427976453,24,"Exudate vs Leaf","Exudate","Not selected"
"F2337_mz245.0059_rt0.53",-8.06782512257879,13.1652997027832,-1.9619997276885,0.107635611237926,0.148488218230503,-5.4659063605073,2337,0.533,245.00594,"Unknown","[M+H]+","ion correlated with 3388; ion correlated with 4171; ion correlated with 3533; ion correlated with 2575; ion correlated with 2199; ion correlated with 4513; ion correlated with 3561; ion correlated with 1572",0.107,FALSE,"null","null","null","null",999,FALSE,FALSE,FALSE,"null","null","null","null","null",106.62,13800,28.6892978769654,10,"Exudate vs Leaf","Leaf","Not selected"
"F4775_mz565.5676_rt7.75",3.95126188118554,16.7501451040116,1.95730279836135,0.108281318292982,0.149209444276595,-5.47207074326939,4775,7.747,565.56763,"Unknown","[M+H]+",NA,0.036,TRUE,"null","null","null","null",999,FALSE,FALSE,FALSE,"null","null","null","null","null",92.69,60687,21.324199182705,24,"Exudate vs Leaf","Exudate","Not selected"
"F2268_mz239.1492_rt7.82",1.21828142281803,15.3810489538851,1.951149864268,0.109133296044237,0.150212949430503,-5.48014338068927,2268,7.82,239.1492,"Unknown","[M+H]+",NA,0.071,FALSE,"null","null","null","null",999,FALSE,FALSE,FALSE,"null","null","null","null","null",11.87,17956.3333333333,6.99496955746956,24,"Exudate vs Leaf","Exudate","Not selected"
"F2084_mz224.1284_rt1.6",6.07984015701071,9.98759567720225,1.93752865986325,0.111044278224296,0.152670162813472,-5.49800327499228,2084,1.602,224.12839,"Unknown","[M+H]+","ion correlated with 2020",0.071,FALSE,"null","null","null","null",999,FALSE,FALSE,FALSE,"null","null","null","null","null",24.33,2370.66666666667,66.9921293042867,22,"Exudate vs Leaf","Exudate","Not selected"
"F532_mz117.07_rt2.08",-7.40758101688796,12.2045253959729,-1.93440980619595,0.111486709019053,0.152936164813338,-5.50209043552682,532,2.079,117.07005,"Unknown","[M+H]+","ion correlated with 2502; ion correlated with 395; ion correlated with 378; ion correlated with 957; ion correlated with 1497; ion correlated with 1629; ion correlated with 1658; ion correlated with 2022; ion correlated with 1838; ion correlated with 2911; ion correlated with 1351; ion correlated with 1570; ion correlated with 1694; ion correlated with 1719; ion correlated with 1894; ion correlated with 2137; ion correlated with 4946; ion correlated with 596; ion correlated with 1191; ion correlated with 2158; ion correlated with 4919; ion correlated with 2500; ion correlated with 3522; ion correlated with 3926; ion correlated with 4888; ion correlated with 2562; ion correlated with 56; ion correlated with 1140; ion correlated with 1167; ion correlated with 1258; ion correlated with 1468; ion correlated with 2582; ion correlated with 5039; ion correlated with 3509; ion correlated with 2347; ion correlated with 3777; ion correlated with 5027; ion correlated with 4470; ion correlated with 3472; ion correlated with 3586; found in higher mz's MsMs_3323; found in higher mz's MsMs_1751; found in higher mz's MsMs_3520; found in higher mz's MsMs_3703; found in higher mz's MsMs_2674; found in higher mz's MsMs_3079; found in higher mz's MsMs_5004; found in higher mz's MsMs_2381; found in higher mz's MsMs_2950; found in higher mz's MsMs_3851",0.071,FALSE,"null","null","null","null",999,FALSE,FALSE,FALSE,"null","null","null","null","null",13.2,1382.33333333333,114.388192771084,18,"Exudate vs Leaf","Leaf","Not selected"
"F1834_mz207.1019_rt1.22",1.30550169891848,14.5315880667462,1.9343887071709,0.111489708286494,0.152936164813338,-5.50211808224288,1834,1.222,207.1019,"Unknown","[M+H]+",NA,0.036,FALSE,"null","null","null","null",999,FALSE,FALSE,FALSE,"null","null","null","null","null",44.21,7686.66666666667,22.6551185882149,23,"Exudate vs Leaf","Exudate","Not selected"
"F2289_mz241.1549_rt0.77",-8.02731480194484,13.2714680417899,-1.92117772786807,0.113384215176863,0.155359409960172,-5.51942100929698,2289,0.772,241.15492,"Unknown","[M+H]+",NA,0.321,FALSE,"null","null","null","null",999,FALSE,FALSE,FALSE,"null","null","null","null","null",85.92,2287.66666666667,325.111564229537,23,"Exudate vs Leaf","Leaf","Not selected"
"F2613_mz267.0136_rt0.39",0.609603770708343,17.920462393495,1.91116231903174,0.11484268959495,0.157180411689143,-5.53252779478579,2613,0.392,267.01364,"Unknown","[M+H]+",NA,0.321,FALSE,"null","null","null","null",999,FALSE,FALSE,FALSE,"null","null","null","null","null",101.38,0,572703,24,"Exudate vs Leaf","Exudate","Not selected"
"F2413_mz250.1806_rt0.94",-0.968205039857798,16.2534103726478,-1.90968559242161,0.115059373145198,0.157299638511565,-5.5344595167237,2413,0.943,250.18059,"Unknown","[M+H]+","ion correlated with 1686; ion correlated with 3389; ion correlated with 3170; ion correlated with 1429; ion correlated with 2553; ion correlated with 3955; ion correlated with 4029",0.107,FALSE,"null","null","null","null",999,FALSE,FALSE,FALSE,"null","null","null","null","null",22.58,11798.6666666667,35.6347354445041,12,"Exudate vs Leaf","Leaf","Not selected"
"F1609_mz192.1023_rt1.21",0.622772642481173,13.6184742142464,1.90702974037925,0.115450138173053,0.157510249926852,-5.53793312843904,1609,1.213,192.10234,"Unknown","[M+H]+","ion correlated with 1387; ion correlated with 1430",0.071,FALSE,"null","null","null","null",999,FALSE,FALSE,FALSE,"null","null","null","null","null",55.11,1198.66666666667,241.48041122534,24,"Exudate vs Leaf","Exudate","Not selected"
"F363_mz104.0708_rt0.66",0.961331141393506,17.3285098600981,1.90687520346686,0.115472917985913,0.157510249926852,-5.53813522722664,363,0.659,104.07083,"Unknown","[M+H]+",NA,0.036,FALSE,"null","null","null","null",999,FALSE,FALSE,FALSE,"null","null","null","null","null",12.03,51840.6666666667,8.87490757113004,23,"Exudate vs Leaf","Exudate","Not selected"
"F1785_mz203.1394_rt0.91",-0.748148486281628,15.2468477609535,-1.90589270340233,0.115617854140202,0.157530948289792,-5.53942005640382,1785,0.906,203.13937,"Unknown","[M+H]+","ion correlated with 2559; ion correlated with 1569; ion correlated with 737; ion correlated with 2359; ion correlated with 2018",0.393,TRUE,"null","null","null","null",999,FALSE,FALSE,FALSE,"null","null","null","null","null",773.64,2040,2821.37187653111,24,"Exudate vs Leaf","Leaf","Not selected"
"F3661_mz349.0082_rt0.44",-7.59830154490803,12.5810534570006,-1.90384156630342,0.115921040151379,0.157633937735032,-5.5421020482285,3661,0.435,349.00824,"Unknown","[M+H]+","ion correlated with 4589; ion correlated with 4630; ion correlated with 4891; ion correlated with 4424; ion correlated with 4701; ion correlated with 4731; ion correlated with 4260; ion correlated with 4493; ion correlated with 4249; ion correlated with 4623; ion correlated with 4824; ion correlated with 3531; ion correlated with 3069; ion correlated with 3273; ion correlated with 4528; ion correlated with 714; ion correlated with 998; ion correlated with 1872; ion correlated with 4124; ion correlated with 4451; ion correlated with 4646; ion correlated with 2129; ion correlated with 977; ion correlated with 3086",0.071,FALSE,"null","null","null","null",999,FALSE,FALSE,FALSE,"null","null","null","null","null",3535.95,0,186733,11,"Exudate vs Leaf","Leaf","Not selected"
"F2624_mz267.1748_rt1.23",-7.6690931589389,12.7525892320191,-1.90304746504424,0.116038639884145,0.157633937735032,-5.54314027317864,2624,1.232,267.1748,"Unknown","[M+H]+","ion correlated with 3957; ion correlated with 3752; ion correlated with 3910; ion correlated with 4041; ion correlated with 4762; ion correlated with 3224; ion correlated with 4726; ion correlated with 1381; ion correlated with 1635; ion correlated with 3105; ion correlated with 3258; ion correlated with 3816; ion correlated with 4516; ion correlated with 3600; ion correlated with 4688; ion correlated with 2872; ion correlated with 3642; ion correlated with 4381; ion correlated with 1402; ion correlated with 4942; ion correlated with 4954; ion correlated with 3886; ion correlated with 3934; ion correlated with 3495; ion correlated with 4068; ion correlated with 3513; ion correlated with 3321; ion correlated with 4511",0.036,FALSE,"null","null","null","null",999,FALSE,FALSE,FALSE,"null","null","null","null","null",35.75,3160,95.5941157861436,21,"Exudate vs Leaf","Leaf","Not selected"
"F2560_mz261.145_rt1",-0.827052552070424,14.2501650521891,-1.90263416748669,0.116099894604219,0.157633937735032,-5.54368060221151,2560,1.004,261.14502,"Unknown","[M+2H]2+","ion correlated with 520; ion correlated with 2975; similar chromatogram in higher mz_3243; similar chromatogram in higher mz_3007",0.429,TRUE,"null","null","null","null",999,FALSE,FALSE,FALSE,"null","null","null","null","null",637.21,0,3391935,24,"Exudate vs Leaf","Leaf","Not selected"
"F929_mz144.1021_rt0.75",7.59385486272132,12.6647090018348,1.9018727686846,0.116212828890324,0.157633937735032,-5.54467598020378,929,0.75,144.10208,"Unknown","[M+2H]2+","similar chromatogram in higher mz_2929; similar chromatogram in higher mz_3448",0.393,TRUE,"null","null","null","null",999,FALSE,FALSE,FALSE,"null","null","null","null","null",354.97,31839.6666666667,108.643108393878,20,"Exudate vs Leaf","Exudate","Not selected"
"F1583_mz190.1077_rt0.92",-0.913581674594191,15.0903220442958,-1.89067130429294,0.11788747094902,0.159726997468873,-5.55931282510502,1583,0.918,190.10768,"Unknown","[M+H]+","ion correlated with 1911; ion correlated with 1287; ion correlated with 1043",0.429,TRUE,"null","null","null","null",999,FALSE,FALSE,FALSE,"null","null","null","null","null",534.85,12889.3333333333,210.142277158594,21,"Exudate vs Leaf","Leaf","Not selected"
"F1140_mz159.117_rt2.08",-7.88347723657369,13.2186760201311,-1.88842695831321,0.118225992603796,0.160007084750288,-5.5622439187297,1140,2.08,159.11703,"Unknown","[M+H]+","ion correlated with 378; ion correlated with 742; ion correlated with 957; ion correlated with 1018; ion correlated with 1629; ion correlated with 1658; ion correlated with 2022; ion correlated with 797; ion correlated with 2911; ion correlated with 420; ion correlated with 628; ion correlated with 995; ion correlated with 1351; ion correlated with 1570; ion correlated with 1694; ion correlated with 1719; ion correlated with 1894; ion correlated with 2137; ion correlated with 2318; ion correlated with 2447; ion correlated with 4946; ion correlated with 596; ion correlated with 1191; ion correlated with 2158; ion correlated with 2500; ion correlated with 2394; ion correlated with 56; ion correlated with 1167; ion correlated with 1258; ion correlated with 1468; ion correlated with 2582; ion correlated with 3907; ion correlated with 3941; ion correlated with 5039; ion correlated with 2347; ion correlated with 4118; ion correlated with 3777; ion correlated with 3979; ion correlated with 3997; found in higher mz's MsMs_3323; found in higher mz's MsMs_1751; found in higher mz's MsMs_3520; found in higher mz's MsMs_3703; found in higher mz's MsMs_2674; found in higher mz's MsMs_5004; found in higher mz's MsMs_2381; found in higher mz's MsMs_2950; found in higher mz's MsMs_3851",0.107,FALSE,"null","null","null","null",999,FALSE,FALSE,FALSE,"null","null","null","null","null",36.08,1910.66666666667,177.708805579773,19,"Exudate vs Leaf","Leaf","Not selected"
"F235_mz93.037_rt0.81",-0.667960926747261,16.6386394943814,-1.88732819616039,0.118392088109895,0.160053446509369,-5.56367869629175,235,0.809,93.03696,"Unknown","[M+H]+","similar chromatogram in higher mz_2182; similar chromatogram in higher mz_4920; similar chromatogram in higher mz_2586; similar chromatogram in higher mz_2464; similar chromatogram in higher mz_3700; similar chromatogram in higher mz_1450",0.643,FALSE,"null","null","null","null",999,FALSE,FALSE,FALSE,"null","null","null","null","null",126.46,4645.33333333333,87.2440634191836,24,"Exudate vs Leaf","Leaf","Not selected"
"F2269_mz239.1503_rt0.76",7.84499245478723,13.163555462333,1.88259784301617,0.119109911880003,0.160844753083787,-5.56985417295935,2269,0.763,239.1503,"Unknown","[M+H]+","ion correlated with 2399; ion correlated with 2115",0.071,FALSE,"null","null","null","null",999,FALSE,FALSE,FALSE,"null","null","null","null","null",25.57,23268.6666666667,9.1425460900457,21,"Exudate vs Leaf","Exudate","Not selected"
"F3142_mz303.111_rt0.46",-8.14811447140933,13.7009852516744,-1.880740647368,0.11939296473288,0.161047843539685,-5.57227807966869,3142,0.461,303.11102,"Unknown","[M+2H]2+","ion correlated with 4259; ion correlated with 4582; ion correlated with 3927; ion correlated with 4463; ion correlated with 4725; ion correlated with 4731; ion correlated with 4249; ion correlated with 3230; ion correlated with 2200; ion correlated with 998; ion correlated with 1822; ion correlated with 1872; ion correlated with 2220; ion correlated with 3708; ion correlated with 4171; ion correlated with 3533; ion correlated with 2575; ion correlated with 2417; ion correlated with 4513",0.107,FALSE,"null","null","null","null",999,FALSE,FALSE,FALSE,"null","null","null","null","null",70.16,0,546914,8,"Exudate vs Leaf","Leaf","Not selected"
"F1881_mz210.1128_rt1.57",6.14825946229873,10.2730609406911,1.87557336174982,0.120184160023101,0.161935150131015,-5.57902013374897,1881,1.573,210.11278,"Unknown","[M+H]+",NA,0.143,FALSE,"null","null","null","null",999,FALSE,FALSE,FALSE,"null","null","null","null","null",20.72,2534.33333333333,74.1456744675256,22,"Exudate vs Leaf","Exudate","Not selected"
"F2010_mz219.098_rt0.66",-7.83486895380881,13.2450481878356,-1.86675888574507,0.121546292749087,0.163588912857418,-5.59051397801323,2010,0.658,219.09801,"Unknown","[M+H]+",NA,0.036,FALSE,"null","null","null","null",999,FALSE,FALSE,FALSE,"null","null","null","null","null",88.52,888.333333333333,546.066341829085,17,"Exudate vs Leaf","Leaf","Not selected"
"F1779_mz203.053_rt0.57",-7.48825116337653,12.6247467034289,-1.86214446775038,0.122265705021475,0.164374934547144,-5.5965275034628,1779,0.569,203.05296,"Unknown","[M+H]+",NA,0.036,FALSE,"null","null","null","null",999,FALSE,FALSE,FALSE,"null","null","null","null","null",63.9,13410.6666666667,246.537069715422,22,"Exudate vs Leaf","Leaf","Not selected"
"F887_mz141.055_rt0.72",7.74166935369973,13.2053255881731,1.84066918576716,0.125671866366254,0.168633600119946,-5.62448065238704,887,0.719,141.05502,"Unknown","[M+H]+",NA,0.107,FALSE,"null","null","null","null",999,FALSE,FALSE,FALSE,"null","null","null","null","null",38.19,49629.3333333333,8.21245743530502,23,"Exudate vs Leaf","Exudate","Not selected"
"F3224_mz310.1424_rt1.19",-7.31993874292365,12.4841523133075,-1.84042464192049,0.125711209315116,0.168633600119946,-5.62479863349779,3224,1.192,310.1424,"Unknown","[M+H]+","ion correlated with 5140; ion correlated with 4677; ion correlated with 3739; ion correlated with 4333; ion correlated with 3654; ion correlated with 4110; ion correlated with 4353; ion correlated with 4341; ion correlated with 4388; ion correlated with 2740; ion correlated with 4166; ion correlated with 4206; ion correlated with 4952; ion correlated with 3957; ion correlated with 3752; ion correlated with 4960; ion correlated with 4041; ion correlated with 3635; ion correlated with 4789; ion correlated with 4803; ion correlated with 4937; ion correlated with 4448; ion correlated with 1381; ion correlated with 1635; ion correlated with 4062; ion correlated with 3600; ion correlated with 4688; ion correlated with 4825; ion correlated with 4381; ion correlated with 1402; ion correlated with 3563; ion correlated with 2624; ion correlated with 3886; ion correlated with 3934; ion correlated with 3051",0.071,FALSE,"null","null","null","null",999,FALSE,FALSE,FALSE,"null","null","null","null","null",12.37,655.333333333333,286.272219400711,18,"Exudate vs Leaf","Leaf","Not selected"
"F1872_mz209.1652_rt0.46",-7.85225174748963,13.4176461265609,-1.83828837115637,0.126055436754639,0.16890871988977,-5.62757611043439,1872,0.457,209.16515,"Unknown","[M+H]+","ion correlated with 3696; ion correlated with 2628; ion correlated with 4169; ion correlated with 4259; ion correlated with 4589; ion correlated with 3927; ion correlated with 4413; ion correlated with 4463; ion correlated with 4725; ion correlated with 4731; ion correlated with 3508; ion correlated with 4249; ion correlated with 3661; ion correlated with 3069; ion correlated with 3230; ion correlated with 3273; ion correlated with 998; ion correlated with 1091; ion correlated with 4124; ion correlated with 3142; ion correlated with 2129; ion correlated with 4171; ion correlated with 3533; ion correlated with 2556",0.107,FALSE,"null","null","null","null",999,FALSE,FALSE,FALSE,"null","null","null","null","null",32.42,2616.33333333333,133.412124299542,5,"Exudate vs Leaf","Leaf","Not selected"
"F137_mz81.0171_rt0.54",-2.6847614759043,23.5946117778634,-1.83704584941875,0.1262560947278,0.168991068356725,-5.62919131041846,137,0.544,81.0171,"Unknown","[M+H]+","ion correlated with 135; found in higher mz's MsMs_3781; found in higher mz's MsMs_2721",0.286,TRUE,"null","null","null","null",999,FALSE,FALSE,FALSE,"null","null","null","null","null",2532.71,1396171,59.4158434634128,24,"Exudate vs Leaf","Leaf","Not selected"
"F3262_mz313.2381_rt1.45",5.69656590771893,9.70044029692743,1.8323092865497,0.127024022919121,0.169831678220058,-5.63534672415202,3262,1.447,313.23813,"Unknown","[M+H]+","ion correlated with 2784; ion correlated with 3809; ion correlated with 3877",0.036,FALSE,"null","null","null","null",999,FALSE,FALSE,FALSE,"null","null","null","null","null",39.81,1044.33333333333,101.993303571429,19,"Exudate vs Leaf","Exudate","Not selected"
"F3551_mz338.1714_rt0.98",6.85009967264977,11.7308232732913,1.82517179115642,0.128190260344761,0.171202393903785,-5.64461675036387,3551,0.975,338.17142,"Unknown","[M+H]+",NA,0.036,FALSE,"null","null","null","null",999,FALSE,FALSE,FALSE,"null","null","null","null","null",64.84,6429.33333333333,28.3103519776061,21,"Exudate vs Leaf","Exudate","Not selected"
"F1594_mz191.1069_rt1.42",-7.46189621485399,12.355235392184,-1.82099896815402,0.128877155674317,0.171930623064418,-5.65003319076954,1594,1.421,191.1069,"Unknown","[M+H]+","ion correlated with 954",0.071,TRUE,"null","null","null","null",999,FALSE,FALSE,FALSE,"null","null","null","null","null",20.4,2673.66666666667,245.611166500499,16,"Exudate vs Leaf","Leaf","Not selected"
"F2178_mz231.0771_rt0.97",7.64478961348209,13.1600455731544,1.81966625847322,0.129097327938714,0.172035297604389,-5.65176259118398,2178,0.968,231.07715,"Unknown","[M+H]+",NA,0.25,FALSE,"null","null","null","null",999,FALSE,FALSE,FALSE,"null","null","null","null","null",93.76,13065,34.734654829328,23,"Exudate vs Leaf","Exudate","Not selected"
"F1977_mz217.0686_rt0.48",-9.54077296916407,16.1469251671604,-1.80702397589194,0.131205141920407,0.174652458652822,-5.66815581263735,1977,0.48,217.0686,"Unknown","[M+H]+","ion correlated with 1657; ion correlated with 1901",0.536,TRUE,"null","null","null","null",999,FALSE,FALSE,FALSE,"null","null","null","null","null",129.63,3379.66666666667,1254.25527509367,21,"Exudate vs Leaf","Leaf","Not selected"
"F1543_mz187.1331_rt1.1",0.5776888039204,16.1563944305888,1.80363249046183,0.131776554237674,0.175220960399274,-5.67254974149148,1543,1.1,187.13312,"Unknown","[M+H]+",NA,0.071,FALSE,"null","null","null","null",999,FALSE,FALSE,FALSE,"null","null","null","null","null",22.64,17847.6666666667,13.3209950323087,23,"Exudate vs Leaf","Exudate","Not selected"
"F4440_mz454.2934_rt3.86",-0.726456661068601,15.7193376286363,-1.80226322677871,0.132007973096921,0.175336629474466,-5.67432326295243,4440,3.862,454.2934,"Unknown","[M+H]+",NA,0.107,TRUE,"null","null","null","null",999,FALSE,FALSE,FALSE,"null","null","null","null","null",31.63,7412.33333333333,30.6561151079137,24,"Exudate vs Leaf","Leaf","Not selected"
"F2758_mz275.9881_rt0.41",7.7797144224631,13.4586902595111,1.79451904525367,0.133324641635263,0.176891928901868,-5.68434872173015,2758,0.408,275.98807,"Unknown","[M+H]+",NA,0.036,FALSE,"null","null","null","null",999,FALSE,FALSE,FALSE,"null","null","null","null","null",125.69,0,215304,22,"Exudate vs Leaf","Exudate","Not selected"
"F1163_mz161.0925_rt1",1.96437752256367,12.1338982319093,1.79286024721488,0.133608408214429,0.177074899096416,-5.68649502912359,1163,1.003,161.0925,"Unknown","[M+H]+","ion correlated with 3362",0.071,FALSE,"null","null","null","null",999,FALSE,FALSE,FALSE,"null","null","null","null","null",93.28,2073.33333333333,127.896030853286,20,"Exudate vs Leaf","Exudate","Not selected"
"F1871_mz209.1649_rt0.55",-7.30764475558222,12.7067159744507,-1.79015165510286,0.134073084340412,0.177496973161679,-5.68999878348864,1871,0.554,209.1649,"Unknown","[M+H]+","ion correlated with 450; ion correlated with 2575; ion correlated with 4768; ion correlated with 2199; ion correlated with 4513; ion correlated with 4571; ion correlated with 2337; ion correlated with 2301; ion correlated with 2355",0.071,FALSE,"null","null","null","null",999,FALSE,FALSE,FALSE,"null","null","null","null","null",20.55,7812.66666666667,30.7456166545796,7,"Exudate vs Leaf","Leaf","Not selected"
"F1743_mz201.0358_rt0.43",7.33943889822936,12.5213656160781,1.78711208263368,0.134596503225351,0.17783125594042,-5.69392938293283,1743,0.428,201.0358,"Unknown","[M+H]+",NA,0.036,FALSE,"null","null","null","null",999,FALSE,FALSE,FALSE,"null","null","null","null","null",10.82,0,168594,22,"Exudate vs Leaf","Exudate","Not selected"
"F2777_mz277.1287_rt1.19",0.271817029102685,19.67062385326,1.7869842965299,0.134618553714371,0.17783125594042,-5.69409459821057,2777,1.193,277.12866,"Unknown","[M+H]+","similar chromatogram in higher mz_3075; similar chromatogram in higher mz_4593; similar chromatogram in higher mz_3380; similar chromatogram in higher mz_4609",0.964,TRUE,"null","null","null","null",999,FALSE,FALSE,FALSE,"null","null","null","null","null",125.07,317584,5.44675598658627,24,"Exudate vs Leaf","Exudate","Not selected"
"F4878_mz610.6256_rt7.6",7.99910841051787,13.0384107588021,1.78105760695053,0.135645301487989,0.178992821746107,-5.70175453054332,4878,7.598,610.62555,"Unknown","[M+H]+",NA,0.036,TRUE,"null","null","null","null",999,FALSE,FALSE,FALSE,"null","null","null","null","null",18.26,20598.3333333333,15.8654649017768,22,"Exudate vs Leaf","Exudate","Not selected"
"F5143_mz782.5704_rt8.94",-1.85405113598249,17.4672463431445,-1.77512298928115,0.136681407825478,0.18016420097734,-5.70941932140382,5143,8.938,782.57037,"Unknown","[M+H]+",NA,0.107,TRUE,"null","null","null","null",999,FALSE,FALSE,FALSE,"null","null","null","null","null",190.08,33545,47.2011566207596,24,"Exudate vs Leaf","Leaf","Not selected"
"F3547_mz337.2354_rt2.38",5.99368770927879,10.4992590877807,1.77282705950804,0.137084402587471,0.180499419458991,-5.71238313744792,3547,2.381,337.23538,"Unknown","[M+H]+",NA,0.25,TRUE,"null","null","null","null",999,FALSE,FALSE,FALSE,"null","null","null","null","null",82.99,12442.3333333333,85.6903830699169,21,"Exudate vs Leaf","Exudate","Not selected"
"F5077_mz732.5629_rt9.27",-6.95366199925865,12.1983924468436,-1.76226072458773,0.138954684127243,0.182493602405099,-5.72601247100216,5077,9.268,732.56293,"Unknown","[M+H]+",NA,0.036,TRUE,"null","null","null","null",999,FALSE,FALSE,FALSE,"null","null","null","null","null",48.46,735,233.618206521739,17,"Exudate vs Leaf","Leaf","Not selected"
"F1259_mz167.1069_rt1.06",-0.453316698174328,17.9083954765251,-1.76211461718192,0.138980726475283,0.182493602405099,-5.72620080704473,1259,1.059,167.10687,"Unknown","[M+H]+","ion correlated with 3491",0.179,FALSE,"null","null","null","null",999,FALSE,FALSE,FALSE,"null","null","null","null","null",48.16,62457.3333333333,11.2143562374917,24,"Exudate vs Leaf","Leaf","Not selected"
"F1769_mz202.144_rt0.91",-7.44881545856476,13.050583305234,-1.76172664569414,0.139049902985764,0.182493602405099,-5.72670089506303,1769,0.909,202.14404,"Unknown","[M+H]+",NA,0.143,FALSE,"null","null","null","null",999,FALSE,FALSE,FALSE,"null","null","null","null","null",101.43,10331,51.1676345334882,15,"Exudate vs Leaf","Leaf","Not selected"
"F2057_mz222.9884_rt0.44",-8.51167370571728,14.9844550678434,-1.75831455959245,0.139659794885952,0.183096102582662,-5.73109795646158,2057,0.438,222.98842,"Unknown","[M+H]+","ion correlated with 2461",0.214,FALSE,"null","null","null","null",999,FALSE,FALSE,FALSE,"null","null","null","null","null",149.3,0,2264753,15,"Exudate vs Leaf","Leaf","Not selected"
"F1228_mz166.0534_rt0.46",-0.744533483860281,16.0049672759675,-1.75501388454905,0.140252354033732,0.183674603880206,-5.73534963201334,1228,0.461,166.05345,"Unknown","[M+H]+","ion correlated with 992; ion correlated with 582; ion correlated with 2511; ion correlated with 63; similar chromatogram in higher mz_1266; similar chromatogram in higher mz_1505; similar chromatogram in higher mz_2215; similar chromatogram in higher mz_2227; similar chromatogram in higher mz_2409; similar chromatogram in higher mz_3511; similar chromatogram in higher mz_4315; similar chromatogram in higher mz_4643; similar chromatogram in higher mz_4669; similar chromatogram in higher mz_4925; similar chromatogram in higher mz_5033",0.464,TRUE,"null","null","null","null",999,FALSE,FALSE,FALSE,"null","null","null","null","null",2691.75,10217.3333333333,3827.21327679008,23,"Exudate vs Leaf","Leaf","Not selected"
"F1794_mz204.0872_rt0.49",0.357683051050805,17.1141104213548,1.75330255090994,0.14056058661431,0.183879905333806,-5.73755333255963,1794,0.486,204.08719,"Unknown","[M+H]+",NA,0.143,FALSE,"null","null","null","null",999,FALSE,FALSE,FALSE,"null","null","null","null","null",101.33,21690.6666666667,28.6489742604687,24,"Exudate vs Leaf","Exudate","Not selected"
"F3164_mz304.3001_rt2.83",-0.362033146844496,16.4557161505381,-1.74644005419697,0.141803517369738,0.185306211073048,-5.74638532435696,3164,2.827,304.30014,"Unknown","[M+H]+",NA,0.321,FALSE,"null","null","null","null",999,FALSE,FALSE,FALSE,"null","null","null","null","null",35.59,21493.6666666667,10.1302803796291,24,"Exudate vs Leaf","Leaf","Not selected"
"F1585_mz190.1441_rt0.93",-7.25340209861043,12.9828123321533,-1.72056211993983,0.146591343169904,0.191098821280308,-5.77961702692936,1585,0.934,190.1441,"Unknown","[M+H]+","similar chromatogram in higher mz_3580; similar chromatogram in higher mz_3753",0.107,FALSE,"null","null","null","null",999,FALSE,FALSE,FALSE,"null","null","null","null","null",63.28,6064.33333333333,48.8110024181139,16,"Exudate vs Leaf","Leaf","Not selected"
"F2358_mz246.1341_rt1.21",6.14194744745056,10.9570224001213,1.72051834839829,0.146599578344182,0.191098821280308,-5.77967313626986,2358,1.209,246.13409,"Unknown","[M+H]+","ion correlated with 2707; ion correlated with 2946",0.107,TRUE,"null","null","null","null",999,FALSE,FALSE,FALSE,"null","null","null","null","null",1111.5,2297,2820.44255874674,22,"Exudate vs Leaf","Exudate","Not selected"
"F1095_mz156.0658_rt0.92",6.97219108895385,12.490950448,1.71962515314979,0.146767725931712,0.191098821280308,-5.78081801852775,1095,0.923,156.06584,"Unknown","[M+H]+","ion correlated with 3332; ion correlated with 4305; ion correlated with 1358; ion correlated with 638; ion correlated with 1726; ion correlated with 1111; ion correlated with 2325; ion correlated with 1552; ion correlated with 4067",0.071,FALSE,"null","null","null","null",999,FALSE,FALSE,FALSE,"null","null","null","null","null",141.33,20668.6666666667,39.467012852973,20,"Exudate vs Leaf","Exudate","Not selected"
"F102_mz78.9515_rt0.57",1.01551953684203,15.6514039793412,1.71910414238186,0.14686589806798,0.191098821280308,-5.78148577397188,102,0.571,78.95152,"Unknown","[M+H]+",NA,0.036,FALSE,"null","null","null","null",999,FALSE,FALSE,FALSE,"null","null","null","null","null",153.1,764.666666666667,270.262516325642,21,"Exudate vs Leaf","Exudate","Not selected"
"F1593_mz191.1069_rt2.14",-7.37815499173677,12.2322136379279,-1.71604238120269,0.147444153193726,0.191645826528034,-5.78540888787991,1593,2.145,191.10687,"Unknown","[M+H]+","similar chromatogram in higher mz_3297",0.071,TRUE,"null","null","null","null",999,FALSE,FALSE,FALSE,"null","null","null","null","null",28.22,536,1431.947858473,10,"Exudate vs Leaf","Leaf","Not selected"
"F1627_mz193.1226_rt2.7",-6.66179080703005,11.9635049790015,-1.70787461748086,0.14899799033769,0.193458353229899,-5.79586597142107,1627,2.698,193.12262,"Unknown","[M+H]+","ion correlated with 2744; ion correlated with 2948; ion correlated with 2995; ion correlated with 3517; ion correlated with 2156",0.036,FALSE,"null","null","null","null",999,FALSE,FALSE,FALSE,"null","null","null","null","null",3.51,1143.33333333333,129.043693562482,22,"Exudate vs Leaf","Leaf","Not selected"
"F1053_mz152.1072_rt0.9",-0.452300180773081,16.4656244574121,-1.70404817851073,0.149731591667907,0.194203154150469,-5.80076061013658,1053,0.899,152.10725,"Unknown","[M+H]+","ion correlated with 1377; ion correlated with 2835; ion correlated with 391",0.5,FALSE,"null","null","null","null",999,FALSE,FALSE,FALSE,"null","null","null","null","null",356.76,12159.6666666667,179.232690093745,23,"Exudate vs Leaf","Leaf","Not selected"
"F4655_mz512.8859_rt0.39",-0.387905675452062,15.354840888513,-1.69959037336672,0.150590819797098,0.195109130452163,-5.80645935677141,4655,0.387,512.88586,"Unknown","[M+H]+",NA,0.036,FALSE,"null","null","null","null",999,FALSE,FALSE,FALSE,"null","null","null","null","null",2527.41,0,126372,23,"Exudate vs Leaf","Leaf","Not selected"
"F741_mz131.0856_rt3.54",-6.63321892815566,11.9830669815518,-1.69304942584852,0.151860543342619,0.196544455882664,-5.81481420919723,741,3.544,131.08559,"Unknown","[M+H]+","ion correlated with 1041; ion correlated with 779; ion correlated with 2014; ion correlated with 2157; ion correlated with 3115; ion correlated with 3702; ion correlated with 376; ion correlated with 1141; ion correlated with 1166; ion correlated with 1379; ion correlated with 1521; ion correlated with 1546; ion correlated with 1693; ion correlated with 1893; ion correlated with 1991; ion correlated with 2138; ion correlated with 2293; ion correlated with 2563; ion correlated with 3959; ion correlated with 3318; ion correlated with 3338; ion correlated with 956; ion correlated with 397; ion correlated with 597; ion correlated with 1019; ion correlated with 1190; ion correlated with 1257; ion correlated with 1349; ion correlated with 1630; ion correlated with 1752; ion correlated with 2317; ion correlated with 2448; ion correlated with 2474; ion correlated with 2676; ion correlated with 2746; ion correlated with 2954; ion correlated with 3083; ion correlated with 3098; ion correlated with 3118; ion correlated with 3504; ion correlated with 3745; ion correlated with 5013; ion correlated with 5038; ion correlated with 5047; ion correlated with 4092; ion correlated with 3515; ion correlated with 4188; ion correlated with 3942; ion correlated with 4987; found in higher mz's MsMs_3115; found in higher mz's MsMs_3702; found in higher mz's MsMs_3318; found in higher mz's MsMs_2676; found in higher mz's MsMs_5005; found in higher mz's MsMs_3847; found in higher mz's MsMs_3976; found in higher mz's MsMs_2474; found in higher mz's MsMs_2746; found in higher mz's MsMs_2954; found in higher mz's MsMs_3083; found in higher mz's MsMs_3504",0.036,FALSE,"null","null","null","null",999,FALSE,FALSE,FALSE,"null","null","null","null","null",20.63,989.666666666667,141.689434724092,19,"Exudate vs Leaf","Leaf","Not selected"
"F2994_mz293.1614_rt0.98",6.67704899496817,12.0670312597202,1.69051709848946,0.152354998174366,0.196665292328413,-5.81804654992953,2994,0.975,293.16138,"Unknown","[M+H]+","ion correlated with 1273; ion correlated with 2802; ion correlated with 2829; ion correlated with 3902; ion correlated with 3743; ion correlated with 2444; ion correlated with 2926; ion correlated with 2620; ion correlated with 1374",0.357,TRUE,"null","null","null","null",999,FALSE,FALSE,FALSE,"null","null","null","null","null",126.88,6375.66666666667,237.966806063774,21,"Exudate vs Leaf","Exudate","Not selected"
"F2802_mz279.1346_rt0.94",-0.658348529163063,14.2884831062473,-1.6900385605671,0.152448617431356,0.196665292328413,-5.8186572288792,2802,0.935,279.13464,"Unknown","[M+H]+","ion correlated with 47; ion correlated with 2643; ion correlated with 818; ion correlated with 4011; ion correlated with 2204; ion correlated with 2835; ion correlated with 2264; ion correlated with 2963; ion correlated with 3334; ion correlated with 3381; ion correlated with 1273; ion correlated with 2829; ion correlated with 3902; ion correlated with 3778; ion correlated with 3743; ion correlated with 1446; ion correlated with 2994; ion correlated with 3132; ion correlated with 2444; ion correlated with 3393; ion correlated with 2891; similar chromatogram in higher mz_2880",0.357,FALSE,"null","null","null","null",999,FALSE,FALSE,FALSE,"null","null","null","null","null",78.96,0,1442850,20,"Exudate vs Leaf","Leaf","Not selected"
"F3993_mz382.2354_rt2.83",0.251247333031802,16.0990007477936,1.68935145746303,0.152583140496008,0.196665292328413,-5.81953398617011,3993,2.827,382.23544,"Unknown","[M+H]+","ion correlated with 2673; ion correlated with 3076; ion correlated with 2709; ion correlated with 3525; ion correlated with 3576; ion correlated with 3681; ion correlated with 3826; ion correlated with 3792",0.071,FALSE,"null","null","null","null",999,FALSE,FALSE,FALSE,"null","null","null","null","null",7.71,16992,8.390572588713,24,"Exudate vs Leaf","Exudate","Not selected"
"F3845_mz366.2126_rt1.09",-7.40124057017325,13.4136067191898,-1.68925569304046,0.152601898989593,0.196665292328413,-5.81965617608697,3845,1.088,366.21255,"Unknown","[M+H]+",NA,0.143,FALSE,"null","null","null","null",999,FALSE,FALSE,FALSE,"null","null","null","null","null",63.35,3357.33333333333,109.571612903226,23,"Exudate vs Leaf","Leaf","Not selected"
"F1304_mz171.0168_rt0.44",-7.44735218495449,13.4621170656883,-1.68813405614781,0.152821779386146,0.196739809305176,-5.82108718550413,1304,0.44,171.01677,"Unknown","[M+H]+","ion correlated with 1285; ion correlated with 1831; ion correlated with 4460; ion correlated with 4903",0.357,FALSE,"null","null","null","null",999,FALSE,FALSE,FALSE,"null","null","null","null","null",107.39,0,2595263,21,"Exudate vs Leaf","Leaf","Not selected"
"F1628_mz193.1226_rt1.07",-1.40120302387635,15.9027161806977,-1.6860143589507,0.153238182882083,0.197066900443696,-5.82379086135361,1628,1.073,193.12263,"Unknown","[M+H]+","ion correlated with 3311; ion correlated with 1088; ion correlated with 4912; ion correlated with 4881; ion correlated with 4938; ion correlated with 4215; ion correlated with 4844; ion correlated with 4348; found in higher mz's MsMs_4722",0.036,FALSE,"null","null","null","null",999,FALSE,FALSE,FALSE,"null","null","null","null","null",20.35,8095.66666666667,83.0754219843557,22,"Exudate vs Leaf","Leaf","Not selected"
"F2243_mz237.0874_rt0.91",-6.90841703924646,12.5611668838256,-1.68187549520341,0.154054523002653,0.197759828089097,-5.82906740163655,2243,0.91,237.08736,"Unknown","[M+H]+","ion correlated with 824; ion correlated with 1911; ion correlated with 1867",0.321,FALSE,"null","null","null","null",999,FALSE,FALSE,FALSE,"null","null","null","null","null",138.51,0,1333731,21,"Exudate vs Leaf","Leaf","Not selected"
"F1886_mz210.1493_rt0.94",-6.78003238858936,12.3411375115731,-1.68163142614413,0.15410279849447,0.197759828089097,-5.82937845223074,1886,0.936,210.14928,"Unknown","[M+H]+","ion correlated with 375; ion correlated with 2695; ion correlated with 3860; ion correlated with 5102; ion correlated with 4634; ion correlated with 4073",0.071,FALSE,"null","null","null","null",999,FALSE,FALSE,FALSE,"null","null","null","null","null",12.61,0,122429,8,"Exudate vs Leaf","Leaf","Not selected"
"F592_mz121.0497_rt0.73",7.32078774571987,13.1964799440245,1.66675560395056,0.157073925767135,0.201152106984416,-5.84831381221079,592,0.726,121.04969,"Unknown","[M+H]+","ion correlated with 348; ion correlated with 905; ion correlated with 839; similar chromatogram in higher mz_839; similar chromatogram in higher mz_1537",0.143,TRUE,"null","null","null","null",999,FALSE,FALSE,FALSE,"null","null","null","null","null",374.75,10630.6666666667,334.040100329205,14,"Exudate vs Leaf","Exudate","Not selected"
"F2130_mz227.1757_rt1.28",5.71871203595103,10.46740658026,1.66673741930959,0.157077592603976,0.201152106984416,-5.84833693137977,2130,1.279,227.17575,"Unknown","[M+H]+",NA,0.036,TRUE,"null","null","null","null",999,FALSE,FALSE,FALSE,"null","null","null","null","null",43.59,588,453.174872665535,21,"Exudate vs Leaf","Exudate","Not selected"
"F1700_mz198.0976_rt0.69",-0.924161727516465,16.271233217812,-1.66383420430389,0.157664108962386,0.201690440759047,-5.85202706495093,1700,0.693,198.09758,"Unknown","[M+H]+","ion correlated with 4471; ion correlated with 1187; ion correlated with 1441; ion correlated with 361",0.357,FALSE,"null","null","null","null",999,FALSE,FALSE,FALSE,"null","null","null","null","null",191.32,20539.3333333333,86.9845669495789,22,"Exudate vs Leaf","Leaf","Not selected"
"F518_mz116.0708_rt0.73",-0.265239355511333,18.818798858225,-1.65761520170196,0.158927862714683,0.203093079300658,-5.85992574217649,518,0.733,116.07078,"Unknown","[M+H]+","ion correlated with 2363; ion correlated with 817; ion correlated with 2371; ion correlated with 2730",0.036,TRUE,"null","null","null","null",999,FALSE,FALSE,FALSE,"null","null","null","null","null",96.91,136756.333333333,38.164234946572,24,"Exudate vs Leaf","Leaf","Not selected"
"F2866_mz285.1202_rt0.46",6.45677986713978,11.947388376576,1.64400577451439,0.161728775062985,0.206455029365367,-5.87718187464555,2866,0.455,285.12024,"Unknown","[M+H]+",NA,0.036,FALSE,"null","null","null","null",999,FALSE,FALSE,FALSE,"null","null","null","null","null",16.73,734.666666666667,236.898051653829,19,"Exudate vs Leaf","Exudate","Not selected"
"F1230_mz166.0699_rt0.42",-7.1986920658536,13.3425554478039,-1.6366305312545,0.163267135084872,0.20800112515646,-5.88651632721969,1230,0.425,166.06993,"Unknown","[M+H]+","ion correlated with 1759; ion correlated with 4169; ion correlated with 4259; ion correlated with 3095; ion correlated with 998; ion correlated with 1091; ion correlated with 4124; ion correlated with 2641; ion correlated with 3422",0.036,FALSE,"null","null","null","null",999,FALSE,FALSE,FALSE,"null","null","null","null","null",35,1762.33333333333,202.010018903592,15,"Exudate vs Leaf","Leaf","Not selected"
"F1679_mz196.1004_rt0.66",-0.583350085972081,14.0464519642746,-1.63655675669511,0.163282596601405,0.20800112515646,-5.88660963829533,1679,0.657,196.10037,"Unknown","[M+H]+","ion correlated with 1050; ion correlated with 2321; ion correlated with 458; ion correlated with 2363; ion correlated with 817; ion correlated with 2371",0.357,TRUE,"null","null","null","null",999,FALSE,FALSE,FALSE,"null","null","null","null","null",556.45,2789.66666666667,1884.7836837076,19,"Exudate vs Leaf","Leaf","Not selected"
"F2435_mz252.1081_rt0.46",6.56768779425928,12.2226126285267,1.63295499241722,0.164039219693412,0.208745925270233,-5.891163705776,2435,0.458,252.10809,"Unknown","[M+H]+","ion correlated with 2215; ion correlated with 2814",0.429,TRUE,"null","null","null","null",999,FALSE,FALSE,FALSE,"null","null","null","null","null",634.51,72008,227.451693538308,23,"Exudate vs Leaf","Exudate","Not selected"
"F3699_mz352.1971_rt1.08",-0.269540592225309,16.4013235080362,-1.62792091152489,0.165102570343669,0.209879078949963,-5.89752385503197,3699,1.081,352.19708,"Unknown","[M+H]+",NA,0.107,FALSE,"null","null","null","null",999,FALSE,FALSE,FALSE,"null","null","null","null","null",24.92,17102.3333333333,12.6930812707075,24,"Exudate vs Leaf","Leaf","Not selected"
"F1392_mz176.1284_rt1.03",-6.08088131482289,11.1079165654648,-1.6269664852864,0.165304944692903,0.209916530185339,-5.89872904035933,1392,1.026,176.12843,"Unknown","[M+H]+","ion correlated with 916; ion correlated with 3477; ion correlated with 3132; ion correlated with 2444; ion correlated with 3393; ion correlated with 2891; ion correlated with 2926; ion correlated with 1544; ion correlated with 2620; ion correlated with 3091; ion correlated with 3432; ion correlated with 1374; ion correlated with 3627; ion correlated with 2672; ion correlated with 3786; ion correlated with 3129; ion correlated with 2908; similar chromatogram in higher mz_2339",0.357,TRUE,"null","null","null","null",999,FALSE,FALSE,FALSE,"null","null","null","null","null",253.45,0,1270965,18,"Exudate vs Leaf","Leaf","Not selected"
"F965_mz146.0602_rt1.26",6.14763192041747,11.474876388982,1.62153081278099,0.166462214497457,0.211165233437735,-5.90558883157128,965,1.264,146.06017,"Unknown","[M+H]+","ion correlated with 1767; similar chromatogram in higher mz_1194",0.321,TRUE,"null","null","null","null",999,FALSE,FALSE,FALSE,"null","null","null","null","null",78.56,5045,238.828180737218,23,"Exudate vs Leaf","Exudate","Not selected"
"F3086_mz300.087_rt0.47",-6.96877496744959,13.0744266341539,-1.6125945903495,0.168382244448811,0.213377917286906,-5.91685129162685,3086,0.473,300.08701,"Unknown","[M+H]+","ion correlated with 4169; ion correlated with 4589; ion correlated with 4630; ion correlated with 4413; ion correlated with 4424; ion correlated with 4701; ion correlated with 4249; ion correlated with 4623; ion correlated with 4824; ion correlated with 3531; ion correlated with 3661; ion correlated with 3095; ion correlated with 3069; ion correlated with 3273; ion correlated with 998; ion correlated with 1091; ion correlated with 1872; ion correlated with 4124; ion correlated with 4451; ion correlated with 1301; ion correlated with 2129; ion correlated with 977; ion correlated with 3422; ion correlated with 3089; ion correlated with 2417; ion correlated with 4879; ion correlated with 4757; ion correlated with 3887",0.107,FALSE,"null","null","null","null",999,FALSE,FALSE,FALSE,"null","null","null","null","null",39.31,2422,97.2282294676021,9,"Exudate vs Leaf","Leaf","Not selected"
"F362_mz104.0707_rt0.55",-0.582316288161957,18.4119178536062,-1.60368075166454,0.170319307607353,0.215127762000433,-5.92806661231831,362,0.549,104.07069,"Unknown","[M+H]+",NA,0.036,FALSE,"null","null","null","null",999,FALSE,FALSE,FALSE,"null","null","null","null","null",72.61,50847,27.5598450283197,24,"Exudate vs Leaf","Leaf","Not selected"
"F4676_mz522.2036_rt0.49",-6.94654086502573,13.0197317974771,-1.60313436085482,0.170438757881731,0.215127762000433,-5.92875345327583,4676,0.487,522.20361,"Unknown","[M+H]+",NA,0.536,TRUE,"null","null","null","null",999,FALSE,FALSE,FALSE,"null","null","null","null","null",23581.81,0,4630107,20,"Exudate vs Leaf","Leaf","Not selected"
"F1529_mz186.1493_rt1.01",0.810242694636244,13.2144832759262,1.60312878663201,0.170439976927744,0.215127762000433,-5.92876045998274,1529,1.011,186.14928,"Unknown","[M+H]+","ion correlated with 1561; ion correlated with 3048",0.107,FALSE,"null","null","null","null",999,FALSE,FALSE,FALSE,"null","null","null","null","null",67.68,0,264413,19,"Exudate vs Leaf","Exudate","Not selected"
"F1212_mz165.0068_rt0.62",-0.613197582767818,16.3105757445678,-1.60298275188645,0.170471916840541,0.215127762000433,-5.92894402057787,1212,0.616,165.00684,"Unknown","[M+H]+",NA,0.036,FALSE,"null","null","null","null",999,FALSE,FALSE,FALSE,"null","null","null","null","null",33.06,0,263229,23,"Exudate vs Leaf","Leaf","Not selected"
"F2327_mz244.1549_rt1.13",1.32801805461436,15.0420629235004,1.60190782957819,0.170707200008603,0.215200976957886,-5.93029500082178,2327,1.132,244.15486,"Unknown","[M+H]+",NA,0.036,FALSE,"null","null","null","null",999,FALSE,FALSE,FALSE,"null","null","null","null","null",25.64,9075.33333333333,17.2325094568291,23,"Exudate vs Leaf","Exudate","Not selected"
"F266_mz97.5118_rt0.4",0.470402175457141,17.1508679739339,1.59730207433923,0.171718963355829,0.21625188953732,-5.93608039285956,266,0.396,97.51176,"Unknown","[M+H]+",NA,0.429,FALSE,"null","null","null","null",999,FALSE,FALSE,FALSE,"null","null","null","null","null",112.47,21842.6666666667,32.5018693442798,24,"Exudate vs Leaf","Exudate","Not selected"
"F4606_mz496.4216_rt6.4",-0.4914613291106,16.3987112646421,-1.59474983060504,0.172282171743852,0.216736327976204,-5.93928407650519,4606,6.398,496.4216,"Unknown","[M+H]+","ion correlated with 4433; ion correlated with 4189",0.036,FALSE,"null","null","null","null",999,FALSE,FALSE,FALSE,"null","null","null","null","null",137.86,17691.6666666667,18.282772523456,24,"Exudate vs Leaf","Leaf","Not selected"
"F1534_mz187.0306_rt0.46",-1.11466277738793,16.9458670260842,-1.59287095907856,0.172697950522262,0.217034484403754,-5.94164148422512,1534,0.459,187.03059,"Unknown","[M+H]+",NA,0.214,FALSE,"null","null","null","null",999,FALSE,FALSE,FALSE,"null","null","null","null","null",28.76,0,659350,20,"Exudate vs Leaf","Leaf","Not selected"
"F1141_mz159.1171_rt3.54",-6.43932873216877,12.1903087358383,-1.59127415656215,0.173052087826743,0.217254637664597,-5.94364429155388,1141,3.544,159.11714,"Unknown","[M+H]+","ion correlated with 1041; ion correlated with 779; ion correlated with 2014; ion correlated with 2157; ion correlated with 3115; ion correlated with 3702; ion correlated with 376; ion correlated with 741; ion correlated with 1166; ion correlated with 1379; ion correlated with 1521; ion correlated with 1546; ion correlated with 1693; ion correlated with 1893; ion correlated with 1991; ion correlated with 2293; ion correlated with 2563; ion correlated with 3959; ion correlated with 3318; ion correlated with 3338; ion correlated with 956; ion correlated with 397; ion correlated with 597; ion correlated with 625; ion correlated with 1019; ion correlated with 1190; ion correlated with 1257; ion correlated with 1349; ion correlated with 1630; ion correlated with 1752; ion correlated with 2317; ion correlated with 2448; ion correlated with 2474; ion correlated with 2676; ion correlated with 2746; ion correlated with 2954; ion correlated with 3083; ion correlated with 3098; ion correlated with 3118; ion correlated with 3504; ion correlated with 3745; ion correlated with 3906; ion correlated with 5013; ion correlated with 5038; ion correlated with 5047; ion correlated with 4092; ion correlated with 4188; ion correlated with 3942; ion correlated with 4987; found in higher mz's MsMs_3115; found in higher mz's MsMs_3318; found in higher mz's MsMs_2676; found in higher mz's MsMs_2954; found in higher mz's MsMs_3083; found in higher mz's MsMs_3504",0.036,FALSE,"null","null","null","null",999,FALSE,FALSE,FALSE,"null","null","null","null","null",16.3,2222.33333333333,63.8046476761619,20,"Exudate vs Leaf","Leaf","Not selected"
"F3586_mz342.228_rt2.1",-6.39675010712797,12.0635972902713,-1.58657604399277,0.174098188803855,0.21834215000814,-5.94953325088318,3586,2.103,342.22797,"Unknown","[M+H]+","ion correlated with 1547; ion correlated with 532; ion correlated with 3926; ion correlated with 4888; ion correlated with 2562; ion correlated with 3472",0.071,FALSE,"null","null","null","null",999,FALSE,FALSE,FALSE,"null","null","null","null","null",31.16,0,138537,15,"Exudate vs Leaf","Leaf","Not selected"
"F1391_mz176.1188_rt0.97",-6.25679390677324,11.9337615555445,-1.5782624733387,0.175964610459347,0.220455146643599,-5.95994040786402,1391,0.971,176.11876,"Unknown","[M+H]+",NA,0.036,FALSE,"null","null","null","null",999,FALSE,FALSE,FALSE,"null","null","null","null","null",88.33,0,106965,12,"Exudate vs Leaf","Leaf","Not selected"
"F856_mz139.1119_rt3.54",0.660967255372958,16.081600610307,1.56840647778915,0.178202824508916,0.223029102014251,-5.9722553793704,856,3.544,139.11194,"Unknown","[M+H]+","ion correlated with 1041; ion correlated with 419; ion correlated with 779; ion correlated with 2157; ion correlated with 376; ion correlated with 1379; ion correlated with 2563; ion correlated with 956; ion correlated with 397; ion correlated with 597; ion correlated with 625; ion correlated with 994; ion correlated with 1019; ion correlated with 1190; ion correlated with 1257; ion correlated with 1349; ion correlated with 1630; ion correlated with 1752; ion correlated with 2317; ion correlated with 2448; ion correlated with 2474; ion correlated with 2954; ion correlated with 3083; ion correlated with 3098; ion correlated with 3118; ion correlated with 3504; ion correlated with 5005; ion correlated with 5038; ion correlated with 5047; ion correlated with 3515",0.036,FALSE,"null","null","null","null",999,FALSE,FALSE,FALSE,"null","null","null","null","null",10.08,20489.6666666667,10.5933107756377,24,"Exudate vs Leaf","Exudate","Not selected"
"F63_mz72.081_rt0.5",-0.283400518284522,17.8328689810463,-1.56488923984289,0.179008312147573,0.223806478833319,-5.97664398772334,63,0.503,72.08095,"Unknown","[M+H]+","ion correlated with 2511; ion correlated with 1228; found in higher mz's MsMs_4472; found in higher mz's MsMs_2372; found in higher mz's MsMs_1680",0.429,TRUE,"null","null","null","null",999,FALSE,FALSE,FALSE,"null","null","null","null","null",1441.41,69589.6666666667,516.688842373498,24,"Exudate vs Leaf","Leaf","Not selected"
"F2070_mz223.1332_rt1.69",-6.24590150640191,12.0436554132883,-1.55401150328011,0.181522106907119,0.226715882495105,-5.99019578312563,2070,1.685,223.13316,"Unknown","[M+H]+","ion correlated with 3593; ion correlated with 2119; ion correlated with 4982; ion correlated with 3353; ion correlated with 3109; ion correlated with 3737; ion correlated with 3814; ion correlated with 3259; ion correlated with 3612; ion correlated with 4145; ion correlated with 3001; ion correlated with 2561",0.036,FALSE,"null","null","null","null",999,FALSE,FALSE,FALSE,"null","null","null","null","null",7.26,539.333333333333,188.181986428131,19,"Exudate vs Leaf","Leaf","Not selected"
"F2838_mz282.1544_rt0.71",0.528083474808315,16.5372185922924,1.55103544412318,0.18221586531329,0.227348469157589,-5.99389789179385,2838,0.71,282.15436,"Unknown","[M+H]+",NA,0.107,FALSE,"null","null","null","null",999,FALSE,FALSE,FALSE,"null","null","null","null","null",20.56,22520,9.84938501842725,21,"Exudate vs Leaf","Exudate","Not selected"
"F3220_mz309.9744_rt0.39",-6.64628082283893,12.855217049223,-1.54890681541128,0.182713667877628,0.227735516225298,-5.9965443484122,3220,0.389,309.9744,"Unknown","[M+H]+",NA,0.214,FALSE,"null","null","null","null",999,FALSE,FALSE,FALSE,"null","null","null","null","null",2317.04,0,200903,23,"Exudate vs Leaf","Leaf","Not selected"
"F1344_mz173.0924_rt0.48",6.8085215283798,13.0821253941457,1.54338171596266,0.184011987010988,0.229118515109066,-6.00340772797408,1344,0.484,173.09244,"Unknown","[M+H]+","ion correlated with 1809; ion correlated with 2326",0.429,FALSE,"null","null","null","null",999,FALSE,FALSE,FALSE,"null","null","null","null","null",48.51,1002.33333333333,833.551495016611,20,"Exudate vs Leaf","Exudate","Not selected"
"F247_mz95.0493_rt0.61",-0.46746673425094,16.8594840632043,-1.54000404781919,0.184810127215172,0.229876531187725,-6.00759937163705,247,0.606,95.0493,"Unknown","[M+H]+","ion correlated with 1506; ion correlated with 4170; ion correlated with 1401; ion correlated with 3534; found in higher mz's MsMs_1880; found in higher mz's MsMs_1620",0.036,FALSE,"null","null","null","null",999,FALSE,FALSE,FALSE,"null","null","null","null","null",19.07,25265.6666666667,15.0162664907652,9,"Exudate vs Leaf","Leaf","Not selected"
"F1934_mz214.8502_rt0.44",-6.8759065390515,13.318121725115,-1.53816113661017,0.18524703033416,0.230184129811331,-6.00988506106334,1934,0.435,214.85022,"Unknown","[M+H]+",NA,0.143,FALSE,"null","null","null","null",999,FALSE,FALSE,FALSE,"null","null","null","null","null",2845.74,0,321234,15,"Exudate vs Leaf","Leaf","Not selected"
"F2035_mz221.0925_rt0.93",-6.82580294243987,13.018630111557,-1.53588814834109,0.185787281708774,0.230619386497395,-6.01270284795377,2035,0.927,221.09251,"Unknown","[M+H]+",NA,0.464,TRUE,"null","null","null","null",999,FALSE,FALSE,FALSE,"null","null","null","null","null",117.18,1369.33333333333,1156.51350036487,21,"Exudate vs Leaf","Leaf","Not selected"
"F711_mz129.1025_rt1.08",5.7548349797901,11.107447385393,1.53289167153392,0.186501844094869,0.231269906773413,-6.01641530999448,711,1.081,129.10252,"Unknown","[M+H]+","ion correlated with 3543; ion correlated with 3921; ion correlated with 2671",0.036,FALSE,"null","null","null","null",999,FALSE,FALSE,FALSE,"null","null","null","null","null",99.86,4929.66666666667,81.9337479718767,19,"Exudate vs Leaf","Exudate","Not selected"
"F30_mz65.9937_rt0.53",-6.70888773520695,13.0312158418956,-1.52945464165071,0.187324764575301,0.231941263981351,-6.02067046152744,30,0.528,65.99371,"Unknown","[M+H]+","found in higher mz's MsMs_135; found in higher mz's MsMs_1135",0.25,FALSE,"null","null","null","null",999,FALSE,FALSE,FALSE,"null","null","null","null","null",146.62,3164.33333333333,93.3364574557708,20,"Exudate vs Leaf","Leaf","Not selected"
"F181_mz86.0602_rt0.45",0.432710338662732,18.2695015491823,1.52903552654462,0.187425354172739,0.231941263981351,-6.02118910938323,181,0.453,86.06023,"Unknown","[M+H]+","found in higher mz's MsMs_2435; found in higher mz's MsMs_2215; similar chromatogram in higher mz_1573; similar chromatogram in higher mz_1517; similar chromatogram in higher mz_1822; similar chromatogram in higher mz_3069; similar chromatogram in higher mz_1091; similar chromatogram in higher mz_3230; similar chromatogram in higher mz_4109; similar chromatogram in higher mz_4205; similar chromatogram in higher mz_4451; similar chromatogram in higher mz_4528; similar chromatogram in higher mz_4465; similar chromatogram in higher mz_2044; similar chromatogram in higher mz_1420; similar chromatogram in higher mz_3005; similar chromatogram in higher mz_4646; similar chromatogram in higher mz_4212; similar chromatogram in higher mz_3240; similar chromatogram in higher mz_4651; similar chromatogram in higher mz_2103",0.536,FALSE,"null","null","null","null",999,FALSE,FALSE,FALSE,"null","null","null","null","null",108.33,152351,10.0758440978786,24,"Exudate vs Leaf","Exudate","Not selected"
"F3569_mz340.1873_rt1.09",-0.856550480101596,14.5792373058094,-1.52663322103682,0.188002934978724,0.232367370902911,-6.02416095358829,3569,1.092,340.18729,"Unknown","[M+H]+","ion correlated with 3786; ion correlated with 3587; ion correlated with 3129; ion correlated with 3160; ion correlated with 2908; ion correlated with 2633; ion correlated with 3335; ion correlated with 2190; ion correlated with 2499; ion correlated with 807",0.393,TRUE,"null","null","null","null",999,FALSE,FALSE,FALSE,"null","null","null","null","null",94.65,4444,194.004724409449,23,"Exudate vs Leaf","Leaf","Not selected"
"F4512_mz471.1844_rt1.41",-0.34518926826244,16.0281918900288,-1.52601234610464,0.188152492254993,0.232367370902911,-6.02492875680901,4512,1.414,471.18442,"Unknown","[M+H]+",NA,0.357,FALSE,"null","null","null","null",999,FALSE,FALSE,FALSE,"null","null","null","null","null",2032.95,14303.6666666667,12.0353730717248,24,"Exudate vs Leaf","Leaf","Not selected"
"F459_mz112.0507_rt0.48",0.381251110750787,16.9656692276079,1.52292170719761,0.188898695287081,0.233051845608248,-6.02874913722759,459,0.481,112.05074,"Unknown","[M+H]+","ion correlated with 4326; ion correlated with 51; ion correlated with 4472; ion correlated with 1032; found in higher mz's MsMs_2833; similar chromatogram in higher mz_4897; similar chromatogram in higher mz_4840; similar chromatogram in higher mz_4932; similar chromatogram in higher mz_4863; similar chromatogram in higher mz_4831; similar chromatogram in higher mz_4187",0.393,FALSE,"null","null","null","null",999,FALSE,FALSE,FALSE,"null","null","null","null","null",147.55,45348.3333333333,139.68776461249,24,"Exudate vs Leaf","Exudate","Not selected"
"F1234_mz166.0866_rt1.17",0.448920379172165,15.8024562907731,1.51559055268467,0.19068026190545,0.23501100299819,-6.03780020694855,1234,1.173,166.08665,"Unknown","[M+H]+","ion correlated with 764; found in higher mz's MsMs_3360",0.071,TRUE,"null","null","null","null",999,FALSE,FALSE,FALSE,"null","null","null","null","null",179.95,19010,337.913786755037,24,"Exudate vs Leaf","Exudate","Not selected"
"F1655_mz195.0664_rt1.17",0.334171248074709,13.8474987138411,1.5015179657813,0.194145932320733,0.238927742236514,-6.05512990449893,1655,1.17,195.06644,"Unknown","[M+H]+","ion correlated with 1966",0.143,FALSE,"null","null","null","null",999,FALSE,FALSE,FALSE,"null","null","null","null","null",47.6,3603.33333333333,38.18043096273,23,"Exudate vs Leaf","Exudate","Not selected"
"F870_mz140.0683_rt5.72",-0.248409419915621,20.1740368994378,-1.50096249710011,0.1942839740221,0.238927742236514,-6.05581272214317,870,5.717,140.06834,"Unknown","[M+H]+",NA,0.143,TRUE,"null","null","null","null",999,FALSE,FALSE,FALSE,"null","null","null","null","null",16.42,311750.333333333,8.44173454484023,24,"Exudate vs Leaf","Leaf","Not selected"
"F1917_mz213.1486_rt1.18",0.872078575900447,16.209571825537,1.50030052558787,0.194448607355582,0.238927742236514,-6.05662633817312,1917,1.182,213.14861,"Unknown","[M+H]+",NA,0.036,FALSE,"null","null","null","null",999,FALSE,FALSE,FALSE,"null","null","null","null","null",14.26,23954.6666666667,11.3105597840455,24,"Exudate vs Leaf","Exudate","Not selected"
"F1378_mz175.108_rt1.09",-5.83960790574124,11.4162177760373,-1.49779109664309,0.195073934141958,0.239453747268288,-6.05970942256052,1378,1.091,175.10802,"Unknown","[M+H]+","ion correlated with 3786; ion correlated with 2908; ion correlated with 2190",0.107,TRUE,"null","null","null","null",999,FALSE,FALSE,FALSE,"null","null","null","null","null",268.41,0,1586697,19,"Exudate vs Leaf","Leaf","Not selected"
"F1551_mz188.0229_rt0.39",-6.85339049636263,13.5492950724556,-1.49547277821226,0.195653367976279,0.23992241285172,-6.0625560079505,1551,0.393,188.02287,"Unknown","[M+H]+",NA,0.143,FALSE,"null","null","null","null",999,FALSE,FALSE,FALSE,"null","null","null","null","null",53.95,0,322558,23,"Exudate vs Leaf","Leaf","Not selected"
"F3257_mz313.1442_rt1.1",-1.14330948641637,15.5844635235714,-1.48520618054076,0.198239442894992,0.242848318541393,-6.07514218984563,3257,1.097,313.14417,"Unknown","[M+H]+",NA,0.179,FALSE,"null","null","null","null",999,FALSE,FALSE,FALSE,"null","null","null","null","null",26.65,7835.66666666667,27.5843045512548,24,"Exudate vs Leaf","Leaf","Not selected"
"F855_mz139.087_rt0.99",5.50444724359201,11.0747749752402,1.46530791076532,0.203345895128772,0.248852738595091,-6.09944207936829,855,0.989,139.08698,"Unknown","[M+H]+","ion correlated with 4009; ion correlated with 1692; ion correlated with 2868; ion correlated with 1916; ion correlated with 2082; ion correlated with 1499; ion correlated with 2828; ion correlated with 1063; ion correlated with 1222; ion correlated with 2123",0.393,FALSE,"null","null","null","null",999,FALSE,FALSE,FALSE,"null","null","null","null","null",28.9,8695.33333333333,69.653608800644,21,"Exudate vs Leaf","Exudate","Not selected"
"F428_mz110.0201_rt0.09",0.914034610916297,18.306999781596,1.46284171363009,0.203987541301133,0.249187820560465,-6.10244498380479,428,0.093,110.02011,"Unknown","[M+H]+",NA,0.071,TRUE,"null","null","null","null",999,FALSE,FALSE,FALSE,"null","null","null","null","null",8.95,114545.666666667,7.38038936095914,24,"Exudate vs Leaf","Exudate","Not selected"
"F2667_mz271.1159_rt1.04",0.486698257290264,16.2374461948329,1.46267791989169,0.204030225401238,0.249187820560465,-6.10264435326274,2667,1.044,271.11588,"Unknown","[M+H]+",NA,0.071,FALSE,"null","null","null","null",999,FALSE,FALSE,FALSE,"null","null","null","null","null",5.81,26576,7.77341310155398,24,"Exudate vs Leaf","Exudate","Not selected"
"F1268_mz168.0656_rt0.76",6.14778287046501,12.4381998611395,1.45827803184742,0.205180037662547,0.25034026705762,-6.10799661338718,1268,0.758,168.06564,"Unknown","[M+H]+","ion correlated with 2509; ion correlated with 1540; ion correlated with 667; ion correlated with 2962; ion correlated with 671; ion correlated with 2341; ion correlated with 1914; ion correlated with 2165",0.179,FALSE,"null","null","null","null",999,FALSE,FALSE,FALSE,"null","null","null","null","null",125.3,15154,74.108545034642,20,"Exudate vs Leaf","Exudate","Not selected"
"F1780_mz203.0818_rt0.91",5.54573143092756,11.2953974358698,1.43761184693864,0.210664320300553,0.256773579161518,-6.13305019368773,1780,0.914,203.08177,"Unknown","[M+H]+","ion correlated with 460; ion correlated with 1623; ion correlated with 655; ion correlated with 1916",0.179,FALSE,"null","null","null","null",999,FALSE,FALSE,FALSE,"null","null","null","null","null",227.01,2274.66666666667,287.059616229676,20,"Exudate vs Leaf","Exudate","Not selected"
"F468_mz112.8959_rt0.44",-6.58496933545884,13.4825285123076,-1.43228577116615,0.212100292113414,0.258264548270496,-6.1394835957497,468,0.441,112.8959,"Unknown","[M+H]+","similar chromatogram in higher mz_1366; similar chromatogram in higher mz_1906; similar chromatogram in higher mz_1874; similar chromatogram in higher mz_1394; similar chromatogram in higher mz_1934; similar chromatogram in higher mz_3138",0.214,FALSE,"null","null","null","null",999,FALSE,FALSE,FALSE,"null","null","null","null","null",268.83,0,459380,18,"Exudate vs Leaf","Leaf","Not selected"
"F1766_mz202.1081_rt0.49",6.05008696133703,12.4144266684439,1.42753683500054,0.213388534472342,0.259572826502429,-6.1452116280157,1766,0.489,202.10815,"Unknown","[M+H]+",NA,0.071,FALSE,"null","null","null","null",999,FALSE,FALSE,FALSE,"null","null","null","null","null",43.43,13047.6666666667,11.069023655035,18,"Exudate vs Leaf","Exudate","Not selected"
"F2190_mz232.1184_rt1.12",5.45411099142946,11.1345329528575,1.42440754438044,0.21424148994489,0.260189242386367,-6.14898180986287,2190,1.122,232.11841,"Unknown","[M+H]+","ion correlated with 1378; ion correlated with 3569; ion correlated with 2499",0.286,TRUE,"null","null","null","null",999,FALSE,FALSE,FALSE,"null","null","null","null","null",183.08,659.666666666667,1979.00252270434,22,"Exudate vs Leaf","Exudate","Not selected"
"F1205_mz164.0821_rt0.78",6.22556919483786,12.7810209562125,1.4237280643226,0.214427125629831,0.260189242386367,-6.14979999851894,1205,0.783,164.08209,"Unknown","[M+H]+","ion correlated with 3448",0.214,FALSE,"null","null","null","null",999,FALSE,FALSE,FALSE,"null","null","null","null","null",65.75,17196.3333333333,26.9449333229958,20,"Exudate vs Leaf","Exudate","Not selected"
"F2697_mz273.124_rt1.05",5.19159220457493,10.6683296615409,1.42332159683344,0.214538246811165,0.260189242386367,-6.15028936477758,2697,1.05,273.12399,"Unknown","[M+H]+","ion correlated with 2324; ion correlated with 1641",0.143,TRUE,"null","null","null","null",999,FALSE,FALSE,FALSE,"null","null","null","null","null",83.34,1628.66666666667,672.482920842708,23,"Exudate vs Leaf","Exudate","Not selected"
"F1470_mz181.1589_rt1.19",-5.91969505316803,12.1242310397704,-1.39909924959771,0.221259952759835,0.268007929817914,-6.17934585048507,1470,1.192,181.15889,"Unknown","[M+H]+","ion correlated with 955; ion correlated with 4038; ion correlated with 1195; ion correlated with 1625; ion correlated with 4061; ion correlated with 4111; ion correlated with 4432; ion correlated with 4076; ion correlated with 1665; ion correlated with 1408; ion correlated with 1431; ion correlated with 4039",0.036,FALSE,"null","null","null","null",999,FALSE,FALSE,FALSE,"null","null","null","null","null",1.81,1000,251.627372627373,16,"Exudate vs Leaf","Leaf","Not selected"
"F3011_mz294.1551_rt1.19",0.21401210922777,20.7487894685213,1.39850745251992,0.221426650417931,0.268007929817914,-6.18005310563138,3011,1.193,294.15512,"Unknown","[M+H]+",NA,0.964,TRUE,"null","null","null","null",999,FALSE,FALSE,FALSE,"null","null","null","null","null",105.6,654441.333333333,5.56133797375577,24,"Exudate vs Leaf","Exudate","Not selected"
"F5117_mz758.5709_rt8.93",-6.0277742307033,11.6374843581176,-1.39205050108696,0.223253186747203,0.269949570429387,-6.18776142750145,5117,8.93,758.57086,"Unknown","[M+H]+",NA,0.036,TRUE,"null","null","null","null",999,FALSE,FALSE,FALSE,"null","null","null","null","null",186.95,532,1498.32833020638,12,"Exudate vs Leaf","Leaf","Not selected"
"F1762_mz202.0712_rt0.9",-5.73996934847408,12.0506354477779,-1.38905110012085,0.224106492005793,0.270711722681624,-6.19133687517422,1762,0.899,202.0712,"Unknown","[M+H]+",NA,0.25,FALSE,"null","null","null","null",999,FALSE,FALSE,FALSE,"null","null","null","null","null",63.29,3174.33333333333,108.29603191266,19,"Exudate vs Leaf","Leaf","Not selected"
"F1415_mz178.0865_rt1.13",5.22312659125336,10.8786764592048,1.38403357598612,0.225540827003962,0.272173522845736,-6.19731053475259,1415,1.13,178.08652,"Unknown","[M+H]+","similar chromatogram in higher mz_2723",0.107,TRUE,"null","null","null","null",999,FALSE,FALSE,FALSE,"null","null","null","null","null",44.95,0,450099,21,"Exudate vs Leaf","Exudate","Not selected"
"F1940_mz215.0488_rt0.98",0.823048577294536,14.0328416095902,1.38200036277089,0.226124514479111,0.272606912192295,-6.19972850690441,1940,0.982,215.04881,"Unknown","[M+H]+",NA,0.071,FALSE,"null","null","null","null",999,FALSE,FALSE,FALSE,"null","null","null","null","null",52.48,3475.66666666667,86.7385426653883,21,"Exudate vs Leaf","Exudate","Not selected"
"F3999_mz382.928_rt0.38",-0.389267164371279,16.0744996050583,-1.3680000363882,0.230182479190065,0.277223739818193,-6.21633559281903,3999,0.379,382.92804,"Unknown","[M+H]+","ion correlated with 4279; ion correlated with 4135",0.179,FALSE,"null","null","null","null",999,FALSE,FALSE,FALSE,"null","null","null","null","null",2265.76,0,187829,23,"Exudate vs Leaf","Leaf","Not selected"
"F3514_mz335.2197_rt3.07",-5.23589344357124,11.1088487180833,-1.36563514529955,0.23087466350537,0.277781805248284,-6.21913338297731,3514,3.068,335.21967,"Unknown","[M+H]+","ion correlated with 3261",0.179,TRUE,"null","null","null","null",999,FALSE,FALSE,FALSE,"null","null","null","null","null",70.99,0,242147,20,"Exudate vs Leaf","Leaf","Not selected"
"F346_mz102.9992_rt0.51",5.94887886775354,12.6935395461965,1.36011749870111,0.23249723968624,0.279457078197125,-6.22565259677407,346,0.511,102.99917,"Unknown","[M+H]+",NA,0.286,FALSE,"null","null","null","null",999,FALSE,FALSE,FALSE,"null","null","null","null","null",264,8471,69.8258970727101,23,"Exudate vs Leaf","Exudate","Not selected"
"F958_mz145.1015_rt1.21",-5.37262639200365,11.5064332198838,-1.34283532178778,0.237648819217002,0.285366633560278,-6.24599417337996,958,1.207,145.10153,"Unknown","[M+H]+","ion correlated with 2645; ion correlated with 1754; ion correlated with 2021",0.071,FALSE,"null","null","null","null",999,FALSE,FALSE,FALSE,"null","null","null","null","null",50.86,703.666666666667,269.526017029328,16,"Exudate vs Leaf","Leaf","Not selected"
"F3631_mz346.2593_rt1.36",4.84337756717256,10.4389278276883,1.34080353537122,0.238261427435272,0.285591129294286,-6.24837779457957,3631,1.362,346.25928,"Unknown","[M+H]+",NA,0.25,FALSE,"null","null","null","null",999,FALSE,FALSE,FALSE,"null","null","null","null","null",72.2,0,230604,23,"Exudate vs Leaf","Exudate","Not selected"
"F1279_mz169.0498_rt1.05",0.290917365064073,18.1378359730487,1.34065499535906,0.238306271808165,0.285591129294286,-6.24855199110502,1279,1.049,169.04982,"Unknown","[M+H]+","ion correlated with 3171",0.071,FALSE,"null","null","null","null",999,FALSE,FALSE,FALSE,"null","null","null","null","null",50.97,112509.333333333,5.89952034035392,24,"Exudate vs Leaf","Exudate","Not selected"
"F4672_mz520.808_rt0.41",0.568198481617607,16.108031722759,1.33789792025609,0.239140066122035,0.286307732023817,-6.25178365738482,4672,0.413,520.80798,"Unknown","[M+H]+","ion correlated with 4589; ion correlated with 4630; ion correlated with 3138",0.107,FALSE,"null","null","null","null",999,FALSE,FALSE,FALSE,"null","null","null","null","null",2311.12,0,121364,9,"Exudate vs Leaf","Exudate","Not selected"
"F3379_mz322.1767_rt1.02",5.62978448007886,12.1237050109,1.33527769424431,0.239934994691813,0.286976437000848,-6.25485205373128,3379,1.025,322.17673,"Unknown","[M+H]+","ion correlated with 3465; ion correlated with 3294; ion correlated with 4231; ion correlated with 3920; ion correlated with 3652; ion correlated with 4454; ion correlated with 3451; ion correlated with 3613; ion correlated with 1836; ion correlated with 2985; ion correlated with 3479; ion correlated with 3776; ion correlated with 3453; ion correlated with 2554; ion correlated with 3295; ion correlated with 3921; ion correlated with 3523",0.357,TRUE,"null","null","null","null",999,FALSE,FALSE,FALSE,"null","null","null","null","null",29.59,15087,27.4506892895016,23,"Exudate vs Leaf","Exudate","Not selected"
"F2517_mz259.0648_rt0.42",0.741107938282743,16.756406855794,1.33145574903027,0.241098917973188,0.288084730727806,-6.25932268363563,2517,0.417,259.06479,"Unknown","[M+H]+",NA,0.071,FALSE,"null","null","null","null",999,FALSE,FALSE,FALSE,"null","null","null","null","null",53.17,0,358160,24,"Exudate vs Leaf","Exudate","Not selected"
"F4015_mz384.9268_rt0.39",-5.65866573163926,12.3424188927101,-1.32052323069659,0.244457336111751,0.2918104287509,-6.27207746089541,4015,0.387,384.92682,"Unknown","[M+H]+","ion correlated with 4296",0.036,FALSE,"null","null","null","null",999,FALSE,FALSE,FALSE,"null","null","null","null","null",2181.86,0,109094,20,"Exudate vs Leaf","Leaf","Not selected"
"F259_mz97.0286_rt1.01",0.504441945604149,15.8180408652011,1.31252095119477,0.246943068902731,0.294435908271434,-6.28138192723813,259,1.015,97.02865,"Unknown","[M+H]+","ion correlated with 1542; ion correlated with 1504; found in higher mz's MsMs_650; found in higher mz's MsMs_3013; found in higher mz's MsMs_3243; found in higher mz's MsMs_1504",0.071,FALSE,"null","null","null","null",999,FALSE,FALSE,FALSE,"null","null","null","null","null",45.5,23135.6666666667,17.4035873793402,24,"Exudate vs Leaf","Exudate","Not selected"
"F3869_mz368.2282_rt1.15",-0.767532638785752,16.3788147070997,-1.31188428626202,0.247141837338214,0.294435908271434,-6.28212103343783,3869,1.149,368.22821,"Unknown","[M+H]+",NA,0.107,FALSE,"null","null","null","null",999,FALSE,FALSE,FALSE,"null","null","null","null","null",24.3,12491.6666666667,31.2686642830461,24,"Exudate vs Leaf","Leaf","Not selected"
"F1923_mz213.9154_rt0.4",-1.35870746858055,14.6808737163374,-1.29811619766299,0.251476632757696,0.299306502125337,-6.29806206164104,1923,0.398,213.91545,"Unknown","[M+H]+","ion correlated with 307; ion correlated with 96; ion correlated with 3084; ion correlated with 3718; ion correlated with 2628; ion correlated with 4695; ion correlated with 4476; ion correlated with 4731; ion correlated with 4260; ion correlated with 3187; ion correlated with 2566; ion correlated with 4528; ion correlated with 2044; ion correlated with 4451; ion correlated with 4646",0.036,FALSE,"null","null","null","null",999,FALSE,FALSE,FALSE,"null","null","null","null","null",26.73,6360.66666666667,17.8582132564841,12,"Exudate vs Leaf","Leaf","Not selected"
"F3609_mz345.1677_rt0.42",0.736560299756346,15.7723242656298,1.29519881329604,0.252404118667938,0.300116160688419,-6.30142937929971,3609,0.416,345.16772,"Unknown","[M+H]+",NA,0.036,FALSE,"null","null","null","null",999,FALSE,FALSE,FALSE,"null","null","null","null","null",49.63,0,100357,21,"Exudate vs Leaf","Exudate","Not selected"
"F2384_mz247.9042_rt0.4",-6.45800281399748,14.3236443280866,-1.29317099889528,0.253050651334232,0.300547302300201,-6.30376774813489,2384,0.398,247.90416,"Unknown","[M+H]+","ion correlated with 2461; ion correlated with 2186; ion correlated with 3029; ion correlated with 538; ion correlated with 2405; ion correlated with 422; ion correlated with 3696; ion correlated with 2798; ion correlated with 2366",0.214,FALSE,"null","null","null","null",999,FALSE,FALSE,FALSE,"null","null","null","null","null",50.84,820.333333333333,605.33887987013,19,"Exudate vs Leaf","Leaf","Not selected"
"F2261_mz238.903_rt0.42",0.217371849986207,17.924940768957,1.29184155915079,0.253475347100875,0.300547302300201,-6.30529981230074,2261,0.418,238.90303,"Unknown","[M+H]+",NA,0.214,FALSE,"null","null","null","null",999,FALSE,FALSE,FALSE,"null","null","null","null","null",2374.34,0,526775,24,"Exudate vs Leaf","Exudate","Not selected"
"F3026_mz295.2271_rt3.94",-5.02022596720625,11.0932273689007,-1.29173498416365,0.25350942138007,0.300547302300201,-6.3054225972227,3026,3.945,295.22711,"Unknown","[M+H]+",NA,0.107,TRUE,"null","null","null","null",999,FALSE,FALSE,FALSE,"null","null","null","null","null",110.85,3177,253.558842039018,23,"Exudate vs Leaf","Leaf","Not selected"
"F1850_mz208.0972_rt1.18",-5.19673321210117,11.3240729469019,-1.28889127003719,0.254420175544443,0.301332773766784,-6.3086969952795,1850,1.177,208.09721,"Unknown","[M+H]+","ion correlated with 1359; similar chromatogram in higher mz_2707; similar chromatogram in higher mz_2166; similar chromatogram in higher mz_2205",0.429,TRUE,"null","null","null","null",999,FALSE,FALSE,FALSE,"null","null","null","null","null",153.05,1656,2557.69885334943,21,"Exudate vs Leaf","Leaf","Not selected"
"F458_mz112.0507_rt0.66",0.608279804556361,16.2156096692255,1.28455052131667,0.255816188166948,0.302690889312549,-6.31368828299955,458,0.659,112.05067,"Unknown","[M+H]+","ion correlated with 1050; ion correlated with 2321; ion correlated with 1679; ion correlated with 817; similar chromatogram in higher mz_967; similar chromatogram in higher mz_1679; similar chromatogram in higher mz_2583; similar chromatogram in higher mz_4364; found in higher mz's MsMs_2321; similar chromatogram in higher mz_2626",0.393,TRUE,"null","null","null","null",999,FALSE,FALSE,FALSE,"null","null","null","null","null",101.07,14888.6666666667,399.185632093846,23,"Exudate vs Leaf","Exudate","Not selected"
"F3390_mz323.1471_rt1.25",1.64602546661933,12.8896033610548,1.27828717281277,0.257842925541383,0.304561092124283,-6.32087556541181,3390,1.246,323.14713,"Unknown","[M+H]+","ion correlated with 2645; ion correlated with 3799; ion correlated with 3568",0.036,FALSE,"null","null","null","null",999,FALSE,FALSE,FALSE,"null","null","null","null","null",27.96,1089.66666666667,97.0452322738386,22,"Exudate vs Leaf","Exudate","Not selected"
"F3692_mz351.2149_rt1.37",-5.36436751629962,12.0069632402319,-1.27765061243173,0.258049730790794,0.304561092124283,-6.32160504697309,3692,1.369,351.2149,"Unknown","[M+H]+",NA,0.143,FALSE,"null","null","null","null",999,FALSE,FALSE,FALSE,"null","null","null","null","null",48.29,4052.33333333333,49.0655427631579,23,"Exudate vs Leaf","Leaf","Not selected"
"F2622_mz267.1598_rt1.23",0.796530235186805,16.8308673337302,1.27734401075297,0.258149393571571,0.304561092124283,-6.32195633967748,2622,1.23,267.15976,"Unknown","[M+H]+","similar chromatogram in higher mz_4402",0.071,TRUE,"null","null","null","null",999,FALSE,FALSE,FALSE,"null","null","null","null","null",72.91,36500,12.86099010986,24,"Exudate vs Leaf","Exudate","Not selected"
"F2168_mz230.1585_rt0.98",-5.02482831871181,11.2629362769006,-1.27548757393717,0.25875359392205,0.304977536913951,-6.32408247411141,2168,0.979,230.15849,"Unknown","[M+H]+","ion correlated with 1015; ion correlated with 737; ion correlated with 2359; ion correlated with 2018; ion correlated with 2068; ion correlated with 2600",0.179,FALSE,"null","null","null","null",999,FALSE,FALSE,FALSE,"null","null","null","null","null",700.79,2193,2403.1353691887,20,"Exudate vs Leaf","Leaf","Not selected"
"F1321_mz172.0606_rt0.77",5.04873636320976,11.3278981561277,1.27266733428237,0.259673955624779,0.305765453082912,-6.32730946186496,1321,0.773,172.06061,"Unknown","[M+H]+","ion correlated with 2134",0.036,FALSE,"null","null","null","null",999,FALSE,FALSE,FALSE,"null","null","null","null","null",88.36,0,350722,19,"Exudate vs Leaf","Exudate","Not selected"
"F1876_mz209.9646_rt0.6",-5.12725202260495,11.5232304660738,-1.27141142936401,0.260084773657828,0.305952437229267,-6.32874534370857,1876,0.598,209.96455,"Unknown","[M+H]+","ion correlated with 3120",0.357,FALSE,"null","null","null","null",999,FALSE,FALSE,FALSE,"null","null","null","null","null",100.76,26297,22.0945319035668,21,"Exudate vs Leaf","Leaf","Not selected"
"F1624_mz193.1225_rt2.85",-1.28463445358837,13.6291028157429,-1.26651200995988,0.261693110075584,0.307546404290183,-6.33434003320231,1624,2.847,193.12251,"Unknown","[M+H]+","ion correlated with 3538",0.036,FALSE,"null","null","null","null",999,FALSE,FALSE,FALSE,"null","null","null","null","null",3.66,1959.66666666667,64.2398843930636,19,"Exudate vs Leaf","Leaf","Not selected"
"F18_mz62.9903_rt0.64",-0.280621847230136,17.5783694792205,-1.26129611029399,0.263415323003372,0.309270988516532,-6.34028407833096,18,0.643,62.9903,"Unknown","[M+H]+","ion correlated with 1427; found in higher mz's MsMs_319; found in higher mz's MsMs_136",0.357,FALSE,"null","null","null","null",999,FALSE,FALSE,FALSE,"null","null","null","null","null",173.53,5505.66666666667,92.936803874092,24,"Exudate vs Leaf","Leaf","Not selected"
"F3412_mz326.1718_rt0.97",-1.84424133137838,15.1704835835009,-1.25955564678398,0.263992296451176,0.309648935161089,-6.34226473355995,3412,0.971,326.17178,"Unknown","[M+H]+",NA,0.036,FALSE,"null","null","null","null",999,FALSE,FALSE,FALSE,"null","null","null","null","null",26.22,3263.66666666667,127.472432101287,24,"Exudate vs Leaf","Leaf","Not selected"
"F1211_mz165.0067_rt0.56",-5.98534029930946,13.6076765114257,-1.2502765833288,0.26708784457036,0.312977454930904,-6.35280068282334,1211,0.562,165.00668,"Unknown","[M+H]+",NA,0.071,FALSE,"null","null","null","null",999,FALSE,FALSE,FALSE,"null","null","null","null","null",33.21,0,263229,20,"Exudate vs Leaf","Leaf","Not selected"
"F2155_mz229.1552_rt0.98",-0.243452871426698,17.1888770163655,-1.24711192226108,0.268151124279606,0.313920409715952,-6.3563848286095,2155,0.978,229.1552,"Unknown","[M+2H]2+","ion correlated with 1554; similar chromatogram in higher mz_2546; similar chromatogram in higher mz_2639; similar chromatogram in higher mz_2754; similar chromatogram in higher mz_4607; similar chromatogram in higher mz_4626; similar chromatogram in higher mz_2460",0.393,TRUE,"null","null","null","null",999,FALSE,FALSE,FALSE,"null","null","null","null","null",4529.72,29205.3333333333,1582.38928771157,24,"Exudate vs Leaf","Leaf","Not selected"
"F2884_mz286.0448_rt0.39",0.646869900566879,16.2256142438689,1.2436995977675,0.269301923611636,0.314963906805902,-6.36024419152561,2884,0.391,286.04483,"Unknown","[M+H]+",NA,0.107,FALSE,"null","null","null","null",999,FALSE,FALSE,FALSE,"null","null","null","null","null",72.65,0,131223,23,"Exudate vs Leaf","Exudate","Not selected"
"F1665_mz195.1382_rt1.18",-1.06780907376549,17.2834896640204,-1.23711502702221,0.271535232793365,0.317270233504471,-6.36767581249444,1665,1.184,195.1382,"Unknown","[M+H]+","ion correlated with 4038; ion correlated with 798; ion correlated with 1625; ion correlated with 4061; ion correlated with 4076; similar chromatogram in higher mz_4929; similar chromatogram in higher mz_4590; similar chromatogram in higher mz_4743; similar chromatogram in higher mz_2005; similar chromatogram in higher mz_4365; similar chromatogram in higher mz_4656; similar chromatogram in higher mz_4789; similar chromatogram in higher mz_4797; similar chromatogram in higher mz_4807; similar chromatogram in higher mz_4952; similar chromatogram in higher mz_4960",0.071,FALSE,"null","null","null","null",999,FALSE,FALSE,FALSE,"null","null","null","null","null",42.81,25691,60.4472598474233,24,"Exudate vs Leaf","Leaf","Not selected"
"F111_mz79.0214_rt0.56",-1.73569332432656,28.3191698184846,-1.23360557584253,0.272732388061787,0.318362614525971,-6.37162828633105,111,0.561,79.02136,"Unknown","[M+H]+","ion correlated with 109",0.286,TRUE,"null","null","null","null",999,FALSE,FALSE,FALSE,"null","null","null","null","null",19413.32,28654934.6666667,53.5041782272599,24,"Exudate vs Leaf","Leaf","Not selected"
"F1360_mz174.1129_rt0.73",5.60302284350677,12.8882624140778,1.2322518605886,0.273195447083069,0.318596803802926,-6.37315131318752,1360,0.726,174.1129,"Unknown","[M+H]+",NA,0.321,FALSE,"null","null","null","null",999,FALSE,FALSE,FALSE,"null","null","null","null","null",123.66,20738.6666666667,36.1317764669956,20,"Exudate vs Leaf","Exudate","Not selected"
"F1479_mz182.0815_rt1.22",0.477707810407711,13.3427352331854,1.22869334105628,0.274416086123468,0.319713175195672,-6.3771506971455,1479,1.217,182.0815,"Unknown","[M+H]+",NA,0.071,FALSE,"null","null","null","null",999,FALSE,FALSE,FALSE,"null","null","null","null","null",161.52,4127.66666666667,175.233327950912,23,"Exudate vs Leaf","Exudate","Not selected"
"F3049_mz297.157_rt0.97",4.70663108771994,10.868903918276,1.2210313442827,0.277061031210338,0.322485227123059,-6.38574112107715,3049,0.97,297.15695,"Unknown","[M+H]+","ion correlated with 1960",0.036,FALSE,"null","null","null","null",999,FALSE,FALSE,FALSE,"null","null","null","null","null",27.86,711.666666666667,267.255378858746,18,"Exudate vs Leaf","Exudate","Not selected"
"F2373_mz247.1296_rt0.98",-5.02951827189735,11.6906500628352,-1.21711002340531,0.278423556736852,0.323760725937297,-6.39012651897951,2373,0.982,247.12956,"Unknown","[M+H]+","ion correlated with 2150",0.214,TRUE,"null","null","null","null",999,FALSE,FALSE,FALSE,"null","null","null","null","null",61.07,691.333333333333,3882.55031295137,20,"Exudate vs Leaf","Leaf","Not selected"
"F1348_mz173.1289_rt0.93",-4.89442790132429,11.317454502594,-1.21201975867627,0.280201245895674,0.325516088533348,-6.39580791833841,1348,0.927,173.12888,"Unknown","[M+H]+","ion correlated with 2034; ion correlated with 1623; ion correlated with 824; ion correlated with 1498; ion correlated with 1867; ion correlated with 2082",0.429,FALSE,"null","null","null","null",999,FALSE,FALSE,FALSE,"null","null","null","null","null",67.22,2200,390.484325306679,19,"Exudate vs Leaf","Leaf","Not selected"
"F4589_mz490.7884_rt0.42",-5.80994900077377,13.5464758908965,-1.21036164868865,0.280782512461595,0.325637292341859,-6.39765581842298,4589,0.416,490.78836,"Unknown","[M+H]+","ion correlated with 4672; ion correlated with 2628; ion correlated with 4169; ion correlated with 4259; ion correlated with 4630; ion correlated with 4787; ion correlated with 3927; ion correlated with 4424; ion correlated with 4463; ion correlated with 4476; ion correlated with 4725; ion correlated with 4731; ion correlated with 4249; ion correlated with 4623; ion correlated with 3661; ion correlated with 3230; ion correlated with 3273; ion correlated with 4528; ion correlated with 998; ion correlated with 1872; ion correlated with 4124; ion correlated with 4451; ion correlated with 1301; ion correlated with 3142; ion correlated with 2129; ion correlated with 3038; ion correlated with 3086",0.107,FALSE,"null","null","null","null",999,FALSE,FALSE,FALSE,"null","null","null","null","null",3582.26,0,191147,12,"Exudate vs Leaf","Leaf","Not selected"
"F2999_mz293.2115_rt3.31",-4.71871367863249,10.9019777901657,-1.21019199568862,0.280842047019708,0.325637292341859,-6.39784481325653,2999,3.312,293.21149,"Unknown","[M+H]+",NA,0.107,FALSE,"null","null","null","null",999,FALSE,FALSE,FALSE,"null","null","null","null","null",12.71,974.666666666667,237.81072770755,18,"Exudate vs Leaf","Leaf","Not selected"
"F504_mz115.0868_rt0.79",5.63924590568952,13.0067955108116,1.19997765765578,0.284447397033017,0.329249552459401,-6.40919719702698,504,0.792,115.08684,"Unknown","[M+H]+","similar chromatogram in higher mz_1813",0.071,FALSE,"null","null","null","null",999,FALSE,FALSE,FALSE,"null","null","null","null","null",16.85,9178,31.9306024621418,19,"Exudate vs Leaf","Exudate","Not selected"
"F2835_mz282.1202_rt0.9",4.97132918334466,11.5599034498867,1.19982999781818,0.28449981921739,0.329249552459401,-6.40936092475878,2835,0.903,282.12021,"Unknown","[M+H]+","ion correlated with 1053; ion correlated with 2204; ion correlated with 2802",0.357,FALSE,"null","null","null","null",999,FALSE,FALSE,FALSE,"null","null","null","null","null",176.46,4169.66666666667,392.752797314578,22,"Exudate vs Leaf","Exudate","Not selected"
"F593_mz121.065_rt0.89",-0.537095491349206,15.0750407909238,-1.18549248765892,0.289631239719638,0.334868880971087,-6.42520586976314,593,0.894,121.06501,"Unknown","[M+H]+","ion correlated with 2490; ion correlated with 2419; ion correlated with 1033; found in higher mz's MsMs_1237; similar chromatogram in higher mz_2513",0.071,FALSE,"null","null","null","null",999,FALSE,FALSE,FALSE,"null","null","null","null","null",269.15,12359,123.968203883495,22,"Exudate vs Leaf","Leaf","Not selected"
"F1746_mz201.0874_rt0.49",-5.22336501226176,12.2701299766703,-1.18453005323465,0.289978636147142,0.334951535949221,-6.42626572721477,1746,0.494,201.0874,"Unknown","[M+H]+",NA,0.036,FALSE,"null","null","null","null",999,FALSE,FALSE,FALSE,"null","null","null","null","null",14.22,956.333333333333,153.892061281337,17,"Exudate vs Leaf","Leaf","Not selected"
"F1045_mz151.9513_rt0.42",-5.07956972021566,12.0986847816387,-1.17982708850282,0.291681540723573,0.336598279884428,-6.43143787153491,1045,0.425,151.95126,"Unknown","[M+H]+","ion correlated with 2218; ion correlated with 2737; ion correlated with 3590; ion correlated with 3769; ion correlated with 2967; ion correlated with 1965; ion correlated with 4401",0.357,FALSE,"null","null","null","null",999,FALSE,FALSE,FALSE,"null","null","null","null","null",115.84,4691.66666666667,76.7665861628072,18,"Exudate vs Leaf","Leaf","Not selected"
"F1749_mz201.1389_rt1.13",-4.77631793250766,11.3003434805574,-1.17776600562673,0.29243064121032,0.337142258717311,-6.43370095954695,1749,1.131,201.13887,"Unknown","[M+H]+","ion correlated with 1681; ion correlated with 1526; ion correlated with 1636; ion correlated with 2972",0.071,FALSE,"null","null","null","null",999,FALSE,FALSE,FALSE,"null","null","null","null","null",53.24,2348,93.6070668369519,19,"Exudate vs Leaf","Leaf","Not selected"
"F4135_mz400.9388_rt0.39",-5.76290565060623,13.8082466751394,-1.17207143930592,0.294509222810368,0.339001681501646,-6.43994213001873,4135,0.391,400.93881,"Unknown","[M+H]+","ion correlated with 3999",0.143,FALSE,"null","null","null","null",999,FALSE,FALSE,FALSE,"null","null","null","null","null",4263.32,0,266401,21,"Exudate vs Leaf","Leaf","Not selected"
"F5081_mz739.5496_rt0.68",4.96442410457157,11.8968109889414,1.17131060914833,0.29478792506301,0.339001681501646,-6.44077470413427,5081,0.677,739.54962,"Unknown","[M+H]+",NA,0.036,FALSE,"null","null","null","null",999,FALSE,FALSE,FALSE,"null","null","null","null","null",37.92,925,142.375809935205,16,"Exudate vs Leaf","Exudate","Not selected"
"F1265_mz168.0199_rt0.5",-0.375356970528141,18.7058374192256,-1.17105612261497,0.294881199065682,0.339001681501646,-6.44105312010991,1265,0.499,168.01991,"Unknown","[M+2H]2+","similar chromatogram in higher mz_2337; similar chromatogram in higher mz_3437",0.393,FALSE,"null","null","null","null",999,FALSE,FALSE,FALSE,"null","null","null","null","null",101.22,7334.33333333333,224.142370262656,24,"Exudate vs Leaf","Leaf","Not selected"
"F4787_mz572.7523_rt0.42",-5.62796138263294,13.5076892737019,-1.16720944859324,0.296294265350571,0.34030391498164,-6.44525734526522,4787,0.416,572.75232,"Unknown","[M+H]+","ion correlated with 4169; ion correlated with 4259; ion correlated with 4589; ion correlated with 4630; ion correlated with 3927; ion correlated with 4463; ion correlated with 4476; ion correlated with 4725; ion correlated with 4731; ion correlated with 4623; ion correlated with 3230; ion correlated with 998; ion correlated with 4124; ion correlated with 3142; ion correlated with 2129; ion correlated with 3038",0.107,FALSE,"null","null","null","null",999,FALSE,FALSE,FALSE,"null","null","null","null","null",3334.71,0,200264,15,"Exudate vs Leaf","Leaf","Not selected"
"F953_mz145.0498_rt0.57",-0.20756602495399,19.8245141073532,-1.15807011018053,0.299675638177533,0.343488877898683,-6.45521475508993,953,0.569,145.04977,"Unknown","[M+H]+",NA,0.143,TRUE,"null","null","null","null",999,FALSE,FALSE,FALSE,"null","null","null","null","null",151.8,260402.333333333,11.9930530843179,24,"Exudate vs Leaf","Leaf","Not selected"
"F2179_mz231.0979_rt0.49",-0.705628625789121,15.666039666538,-1.15764400178324,0.299834118289535,0.343488877898683,-6.45567791845962,2179,0.491,231.09792,"Unknown","[M+H]+",NA,0.357,FALSE,"null","null","null","null",999,FALSE,FALSE,FALSE,"null","null","null","null","null",96.07,2931.66666666667,190.670152307343,24,"Exudate vs Leaf","Leaf","Not selected"
"F1765_mz202.1078_rt1",1.11620706885763,14.9030737091,1.15742350977884,0.299916153684188,0.343488877898683,-6.45591754657672,1765,1.003,202.1078,"Unknown","[M+H]+","ion correlated with 4067; ion correlated with 4082; ion correlated with 3243; ion correlated with 650; ion correlated with 1504; ion correlated with 1578; ion correlated with 1606",0.107,TRUE,"null","null","null","null",999,FALSE,FALSE,FALSE,"null","null","null","null","null",296.01,10267.6666666667,143.679705252224,23,"Exudate vs Leaf","Exudate","Not selected"
"F5125_mz768.563_rt7.9",-5.08909385015956,11.8900664614252,-1.15353461721022,0.301366297650732,0.344824397123458,-6.46013966110164,5125,7.896,768.56299,"Unknown","[M+H]+",NA,0.036,FALSE,"null","null","null","null",999,FALSE,FALSE,FALSE,"null","null","null","null","null",45.26,4900,29.959600081616,23,"Exudate vs Leaf","Leaf","Not selected"
"F3846_mz366.2492_rt1.21",0.451889226471845,16.6137155356888,1.15070085934358,0.302426877257494,0.345712080028812,-6.46321110280672,3846,1.212,366.24918,"Unknown","[M+H]+","ion correlated with 4166; ion correlated with 1381; ion correlated with 1635; ion correlated with 3816; ion correlated with 2872; ion correlated with 3642; ion correlated with 4381; ion correlated with 1402; ion correlated with 3886; ion correlated with 3495",0.071,FALSE,"null","null","null","null",999,FALSE,FALSE,FALSE,"null","null","null","null","null",15.43,29959,8.71498664886515,24,"Exudate vs Leaf","Exudate","Not selected"
"F2511_mz258.1104_rt0.46",0.376709903778649,18.2069811474277,1.14839784113071,0.303291238219829,0.346374001127819,-6.46570409065456,2511,0.455,258.11044,"Unknown","[M+H]+","ion correlated with 992; ion correlated with 582; ion correlated with 1228; ion correlated with 63",0.571,TRUE,"null","null","null","null",999,FALSE,FALSE,FALSE,"null","null","null","null","null",4164.03,1724,21198.5002898551,24,"Exudate vs Leaf","Exudate","Not selected"
"F1285_mz169.095_rt0.41",5.1902914411947,12.5186663722469,1.14592514109801,0.304221702093365,0.347110099944874,-6.46837755342658,1285,0.412,169.09497,"Unknown","[M+H]+","ion correlated with 1831; ion correlated with 1304; ion correlated with 4409",0.357,TRUE,"null","null","null","null",999,FALSE,FALSE,FALSE,"null","null","null","null","null",235.19,54434.6666666667,49.3990275983271,22,"Exudate vs Leaf","Exudate","Not selected"
"F1581_mz190.0866_rt0.98",-4.49195511168533,11.0033305885155,-1.13692365671223,0.307630122441004,0.350669454125238,-6.47808168672956,1581,0.984,190.08664,"Unknown","[M+H]+","ion correlated with 3628; ion correlated with 2688; ion correlated with 3480; ion correlated with 3900; ion correlated with 4443; ion correlated with 3294; ion correlated with 3451; ion correlated with 2698; ion correlated with 1836; ion correlated with 3479",0.143,FALSE,"null","null","null","null",999,FALSE,FALSE,FALSE,"null","null","null","null","null",65.45,692.333333333333,751.7625,18,"Exudate vs Leaf","Leaf","Not selected"
"F2801_mz279.1346_rt1.18",-4.4540889165061,10.9399035333143,-1.13503818538917,0.308348283963437,0.351158364663801,-6.48010869814607,2801,1.182,279.13461,"Unknown","[M+H]+","ion correlated with 1097; ion correlated with 2369; ion correlated with 2102",0.107,FALSE,"null","null","null","null",999,FALSE,FALSE,FALSE,"null","null","null","null","null",37.47,1435.66666666667,404.588631090487,21,"Exudate vs Leaf","Leaf","Not selected"
"F5137_mz780.5517_rt8.71",4.65491887499459,11.2312954091617,1.12551741472036,0.311997116242619,0.354980786427872,-6.4903140740194,5137,8.71,780.5517,"Unknown","[M+H]+","ion correlated with 5115; ion correlated with 5148",0.071,TRUE,"null","null","null","null",999,FALSE,FALSE,FALSE,"null","null","null","null","null",66.41,1640.66666666667,170.383553299492,23,"Exudate vs Leaf","Exudate","Not selected"
"F1364_mz174.1492_rt0.66",1.36687115966957,16.3008321548593,1.12362343744504,0.312727461627883,0.355345834427201,-6.49233821048756,1364,0.663,174.14917,"Unknown","[M+H]+",NA,0.107,FALSE,"null","null","null","null",999,FALSE,FALSE,FALSE,"null","null","null","null","null",37.47,2341,93.2096498719044,16,"Exudate vs Leaf","Exudate","Not selected"
"F1164_mz161.1078_rt1.03",-0.839832886413064,13.0218360925279,-1.12316782485498,0.312903374796275,0.355345834427201,-6.49282483380672,1164,1.035,161.1078,"Unknown","[M+H]+","ion correlated with 4334; ion correlated with 4112",0.143,FALSE,"null","null","null","null",999,FALSE,FALSE,FALSE,"null","null","null","null","null",77.45,1394.33333333333,130.675585284281,21,"Exudate vs Leaf","Leaf","Not selected"
"F1958_mz215.1394_rt0.91",0.642974505843537,14.6417855744021,1.10802675344565,0.318798570217279,0.361702303031567,-6.50892972085115,1958,0.91,215.13939,"Unknown","[M+H]+","ion correlated with 2544; ion correlated with 2928; ion correlated with 1993; ion correlated with 350; ion correlated with 765; ion correlated with 1568",0.357,TRUE,"null","null","null","null",999,FALSE,FALSE,FALSE,"null","null","null","null","null",571.36,2258.66666666667,7600.34887151497,22,"Exudate vs Leaf","Exudate","Not selected"
"F5148_mz784.5856_rt8.75",4.82362303190723,11.8378477369997,1.10494983813043,0.320008286198728,0.362735816475496,-6.51218652384073,5148,8.746,784.58557,"Unknown","[M+H]+","ion correlated with 5137; ion correlated with 5115",0.036,FALSE,"null","null","null","null",999,FALSE,FALSE,FALSE,"null","null","null","null","null",17.01,0,390075,15,"Exudate vs Leaf","Exudate","Not selected"
"F4064_mz390.9117_rt0.44",-4.90639613059701,12.283292934251,-1.10353647311892,0.320565293852256,0.362830886823711,-6.51368069479936,4064,0.435,390.91174,"Unknown","[M+H]+","ion correlated with 3718; ion correlated with 3187; ion correlated with 3765; ion correlated with 4097; ion correlated with 2873; ion correlated with 4065",0.036,FALSE,"null","null","null","null",999,FALSE,FALSE,FALSE,"null","null","null","null","null",84.74,0,101978,5,"Exudate vs Leaf","Leaf","Not selected"
"F2498_mz257.1388_rt1.04",-0.347657230914853,17.529569191508,-1.10322057912844,0.320689902439738,0.362830886823711,-6.51401449193612,2498,1.036,257.13885,"Unknown","[M+H]+","similar chromatogram in higher mz_2969; similar chromatogram in higher mz_4267",0.143,FALSE,"null","null","null","null",999,FALSE,FALSE,FALSE,"null","null","null","null","null",19.73,91436,7.27362008814812,24,"Exudate vs Leaf","Leaf","Not selected"
"F5160_mz796.5945_rt9.58",-4.84875031548379,12.2206282566737,-1.09993828385905,0.321987128449932,0.363959379830743,-6.51747939969888,5160,9.582,796.59448,"Unknown","[M+H]+",NA,0.036,TRUE,"null","null","null","null",999,FALSE,FALSE,FALSE,"null","null","null","null","null",58.28,2476.66666666667,47.9769944840576,17,"Exudate vs Leaf","Leaf","Not selected"
"F1394_mz176.8941_rt0.44",-0.457958064303581,17.0688709526138,-1.09415253258706,0.324284807215664,0.366215586939363,-6.52357183334186,1394,0.443,176.8941,"Unknown","[M+H]+",NA,0.179,FALSE,"null","null","null","null",999,FALSE,FALSE,FALSE,"null","null","null","null","null",1536,0,360448,17,"Exudate vs Leaf","Leaf","Not selected"
"F379_mz105.0701_rt1.26",-4.52715597287915,11.4369536749482,-1.09157296300421,0.32531377349607,0.367036171955603,-6.52628184839685,379,1.256,105.07012,"Unknown","[M+H]+","ion correlated with 1003; ion correlated with 1754; ion correlated with 2021; ion correlated with 3568; ion correlated with 1272; ion correlated with 1996; similar chromatogram in higher mz_1207; found in higher mz's MsMs_1207",0.071,TRUE,"null","null","null","null",999,FALSE,FALSE,FALSE,"null","null","null","null","null",34.38,1761.66666666667,124.631051437216,20,"Exudate vs Leaf","Leaf","Not selected"
"F2021_mz219.1749_rt1.21",-4.24684777334437,10.7009326109724,-1.07449568207452,0.332196807988094,0.374161718273032,-6.54412378975868,2021,1.207,219.17487,"Unknown","[M+H]+","ion correlated with 2799; ion correlated with 2619; ion correlated with 2102; ion correlated with 1003; ion correlated with 1754; ion correlated with 1272; ion correlated with 1996; similar chromatogram in higher mz_4583",0.071,FALSE,"null","null","null","null",999,FALSE,FALSE,FALSE,"null","null","null","null","null",96.12,578.666666666667,840.608970672801,14,"Exudate vs Leaf","Leaf","Not selected"
"F3005_mz294.0038_rt0.46",4.75916872882078,12.0648751393187,1.0743753606952,0.332245743244092,0.374161718273032,-6.54424888373094,3005,0.456,294.00385,"Unknown","[M+H]+",NA,0.143,FALSE,"null","null","null","null",999,FALSE,FALSE,FALSE,"null","null","null","null","null",648.96,0,142337,13,"Exudate vs Leaf","Exudate","Not selected"
"F1795_mz204.0872_rt1.03",-0.262832844415705,15.7926153511514,-1.06819903888474,0.334765971634232,0.376650500059275,-6.55065851704048,1795,1.034,204.08723,"Unknown","[M+H]+","similar chromatogram in higher mz_4489; similar chromatogram in higher mz_3662",0.071,FALSE,"null","null","null","null",999,FALSE,FALSE,FALSE,"null","null","null","null","null",14.94,12620.3333333333,12.3252429748574,24,"Exudate vs Leaf","Leaf","Not selected"
"F1625_mz193.1226_rt1.18",-1.2586565219968,16.5946125432932,-1.06041964659881,0.337963520582278,0.379896031469338,-6.55869898932115,1625,1.182,193.12259,"Unknown","[M+H]+","ion correlated with 4061; ion correlated with 4076; ion correlated with 1665",0.036,FALSE,"null","null","null","null",999,FALSE,FALSE,FALSE,"null","null","null","null","null",30.82,10859.3333333333,173.831681041098,24,"Exudate vs Leaf","Leaf","Not selected"
"F1195_mz163.1482_rt1.18",-4.77063780111183,12.3146655867306,-1.05159503323013,0.341622093427108,0.383653303811756,-6.56777508022899,1195,1.182,163.14822,"Unknown","[M+H]+","ion correlated with 955; ion correlated with 4038; ion correlated with 1625; ion correlated with 4061; ion correlated with 4111; ion correlated with 4432; ion correlated with 4076; ion correlated with 1408; ion correlated with 1470; ion correlated with 1431; ion correlated with 4620",0.036,FALSE,"null","null","null","null",999,FALSE,FALSE,FALSE,"null","null","null","null","null",10.69,2761.33333333333,61.0755400024134,15,"Exudate vs Leaf","Leaf","Not selected"
"F1669_mz195.9489_rt0.66",-4.989498538168,13.058053927481,-1.04972542169733,0.342401508187223,0.384173226376422,-6.56969182607516,1669,0.665,195.94887,"Unknown","[M+H]+",NA,0.107,FALSE,"null","null","null","null",999,FALSE,FALSE,FALSE,"null","null","null","null","null",54.96,1364.33333333333,306.4365234375,23,"Exudate vs Leaf","Leaf","Not selected"
"F4566_mz482.4055_rt5.73",0.257743860831896,16.9032289414023,1.02056555977268,0.354753412247922,0.39742197187784,-6.59930410097439,4566,5.733,482.40552,"Unknown","[M+H]+","ion correlated with 4094",0.071,FALSE,"null","null","null","null",999,FALSE,FALSE,FALSE,"null","null","null","null","null",59.25,31689.6666666667,10.2604973073039,24,"Exudate vs Leaf","Exudate","Not selected"
"F474_mz113.0347_rt0.8",0.434931200734333,15.9043885770929,1.02030736659193,0.354864429584497,0.39742197187784,-6.59956389581419,474,0.795,113.03468,"Unknown","[M+H]+","ion correlated with 1006; ion correlated with 618; similar chromatogram in higher mz_2224; similar chromatogram in higher mz_1579; similar chromatogram in higher mz_2277; similar chromatogram in higher mz_2614",0.464,TRUE,"null","null","null","null",999,FALSE,FALSE,FALSE,"null","null","null","null","null",192.34,15123,282.924953715948,24,"Exudate vs Leaf","Exudate","Not selected"
"F1297_mz170.0812_rt0.68",-0.809305739280497,15.220216167053,-1.01686186727128,0.356348699297141,0.398716424835695,-6.60302667506551,1297,0.677,170.08119,"Unknown","[M+H]+",NA,0.036,FALSE,"null","null","null","null",999,FALSE,FALSE,FALSE,"null","null","null","null","null",157.16,14675.3333333333,66.5675804583343,21,"Exudate vs Leaf","Leaf","Not selected"
"F721_mz130.0082_rt0.44",0.852576899315288,22.4850893692166,1.01181209125059,0.358533428141793,0.400791511753349,-6.60808796620469,721,0.439,130.00816,"Unknown","[M+H]+",NA,0.036,FALSE,"null","null","null","null",999,FALSE,FALSE,FALSE,"null","null","null","null","null",38.2,221735.666666667,43.7511988695299,24,"Exudate vs Leaf","Exudate","Not selected"
"F3024_mz295.1634_rt1.17",-0.14546972265901,17.6455276535618,-1.00755402156213,0.360384295546624,0.402489912413617,-6.61234292063008,3024,1.173,295.16339,"Unknown","[M+H]+",NA,0.036,TRUE,"null","null","null","null",999,FALSE,FALSE,FALSE,"null","null","null","null","null",339.48,81992.3333333333,21.4945889909749,24,"Exudate vs Leaf","Leaf","Not selected"
"F1201_mz164.057_rt0.8",4.16608632171749,11.3138337134631,1.00308368545931,0.362335970413199,0.404297672869139,-6.61679728997883,1201,0.8,164.05702,"Unknown","[M+H]+","ion correlated with 2115; ion correlated with 2464",0.071,FALSE,"null","null","null","null",999,FALSE,FALSE,FALSE,"null","null","null","null","null",31.52,1738.33333333333,118.866232272901,16,"Exudate vs Leaf","Exudate","Not selected"
"F4259_mz420.8054_rt0.42",-0.485924902739052,16.6362950056773,-0.976316111271874,0.37420601097832,0.416978570139717,-6.64319331064116,4259,0.416,420.80542,"Unknown","[M+H]+","ion correlated with 4169; ion correlated with 4582; ion correlated with 4589; ion correlated with 4787; ion correlated with 3927; ion correlated with 4463; ion correlated with 4476; ion correlated with 4725; ion correlated with 4731; ion correlated with 1230; ion correlated with 4249; ion correlated with 3230; ion correlated with 998; ion correlated with 1872; ion correlated with 4124; ion correlated with 3142",0.107,FALSE,"null","null","null","null",999,FALSE,FALSE,FALSE,"null","null","null","null","null",4852.16,0,285407,19,"Exudate vs Leaf","Leaf","Not selected"
"F1527_mz186.1128_rt0.92",-0.560820627211344,15.0246831375033,-0.975911903126762,0.37438767829678,0.416978570139717,-6.64358823809848,1527,0.917,186.11282,"Unknown","[M+H]+",NA,0.036,FALSE,"null","null","null","null",999,FALSE,FALSE,FALSE,"null","null","null","null","null",23.12,13136.3333333333,10.1939257079062,18,"Exudate vs Leaf","Leaf","Not selected"
"F4582_mz488.7899_rt0.42",0.275471200784541,17.730565304533,0.95911241901859,0.382002044053561,0.425069185592138,-6.65990376707545,4582,0.416,488.78992,"Unknown","[M+H]+","ion correlated with 4156; ion correlated with 3927; ion correlated with 4463; ion correlated with 4725; ion correlated with 3142; ion correlated with 3708",0.107,FALSE,"null","null","null","null",999,FALSE,FALSE,FALSE,"null","null","null","null","null",8164.36,0,513165,23,"Exudate vs Leaf","Exudate","Not selected"
"F3706_mz352.8832_rt0.42",0.63505311144701,15.8196454486975,0.94432480173019,0.388808269427452,0.432246555938578,-6.67410466132505,3706,0.416,352.88318,"Unknown","[M+H]+",NA,0.036,FALSE,"null","null","null","null",999,FALSE,FALSE,FALSE,"null","null","null","null","null",2876.59,0,143831,19,"Exudate vs Leaf","Exudate","Not selected"
"F1691_mz197.1289_rt1.06",4.61828121474173,13.2269140601076,0.939363884225296,0.391113431155962,0.434411441375424,-6.67883456571843,1691,1.062,197.12888,"Unknown","[M+H]+","ion correlated with 2975; ion correlated with 2762; ion correlated with 966",0.5,TRUE,"null","null","null","null",999,FALSE,FALSE,FALSE,"null","null","null","null","null",378.44,6920.66666666667,579.433132675175,22,"Exudate vs Leaf","Exudate","Not selected"
"F2856_mz284.0995_rt0.88",-0.433432787627617,15.2460931054412,-0.938220340812775,0.391646352570921,0.434605733108865,-6.67992240359255,2856,0.88,284.09949,"Unknown","[M+H]+","ion correlated with 1049; ion correlated with 924; similar chromatogram in higher mz_4400",0.464,TRUE,"null","null","null","null",999,FALSE,FALSE,FALSE,"null","null","null","null","null",1270.15,0,9523319,24,"Exudate vs Leaf","Leaf","Not selected"
"F300_mz99.0918_rt0.73",3.99508508016913,11.576809211257,0.923320049874003,0.398643697383637,0.441966619747704,-6.69401213747463,300,0.732,99.09181,"Unknown","[M+H]+",NA,0.179,FALSE,"null","null","null","null",999,FALSE,FALSE,FALSE,"null","null","null","null","null",30.83,1085.33333333333,1191.67382632709,19,"Exudate vs Leaf","Exudate","Not selected"
"F3235_mz311.1582_rt1.19",-3.6167655802884,10.6878710313575,-0.898948080410433,0.410303452277213,0.45447845900049,-6.71671403120026,3235,1.189,311.1582,"Unknown","[M+H]+","ion correlated with 2194; ion correlated with 2707; ion correlated with 2166; ion correlated with 2946; ion correlated with 2392; ion correlated with 2358; ion correlated with 1768",0.107,TRUE,"null","null","null","null",999,FALSE,FALSE,FALSE,"null","null","null","null","null",488.15,1189.33333333333,1715.22290674881,19,"Exudate vs Leaf","Leaf","Not selected"
"F2540_mz260.1498_rt1.03",4.09368635750239,11.8038266262973,0.892603714347919,0.413382409628806,0.457471508923766,-6.72255239221251,2540,1.034,260.14978,"Unknown","[M+H]+",NA,0.036,FALSE,"null","null","null","null",999,FALSE,FALSE,FALSE,"null","null","null","null","null",62.46,5025.66666666667,22.2103448275862,21,"Exudate vs Leaf","Exudate","Not selected"
"F1713_mz199.0872_rt1.06",1.20170227473592,17.0298022502536,0.859936104341318,0.429523069786939,0.474900734718893,-6.75213792677614,1713,1.056,199.08716,"Unknown","[M+H]+",NA,0.214,TRUE,"null","null","null","null",999,FALSE,FALSE,FALSE,"null","null","null","null","null",30.01,106933,11.8842931153796,24,"Exudate vs Leaf","Exudate","Not selected"
"F2776_mz277.1286_rt1.51",-0.315599724539534,14.0541679842801,-0.855351114201699,0.431826948866712,0.477013572269507,-6.75622548590188,2776,1.513,277.12857,"Unknown","[M+H]+","ion correlated with 3074",0.036,TRUE,"null","null","null","null",999,FALSE,FALSE,FALSE,"null","null","null","null","null",48.19,4362.66666666667,53.548315636697,24,"Exudate vs Leaf","Leaf","Not selected"
"F3587_mz342.2394_rt1.04",-3.62931247971519,11.578404568237,-0.825340951595541,0.447140696652702,0.493480732487618,-6.78257648136405,3587,1.037,342.23935,"Unknown","[M+H]+","ion correlated with 3132; ion correlated with 4312; ion correlated with 3393; ion correlated with 2891; ion correlated with 3913; ion correlated with 1544; ion correlated with 2698; ion correlated with 61; ion correlated with 3613; ion correlated with 761; ion correlated with 3432; ion correlated with 1392; ion correlated with 3479; ion correlated with 4022; ion correlated with 3786; ion correlated with 3129; ion correlated with 3160; ion correlated with 2526; ion correlated with 2908; ion correlated with 2633; ion correlated with 3603; ion correlated with 3335; ion correlated with 3569",0.357,FALSE,"null","null","null","null",999,FALSE,FALSE,FALSE,"null","null","null","null","null",195.16,4329,198.632563510393,23,"Exudate vs Leaf","Leaf","Not selected"
"F3584_mz342.203_rt1.12",-3.32562664369164,10.74913437637,-0.8119138141128,0.454123881104641,0.500732417494128,-6.79413620644721,3584,1.121,342.20303,"Unknown","[M+H]+","ion correlated with 3629; ion correlated with 4585; ion correlated with 4081; ion correlated with 4127; ion correlated with 3431; ion correlated with 4361; ion correlated with 4335; ion correlated with 3958; ion correlated with 3759; ion correlated with 2671; ion correlated with 1123; ion correlated with 3738",0.036,FALSE,"null","null","null","null",999,FALSE,FALSE,FALSE,"null","null","null","null","null",98.32,0,198106,19,"Exudate vs Leaf","Leaf","Not selected"
"F493_mz114.1027_rt0.43",-4.15810320797884,13.1474920982042,-0.796646980308578,0.462162527955665,0.509133674172575,-6.8071035050032,493,0.43,114.10274,"Unknown","[M+H]+","ion correlated with 2058; ion correlated with 1590; ion correlated with 2004; ion correlated with 2360; ion correlated with 2016; ion correlated with 1812; found in higher mz's MsMs_2814; found in higher mz's MsMs_2572; similar chromatogram in higher mz_1682; similar chromatogram in higher mz_1965; similar chromatogram in higher mz_802; similar chromatogram in higher mz_1165; similar chromatogram in higher mz_3659; similar chromatogram in higher mz_2819; similar chromatogram in higher mz_3329",0.429,TRUE,"null","null","null","null",999,FALSE,FALSE,FALSE,"null","null","null","null","null",57.39,0,1315035,18,"Exudate vs Leaf","Leaf","Not selected"
"F5085_mz739.6208_rt0.49",3.74271299080298,12.3135889575861,0.793632849123714,0.463761997201253,0.510432515505277,-6.80964124206073,5085,0.494,739.62079,"Unknown","[M+H]+",NA,0.036,FALSE,"null","null","null","null",999,FALSE,FALSE,FALSE,"null","null","null","null","null",23.63,8903,21.0558176100629,17,"Exudate vs Leaf","Exudate","Not selected"
"F3410_mz325.2377_rt2.36",-0.467806161474667,14.8871516570539,-0.781277186298211,0.470361293109033,0.517227001661564,-6.81996610829633,3410,2.355,325.2377,"Unknown","[M+H]+","ion correlated with 4628; ion correlated with 4648; similar chromatogram in higher mz_4628; similar chromatogram in higher mz_4648",0.036,FALSE,"null","null","null","null",999,FALSE,FALSE,FALSE,"null","null","null","null","null",26.59,4865,35.0665844636252,24,"Exudate vs Leaf","Leaf","Not selected"
"F1607_mz192.0869_rt0.48",0.373196203515714,15.6936291805841,0.751522598934239,0.48653444686439,0.534271562683309,-6.84430868095619,1607,0.478,192.0869,"Unknown","[M+H]+",NA,0.429,FALSE,"null","null","null","null",999,FALSE,FALSE,FALSE,"null","null","null","null","null",144.22,5450.33333333333,213.939770086829,22,"Exudate vs Leaf","Exudate","Not selected"
"F1408_mz177.1276_rt1.19",-0.412032341018999,14.6956807379316,-0.751146085158952,0.486741637831746,0.534271562683309,-6.84461192776303,1408,1.192,177.12762,"Unknown","[M+H]+","ion correlated with 4543; ion correlated with 3574; ion correlated with 955; ion correlated with 1195; ion correlated with 3744; ion correlated with 4111; ion correlated with 4432; ion correlated with 4076; ion correlated with 1470; similar chromatogram in higher mz_3011; similar chromatogram in higher mz_2777; similar chromatogram in higher mz_4792; similar chromatogram in higher mz_2522; similar chromatogram in higher mz_4937; similar chromatogram in higher mz_4806; similar chromatogram in higher mz_3274; similar chromatogram in higher mz_4593; similar chromatogram in higher mz_4673",0.036,FALSE,"null","null","null","null",999,FALSE,FALSE,FALSE,"null","null","null","null","null",23.79,2087,68.9516283524904,24,"Exudate vs Leaf","Leaf","Not selected"
"F5142_mz782.5701_rt8.86",-1.26264937737442,17.1530482756879,-0.747345075500283,0.488836828151538,0.53608663900268,-6.84766652347497,5142,8.857,782.57013,"Unknown","[M+H]+","ion correlated with 5141",0.036,TRUE,"null","null","null","null",999,FALSE,FALSE,FALSE,"null","null","null","null","null",257.38,31338.6666666667,70.7430944809028,24,"Exudate vs Leaf","Leaf","Not selected"
"F3713_mz353.2303_rt1.44",-0.314961711317092,13.3374014540788,-0.738589172940508,0.493687740991276,0.540917795634845,-6.85465599308327,3713,1.438,353.23026,"Unknown","[M+H]+","ion correlated with 3657",0.321,TRUE,"null","null","null","null",999,FALSE,FALSE,FALSE,"null","null","null","null","null",248.25,2322.66666666667,869.869172285182,24,"Exudate vs Leaf","Leaf","Not selected"
"F319_mz101.0033_rt0.64",0.444444758091502,20.6575025838778,0.734647449727415,0.49588265139758,0.542832767174628,-6.85778099889639,319,0.638,101.00331,"Unknown","[M+H]+","ion correlated with 320",0.464,TRUE,"null","null","null","null",999,FALSE,FALSE,FALSE,"null","null","null","null","null",147.25,118086,50.1691041350868,24,"Exudate vs Leaf","Exudate","Not selected"
"F24_mz63.998_rt0.64",-0.426901601187686,21.166706346734,-0.733152601715753,0.496716848043044,0.543256084256086,-6.85896261067113,24,0.64,63.99801,"Unknown","[M+H]+","ion correlated with 23; ion correlated with 1136; found in higher mz's MsMs_110; found in higher mz's MsMs_1109; found in higher mz's MsMs_1136",0.714,TRUE,"null","null","null","null",999,FALSE,FALSE,FALSE,"null","null","null","null","null",2375.66,104429,60.5567461457436,24,"Exudate vs Leaf","Leaf","Not selected"
"F2689_mz272.2954_rt2.69",-2.74796796857272,9.84854548617153,-0.720501590472143,0.503816391375095,0.550524841700599,-6.86888505374905,2689,2.693,272.29535,"Unknown","[M+H]+","ion correlated with 3301",0.143,TRUE,"null","null","null","null",999,FALSE,FALSE,FALSE,"null","null","null","null","null",44.76,1315.33333333333,215.593567991897,21,"Exudate vs Leaf","Leaf","Not selected"
"F1233_mz166.0865_rt1.1",-0.153511092081945,16.4591524381358,-0.716036831652573,0.506338849445794,0.552783600024455,-6.87235352809883,1233,1.105,166.08655,"Unknown","[M+H]+","ion correlated with 764",0.357,TRUE,"null","null","null","null",999,FALSE,FALSE,FALSE,"null","null","null","null","null",699.68,25679.6666666667,332.069105163417,24,"Exudate vs Leaf","Leaf","Not selected"
"F1431_mz179.1432_rt1.2",0.685454649502644,15.4225449584776,0.70451540090738,0.512888736840554,0.559431200830577,-6.88122303688495,1431,1.202,179.14319,"Unknown","[M+H]+","ion correlated with 955; ion correlated with 4038; ion correlated with 1625; ion correlated with 4061; ion correlated with 4076; ion correlated with 1665; ion correlated with 1470; ion correlated with 4039",0.036,FALSE,"null","null","null","null",999,FALSE,FALSE,FALSE,"null","null","null","null","null",42.6,14708.6666666667,21.4507240136871,24,"Exudate vs Leaf","Exudate","Not selected"
"F705_mz129.0522_rt0.57",0.185878199036275,18.0882532421237,0.70332204045621,0.513570496435636,0.559671977264688,-6.8821350140247,705,0.571,129.05222,"Unknown","[M+H]+",NA,0.036,FALSE,"null","null","null","null",999,FALSE,FALSE,FALSE,"null","null","null","null","null",211.73,170828,6.1189142358733,23,"Exudate vs Leaf","Exudate","Not selected"
"F2161_mz230.0053_rt9.7",-3.67702801062678,13.4687766000673,-0.700965614634414,0.514918545372083,0.560637770476869,-6.88393210504838,2161,9.697,230.00534,"Unknown","[M+H]+",NA,0.071,FALSE,"null","null","null","null",999,FALSE,FALSE,FALSE,"null","null","null","null","null",51.62,21401,5.48252499766377,19,"Exudate vs Leaf","Leaf","Not selected"
"F2935_mz288.2902_rt1.87",-0.288035934939327,13.1750140368102,-0.683049678875603,0.525247312400213,0.571371180334999,-6.89743329477412,2935,1.869,288.29022,"Unknown","[M+H]+","ion correlated with 2330",0.25,TRUE,"null","null","null","null",999,FALSE,FALSE,FALSE,"null","null","null","null","null",234.72,6005.33333333333,146.646373272657,22,"Exudate vs Leaf","Leaf","Not selected"
"F2633_mz268.1046_rt1.06",0.338524500638208,13.8064424819349,0.676823095315534,0.528869810095579,0.574796731831722,-6.90205796801006,2633,1.062,268.10458,"Unknown","[M+H]+","ion correlated with 61; ion correlated with 3613; ion correlated with 761; ion correlated with 3432; ion correlated with 1392; ion correlated with 3479; ion correlated with 4022; ion correlated with 3786; ion correlated with 3587; ion correlated with 3129; ion correlated with 3160; ion correlated with 2526; ion correlated with 3603; ion correlated with 3335; ion correlated with 3569",0.036,FALSE,"null","null","null","null",999,FALSE,FALSE,FALSE,"null","null","null","null","null",72.09,6312,120.881355932203,24,"Exudate vs Leaf","Exudate","Not selected"
"F1824_mz206.1026_rt0.45",0.355774759274299,15.9941993562868,0.660276728789932,0.538577819273242,0.584824215203682,-6.91417615787447,1824,0.448,206.10257,"Unknown","[M+H]+",NA,0.25,FALSE,"null","null","null","null",999,FALSE,FALSE,FALSE,"null","null","null","null","null",79.36,27237,17.6487260444967,22,"Exudate vs Leaf","Exudate","Not selected"
"F1273_mz168.1022_rt0.93",0.26976987829842,14.5534555485064,0.654004477407579,0.542288715816434,0.588327525470198,-6.91870424430588,1273,0.932,168.10219,"Unknown","[M+H]+","ion correlated with 47; ion correlated with 2643; ion correlated with 4011; ion correlated with 2204; ion correlated with 2835; ion correlated with 2264; ion correlated with 2963; ion correlated with 3334; ion correlated with 3381; ion correlated with 2802; ion correlated with 2829; ion correlated with 3902; ion correlated with 3161; ion correlated with 3743; ion correlated with 1446; ion correlated with 2994; ion correlated with 3132; ion correlated with 2444; ion correlated with 3393",0.036,FALSE,"null","null","null","null",999,FALSE,FALSE,FALSE,"null","null","null","null","null",81.32,12451.3333333333,111.980780041224,24,"Exudate vs Leaf","Exudate","Not selected"
"F1289_mz169.1225_rt1.1",0.174709021197111,17.3502128074726,0.652013966293567,0.543469907645956,0.589082560609098,-6.9201336569019,1289,1.104,169.12248,"Unknown","[M+H]+","ion correlated with 4257; ion correlated with 3349; ion correlated with 3823; ion correlated with 4486; ion correlated with 3491; ion correlated with 4019; ion correlated with 4192; ion correlated with 3143; ion correlated with 4250; similar chromatogram in higher mz_4693",0.107,FALSE,"null","null","null","null",999,FALSE,FALSE,FALSE,"null","null","null","null","null",75.9,53652.3333333333,6.66048086481113,24,"Exudate vs Leaf","Exudate","Not selected"
"F3566_mz339.2168_rt1.18",0.17339953859574,16.2749768610813,0.63846663750813,0.551554057453164,0.597311887375684,-6.92976455520526,3566,1.177,339.21683,"Unknown","[M+H]+","ion correlated with 5140; ion correlated with 4543; ion correlated with 4333; ion correlated with 3143; ion correlated with 4110; ion correlated with 3772; ion correlated with 4353; ion correlated with 4341; ion correlated with 4388; ion correlated with 4166; ion correlated with 4952; ion correlated with 4041; ion correlated with 3635; ion correlated with 4797; ion correlated with 4789; ion correlated with 4792; ion correlated with 4937; ion correlated with 1381; ion correlated with 1635; ion correlated with 2013; ion correlated with 4871; ion correlated with 4381",0.071,FALSE,"null","null","null","null",999,FALSE,FALSE,FALSE,"null","null","null","null","null",23.29,27295,7.64976553341149,23,"Exudate vs Leaf","Exudate","Not selected"
"F1445_mz180.1023_rt0.91",0.239747528665684,15.0967976650139,0.628657234532195,0.557456405356725,0.603165843229113,-6.93663118611557,1445,0.91,180.10228,"Unknown","[M+H]+",NA,0.143,TRUE,"null","null","null","null",999,FALSE,FALSE,FALSE,"null","null","null","null","null",313,10851.6666666667,161.715553780945,21,"Exudate vs Leaf","Exudate","Not selected"
"F560_mz118.1229_rt0.74",-0.222581212526532,17.0421864675504,-0.625570469901167,0.559322143542749,0.604645665414868,-6.93877323017542,560,0.737,118.12287,"Unknown","[M+H]+","ion correlated with 2416; similar chromatogram in higher mz_4075; similar chromatogram in higher mz_1574",0.071,FALSE,"null","null","null","null",999,FALSE,FALSE,FALSE,"null","null","null","null","null",58.04,25067,17.2844263603,18,"Exudate vs Leaf","Leaf","Not selected"
"F2222_mz235.0872_rt1.18",0.195748516698666,13.1859809588933,0.622716270606124,0.561050887250904,0.605974890678468,-6.94074588681158,2222,1.175,235.08717,"Unknown","[M+H]+",NA,0.214,FALSE,"null","null","null","null",999,FALSE,FALSE,FALSE,"null","null","null","null","null",80.04,598.333333333333,367.638487208009,22,"Exudate vs Leaf","Exudate","Not selected"
"F2661_mz270.9202_rt0.4",-0.386343216085496,17.854519379721,-0.615933525534444,0.565172832384774,0.609884283124547,-6.94540278986905,2661,0.397,270.9202,"Unknown","[M+H]+","ion correlated with 203; ion correlated with 186",0.286,FALSE,"null","null","null","null",999,FALSE,FALSE,FALSE,"null","null","null","null","null",137.31,0,598342,13,"Exudate vs Leaf","Leaf","Not selected"
"F2859_mz284.171_rt0.78",0.20659545241904,16.6774588504268,0.613966920736649,0.566371566697763,0.610635063917481,-6.94674485617911,2859,0.777,284.17099,"Unknown","[M+H]+",NA,0.071,FALSE,"null","null","null","null",999,FALSE,FALSE,FALSE,"null","null","null","null","null",45.7,21021,12.458043953953,17,"Exudate vs Leaf","Exudate","Not selected"
"F1866_mz209.1176_rt1.18",0.367700694508073,16.2204040347486,0.6108937333998,0.568248051662659,0.612114582713814,-6.94883471271071,1866,1.18,209.11765,"Unknown","[M+H]+",NA,0.071,FALSE,"null","null","null","null",999,FALSE,FALSE,FALSE,"null","null","null","null","null",73.13,20202,20.8894718606148,24,"Exudate vs Leaf","Exudate","Not selected"
"F884_mz141.0547_rt0.46",0.127538693880499,17.3936592230638,0.603732494724623,0.572635977142563,0.616294393839603,-6.95366957033434,884,0.461,141.0547,"Unknown","[M+H]+",NA,0.107,FALSE,"null","null","null","null",999,FALSE,FALSE,FALSE,"null","null","null","null","null",20.4,62531.6666666667,6.66382903868911,17,"Exudate vs Leaf","Exudate","Not selected"
"F136_mz81.017_rt0.64",-0.284622147124355,24.6566884721619,-0.600471110898937,0.574641397423377,0.617904921587227,-6.95585518708262,136,0.635,81.01698,"Unknown","[M+H]+","found in higher mz's MsMs_1136; found in higher mz's MsMs_405",0.821,TRUE,"null","null","null","null",999,FALSE,FALSE,FALSE,"null","null","null","null","null",3052.17,1221214,52.9924583304332,24,"Exudate vs Leaf","Leaf","Not selected"
"F5111_mz756.5501_rt9.7",2.97162655594661,12.4871303091433,0.595337354260995,0.5778070578855,0.620759086967254,-6.95927485262184,5111,9.699,756.55005,"Unknown","[M+H]+","ion correlated with 5094",0.107,FALSE,"null","null","null","null",999,FALSE,FALSE,FALSE,"null","null","null","null","null",23.55,3941.33333333333,51.0555508582058,22,"Exudate vs Leaf","Exudate","Not selected"
"F2145_mz228.2689_rt2.66",-0.110539681998308,17.3141770732667,-0.591504400289355,0.580177687653657,0.622754830072096,-6.96181146255972,2145,2.658,228.26892,"Unknown","[M+H]+",NA,0.5,TRUE,"null","null","null","null",999,FALSE,FALSE,FALSE,"null","null","null","null","null",37.43,42265,10.3843041688355,24,"Exudate vs Leaf","Leaf","Not selected"
"F1443_mz180.1021_rt1.03",0.157628767917259,17.9569243879609,0.58053960031622,0.58699256737711,0.629513230384993,-6.96898924461583,1443,1.033,180.1021,"Unknown","[M+H]+",NA,0.071,FALSE,"null","null","null","null",999,FALSE,FALSE,FALSE,"null","null","null","null","null",82.67,34936.6666666667,35.1442759962982,24,"Exudate vs Leaf","Exudate","Not selected"
"F103_mz78.952_rt0.64",-0.491142485781853,15.2993935152519,-0.537050347128896,0.614500076463299,0.658431679458468,-6.99629529356672,103,0.64,78.95203,"Unknown","[M+H]+",NA,0.214,FALSE,"null","null","null","null",999,FALSE,FALSE,FALSE,"null","null","null","null","null",162.21,0,270125,23,"Exudate vs Leaf","Leaf","Not selected"
"F110_mz79.0213_rt0.64",-0.280938633628069,28.8727712536667,-0.534525557570674,0.616120070247699,0.659585330935368,-6.99782277656514,110,0.64,79.02131,"Unknown","[M+H]+","found in higher mz's MsMs_1136; found in higher mz's MsMs_1109; found in higher mz's MsMs_2718",0.786,TRUE,"null","null","null","null",999,FALSE,FALSE,FALSE,"null","null","null","null","null",29911.11,26594188.3333333,43.9364404891053,24,"Exudate vs Leaf","Leaf","Not selected"
"F2897_mz286.959_rt0.39",0.149153617313811,17.776776732244,0.518847642785512,0.626234971995912,0.669823133042324,-7.00716396976374,2897,0.394,286.95905,"Unknown","[M+H]+","ion correlated with 2640",0.429,FALSE,"null","null","null","null",999,FALSE,FALSE,FALSE,"null","null","null","null","null",172.68,0,508983,24,"Exudate vs Leaf","Exudate","Not selected"
"F796_mz135.117_rt5.76",-0.129333818910264,15.4262766814052,-0.506409692627139,0.634326672151348,0.677880792246247,-7.01439731460834,796,5.762,135.11696,"Unknown","[M+H]+","ion correlated with 4358; ion correlated with 4420; ion correlated with 595; ion correlated with 3908; ion correlated with 4091; ion correlated with 1025; ion correlated with 4273; ion correlated with 4359; ion correlated with 627; ion correlated with 2876; ion correlated with 3316; ion correlated with 3749; ion correlated with 3788; ion correlated with 3775; ion correlated with 2473; found in higher mz's MsMs_3153",0.036,FALSE,"null","null","null","null",999,FALSE,FALSE,FALSE,"null","null","null","null","null",15.96,8254.66666666667,15.0301611014657,24,"Exudate vs Leaf","Leaf","Not selected"
"F656_mz125.102_rt0.86",-0.297261954305809,16.9267298326249,-0.481475210691384,0.650723352920934,0.694791689046626,-7.02842014225117,656,0.859,125.10196,"Unknown","[M+H]+","ion correlated with 2403; ion correlated with 1429",0.107,FALSE,"null","null","null","null",999,FALSE,FALSE,FALSE,"null","null","null","null","null",33.07,45920,14.6724809999782,14,"Exudate vs Leaf","Leaf","Not selected"
"F682_mz127.0392_rt0.52",0.0996863803081588,21.155701337295,0.475590694201198,0.654626432297014,0.698344893504899,-7.03163570152208,682,0.522,127.03921,"Unknown","[M+H]+",NA,0.107,TRUE,"null","null","null","null",999,FALSE,FALSE,FALSE,"null","null","null","null","null",48,693344.333333333,7.27197654271368,24,"Exudate vs Leaf","Exudate","Not selected"
"F2620_mz267.1344_rt1",0.363286237544809,14.0455333816951,0.471228908184064,0.657527637980695,0.70082401449391,-7.03399589581019,2620,0.999,267.13443,"Unknown","[M+H]+","ion correlated with 391; ion correlated with 2359; ion correlated with 1446; ion correlated with 2444; ion correlated with 2245; ion correlated with 2068; ion correlated with 2926; ion correlated with 3627; ion correlated with 183",0.357,TRUE,"null","null","null","null",999,FALSE,FALSE,FALSE,"null","null","null","null","null",251.64,5752.33333333333,399.605388180765,24,"Exudate vs Leaf","Exudate","Not selected"
"F2118_mz227.128_rt1.1",-0.162101097157697,16.7424104762317,-0.469336310536107,0.65878862282625,0.701552094834269,-7.03501381463588,2118,1.096,227.12804,"Unknown","[M+H]+",NA,0.036,FALSE,"null","null","null","null",999,FALSE,FALSE,FALSE,"null","null","null","null","null",22.35,19552.3333333333,19.7709512444596,24,"Exudate vs Leaf","Leaf","Not selected"
"F838_mz138.0553_rt1.09",-0.123913776691047,16.3423479009072,-0.459876526570818,0.665110677729784,0.707663771046413,-7.04004545491654,838,1.091,138.05528,"Unknown","[M+H]+",NA,0.071,TRUE,"null","null","null","null",999,FALSE,FALSE,FALSE,"null","null","null","null","null",99.7,23135,27.113545988935,24,"Exudate vs Leaf","Leaf","Not selected"
"F868_mz140.0683_rt5.8",-0.083893845577477,20.1228594887816,-0.455306439941535,0.668176320767869,0.710303024003672,-7.04244260274688,868,5.8,140.06833,"Unknown","[M+H]+","ion correlated with 2504",0.107,TRUE,"null","null","null","null",999,FALSE,FALSE,FALSE,"null","null","null","null","null",27.18,318640.666666667,8.24000523053587,24,"Exudate vs Leaf","Leaf","Not selected"
"F5050_mz714.5069_rt9.7",-2.75539510139357,9.47273152543706,-0.452347110757064,0.670165391469838,0.711794212812233,-7.04398312146894,5050,9.696,714.5069,"Unknown","[M+H]+","ion correlated with 4121; ion correlated with 4278; ion correlated with 4545",0.107,FALSE,"null","null","null","null",999,FALSE,FALSE,FALSE,"null","null","null","null","null",17.14,4720,49.9070112264351,6,"Exudate vs Leaf","Leaf","Not selected"
"F2579_mz263.1283_rt1.34",-1.82703607067962,9.8070940592203,-0.450839027580262,0.671180212081553,0.712248931352277,-7.04476461939721,2579,1.336,263.12833,"Unknown","[M+H]+","ion correlated with 3843; ion correlated with 3857",0.071,FALSE,"null","null","null","null",999,FALSE,FALSE,FALSE,"null","null","null","null","null",44.25,694,375.880575539568,16,"Exudate vs Leaf","Leaf","Not selected"
"F785_mz134.1177_rt0.48",3.17916406850676,11.1728695570322,0.442361053777085,0.676899999664749,0.717691353356337,-7.04911317812584,785,0.484,134.11771,"Unknown","[M+H]+",NA,0.429,FALSE,"null","null","null","null",999,FALSE,FALSE,FALSE,"null","null","null","null","null",125.45,71380.3333333333,7.96093283024507,21,"Exudate vs Leaf","Exudate","Not selected"
"F2444_mz253.1188_rt0.99",-1.98268463532118,11.0096709635087,-0.439559760897839,0.678795412925899,0.719072976694626,-7.05053327886304,2444,0.988,253.1188,"Unknown","[M+H]+","ion correlated with 3381; ion correlated with 1273; ion correlated with 2802; ion correlated with 2829; ion correlated with 3902; ion correlated with 3778; ion correlated with 3743; ion correlated with 1446; ion correlated with 2994; ion correlated with 3132; ion correlated with 2245; ion correlated with 2926; ion correlated with 1544; ion correlated with 2620; ion correlated with 3432; ion correlated with 1374; ion correlated with 3627; ion correlated with 1392; similar chromatogram in higher mz_2754",0.357,TRUE,"null","null","null","null",999,FALSE,FALSE,FALSE,"null","null","null","null","null",290.88,2845.33333333333,599.95748916735,23,"Exudate vs Leaf","Leaf","Not selected"
"F1667_mz195.1382_rt2.38",-0.609166983194661,14.0021261826239,-0.436047231277167,0.681175880745344,0.720965579097513,-7.05230214929806,1667,2.375,195.13821,"Unknown","[M+H]+",NA,0.036,FALSE,"null","null","null","null",999,FALSE,FALSE,FALSE,"null","null","null","null","null",7.9,4815,42.4393687707641,24,"Exudate vs Leaf","Leaf","Not selected"
"F3414_mz326.2079_rt1.3",-1.85847631123901,10.5234940151629,-0.429572870789074,0.685574655754672,0.724989226555899,-7.05552811894186,3414,1.301,326.20795,"Unknown","[M+H]+","ion correlated with 2603; ion correlated with 2002; ion correlated with 4805; ion correlated with 4899; ion correlated with 4573; ion correlated with 4641; ion correlated with 4619; ion correlated with 4680; similar chromatogram in higher mz_4020",0.036,FALSE,"null","null","null","null",999,FALSE,FALSE,FALSE,"null","null","null","null","null",68.64,3498,117.592740783081,20,"Exudate vs Leaf","Leaf","Not selected"
"F3384_mz322.8645_rt0.41",-0.0726208082516188,18.7008926658214,-0.42028681083273,0.691908492670619,0.731050400437016,-7.06007684244513,3384,0.413,322.86447,"Unknown","[M+H]+","ion correlated with 2461; ion correlated with 1860; ion correlated with 2989; ion correlated with 2200; ion correlated with 1822; ion correlated with 2220; ion correlated with 1711",0.321,FALSE,"null","null","null","null",999,FALSE,FALSE,FALSE,"null","null","null","null","null",6208.16,0,1057583,23,"Exudate vs Leaf","Leaf","Not selected"
"F1366_mz174.8962_rt0.44",-0.0975958653098125,20.208361380671,-0.416217049589124,0.69469348667754,0.732964446114353,-7.06204123941517,1366,0.442,174.89624,"Unknown","[M+H]+","ion correlated with 1828; similar chromatogram in higher mz_1711; similar chromatogram in higher mz_2756; similar chromatogram in higher mz_4602",0.536,FALSE,"null","null","null","null",999,FALSE,FALSE,FALSE,"null","null","null","null","null",260.2,0,2908737,24,"Exudate vs Leaf","Leaf","Not selected"
"F4039_mz388.1972_rt1.25",-2.65044966007073,9.76108154263763,-0.415875335975415,0.694927576175964,0.732964446114353,-7.0622053677526,4039,1.252,388.19717,"Unknown","[M+H]+","ion correlated with 1431; ion correlated with 3883",0.036,TRUE,"null","null","null","null",999,FALSE,FALSE,FALSE,"null","null","null","null","null",190.22,0,1002828,10,"Exudate vs Leaf","Leaf","Not selected"
"F1296_mz170.0425_rt0.44",0.414442137979878,16.1809274331111,0.410101710105323,0.698888598518893,0.736502394619736,-7.06495948282567,1296,0.444,170.04253,"Unknown","[M+H]+","ion correlated with 1285; ion correlated with 1304; ion correlated with 2655; ion correlated with 1266; ion correlated with 4460; ion correlated with 4903",0.179,FALSE,"null","null","null","null",999,FALSE,FALSE,FALSE,"null","null","null","null","null",195.77,5332.33333333333,356.4721875,23,"Exudate vs Leaf","Exudate","Not selected"
"F3863_mz367.2462_rt1.78",-0.531358785603788,12.4991485560376,-0.396130156706607,0.708518804219053,0.746003320313903,-7.07147509657946,3863,1.779,367.24615,"Unknown","[M+H]+","ion correlated with 2126; ion correlated with 3807",0.071,FALSE,"null","null","null","null",999,FALSE,FALSE,FALSE,"null","null","null","null","null",24.61,974.666666666667,158.138025281859,20,"Exudate vs Leaf","Leaf","Not selected"
"F420_mz109.1014_rt2.08",-0.052949351720004,16.765718002185,-0.370247404524462,0.726522421439746,0.764296550804031,-7.08298405946838,420,2.077,109.10136,"Unknown","[M+H]+","ion correlated with 2751; ion correlated with 378; ion correlated with 742; ion correlated with 957; ion correlated with 1018; ion correlated with 1629; ion correlated with 1658; ion correlated with 628; ion correlated with 995; ion correlated with 1570; ion correlated with 1694; ion correlated with 1719; ion correlated with 2318; ion correlated with 2447; ion correlated with 596; ion correlated with 1191; ion correlated with 2158; ion correlated with 2394; ion correlated with 56; ion correlated with 1140; ion correlated with 1258; ion correlated with 1468; ion correlated with 2582; ion correlated with 3907; ion correlated with 3941; ion correlated with 5039; ion correlated with 4118; ion correlated with 3777; ion correlated with 3979; ion correlated with 3997; found in higher mz's MsMs_3323; found in higher mz's MsMs_3520; found in higher mz's MsMs_3703; found in higher mz's MsMs_2674; found in higher mz's MsMs_5004; found in higher mz's MsMs_2950; found in higher mz's MsMs_3851",0.107,FALSE,"null","null","null","null",999,FALSE,FALSE,FALSE,"null","null","null","null","null",13.74,23026.3333333333,10.9584117425668,24,"Exudate vs Leaf","Leaf","Not selected"
"F1970_mz216.1236_rt0.76",0.128150782855658,16.0191197668049,0.361827808929932,0.732423238782163,0.769837066564109,-7.0865695284051,1970,0.757,216.1236,"Unknown","[M+H]+",NA,0.071,FALSE,"null","null","null","null",999,FALSE,FALSE,FALSE,"null","null","null","null","null",24.16,24666.6666666667,13.3260273232166,19,"Exudate vs Leaf","Exudate","Not selected"
"F2374_mz247.1444_rt1.04",0.566783429414233,14.616436471,0.353234573174649,0.738467495694251,0.775518633021471,-7.09014826119399,2374,1.037,247.14444,"Unknown","[M+H]+",NA,0.036,FALSE,"null","null","null","null",999,FALSE,FALSE,FALSE,"null","null","null","null","null",5.22,14215.3333333333,25.4153438533143,23,"Exudate vs Leaf","Exudate","Not selected"
"F1027_mz149.9529_rt0.4",0.231118771964902,15.3364629220811,0.348649955877955,0.741701038456736,0.77824119333317,-7.09202412194243,1027,0.396,149.95294,"Unknown","[M+H]+","ion correlated with 2187; ion correlated with 1165",0.214,FALSE,"null","null","null","null",999,FALSE,FALSE,FALSE,"null","null","null","null","null",51.82,10558.3333333333,18.1397815518656,23,"Exudate vs Leaf","Exudate","Not selected"
"F8_mz61.011_rt0.64",-0.21716486321322,19.1627430908991,-0.34167846001335,0.746629664680521,0.782736107877507,-7.09483188052137,8,0.639,61.01101,"Unknown","[M+H]+","found in higher mz's MsMs_110; found in higher mz's MsMs_319; found in higher mz's MsMs_3120",0.5,TRUE,"null","null","null","null",999,FALSE,FALSE,FALSE,"null","null","null","null","null",91.09,23237.6666666667,64.9634947501291,24,"Exudate vs Leaf","Leaf","Not selected"
"F1063_mz153.1025_rt1.02",-2.09921046028063,9.6607482789786,-0.339391315386487,0.748249622470371,0.783757585572934,-7.09574124514141,1063,1.024,153.10251,"Unknown","[M+H]+","ion correlated with 855; ion correlated with 1222; ion correlated with 2554; ion correlated with 2113",0.429,FALSE,"null","null","null","null",999,FALSE,FALSE,FALSE,"null","null","null","null","null",28.31,0,473527,17,"Exudate vs Leaf","Leaf","Not selected"
"F2159_mz229.8934_rt0.39",-0.19429675938124,16.7422784215235,-0.336800945181306,0.750086135825042,0.784540585632701,-7.09676413218565,2159,0.391,229.89339,"Unknown","[M+H]+","ion correlated with 2186; ion correlated with 3029; ion correlated with 254; ion correlated with 801; ion correlated with 538; ion correlated with 2384; ion correlated with 2405; ion correlated with 3696",0.107,FALSE,"null","null","null","null",999,FALSE,FALSE,FALSE,"null","null","null","null","null",3375.77,0,311559,12,"Exudate vs Leaf","Leaf","Not selected"
"F186_mz86.5058_rt0.39",0.309056417804217,17.8810126414508,0.336514073350132,0.750289637495524,0.784540585632701,-7.09687695211016,186,0.391,86.50579,"Unknown","[M+H]+","ion correlated with 2661",0.393,FALSE,"null","null","null","null",999,FALSE,FALSE,FALSE,"null","null","null","null","null",732.03,0,485757,13,"Exudate vs Leaf","Exudate","Not selected"
"F5141_mz782.5701_rt8.81",-0.571071077155191,17.0505574743969,-0.332026254011712,0.753476210807788,0.787194595456673,-7.09862994632628,5141,8.806,782.57013,"Unknown","[M+H]+","ion correlated with 5142",0.071,TRUE,"null","null","null","null",999,FALSE,FALSE,FALSE,"null","null","null","null","null",287.42,30123,73.5979617580667,24,"Exudate vs Leaf","Leaf","Not selected"
"F23_mz63.998_rt0.6",0.0888511801484455,21.424582737402,0.327594147679048,0.756628710350209,0.789808473228851,-7.10033908645451,23,0.599,63.99798,"Unknown","[M+H]+","ion correlated with 24",0.143,TRUE,"null","null","null","null",999,FALSE,FALSE,FALSE,"null","null","null","null","null",896.33,103403.333333333,61.1574079745207,24,"Exudate vs Leaf","Exudate","Not selected"
"F122_mz79.3637_rt0.64",0.388630577640315,16.7050406056547,0.326091319358777,0.757698879346246,0.790246082067304,-7.10091362666416,122,0.645,79.36369,"Unknown","[M+H]+","ion correlated with 101",0.429,FALSE,"null","null","null","null",999,FALSE,FALSE,FALSE,"null","null","null","null","null",403.53,7179.33333333333,155.345573557402,24,"Exudate vs Leaf","Exudate","Not selected"
"F1016_mz149.0599_rt2.67",-0.118454482088335,16.2249489471252,-0.323040781396375,0.759873073486401,0.791592118854416,-7.10207208346557,1016,2.671,149.05994,"Unknown","[M+H]+",NA,0.107,FALSE,"null","null","null","null",999,FALSE,FALSE,FALSE,"null","null","null","null","null",7.01,6201,31.1462431473718,24,"Exudate vs Leaf","Leaf","Not selected"
"F797_mz135.117_rt2.07",0.0891845084989727,15.885981183461,0.322451187058662,0.760293583677305,0.791592118854416,-7.10229478159193,797,2.074,135.11699,"Unknown","[M+H]+","ion correlated with 2751; ion correlated with 378; ion correlated with 742; ion correlated with 957; ion correlated with 1497; ion correlated with 1629; ion correlated with 1658; ion correlated with 2022; ion correlated with 1838; ion correlated with 2911; ion correlated with 628; ion correlated with 995; ion correlated with 1351; ion correlated with 1570; ion correlated with 1694; ion correlated with 1719; ion correlated with 1894; ion correlated with 2137; ion correlated with 2318; ion correlated with 2447; ion correlated with 596; ion correlated with 1191; ion correlated with 2158; ion correlated with 532; ion correlated with 2500; ion correlated with 4888; ion correlated with 2562; ion correlated with 2394; ion correlated with 56; ion correlated with 1140; ion correlated with 1167; ion correlated with 1258; ion correlated with 1468; ion correlated with 2582; ion correlated with 5039; ion correlated with 2347; ion correlated with 3777; ion correlated with 3997; found in higher mz's MsMs_3520; found in higher mz's MsMs_5004; found in higher mz's MsMs_2950; found in higher mz's MsMs_3851",0.071,FALSE,"null","null","null","null",999,FALSE,FALSE,FALSE,"null","null","null","null","null",15.72,14552.6666666667,9.34328118916195,24,"Exudate vs Leaf","Exudate","Not selected"
"F313_mz100.1122_rt0.94",-0.231857875242611,20.2678177345061,-0.314913863700771,0.765677594142469,0.796514652347007,-7.10510734386601,313,0.94,100.11221,"Unknown","[M+H]+","similar chromatogram in higher mz_3650; similar chromatogram in higher mz_3707",0.607,TRUE,"null","null","null","null",999,FALSE,FALSE,FALSE,"null","null","null","null","null",159.74,691537.666666667,7.22737171601877,24,"Exudate vs Leaf","Leaf","Not selected"
"F2225_mz235.1444_rt0.98",-0.489147427434093,17.885418014961,-0.313097585307627,0.766977252585447,0.797183548492066,-7.10577554010999,2225,0.975,235.14444,"Unknown","[M+H]+",NA,0.071,TRUE,"null","null","null","null",999,FALSE,FALSE,FALSE,"null","null","null","null","null",119.42,199098.666666667,22.9156938149905,24,"Exudate vs Leaf","Leaf","Not selected"
"F2846_mz283.0269_rt0.39",-0.251219084808129,14.8944034526418,-0.301660253036841,0.775181213805438,0.805021380290677,-7.1098978147047,2846,0.387,283.02686,"Unknown","[M+H]+",NA,0.036,FALSE,"null","null","null","null",999,FALSE,FALSE,FALSE,"null","null","null","null","null",26.27,0,119925,23,"Exudate vs Leaf","Leaf","Not selected"
"F4384_mz442.7966_rt0.42",-0.193847604521035,16.4608759022305,-0.297503188799206,0.778171415619478,0.807435981676963,-7.11135949675086,4384,0.416,442.79657,"Unknown","[M+H]+",NA,0.107,FALSE,"null","null","null","null",999,FALSE,FALSE,FALSE,"null","null","null","null","null",3909.91,0,248208,21,"Exudate vs Leaf","Leaf","Not selected"
"F101_mz78.6814_rt0.64",0.433818425168241,16.7937361835311,0.265516583181252,0.801321810106844,0.830602035223617,-7.12194967395031,101,0.641,78.6814,"Unknown","[M+H]+","ion correlated with 122",0.25,FALSE,"null","null","null","null",999,FALSE,FALSE,FALSE,"null","null","null","null","null",508.35,7858.66666666667,145.549811272743,23,"Exudate vs Leaf","Exudate","Not selected"
"F1474_mz182.0274_rt1.18",1.49109398235254,8.81996231277514,0.264768393135617,0.801866215224118,0.830602035223617,-7.12218341388603,1474,1.184,182.0274,"Unknown","[M+H]+",NA,0.25,TRUE,"null","null","null","null",999,FALSE,FALSE,FALSE,"null","null","null","null","null",100.57,12288.3333333333,66.2247477487252,21,"Exudate vs Leaf","Exudate","Not selected"
"F1024_mz149.1326_rt1.44",1.37293791862883,8.32506608669977,0.25713130933098,0.807430438846371,0.835652645148759,-7.12453259861937,1024,1.44,149.13264,"Unknown","[M+H]+","ion correlated with 2784; ion correlated with 3877; similar chromatogram in higher mz_3713; similar chromatogram in higher mz_3657; similar chromatogram in higher mz_1919; similar chromatogram in higher mz_3027; similar chromatogram in higher mz_2784; similar chromatogram in higher mz_3262; similar chromatogram in higher mz_3809; similar chromatogram in higher mz_3877",0.179,FALSE,"null","null","null","null",999,FALSE,FALSE,FALSE,"null","null","null","null","null",25.84,590.666666666667,365.327323943662,21,"Exudate vs Leaf","Exudate","Not selected"
"F4433_mz452.3954_rt6.42",-0.0696352544729249,16.7220002790161,-0.253682824412396,0.809947208303773,0.837543365315826,-7.12557142798393,4433,6.418,452.39545,"Unknown","[M+H]+","ion correlated with 4606; ion correlated with 4189",0.036,FALSE,"null","null","null","null",999,FALSE,FALSE,FALSE,"null","null","null","null","null",80.73,22543.3333333333,14.7275146747889,24,"Exudate vs Leaf","Leaf","Not selected"
"F3712_mz353.2302_rt1.66",-1.04028944470693,10.029405110524,-0.242990081655002,0.817767451370137,0.844376310697034,-7.12870558660921,3712,1.663,353.23016,"Unknown","[M+H]+",NA,0.143,TRUE,"null","null","null","null",999,FALSE,FALSE,FALSE,"null","null","null","null","null",47.81,2886.33333333333,98.0925883167859,21,"Exudate vs Leaf","Leaf","Not selected"
"F5112_mz756.5552_rt9.07",0.457403248968552,14.8003348644315,0.242746230116133,0.817946080213931,0.844376310697034,-7.12877552639338,5112,9.072,756.55524,"Unknown","[M+H]+",NA,0.071,TRUE,"null","null","null","null",999,FALSE,FALSE,FALSE,"null","null","null","null","null",37.33,15654.3333333333,15.5630668994592,24,"Exudate vs Leaf","Exudate","Not selected"
"F676_mz127.0391_rt0.47",0.0473410239903481,21.1295286591361,0.230411290726546,0.826997949098421,0.852585248662733,-7.13222379416193,676,0.473,127.03914,"Unknown","[M+H]+","found in higher mz's MsMs_1438; found in higher mz's MsMs_3782",0.643,TRUE,"null","null","null","null",999,FALSE,FALSE,FALSE,"null","null","null","null","null",432.2,781006.666666667,6.45575096787355,24,"Exudate vs Leaf","Exudate","Not selected"
"F100_mz78.6808_rt0.52",-1.58892270930445,10.7165438718722,-0.229996806457322,0.827302654797941,0.852585248662733,-7.13233661061394,100,0.525,78.68075,"Unknown","[M+H]+","ion correlated with 123; found in higher mz's MsMs_109",0.429,TRUE,"null","null","null","null",999,FALSE,FALSE,FALSE,"null","null","null","null","null",683.15,7577.33333333333,191.54040026391,21,"Exudate vs Leaf","Leaf","Not selected"
"F2423_mz251.18_rt1.36",0.0352837404641468,20.007390540259,0.213257374301974,0.83963679831856,0.864562403018433,-7.13672644090053,2423,1.358,251.17998,"Unknown","[M+H]+","ion correlated with 3080; ion correlated with 2648; ion correlated with 2910; ion correlated with 3611",0.107,TRUE,"null","null","null","null",999,FALSE,FALSE,FALSE,"null","null","null","null","null",61.59,357025.666666667,6.70779306867834,24,"Exudate vs Leaf","Exudate","Not selected"
"F2823_mz281.0501_rt0.42",-0.08511427318805,17.3186533759162,-0.208890021749789,0.842863602355948,0.867149502762815,-7.13781823740595,2823,0.421,281.05008,"Unknown","[M+H]+",NA,0.214,FALSE,"null","null","null","null",999,FALSE,FALSE,FALSE,"null","null","null","null","null",25.56,26381,18.5776286862255,22,"Exudate vs Leaf","Leaf","Not selected"
"F3786_mz360.2135_rt1.03",1.13273233744344,8.66278313775698,0.205052900359826,0.845701545696997,0.869332494899368,-7.13875916361107,3786,1.035,360.21347,"Unknown","[M+H]+","ion correlated with 3477; ion correlated with 3132; ion correlated with 2444; ion correlated with 3393; ion correlated with 2891; ion correlated with 2926; ion correlated with 1544; ion correlated with 61; ion correlated with 3432; ion correlated with 3627; ion correlated with 1392; ion correlated with 3587; ion correlated with 3129; ion correlated with 3160; ion correlated with 2908; ion correlated with 2633; ion correlated with 3335; ion correlated with 1378; ion correlated with 3569",0.214,FALSE,"null","null","null","null",999,FALSE,FALSE,FALSE,"null","null","null","null","null",140.48,1241,946.669887278583,20,"Exudate vs Leaf","Exudate","Not selected"
"F3974_mz380.2186_rt1.08",0.173507985760711,13.064995590384,0.198877479365024,0.850274472264989,0.872703975833218,-7.14023745975107,3974,1.081,380.2186,"Unknown","[M+H]+",NA,0.036,FALSE,"null","null","null","null",999,FALSE,FALSE,FALSE,"null","null","null","null","null",33.33,2343.66666666667,53.5483366505545,21,"Exudate vs Leaf","Exudate","Not selected"
"F1185_mz163.0602_rt0.56",-0.0312985339754893,17.798736573331,-0.197872430305648,0.851019354917784,0.872703975833218,-7.140473844352,1185,0.559,163.0602,"Unknown","[M+H]+","ion correlated with 1440; ion correlated with 1699",0.179,TRUE,"null","null","null","null",999,FALSE,FALSE,FALSE,"null","null","null","null","null",126.67,52425,63.6856521573265,23,"Exudate vs Leaf","Leaf","Not selected"
"F416_mz109.0286_rt0.76",0.035263395972893,18.5687589224179,0.19771239524804,0.851137979725313,0.872703975833218,-7.14051137534728,416,0.76,109.02863,"Unknown","[M+H]+","similar chromatogram in higher mz_951; found in higher mz's MsMs_673",0.071,FALSE,"null","null","null","null",999,FALSE,FALSE,FALSE,"null","null","null","null","null",44.32,186161.333333333,5.12424819199014,24,"Exudate vs Leaf","Exudate","Not selected"
"F3416_mz326.827_rt0.42",1.10638282979859,9.88690435046091,0.175321575707974,0.867777582246089,0.88901433320401,-7.14546727707372,3416,0.423,326.827,"Unknown","[M+H]+",NA,0.071,FALSE,"null","null","null","null",999,FALSE,FALSE,FALSE,"null","null","null","null","null",47.97,0,138592,11,"Exudate vs Leaf","Exudate","Not selected"
"F806_mz136.0759_rt0.85",-0.0306578386030775,16.5945045425325,-0.172832953038432,0.869631990864123,0.890162931626514,-7.14598184149513,806,0.848,136.07594,"Unknown","[M+H]+","ion correlated with 1214; ion correlated with 2544; ion correlated with 2928; found in higher mz's MsMs_1477; found in higher mz's MsMs_3267",0.5,TRUE,"null","null","null","null",999,FALSE,FALSE,FALSE,"null","null","null","null","null",839,29914.3333333333,657.794408664453,24,"Exudate vs Leaf","Leaf","Not selected"
"F1369_mz174.957_rt5.77",0.0532845501746361,15.2802181442567,0.169963169932867,0.871771605660289,0.891601288350119,-7.14656619390872,1369,5.772,174.957,"Unknown","[M+H]+","ion correlated with 4420; ion correlated with 4504; ion correlated with 1025; ion correlated with 4273; ion correlated with 5067; ion correlated with 4359; ion correlated with 4389; ion correlated with 2876; ion correlated with 3316; ion correlated with 3749; ion correlated with 1963; ion correlated with 3775; ion correlated with 4997; ion correlated with 2473",0.036,FALSE,"null","null","null","null",999,FALSE,FALSE,FALSE,"null","null","null","null","null",20.21,11701,11.892582464536,24,"Exudate vs Leaf","Exudate","Not selected"
"F821_mz137.0653_rt0.86",-0.187753340276054,16.4276106779771,-0.138148875540619,0.895570314544909,0.915170338263905,-7.15239520300286,821,0.863,137.06532,"Unknown","[M+H]+",NA,0.071,FALSE,"null","null","null","null",999,FALSE,FALSE,FALSE,"null","null","null","null","null",64.31,41154.6666666667,16.6204329901917,23,"Exudate vs Leaf","Leaf","Not selected"
"F4020_mz385.1474_rt1.29",0.0253737095698299,17.6548451534622,0.120935476922182,0.908500953296701,0.927603160052308,-7.15505102321053,4020,1.293,385.14743,"Unknown","[M+H]+",NA,0.571,TRUE,"null","null","null","null",999,FALSE,FALSE,FALSE,"null","null","null","null","null",96.19,38261.3333333333,11.7425928023208,24,"Exudate vs Leaf","Exudate","Not selected"
"F2891_mz286.1764_rt0.99",0.632883605501689,8.88123292090213,0.111673395708208,0.915472246359837,0.933935552168775,-7.15633488087663,2891,0.992,286.17642,"Unknown","[M+H]+","ion correlated with 2802; ion correlated with 2829; ion correlated with 3778; ion correlated with 1446; ion correlated with 3785; ion correlated with 916; ion correlated with 3477; ion correlated with 3132; ion correlated with 2444; ion correlated with 3393; ion correlated with 2926; ion correlated with 1544; ion correlated with 3091; ion correlated with 3432; ion correlated with 3627; ion correlated with 1392; ion correlated with 3786; ion correlated with 3587",0.393,FALSE,"null","null","null","null",999,FALSE,FALSE,FALSE,"null","null","null","null","null",215.99,1376.33333333333,956.345837366893,18,"Exudate vs Leaf","Exudate","Not selected"
"F2625_mz267.196_rt1.53",0.0528699098125364,14.7549388472738,0.10742823109665,0.918670389439964,0.935826904508552,-7.15688932528626,2625,1.529,267.19604,"Unknown","[M+H]+","ion correlated with 4332",0.036,FALSE,"null","null","null","null",999,FALSE,FALSE,FALSE,"null","null","null","null","null",18.36,8392.33333333333,13.2103653693407,23,"Exudate vs Leaf","Exudate","Not selected"
"F1428_mz179.0174_rt0.52",-0.716684019787339,10.4704801356173,-0.107166092491017,0.918867932598182,0.935826904508552,-7.15692286123051,1428,0.515,179.01741,"Unknown","[M+H]+",NA,0.536,FALSE,"null","null","null","null",999,FALSE,FALSE,FALSE,"null","null","null","null","null",125.48,2396,390.077179808093,19,"Exudate vs Leaf","Leaf","Not selected"
"F2369_mz247.1084_rt1.19",0.552396236232911,8.3498253075829,0.103851107559086,0.921366617344905,0.937585141204288,-7.15733991690758,2369,1.187,247.10835,"Unknown","[M+H]+","ion correlated with 696; ion correlated with 1097; ion correlated with 2801",0.071,TRUE,"null","null","null","null",999,FALSE,FALSE,FALSE,"null","null","null","null","null",34.91,1053.33333333333,662.188112551375,19,"Exudate vs Leaf","Exudate","Not selected"
"F4963_mz660.3085_rt9.06",0.51836291893619,10.7747583673464,0.0997550817560127,0.924455437108193,0.939940452805147,-7.15783721392275,4963,9.061,660.30847,"Unknown","[M+H]+",NA,0.071,TRUE,"null","null","null","null",999,FALSE,FALSE,FALSE,"null","null","null","null","null",67.96,588.666666666667,322.468626342566,16,"Exudate vs Leaf","Exudate","Not selected"
"F840_mz138.1279_rt1.13",-0.191096288930165,15.5280764912444,-0.0940136220857761,0.928787616845523,0.943554951339301,-7.15850073378756,840,1.127,138.12793,"Unknown","[M+H]+","ion correlated with 3364; ion correlated with 3130; ion correlated with 986; found in higher mz's MsMs_3130; similar chromatogram in higher mz_4415; similar chromatogram in higher mz_2899; similar chromatogram in higher mz_5140",0.071,FALSE,"null","null","null","null",999,FALSE,FALSE,FALSE,"null","null","null","null","null",139.66,8422.66666666667,102.985319140517,21,"Exudate vs Leaf","Leaf","Not selected"
"F236_mz93.0701_rt0.95",-0.0451271242469007,14.3680799707799,-0.0890772739448259,0.932514555612733,0.946549055613594,-7.15903988350912,236,0.952,93.07007,"Unknown","[M+H]+","found in higher mz's MsMs_583; found in higher mz's MsMs_1015",0.214,FALSE,"null","null","null","null",999,FALSE,FALSE,FALSE,"null","null","null","null","null",81.77,1520.33333333333,250.572304995618,19,"Exudate vs Leaf","Leaf","Not selected"
"F5054_mz716.522_rt9.7",-0.485800750777213,8.1368793911807,-0.0872194926047772,0.933917694343701,0.947181354163119,-7.15923528599347,5054,9.701,716.52203,"Unknown","[M+H]+","ion correlated with 3953; ion correlated with 5114",0.107,FALSE,"null","null","null","null",999,FALSE,FALSE,FALSE,"null","null","null","null","null",40.99,13498.3333333333,29.6247962862364,19,"Exudate vs Leaf","Leaf","Not selected"
"F991_mz147.113_rt0.53",0.0276460358112269,16.5366687169315,0.0830108996057365,0.937097346569263,0.949612837007584,-7.15966276146087,991,0.532,147.11295,"Unknown","[M+H]+","ion correlated with 4460; ion correlated with 1541; ion correlated with 4903; ion correlated with 2372; ion correlated with 774; ion correlated with 632",0.107,FALSE,"null","null","null","null",999,FALSE,FALSE,FALSE,"null","null","null","null","null",270.03,28807,69.3120313801722,19,"Exudate vs Leaf","Exudate","Not selected"
"F1172_mz162.0763_rt0.45",0.155907810587482,16.4611352785968,0.0814447449148367,0.938280942958187,0.95001923665658,-7.15981645781158,1172,0.447,162.07628,"Unknown","[M+H]+",NA,0.393,TRUE,"null","null","null","null",999,FALSE,FALSE,FALSE,"null","null","null","null","null",720.36,50039,77.5632494004796,24,"Exudate vs Leaf","Exudate","Not selected"
"F4964_mz660.3094_rt9",0.383280961657304,10.6662723108017,0.0744470199230018,0.943571527447707,0.954083951617328,-7.16046751573803,4964,8.999,660.30945,"Unknown","[M+H]+",NA,0.036,FALSE,"null","null","null","null",999,FALSE,FALSE,FALSE,"null","null","null","null","null",3266.38,2749,62.5705454545455,16,"Exudate vs Leaf","Exudate","Not selected"
"F2833_mz282.1189_rt0.47",0.0354104927125083,14.7360463235775,0.0740560249956776,0.943867237143666,0.954083951617328,-7.16050217319896,2833,0.466,282.11887,"Unknown","[M+H]+","ion correlated with 2215; ion correlated with 2435; ion correlated with 2814; ion correlated with 2721",0.357,TRUE,"null","null","null","null",999,FALSE,FALSE,FALSE,"null","null","null","null","null",532.66,3647,2081.35334429825,21,"Exudate vs Leaf","Exudate","Not selected"
"F3132_mz302.2082_rt0.98",-0.0255986241132307,13.5039721195427,-0.0684495969339888,0.9481084864472,0.95757379579609,-7.1609790940577,3132,0.981,302.20819,"Unknown","[M+H]+","ion correlated with 3025; ion correlated with 3334; ion correlated with 3381; ion correlated with 1273; ion correlated with 2802; ion correlated with 2829; ion correlated with 3902; ion correlated with 3778; ion correlated with 3743; ion correlated with 1446; ion correlated with 916; ion correlated with 2444; ion correlated with 3393; ion correlated with 2891; ion correlated with 2926; ion correlated with 1544; ion correlated with 2620; ion correlated with 3432; ion correlated with 3627; ion correlated with 1392; ion correlated with 2672; ion correlated with 3786",0.25,FALSE,"null","null","null","null",999,FALSE,FALSE,FALSE,"null","null","null","null","null",422.93,659.333333333333,2179.24634023221,21,"Exudate vs Leaf","Leaf","Not selected"
"F1578_mz190.0502_rt1.03",-0.33988670498082,8.92274305634628,-0.0596644341603584,0.954758312840976,0.963488438727302,-7.16165107890007,1578,1.032,190.05022,"Unknown","[M+H]+","ion correlated with 650; ion correlated with 885",0.107,TRUE,"null","null","null","null",999,FALSE,FALSE,FALSE,"null","null","null","null","null",1425.28,625.666666666667,6774.55372340426,20,"Exudate vs Leaf","Leaf","Not selected"
"F396_mz107.0857_rt1.17",0.0242677112816203,16.2402958930521,0.0563044135716,0.957302781900031,0.965253801683254,-7.16188376106889,396,1.172,107.08566,"Unknown","[M+H]+","ion correlated with 4684; ion correlated with 4543; ion correlated with 3574; ion correlated with 955; ion correlated with 4038; ion correlated with 1598; ion correlated with 3772; ion correlated with 798; ion correlated with 4111; ion correlated with 4076; ion correlated with 4797; ion correlated with 2013; ion correlated with 4871; found in higher mz's MsMs_1598",0.036,FALSE,"null","null","null","null",999,FALSE,FALSE,FALSE,"null","null","null","null","null",40.29,17110,17.1984103792882,24,"Exudate vs Leaf","Exudate","Not selected"
"F1269_mz168.0659_rt0.67",0.0672709970037985,14.7434765158336,0.0503380379590473,0.961822389282881,0.968110633265707,-7.16226374550512,1269,0.666,168.06586,"Unknown","[M+H]+",NA,0.071,FALSE,"null","null","null","null",999,FALSE,FALSE,FALSE,"null","null","null","null","null",61.97,12389.6666666667,54.4355697837082,21,"Exudate vs Leaf","Exudate","Not selected"
"F731_mz130.5261_rt0.44",0.325946995919588,10.182247580963,0.050012972135183,0.962068679489025,0.968110633265707,-7.1622832281394,731,0.443,130.52608,"Unknown","[M+H]+",NA,0.179,FALSE,"null","null","null","null",999,FALSE,FALSE,FALSE,"null","null","null","null","null",21.22,0,220537,21,"Exudate vs Leaf","Exudate","Not selected"
"F1640_mz194.0815_rt0.89",-0.292041354635502,9.25775728307734,-0.0494061658464829,0.9625284467477,0.968110633265707,-7.1623192593444,1640,0.89,194.08147,"Unknown","[M+H]+","ion correlated with 1525",0.107,FALSE,"null","null","null","null",999,FALSE,FALSE,FALSE,"null","null","null","null","null",93.59,4190.66666666667,171.626242544732,17,"Exudate vs Leaf","Leaf","Not selected"
"F1811_mz205.0976_rt1.16",-0.0321373442263841,14.7414399775971,-0.0439399981274203,0.966670795353383,0.971472140363416,-7.16262402311143,1811,1.157,205.0976,"Unknown","[M+H]+","ion correlated with 2190; ion correlated with 2499; ion correlated with 807; ion correlated with 1555; ion correlated with 2858",0.143,TRUE,"null","null","null","null",999,FALSE,FALSE,FALSE,"null","null","null","null","null",153.09,15204.6666666667,55.6343249227262,24,"Exudate vs Leaf","Leaf","Not selected"
"F1903_mz212.1343_rt0.95",-0.246654659970825,9.08772541127653,-0.0426666657579922,0.96763592398606,0.971637726814787,-7.16268989564741,1903,0.946,212.13434,"Unknown","[M+H]+",NA,0.036,FALSE,"null","null","null","null",999,FALSE,FALSE,FALSE,"null","null","null","null","null",50.32,0,150403,15,"Exudate vs Leaf","Leaf","Not selected"
"F361_mz104.053_rt0.7",-0.244523945821096,9.48240067450387,-0.0404138713134601,0.969343593977636,0.97254803561062,-7.16280169654383,361,0.696,104.05297,"Unknown","[M+H]+","ion correlated with 4471; ion correlated with 1256; ion correlated with 1567; ion correlated with 2015; ion correlated with 2363; ion correlated with 2543; ion correlated with 1187; ion correlated with 1700; ion correlated with 1441; ion correlated with 530; ion correlated with 1376; ion correlated with 2929; found in higher mz's MsMs_1031",0.321,FALSE,"null","null","null","null",999,FALSE,FALSE,FALSE,"null","null","null","null","null",134.37,4059,557.913054187192,15,"Exudate vs Leaf","Leaf","Not selected"
"F1516_mz185.0239_rt0.4",-0.039351231873153,19.3010626916767,-0.0214361282910916,0.983735555328375,0.986172555052558,-7.16350293991399,1516,0.401,185.02388,"Unknown","[M+H]+","adduct linked to 233_[M+H]2+",0.143,FALSE,"null","null","null","null",999,FALSE,FALSE,FALSE,"null","null","null","null","null",19.53,2009.66666666667,4243.43832891247,24,"Exudate vs Leaf","Leaf","Not selected"
"F3277_mz315.1348_rt1.08",-0.00988774415572583,14.1846945512991,-0.0169490788681341,0.987139614763922,0.988512935349353,-7.16360585254332,3277,1.076,315.13477,"Unknown","[M+H]+","ion correlated with 2867",0.357,FALSE,"null","null","null","null",999,FALSE,FALSE,FALSE,"null","null","null","null","null",44.3,6101,123.70190101606,24,"Exudate vs Leaf","Leaf","Not selected"
"F5086_mz739.6367_rt0.53",0.0983975728250792,9.42260276489781,0.0162121985637656,0.987698674282344,0.988512935349353,-7.16362045348335,5086,0.527,739.63672,"Unknown","[M+H]+",NA,0.071,FALSE,"null","null","null","null",999,FALSE,FALSE,FALSE,"null","null","null","null","null",15.43,1734.66666666667,75.0466679469944,17,"Exudate vs Leaf","Exudate","Not selected"
"F1716_mz199.1081_rt0.92",0.000360742450416488,14.4996211926813,0.000526111232891908,0.999600781715495,0.999600781715495,-7.16377734213092,1716,0.925,199.10808,"Unknown","[M+H]+","ion correlated with 1043",0.429,TRUE,"null","null","null","null",999,FALSE,FALSE,FALSE,"null","null","null","null","null",224,2738.33333333333,1698.62277926503,21,"Exudate vs Leaf","Exudate","Not selected"
