"Alignment ID","Average Rt(min)","Average Mz","Metabolite name","Adduct type","Post curation result","Fill %","MS/MS assigned","Reference RT","Reference m/z","Formula","Ontology","INCHIKEY","SMILES","Annotation tag (VS1.0)","RT matched","m/z matched","MS/MS matched","Total score","RT similarity","Dot product","Reverse dot product","Fragment presence %","S/N average","blank_1","blank_2","blank_3","blank_4","exudate_1","exudate_2","exudate_3","FC_1","FC_2","FC_3","fungi_old_1","fungi_old_2","fungi_old_3","leaf_1","leaf_2","leaf_3","new_in_P08","new_in_P09","new_in_P10","new_out_P08","new_out_P09","new_out_P10","root_1","root_2","root_3","Soil_control_1","Soil_control_2","Soil_control_3","feature_name","blank_mean","maximum_biological_signal","sample_to_blank_ratio","present_in_any_group","number_detected","group1_n","group2_n","detection_category","RT_flag","MSMS_flag","annotation_flag"
50,0.587,70.0128,"Unknown","[M+H]+","ion correlated with 786",0.036,FALSE,"null","null","null","null","null","null",999,FALSE,FALSE,FALSE,"null","null","null","null","null",53.84,10485,29765,32415,0,184742,129267,179873,25152,31852,0,35981,36439,24045,0,0,0,0,0,0,0,0,0,28208,0,0,290543,429532,266440,"F50_mz70.0128_rt0.59",24221.6666666667,429532,17.7326883910387,TRUE,12,0,2,"Fungal control-associated detection","Early RT","No MS/MS assignment","Unknown"
178,0.888,85.70918,"Unknown","[M+H]+","ion correlated with 185; similar chromatogram in higher mz_2492; similar chromatogram in higher mz_2105; similar chromatogram in higher mz_2436; similar chromatogram in higher mz_2856; similar chromatogram in higher mz_4742; similar chromatogram in higher mz_4791; similar chromatogram in higher mz_4814; similar chromatogram in higher mz_4830; similar chromatogram in higher mz_4846; similar chromatogram in higher mz_4883",0.107,FALSE,"null","null","null","null","null","null",999,FALSE,FALSE,FALSE,"null","null","null","null","null",1378.13,0,0,0,0,0,0,0,21430,80959,239634,0,0,0,0,0,0,22264,0,0,103072,191476,28800,0,0,0,0,0,0,"F178_mz85.7092_rt0.89",0,239634,239635,TRUE,7,1,3,"Fungal control-associated detection","Early RT","No MS/MS assignment","Unknown"
185,0.891,86.48576,"Unknown","[M+H]+","ion correlated with 178",0.071,FALSE,"null","null","null","null","null","null",999,FALSE,FALSE,FALSE,"null","null","null","null","null",218.97,0,0,0,0,0,0,0,26155,71666,270097,0,0,0,0,0,0,0,0,30770,76040,142121,0,0,0,0,0,0,0,"F185_mz86.4858_rt0.89",0,270097,270098,TRUE,6,1,3,"Fungal control-associated detection","Early RT","No MS/MS assignment","Unknown"
203,0.378,89.00842,"Unknown","[M+H]+","ion correlated with 2461; ion correlated with 2661; ion correlated with 538; ion correlated with 3508",0.107,FALSE,"null","null","null","null","null","null",999,FALSE,FALSE,FALSE,"null","null","null","null","null",94.02,0,0,2525,0,33040,16737,49630,7634,4214,3406,0,2745,0,971202,904802,711532,0,0,0,0,0,4980,214971,95558,119577,65062,58894,39253,"F203_mz89.0084_rt0.38",841.666666666667,971202,1152.5352056962,TRUE,17,0,3,"Fungal control-associated detection","Very early RT","No MS/MS assignment","Unknown"
237,0.391,93.98428,"Unknown","[M+H]+","ion correlated with 494; ion correlated with 849",0.214,FALSE,"null","null","null","null","null","null",999,FALSE,FALSE,FALSE,"null","null","null","null","null",1676.01,0,0,0,0,240445,168131,151272,10038,9046,31471,20317,0,12190,9366,46140,0,0,8611,0,18043,7603,19146,23035,14853,18216,425353,633310,422470,"F237_mz93.9843_rt0.39",0,633310,633311,TRUE,20,1,3,"Fungal control-associated detection","Very early RT","No MS/MS assignment","Unknown"
253,0.437,96.92208,"Unknown","[M+H]+","ion correlated with 4108; ion correlated with 3182; ion correlated with 3057; similar chromatogram in higher mz_2537; similar chromatogram in higher mz_2316; similar chromatogram in higher mz_2759; similar chromatogram in higher mz_468; similar chromatogram in higher mz_1380; similar chromatogram in higher mz_1840",0.071,FALSE,"null","null","null","null","null","null",999,FALSE,FALSE,FALSE,"null","null","null","null","null",70.76,0,0,0,0,0,0,0,22020,20925,0,86308,188818,161235,0,0,16446,0,0,6288,0,0,18711,0,0,0,36312,0,0,"F253_mz96.9221_rt0.44",0,188818,188819,TRUE,9,1,2,"Fungal control-associated detection","Very early RT","No MS/MS assignment","Unknown"
316,0.695,100.59153,"Unknown","[M+H]+","similar chromatogram in higher mz_2141; similar chromatogram in higher mz_2888; similar chromatogram in higher mz_2923",0.036,FALSE,"null","null","null","null","null","null",999,FALSE,FALSE,FALSE,"null","null","null","null","null",18.94,0,0,0,0,0,0,0,0,102389,67188,0,0,0,0,0,0,0,0,25128,37273,39120,0,0,0,0,0,0,0,"F316_mz100.5915_rt0.7",0,102389,102390,TRUE,5,1,2,"Fungal control-associated detection","Early RT","No MS/MS assignment","Unknown"
342,0.726,102.53078,"Unknown","[M+H]+","similar chromatogram in higher mz_393; similar chromatogram in higher mz_929; similar chromatogram in higher mz_1062; similar chromatogram in higher mz_1891; similar chromatogram in higher mz_1298; similar chromatogram in higher mz_2722; similar chromatogram in higher mz_3010; similar chromatogram in higher mz_3244; similar chromatogram in higher mz_4865",0.036,FALSE,"null","null","null","null","null","null",999,FALSE,FALSE,FALSE,"null","null","null","null","null",9.25,2791,27514,19837,0,39716,31979,20984,71762,35756,55742,103260,52240,0,0,0,0,0,27856,0,39097,20938,0,0,0,0,39736,25762,28378,"F342_mz102.5308_rt0.73",16714,103260,6.17774454083159,TRUE,14,1,3,"Fungal control-associated detection","Early RT","No MS/MS assignment","Unknown"
376,3.544,105.06998,"Unknown","[M+H]+","ion correlated with 1041; ion correlated with 779; ion correlated with 2014; ion correlated with 2157; ion correlated with 741; ion correlated with 1141; ion correlated with 1166; ion correlated with 1379; ion correlated with 1521; ion correlated with 1546; ion correlated with 1893; ion correlated with 2293; ion correlated with 2563; ion correlated with 3959; ion correlated with 3318; ion correlated with 3338; ion correlated with 956; ion correlated with 397; ion correlated with 597; ion correlated with 625; ion correlated with 1019; ion correlated with 1190; ion correlated with 1257; ion correlated with 1349; ion correlated with 1630; ion correlated with 1752; ion correlated with 2317; ion correlated with 2448; ion correlated with 2474; ion correlated with 2676; ion correlated with 2746; ion correlated with 2954; ion correlated with 3083; ion correlated with 3098; ion correlated with 3118; ion correlated with 3504; ion correlated with 3745; ion correlated with 5005; ion correlated with 5013; ion correlated with 5038; ion correlated with 5047; ion correlated with 4092; ion correlated with 3515; ion correlated with 3942; ion correlated with 4987; found in higher mz's MsMs_3115; found in higher mz's MsMs_3702; found in higher mz's MsMs_3318; found in higher mz's MsMs_2676; found in higher mz's MsMs_5005; found in higher mz's MsMs_3847; found in higher mz's MsMs_3515; found in higher mz's MsMs_2474; found in higher mz's MsMs_2746; found in higher mz's MsMs_2954; found in higher mz's MsMs_2448; found in higher mz's MsMs_1190; found in higher mz's MsMs_3083; found in higher mz's MsMs_3504",0.036,FALSE,"null","null","null","null","null","null",999,FALSE,FALSE,FALSE,"null","null","null","null","null",26,0,0,1641,0,1264,0,0,0,1601,1918,346,0,1698,85229,85400,255434,0,0,0,0,0,1688,2476,0,0,0,1419,0,"F376_mz105.07_rt3.54",547,255434,466.122262773723,TRUE,11,0,2,"Fungal control-associated detection","RT >= 1 min","No MS/MS assignment","Unknown"
380,0.385,105.4921,"Unknown","[M+H]+","ion correlated with 237; ion correlated with 371; ion correlated with 4537; ion correlated with 1353; ion correlated with 494",0.143,FALSE,"null","null","null","null","null","null",999,FALSE,FALSE,FALSE,"null","null","null","null","null",238.51,0,0,0,0,120692,52126,89526,20282,13829,12482,17381,3772,0,0,0,24938,0,0,0,0,10150,13655,13522,25074,10909,201076,286720,236981,"F380_mz105.4921_rt0.38",0,286720,286721,TRUE,17,0,3,"Fungal control-associated detection","Very early RT","No MS/MS assignment","Unknown"
422,0.4,109.52167,"Unknown","[M+H]+","ion correlated with 3029; ion correlated with 538; ion correlated with 2384; ion correlated with 2798",0.143,FALSE,"null","null","null","null","null","null",999,FALSE,FALSE,FALSE,"null","null","null","null","null",41.67,0,0,2595,0,21720,35687,20692,3039,0,0,0,2781,2606,548498,462588,479883,8311,2503,0,10914,19338,0,356528,152126,157086,12886,3586,6330,"F422_mz109.5217_rt0.4",865,548498,633.370669745958,TRUE,19,2,1,"Fungal in-associated detection","Very early RT","No MS/MS assignment","Unknown"
470,0.397,112.96694,"Unknown","[M+H]+","ion correlated with 275; ion correlated with 1473; ion correlated with 2692; ion correlated with 1657",0.321,FALSE,"null","null","null","null","null","null",999,FALSE,FALSE,FALSE,"null","null","null","null","null",102.04,56474,0,2243,0,112996,68703,112606,0,5241,13868,0,0,0,3151294,2399172,2229252,0,0,2908,5098,0,2743,968762,593078,835245,184628,271282,91606,"F470_mz112.9669_rt0.4",19572.3333333333,3151294,160.999403950954,TRUE,17,1,2,"Fungal control-associated detection","Very early RT","No MS/MS assignment","Unknown"
494,0.399,114.49761,"Unknown","[M+H]+","ion correlated with 237; ion correlated with 4537; ion correlated with 1353; ion correlated with 528; ion correlated with 849",0.179,FALSE,"null","null","null","null","null","null",999,FALSE,FALSE,FALSE,"null","null","null","null","null",124.88,0,0,0,0,130906,89944,148954,18925,22972,9777,8978,0,0,0,0,0,0,7710,0,0,11649,11671,56084,17608,24674,382673,468452,252623,"F494_mz114.4976_rt0.4",0,468452,468453,TRUE,16,1,3,"Fungal control-associated detection","Very early RT","No MS/MS assignment","Unknown"
496,0.704,114.59486,"Unknown","[M+H]+","ion correlated with 4951; ion correlated with 3184; ion correlated with 2073; ion correlated with 3474; similar chromatogram in higher mz_1617; similar chromatogram in higher mz_2134; similar chromatogram in higher mz_3649; similar chromatogram in higher mz_4281; similar chromatogram in higher mz_4380",0.036,FALSE,"null","null","null","null","null","null",999,FALSE,FALSE,FALSE,"null","null","null","null","null",8.66,0,0,0,0,0,0,0,63919,99366,114951,0,0,0,0,0,0,0,0,0,21062,62453,61784,0,0,0,0,0,0,"F496_mz114.5949_rt0.7",0,114951,114952,TRUE,6,0,3,"Fungal control-associated detection","Early RT","No MS/MS assignment","Unknown"
508,0.491,115.46633,"Unknown","[M+H]+","ion correlated with 525; similar chromatogram in higher mz_2140; similar chromatogram in higher mz_4811",0.107,FALSE,"null","null","null","null","null","null",999,FALSE,FALSE,FALSE,"null","null","null","null","null",1304.18,0,0,0,0,0,0,0,63459,153166,222708,0,0,0,0,0,0,38131,0,0,90409,185011,37893,0,0,0,0,0,3320,"F508_mz115.4663_rt0.49",0,222708,222709,TRUE,8,1,3,"Fungal control-associated detection","Very early RT","No MS/MS assignment","Unknown"
532,2.079,117.07005,"Unknown","[M+H]+","ion correlated with 2502; ion correlated with 395; ion correlated with 378; ion correlated with 957; ion correlated with 1497; ion correlated with 1629; ion correlated with 1658; ion correlated with 2022; ion correlated with 1838; ion correlated with 2911; ion correlated with 1351; ion correlated with 1570; ion correlated with 1694; ion correlated with 1719; ion correlated with 1894; ion correlated with 2137; ion correlated with 4946; ion correlated with 596; ion correlated with 1191; ion correlated with 2158; ion correlated with 4919; ion correlated with 2500; ion correlated with 3522; ion correlated with 3926; ion correlated with 4888; ion correlated with 2562; ion correlated with 56; ion correlated with 1140; ion correlated with 1167; ion correlated with 1258; ion correlated with 1468; ion correlated with 2582; ion correlated with 5039; ion correlated with 3509; ion correlated with 2347; ion correlated with 3777; ion correlated with 5027; ion correlated with 4470; ion correlated with 3472; ion correlated with 3586; found in higher mz's MsMs_3323; found in higher mz's MsMs_1751; found in higher mz's MsMs_3520; found in higher mz's MsMs_3703; found in higher mz's MsMs_2674; found in higher mz's MsMs_3079; found in higher mz's MsMs_5004; found in higher mz's MsMs_2381; found in higher mz's MsMs_2950; found in higher mz's MsMs_3851",0.071,FALSE,"null","null","null","null","null","null",999,FALSE,FALSE,FALSE,"null","null","null","null","null",13.2,0,369,3778,0,0,1541,1581,3757,2608,10107,2918,1684,3054,158236,81511,142167,2302,0,0,1851,9521,5703,2832,0,0,3006,1308,0,"F532_mz117.07_rt2.08",1382.33333333333,158236,114.388192771084,TRUE,18,1,3,"Fungal control-associated detection","RT >= 1 min","No MS/MS assignment","Unknown"
537,0.647,117.46486,"Unknown","[M+H]+",NA,0.071,FALSE,"null","null","null","null","null","null",999,FALSE,FALSE,FALSE,"null","null","null","null","null",87.97,0,0,0,0,0,0,0,25956,119390,228056,0,0,0,0,0,0,0,0,0,0,67900,28228,0,0,0,0,0,0,"F537_mz117.4649_rt0.65",0,228056,228057,TRUE,5,0,3,"Fungal control-associated detection","Early RT","No MS/MS assignment","Unknown"
563,0.512,118.97524,"Unknown","[M+H]+",NA,0.179,FALSE,"null","null","null","null","null","null",999,FALSE,FALSE,FALSE,"null","null","null","null","null",124.65,228232,21188,20096,0,10177,14466,24378,143111,0,113679,81708,60578,0,457673,276587,402130,0,0,0,52216,0,46373,36997,0,98480,3707,3912,9364,"F563_mz118.9752_rt0.51",89838.6666666667,457673,5.09434214285449,TRUE,17,0,2,"Fungal control-associated detection","Early RT","No MS/MS assignment","Unknown"
610,0.446,122.08138,"Unknown","[M+H]+",NA,0.036,FALSE,"null","null","null","null","null","null",999,FALSE,FALSE,FALSE,"null","null","null","null","null",23.54,7748,12934,5173,0,21385,50613,25442,240411,0,0,50569,0,0,0,0,0,18485,36938,0,0,169131,107097,0,18449,15379,210114,56903,79828,"F610_mz122.0814_rt0.45",8618.33333333333,240411,27.8921803697115,TRUE,14,2,1,"Fungal in-associated detection","Very early RT","No MS/MS assignment","Unknown"
620,0.55,123.04429,"Unknown","[M+H]+","found in higher mz's MsMs_1476",0.036,FALSE,"null","null","null","null","null","null",999,FALSE,FALSE,FALSE,"null","null","null","null","null",24.6,47118,77230,61348,0,65688,68485,65678,0,0,475482,23589,0,0,0,0,0,25300,330972,199781,194808,0,0,0,0,0,94950,102522,83798,"F620_mz123.0443_rt0.55",61898.6666666667,475482,7.68151147825244,TRUE,12,3,1,"Fungal in-associated detection","Early RT","No MS/MS assignment","Unknown"
621,0.492,123.05533,"Unknown","[M+H]+","similar chromatogram in higher mz_2790; similar chromatogram in higher mz_1607; similar chromatogram in higher mz_1236; similar chromatogram in higher mz_3687; similar chromatogram in higher mz_4399; similar chromatogram in higher mz_3915; similar chromatogram in higher mz_1500; similar chromatogram in higher mz_1884; similar chromatogram in higher mz_3859",0.143,FALSE,"null","null","null","null","null","null",999,FALSE,FALSE,FALSE,"null","null","null","null","null",23.25,53900,59783,53480,0,55415,66346,75540,0,0,0,718063,695195,581209,183993,197018,252652,226855,96728,199781,100166,50650,0,108854,159592,214971,70146,79865,57643,"F621_mz123.0553_rt0.49",55721,718063,12.8865439144324,TRUE,20,3,0,"Fungal in-associated detection","Very early RT","No MS/MS assignment","Unknown"
624,0.6,123.0556,"Unknown","[M+H]+","similar chromatogram in higher mz_1330; found in higher mz's MsMs_2463",0.107,FALSE,"null","null","null","null","null","null",999,FALSE,FALSE,FALSE,"null","null","null","null","null",28.01,46024,52557,49991,0,49346,46637,30073,0,0,58528,522192,562381,381248,78368,30150,68900,54096,235686,124608,270298,141056,60313,27928,50055,80786,67033,25910,35703,"F624_mz123.0556_rt0.6",49524,562381,11.3555174154467,TRUE,22,3,1,"Fungal in-associated detection","Early RT","No MS/MS assignment","Unknown"
626,1.054,123.11687,"Unknown","[M+H]+",NA,0.036,FALSE,"null","null","null","null","null","null",999,FALSE,FALSE,FALSE,"null","null","null","null","null",4.55,28520,19828,19829,0,22238,29182,26474,19583,0,0,16575,22148,19535,118615,46603,115449,16956,16794,15415,5923,23570,20824,8696,11112,16286,15926,19429,27298,"F626_mz123.1169_rt1.05",22725.6666666667,118615,5.21924317981813,TRUE,22,3,1,"Fungal in-associated detection","RT >= 1 min","No MS/MS assignment","Unknown"
694,0.489,128.1071,"Unknown","[M+H]+","ion correlated with 1822; ion correlated with 1926; ion correlated with 2556",0.107,FALSE,"null","null","null","null","null","null",999,FALSE,FALSE,FALSE,"null","null","null","null","null",150.98,245370,60035,56559,0,45287,49264,50491,45154,35046,0,71193,0,42765,610138,920761,973940,0,51342,0,0,40644,48468,62569,24847,18007,39624,50875,49210,"F694_mz128.1071_rt0.49",120654.666666667,973940,8.07207010583838,TRUE,19,1,2,"Fungal control-associated detection","Very early RT","No MS/MS assignment","Unknown"
704,0.733,129.01836,"Unknown","[M+H]+","ion correlated with 1617; ion correlated with 847; ion correlated with 1371; ion correlated with 2174; found in higher mz's MsMs_1877; similar chromatogram in higher mz_4351",0.107,FALSE,"null","null","null","null","null","null",999,FALSE,FALSE,FALSE,"null","null","null","null","null",104.01,31938,35364,27944,0,39864,34733,38734,150205,129179,189020,23007,10150,0,476293,625311,686600,0,35085,0,69484,130062,110079,18081,0,0,83581,71679,34719,"F704_mz129.0184_rt0.73",31748.6666666667,686600,21.6254553853584,TRUE,19,1,3,"Fungal control-associated detection","Early RT","No MS/MS assignment","Unknown"
733,0.896,130.6028,"Unknown","[M+H]+","similar chromatogram in higher mz_3616",0.143,FALSE,"null","null","null","null","null","null",999,FALSE,FALSE,FALSE,"null","null","null","null","null",28.18,0,0,0,0,0,0,0,151694,375878,0,26015,0,0,0,0,0,69881,0,0,129536,81636,134438,0,0,0,0,0,0,"F733_mz130.6028_rt0.9",0,375878,375879,TRUE,7,1,2,"Fungal control-associated detection","Early RT","No MS/MS assignment","Unknown"
738,1.025,131.04933,"Unknown","[M+H]+","ion correlated with 1188; found in higher mz's MsMs_1188; found in higher mz's MsMs_4658; found in higher mz's MsMs_3780; found in higher mz's MsMs_4759",0.179,TRUE,"null","null","null","null","null","null",999,FALSE,FALSE,FALSE,"null","null","null","null","null",149.66,4195,0,0,0,1632,0,1495,51586,47997,53294,24802,5335,0,2560840,1534022,1822079,1588,0,0,35930,32065,45323,1902173,454072,676762,0,0,0,"F738_mz131.0493_rt1.02",1398.33333333333,2560840,1830.04359218676,TRUE,17,1,3,"Fungal control-associated detection","RT >= 1 min","MS/MS available","Unknown"
773,0.466,133.028,"Unknown","[M+H]+",NA,0.036,FALSE,"null","null","null","null","null","null",999,FALSE,FALSE,FALSE,"null","null","null","null","null",17,0,0,2786,0,106342,95810,93173,0,0,0,0,0,0,114298,0,0,597514,20945,691288,0,0,0,10719,0,0,67479,76663,77164,"F773_mz133.028_rt0.47",928.666666666667,691288,743.588024381499,TRUE,11,3,0,"Fungal in-associated detection","Very early RT","No MS/MS assignment","Unknown"
778,1.024,133.06499,"Unknown","[M+H]+","ion correlated with 3535; ion correlated with 3565; ion correlated with 4759; ion correlated with 4770; found in higher mz's MsMs_4759",0.036,FALSE,"null","null","null","null","null","null",999,FALSE,FALSE,FALSE,"null","null","null","null","null",33.18,0,0,1539,0,1376,0,0,11702,26050,24744,10896,5252,4474,327694,161617,169561,0,0,0,0,9249,8631,114798,19206,14439,1711,0,1988,"F778_mz133.065_rt1.02",513,327694,637.538910505837,TRUE,17,0,3,"Fungal control-associated detection","RT >= 1 min","No MS/MS assignment","Unknown"
786,0.545,134.11778,"Unknown","[M+H]+","ion correlated with 3866; ion correlated with 50",0.179,FALSE,"null","null","null","null","null","null",999,FALSE,FALSE,FALSE,"null","null","null","null","null",67.84,64512,4184,1624,0,209971,87104,201034,11827,43551,17866,11249,27933,42789,0,0,0,0,0,0,0,0,0,0,0,0,364364,372339,315045,"F786_mz134.1178_rt0.54",23440,372339,15.8841346358944,TRUE,12,0,3,"Fungal control-associated detection","Early RT","No MS/MS assignment","Unknown"
792,1.005,135.08067,"Unknown","[M+H]+","ion correlated with 4843; ion correlated with 3955; ion correlated with 4029; ion correlated with 3171; ion correlated with 1458; ion correlated with 3937; ion correlated with 3803; ion correlated with 4550; ion correlated with 4165; ion correlated with 4912; ion correlated with 4759; ion correlated with 2865; ion correlated with 4035; found in higher mz's MsMs_1714",0.107,FALSE,"null","null","null","null","null","null",999,FALSE,FALSE,FALSE,"null","null","null","null","null",131.12,18547,11389,12579,0,12282,6956,10124,0,0,0,0,19859,13284,977210,472054,361828,0,11108,4608,0,0,0,36629,5641,15310,15779,12896,14547,"F792_mz135.0807_rt1",14171.6666666667,977210,68.9503974787149,TRUE,16,2,0,"Fungal in-associated detection","RT >= 1 min","No MS/MS assignment","Unknown"
810,0.447,136.9313,"Unknown","[M+H]+","ion correlated with 1396; ion correlated with 4391",0.214,FALSE,"null","null","null","null","null","null",999,FALSE,FALSE,FALSE,"null","null","null","null","null",865.59,0,0,0,0,233812,207794,175671,0,16100,11849,0,0,0,18236,52495,21341,0,0,0,0,9762,0,0,0,0,122302,117091,202074,"F810_mz136.9313_rt0.45",0,233812,233813,TRUE,12,0,2,"Fungal control-associated detection","Very early RT","No MS/MS assignment","Unknown"
822,0.512,137.08116,"Unknown","[M+H]+",NA,0.107,FALSE,"null","null","null","null","null","null",999,FALSE,FALSE,FALSE,"null","null","null","null","null",52.69,10101,0,7166,0,42395,8784,21134,37886,0,0,42692,0,0,0,38028,0,50925,73458,0,0,39289,0,0,0,0,176866,260905,144659,"F822_mz137.0812_rt0.51",5755.66666666667,260905,45.3224088013897,TRUE,12,2,1,"Fungal in-associated detection","Early RT","No MS/MS assignment","Unknown"
834,0.463,137.97121,"Unknown","[M+H]+","ion correlated with 1695; ion correlated with 1924; ion correlated with 4008; ion correlated with 3597; found in higher mz's MsMs_904; found in higher mz's MsMs_1158",0.214,FALSE,"null","null","null","null","null","null",999,FALSE,FALSE,FALSE,"null","null","null","null","null",40.96,11534,0,6046,0,185351,174173,141195,32046,10694,7768,0,0,0,0,0,0,5098,0,0,0,0,0,0,0,0,197385,189262,150159,"F834_mz137.9712_rt0.46",5860,197385,33.677870670534,TRUE,10,1,3,"Fungal control-associated detection","Very early RT","No MS/MS assignment","Unknown"
839,0.708,138.07628,"Unknown","[M+H]+","ion correlated with 348; ion correlated with 905; ion correlated with 592",0.071,TRUE,"null","null","null","null","null","null",999,FALSE,FALSE,FALSE,"null","null","null","null","null",354.7,0,2714,0,0,0,0,0,42281,33458,0,1033878,2575102,1453278,0,0,0,0,0,0,17126,0,43375,0,0,0,0,0,0,"F839_mz138.0763_rt0.71",904.666666666667,2575102,2843.32315053368,TRUE,7,0,2,"Fungal control-associated detection","Early RT","MS/MS available","Unknown"
847,0.732,139.00266,"Unknown","[M+H]+","ion correlated with 1617; ion correlated with 704; ion correlated with 1371; ion correlated with 2174",0.179,FALSE,"null","null","null","null","null","null",999,FALSE,FALSE,FALSE,"null","null","null","null","null",14.22,26853,3874,4791,0,6514,0,4338,142327,146199,160392,37569,0,0,522583,645073,664966,16486,0,0,61503,123145,103916,0,0,29792,0,0,0,"F847_mz139.0027_rt0.73",11839.3333333333,664966,56.1611722642944,TRUE,14,1,3,"Fungal control-associated detection","Early RT","No MS/MS assignment","Unknown"
854,0.773,139.05048,"Unknown","[M+H]+",NA,0.036,FALSE,"null","null","null","null","null","null",999,FALSE,FALSE,FALSE,"null","null","null","null","null",13.2,14131,13505,7997,0,60997,60375,39397,51973,74356,8687,67683,121837,99711,27754,28076,95013,0,0,0,0,36387,32420,142669,46575,0,110284,139916,31601,"F854_mz139.0505_rt0.77",11877.6666666667,142669,12.0106072510944,TRUE,19,0,3,"Fungal control-associated detection","Early RT","No MS/MS assignment","Unknown"
884,0.461,141.0547,"Unknown","[M+H]+",NA,0.107,FALSE,"null","null","null","null","null","null",999,FALSE,FALSE,FALSE,"null","null","null","null","null",20.4,85087,60553,41955,0,38788,42110,43262,18391,34880,0,0,33722,0,416706,298382,283492,0,31118,0,0,0,88066,134268,96330,89324,74168,65052,42591,"F884_mz141.0547_rt0.46",62531.6666666667,416706,6.66382903868911,TRUE,17,1,2,"Fungal control-associated detection","Very early RT","No MS/MS assignment","Unknown"
889,0.788,141.10239,"Unknown","[M+H]+","ion correlated with 959; ion correlated with 2116; ion correlated with 2115; ion correlated with 2464; similar chromatogram in higher mz_4539",0.071,FALSE,"null","null","null","null","null","null",999,FALSE,FALSE,FALSE,"null","null","null","null","null",23.54,0,0,0,0,2550,0,0,106268,163251,119143,163876,83313,98028,0,0,0,0,17451,0,49720,92491,144333,0,0,0,0,0,2495,"F889_mz141.1024_rt0.79",0,163876,163877,TRUE,12,1,3,"Fungal control-associated detection","Early RT","No MS/MS assignment","Unknown"
917,0.668,143.1183,"Unknown","[M+H]+","ion correlated with 1390; ion correlated with 1386",0.107,FALSE,"null","null","null","null","null","null",999,FALSE,FALSE,FALSE,"null","null","null","null","null",73.43,0,0,0,0,0,2558,0,174531,233846,216972,373124,302932,206917,0,0,0,0,0,0,152686,165936,152877,0,0,0,0,0,0,"F917_mz143.1183_rt0.67",0,373124,373125,TRUE,10,0,3,"Fungal control-associated detection","Early RT","No MS/MS assignment","Unknown"
918,0.567,143.59712,"Unknown","[M+H]+","similar chromatogram in higher mz_1054; similar chromatogram in higher mz_3150; similar chromatogram in higher mz_4369; similar chromatogram in higher mz_3392",0.107,FALSE,"null","null","null","null","null","null",999,FALSE,FALSE,FALSE,"null","null","null","null","null",2500.81,0,0,0,0,0,0,0,119619,177607,247373,48162,0,0,0,0,0,0,0,0,0,75514,97627,0,0,0,0,0,0,"F918_mz143.5971_rt0.57",0,247373,247374,TRUE,6,0,3,"Fungal control-associated detection","Early RT","No MS/MS assignment","Unknown"
954,1.42,145.10132,"Unknown","[M+H]+","ion correlated with 4319; ion correlated with 3763; ion correlated with 1594; ion correlated with 4332; found in higher mz's MsMs_1594; similar chromatogram in higher mz_3249",0.036,FALSE,"null","null","null","null","null","null",999,FALSE,FALSE,FALSE,"null","null","null","null","null",56.59,0,2111,371,0,1236,1538,1468,0,0,0,0,9668,2251,283107,82166,21942,2158,2928,0,0,2952,0,1997,0,0,0,1492,1374,"F954_mz145.1013_rt1.42",827.333333333333,283107,341.780281690141,TRUE,14,2,0,"Fungal in-associated detection","RT >= 1 min","No MS/MS assignment","Unknown"
957,2.074,145.10136,"Unknown","[M+H]+","ion correlated with 2751; ion correlated with 378; ion correlated with 742; ion correlated with 1018; ion correlated with 1629; ion correlated with 1658; ion correlated with 420; ion correlated with 628; ion correlated with 995; ion correlated with 1570; ion correlated with 1694; ion correlated with 1719; ion correlated with 2318; ion correlated with 2447; ion correlated with 2950; ion correlated with 4946; ion correlated with 596; ion correlated with 1191; ion correlated with 2158; ion correlated with 2394; ion correlated with 56; ion correlated with 1140; ion correlated with 1258; ion correlated with 1468; ion correlated with 2582; ion correlated with 3907; ion correlated with 3941; ion correlated with 5039; ion correlated with 4118; ion correlated with 3777; ion correlated with 3979; found in higher mz's MsMs_3323; found in higher mz's MsMs_1751; found in higher mz's MsMs_3520; found in higher mz's MsMs_3703; found in higher mz's MsMs_2674; found in higher mz's MsMs_3079; found in higher mz's MsMs_5004; found in higher mz's MsMs_2381; found in higher mz's MsMs_2950; found in higher mz's MsMs_3851",0.107,FALSE,"null","null","null","null","null","null",999,FALSE,FALSE,FALSE,"null","null","null","null","null",58.06,0,1937,1467,0,0,1254,0,1802,0,0,2387,2199,1975,516310,324566,425734,2032,1760,2602,0,2094,1742,0,0,1810,0,1604,1484,"F957_mz145.1014_rt2.07",1134.66666666667,516310,454.632521279718,TRUE,16,3,1,"Fungal in-associated detection","RT >= 1 min","No MS/MS assignment","Unknown"
958,1.207,145.10153,"Unknown","[M+H]+","ion correlated with 2645; ion correlated with 1754; ion correlated with 2021",0.071,FALSE,"null","null","null","null","null","null",999,FALSE,FALSE,FALSE,"null","null","null","null","null",50.86,0,2111,0,0,0,1569,3017,0,3978,3202,72416,175916,189925,76188,27409,24784,0,2793,0,0,3740,0,2907,0,0,3161,1608,1512,"F958_mz145.1015_rt1.21",703.666666666667,189925,269.526017029328,TRUE,16,1,2,"Fungal control-associated detection","RT >= 1 min","No MS/MS assignment","Unknown"
959,0.735,145.10555,"Unknown","[M+H]+","ion correlated with 915; ion correlated with 2116; ion correlated with 889",0.036,FALSE,"null","null","null","null","null","null",999,FALSE,FALSE,FALSE,"null","null","null","null","null",77.56,0,0,0,0,0,0,0,128284,208671,131309,264833,94862,98061,0,0,0,15963,0,0,74624,98160,126166,0,0,0,0,5389,0,"F959_mz145.1055_rt0.74",0,264833,264834,TRUE,11,1,3,"Fungal control-associated detection","Early RT","No MS/MS assignment","Unknown"
974,0.639,146.16536,"Unknown","[M+H]+",NA,0.179,FALSE,"null","null","null","null","null","null",999,FALSE,FALSE,FALSE,"null","null","null","null","null",308.3,0,0,0,0,0,0,0,628224,1181091,1979201,1316942,0,0,8582,0,0,0,0,0,0,486376,506817,0,0,0,0,0,0,"F974_mz146.1654_rt0.64",0,1979201,1979202,TRUE,7,0,3,"Fungal control-associated detection","Early RT","No MS/MS assignment","Unknown"
987,1.027,147.0442,"Unknown","[M+H]+","ion correlated with 4557; found in higher mz's MsMs_4658; found in higher mz's MsMs_3562; found in higher mz's MsMs_2969; found in higher mz's MsMs_1217",0.036,TRUE,"null","null","null","null","null","null",999,FALSE,FALSE,FALSE,"null","null","null","null","null",101.27,0,0,3105,0,2506,0,1840,17378,10362,23791,0,5831,8005,6269876,6632172,3599656,0,9503,0,7341,24928,12007,87920,93924,90611,2458,0,0,"F987_mz147.0442_rt1.03",1035,6632172,6401.71138996139,TRUE,18,1,3,"Fungal control-associated detection","RT >= 1 min","MS/MS available","Unknown"
1008,0.445,148.53639,"Unknown","[M+H]+",NA,0.179,FALSE,"null","null","null","null","null","null",999,FALSE,FALSE,FALSE,"null","null","null","null","null",1548.69,0,0,0,0,0,0,0,0,0,51612,0,0,0,47671,220466,158190,32694,0,32776,0,0,0,144909,151793,146460,0,0,0,"F1008_mz148.5364_rt0.44",0,220466,220467,TRUE,9,2,1,"Fungal in-associated detection","Very early RT","No MS/MS assignment","Unknown"
1018,2.074,149.09625,"Unknown","[M+H]+","ion correlated with 1751; ion correlated with 2381; ion correlated with 2674; ion correlated with 2950; ion correlated with 3323; ion correlated with 3503; ion correlated with 3746; ion correlated with 3907; ion correlated with 5004; ion correlated with 5012; ion correlated with 3703; ion correlated with 3079; ion correlated with 4118; ion correlated with 3851; found in higher mz's MsMs_3323; found in higher mz's MsMs_3703; found in higher mz's MsMs_2674; found in higher mz's MsMs_5004; found in higher mz's MsMs_3851",0.107,TRUE,"null","null","null","null","null","null",999,FALSE,FALSE,FALSE,"null","null","null","null","null",176.35,3526,0,1471,0,1818,0,1723,2652,2470,4074,3390,2145,0,4979585,3342471,4146702,1758,0,0,2500,0,1692,15663,1989,9277,3061,2746,0,"F1018_mz149.0962_rt2.07",1665.66666666667,4979585,2987.7516,TRUE,18,1,3,"Fungal control-associated detection","RT >= 1 min","MS/MS available","Unknown"
1020,1.061,149.0965,"Unknown","[M+H]+","ion correlated with 3171; ion correlated with 3624; ion correlated with 3535; ion correlated with 792; ion correlated with 3937; ion correlated with 3565; ion correlated with 567; ion correlated with 3309; ion correlated with 4550; ion correlated with 4658; ion correlated with 4565; ion correlated with 4759; ion correlated with 4694; ion correlated with 4152; ion correlated with 1837; ion correlated with 4035; ion correlated with 2094; ion correlated with 2128; ion correlated with 799; ion correlated with 4338; ion correlated with 4486; ion correlated with 2012; ion correlated with 4283; ion correlated with 3491; ion correlated with 4167; ion correlated with 1747; ion correlated with 1764; ion correlated with 3971; found in higher mz's MsMs_1837; similar chromatogram in higher mz_4035",0.107,TRUE,"null","null","null","null","null","null",999,FALSE,FALSE,FALSE,"null","null","null","null","null",11.28,14279,9257,10363,0,9879,10828,11389,8490,6612,0,53511,12697,18530,390947,209619,266840,0,10168,0,14849,8092,5910,22237,7626,7512,14461,4845,13538,"F1020_mz149.0965_rt1.06",11299.6666666667,390947,34.5951271311427,TRUE,21,1,2,"Fungal control-associated detection","RT >= 1 min","MS/MS available","Unknown"
1021,0.659,149.10732,"Unknown","[M+H]+",NA,0.036,FALSE,"null","null","null","null","null","null",999,FALSE,FALSE,FALSE,"null","null","null","null","null",55.95,14513,0,0,0,0,0,0,83638,130922,136084,117482,158726,92894,0,0,0,0,0,0,0,78593,98844,0,0,0,0,0,0,"F1021_mz149.1073_rt0.66",4837.66666666667,158726,32.8038715899697,TRUE,8,0,3,"Fungal control-associated detection","Early RT","No MS/MS assignment","Unknown"
1026,0.511,149.52644,"Unknown","[M+H]+","similar chromatogram in higher mz_1265; similar chromatogram in higher mz_1115; similar chromatogram in higher mz_2958; similar chromatogram in higher mz_4089; similar chromatogram in higher mz_4513; similar chromatogram in higher mz_4571; similar chromatogram in higher mz_4768",0.214,FALSE,"null","null","null","null","null","null",999,FALSE,FALSE,FALSE,"null","null","null","null","null",2436.13,0,0,1478,0,0,0,0,40053,0,32080,0,55311,74300,472276,166507,267153,0,0,45537,61802,0,34455,277396,268173,412862,0,0,0,"F1026_mz149.5264_rt0.51",492.666666666667,472276,956.671843349088,TRUE,13,1,2,"Fungal control-associated detection","Early RT","No MS/MS assignment","Unknown"
1054,0.571,152.1106,"Unknown","[M+H]+",NA,0.143,FALSE,"null","null","null","null","null","null",999,FALSE,FALSE,FALSE,"null","null","null","null","null",133.43,17105,4355,6048,0,6185,5058,4507,384073,462538,552523,93502,0,0,0,0,0,0,0,0,49787,242355,113448,0,0,0,3193,0,0,"F1054_mz152.1106_rt0.57",9169.33333333333,552523,60.2512449565628,TRUE,11,0,3,"Fungal control-associated detection","Early RT","No MS/MS assignment","Unknown"
1055,0.648,152.11067,"Unknown","[M+H]+",NA,0.036,FALSE,"null","null","null","null","null","null",999,FALSE,FALSE,FALSE,"null","null","null","null","null",68.44,17105,4568,2371,0,3148,0,0,28545,24107,53095,49125,0,0,53313,0,0,0,72743,0,49787,84486,199888,0,0,0,3409,0,0,"F1055_mz152.1107_rt0.65",8014.66666666667,199888,24.9372894747786,TRUE,11,1,3,"Fungal control-associated detection","Early RT","No MS/MS assignment","Unknown"
1072,0.496,154.07019,"Unknown","[M+H]+","ion correlated with 2991; ion correlated with 251; ion correlated with 1323; ion correlated with 841",0.143,FALSE,"null","null","null","null","null","null",999,FALSE,FALSE,FALSE,"null","null","null","null","null",69.21,0,0,0,0,0,0,0,0,11923,27267,20196,0,36613,1099410,962377,881469,0,0,7199,0,30156,12691,377205,233727,484719,3870,0,0,"F1072_mz154.0702_rt0.5",0,1099410,1099411,TRUE,14,1,2,"Fungal control-associated detection","Very early RT","No MS/MS assignment","Unknown"
1074,0.743,154.0977,"Unknown","[M+H]+",NA,0.036,FALSE,"null","null","null","null","null","null",999,FALSE,FALSE,FALSE,"null","null","null","null","null",10.53,6061,0,0,0,0,0,0,89705,119517,76311,42456,0,36215,0,0,0,0,18104,0,21999,93206,33435,0,0,0,0,0,0,"F1074_mz154.0977_rt0.74",2020.33333333333,119517,59.1282981530343,TRUE,9,1,3,"Fungal control-associated detection","Early RT","No MS/MS assignment","Unknown"
1080,0.445,154.94191,"Unknown","[M+H]+","ion correlated with 1326; ion correlated with 1411",0.214,FALSE,"null","null","null","null","null","null",999,FALSE,FALSE,FALSE,"null","null","null","null","null",61.98,0,0,0,0,435744,409195,360530,18251,39250,30542,24863,14660,0,54210,72475,32880,0,13595,0,21623,19042,13221,0,13936,0,315076,296250,433840,"F1080_mz154.9419_rt0.44",0,435744,435745,TRUE,19,1,3,"Fungal control-associated detection","Very early RT","No MS/MS assignment","Unknown"
1087,0.659,155.08163,"Unknown","[M+H]+",NA,0.036,FALSE,"null","null","null","null","null","null",999,FALSE,FALSE,FALSE,"null","null","null","null","null",56.86,0,1924,4307,0,0,7819,3525,6644,67486,38799,203416,337120,210800,0,0,0,0,55150,0,34615,99181,26787,0,0,0,0,10541,0,"F1087_mz155.0816_rt0.66",2077,337120,162.233397497594,TRUE,13,1,3,"Fungal control-associated detection","Early RT","No MS/MS assignment","Unknown"
1089,1.04,155.15471,"Unknown","[M+H]+",NA,0.036,FALSE,"null","null","null","null","null","null",999,FALSE,FALSE,FALSE,"null","null","null","null","null",29.23,0,0,1508,0,4051,4236,5691,7053,9395,14419,17134,128541,13759,0,9477,0,0,0,0,5813,21598,16000,0,0,5830,2338,4230,93540,"F1089_mz155.1547_rt1.04",502.666666666667,128541,255.21244209133,TRUE,17,0,3,"Fungal control-associated detection","RT >= 1 min","No MS/MS assignment","Unknown"
1100,0.885,156.13843,"Unknown","[M+H]+","found in higher mz's MsMs_4069",0.25,TRUE,"null","null","null","null","null","null",999,FALSE,FALSE,FALSE,"null","null","null","null","null",8831.42,0,5946,5558,0,6742,2220,3423,0,12457,20519,22443,111185,100317,141642864,114605704,168217296,0,0,0,0,0,0,41941616,53403548,80187576,10936,7111,5444,"F1100_mz156.1384_rt0.88",3834.66666666667,168217296,43856.0781263579,TRUE,17,0,2,"Fungal control-associated detection","Early RT","MS/MS available","Unknown"
1102,0.541,156.59285,"Unknown","[M+H]+",NA,0.036,FALSE,"null","null","null","null","null","null",999,FALSE,FALSE,FALSE,"null","null","null","null","null",109.12,0,0,0,0,0,0,0,61436,118622,28586,0,0,0,0,0,0,0,0,0,45262,0,0,0,0,0,0,0,0,"F1102_mz156.5928_rt0.54",0,118622,118623,TRUE,4,0,3,"Fungal control-associated detection","Early RT","No MS/MS assignment","Unknown"
1105,0.514,156.9825,"Unknown","[M+H]+",NA,0.321,FALSE,"null","null","null","null","null","null",999,FALSE,FALSE,FALSE,"null","null","null","null","null",26.22,25764,2729,1675,0,4082,5750,5489,0,0,0,31080,116846,39884,179742,254611,152973,243103,109320,178632,98153,82450,0,372121,266680,351056,0,0,8162,"F1105_mz156.9825_rt0.51",10056,372121,37.0012926319976,TRUE,18,3,0,"Fungal in-associated detection","Early RT","No MS/MS assignment","Unknown"
1111,0.923,157.04982,"Unknown","[M+H]+","ion correlated with 1358; ion correlated with 638; ion correlated with 1726; ion correlated with 670",0.036,TRUE,"null","null","null","null","null","null",999,FALSE,FALSE,FALSE,"null","null","null","null","null",387.76,120698,12769,18322,0,15592,15879,17782,0,10638,0,498886,2368674,2635064,9756,40099,34992,30744,20714,22595,0,0,11672,15786,0,0,15606,21013,17393,"F1111_mz157.0498_rt0.92",50596.3333333333,2635064,52.0791280172868,TRUE,18,3,1,"Fungal in-associated detection","Early RT","MS/MS available","Unknown"
1124,0.935,158.1178,"Unknown","[M+H]+","similar chromatogram in higher mz_1348; similar chromatogram in higher mz_1797",0.107,FALSE,"null","null","null","null","null","null",999,FALSE,FALSE,FALSE,"null","null","null","null","null",6.27,6256,3928,13843,0,8944,4063,4856,82076,69190,54696,134032,159693,160923,0,9242,0,0,16017,0,38389,48777,85962,11489,10182,0,9989,12696,12981,"F1124_mz158.1178_rt0.94",8009,160923,20.0903870162297,TRUE,19,1,3,"Fungal control-associated detection","Early RT","No MS/MS assignment","Unknown"
1140,2.08,159.11703,"Unknown","[M+H]+","ion correlated with 378; ion correlated with 742; ion correlated with 957; ion correlated with 1018; ion correlated with 1629; ion correlated with 1658; ion correlated with 2022; ion correlated with 797; ion correlated with 2911; ion correlated with 420; ion correlated with 628; ion correlated with 995; ion correlated with 1351; ion correlated with 1570; ion correlated with 1694; ion correlated with 1719; ion correlated with 1894; ion correlated with 2137; ion correlated with 2318; ion correlated with 2447; ion correlated with 4946; ion correlated with 596; ion correlated with 1191; ion correlated with 2158; ion correlated with 2500; ion correlated with 2394; ion correlated with 56; ion correlated with 1167; ion correlated with 1258; ion correlated with 1468; ion correlated with 2582; ion correlated with 3907; ion correlated with 3941; ion correlated with 5039; ion correlated with 2347; ion correlated with 4118; ion correlated with 3777; ion correlated with 3979; ion correlated with 3997; found in higher mz's MsMs_3323; found in higher mz's MsMs_1751; found in higher mz's MsMs_3520; found in higher mz's MsMs_3703; found in higher mz's MsMs_2674; found in higher mz's MsMs_5004; found in higher mz's MsMs_2381; found in higher mz's MsMs_2950; found in higher mz's MsMs_3851",0.107,FALSE,"null","null","null","null","null","null",999,FALSE,FALSE,FALSE,"null","null","null","null","null",36.08,1949,1902,1881,0,3319,0,3780,0,3297,0,3762,2123,1664,339719,234352,311245,0,1959,4160,2532,850,0,4020,2993,1517,1973,1578,1966,"F1140_mz159.117_rt2.08",1910.66666666667,339719,177.708805579773,TRUE,19,2,1,"Fungal in-associated detection","RT >= 1 min","No MS/MS assignment","Unknown"
1142,0.668,159.12436,"Unknown","[M+H]+","similar chromatogram in higher mz_3397; similar chromatogram in higher mz_4245; similar chromatogram in higher mz_1613; similar chromatogram in higher mz_2049",0.107,FALSE,"null","null","null","null","null","null",999,FALSE,FALSE,FALSE,"null","null","null","null","null",28.33,0,0,0,0,0,0,0,103706,173476,132506,235508,77074,49338,0,0,0,29901,0,0,47297,122721,87755,0,27398,0,0,0,0,"F1142_mz159.1244_rt0.67",0,235508,235509,TRUE,11,1,3,"Fungal control-associated detection","Early RT","No MS/MS assignment","Unknown"
1178,0.736,162.12398,"Unknown","[M+H]+","similar chromatogram in higher mz_2730; similar chromatogram in higher mz_1617; similar chromatogram in higher mz_2134; similar chromatogram in higher mz_3406",0.107,FALSE,"null","null","null","null","null","null",999,FALSE,FALSE,FALSE,"null","null","null","null","null",91.69,0,0,0,0,0,0,0,95731,116636,89872,33290,0,0,0,0,0,0,0,0,105754,115921,77912,0,23809,0,0,0,0,"F1178_mz162.124_rt0.74",0,116636,116637,TRUE,8,0,3,"Fungal control-associated detection","Early RT","No MS/MS assignment","Unknown"
1191,2.077,163.11201,"Unknown","[M+H]+","ion correlated with 2751; ion correlated with 395; ion correlated with 378; ion correlated with 742; ion correlated with 957; ion correlated with 1018; ion correlated with 1497; ion correlated with 1629; ion correlated with 1658; ion correlated with 2022; ion correlated with 797; ion correlated with 1838; ion correlated with 2911; ion correlated with 628; ion correlated with 995; ion correlated with 1351; ion correlated with 1570; ion correlated with 1694; ion correlated with 1719; ion correlated with 1894; ion correlated with 2137; ion correlated with 2318; ion correlated with 2447; ion correlated with 2950; ion correlated with 4946; ion correlated with 596; ion correlated with 2158; ion correlated with 4919; ion correlated with 532; ion correlated with 2500; ion correlated with 3522; ion correlated with 2562; ion correlated with 2394; ion correlated with 56; ion correlated with 1140; ion correlated with 1167; ion correlated with 1258; ion correlated with 1468; ion correlated with 2582; ion correlated with 3907; ion correlated with 3941; ion correlated with 5039; ion correlated with 2347; ion correlated with 4118; ion correlated with 3777; ion correlated with 3997; ion correlated with 5027; found in higher mz's MsMs_5004; found in higher mz's MsMs_3851",0.107,FALSE,"null","null","null","null","null","null",999,FALSE,FALSE,FALSE,"null","null","null","null","null",14.59,0,0,0,0,0,0,1469,0,1757,3557,1788,0,0,289668,183885,224679,0,0,0,0,0,0,2126,0,1788,0,1526,2066,"F1191_mz163.112_rt2.08",0,289668,289669,TRUE,11,0,2,"Fungal control-associated detection","RT >= 1 min","No MS/MS assignment","Unknown"
1195,1.182,163.14822,"Unknown","[M+H]+","ion correlated with 955; ion correlated with 4038; ion correlated with 1625; ion correlated with 4061; ion correlated with 4111; ion correlated with 4432; ion correlated with 4076; ion correlated with 1408; ion correlated with 1470; ion correlated with 1431; ion correlated with 4620",0.036,FALSE,"null","null","null","null","null","null",999,FALSE,FALSE,FALSE,"null","null","null","null","null",10.69,0,4502,3782,0,0,6925,6864,0,0,0,12788,2613,3240,168710,42714,20622,2868,0,3820,0,0,0,3504,0,3432,3603,6106,4998,"F1195_mz163.1482_rt1.18",2761.33333333333,168710,61.0755400024134,TRUE,15,2,0,"Fungal in-associated detection","RT >= 1 min","No MS/MS assignment","Unknown"
1198,0.781,163.59439,"Unknown","[M+H]+",NA,0.036,FALSE,"null","null","null","null","null","null",999,FALSE,FALSE,FALSE,"null","null","null","null","null",92.12,0,0,0,0,0,0,0,46658,104141,13008,12727,0,0,0,0,0,13479,0,0,0,18515,16245,0,0,0,0,0,0,"F1198_mz163.5944_rt0.78",0,104141,104142,TRUE,7,1,3,"Fungal control-associated detection","Early RT","No MS/MS assignment","Unknown"
1201,0.8,164.05702,"Unknown","[M+H]+","ion correlated with 2115; ion correlated with 2464",0.071,FALSE,"null","null","null","null","null","null",999,FALSE,FALSE,FALSE,"null","null","null","null","null",31.52,5215,0,0,0,2743,2260,2453,160290,198355,206747,191379,94316,93909,29571,0,32780,0,0,21783,71260,107164,128350,0,0,0,0,0,3444,"F1201_mz164.057_rt0.8",1738.33333333333,206747,118.866232272901,TRUE,16,1,3,"Fungal control-associated detection","Early RT","No MS/MS assignment","Unknown"
1209,0.428,164.92101,"Unknown","[M+H]+","similar chromatogram in higher mz_2567",0.321,FALSE,"null","null","null","null","null","null",999,FALSE,FALSE,FALSE,"null","null","null","null","null",38.89,0,0,0,0,32492,29961,14270,116684,148038,126560,194657,170800,166936,0,0,0,0,0,0,22949,72292,99455,0,0,0,312049,357996,132873,"F1209_mz164.921_rt0.43",0,357996,357997,TRUE,15,0,3,"Fungal control-associated detection","Very early RT","No MS/MS assignment","Unknown"
1230,0.425,166.06993,"Unknown","[M+H]+","ion correlated with 1759; ion correlated with 4169; ion correlated with 4259; ion correlated with 3095; ion correlated with 998; ion correlated with 1091; ion correlated with 4124; ion correlated with 2641; ion correlated with 3422",0.036,FALSE,"null","null","null","null","null","null",999,FALSE,FALSE,FALSE,"null","null","null","null","null",35,0,0,5287,0,8951,0,3696,29650,6681,0,3913,19756,11737,204604,215840,356210,0,0,0,5449,12098,0,67465,46566,72710,0,0,0,"F1230_mz166.0699_rt0.42",1762.33333333333,356210,202.010018903592,TRUE,15,0,2,"Fungal control-associated detection","Very early RT","No MS/MS assignment","Unknown"
1235,0.647,166.11395,"Unknown","[M+H]+",NA,0.071,FALSE,"null","null","null","null","null","null",999,FALSE,FALSE,FALSE,"null","null","null","null","null",106.76,35110,64158,54293,0,48081,55359,47573,242815,400364,512048,7633,18496,0,0,0,0,0,0,0,35914,132628,63082,0,0,0,41865,17108,52879,"F1235_mz166.1139_rt0.65",51187,512048,10.003301555052,TRUE,14,0,3,"Fungal control-associated detection","Early RT","No MS/MS assignment","Unknown"
1236,0.507,166.12273,"Unknown","[M+H]+",NA,0.107,FALSE,"null","null","null","null","null","null",999,FALSE,FALSE,FALSE,"null","null","null","null","null",108.23,4918,14120,7352,0,0,0,0,0,0,0,0,0,0,0,0,0,498372,433299,488052,131158,0,0,0,0,0,0,0,0,"F1236_mz166.1227_rt0.51",8796.66666666667,498372,56.6483158413216,TRUE,4,3,0,"Fungal in-associated detection","Early RT","No MS/MS assignment","Unknown"
1240,0.768,166.99548,"Unknown","[M+H]+",NA,0.036,FALSE,"null","null","null","null","null","null",999,FALSE,FALSE,FALSE,"null","null","null","null","null",2.34,5163,0,0,0,0,1867,0,0,17051,0,47895,76106,27073,73095,98962,75346,103809,86701,110664,76030,33082,15702,132441,52979,157558,0,0,2683,"F1240_mz166.9955_rt0.77",1721,157558,91.4976771196283,TRUE,18,3,1,"Fungal in-associated detection","Early RT","No MS/MS assignment","Unknown"
1261,0.481,167.48677,"Unknown","[M+H]+","similar chromatogram in higher mz_1265",0.179,FALSE,"null","null","null","null","null","null",999,FALSE,FALSE,FALSE,"null","null","null","null","null",1499.63,0,0,0,0,20278,0,3939,0,0,0,0,0,0,0,0,0,179803,0,142957,0,0,0,366335,166361,75813,81026,105890,56725,"F1261_mz167.4868_rt0.48",0,366335,366336,TRUE,10,2,0,"Fungal in-associated detection","Very early RT","No MS/MS assignment","Unknown"
1262,0.647,167.48679,"Unknown","[M+H]+",NA,0.179,FALSE,"null","null","null","null","null","null",999,FALSE,FALSE,FALSE,"null","null","null","null","null",1446.28,0,0,0,0,0,0,0,0,0,40868,60014,21288,95733,0,36632,39832,149479,88019,103842,59153,64746,48288,146953,195032,142267,0,0,0,"F1262_mz167.4868_rt0.65",0,195032,195033,TRUE,15,3,1,"Fungal in-associated detection","Early RT","No MS/MS assignment","Unknown"
1349,3.547,173.13263,"Unknown","[M+H]+","ion correlated with 1041; ion correlated with 419; ion correlated with 779; ion correlated with 2014; ion correlated with 2157; ion correlated with 376; ion correlated with 856; ion correlated with 1379; ion correlated with 2563; ion correlated with 956; ion correlated with 397; ion correlated with 597; ion correlated with 625; ion correlated with 994; ion correlated with 1019; ion correlated with 1190; ion correlated with 1257; ion correlated with 1630; ion correlated with 1752; ion correlated with 2317; ion correlated with 2448; ion correlated with 2474; ion correlated with 2746; ion correlated with 2954; ion correlated with 3083; ion correlated with 3098; ion correlated with 3118; ion correlated with 3504; ion correlated with 3906; ion correlated with 5013; ion correlated with 5038; ion correlated with 5047; ion correlated with 4188; ion correlated with 4106; found in higher mz's MsMs_3318; found in higher mz's MsMs_2474; found in higher mz's MsMs_2954; found in higher mz's MsMs_3504",0.107,FALSE,"null","null","null","null","null","null",999,FALSE,FALSE,FALSE,"null","null","null","null","null",13.25,3193,0,0,0,0,0,0,0,0,0,0,1616,1706,186983,193659,366841,0,1326,1694,0,0,0,2142,2361,1796,0,1141,0,"F1349_mz173.1326_rt3.55",1064.33333333333,366841,344.344806007509,TRUE,11,2,0,"Fungal in-associated detection","RT >= 1 min","No MS/MS assignment","Unknown"
1353,0.394,173.92946,"Unknown","[M+H]+","ion correlated with 380; ion correlated with 4537; ion correlated with 528; ion correlated with 494; ion correlated with 1695",0.214,FALSE,"null","null","null","null","null","null",999,FALSE,FALSE,FALSE,"null","null","null","null","null",175.32,0,0,0,0,211579,100186,148268,8534,24963,0,0,8272,0,0,0,0,0,0,0,0,0,6984,13612,20417,18276,297029,342498,197725,"F1353_mz173.9295_rt0.39",0,342498,342499,TRUE,13,0,2,"Fungal control-associated detection","Very early RT","No MS/MS assignment","Unknown"
1364,0.663,174.14917,"Unknown","[M+H]+",NA,0.107,FALSE,"null","null","null","null","null","null",999,FALSE,FALSE,FALSE,"null","null","null","null","null",37.47,4544,2479,0,0,83692,5237,60270,71822,53979,0,0,0,0,183836,89396,60931,0,27700,0,18142,0,27512,0,38864,91188,197780,218296,200565,"F1364_mz174.1492_rt0.66",2341,218296,93.2096498719044,TRUE,16,1,2,"Fungal control-associated detection","Early RT","No MS/MS assignment","Unknown"
1371,0.733,175.0239,"Unknown","[M+H]+","ion correlated with 1617; ion correlated with 847; ion correlated with 704",0.107,FALSE,"null","null","null","null","null","null",999,FALSE,FALSE,FALSE,"null","null","null","null","null",91.33,0,2504,0,0,0,0,0,198734,164327,188131,49376,0,0,501330,810786,839723,24950,0,0,96862,138514,193247,0,59185,62162,0,0,0,"F1371_mz175.0239_rt0.73",834.666666666667,839723,1004.85520542481,TRUE,13,1,3,"Fungal control-associated detection","Early RT","No MS/MS assignment","Unknown"
1394,0.443,176.8941,"Unknown","[M+H]+",NA,0.179,FALSE,"null","null","null","null","null","null",999,FALSE,FALSE,FALSE,"null","null","null","null","null",1536,0,0,0,0,46896,16141,25848,114633,133651,53835,45535,0,0,358249,255377,360447,0,22991,0,16815,69355,50224,0,0,0,57045,54746,46310,"F1394_mz176.8941_rt0.44",0,360447,360448,TRUE,17,1,3,"Fungal control-associated detection","Very early RT","No MS/MS assignment","Unknown"
1406,0.462,177.07613,"Unknown","[M+H]+",NA,0.143,FALSE,"null","null","null","null","null","null",999,FALSE,FALSE,FALSE,"null","null","null","null","null",75.3,6927,12863,11222,0,10395,6344,4137,32702,42970,0,0,0,0,561178,465361,541612,0,0,369806,0,0,0,141679,87426,130800,6240,9627,0,"F1406_mz177.0761_rt0.46",10337.3333333333,561178,54.2813799774303,TRUE,14,1,2,"Fungal control-associated detection","Very early RT","No MS/MS assignment","Unknown"
1411,0.445,177.9579,"Unknown","[M+H]+","ion correlated with 1433; ion correlated with 1671",0.214,FALSE,"null","null","null","null","null","null",999,FALSE,FALSE,FALSE,"null","null","null","null","null",185.42,50118,0,3118,0,568503,498487,574064,30493,31282,33681,58951,24924,22233,37605,112217,71705,0,21210,0,19449,28986,26660,15022,0,0,590397,552133,585176,"F1411_mz177.9579_rt0.44",17745.3333333333,590397,33.2687315689626,TRUE,20,1,3,"Fungal control-associated detection","Very early RT","No MS/MS assignment","Unknown"
1433,0.444,179.9816,"Unknown","[M+H]+","ion correlated with 770; ion correlated with 1671; ion correlated with 1411",0.321,FALSE,"null","null","null","null","null","null",999,FALSE,FALSE,FALSE,"null","null","null","null","null",105.61,31555,0,0,0,446864,344573,385032,9506,8666,18800,12765,0,10405,117310,109390,181124,0,0,0,0,10050,11581,0,0,0,613653,573769,552607,"F1433_mz179.9816_rt0.44",10518.3333333333,613653,58.3358260979783,TRUE,16,0,3,"Fungal control-associated detection","Very early RT","No MS/MS assignment","Unknown"
1450,0.805,180.8949,"Unknown","[M+H]+","ion correlated with 1501; ion correlated with 2604",0.071,FALSE,"null","null","null","null","null","null",999,FALSE,FALSE,FALSE,"null","null","null","null","null",32.79,0,0,0,0,0,0,0,14467,116666,103252,0,0,0,0,0,0,12921,0,0,0,60093,21205,0,0,0,0,0,0,"F1450_mz180.8949_rt0.8",0,116666,116667,TRUE,6,1,3,"Fungal control-associated detection","Early RT","No MS/MS assignment","Unknown"
1458,1.004,181.08617,"Unknown","[M+H]+","ion correlated with 3171; ion correlated with 1714; ion correlated with 3311; ion correlated with 1088; ion correlated with 4165; ion correlated with 4759; ion correlated with 2865; ion correlated with 1837",0.143,TRUE,"null","null","null","null","null","null",999,FALSE,FALSE,FALSE,"null","null","null","null","null",38.56,25186,11149,12941,0,11061,10566,12023,0,0,0,7540,16431,24473,2347392,1044373,795391,0,4030,21694,0,10342,10546,150532,16710,36610,22884,16347,14575,"F1458_mz181.0862_rt1",16425.3333333333,2347392,142.904259420849,TRUE,19,2,0,"Fungal in-associated detection","RT >= 1 min","MS/MS available","Unknown"
1470,1.192,181.15889,"Unknown","[M+H]+","ion correlated with 955; ion correlated with 4038; ion correlated with 1195; ion correlated with 1625; ion correlated with 4061; ion correlated with 4111; ion correlated with 4432; ion correlated with 4076; ion correlated with 1665; ion correlated with 1408; ion correlated with 1431; ion correlated with 4039",0.036,FALSE,"null","null","null","null","null","null",999,FALSE,FALSE,FALSE,"null","null","null","null","null",1.81,0,1248,1752,0,4772,2158,0,0,0,3268,5765,0,3154,251878,57786,22694,2850,3431,3129,0,0,3452,3876,0,0,2081,3292,4963,"F1470_mz181.1589_rt1.19",1000,251878,251.627372627373,TRUE,16,3,1,"Fungal in-associated detection","RT >= 1 min","No MS/MS assignment","Unknown"
1473,0.399,181.98851,"Unknown","[M+H]+","ion correlated with 470; ion correlated with 275; ion correlated with 2692",0.25,FALSE,"null","null","null","null","null","null",999,FALSE,FALSE,FALSE,"null","null","null","null","null",180.19,157027,0,0,0,71158,70354,59291,6900,5954,9317,0,0,0,2469738,1778780,1647772,0,0,0,0,0,0,965056,727710,768517,94724,122735,41151,"F1473_mz181.9885_rt0.4",52342.3333333333,2469738,47.1834490224798,TRUE,15,0,3,"Fungal control-associated detection","Very early RT","No MS/MS assignment","Unknown"
1481,0.813,182.14642,"Unknown","[M+H]+","ion correlated with 3149; ion correlated with 2849; ion correlated with 2182; ion correlated with 3499; ion correlated with 5003; ion correlated with 3812; ion correlated with 1959",0.143,FALSE,"null","null","null","null","null","null",999,FALSE,FALSE,FALSE,"null","null","null","null","null",45.88,5478,17808,24487,0,20040,21574,21214,144984,193906,176793,58641,0,0,0,0,0,19288,0,0,33112,98468,139541,0,0,0,18289,22646,23050,"F1481_mz182.1464_rt0.81",15924.3333333333,193906,12.1760088747488,TRUE,14,1,3,"Fungal control-associated detection","Early RT","No MS/MS assignment","Unknown"
1501,0.81,183.27968,"Unknown","[M+H]+","ion correlated with 1450; ion correlated with 2604",0.036,FALSE,"null","null","null","null","null","null",999,FALSE,FALSE,FALSE,"null","null","null","null","null",2170.82,0,0,0,0,0,0,0,12969,108541,97707,0,0,0,0,0,0,0,0,0,0,62333,14354,0,0,0,0,0,0,"F1501_mz183.2797_rt0.81",0,108541,108542,TRUE,5,0,3,"Fungal control-associated detection","Early RT","No MS/MS assignment","Unknown"
1512,0.447,184.96994,"Unknown","[M+H]+",NA,0.143,FALSE,"null","null","null","null","null","null",999,FALSE,FALSE,FALSE,"null","null","null","null","null",16.94,7107,6228,2323,0,191187,236822,191742,0,26823,39866,26128,10192,10614,148564,153632,100949,10036,0,0,0,19003,0,11024,0,10805,128665,100022,202042,"F1512_mz184.9699_rt0.45",5219.33333333333,236822,45.3654939020497,TRUE,18,1,2,"Fungal control-associated detection","Very early RT","No MS/MS assignment","Unknown"
1527,0.917,186.11282,"Unknown","[M+H]+",NA,0.036,FALSE,"null","null","null","null","null","null",999,FALSE,FALSE,FALSE,"null","null","null","null","null",23.12,22337,6748,10324,0,9603,3152,8278,0,61293,37252,51401,97920,90009,133920,68761,56801,0,0,0,0,0,60285,42591,15923,71427,7188,10218,4118,"F1527_mz186.1128_rt0.92",13136.3333333333,133920,10.1939257079062,TRUE,18,0,2,"Fungal control-associated detection","Early RT","No MS/MS assignment","Unknown"
1548,0.725,187.62352,"Unknown","[M+H]+","ion correlated with 2886; ion correlated with 1549; ion correlated with 3923; ion correlated with 3184; ion correlated with 3149; ion correlated with 2774; ion correlated with 2849; ion correlated with 3797; ion correlated with 1856",0.036,FALSE,"null","null","null","null","null","null",999,FALSE,FALSE,FALSE,"null","null","null","null","null",3528.14,0,0,0,0,2266,0,0,176407,253155,202148,40456,0,0,0,0,0,23002,0,0,36317,117388,201593,0,0,0,0,0,0,"F1548_mz187.6235_rt0.72",0,253155,253156,TRUE,9,1,3,"Fungal control-associated detection","Early RT","No MS/MS assignment","Unknown"
1549,0.708,187.64185,"Unknown","[M+H]+","ion correlated with 1548; ion correlated with 3149",0.107,FALSE,"null","null","null","null","null","null",999,FALSE,FALSE,FALSE,"null","null","null","null","null",224.22,0,0,0,0,0,0,0,160867,320636,233475,20682,0,0,0,0,0,21780,0,0,0,54463,181474,0,0,0,0,0,0,"F1549_mz187.6419_rt0.71",0,320636,320637,TRUE,7,1,3,"Fungal control-associated detection","Early RT","No MS/MS assignment","Unknown"
1552,0.952,188.03806,"Unknown","[M+H]+","ion correlated with 1358; ion correlated with 638; ion correlated with 1726; ion correlated with 1095; ion correlated with 1111; ion correlated with 2325; ion correlated with 4067; ion correlated with 1765; ion correlated with 3243; ion correlated with 3461; found in higher mz's MsMs_1559",0.071,FALSE,"null","null","null","null","null","null",999,FALSE,FALSE,FALSE,"null","null","null","null","null",288.17,0,0,0,0,1680,0,0,0,0,0,184078,792932,806170,32485,16211,30075,8135,0,13594,0,0,0,8506,8144,0,0,0,0,"F1552_mz188.0381_rt0.95",0,806170,806171,TRUE,11,2,0,"Fungal in-associated detection","Early RT","No MS/MS assignment","Unknown"
1570,2.077,189.12766,"Unknown","[M+H]+","ion correlated with 2751; ion correlated with 378; ion correlated with 742; ion correlated with 957; ion correlated with 1018; ion correlated with 1629; ion correlated with 1658; ion correlated with 2022; ion correlated with 2911; ion correlated with 420; ion correlated with 628; ion correlated with 995; ion correlated with 1351; ion correlated with 1694; ion correlated with 1719; ion correlated with 1894; ion correlated with 2318; ion correlated with 2447; ion correlated with 2950; ion correlated with 4946; ion correlated with 596; ion correlated with 1191; ion correlated with 2158; ion correlated with 2500; ion correlated with 2394; ion correlated with 56; ion correlated with 1140; ion correlated with 1167; ion correlated with 1258; ion correlated with 1468; ion correlated with 2582; ion correlated with 3907; ion correlated with 3941; ion correlated with 5039; ion correlated with 2347; ion correlated with 4118; ion correlated with 3777; ion correlated with 3979; ion correlated with 3997",0.107,FALSE,"null","null","null","null","null","null",999,FALSE,FALSE,FALSE,"null","null","null","null","null",47.22,0,0,0,0,0,0,1644,2617,0,2054,0,0,0,432437,274285,345792,0,0,0,0,0,0,0,0,0,0,0,0,"F1570_mz189.1277_rt2.08",0,432437,432438,TRUE,6,0,2,"Fungal control-associated detection","RT >= 1 min","No MS/MS assignment","Unknown"
1582,0.677,190.10751,"Unknown","[M+H]+","ion correlated with 2923",0.036,FALSE,"null","null","null","null","null","null",999,FALSE,FALSE,FALSE,"null","null","null","null","null",268.27,15225,9026,3810,0,3847,7062,7368,206735,108997,108730,344722,239761,149829,25898,0,0,0,0,0,63420,119064,153105,0,0,0,7113,11846,5472,"F1582_mz190.1075_rt0.68",9353.66666666667,344722,36.8503777080958,TRUE,16,0,3,"Fungal control-associated detection","Early RT","No MS/MS assignment","Unknown"
1585,0.934,190.1441,"Unknown","[M+H]+","similar chromatogram in higher mz_3580; similar chromatogram in higher mz_3753",0.107,FALSE,"null","null","null","null","null","null",999,FALSE,FALSE,FALSE,"null","null","null","null","null",63.28,10053,4057,4083,0,3579,4287,0,0,12912,11930,44610,113755,127354,296054,140539,189411,0,0,16184,0,0,0,20936,0,31585,3491,7457,4139,"F1585_mz190.1441_rt0.93",6064.33333333333,296054,48.8110024181139,TRUE,16,1,2,"Fungal control-associated detection","Early RT","No MS/MS assignment","Unknown"
1599,1.379,191.14336,"Unknown","[M+H]+","ion correlated with 2618; ion correlated with 3162; ion correlated with 3382; ion correlated with 1288; ion correlated with 2747; ion correlated with 3870; ion correlated with 4967; ion correlated with 3872; ion correlated with 3655; ion correlated with 3711; ion correlated with 3249; ion correlated with 4926; ion correlated with 4051; ion correlated with 3925; ion correlated with 4972; similar chromatogram in higher mz_3711; similar chromatogram in higher mz_3655; similar chromatogram in higher mz_4657; similar chromatogram in higher mz_5113",0.036,FALSE,"null","null","null","null","null","null",999,FALSE,FALSE,FALSE,"null","null","null","null","null",16.4,0,1342,1525,0,2093,3353,2480,8339,4049,0,3722,4746,5140,155871,163188,201375,0,4910,0,6706,5577,6516,0,2119,4872,0,1549,1586,"F1599_mz191.1434_rt1.38",955.666666666667,201375,210.49756097561,TRUE,19,1,2,"Fungal control-associated detection","RT >= 1 min","No MS/MS assignment","Unknown"
1619,0.693,193.07088,"Unknown","[M+H]+","ion correlated with 697; ion correlated with 695; ion correlated with 2232",0.036,TRUE,"null","null","null","null","null","null",999,FALSE,FALSE,FALSE,"null","null","null","null","null",40.91,4559,2419,2586,0,0,2897,0,0,37722,26095,0,0,0,2175730,1693927,2994488,0,0,0,0,0,0,51185,0,62724,0,0,0,"F1619_mz193.0709_rt0.69",3188,2994488,939.005644402634,TRUE,8,0,2,"Fungal control-associated detection","Early RT","MS/MS available","Unknown"
1624,2.847,193.12251,"Unknown","[M+H]+","ion correlated with 3538",0.036,FALSE,"null","null","null","null","null","null",999,FALSE,FALSE,FALSE,"null","null","null","null","null",3.66,0,2938,2941,0,4040,1723,931,2481,2476,0,3040,2984,2860,125952,37119,13037,0,0,0,2132,4650,1726,0,1574,952,1560,2757,4906,"F1624_mz193.1225_rt2.85",1959.66666666667,125952,64.2398843930636,TRUE,19,0,2,"Fungal control-associated detection","RT >= 1 min","No MS/MS assignment","Unknown"
1647,0.77,194.1179,"Unknown","[M+H]+",NA,0.036,TRUE,"null","null","null","null","null","null",999,FALSE,FALSE,FALSE,"null","null","null","null","null",16.45,11351,21148,34239,0,265352,253942,221723,41625,14858,4125,61825,27429,36274,0,0,0,0,0,0,30349,14346,0,0,0,0,225369,222828,338541,"F1647_mz194.1179_rt0.77",22246,338541,15.2174225738302,TRUE,14,0,3,"Fungal control-associated detection","Early RT","MS/MS available","Unknown"
1671,0.445,195.95918,"Unknown","[M+H]+",NA,0.143,FALSE,"null","null","null","null","null","null",999,FALSE,FALSE,FALSE,"null","null","null","null","null",267.02,6626,3269,0,0,871136,748701,788715,21676,25146,28506,7032,0,9505,63731,68186,106406,32269,0,0,10761,13806,29353,0,0,0,981601,983850,1080118,"F1671_mz195.9592_rt0.44",3298.33333333333,1080118,327.374924227117,TRUE,18,1,3,"Fungal control-associated detection","Very early RT","No MS/MS assignment","Unknown"
1682,0.429,196.8781,"Unknown","[M+H]+","similar chromatogram in higher mz_3665",0.536,TRUE,"null","null","null","null","null","null",999,FALSE,FALSE,FALSE,"null","null","null","null","null",1801.35,0,0,0,0,122071,64853,48603,943564,1192925,1013987,891918,316934,292791,175741,77534,104466,0,34473,0,180662,574210,646162,0,0,0,1010894,949572,353869,"F1682_mz196.8781_rt0.43",0,1192925,1192926,TRUE,19,1,3,"Fungal control-associated detection","Very early RT","MS/MS available","Unknown"
1687,1.012,197.0811,"Unknown","[M+H]+","ion correlated with 4687; similar chromatogram in higher mz_2036",0.107,TRUE,"null","null","null","null","null","null",999,FALSE,FALSE,FALSE,"null","null","null","null","null",112.9,31453,22829,17740,0,20088,18838,19650,11237,0,0,5033,40134,32385,790496,387839,1748402,10501,6905,2722,18860,0,12321,23337,3952,24348,20362,18384,20968,"F1687_mz197.0811_rt1.01",24007.3333333333,1748402,72.8248385977091,TRUE,21,3,1,"Fungal in-associated detection","RT >= 1 min","MS/MS available","Unknown"
1693,3.544,197.13268,"Unknown","[M+H]+","ion correlated with 1041; ion correlated with 2014; ion correlated with 2157; ion correlated with 376; ion correlated with 741; ion correlated with 1141; ion correlated with 1166; ion correlated with 1521; ion correlated with 1546; ion correlated with 1893; ion correlated with 1991; ion correlated with 2293; ion correlated with 2563; ion correlated with 3959; ion correlated with 956; ion correlated with 4251; ion correlated with 397; ion correlated with 597; ion correlated with 1019; ion correlated with 1349; ion correlated with 1752; ion correlated with 2317; ion correlated with 3098; ion correlated with 3118; ion correlated with 3906; ion correlated with 5038; ion correlated with 5047; ion correlated with 4092; ion correlated with 4188; ion correlated with 3942; ion correlated with 4987; ion correlated with 3963; found in higher mz's MsMs_3318; found in higher mz's MsMs_2474; found in higher mz's MsMs_2448; found in higher mz's MsMs_3083; found in higher mz's MsMs_3504",0.036,FALSE,"null","null","null","null","null","null",999,FALSE,FALSE,FALSE,"null","null","null","null","null",12.33,1597,1762,0,0,0,0,0,2459,0,2180,0,1810,3326,67265,62879,113048,2720,0,0,0,1766,0,0,0,1714,0,0,1850,"F1693_mz197.1327_rt3.54",1119.66666666667,113048,100.876561570494,TRUE,11,1,2,"Fungal control-associated detection","RT >= 1 min","No MS/MS assignment","Unknown"
1694,2.077,197.133,"Unknown","[M+H]+","ion correlated with 2751; ion correlated with 378; ion correlated with 742; ion correlated with 957; ion correlated with 1497; ion correlated with 1629; ion correlated with 1658; ion correlated with 2022; ion correlated with 797; ion correlated with 1838; ion correlated with 2911; ion correlated with 420; ion correlated with 628; ion correlated with 995; ion correlated with 1351; ion correlated with 1570; ion correlated with 1719; ion correlated with 1894; ion correlated with 2137; ion correlated with 2318; ion correlated with 2447; ion correlated with 4946; ion correlated with 596; ion correlated with 1191; ion correlated with 2158; ion correlated with 2500; ion correlated with 2562; ion correlated with 2394; ion correlated with 56; ion correlated with 1140; ion correlated with 1167; ion correlated with 1258; ion correlated with 1468; ion correlated with 2582; ion correlated with 3907; ion correlated with 3941; ion correlated with 5039; ion correlated with 2347; ion correlated with 3777; ion correlated with 3997; found in higher mz's MsMs_3323; found in higher mz's MsMs_3703; found in higher mz's MsMs_2674; found in higher mz's MsMs_3079; found in higher mz's MsMs_5004; found in higher mz's MsMs_3851",0.107,FALSE,"null","null","null","null","null","null",999,FALSE,FALSE,FALSE,"null","null","null","null","null",43.26,1949,3213,1286,0,0,0,0,3486,3976,4111,8921,1846,5258,293971,191335,283114,1705,0,0,1812,3964,2120,0,2247,1683,0,0,1814,"F1694_mz197.133_rt2.08",2149.33333333333,293971,136.709967446907,TRUE,16,1,3,"Fungal control-associated detection","RT >= 1 min","No MS/MS assignment","Unknown"
1707,0.427,198.86711,"Unknown","[M+H]+","ion correlated with 2819",0.143,FALSE,"null","null","null","null","null","null",999,FALSE,FALSE,FALSE,"null","null","null","null","null",1264.03,0,0,0,0,7024,8583,0,111510,127794,131462,113725,40812,28376,31438,0,0,0,0,0,16390,47258,68919,0,0,0,85381,97196,44017,"F1707_mz198.8671_rt0.43",0,131462,131463,TRUE,15,0,3,"Fungal control-associated detection","Very early RT","No MS/MS assignment","Unknown"
1720,0.702,199.62325,"Unknown","[M+H]+","ion correlated with 4437; similar chromatogram in higher mz_4026; similar chromatogram in higher mz_4951",0.107,FALSE,"null","null","null","null","null","null",999,FALSE,FALSE,FALSE,"null","null","null","null","null",1981.59,0,0,0,0,0,0,0,132444,98542,159958,16528,0,0,0,0,0,0,0,0,99043,94090,105645,0,18536,0,0,0,0,"F1720_mz199.6233_rt0.7",0,159958,159959,TRUE,8,0,3,"Fungal control-associated detection","Early RT","No MS/MS assignment","Unknown"
1731,0.776,200.12848,"Unknown","[M+H]+","similar chromatogram in higher mz_4612; similar chromatogram in higher mz_4256",0.071,FALSE,"null","null","null","null","null","null",999,FALSE,FALSE,FALSE,"null","null","null","null","null",66.94,16660,7280,3334,0,3554,6747,6493,68003,29273,12620,11958,8911,12444,274325,116915,519081,0,14108,0,0,16684,17352,0,0,0,0,6020,3229,"F1731_mz200.1285_rt0.78",9091.33333333333,519081,57.0900758881109,TRUE,17,1,3,"Fungal control-associated detection","Early RT","No MS/MS assignment","Unknown"
1746,0.494,201.0874,"Unknown","[M+H]+",NA,0.036,FALSE,"null","null","null","null","null","null",999,FALSE,FALSE,FALSE,"null","null","null","null","null",14.22,0,0,2869,0,9082,0,3054,147325,125654,140797,110430,137785,32986,24279,108804,82108,0,44090,0,84692,134991,60931,0,0,0,0,14085,3242,"F1746_mz201.0874_rt0.49",956.333333333333,147325,153.892061281337,TRUE,17,1,3,"Fungal control-associated detection","Very early RT","No MS/MS assignment","Unknown"
1759,0.416,202.03017,"Unknown","[M+H]+","ion correlated with 1230",0.107,FALSE,"null","null","null","null","null","null",999,FALSE,FALSE,FALSE,"null","null","null","null","null",66.59,0,0,0,0,0,0,0,0,20205,11846,0,90081,67161,224675,166382,346292,8387,0,0,26338,14561,15062,10887,32814,60521,0,0,0,"F1759_mz202.0302_rt0.42",0,346292,346293,TRUE,14,1,2,"Fungal control-associated detection","Very early RT","No MS/MS assignment","Unknown"
1766,0.489,202.10815,"Unknown","[M+H]+",NA,0.071,FALSE,"null","null","null","null","null","null",999,FALSE,FALSE,FALSE,"null","null","null","null","null",43.43,11060,14997,13086,0,13320,7988,9996,115446,52199,35313,109167,144435,125073,0,45422,24900,34646,0,0,0,43175,88765,0,12178,0,7932,11888,17760,"F1766_mz202.1081_rt0.49",13047.6666666667,144435,11.069023655035,TRUE,18,1,3,"Fungal control-associated detection","Very early RT","No MS/MS assignment","Unknown"
1773,0.724,202.62935,"Unknown","[M+H]+","similar chromatogram in higher mz_2399; similar chromatogram in higher mz_4071",0.071,FALSE,"null","null","null","null","null","null",999,FALSE,FALSE,FALSE,"null","null","null","null","null",1216.53,0,0,0,0,0,0,0,123734,152437,41920,63188,37088,28170,0,0,0,0,0,0,0,61930,52377,0,0,0,0,0,0,"F1773_mz202.6293_rt0.72",0,152437,152438,TRUE,8,0,3,"Fungal control-associated detection","Early RT","No MS/MS assignment","Unknown"
1782,0.855,203.10301,"Unknown","[M+H]+","ion correlated with 3332; ion correlated with 1358",0.071,FALSE,"null","null","null","null","null","null",999,FALSE,FALSE,FALSE,"null","null","null","null","null",410.08,9479,0,0,0,0,0,0,59330,52484,60390,281451,510259,554595,0,0,0,0,26714,0,0,70689,34543,0,0,0,0,3032,0,"F1782_mz203.103_rt0.86",3159.66666666667,554595,175.468044716305,TRUE,10,1,3,"Fungal control-associated detection","Early RT","No MS/MS assignment","Unknown"
1788,0.559,203.15057,"Unknown","[M+H]+",NA,0.036,FALSE,"null","null","null","null","null","null",999,FALSE,FALSE,FALSE,"null","null","null","null","null",27.65,5020,0,0,0,0,0,0,178022,237244,173467,50308,0,0,244821,92933,118879,0,0,37340,97682,217912,160684,49632,0,0,0,0,0,"F1788_mz203.1506_rt0.56",1673.33333333333,244821,146.220585307585,TRUE,12,1,3,"Fungal control-associated detection","Early RT","No MS/MS assignment","Unknown"
1799,0.668,204.12357,"Unknown","[M+H]+",NA,0.036,FALSE,"null","null","null","null","null","null",999,FALSE,FALSE,FALSE,"null","null","null","null","null",229.44,28181,7369,13356,0,16960,13129,7440,53499,0,20850,1156813,271039,114915,0,0,0,0,0,48096,0,33021,23770,0,0,0,8103,4230,6494,"F1799_mz204.1236_rt0.67",16302,1156813,70.9571244556217,TRUE,14,1,2,"Fungal control-associated detection","Early RT","No MS/MS assignment","Unknown"
1800,0.78,204.13466,"Unknown","[M+H]+","ion correlated with 3621",0.071,FALSE,"null","null","null","null","null","null",999,FALSE,FALSE,FALSE,"null","null","null","null","null",172.34,0,2090,2196,0,0,2193,0,150003,167738,145793,462876,375288,308789,37017,0,20185,0,39478,0,46098,122474,118166,0,0,0,0,0,0,"F1800_mz204.1347_rt0.78",1428.66666666667,462876,323.765679645605,TRUE,13,1,3,"Fungal control-associated detection","Early RT","No MS/MS assignment","Unknown"
1816,3.929,205.1953,"Unknown","[M+H]+",NA,0.036,FALSE,"null","null","null","null","null","null",999,FALSE,FALSE,FALSE,"null","null","null","null","null",5.24,0,0,0,0,0,0,0,0,0,0,91439,15489,12889,122618,73543,75480,10121,610,5128,3251,2336,2511,17720,10414,3975,0,0,0,"F1816_mz205.1953_rt3.93",0,122618,122619,TRUE,15,3,0,"Fungal in-associated detection","RT >= 1 min","No MS/MS assignment","Unknown"
1821,0.991,206.04535,"Unknown","[M+H]+","found in higher mz's MsMs_3243",0.071,FALSE,"null","null","null","null","null","null",999,FALSE,FALSE,FALSE,"null","null","null","null","null",49.07,0,0,0,0,0,0,0,62229,14710,9852,80644,170871,195621,216444,234286,223381,6478,0,0,0,0,0,0,35299,13357,0,0,0,"F1821_mz206.0454_rt0.99",0,234286,234287,TRUE,12,1,3,"Fungal control-associated detection","Early RT","No MS/MS assignment","Unknown"
1827,0.718,206.15227,"Unknown","[M+H]+",NA,0.036,FALSE,"null","null","null","null","null","null",999,FALSE,FALSE,FALSE,"null","null","null","null","null",41.35,0,0,0,0,0,0,0,60015,16250,57667,179915,133567,208251,0,0,0,0,32059,0,25606,77949,43108,0,0,0,0,0,0,"F1827_mz206.1523_rt0.72",0,208251,208252,TRUE,10,1,3,"Fungal control-associated detection","Early RT","No MS/MS assignment","Unknown"
1833,5.743,207.10181,"Unknown","[M+H]+","ion correlated with 3933; ion correlated with 4561; ion correlated with 4383; ion correlated with 4475; ion correlated with 4295; ion correlated with 4377",0.071,FALSE,"null","null","null","null","null","null",999,FALSE,FALSE,FALSE,"null","null","null","null","null",21.43,0,0,0,0,1327,0,0,0,1408,2014,0,0,0,198886,51893,167548,0,0,0,0,0,0,45038,10706,13318,0,0,0,"F1833_mz207.1018_rt5.74",0,198886,198887,TRUE,9,0,2,"Fungal control-associated detection","RT >= 1 min","No MS/MS assignment","Unknown"
1842,0.445,207.98599,"Unknown","[M+H]+",NA,0.429,FALSE,"null","null","null","null","null","null",999,FALSE,FALSE,FALSE,"null","null","null","null","null",68.58,0,5874,5520,0,246819,271744,267927,153930,153274,45047,127298,14538,0,151096,178083,202184,0,0,0,0,24738,19320,17089,0,0,209998,178058,220519,"F1842_mz207.986_rt0.44",3798,271744,71.5306659647276,TRUE,17,0,3,"Fungal control-associated detection","Very early RT","No MS/MS assignment","Unknown"
1847,0.639,208.06421,"Unknown","[M+H]+","similar chromatogram in higher mz_3534",0.143,FALSE,"null","null","null","null","null","null",999,FALSE,FALSE,FALSE,"null","null","null","null","null",31.78,0,0,0,0,0,0,0,552445,471810,299275,226210,42375,8195,355710,225851,448751,0,24268,0,290193,442240,485401,0,0,0,0,0,0,"F1847_mz208.0642_rt0.64",0,552445,552446,TRUE,13,1,3,"Fungal control-associated detection","Early RT","No MS/MS assignment","Unknown"
1856,0.782,208.18127,"Unknown","[M+H]+","ion correlated with 1548; ion correlated with 2182",0.071,FALSE,"null","null","null","null","null","null",999,FALSE,FALSE,FALSE,"null","null","null","null","null",38.1,0,0,0,0,0,0,0,114675,243863,214869,28213,0,0,0,0,0,0,10022,0,38259,144864,279551,0,0,0,0,0,0,"F1856_mz208.1813_rt0.78",0,279551,279552,TRUE,8,1,3,"Fungal control-associated detection","Early RT","No MS/MS assignment","Unknown"
1869,1.056,209.15376,"Unknown","[M+H]+",NA,0.143,FALSE,"null","null","null","null","null","null",999,FALSE,FALSE,FALSE,"null","null","null","null","null",51.26,26451,8128,10669,0,6839,11388,8668,6834,0,10255,0,13987,15444,513732,330075,491664,0,0,5716,196236,0,255309,6442,11825,4978,6895,5166,8434,"F1869_mz209.1538_rt1.06",15082.6666666667,513732,34.0588937261055,TRUE,19,1,2,"Fungal control-associated detection","RT >= 1 min","No MS/MS assignment","Unknown"
1875,0.68,209.96451,"Unknown","[M+H]+",NA,0.036,FALSE,"null","null","null","null","null","null",999,FALSE,FALSE,FALSE,"null","null","null","null","null",60.67,35935,4267,0,0,0,4156,0,0,37582,0,0,0,7134,52246,94464,0,87003,116703,124439,0,0,0,336463,267684,226488,0,0,4346,"F1875_mz209.9645_rt0.68",13400.6666666667,336463,25.1061310782241,TRUE,12,3,1,"Fungal in-associated detection","Early RT","No MS/MS assignment","Unknown"
1878,0.498,210.07997,"Unknown","[M+H]+",NA,0.036,FALSE,"null","null","null","null","null","null",999,FALSE,FALSE,FALSE,"null","null","null","null","null",31.68,0,0,2020,0,8009,0,4080,96979,100437,101988,52251,38716,103246,0,0,0,0,45484,0,119223,80006,70186,0,0,0,79631,194125,58377,"F1878_mz210.08_rt0.5",673.333333333333,194125,287.878398418191,TRUE,15,1,3,"Fungal control-associated detection","Very early RT","No MS/MS assignment","Unknown"
1893,3.544,211.14825,"Unknown","[M+H]+","ion correlated with 1041; ion correlated with 779; ion correlated with 2014; ion correlated with 2157; ion correlated with 3115; ion correlated with 3702; ion correlated with 376; ion correlated with 741; ion correlated with 1141; ion correlated with 1166; ion correlated with 1379; ion correlated with 1521; ion correlated with 1546; ion correlated with 1693; ion correlated with 1991; ion correlated with 2293; ion correlated with 2563; ion correlated with 3959; ion correlated with 3318; ion correlated with 3338; ion correlated with 956; ion correlated with 397; ion correlated with 597; ion correlated with 625; ion correlated with 1019; ion correlated with 1190; ion correlated with 1257; ion correlated with 1349; ion correlated with 1630; ion correlated with 1752; ion correlated with 2317; ion correlated with 2448; ion correlated with 2474; ion correlated with 2676; ion correlated with 2746; ion correlated with 2954; ion correlated with 3083; ion correlated with 3098; ion correlated with 3118; ion correlated with 3504; ion correlated with 3745; ion correlated with 5005; ion correlated with 5013; ion correlated with 5038; ion correlated with 5047; ion correlated with 4092; ion correlated with 3515; ion correlated with 4188; ion correlated with 3942; ion correlated with 4987; found in higher mz's MsMs_2474; found in higher mz's MsMs_3083; found in higher mz's MsMs_3504",0.036,FALSE,"null","null","null","null","null","null",999,FALSE,FALSE,FALSE,"null","null","null","null","null",33.74,0,0,1328,0,0,0,0,2678,2639,2064,4255,2726,1574,78041,80001,195171,0,0,0,0,0,1809,0,0,0,0,0,0,"F1893_mz211.1482_rt3.54",442.666666666667,195171,439.906836964688,TRUE,10,0,3,"Fungal control-associated detection","RT >= 1 min","No MS/MS assignment","Unknown"
1896,1.169,211.16957,"Unknown","[M+H]+","ion correlated with 986; ion correlated with 3305; ion correlated with 2871; ion correlated with 4726; ion correlated with 3816; ion correlated with 4516; ion correlated with 2872",0.071,FALSE,"null","null","null","null","null","null",999,FALSE,FALSE,FALSE,"null","null","null","null","null",120.82,20071,14227,11231,0,7945,6216,4780,1999,8040,7303,0,0,12001,560098,412240,1104522,0,0,0,8346,4650,2705,13840,6835,3558,7018,11948,8063,"F1896_mz211.1696_rt1.17",15176.3333333333,1104522,72.7745102345603,TRUE,19,0,3,"Fungal control-associated detection","RT >= 1 min","No MS/MS assignment","Unknown"
1897,0.465,211.55269,"Unknown","[M+H]+",NA,0.107,FALSE,"null","null","null","null","null","null",999,FALSE,FALSE,FALSE,"null","null","null","null","null",2008.25,0,0,0,0,0,0,0,0,0,0,156319,100225,194365,0,0,0,25528,51204,0,57954,0,0,45229,21332,21100,0,0,0,"F1897_mz211.5527_rt0.47",0,194365,194366,TRUE,9,2,0,"Fungal in-associated detection","Very early RT","No MS/MS assignment","Unknown"
1901,0.477,212.11314,"Unknown","[M+H]+","ion correlated with 1657; ion correlated with 1621; ion correlated with 1879; ion correlated with 1942",0.321,TRUE,"null","null","null","null","null","null",999,FALSE,FALSE,FALSE,"null","null","null","null","null",705.28,0,1127,0,0,4253,0,0,176822,0,0,92405,0,0,8000460,6044048,6230238,537982,322084,231974,239299,55955,205470,2916016,1768114,1648233,9247,6443,0,"F1901_mz212.1131_rt0.48",375.666666666667,8000460,21240.1619469027,TRUE,17,3,1,"Fungal in-associated detection","Very early RT","MS/MS available","Unknown"
1902,0.589,212.11325,"Unknown","[M+H]+","ion correlated with 1506; ion correlated with 4170; ion correlated with 2201",0.071,FALSE,"null","null","null","null","null","null",999,FALSE,FALSE,FALSE,"null","null","null","null","null",75.93,0,6534,3988,0,3423,3554,4992,237324,71148,0,38967,0,23990,809948,566404,800251,0,37046,0,0,41323,66024,47943,64699,102085,9895,3218,5276,"F1902_mz212.1132_rt0.59",3507.33333333333,809948,230.86432304038,TRUE,19,1,2,"Fungal control-associated detection","Early RT","No MS/MS assignment","Unknown"
1906,0.43,212.85202,"Unknown","[M+H]+",NA,0.429,FALSE,"null","null","null","null","null","null",999,FALSE,FALSE,FALSE,"null","null","null","null","null",9298.76,0,0,0,0,36185,22270,17795,577660,780056,634925,380243,81884,86597,1533346,689521,1557992,0,0,0,56941,295117,343530,0,0,0,541466,360178,144962,"F1906_mz212.852_rt0.43",0,1557992,1557993,TRUE,18,0,3,"Fungal control-associated detection","Very early RT","No MS/MS assignment","Unknown"
1910,0.966,213.07605,"Unknown","[M+H]+","similar chromatogram in higher mz_4414; found in higher mz's MsMs_4414",0.107,FALSE,"null","null","null","null","null","null",999,FALSE,FALSE,FALSE,"null","null","null","null","null",54.87,0,10254,5922,0,7077,8290,8098,15935,0,0,9770,14845,8954,238722,148619,459426,248254,242554,214916,120307,30935,24828,0,1989,9623,7509,10430,5016,"F1910_mz213.0761_rt0.97",5392,459426,85.1895049137771,TRUE,21,3,1,"Fungal in-associated detection","Early RT","No MS/MS assignment","Unknown"
1912,0.743,213.08736,"Unknown","[M+H]+","ion correlated with 2115",0.036,FALSE,"null","null","null","null","null","null",999,FALSE,FALSE,FALSE,"null","null","null","null","null",81.53,0,0,0,0,0,0,0,209991,180853,161951,124377,104443,116488,0,0,0,0,29390,0,74230,111786,118694,0,14865,0,0,0,0,"F1912_mz213.0874_rt0.74",0,209991,209992,TRUE,11,1,3,"Fungal control-associated detection","Early RT","No MS/MS assignment","Unknown"
1918,2.667,213.14876,"Unknown","[M+H]+","ion correlated with 3516; ion correlated with 2781; ion correlated with 3077",0.107,TRUE,"null","null","null","null","null","null",999,FALSE,FALSE,FALSE,"null","null","null","null","null",42.12,2374,2066,0,0,1554,0,0,0,2727,0,2637,0,1653,839179,529699,803020,7372,2595,0,0,0,0,3802,8448,10851,1884,1880,1354,"F1918_mz213.1488_rt2.67",1480,839179,566.630654962863,TRUE,15,2,1,"Fungal in-associated detection","RT >= 1 min","MS/MS available","Unknown"
1922,0.85,213.20761,"Unknown","[M+H]+","ion correlated with 2352",0.036,FALSE,"null","null","null","null","null","null",999,FALSE,FALSE,FALSE,"null","null","null","null","null",2926.73,0,0,0,0,0,0,0,77199,65384,146337,0,0,0,0,0,0,0,0,0,0,24498,13712,0,0,0,2526,0,0,"F1922_mz213.2076_rt0.85",0,146337,146338,TRUE,6,0,3,"Fungal control-associated detection","Early RT","No MS/MS assignment","Unknown"
1926,0.463,214.05939,"Unknown","[M+H]+","ion correlated with 3508; ion correlated with 1822; ion correlated with 694; ion correlated with 2556",0.143,FALSE,"null","null","null","null","null","null",999,FALSE,FALSE,FALSE,"null","null","null","null","null",95.11,0,2607,1936,0,13475,10018,8472,34558,41163,0,27372,0,0,590859,799342,830826,0,0,0,0,137999,0,29592,132898,12484,8448,13571,12974,"F1926_mz214.0594_rt0.46",1514.33333333333,830826,548.280026396832,TRUE,16,0,2,"Fungal control-associated detection","Very early RT","No MS/MS assignment","Unknown"
1934,0.435,214.85022,"Unknown","[M+H]+",NA,0.143,FALSE,"null","null","null","null","null","null",999,FALSE,FALSE,FALSE,"null","null","null","null","null",2845.74,0,0,0,0,10520,4337,0,92737,122652,78060,74171,8926,0,321233,113436,293333,0,0,0,0,34056,40226,0,0,0,93853,69960,31787,"F1934_mz214.8502_rt0.44",0,321233,321234,TRUE,15,0,3,"Fungal control-associated detection","Very early RT","No MS/MS assignment","Unknown"
1969,0.677,216.12349,"Unknown","[M+H]+","found in higher mz's MsMs_2813",0.071,FALSE,"null","null","null","null","null","null",999,FALSE,FALSE,FALSE,"null","null","null","null","null",55.04,35322,30852,19666,0,7291,14844,13935,328721,153392,106775,134902,283303,155257,33844,0,0,0,0,0,0,33314,92048,23129,0,0,13436,0,16460,"F1969_mz216.1235_rt0.68",28613.3333333333,328721,11.4880188250644,TRUE,15,0,3,"Fungal control-associated detection","Early RT","No MS/MS assignment","Unknown"
1970,0.757,216.1236,"Unknown","[M+H]+",NA,0.071,FALSE,"null","null","null","null","null","null",999,FALSE,FALSE,FALSE,"null","null","null","null","null",24.16,29578,22795,21627,0,19104,14647,14496,328721,153392,6218,73980,66948,125055,204051,74384,133138,0,0,0,39929,54122,92048,15624,0,0,16231,20350,23910,"F1970_mz216.1236_rt0.76",24666.6666666667,328721,13.3260273232166,TRUE,19,0,3,"Fungal control-associated detection","Early RT","No MS/MS assignment","Unknown"
1977,0.48,217.0686,"Unknown","[M+H]+","ion correlated with 1657; ion correlated with 1901",0.536,TRUE,"null","null","null","null","null","null",999,FALSE,FALSE,FALSE,"null","null","null","null","null",129.63,0,7335,2804,0,5720,179135,0,1232435,610994,936338,524605,507176,593488,4240218,3798668,3800981,0,127909,0,197843,379016,463926,2746812,1272381,1193112,254749,332878,179190,"F1977_mz217.0686_rt0.48",3379.66666666667,4240218,1254.25527509367,TRUE,21,1,3,"Fungal control-associated detection","Very early RT","MS/MS available","Unknown"
1978,0.622,217.06862,"Unknown","[M+H]+",NA,0.214,TRUE,"null","null","null","null","null","null",999,FALSE,FALSE,FALSE,"null","null","null","null","null",77.88,0,0,0,0,0,0,0,378278,190076,136732,40780,103442,143178,957773,561536,665102,0,0,8267,0,65595,108230,524234,640341,950321,0,0,0,"F1978_mz217.0686_rt0.62",0,957773,957774,TRUE,15,1,3,"Fungal control-associated detection","Early RT","MS/MS available","Unknown"
2021,1.207,219.17487,"Unknown","[M+H]+","ion correlated with 2799; ion correlated with 2619; ion correlated with 2102; ion correlated with 1003; ion correlated with 1754; ion correlated with 1272; ion correlated with 1996; similar chromatogram in higher mz_4583",0.071,FALSE,"null","null","null","null","null","null",999,FALSE,FALSE,FALSE,"null","null","null","null","null",96.12,0,0,1736,0,2034,1494,0,2381,5408,0,202140,480596,487272,54788,5366,10225,0,3208,0,0,0,4884,0,0,0,0,2929,1913,"F2021_mz219.1749_rt1.21",578.666666666667,487272,840.608970672801,TRUE,14,1,2,"Fungal control-associated detection","RT >= 1 min","No MS/MS assignment","Unknown"
2022,2.074,219.17499,"Unknown","[M+H]+","ion correlated with 2751; ion correlated with 2502; ion correlated with 395; ion correlated with 378; ion correlated with 742; ion correlated with 957; ion correlated with 1497; ion correlated with 1629; ion correlated with 1658; ion correlated with 797; ion correlated with 1838; ion correlated with 2911; ion correlated with 628; ion correlated with 1351; ion correlated with 1570; ion correlated with 1694; ion correlated with 1719; ion correlated with 1894; ion correlated with 2137; ion correlated with 2318; ion correlated with 2447; ion correlated with 4946; ion correlated with 596; ion correlated with 1191; ion correlated with 2158; ion correlated with 4919; ion correlated with 532; ion correlated with 2500; ion correlated with 3522; ion correlated with 3926; ion correlated with 2562; ion correlated with 2394; ion correlated with 56; ion correlated with 1140; ion correlated with 1167; ion correlated with 1258; ion correlated with 1468; ion correlated with 2582; ion correlated with 3941; ion correlated with 5039; ion correlated with 3509; ion correlated with 2347; ion correlated with 3824; ion correlated with 4118; ion correlated with 3777; ion correlated with 3997; ion correlated with 5027",0.107,FALSE,"null","null","null","null","null","null",999,FALSE,FALSE,FALSE,"null","null","null","null","null",25.69,1111,1628,0,0,390,0,0,6114,2035,3594,6361,2150,2280,231723,143965,167974,2600,0,0,2558,2040,0,0,0,0,1901,1557,0,"F2022_mz219.175_rt2.07",913,231723,253.527352297593,TRUE,15,1,3,"Fungal control-associated detection","RT >= 1 min","No MS/MS assignment","Unknown"
2049,0.669,222.08754,"Unknown","[M+H]+",NA,0.107,FALSE,"null","null","null","null","null","null",999,FALSE,FALSE,FALSE,"null","null","null","null","null",89.37,8274,9951,4868,0,5777,5136,0,161667,176573,84789,231197,171756,239137,0,0,0,0,46630,0,0,110454,95094,0,0,0,0,4946,5248,"F2049_mz222.0875_rt0.67",7697.66666666667,239137,31.0622618635261,TRUE,13,1,3,"Fungal control-associated detection","Early RT","No MS/MS assignment","Unknown"
2057,0.438,222.98842,"Unknown","[M+H]+","ion correlated with 2461",0.214,FALSE,"null","null","null","null","null","null",999,FALSE,FALSE,FALSE,"null","null","null","null","null",149.3,0,0,0,0,17523,15200,0,37796,0,30113,15810,12129,0,2264752,706166,1170810,0,0,0,0,28905,0,256362,355796,537055,52607,0,68221,"F2057_mz222.9884_rt0.44",0,2264752,2264753,TRUE,15,0,2,"Fungal control-associated detection","Very early RT","No MS/MS assignment","Unknown"
2073,0.752,223.63417,"Unknown","[M+H]+","ion correlated with 496; ion correlated with 3474; ion correlated with 2283; ion correlated with 3797; ion correlated with 4043",0.036,FALSE,"null","null","null","null","null","null",999,FALSE,FALSE,FALSE,"null","null","null","null","null",2495.29,0,0,0,0,2222,0,0,54174,124764,76316,11108,0,0,0,0,0,0,0,0,15876,65352,57336,0,0,0,0,0,0,"F2073_mz223.6342_rt0.75",0,124764,124765,TRUE,8,0,3,"Fungal control-associated detection","Early RT","No MS/MS assignment","Unknown"
2075,0.845,223.94382,"Unknown","[M+H]+",NA,0.036,FALSE,"null","null","null","null","null","null",999,FALSE,FALSE,FALSE,"null","null","null","null","null",38.45,5552,0,0,0,0,0,0,0,0,0,9454,35398,9030,89357,77202,30294,125517,90201,91136,43731,24158,0,342817,224081,222040,0,0,0,"F2075_mz223.9438_rt0.84",1850.66666666667,342817,185.140234023402,TRUE,14,3,0,"Fungal in-associated detection","Early RT","No MS/MS assignment","Unknown"
2076,0.679,223.944,"Unknown","[M+H]+","ion correlated with 2921",0.071,FALSE,"null","null","null","null","null","null",999,FALSE,FALSE,FALSE,"null","null","null","null","null",26.92,11769,0,0,0,0,2322,0,0,0,0,0,33836,45554,0,32871,28172,119054,120688,108947,87998,27338,58498,257409,285210,237661,0,0,0,"F2076_mz223.944_rt0.68",3923,285210,72.6837410805301,TRUE,14,3,0,"Fungal in-associated detection","Early RT","No MS/MS assignment","Unknown"
2081,0.746,224.07698,"Unknown","[M+H]+","ion correlated with 697; ion correlated with 1619; ion correlated with 3204; ion correlated with 695; ion correlated with 250; ion correlated with 2174; ion correlated with 1574; ion correlated with 3475; ion correlated with 2265; ion correlated with 2555; ion correlated with 2770",0.107,FALSE,"null","null","null","null","null","null",999,FALSE,FALSE,FALSE,"null","null","null","null","null",103.4,63538,20686,18816,0,29021,14849,24453,21587,0,63252,28311,7039,0,1344302,866027,1240020,0,0,0,0,33947,18676,21060,58573,58659,25354,19400,24743,"F2081_mz224.077_rt0.75",34346.6666666667,1344302,39.138117096746,TRUE,18,0,2,"Fungal control-associated detection","Early RT","No MS/MS assignment","Unknown"
2095,0.93,225.64565,"Unknown","[M+H]+","ion correlated with 3819",0.107,FALSE,"null","null","null","null","null","null",999,FALSE,FALSE,FALSE,"null","null","null","null","null",2782.65,0,0,0,0,0,0,0,127478,161753,128166,77688,0,0,0,0,0,0,0,0,33099,75282,18226,0,0,0,0,0,0,"F2095_mz225.6456_rt0.93",0,161753,161754,TRUE,7,0,3,"Fungal control-associated detection","Early RT","No MS/MS assignment","Unknown"
2100,0.526,226.07153,"Unknown","[M+H]+",NA,0.107,FALSE,"null","null","null","null","null","null",999,FALSE,FALSE,FALSE,"null","null","null","null","null",43.8,0,0,0,0,4781,0,2793,200258,29664,66485,113621,202169,294542,0,0,0,0,0,0,80515,83907,74036,0,0,0,0,4181,0,"F2100_mz226.0715_rt0.53",0,294542,294543,TRUE,12,0,3,"Fungal control-associated detection","Early RT","No MS/MS assignment","Unknown"
2104,0.817,226.12845,"Unknown","[M+H]+",NA,0.107,FALSE,"null","null","null","null","null","null",999,FALSE,FALSE,FALSE,"null","null","null","null","null",29.3,0,3150,0,0,2259,0,0,64380,187250,98493,148433,93470,86407,575646,245618,351899,0,15110,0,19432,44455,86923,0,0,0,0,0,0,"F2104_mz226.1284_rt0.82",1050,575646,547.713606089439,TRUE,14,1,3,"Fungal control-associated detection","Early RT","No MS/MS assignment","Unknown"
2108,3.504,226.21692,"Unknown","[M+H]+",NA,0.036,FALSE,"null","null","null","null","null","null",999,FALSE,FALSE,FALSE,"null","null","null","null","null",36.76,0,0,0,0,0,0,0,34245,18933,26941,20357,31431,108660,0,0,0,0,0,0,0,49363,35019,0,0,0,0,0,0,"F2108_mz226.2169_rt3.5",0,108660,108661,TRUE,8,0,3,"Fungal control-associated detection","RT >= 1 min","No MS/MS assignment","Unknown"
2111,0.523,227.00693,"Unknown","[M+H]+",NA,0.179,FALSE,"null","null","null","null","null","null",999,FALSE,FALSE,FALSE,"null","null","null","null","null",29.2,0,0,0,0,0,0,0,0,50232,0,54805,114882,63815,268809,367755,268483,103588,70369,58820,52481,44285,0,343864,377651,437349,0,0,0,"F2111_mz227.0069_rt0.52",0,437349,437350,TRUE,15,3,1,"Fungal in-associated detection","Early RT","No MS/MS assignment","Unknown"
2115,0.794,227.10316,"Unknown","[M+H]+","ion correlated with 1688; ion correlated with 2116; ion correlated with 2269; ion correlated with 2277; ion correlated with 2621; ion correlated with 1201; ion correlated with 2464; ion correlated with 1286",0.107,FALSE,"null","null","null","null","null","null",999,FALSE,FALSE,FALSE,"null","null","null","null","null",21.05,0,0,0,0,0,0,0,198026,298424,194044,225830,115007,134428,0,0,0,0,35682,0,81607,180654,164814,0,0,0,0,0,0,"F2115_mz227.1032_rt0.79",0,298424,298425,TRUE,10,1,3,"Fungal control-associated detection","Early RT","No MS/MS assignment","Unknown"
2128,1.073,227.16451,"Unknown","[M+H]+","ion correlated with 3937; ion correlated with 4037; ion correlated with 4247; ion correlated with 4207; ion correlated with 3309; ion correlated with 4550; ion correlated with 4658; ion correlated with 4668; ion correlated with 4694; ion correlated with 4152; ion correlated with 4052; ion correlated with 1020; ion correlated with 3741; ion correlated with 4035; ion correlated with 2094; ion correlated with 4486; ion correlated with 3491; ion correlated with 1040; ion correlated with 3638; ion correlated with 4167; ion correlated with 4019; ion correlated with 1747; ion correlated with 1764; ion correlated with 3971; ion correlated with 4724; ion correlated with 3194; ion correlated with 4640; ion correlated with 4223; similar chromatogram in higher mz_3699",0.071,FALSE,"null","null","null","null","null","null",999,FALSE,FALSE,FALSE,"null","null","null","null","null",56.27,18861,3242,4135,0,2427,6720,7338,0,0,0,1453,0,5022,476344,291494,441971,6366,2330,0,0,2404,3969,0,3076,13794,0,3748,7278,"F2128_mz227.1645_rt1.07",8746,476344,54.4580999199726,TRUE,16,2,0,"Fungal in-associated detection","RT >= 1 min","No MS/MS assignment","Unknown"
2137,2.077,228.11488,"Unknown","[M+H]+","ion correlated with 2751; ion correlated with 2502; ion correlated with 395; ion correlated with 378; ion correlated with 742; ion correlated with 957; ion correlated with 1497; ion correlated with 1658; ion correlated with 2022; ion correlated with 797; ion correlated with 1838; ion correlated with 2911; ion correlated with 1351; ion correlated with 1570; ion correlated with 1694; ion correlated with 1719; ion correlated with 1894; ion correlated with 596; ion correlated with 1191; ion correlated with 2158; ion correlated with 532; ion correlated with 2500; ion correlated with 3522; ion correlated with 3926; ion correlated with 4888; ion correlated with 2562; ion correlated with 2394; ion correlated with 56; ion correlated with 1140; ion correlated with 1167; ion correlated with 1258; ion correlated with 1468; ion correlated with 2582; ion correlated with 2347; ion correlated with 3777; ion correlated with 3997",0.107,FALSE,"null","null","null","null","null","null",999,FALSE,FALSE,FALSE,"null","null","null","null","null",23.88,0,0,0,0,1705,0,0,48327,0,1125,2086,0,0,202471,155925,227824,0,0,0,0,0,2114,3989,0,0,0,0,0,"F2137_mz228.1149_rt2.08",0,227824,227825,TRUE,9,0,2,"Fungal control-associated detection","RT >= 1 min","No MS/MS assignment","Unknown"
2158,2.077,229.15904,"Unknown","[M+H]+","ion correlated with 2751; ion correlated with 395; ion correlated with 378; ion correlated with 742; ion correlated with 957; ion correlated with 1497; ion correlated with 1629; ion correlated with 1658; ion correlated with 2022; ion correlated with 797; ion correlated with 1838; ion correlated with 2911; ion correlated with 628; ion correlated with 1351; ion correlated with 1570; ion correlated with 1694; ion correlated with 1719; ion correlated with 1894; ion correlated with 2137; ion correlated with 2318; ion correlated with 2447; ion correlated with 4946; ion correlated with 596; ion correlated with 1191; ion correlated with 4919; ion correlated with 2500; ion correlated with 3522; ion correlated with 2562; ion correlated with 2394; ion correlated with 56; ion correlated with 1140; ion correlated with 1167; ion correlated with 1258; ion correlated with 1468; ion correlated with 2582; ion correlated with 3941; ion correlated with 5039; ion correlated with 2347; ion correlated with 4118; ion correlated with 3777; ion correlated with 3979; ion correlated with 3997; ion correlated with 5027",0.107,FALSE,"null","null","null","null","null","null",999,FALSE,FALSE,FALSE,"null","null","null","null","null",22.57,2194,0,0,0,0,0,0,0,3521,4229,0,0,0,276626,209395,197771,0,2306,0,2009,0,0,0,0,0,0,0,1372,"F2158_mz229.159_rt2.08",731.333333333333,276626,377.733727810651,TRUE,8,1,2,"Fungal control-associated detection","RT >= 1 min","No MS/MS assignment","Unknown"
2174,0.734,230.99055,"Unknown","[M+H]+","ion correlated with 697; ion correlated with 1619; ion correlated with 2416; ion correlated with 1617; ion correlated with 847; ion correlated with 704; ion correlated with 522; ion correlated with 2081; ion correlated with 1574; ion correlated with 3475; ion correlated with 4612",0.036,FALSE,"null","null","null","null","null","null",999,FALSE,FALSE,FALSE,"null","null","null","null","null",394.43,9944,0,0,0,0,0,0,18391,38446,53851,0,0,0,881519,810358,1047417,0,0,0,0,0,55779,0,0,0,0,0,0,"F2174_mz230.9906_rt0.73",3314.66666666667,1047417,315.899668241681,TRUE,7,0,3,"Fungal control-associated detection","Early RT","No MS/MS assignment","Unknown"
2175,0.576,230.99063,"Unknown","[M+H]+","ion correlated with 1620; ion correlated with 1880; ion correlated with 1941",0.143,TRUE,"null","null","null","null","null","null",999,FALSE,FALSE,FALSE,"null","null","null","null","null",1098.24,3019,0,0,0,0,0,0,46947,0,134969,0,0,0,3010546,3764377,3210344,0,0,0,0,33876,0,0,0,29186,0,0,0,"F2175_mz230.9906_rt0.58",1006.33333333333,3764377,3736.97352746525,TRUE,7,0,2,"Fungal control-associated detection","Early RT","MS/MS available","Unknown"
2185,1.608,231.175,"Unknown","[M+H]+","ion correlated with 4254; ion correlated with 4120; ion correlated with 4012; ion correlated with 3111; ion correlated with 3355; ion correlated with 3281; ion correlated with 4748; ion correlated with 3469; ion correlated with 2279; ion correlated with 4161; ion correlated with 2023; ion correlated with 1898; ion correlated with 3884; ion correlated with 3747; ion correlated with 4992; ion correlated with 3671; ion correlated with 3320; ion correlated with 3704; ion correlated with 2119; similar chromatogram in higher mz_3199; similar chromatogram in higher mz_3441",0.107,FALSE,"null","null","null","null","null","null",999,FALSE,FALSE,FALSE,"null","null","null","null","null",23.08,0,0,0,0,0,0,1728,8704,13810,12512,5418,0,0,216782,165596,257969,0,1781,0,2362,8686,5682,0,0,0,0,0,0,"F2185_mz231.175_rt1.61",0,257969,257970,TRUE,12,1,3,"Fungal control-associated detection","RT >= 1 min","No MS/MS assignment","Unknown"
2189,0.931,232.11809,"Unknown","[M+H]+",NA,0.107,FALSE,"null","null","null","null","null","null",999,FALSE,FALSE,FALSE,"null","null","null","null","null",45.17,5356,5853,0,0,4670,6296,2825,35114,0,46780,31473,110512,130970,205604,114670,112857,11879,0,0,12025,36737,0,0,8525,0,9423,3618,7273,"F2189_mz232.1181_rt0.93",3736.33333333333,205604,55.0138244737781,TRUE,18,1,2,"Fungal control-associated detection","Early RT","No MS/MS assignment","Unknown"
2193,0.703,232.13705,"Unknown","[M+H]+",NA,0.036,FALSE,"null","null","null","null","null","null",999,FALSE,FALSE,FALSE,"null","null","null","null","null",74.54,0,0,0,0,0,0,0,80238,143611,163736,28713,0,0,227257,64442,66312,0,0,0,0,53168,74077,0,0,0,0,0,0,"F2193_mz232.137_rt0.7",0,227257,227258,TRUE,9,0,3,"Fungal control-associated detection","Early RT","No MS/MS assignment","Unknown"
2195,0.984,232.15494,"Unknown","[M+H]+",NA,0.071,TRUE,"null","null","null","null","null","null",999,FALSE,FALSE,FALSE,"null","null","null","null","null",143.52,9778,7494,12714,0,7051,6214,11543,0,14310,0,750225,172787,98399,0,10920,0,29239,26617,10939,0,0,27658,0,7722,0,11468,16559,6188,"F2195_mz232.1549_rt0.98",9995.33333333333,750225,75.0501183767381,TRUE,16,3,1,"Fungal in-associated detection","Early RT","MS/MS available","Unknown"
2201,0.62,233.04239,"Unknown","[M+H]+","ion correlated with 1902; ion correlated with 1506; ion correlated with 1401",0.107,FALSE,"null","null","null","null","null","null",999,FALSE,FALSE,FALSE,"null","null","null","null","null",372.59,62754,12213,9521,0,0,0,0,172491,47390,82415,41470,0,0,1170888,473608,948879,0,0,0,0,0,0,109306,44105,182890,0,0,0,"F2201_mz233.0424_rt0.62",28162.6666666667,1170888,41.5744517167509,TRUE,10,0,3,"Fungal control-associated detection","Early RT","No MS/MS assignment","Unknown"
2202,0.478,233.04245,"Unknown","[M+H]+","ion correlated with 2176; ion correlated with 2231",0.429,TRUE,"null","null","null","null","null","null",999,FALSE,FALSE,FALSE,"null","null","null","null","null",4855.21,52814,3300,10693,0,0,0,0,793319,440979,667833,334350,163191,177133,41454616,26271182,37714720,0,0,47252,80693,180081,249374,2117178,923572,1394570,0,0,0,"F2202_mz233.0425_rt0.48",22269,41454616,1861.45563538392,TRUE,16,1,3,"Fungal control-associated detection","Very early RT","MS/MS available","Unknown"
2211,2.463,233.19032,"Unknown","[M+H]+","similar chromatogram in higher mz_3761",0.036,FALSE,"null","null","null","null","null","null",999,FALSE,FALSE,FALSE,"null","null","null","null","null",37.58,0,0,0,0,0,0,0,0,2516,1842,1927,0,1596,221419,0,0,0,0,0,0,0,0,21770,0,0,0,0,1490,"F2211_mz233.1903_rt2.46",0,221419,221420,TRUE,7,0,2,"Fungal control-associated detection","RT >= 1 min","No MS/MS assignment","Unknown"
2229,1.469,235.95721,"Unknown","[M+H]+",NA,0.036,FALSE,"null","null","null","null","null","null",999,FALSE,FALSE,FALSE,"null","null","null","null","null",56.64,0,0,0,0,0,0,0,0,0,0,113632,44199,44366,0,0,0,0,8029,6872,0,4194,0,0,0,0,0,0,0,"F2229_mz235.9572_rt1.47",0,113632,113633,TRUE,6,2,0,"Fungal in-associated detection","RT >= 1 min","No MS/MS assignment","Unknown"
2231,0.521,236.1049,"Unknown","[M+H]+","ion correlated with 2176; ion correlated with 2202",0.214,TRUE,"null","null","null","null","null","null",999,FALSE,FALSE,FALSE,"null","null","null","null","null",7038.67,163971,33108,35810,0,1416054,1551399,1435407,246959,153510,60028,278649,26597,0,42394868,24674878,40880700,0,0,0,0,51790,38954,1531506,1880924,580986,506056,506232,826514,"F2231_mz236.1049_rt0.52",77629.6666666667,42394868,546.109814849802,TRUE,19,0,3,"Fungal control-associated detection","Early RT","MS/MS available","Unknown"
2249,0.845,237.99579,"Unknown","[M+H]+",NA,0.036,FALSE,"null","null","null","null","null","null",999,FALSE,FALSE,FALSE,"null","null","null","null","null",28.79,7085,0,0,0,0,0,0,0,0,0,0,12546,11481,26483,25845,0,56881,31868,89799,34276,28828,18912,147090,98032,122258,0,3826,0,"F2249_mz237.9958_rt0.84",2361.66666666667,147090,62.256348758465,TRUE,14,3,0,"Fungal in-associated detection","Early RT","No MS/MS assignment","Unknown"
2263,0.538,239.05095,"Unknown","[M+H]+",NA,0.071,FALSE,"null","null","null","null","null","null",999,FALSE,FALSE,FALSE,"null","null","null","null","null",45.05,10288,0,0,0,0,0,0,42059,120489,84338,0,0,0,0,0,0,0,65007,0,41947,139218,105694,0,0,0,0,0,0,"F2263_mz239.051_rt0.54",3429.33333333333,139218,40.5846856476533,TRUE,7,1,3,"Fungal control-associated detection","Early RT","No MS/MS assignment","Unknown"
2265,0.778,239.11275,"Unknown","[M+H]+","ion correlated with 2487; ion correlated with 2555; ion correlated with 2770",0.107,TRUE,"null","null","null","null","null","null",999,FALSE,FALSE,FALSE,"null","null","null","null","null",699.83,0,0,0,0,0,0,0,69278,45108,37142,92725,31010,96767,10059088,5588762,7069037,0,0,0,14696,42652,66622,14210,0,0,0,0,0,"F2265_mz239.1128_rt0.78",0,10059088,10059089,TRUE,13,0,3,"Fungal control-associated detection","Early RT","MS/MS available","Unknown"
2283,0.781,240.17101,"Unknown","[M+H]+","ion correlated with 2073; ion correlated with 3474; ion correlated with 3797; ion correlated with 3893",0.036,FALSE,"null","null","null","null","null","null",999,FALSE,FALSE,FALSE,"null","null","null","null","null",22.12,0,3733,2386,0,2797,0,0,87165,136327,73059,16570,0,0,0,0,0,0,0,0,0,78127,78001,0,0,0,0,0,2732,"F2283_mz240.171_rt0.78",2039.66666666667,136327,66.8056190787324,TRUE,8,0,3,"Fungal control-associated detection","Early RT","No MS/MS assignment","Unknown"
2291,2.701,241.1801,"Unknown","[M+H]+","ion correlated with 3944; ion correlated with 3988; similar chromatogram in higher mz_3988; similar chromatogram in higher mz_3944; similar chromatogram in higher mz_3218",0.107,TRUE,"null","null","null","null","null","null",999,FALSE,FALSE,FALSE,"null","null","null","null","null",46.9,1900,1402,0,0,2421,1370,1431,1916,2123,0,1507,0,0,2843,2619,6944,0,0,0,0,2089,1873,284186,455107,482360,0,1286,1802,"F2291_mz241.1801_rt2.7",1100.66666666667,482360,437.846596066566,TRUE,16,0,2,"Fungal control-associated detection","RT >= 1 min","MS/MS available","Unknown"
2303,0.484,242.103,"Unknown","[M+H]+",NA,0.071,FALSE,"null","null","null","null","null","null",999,FALSE,FALSE,FALSE,"null","null","null","null","null",79.22,0,0,0,0,3044,0,0,173163,111016,0,74372,239705,216821,36138,0,0,0,0,0,0,0,56507,0,0,0,0,0,3155,"F2303_mz242.103_rt0.48",0,239705,239706,TRUE,9,0,2,"Fungal control-associated detection","Very early RT","No MS/MS assignment","Unknown"
2309,0.428,242.86566,"Unknown","[M+H]+","ion correlated with 1143",0.071,FALSE,"null","null","null","null","null","null",999,FALSE,FALSE,FALSE,"null","null","null","null","null",102.57,0,0,0,0,37242,17624,9233,8900,11476,0,16226,8526,13605,21659,18653,56080,0,0,0,0,0,10288,0,0,0,182376,222694,88649,"F2309_mz242.8657_rt0.43",0,222694,222695,TRUE,15,0,2,"Fungal control-associated detection","Very early RT","No MS/MS assignment","Unknown"
2342,1.059,245.08122,"Unknown","[M+H]+","ion correlated with 4297; ion correlated with 3181; ion correlated with 4172",0.071,FALSE,"null","null","null","null","null","null",999,FALSE,FALSE,FALSE,"null","null","null","null","null",31.62,0,0,0,0,0,2164,0,0,9314,11230,12543,0,9846,25668,17662,10322,0,0,0,6364,9108,14171,113581,164283,129097,0,1051,1830,"F2342_mz245.0812_rt1.06",0,164283,164284,TRUE,16,0,2,"Fungal control-associated detection","RT >= 1 min","No MS/MS assignment","Unknown"
2350,0.437,245.181,"Unknown","[M+H]+",NA,0.071,FALSE,"null","null","null","null","null","null",999,FALSE,FALSE,FALSE,"null","null","null","null","null",94.88,0,0,0,0,0,0,0,46512,124671,76503,202522,379952,195696,232175,52946,177879,0,0,0,17414,56080,32705,0,0,0,0,0,0,"F2350_mz245.181_rt0.44",0,379952,379953,TRUE,12,0,3,"Fungal control-associated detection","Very early RT","No MS/MS assignment","Unknown"
2352,0.83,245.23419,"Unknown","[M+H]+","ion correlated with 1922",0.036,FALSE,"null","null","null","null","null","null",999,FALSE,FALSE,FALSE,"null","null","null","null","null",167.66,0,0,0,0,0,0,0,58574,95816,218644,0,0,0,0,0,0,0,0,0,0,20875,19897,0,0,0,0,0,0,"F2352_mz245.2342_rt0.83",0,218644,218645,TRUE,5,0,3,"Fungal control-associated detection","Early RT","No MS/MS assignment","Unknown"
2353,0.651,245.96777,"Unknown","[M+H]+",NA,0.071,FALSE,"null","null","null","null","null","null",999,FALSE,FALSE,FALSE,"null","null","null","null","null",98.14,0,0,0,0,0,0,0,0,0,0,0,29855,49201,0,36491,0,72632,78112,31526,0,0,0,116635,69560,155131,0,0,0,"F2353_mz245.9678_rt0.65",0,155131,155132,TRUE,9,3,0,"Fungal in-associated detection","Early RT","No MS/MS assignment","Unknown"
2356,0.446,246.09523,"Unknown","[M+H]+","ion correlated with 2537; ion correlated with 2759; ion correlated with 3180; ion correlated with 3492; ion correlated with 3306; ion correlated with 3497; ion correlated with 3330; ion correlated with 4560; ion correlated with 2924; ion correlated with 2980",0.107,FALSE,"null","null","null","null","null","null",999,FALSE,FALSE,FALSE,"null","null","null","null","null",177.43,0,0,0,0,0,0,0,210945,30090,22218,120895,420089,457142,0,0,0,0,25454,0,75792,0,47285,0,0,0,0,0,0,"F2356_mz246.0952_rt0.45",0,457142,457143,TRUE,9,1,3,"Fungal control-associated detection","Very early RT","No MS/MS assignment","Unknown"
2357,0.679,246.13383,"Unknown","[M+H]+","ion correlated with 3059",0.036,FALSE,"null","null","null","null","null","null",999,FALSE,FALSE,FALSE,"null","null","null","null","null",47.22,0,4973,3749,0,0,0,0,222464,50983,33358,126074,230607,184198,34971,0,0,0,0,0,0,0,61291,0,0,0,0,0,3845,"F2357_mz246.1338_rt0.68",2907.33333333333,230607,79.2921489971347,TRUE,9,0,3,"Fungal control-associated detection","Early RT","No MS/MS assignment","Unknown"
2362,1.04,246.17073,"Unknown","[M+H]+",NA,0.036,FALSE,"null","null","null","null","null","null",999,FALSE,FALSE,FALSE,"null","null","null","null","null",61.62,6567,7490,5810,0,9016,15587,1962,0,0,0,220889,120939,87788,9639,0,0,88022,76457,63648,22573,8383,0,0,0,0,20568,15224,6536,"F2362_mz246.1707_rt1.04",6622.33333333333,220889,33.3502767991948,TRUE,15,3,0,"Fungal in-associated detection","RT >= 1 min","No MS/MS assignment","Unknown"
2366,0.454,247.02161,"Unknown","[M+H]+","ion correlated with 3029; ion correlated with 538; ion correlated with 2384; ion correlated with 2405; ion correlated with 2798; ion correlated with 1072; ion correlated with 1323; ion correlated with 2354",0.214,FALSE,"null","null","null","null","null","null",999,FALSE,FALSE,FALSE,"null","null","null","null","null",60.24,0,0,2550,0,0,0,0,0,0,0,0,0,0,598205,486926,563821,6034,0,10119,0,0,0,117112,148467,281111,0,0,0,"F2366_mz247.0216_rt0.45",850,598205,702.944770857814,TRUE,8,2,0,"Fungal in-associated detection","Very early RT","No MS/MS assignment","Unknown"
2391,0.895,248.1497,"Unknown","[M+H]+","ion correlated with 4305; ion correlated with 2513; ion correlated with 3690",0.107,FALSE,"null","null","null","null","null","null",999,FALSE,FALSE,FALSE,"null","null","null","null","null",102.91,0,8556,0,0,3991,3296,2761,523258,162799,95800,334755,874501,891766,0,0,0,0,0,0,26738,14630,33616,0,0,0,4061,0,3362,"F2391_mz248.1497_rt0.9",2852,891766,312.571678934455,TRUE,14,0,3,"Fungal control-associated detection","Early RT","No MS/MS assignment","Unknown"
2395,0.424,248.88235,"Unknown","[M+H]+",NA,0.107,FALSE,"null","null","null","null","null","null",999,FALSE,FALSE,FALSE,"null","null","null","null","null",79.33,0,0,0,0,14803,5238,0,79104,66972,72588,131078,105952,99296,0,0,0,0,0,0,0,22898,26932,0,0,0,151799,170978,57527,"F2395_mz248.8824_rt0.42",0,170978,170979,TRUE,13,0,3,"Fungal control-associated detection","Very early RT","No MS/MS assignment","Unknown"
2397,0.465,249.07231,"Unknown","[M+H]+","ion correlated with 4405; ion correlated with 4697; ion correlated with 3936",0.036,FALSE,"null","null","null","null","null","null",999,FALSE,FALSE,FALSE,"null","null","null","null","null",30.16,0,0,0,0,0,0,0,0,0,0,59654,259043,230589,0,0,0,55176,35372,0,0,0,53312,0,0,0,0,0,0,"F2397_mz249.0723_rt0.47",0,259043,259044,TRUE,6,2,0,"Fungal in-associated detection","Very early RT","No MS/MS assignment","Unknown"
2404,1.031,249.67424,"Unknown","[M+H]+","ion correlated with 4449; ion correlated with 2196; ion correlated with 4746",0.036,FALSE,"null","null","null","null","null","null",999,FALSE,FALSE,FALSE,"null","null","null","null","null",2521.73,0,0,0,0,0,0,0,89451,126087,90913,24465,0,0,0,0,0,0,10249,0,27173,51822,94647,0,0,0,0,0,0,"F2404_mz249.6742_rt1.03",0,126087,126088,TRUE,8,1,3,"Fungal control-associated detection","RT >= 1 min","No MS/MS assignment","Unknown"
2405,0.399,249.93701,"Unknown","[M+H]+","ion correlated with 2461; ion correlated with 2186; ion correlated with 3029; ion correlated with 538; ion correlated with 2384; ion correlated with 3696; ion correlated with 4463; ion correlated with 4725; ion correlated with 2798; ion correlated with 2366",0.179,FALSE,"null","null","null","null","null","null",999,FALSE,FALSE,FALSE,"null","null","null","null","null",187.04,42386,3952,2949,0,0,630,0,4785,2811,0,19009,0,0,575646,350130,439345,0,0,0,0,0,8704,126079,83143,156556,17716,0,0,"F2405_mz249.937_rt0.4",16429,575646,35.0363359707851,TRUE,12,0,2,"Fungal control-associated detection","Very early RT","No MS/MS assignment","Unknown"
2446,0.747,253.15453,"Unknown","[M+H]+","ion correlated with 3449; ion correlated with 2402; ion correlated with 4568; ion correlated with 4075; ion correlated with 1781; ion correlated with 3387; ion correlated with 4256",0.071,FALSE,"null","null","null","null","null","null",999,FALSE,FALSE,FALSE,"null","null","null","null","null",15.69,0,2776,5278,0,0,0,0,20011,17473,0,0,13733,0,155106,69763,121885,0,0,0,0,0,0,0,0,0,3070,0,0,"F2446_mz253.1545_rt0.75",2684.66666666667,155106,57.7536303835174,TRUE,7,0,2,"Fungal control-associated detection","Early RT","No MS/MS assignment","Unknown"
2447,2.077,253.19539,"Unknown","[M+H]+","ion correlated with 742; ion correlated with 1018; ion correlated with 2318; ion correlated with 2950; ion correlated with 3503; ion correlated with 3746; ion correlated with 3907; ion correlated with 3941; ion correlated with 5012; ion correlated with 5039; ion correlated with 4118; ion correlated with 3851; ion correlated with 3979",0.107,FALSE,"null","null","null","null","null","null",999,FALSE,FALSE,FALSE,"null","null","null","null","null",189.43,0,1782,0,0,0,0,2098,0,0,0,0,0,0,1355302,967375,1271162,2194,2059,0,0,0,1900,1976,0,1836,0,0,0,"F2447_mz253.1954_rt2.08",594,1355302,2277.82016806723,TRUE,9,2,0,"Fungal in-associated detection","RT >= 1 min","No MS/MS assignment","Unknown"
2453,0.502,254.12352,"Unknown","[M+H]+",NA,0.107,FALSE,"null","null","null","null","null","null",999,FALSE,FALSE,FALSE,"null","null","null","null","null",161.95,0,14496,12993,0,3484,5976,8924,330019,39902,45736,157071,594814,583433,1046767,515073,871739,0,58588,0,148234,136323,162375,0,0,0,7181,5563,10249,"F2453_mz254.1235_rt0.5",9163,1046767,114.226102138804,TRUE,19,1,3,"Fungal control-associated detection","Early RT","No MS/MS assignment","Unknown"
2458,0.755,254.1619,"Unknown","[M+H]+",NA,0.036,FALSE,"null","null","null","null","null","null",999,FALSE,FALSE,FALSE,"null","null","null","null","null",80.62,12397,29126,33336,0,36836,32626,35758,4474,0,0,19006,0,0,0,26721,0,0,337830,152991,252175,38710,153492,0,30261,19050,39982,35154,35299,"F2458_mz254.1619_rt0.76",24953,337830,13.5381501963613,TRUE,16,2,1,"Fungal in-associated detection","Early RT","No MS/MS assignment","Unknown"
2459,4.882,254.24834,"Unknown","[M+H]+",NA,0.25,TRUE,"null","null","null","null","null","null",999,FALSE,FALSE,FALSE,"null","null","null","null","null",57.97,0,0,0,0,0,0,0,155858,77674,122270,103026,139023,667145,0,0,0,0,1313,0,0,270823,156607,3072,0,0,0,1303,0,"F2459_mz254.2483_rt4.88",0,667145,667146,TRUE,11,1,3,"Fungal control-associated detection","RT >= 1 min","MS/MS available","Unknown"
2460,0.984,254.81747,"Unknown","[M+H]+","ion correlated with 4626",0.036,FALSE,"null","null","null","null","null","null",999,FALSE,FALSE,FALSE,"null","null","null","null","null",47.49,0,0,0,0,0,0,0,76255,57226,110713,8395,0,0,0,0,0,0,0,0,48972,26817,33838,0,0,0,0,0,0,"F2460_mz254.8175_rt0.98",0,110713,110714,TRUE,7,0,3,"Fungal control-associated detection","Early RT","No MS/MS assignment","Unknown"
2464,0.817,255.09798,"Unknown","[M+H]+","ion correlated with 889; ion correlated with 2115; ion correlated with 2621; ion correlated with 1201; ion correlated with 1286",0.214,FALSE,"null","null","null","null","null","null",999,FALSE,FALSE,FALSE,"null","null","null","null","null",82.81,0,0,0,0,0,0,0,156377,229637,182469,211356,87541,113307,0,0,0,0,0,0,33684,132832,133771,0,0,0,0,0,0,"F2464_mz255.098_rt0.82",0,229637,229638,TRUE,9,0,3,"Fungal control-associated detection","Early RT","No MS/MS assignment","Unknown"
2465,0.481,255.09801,"Unknown","[M+H]+",NA,0.393,FALSE,"null","null","null","null","null","null",999,FALSE,FALSE,FALSE,"null","null","null","null","null",135.66,0,0,0,0,0,0,0,35748,0,0,1200644,1346024,1100823,538885,413698,425649,112370,110092,78357,57266,161446,88890,341186,411312,409807,0,0,0,"F2465_mz255.098_rt0.48",0,1346024,1346025,TRUE,16,3,1,"Fungal in-associated detection","Very early RT","No MS/MS assignment","Unknown"
2485,0.683,256.10291,"Unknown","[M+H]+",NA,0.071,FALSE,"null","null","null","null","null","null",999,FALSE,FALSE,FALSE,"null","null","null","null","null",103.17,0,0,0,0,0,0,0,30387,0,76001,92061,18302,0,292979,110152,152835,0,0,0,0,0,51071,0,0,0,0,0,0,"F2485_mz256.1029_rt0.68",0,292979,292980,TRUE,8,0,2,"Fungal control-associated detection","Early RT","No MS/MS assignment","Unknown"
2487,0.778,256.13937,"Unknown","[M+H]+","ion correlated with 2265; ion correlated with 2555",0.107,TRUE,"null","null","null","null","null","null",999,FALSE,FALSE,FALSE,"null","null","null","null","null",2448.65,0,0,0,0,0,0,0,443707,97974,67566,110186,80821,275087,15192987,8586263,10754434,0,46076,0,38499,187106,92027,0,0,0,0,4132,0,"F2487_mz256.1394_rt0.78",0,15192987,15192988,TRUE,14,1,3,"Fungal control-associated detection","Early RT","MS/MS available","Unknown"
2488,0.508,256.13947,"Unknown","[M+H]+","ion correlated with 2200; ion correlated with 2220; ion correlated with 851; ion correlated with 2266; ion correlated with 1942; ion correlated with 1323; ion correlated with 3203; ion correlated with 2771",0.107,FALSE,"null","null","null","null","null","null",999,FALSE,FALSE,FALSE,"null","null","null","null","null",593.7,0,0,0,0,0,0,0,71854,0,39873,0,47551,0,3122539,2511221,2647701,0,32794,0,0,0,55045,0,0,0,0,0,0,"F2488_mz256.1395_rt0.51",0,3122539,3122540,TRUE,8,1,2,"Fungal control-associated detection","Early RT","No MS/MS assignment","Unknown"
2505,0.916,257.67599,"Unknown","[M+H]+",NA,0.036,FALSE,"null","null","null","null","null","null",999,FALSE,FALSE,FALSE,"null","null","null","null","null",2810.92,0,0,0,0,0,0,0,33049,140546,0,0,0,0,0,0,0,0,0,0,0,0,26665,0,16858,0,0,0,0,"F2505_mz257.676_rt0.92",0,140546,140547,TRUE,4,0,2,"Fungal control-associated detection","Early RT","No MS/MS assignment","Unknown"
2519,0.498,259.08124,"Unknown","[M+H]+",NA,0.071,FALSE,"null","null","null","null","null","null",999,FALSE,FALSE,FALSE,"null","null","null","null","null",163.21,0,3532,0,0,0,3560,0,164493,57846,0,129667,306156,301443,573555,697748,567751,0,0,0,0,78167,0,221679,188565,107314,0,0,0,"F2519_mz259.0812_rt0.5",1177.33333333333,697748,592.149080622348,TRUE,13,0,2,"Fungal control-associated detection","Very early RT","No MS/MS assignment","Unknown"
2555,0.778,261.09485,"Unknown","[M+H]+","ion correlated with 2265; ion correlated with 2487",0.107,TRUE,"null","null","null","null","null","null",999,FALSE,FALSE,FALSE,"null","null","null","null","null",3400.81,0,0,0,0,0,0,0,46480,39576,34324,23123,0,26343,11644576,8511633,9750790,0,0,0,0,19366,57662,0,0,17348,0,0,0,"F2555_mz261.0948_rt0.78",0,11644576,11644577,TRUE,11,0,3,"Fungal control-associated detection","Early RT","MS/MS available","Unknown"
2561,1.717,261.14896,"Unknown","[M+H]+","ion correlated with 2119; ion correlated with 4982; ion correlated with 2951; ion correlated with 3353; ion correlated with 2677; ion correlated with 3109; ion correlated with 3814; ion correlated with 3259; ion correlated with 3612; ion correlated with 4145; ion correlated with 3001; ion correlated with 3760; similar chromatogram in higher mz_3001",0.107,FALSE,"null","null","null","null","null","null",999,FALSE,FALSE,FALSE,"null","null","null","null","null",23.09,0,0,0,0,0,0,2014,4308,2384,0,0,0,0,161633,103700,158175,0,0,0,0,0,2019,0,0,0,0,0,0,"F2561_mz261.149_rt1.72",0,161633,161634,TRUE,7,0,2,"Fungal control-associated detection","RT >= 1 min","No MS/MS assignment","Unknown"
2563,3.544,261.14941,"Unknown","[M+H]+","ion correlated with 1041; ion correlated with 779; ion correlated with 2014; ion correlated with 2157; ion correlated with 3115; ion correlated with 3702; ion correlated with 376; ion correlated with 741; ion correlated with 1141; ion correlated with 1166; ion correlated with 1379; ion correlated with 1521; ion correlated with 1546; ion correlated with 1893; ion correlated with 2293; ion correlated with 3959; ion correlated with 3318; ion correlated with 3338; ion correlated with 956; ion correlated with 397; ion correlated with 597; ion correlated with 625; ion correlated with 1019; ion correlated with 1190; ion correlated with 1257; ion correlated with 1349; ion correlated with 1630; ion correlated with 1752; ion correlated with 2317; ion correlated with 2448; ion correlated with 2474; ion correlated with 2676; ion correlated with 2746; ion correlated with 2954; ion correlated with 3083; ion correlated with 3098; ion correlated with 3118; ion correlated with 3504; ion correlated with 3745; ion correlated with 5005; ion correlated with 5013; ion correlated with 5038; ion correlated with 5047; ion correlated with 4092; ion correlated with 3515; ion correlated with 3942; ion correlated with 4987",0.036,FALSE,"null","null","null","null","null","null",999,FALSE,FALSE,FALSE,"null","null","null","null","null",66.93,0,0,0,0,0,0,0,0,1526,1727,0,0,0,80851,97141,254041,0,0,0,0,0,0,0,0,0,0,0,0,"F2563_mz261.1494_rt3.54",0,254041,254042,TRUE,5,0,2,"Fungal control-associated detection","RT >= 1 min","No MS/MS assignment","Unknown"
2572,0.503,262.12906,"Unknown","[M+H]+","ion correlated with 3021; ion correlated with 2026; ion correlated with 3032; ion correlated with 3221; ion correlated with 3427",0.214,TRUE,"null","null","null","null","null","null",999,FALSE,FALSE,FALSE,"null","null","null","null","null",795.62,0,0,1663,0,0,0,0,2894416,846620,590635,1114561,4838173,3921949,0,0,0,0,166095,0,176841,176561,220349,0,0,0,6060,0,0,"F2572_mz262.1291_rt0.5",554.333333333333,4838173,8712.19807923169,TRUE,11,1,3,"Fungal control-associated detection","Early RT","MS/MS available","Unknown"
2579,1.336,263.12833,"Unknown","[M+H]+","ion correlated with 3843; ion correlated with 3857",0.071,FALSE,"null","null","null","null","null","null",999,FALSE,FALSE,FALSE,"null","null","null","null","null",44.25,0,2082,0,0,0,2859,1929,7062,0,0,33898,261236,151028,2726,1509,9188,2900,0,6693,2680,0,0,0,0,5741,2626,1637,2429,"F2579_mz263.1283_rt1.34",694,261236,375.880575539568,TRUE,16,2,1,"Fungal in-associated detection","RT >= 1 min","No MS/MS assignment","Unknown"
2581,1.884,263.16461,"Unknown","[M+H]+","ion correlated with 3693; ion correlated with 2401; ion correlated with 3494; ion correlated with 3909; ion correlated with 3995; ion correlated with 3283",0.107,TRUE,"null","null","null","null","null","null",999,FALSE,FALSE,FALSE,"null","null","null","null","null",55.36,0,2150,1574,0,1631,1611,2170,2455,0,0,2666,2233,0,465430,270752,385588,6651,1656,1924,1945,2314,0,1957,1746,0,1538,1685,0,"F2581_mz263.1646_rt1.88",1241.33333333333,465430,374.642607995707,TRUE,18,3,1,"Fungal in-associated detection","RT >= 1 min","MS/MS available","Unknown"
2582,2.08,263.16492,"Unknown","[M+H]+","ion correlated with 378; ion correlated with 742; ion correlated with 957; ion correlated with 1018; ion correlated with 1629; ion correlated with 1658; ion correlated with 420; ion correlated with 628; ion correlated with 995; ion correlated with 1570; ion correlated with 1694; ion correlated with 1719; ion correlated with 2318; ion correlated with 2447; ion correlated with 2950; ion correlated with 4946; ion correlated with 596; ion correlated with 1191; ion correlated with 2158; ion correlated with 2394; ion correlated with 56; ion correlated with 1140; ion correlated with 1468; ion correlated with 3907; ion correlated with 3941; ion correlated with 5039; ion correlated with 4118; ion correlated with 3777; ion correlated with 3851; ion correlated with 3979",0.107,FALSE,"null","null","null","null","null","null",999,FALSE,FALSE,FALSE,"null","null","null","null","null",64.79,0,1406,3872,0,1382,0,2237,0,3911,0,0,1938,2759,529234,390351,388751,2813,2087,2336,0,0,0,3878,2573,2344,1575,1573,1474,"F2582_mz263.1649_rt2.08",1759.33333333333,529234,300.644764249195,TRUE,17,3,1,"Fungal in-associated detection","RT >= 1 min","No MS/MS assignment","Unknown"
2586,0.804,264.09833,"Unknown","[M+H]+",NA,0.25,FALSE,"null","null","null","null","null","null",999,FALSE,FALSE,FALSE,"null","null","null","null","null",974.64,0,2209,2464,0,0,0,0,375643,168314,152811,147296,236077,286357,0,0,0,0,13104,0,0,77256,101739,0,0,0,0,0,3158,"F2586_mz264.0983_rt0.8",1557.66666666667,375643,241.003421727973,TRUE,10,1,3,"Fungal control-associated detection","Early RT","No MS/MS assignment","Unknown"
2587,1.084,264.09857,"Unknown","[M+H]+","ion correlated with 1578; ion correlated with 1606; ion correlated with 2486; ion correlated with 2253; ion correlated with 2418; ion correlated with 523; similar chromatogram in higher mz_3734",0.107,FALSE,"null","null","null","null","null","null",999,FALSE,FALSE,FALSE,"null","null","null","null","null",152.84,0,0,0,0,0,1673,0,6782,11014,0,649797,1324432,1175647,165279,34581,22026,0,0,4170,6875,16252,0,0,0,0,0,0,2072,"F2587_mz264.0986_rt1.08",0,1324432,1324433,TRUE,13,1,2,"Fungal control-associated detection","RT >= 1 min","No MS/MS assignment","Unknown"
2589,0.91,264.14496,"Unknown","[M+H]+",NA,0.036,FALSE,"null","null","null","null","null","null",999,FALSE,FALSE,FALSE,"null","null","null","null","null",27.29,42563,17361,18855,0,24597,17476,18018,48995,140158,72519,184418,109712,154516,0,0,0,15549,0,0,70414,34209,43751,0,0,0,18811,21947,18278,"F2589_mz264.145_rt0.91",26259.6666666667,184418,7.02263207331624,TRUE,16,1,3,"Fungal control-associated detection","Early RT","No MS/MS assignment","Unknown"
2592,0.426,264.85648,"Unknown","[M+H]+",NA,0.214,FALSE,"null","null","null","null","null","null",999,FALSE,FALSE,FALSE,"null","null","null","null","null",117.34,0,0,0,0,16760,12645,0,131460,216943,163592,168997,85556,86427,0,0,0,0,0,0,9957,65603,88191,0,0,0,223966,186320,67325,"F2592_mz264.8565_rt0.43",0,223966,223967,TRUE,14,0,3,"Fungal control-associated detection","Very early RT","No MS/MS assignment","Unknown"
2595,0.936,265.08597,"Unknown","[M+H]+","ion correlated with 375; ion correlated with 4634",0.071,FALSE,"null","null","null","null","null","null",999,FALSE,FALSE,FALSE,"null","null","null","null","null",55.31,5908,0,0,0,3120,0,0,0,0,0,0,0,9584,155822,37133,120192,9722,12028,25976,0,0,0,0,0,0,2788,0,0,"F2595_mz265.086_rt0.94",1969.33333333333,155822,79.0845880561665,TRUE,9,3,0,"Fungal in-associated detection","Early RT","No MS/MS assignment","Unknown"
2601,0.859,265.67505,"Unknown","[M+H]+",NA,0.036,FALSE,"null","null","null","null","null","null",999,FALSE,FALSE,FALSE,"null","null","null","null","null",2392.7,0,0,0,0,0,0,0,65502,58395,119635,22248,0,0,0,0,0,0,14273,0,28303,16845,42462,0,0,0,0,0,0,"F2601_mz265.675_rt0.86",0,119635,119636,TRUE,8,1,3,"Fungal control-associated detection","Early RT","No MS/MS assignment","Unknown"
2603,1.247,265.9678,"Unknown","[M+H]+","ion correlated with 2946; ion correlated with 3235; ion correlated with 1768; ion correlated with 2002; ion correlated with 488; ion correlated with 4899",0.107,TRUE,"null","null","null","null","null","null",999,FALSE,FALSE,FALSE,"null","null","null","null","null",340.17,0,0,0,0,0,0,0,0,0,0,1103751,19112,15106,0,0,0,88597,131004,109815,25102,40052,26639,0,0,0,0,0,0,"F2603_mz265.9678_rt1.25",0,1103751,1103752,TRUE,9,3,0,"Fungal in-associated detection","RT >= 1 min","MS/MS available","Unknown"
2604,0.858,265.98553,"Unknown","[M+H]+","ion correlated with 1450; ion correlated with 1501; similar chromatogram in higher mz_2631; similar chromatogram in higher mz_2629; similar chromatogram in higher mz_2637",0.036,FALSE,"null","null","null","null","null","null",999,FALSE,FALSE,FALSE,"null","null","null","null","null",61.11,0,0,0,0,0,0,0,28869,102452,71324,0,0,0,0,0,0,0,0,13136,21365,59597,0,0,0,0,0,0,0,"F2604_mz265.9855_rt0.86",0,102452,102453,TRUE,6,1,3,"Fungal control-associated detection","Early RT","No MS/MS assignment","Unknown"
2605,0.821,266.0965,"Unknown","[M+H]+",NA,0.036,FALSE,"null","null","null","null","null","null",999,FALSE,FALSE,FALSE,"null","null","null","null","null",63.41,0,0,0,0,0,0,0,110956,69936,14358,32424,28417,65791,0,0,0,0,0,0,0,15837,34554,0,0,0,0,0,0,"F2605_mz266.0965_rt0.82",0,110956,110957,TRUE,8,0,3,"Fungal control-associated detection","Early RT","No MS/MS assignment","Unknown"
2610,0.85,266.67639,"Unknown","[M+H]+",NA,0.036,FALSE,"null","null","null","null","null","null",999,FALSE,FALSE,FALSE,"null","null","null","null","null",84.32,0,0,0,0,0,0,0,35002,29808,131840,27874,0,0,0,0,0,0,0,0,30913,30532,69827,0,0,0,0,0,0,"F2610_mz266.6764_rt0.85",0,131840,131841,TRUE,7,0,3,"Fungal control-associated detection","Early RT","No MS/MS assignment","Unknown"
2617,0.582,267.10846,"Unknown","[M+H]+",NA,0.071,FALSE,"null","null","null","null","null","null",999,FALSE,FALSE,FALSE,"null","null","null","null","null",56.95,0,0,0,0,0,0,0,184120,297462,216122,298705,88569,24839,0,0,0,0,51311,0,141052,222290,177194,0,0,0,0,0,0,"F2617_mz267.1085_rt0.58",0,298705,298706,TRUE,10,1,3,"Fungal control-associated detection","Early RT","No MS/MS assignment","Unknown"
2638,5.623,268.26407,"Unknown","[M+H]+","similar chromatogram in higher mz_4485; similar chromatogram in higher mz_4570",0.036,FALSE,"null","null","null","null","null","null",999,FALSE,FALSE,FALSE,"null","null","null","null","null",21.29,0,0,0,0,0,0,0,34114,11338,25375,18294,25891,119867,0,0,0,0,0,0,0,48336,26630,0,0,1526,0,0,0,"F2638_mz268.2641_rt5.62",0,119867,119868,TRUE,9,0,3,"Fungal control-associated detection","RT >= 1 min","No MS/MS assignment","Unknown"
2651,0.494,270.09692,"Unknown","[M+H]+",NA,0.036,FALSE,"null","null","null","null","null","null",999,FALSE,FALSE,FALSE,"null","null","null","null","null",124.1,0,0,0,0,0,0,0,190868,53330,43512,0,185224,167819,0,0,0,0,0,58485,37410,47622,96320,0,0,0,0,0,0,"F2651_mz270.0969_rt0.49",0,190868,190869,TRUE,9,1,3,"Fungal control-associated detection","Very early RT","No MS/MS assignment","Unknown"
2652,0.689,270.09763,"Unknown","[M+H]+",NA,0.107,FALSE,"null","null","null","null","null","null",999,FALSE,FALSE,FALSE,"null","null","null","null","null",105.61,0,0,0,0,0,0,0,172386,86316,132516,143095,203200,129679,0,0,0,0,0,0,0,49083,71562,0,0,0,0,0,0,"F2652_mz270.0976_rt0.69",0,203200,203201,TRUE,8,0,3,"Fungal control-associated detection","Early RT","No MS/MS assignment","Unknown"
2656,0.765,270.15533,"Unknown","[M+H]+","similar chromatogram in higher mz_3475; similar chromatogram in higher mz_2887",0.107,FALSE,"null","null","null","null","null","null",999,FALSE,FALSE,FALSE,"null","null","null","null","null",146.59,0,0,0,0,0,0,0,4820,176627,175432,157444,24609,3732,422666,486682,370752,15994,0,0,16190,22073,99650,0,0,0,0,0,0,"F2656_mz270.1553_rt0.76",0,486682,486683,TRUE,13,1,3,"Fungal control-associated detection","Early RT","No MS/MS assignment","Unknown"
2663,0.909,271.0751,"Unknown","[M+H]+","ion correlated with 3268; ion correlated with 1686; ion correlated with 3389; ion correlated with 3170; ion correlated with 3860; ion correlated with 2553",0.036,FALSE,"null","null","null","null","null","null",999,FALSE,FALSE,FALSE,"null","null","null","null","null",61.28,0,0,0,0,0,0,1980,44110,0,0,9762,43029,49365,230819,139930,202710,23636,12032,15976,14722,14286,16192,0,0,0,2556,0,0,"F2663_mz271.0751_rt0.91",0,230819,230820,TRUE,15,3,1,"Fungal in-associated detection","Early RT","No MS/MS assignment","Unknown"
2664,0.597,271.08514,"Unknown","[M+H]+",NA,0.107,FALSE,"null","null","null","null","null","null",999,FALSE,FALSE,FALSE,"null","null","null","null","null",55.21,0,0,0,0,0,0,0,119423,24795,35249,53901,75766,82835,159176,162840,281525,0,0,0,69922,30135,37529,0,0,0,0,0,0,"F2664_mz271.0851_rt0.6",0,281525,281526,TRUE,12,0,3,"Fungal control-associated detection","Early RT","No MS/MS assignment","Unknown"
2684,0.493,272.11292,"Unknown","[M+H]+",NA,0.071,FALSE,"null","null","null","null","null","null",999,FALSE,FALSE,FALSE,"null","null","null","null","null",71.57,0,0,0,0,0,0,0,189945,38132,0,43564,205666,267460,41692,119198,236613,0,29807,0,0,0,36463,28696,0,51740,0,0,0,"F2684_mz272.1129_rt0.49",0,267460,267461,TRUE,12,1,2,"Fungal control-associated detection","Very early RT","No MS/MS assignment","Unknown"
2691,0.883,272.69531,"Unknown","[M+H]+",NA,0.071,FALSE,"null","null","null","null","null","null",999,FALSE,FALSE,FALSE,"null","null","null","null","null",2604.68,0,0,0,0,0,0,0,77213,157797,49608,28552,0,0,0,0,0,0,0,0,57978,41577,102672,0,0,0,0,0,0,"F2691_mz272.6953_rt0.88",0,157797,157798,TRUE,7,0,3,"Fungal control-associated detection","Early RT","No MS/MS assignment","Unknown"
2719,0.509,273.96301,"Unknown","[M+H]+","ion correlated with 2920",0.071,FALSE,"null","null","null","null","null","null",999,FALSE,FALSE,FALSE,"null","null","null","null","null",118.84,0,0,0,0,0,0,0,0,43073,0,0,35806,0,0,0,0,61987,44627,75366,0,0,0,342231,238153,144902,0,0,0,"F2719_mz273.963_rt0.51",0,342231,342232,TRUE,8,3,1,"Fungal in-associated detection","Early RT","No MS/MS assignment","Unknown"
2726,0.659,274.1402,"Unknown","[M+H]+","ion correlated with 2961",0.036,FALSE,"null","null","null","null","null","null",999,FALSE,FALSE,FALSE,"null","null","null","null","null",91.37,0,0,0,0,0,0,0,381231,30479,231516,170936,557576,471396,0,0,0,20737,0,0,0,69708,74868,0,0,0,0,0,0,"F2726_mz274.1402_rt0.66",0,557576,557577,TRUE,9,1,3,"Fungal control-associated detection","Early RT","No MS/MS assignment","Unknown"
2731,0.599,274.21289,"Unknown","[M+H]+",NA,0.036,FALSE,"null","null","null","null","null","null",999,FALSE,FALSE,FALSE,"null","null","null","null","null",25.32,0,0,0,0,0,0,0,120091,88142,72565,24175,31989,28940,0,0,0,0,41986,0,42074,68103,75277,0,0,0,0,0,0,"F2731_mz274.2129_rt0.6",0,120091,120092,TRUE,10,1,3,"Fungal control-associated detection","Early RT","No MS/MS assignment","Unknown"
2736,0.403,274.97534,"Unknown","[M+H]+","ion correlated with 4827",0.071,FALSE,"null","null","null","null","null","null",999,FALSE,FALSE,FALSE,"null","null","null","null","null",117.17,0,0,0,0,59658,39897,65193,21635,3542,0,16821,11297,6176,0,0,0,4973,0,0,10960,0,0,0,13315,0,107148,93264,139794,"F2736_mz274.9753_rt0.4",0,139794,139795,TRUE,14,1,2,"Fungal control-associated detection","Very early RT","No MS/MS assignment","Unknown"
2739,0.697,275.05313,"Unknown","[M+H]+","ion correlated with 250",0.107,TRUE,"null","null","null","null","null","null",999,FALSE,FALSE,FALSE,"null","null","null","null","null",20055.35,0,0,0,0,0,0,0,186011,43465,0,53809,110149,214208,2924412,804892,1914294,0,0,0,0,40225,35644,0,0,0,0,0,0,"F2739_mz275.0531_rt0.7",0,2924412,2924413,TRUE,10,0,2,"Fungal control-associated detection","Early RT","MS/MS available","Unknown"
2740,1.172,275.09198,"Unknown","[M+H]+","ion correlated with 4019; ion correlated with 1764; ion correlated with 3194; ion correlated with 4640; ion correlated with 3022; ion correlated with 2690; ion correlated with 4223; ion correlated with 5140; ion correlated with 4647; ion correlated with 4153; ion correlated with 3574; ion correlated with 4639; ion correlated with 4677; ion correlated with 4333; ion correlated with 4192; ion correlated with 4307; ion correlated with 3143; ion correlated with 4250; ion correlated with 4950; ion correlated with 4110; ion correlated with 4080; ion correlated with 4353; ion correlated with 4341; ion correlated with 3733; ion correlated with 4388; ion correlated with 4166; ion correlated with 4206; ion correlated with 1221; ion correlated with 4952; ion correlated with 3957; ion correlated with 4960; ion correlated with 4041; ion correlated with 3635; ion correlated with 4229; ion correlated with 4797; ion correlated with 4656; ion correlated with 4789; ion correlated with 4803; ion correlated with 4806; ion correlated with 3224; ion correlated with 4792; ion correlated with 4937; ion correlated with 1381; ion correlated with 1635; ion correlated with 4100; ion correlated with 2013; ion correlated with 4871; ion correlated with 3600; ion correlated with 4825; ion correlated with 4381; ion correlated with 3563",0.036,FALSE,"null","null","null","null","null","null",999,FALSE,FALSE,FALSE,"null","null","null","null","null",122.62,0,0,0,0,0,0,0,0,0,0,0,0,10535,240323,173007,176079,0,3434,4978,5608,8212,3091,0,6750,3451,0,0,0,"F2740_mz275.092_rt1.17",0,240323,240324,TRUE,11,2,0,"Fungal in-associated detection","RT >= 1 min","No MS/MS assignment","Unknown"
2753,0.545,275.20807,"Unknown","[M+H]+",NA,0.107,FALSE,"null","null","null","null","null","null",999,FALSE,FALSE,FALSE,"null","null","null","null","null",51.53,0,0,0,0,0,0,0,132998,138948,114995,164099,27447,0,0,0,0,0,0,0,55380,242102,269548,0,0,0,0,0,0,"F2753_mz275.2081_rt0.54",0,269548,269549,TRUE,8,0,3,"Fungal control-associated detection","Early RT","No MS/MS assignment","Unknown"
2754,0.983,275.65323,"Unknown","[M+H]+",NA,0.036,FALSE,"null","null","null","null","null","null",999,FALSE,FALSE,FALSE,"null","null","null","null","null",2090.37,0,0,0,0,0,1944,0,43472,109378,89369,9330,0,6807,0,0,0,0,0,0,9932,48096,39588,0,0,0,0,0,0,"F2754_mz275.6532_rt0.98",0,109378,109379,TRUE,9,0,3,"Fungal control-associated detection","Early RT","No MS/MS assignment","Unknown"
2772,0.632,277.10324,"Unknown","[M+H]+",NA,0.107,FALSE,"null","null","null","null","null","null",999,FALSE,FALSE,FALSE,"null","null","null","null","null",144.92,0,0,0,0,0,0,0,251863,247338,215473,297854,112373,133863,0,0,0,0,0,0,44798,81948,30592,0,0,0,0,0,0,"F2772_mz277.1032_rt0.63",0,297854,297855,TRUE,9,0,3,"Fungal control-associated detection","Early RT","No MS/MS assignment","Unknown"
2782,5.698,277.18042,"Unknown","[M+H]+","ion correlated with 2949; ion correlated with 4078; ion correlated with 4085; ion correlated with 3933; ion correlated with 3578; ion correlated with 1467; ion correlated with 4812; ion correlated with 4852",0.071,FALSE,"null","null","null","null","null","null",999,FALSE,FALSE,FALSE,"null","null","null","null","null",20.65,0,0,0,0,0,0,0,2429,2832,0,0,0,0,129392,101673,127667,0,0,1349,0,0,1434,28857,24168,21821,0,0,0,"F2782_mz277.1804_rt5.7",0,129392,129393,TRUE,10,1,2,"Fungal control-associated detection","RT >= 1 min","No MS/MS assignment","Unknown"
2783,3.945,277.21661,"Unknown","[M+H]+","ion correlated with 3026; ion correlated with 3315; similar chromatogram in higher mz_3026; similar chromatogram in higher mz_4705; similar chromatogram in higher mz_3315",0.107,FALSE,"null","null","null","null","null","null",999,FALSE,FALSE,FALSE,"null","null","null","null","null",13.62,0,0,0,0,0,0,0,0,1790,2111,0,2084,0,11729,0,4230,0,0,1530,2064,2024,1614,173374,142323,105240,0,0,0,"F2783_mz277.2166_rt3.94",0,173374,173375,TRUE,12,1,2,"Fungal control-associated detection","RT >= 1 min","No MS/MS assignment","Unknown"
2798,0.454,279.047,"Unknown","[M+H]+","ion correlated with 3029; ion correlated with 538; ion correlated with 2384; ion correlated with 2405; ion correlated with 422; ion correlated with 2366; ion correlated with 1362; ion correlated with 1072",0.143,FALSE,"null","null","null","null","null","null",999,FALSE,FALSE,FALSE,"null","null","null","null","null",28.46,0,0,0,0,0,0,0,47278,0,0,53811,34314,21500,585377,456508,490647,0,70818,31887,54192,0,26026,230791,107253,177721,0,0,0,"F2798_mz279.047_rt0.45",0,585377,585378,TRUE,14,2,1,"Fungal in-associated detection","Very early RT","No MS/MS assignment","Unknown"
2819,0.424,280.83035,"Unknown","[M+H]+","ion correlated with 1707",0.143,FALSE,"null","null","null","null","null","null",999,FALSE,FALSE,FALSE,"null","null","null","null","null",604.15,0,0,0,0,10171,0,0,106665,139399,130998,97844,32260,17010,37622,0,25578,0,0,0,0,61374,65595,0,0,0,100713,79095,33306,"F2819_mz280.8304_rt0.42",0,139399,139400,TRUE,14,0,3,"Fungal control-associated detection","Very early RT","No MS/MS assignment","Unknown"
2825,0.531,281.07169,"Unknown","[M+H]+",NA,0.036,FALSE,"null","null","null","null","null","null",999,FALSE,FALSE,FALSE,"null","null","null","null","null",22.28,0,0,0,0,0,0,0,36646,198186,106024,61559,0,0,0,0,0,0,0,16604,48664,14843,38183,0,0,0,0,0,0,"F2825_mz281.0717_rt0.53",0,198186,198187,TRUE,8,1,3,"Fungal control-associated detection","Early RT","No MS/MS assignment","Unknown"
2830,0.787,281.16119,"Unknown","[M+H]+","ion correlated with 4437; ion correlated with 4045",0.036,FALSE,"null","null","null","null","null","null",999,FALSE,FALSE,FALSE,"null","null","null","null","null",27.18,0,0,0,0,0,0,0,138085,127667,172198,42554,0,0,0,0,0,0,0,0,40642,133174,110025,0,0,0,0,3050,0,"F2830_mz281.1612_rt0.79",0,172198,172199,TRUE,8,0,3,"Fungal control-associated detection","Early RT","No MS/MS assignment","Unknown"
2838,0.71,282.15436,"Unknown","[M+H]+",NA,0.107,FALSE,"null","null","null","null","null","null",999,FALSE,FALSE,FALSE,"null","null","null","null","null",20.56,9089,31201,27270,0,29309,26914,22889,82342,49063,42235,68576,29494,161264,123150,221817,143350,0,0,37856,20766,20520,32014,0,28568,24158,23560,33734,27239,"F2838_mz282.1544_rt0.71",22520,221817,9.84938501842725,TRUE,21,1,3,"Fungal control-associated detection","Early RT","No MS/MS assignment","Unknown"
2853,0.533,284.09927,"Unknown","[M+H]+","ion correlated with 2854",0.107,FALSE,"null","null","null","null","null","null",999,FALSE,FALSE,FALSE,"null","null","null","null","null",253.36,0,0,0,0,0,0,0,0,0,2205584,0,0,0,0,65624,0,778044,1197246,771406,1586795,220622,547741,0,15482,34446,0,0,0,"F2853_mz284.0993_rt0.53",0,2205584,2205585,TRUE,10,3,1,"Fungal in-associated detection","Early RT","No MS/MS assignment","Unknown"
2854,0.494,284.09943,"Unknown","[M+H]+","ion correlated with 2853",0.143,FALSE,"null","null","null","null","null","null",999,FALSE,FALSE,FALSE,"null","null","null","null","null",4098.16,0,3125,4100,0,0,0,0,0,0,2205584,0,0,0,0,65624,0,778044,1197246,771406,1586795,220622,547741,0,15482,34446,0,0,0,"F2854_mz284.0994_rt0.49",2408.33333333333,2205584,915.433729939126,TRUE,10,3,1,"Fungal in-associated detection","Very early RT","No MS/MS assignment","Unknown"
2865,1.058,285.09729,"Unknown","[M+H]+","ion correlated with 1458; ion correlated with 792; ion correlated with 4165; ion correlated with 4759; ion correlated with 799; ion correlated with 4338; ion correlated with 1439; ion correlated with 3188; ion correlated with 3125; ion correlated with 4678",0.143,TRUE,"null","null","null","null","null","null",999,FALSE,FALSE,FALSE,"null","null","null","null","null",60.13,11960,3279,2164,0,3584,0,3548,19633,23638,24740,85501,131576,0,1701967,962914,375661,0,11144,0,9405,11698,5294,0,110483,21078,5406,2889,2110,"F2865_mz285.0973_rt1.06",5801,1701967,293.34160634264,TRUE,19,1,3,"Fungal control-associated detection","RT >= 1 min","MS/MS available","Unknown"
2866,0.455,285.12024,"Unknown","[M+H]+",NA,0.036,FALSE,"null","null","null","null","null","null",999,FALSE,FALSE,FALSE,"null","null","null","null","null",16.73,0,0,2204,0,9318,9835,6707,91423,174277,92791,109035,32152,8085,15093,18374,0,0,48700,0,87638,66654,63610,0,0,9291,4068,9057,10158,"F2866_mz285.1202_rt0.46",734.666666666667,174277,236.898051653829,TRUE,19,1,3,"Fungal control-associated detection","Very early RT","No MS/MS assignment","Unknown"
2871,1.154,285.18542,"Unknown","[M+H]+","ion correlated with 3638; ion correlated with 4019; ion correlated with 4640; ion correlated with 3305; ion correlated with 4549; ion correlated with 4647; ion correlated with 4838; ion correlated with 4250; ion correlated with 739; ion correlated with 1189; ion correlated with 1896; ion correlated with 4960; ion correlated with 4484; ion correlated with 4726; ion correlated with 3816; ion correlated with 4100; ion correlated with 4516",0.071,FALSE,"null","null","null","null","null","null",999,FALSE,FALSE,FALSE,"null","null","null","null","null",22.18,0,0,0,0,0,0,0,13690,10154,20156,17698,19137,6618,447581,409849,671178,0,0,0,6722,12428,5684,0,0,0,0,0,0,"F2871_mz285.1854_rt1.15",0,671178,671179,TRUE,12,0,3,"Fungal control-associated detection","RT >= 1 min","No MS/MS assignment","Unknown"
2872,1.222,285.18549,"Unknown","[M+H]+","ion correlated with 1896; ion correlated with 4960; ion correlated with 4673; ion correlated with 4726; ion correlated with 3816; ion correlated with 4100; ion correlated with 4516; ion correlated with 4954; ion correlated with 3495; ion correlated with 4031; ion correlated with 4068",0.071,FALSE,"null","null","null","null","null","null",999,FALSE,FALSE,FALSE,"null","null","null","null","null",56.07,0,0,0,0,0,0,0,13690,10154,20156,17698,13673,5382,644958,419831,1092727,0,0,0,4949,12428,6615,0,0,0,0,0,0,"F2872_mz285.1855_rt1.22",0,1092727,1092728,TRUE,12,0,3,"Fungal control-associated detection","RT >= 1 min","No MS/MS assignment","Unknown"
2886,0.698,286.09753,"Unknown","[M+H]+","ion correlated with 3184; ion correlated with 1548",0.179,FALSE,"null","null","null","null","null","null",999,FALSE,FALSE,FALSE,"null","null","null","null","null",837.23,0,0,0,0,0,0,0,121268,187765,213161,0,55576,0,0,0,0,0,0,0,23016,135424,161780,0,0,0,0,0,0,"F2886_mz286.0975_rt0.7",0,213161,213162,TRUE,7,0,3,"Fungal control-associated detection","Early RT","No MS/MS assignment","Unknown"
2887,0.763,286.12927,"Unknown","[M+H]+",NA,0.036,FALSE,"null","null","null","null","null","null",999,FALSE,FALSE,FALSE,"null","null","null","null","null",20.57,0,0,0,0,0,0,0,18366,22354,0,18124,41953,28671,48328,101796,62543,0,0,0,0,0,20034,0,0,0,0,0,0,"F2887_mz286.1293_rt0.76",0,101796,101797,TRUE,9,0,2,"Fungal control-associated detection","Early RT","No MS/MS assignment","Unknown"
2903,0.482,287.12415,"Unknown","[M+H]+","ion correlated with 3508; ion correlated with 1373; ion correlated with 2556",0.25,FALSE,"null","null","null","null","null","null",999,FALSE,FALSE,FALSE,"null","null","null","null","null",61.03,0,0,0,0,0,3900,1007,113171,62244,144180,67366,159696,178209,579319,735414,696976,0,84921,0,142974,0,127555,13378,0,17047,0,0,3777,"F2903_mz287.1242_rt0.48",0,735414,735415,TRUE,17,1,3,"Fungal control-associated detection","Very early RT","No MS/MS assignment","Unknown"
2916,0.878,287.66364,"Unknown","[M+H]+","ion correlated with 4826; ion correlated with 2438",0.036,FALSE,"null","null","null","null","null","null",999,FALSE,FALSE,FALSE,"null","null","null","null","null",2462.72,0,0,0,0,0,0,0,48962,123136,51773,54437,0,0,0,0,0,0,0,0,0,62248,78996,0,0,0,0,0,0,"F2916_mz287.6636_rt0.88",0,123136,123137,TRUE,6,0,3,"Fungal control-associated detection","Early RT","No MS/MS assignment","Unknown"
2920,0.525,287.97827,"Unknown","[M+H]+",NA,0.071,FALSE,"null","null","null","null","null","null",999,FALSE,FALSE,FALSE,"null","null","null","null","null",8565.12,0,0,0,0,0,0,0,0,0,0,0,46459,33776,0,0,0,93327,62003,107666,0,0,0,500913,358384,355599,0,0,0,"F2920_mz287.9783_rt0.52",0,500913,500914,TRUE,8,3,0,"Fungal in-associated detection","Early RT","No MS/MS assignment","Unknown"
2921,0.624,287.97858,"Unknown","[M+H]+","ion correlated with 2076",0.071,FALSE,"null","null","null","null","null","null",999,FALSE,FALSE,FALSE,"null","null","null","null","null",1712.81,0,0,0,0,0,0,0,51085,0,0,0,30778,0,0,0,29309,164716,151346,130917,72377,0,0,262867,285841,245055,0,0,0,"F2921_mz287.9786_rt0.62",0,285841,285842,TRUE,10,3,1,"Fungal in-associated detection","Early RT","No MS/MS assignment","Unknown"
2923,0.671,288.10788,"Unknown","[M+H]+","ion correlated with 1582",0.214,FALSE,"null","null","null","null","null","null",999,FALSE,FALSE,FALSE,"null","null","null","null","null",2698.72,0,0,0,0,0,0,0,239274,194819,114863,368841,202370,194288,0,0,0,0,0,41783,51274,126016,108948,0,0,0,0,0,0,"F2923_mz288.1079_rt0.67",0,368841,368842,TRUE,10,1,3,"Fungal control-associated detection","Early RT","No MS/MS assignment","Unknown"
2925,0.864,288.12015,"Unknown","[M+H]+","ion correlated with 3986",0.036,FALSE,"null","null","null","null","null","null",999,FALSE,FALSE,FALSE,"null","null","null","null","null",178.64,0,0,0,0,0,0,0,59614,0,42191,91416,233092,164903,0,0,0,0,32417,0,0,0,0,0,0,0,0,0,0,"F2925_mz288.1202_rt0.86",0,233092,233093,TRUE,6,1,2,"Fungal control-associated detection","Early RT","No MS/MS assignment","Unknown"
2927,0.507,288.20303,"Unknown","[M+H]+","ion correlated with 3643",0.071,FALSE,"null","null","null","null","null","null",999,FALSE,FALSE,FALSE,"null","null","null","null","null",283.5,0,3032,0,0,0,0,0,147897,194410,427572,0,0,0,0,0,0,0,0,43819,147902,173842,178297,0,0,0,0,0,0,"F2927_mz288.203_rt0.51",1010.66666666667,427572,422.642174629325,TRUE,7,1,3,"Fungal control-associated detection","Early RT","No MS/MS assignment","Unknown"
2930,1.251,288.21744,"Unknown","[M+H]+","ion correlated with 2809",0.036,FALSE,"null","null","null","null","null","null",999,FALSE,FALSE,FALSE,"null","null","null","null","null",149.48,7419,2434,3641,0,5173,4975,7804,0,0,0,149789,76313,58859,3334,0,0,3764,10393,9151,3614,3057,0,0,0,1998,6132,7964,5022,"F2930_mz288.2174_rt1.25",4498,149789,33.2940653478551,TRUE,16,3,0,"Fungal in-associated detection","RT >= 1 min","No MS/MS assignment","Unknown"
2940,0.407,289.11688,"Unknown","[M+H]+",NA,0.036,FALSE,"null","null","null","null","null","null",999,FALSE,FALSE,FALSE,"null","null","null","null","null",36.6,0,0,0,0,0,0,0,118686,46385,82598,104037,130490,161225,0,0,0,7624,0,0,0,14326,12535,0,8870,0,0,8951,0,"F2940_mz289.1169_rt0.41",0,161225,161226,TRUE,11,1,3,"Fungal control-associated detection","Very early RT","No MS/MS assignment","Unknown"
2946,1.189,289.17636,"Unknown","[M+H]+","ion correlated with 2707; ion correlated with 2358",0.107,TRUE,"null","null","null","null","null","null",999,FALSE,FALSE,FALSE,"null","null","null","null","null",1503.42,0,0,0,0,0,0,0,2153,0,0,13346498,1298437,776030,75578,15355,41024,47529,126733,52858,13041,41244,7888,0,0,0,0,0,0,"F2946_mz289.1764_rt1.19",0,13346498,13346499,TRUE,13,3,1,"Fungal in-associated detection","RT >= 1 min","MS/MS available","Unknown"
2960,0.498,290.1239,"Unknown","[M+H]+",NA,0.25,FALSE,"null","null","null","null","null","null",999,FALSE,FALSE,FALSE,"null","null","null","null","null",272.84,0,0,0,0,0,0,0,586583,521969,680947,253836,823359,909563,0,0,0,0,41263,0,285831,153832,122836,0,0,0,0,0,0,"F2960_mz290.1239_rt0.5",0,909563,909564,TRUE,10,1,3,"Fungal control-associated detection","Very early RT","No MS/MS assignment","Unknown"
2961,0.664,290.12402,"Unknown","[M+H]+","ion correlated with 2726; ion correlated with 2982",0.071,FALSE,"null","null","null","null","null","null",999,FALSE,FALSE,FALSE,"null","null","null","null","null",370.22,0,0,0,0,0,0,0,441440,52800,39241,80081,462758,440929,0,0,0,0,0,0,0,30871,68889,0,0,0,0,0,0,"F2961_mz290.124_rt0.66",0,462758,462759,TRUE,8,0,3,"Fungal control-associated detection","Early RT","No MS/MS assignment","Unknown"
2980,0.487,292.10269,"Unknown","[M+H]+","ion correlated with 2537; ion correlated with 2759; ion correlated with 2356; ion correlated with 3180; ion correlated with 3492; ion correlated with 3306; ion correlated with 3330; ion correlated with 4560",0.107,FALSE,"null","null","null","null","null","null",999,FALSE,FALSE,FALSE,"null","null","null","null","null",238.67,0,0,0,0,0,3167,0,343291,65890,0,64701,646777,649501,0,0,0,0,0,0,0,0,0,0,0,0,0,0,0,"F2980_mz292.1027_rt0.49",0,649501,649502,TRUE,6,0,2,"Fungal control-associated detection","Very early RT","No MS/MS assignment","Unknown"
2982,0.665,292.10336,"Unknown","[M+H]+","ion correlated with 2961",0.107,FALSE,"null","null","null","null","null","null",999,FALSE,FALSE,FALSE,"null","null","null","null","null",1831.03,0,0,0,0,0,0,0,326268,56411,0,78783,529368,588734,0,0,0,0,0,0,36038,69344,57310,0,0,0,0,0,0,"F2982_mz292.1034_rt0.66",0,588734,588735,TRUE,8,0,2,"Fungal control-associated detection","Early RT","No MS/MS assignment","Unknown"
2983,0.56,292.10364,"Unknown","[M+H]+",NA,0.036,FALSE,"null","null","null","null","null","null",999,FALSE,FALSE,FALSE,"null","null","null","null","null",2126.89,0,0,0,0,0,0,0,92996,0,106345,0,132889,126358,0,0,0,0,0,0,0,0,30216,0,0,0,0,0,0,"F2983_mz292.1036_rt0.56",0,132889,132890,TRUE,5,0,2,"Fungal control-associated detection","Early RT","No MS/MS assignment","Unknown"
2991,0.475,293.0636,"Unknown","[M+H]+","ion correlated with 1072; ion correlated with 841",0.214,FALSE,"null","null","null","null","null","null",999,FALSE,FALSE,FALSE,"null","null","null","null","null",56.25,8282,0,0,0,0,0,0,38851,0,72515,68733,0,0,1249394,699138,897895,0,0,0,0,0,0,304883,384972,704684,0,0,0,"F2991_mz293.0636_rt0.48",2760.66666666667,1249394,452.406155703078,TRUE,9,0,2,"Fungal control-associated detection","Very early RT","No MS/MS assignment","Unknown"
3005,0.456,294.00385,"Unknown","[M+H]+",NA,0.143,FALSE,"null","null","null","null","null","null",999,FALSE,FALSE,FALSE,"null","null","null","null","null",648.96,0,0,0,0,7433,5038,3587,0,0,0,0,0,0,18006,114883,0,59260,76674,56532,0,0,8555,142336,122287,111860,0,0,3974,"F3005_mz294.0038_rt0.46",0,142336,142337,TRUE,13,3,0,"Fungal in-associated detection","Very early RT","No MS/MS assignment","Unknown"
3009,1.064,294.09753,"Unknown","[M+H]+",NA,0.036,FALSE,"null","null","null","null","null","null",999,FALSE,FALSE,FALSE,"null","null","null","null","null",5.74,0,0,0,0,0,0,0,18344,0,12688,16877,25011,36507,93782,81492,104666,0,8606,0,10339,9333,9854,0,0,5128,0,0,0,"F3009_mz294.0975_rt1.06",0,104666,104667,TRUE,13,1,2,"Fungal control-associated detection","RT >= 1 min","No MS/MS assignment","Unknown"
3010,0.743,294.10117,"Unknown","[M+H]+","ion correlated with 3333",0.214,FALSE,"null","null","null","null","null","null",999,FALSE,FALSE,FALSE,"null","null","null","null","null",4136.33,0,0,0,0,0,0,0,585966,271780,177009,252752,506839,616895,0,0,0,0,0,0,0,35802,18954,0,0,0,0,0,0,"F3010_mz294.1012_rt0.74",0,616895,616896,TRUE,8,0,3,"Fungal control-associated detection","Early RT","No MS/MS assignment","Unknown"
3017,0.851,294.67691,"Unknown","[M+H]+",NA,0.036,FALSE,"null","null","null","null","null","null",999,FALSE,FALSE,FALSE,"null","null","null","null","null",2321.41,0,0,0,0,0,0,0,116071,90500,78338,23664,0,0,0,0,0,0,21596,0,14433,54213,58434,0,0,0,0,0,0,"F3017_mz294.6769_rt0.85",0,116071,116072,TRUE,8,1,3,"Fungal control-associated detection","Early RT","No MS/MS assignment","Unknown"
3018,0.432,294.8364,"Unknown","[M+H]+",NA,0.25,FALSE,"null","null","null","null","null","null",999,FALSE,FALSE,FALSE,"null","null","null","null","null",87.13,0,0,0,0,110120,77752,95264,21136,31711,10839,24823,6992,0,174070,110233,155730,0,7389,0,17853,9666,30008,0,0,0,187699,164281,182941,"F3018_mz294.8364_rt0.43",0,187699,187700,TRUE,18,1,3,"Fungal control-associated detection","Very early RT","No MS/MS assignment","Unknown"
3019,0.436,294.85541,"Unknown","[M+H]+",NA,0.143,FALSE,"null","null","null","null","null","null",999,FALSE,FALSE,FALSE,"null","null","null","null","null",70.06,7684,0,0,0,0,0,6601,124927,137105,115468,60417,0,0,46031,20206,0,0,16232,0,41511,81731,156663,0,0,0,0,0,8933,"F3019_mz294.8554_rt0.44",2561.33333333333,156663,61.1411473917003,TRUE,12,1,3,"Fungal control-associated detection","Very early RT","No MS/MS assignment","Unknown"
3031,1.31,296.09009,"Unknown","[M+H]+","ion correlated with 1796; ion correlated with 2569; ion correlated with 2135; ion correlated with 3458",0.107,TRUE,"null","null","null","null","null","null",999,FALSE,FALSE,FALSE,"null","null","null","null","null",170.44,0,0,0,0,0,0,0,201353,46570,31834,19893,255413,271104,0,0,0,0,6273,0,13601,21028,22226,0,0,0,0,0,0,"F3031_mz296.0901_rt1.31",0,271104,271105,TRUE,10,1,3,"Fungal control-associated detection","RT >= 1 min","MS/MS available","Unknown"
3033,0.745,296.09949,"Unknown","[M+H]+","ion correlated with 3010; ion correlated with 3333",0.143,FALSE,"null","null","null","null","null","null",999,FALSE,FALSE,FALSE,"null","null","null","null","null",139.9,0,0,0,0,0,0,0,343420,127465,67345,112862,328755,364153,0,0,0,0,20410,0,37233,41613,39050,0,0,0,0,0,0,"F3033_mz296.0995_rt0.74",0,364153,364154,TRUE,10,1,3,"Fungal control-associated detection","Early RT","No MS/MS assignment","Unknown"
3039,0.43,296.81378,"Unknown","[M+H]+","ion correlated with 4476",0.071,FALSE,"null","null","null","null","null","null",999,FALSE,FALSE,FALSE,"null","null","null","null","null",62.53,0,0,0,0,0,0,0,22178,37776,8008,0,0,4093,128104,58011,126035,0,0,0,0,11864,19812,0,0,0,19428,16762,15387,"F3039_mz296.8138_rt0.43",0,128104,128105,TRUE,12,0,3,"Fungal control-associated detection","Very early RT","No MS/MS assignment","Unknown"
3051,1.251,297.18558,"Unknown","[M+H]+","ion correlated with 3224; ion correlated with 4792; ion correlated with 4937; ion correlated with 4448; ion correlated with 1381; ion correlated with 1635; ion correlated with 4062; ion correlated with 2013; ion correlated with 3600; ion correlated with 4688; ion correlated with 3904; ion correlated with 4825; ion correlated with 4381; ion correlated with 1402; ion correlated with 3563; ion correlated with 2624; ion correlated with 3934; ion correlated with 4214; ion correlated with 4031; ion correlated with 2952; ion correlated with 3513; ion correlated with 4416; ion correlated with 3321; ion correlated with 4511; ion correlated with 4786; ion correlated with 4801; ion correlated with 2898; ion correlated with 3502; ion correlated with 4892",0.071,FALSE,"null","null","null","null","null","null",999,FALSE,FALSE,FALSE,"null","null","null","null","null",19.34,0,0,0,0,0,0,0,9743,9798,5266,17126,6691,8573,171217,86944,152509,0,2680,0,0,3246,4920,0,0,0,0,0,0,"F3051_mz297.1856_rt1.25",0,171217,171218,TRUE,12,1,3,"Fungal control-associated detection","RT >= 1 min","No MS/MS assignment","Unknown"
3054,0.437,298.03088,"Unknown","[M+H]+","ion correlated with 1790; ion correlated with 3622; ion correlated with 3665; ion correlated with 3145; ion correlated with 3242; ion correlated with 3306; ion correlated with 2397; ion correlated with 3936; ion correlated with 4610; ion correlated with 1535; ion correlated with 3182",0.071,FALSE,"null","null","null","null","null","null",999,FALSE,FALSE,FALSE,"null","null","null","null","null",32.55,0,0,0,0,0,0,0,13628,0,0,20035,149299,131495,0,0,0,6239,9060,0,8639,11372,0,0,7356,0,0,0,0,"F3054_mz298.0309_rt0.44",0,149299,149300,TRUE,9,2,1,"Fungal in-associated detection","Very early RT","No MS/MS assignment","Unknown"
3059,0.659,298.11551,"Unknown","[M+H]+","ion correlated with 2357",0.071,FALSE,"null","null","null","null","null","null",999,FALSE,FALSE,FALSE,"null","null","null","null","null",50.17,0,0,0,0,0,0,0,184205,97636,36610,108087,212599,223320,0,0,0,0,0,0,0,35203,73323,0,0,0,0,0,0,"F3059_mz298.1155_rt0.66",0,223320,223321,TRUE,8,0,3,"Fungal control-associated detection","Early RT","No MS/MS assignment","Unknown"
3061,0.512,298.15021,"Unknown","[M+H]+",NA,0.036,FALSE,"null","null","null","null","null","null",999,FALSE,FALSE,FALSE,"null","null","null","null","null",55.48,0,0,0,0,0,0,0,91257,204649,152940,60124,0,0,0,0,0,0,0,0,0,0,59956,0,0,0,0,0,0,"F3061_mz298.1502_rt0.51",0,204649,204650,TRUE,5,0,3,"Fungal control-associated detection","Early RT","No MS/MS assignment","Unknown"
3066,0.968,298.52005,"Unknown","[M+H]+",NA,0.071,FALSE,"null","null","null","null","null","null",999,FALSE,FALSE,FALSE,"null","null","null","null","null",1310.05,0,0,0,0,0,0,0,0,16732,143823,28831,0,0,0,0,0,0,0,0,0,125863,83106,0,0,0,0,0,0,"F3066_mz298.5201_rt0.97",0,143823,143824,TRUE,5,0,2,"Fungal control-associated detection","Early RT","No MS/MS assignment","Unknown"
3067,0.41,298.87936,"Unknown","[M+H]+",NA,0.214,FALSE,"null","null","null","null","null","null",999,FALSE,FALSE,FALSE,"null","null","null","null","null",73.52,6216,0,0,0,123641,105524,145295,32762,32949,16474,47723,19974,18556,34264,49956,46035,0,15357,0,0,0,13643,79841,47795,37990,115585,121093,149660,"F3067_mz298.8794_rt0.41",2072,149660,72.1953690303907,TRUE,20,1,3,"Fungal control-associated detection","Very early RT","No MS/MS assignment","Unknown"
3078,1.522,299.20099,"Unknown","[M+H]+","ion correlated with 5095; ion correlated with 3298; ion correlated with 5127; ion correlated with 3111; ion correlated with 3355",0.036,TRUE,"null","null","null","null","null","null",999,FALSE,FALSE,FALSE,"null","null","null","null","null",47.81,0,0,0,0,0,0,0,0,2762,2450,2050,0,0,1385954,1138134,1367550,0,0,0,0,0,2380,3077,1881,2540,0,0,0,"F3078_mz299.201_rt1.52",0,1385954,1385955,TRUE,10,0,2,"Fungal control-associated detection","RT >= 1 min","MS/MS available","Unknown"
3079,2.083,299.20102,"Unknown","[M+H]+","ion correlated with 1751; ion correlated with 2381; ion correlated with 2674; ion correlated with 3503; ion correlated with 3746; ion correlated with 5004; ion correlated with 5012; ion correlated with 3703",0.107,TRUE,"null","null","null","null","null","null",999,FALSE,FALSE,FALSE,"null","null","null","null","null",521.02,0,0,0,0,0,0,0,2305,1900,3062,0,0,1644,12415159,8761743,15007958,0,0,0,0,0,1980,24261,4143,9211,0,0,0,"F3079_mz299.201_rt2.08",0,15007958,15007959,TRUE,11,0,3,"Fungal control-associated detection","RT >= 1 min","MS/MS available","Unknown"
3087,0.517,300.11951,"Unknown","[M+H]+",NA,0.071,FALSE,"null","null","null","null","null","null",999,FALSE,FALSE,FALSE,"null","null","null","null","null",38.13,0,0,0,0,0,0,0,232925,81404,155950,40118,167671,82214,0,0,0,0,177211,0,206215,104271,135817,0,0,0,0,0,0,"F3087_mz300.1195_rt0.52",0,232925,232926,TRUE,10,1,3,"Fungal control-associated detection","Early RT","No MS/MS assignment","Unknown"
3102,0.649,301.15164,"Unknown","[M+H]+",NA,0.071,FALSE,"null","null","null","null","null","null",999,FALSE,FALSE,FALSE,"null","null","null","null","null",29.63,0,0,4181,0,0,0,0,276955,181697,110497,151485,157284,176614,0,0,0,0,0,0,86839,32619,120666,0,0,0,0,0,0,"F3102_mz301.1516_rt0.65",1393.66666666667,276955,198.582217973231,TRUE,9,0,3,"Fungal control-associated detection","Early RT","No MS/MS assignment","Unknown"
3106,1.351,301.2128,"Unknown","[M+H]+","ion correlated with 4805; ion correlated with 4899; ion correlated with 3414",0.036,TRUE,"null","null","null","null","null","null",999,FALSE,FALSE,FALSE,"null","null","null","null","null",39.76,0,1610,0,0,0,0,0,0,4977,5542,231599,11692,0,28652,62296,14404,0,0,0,0,0,0,0,0,0,0,0,0,"F3106_mz301.2128_rt1.35",536.666666666667,231599,430.750154990701,TRUE,7,0,2,"Fungal control-associated detection","RT >= 1 min","MS/MS available","Unknown"
3107,2.458,301.21658,"Unknown","[M+H]+","similar chromatogram in higher mz_3341; similar chromatogram in higher mz_3761",0.214,TRUE,"null","null","null","null","null","null",999,FALSE,FALSE,FALSE,"null","null","null","null","null",64.42,3036,0,0,0,0,0,0,1874,2378,2242,0,0,0,4622423,3445176,5062332,0,0,0,0,0,0,312219,303208,321538,0,0,0,"F3107_mz301.2166_rt2.46",1012,5062332,4997.3672260612,TRUE,9,0,3,"Fungal control-associated detection","RT >= 1 min","MS/MS available","Unknown"
3109,1.675,301.21658,"Unknown","[M+H]+","ion correlated with 3747; ion correlated with 3320; ion correlated with 3704; ion correlated with 2951; ion correlated with 3353; ion correlated with 2677; ion correlated with 3259; ion correlated with 2585",0.036,TRUE,"null","null","null","null","null","null",999,FALSE,FALSE,FALSE,"null","null","null","null","null",31.63,0,0,0,0,0,0,0,2698,2480,0,0,0,0,441560,373463,538463,0,0,0,0,2082,0,9174,3150,7974,0,0,0,"F3109_mz301.2166_rt1.68",0,538463,538464,TRUE,9,0,2,"Fungal control-associated detection","RT >= 1 min","MS/MS available","Unknown"
3119,0.509,301.95807,"Unknown","[M+H]+",NA,0.071,FALSE,"null","null","null","null","null","null",999,FALSE,FALSE,FALSE,"null","null","null","null","null",2576.3,0,0,0,0,0,0,0,0,0,0,0,30457,64714,0,0,42498,35263,0,101414,0,0,0,333761,245138,55930,0,0,0,"F3119_mz301.9581_rt0.51",0,333761,333762,TRUE,8,2,0,"Fungal in-associated detection","Early RT","No MS/MS assignment","Unknown"
3130,1.131,302.17557,"Unknown","[M+H]+",NA,0.107,TRUE,"null","null","null","null","null","null",999,FALSE,FALSE,FALSE,"null","null","null","null","null",30605.64,0,0,0,0,0,0,1970,16482,23350,21466,0,0,0,79575816,50471,253185312,4262,0,0,7875,0,20670,37536,23085,26931304,0,0,0,"F3130_mz302.1756_rt1.13",0,253185312,253185313,TRUE,13,1,3,"Fungal control-associated detection","RT >= 1 min","MS/MS available","Unknown"
3134,3.011,302.30582,"Unknown","[M+H]+",NA,0.214,TRUE,"null","null","null","null","null","null",999,FALSE,FALSE,FALSE,"null","null","null","null","null",75.37,3033,0,1690,0,0,3324,3067,1746,2529,3093,0,11850,9466,1387220,823651,1512641,0,1548,0,6723,2759,2008,178114,250826,367085,1557,0,2555,"F3134_mz302.3058_rt3.01",1574.33333333333,1512641,960.204401184934,TRUE,19,1,3,"Fungal control-associated detection","RT >= 1 min","MS/MS available","Unknown"
3138,0.435,302.98801,"Unknown","[M+H]+","ion correlated with 4141; ion correlated with 4672; ion correlated with 4630; ion correlated with 4602",0.036,FALSE,"null","null","null","null","null","null",999,FALSE,FALSE,FALSE,"null","null","null","null","null",52.26,0,0,0,0,0,0,0,0,14676,9758,17787,0,0,114943,80947,128846,0,0,0,0,0,0,0,22617,55986,0,0,0,"F3138_mz302.988_rt0.44",0,128846,128847,TRUE,8,0,2,"Fungal control-associated detection","Very early RT","No MS/MS assignment","Unknown"
3146,0.763,303.16647,"Unknown","[M+H]+","ion correlated with 4580",0.036,FALSE,"null","null","null","null","null","null",999,FALSE,FALSE,FALSE,"null","null","null","null","null",34.98,0,0,0,0,0,0,0,129796,142773,101932,15951,0,12838,0,0,0,0,18070,0,63330,82617,69568,0,0,0,0,0,0,"F3146_mz303.1665_rt0.76",0,142773,142774,TRUE,9,1,3,"Fungal control-associated detection","Early RT","No MS/MS assignment","Unknown"
3148,0.484,303.20267,"Unknown","[M+H]+","ion correlated with 3643",0.036,FALSE,"null","null","null","null","null","null",999,FALSE,FALSE,FALSE,"null","null","null","null","null",47.25,0,0,0,0,0,0,0,175334,236620,266258,36870,0,0,0,0,0,0,0,0,52985,162895,85007,0,0,0,0,0,0,"F3148_mz303.2027_rt0.48",0,266258,266259,TRUE,7,0,3,"Fungal control-associated detection","Very early RT","No MS/MS assignment","Unknown"
3149,0.762,303.20328,"Unknown","[M+H]+","ion correlated with 1549; ion correlated with 3923; ion correlated with 1548; ion correlated with 2849; ion correlated with 3797; ion correlated with 4043; ion correlated with 3499; ion correlated with 5003; ion correlated with 1481; ion correlated with 3812",0.036,FALSE,"null","null","null","null","null","null",999,FALSE,FALSE,FALSE,"null","null","null","null","null",83.33,0,0,0,0,0,0,0,177317,348120,294780,18656,0,0,0,0,0,0,0,0,31992,101584,158108,0,0,0,3375,0,0,"F3149_mz303.2033_rt0.76",0,348120,348121,TRUE,8,0,3,"Fungal control-associated detection","Early RT","No MS/MS assignment","Unknown"
3150,0.579,303.21469,"Unknown","[M+H]+","ion correlated with 1054",0.179,FALSE,"null","null","null","null","null","null",999,FALSE,FALSE,FALSE,"null","null","null","null","null",2008.62,0,0,0,0,0,0,0,197355,333075,289107,0,0,0,0,0,0,0,0,0,43973,187129,127742,0,0,0,0,0,0,"F3150_mz303.2147_rt0.58",0,333075,333076,TRUE,6,0,3,"Fungal control-associated detection","Early RT","No MS/MS assignment","Unknown"
3172,0.659,305.1348,"Unknown","[M+H]+",NA,0.036,FALSE,"null","null","null","null","null","null",999,FALSE,FALSE,FALSE,"null","null","null","null","null",292.12,0,0,0,0,0,0,0,330474,140452,111192,240161,319279,381606,241840,135565,206724,0,0,0,81463,52508,32102,0,0,0,0,0,0,"F3172_mz305.1348_rt0.66",0,381606,381607,TRUE,12,0,3,"Fungal control-associated detection","Early RT","No MS/MS assignment","Unknown"
3180,0.446,306.05927,"Unknown","[M+H]+","ion correlated with 2537; ion correlated with 2759; ion correlated with 2356; ion correlated with 3492; ion correlated with 3306; ion correlated with 4560; ion correlated with 2924; ion correlated with 2980",0.143,FALSE,"null","null","null","null","null","null",999,FALSE,FALSE,FALSE,"null","null","null","null","null",271.41,0,0,0,0,0,0,0,260898,96781,115048,98739,587548,489637,0,0,0,0,0,0,49184,21916,19800,12286,13410,24558,0,0,0,"F3180_mz306.0593_rt0.45",0,587548,587549,TRUE,12,0,3,"Fungal control-associated detection","Very early RT","No MS/MS assignment","Unknown"
3184,0.723,306.1666,"Unknown","[M+H]+","ion correlated with 4951; ion correlated with 2886; ion correlated with 1548; ion correlated with 3149; ion correlated with 3797",0.036,FALSE,"null","null","null","null","null","null",999,FALSE,FALSE,FALSE,"null","null","null","null","null",98.77,0,0,0,0,0,0,0,133612,157215,174296,26615,0,0,0,0,0,0,20781,0,0,91999,122792,0,0,0,4116,0,0,"F3184_mz306.1666_rt0.72",0,174296,174297,TRUE,8,1,3,"Fungal control-associated detection","Early RT","No MS/MS assignment","Unknown"
3185,0.912,306.68237,"Unknown","[M+H]+",NA,0.071,FALSE,"null","null","null","null","null","null",999,FALSE,FALSE,FALSE,"null","null","null","null","null",2984.45,0,0,0,0,0,0,0,55117,140472,157972,0,0,0,0,0,0,18960,0,0,0,79030,54755,0,0,0,0,0,0,"F3185_mz306.6824_rt0.91",0,157972,157973,TRUE,6,1,3,"Fungal control-associated detection","Early RT","No MS/MS assignment","Unknown"
3192,0.801,307.08344,"Unknown","[M+H]+",NA,0.107,FALSE,"null","null","null","null","null","null",999,FALSE,FALSE,FALSE,"null","null","null","null","null",3645.97,0,0,0,0,0,2329,0,121341,246998,178555,240680,57835,0,227553,73776,41869,0,0,0,0,5031,35310,0,0,21186,0,0,0,"F3192_mz307.0834_rt0.8",0,246998,246999,TRUE,12,0,3,"Fungal control-associated detection","Early RT","No MS/MS assignment","Unknown"
3200,1.813,307.19095,"Unknown","[M+H]+","ion correlated with 2449; ion correlated with 3849; ion correlated with 3978; ion correlated with 3998; ion correlated with 3871",0.036,FALSE,"null","null","null","null","null","null",999,FALSE,FALSE,FALSE,"null","null","null","null","null",21.35,0,1756,0,0,0,0,1810,3568,5310,0,0,0,0,134611,94888,184371,0,0,0,1888,0,2406,0,2994,2158,0,0,0,"F3200_mz307.191_rt1.81",585.333333333333,184371,314.44911881751,TRUE,10,0,2,"Fungal control-associated detection","RT >= 1 min","No MS/MS assignment","Unknown"
3210,0.589,308.21823,"Unknown","[M+H]+",NA,0.107,FALSE,"null","null","null","null","null","null",999,FALSE,FALSE,FALSE,"null","null","null","null","null",64.83,0,0,0,0,0,0,0,293111,124365,125878,61016,0,0,0,0,0,0,0,0,0,0,0,0,0,0,0,0,0,"F3210_mz308.2182_rt0.59",0,293111,293112,TRUE,4,0,3,"Fungal control-associated detection","Early RT","No MS/MS assignment","Unknown"
3230,0.451,310.82828,"Unknown","[M+H]+","ion correlated with 4259; ion correlated with 3927; ion correlated with 4463; ion correlated with 4476; ion correlated with 4689; ion correlated with 4725; ion correlated with 4731; ion correlated with 4249; ion correlated with 998; ion correlated with 1872; ion correlated with 4124; ion correlated with 3142; ion correlated with 3708; ion correlated with 4171; ion correlated with 3533; ion correlated with 450",0.107,FALSE,"null","null","null","null","null","null",999,FALSE,FALSE,FALSE,"null","null","null","null","null",178.65,0,0,0,0,0,0,0,52249,50354,16569,0,0,0,303429,208912,283568,0,0,0,23468,28063,32461,0,0,0,0,0,0,"F3230_mz310.8283_rt0.45",0,303429,303430,TRUE,9,0,3,"Fungal control-associated detection","Very early RT","No MS/MS assignment","Unknown"
3231,0.423,310.85175,"Unknown","[M+H]+","ion correlated with 4518; ion correlated with 4553; ion correlated with 808; ion correlated with 2160; ion correlated with 3219; ion correlated with 1143; ion correlated with 1127",0.071,FALSE,"null","null","null","null","null","null",999,FALSE,FALSE,FALSE,"null","null","null","null","null",55.52,0,0,0,0,30476,10584,4912,9936,0,13196,20213,15004,7606,0,0,0,0,0,0,0,7403,0,0,0,0,107083,136246,50546,"F3231_mz310.8517_rt0.42",0,136246,136247,TRUE,12,0,2,"Fungal control-associated detection","Very early RT","No MS/MS assignment","Unknown"
3245,0.554,312.11212,"Unknown","[M+H]+",NA,0.107,FALSE,"null","null","null","null","null","null",999,FALSE,FALSE,FALSE,"null","null","null","null","null",97.43,0,0,0,0,0,0,0,518674,203867,420588,204292,24247,174471,0,0,0,0,97716,0,51846,0,0,0,0,0,0,0,0,"F3245_mz312.1121_rt0.55",0,518674,518675,TRUE,8,1,3,"Fungal control-associated detection","Early RT","No MS/MS assignment","Unknown"
3247,0.464,312.16714,"Unknown","[M+H]+",NA,0.107,FALSE,"null","null","null","null","null","null",999,FALSE,FALSE,FALSE,"null","null","null","null","null",83.8,0,18758,15131,0,4151,12006,10598,287450,133673,11081,68920,0,0,564544,707315,132572,0,0,0,0,0,59069,11085,0,0,2521,6625,0,"F3247_mz312.1671_rt0.46",11296.3333333333,707315,62.6091112947008,TRUE,14,0,3,"Fungal control-associated detection","Very early RT","No MS/MS assignment","Unknown"
3258,1.201,313.18015,"Unknown","[M+H]+","ion correlated with 4480; ion correlated with 3654; ion correlated with 1896; ion correlated with 3752; ion correlated with 3910; ion correlated with 4762; ion correlated with 3105; ion correlated with 3816; ion correlated with 4698; ion correlated with 4688; ion correlated with 4556; ion correlated with 2872; ion correlated with 3642; ion correlated with 3838; ion correlated with 2624; ion correlated with 3695; ion correlated with 3886; ion correlated with 3934; ion correlated with 4174; ion correlated with 4068; ion correlated with 4133; ion correlated with 4159",0.036,FALSE,"null","null","null","null","null","null",999,FALSE,FALSE,FALSE,"null","null","null","null","null",54.02,0,1651,0,0,0,0,0,12194,15578,15698,18290,16532,10216,145006,70915,318707,0,4118,0,5534,5837,25172,0,0,0,0,0,0,"F3258_mz313.1802_rt1.2",550.333333333333,318707,578.067714631197,TRUE,13,1,3,"Fungal control-associated detection","RT >= 1 min","No MS/MS assignment","Unknown"
3284,1.253,315.19601,"Unknown","[M+H]+","ion correlated with 4673; ion correlated with 4062; ion correlated with 4500; ion correlated with 4909; ion correlated with 3080; similar chromatogram in higher mz_4031",0.107,TRUE,"null","null","null","null","null","null",999,FALSE,FALSE,FALSE,"null","null","null","null","null",154.98,0,0,0,0,0,0,0,6726,5233,10386,33066,5229,0,2820985,1576856,2560392,0,0,0,5162,5923,9369,0,0,0,0,0,0,"F3284_mz315.196_rt1.25",0,2820985,2820986,TRUE,11,0,3,"Fungal control-associated detection","RT >= 1 min","MS/MS available","Unknown"
3291,0.903,316.13876,"Unknown","[M+H]+","ion correlated with 4040; ion correlated with 4240; ion correlated with 2653; ion correlated with 4154; ion correlated with 4241",0.071,FALSE,"null","null","null","null","null","null",999,FALSE,FALSE,FALSE,"null","null","null","null","null",163.55,0,0,0,0,0,0,0,226297,17949,0,57284,250549,243337,0,0,11219,0,0,27048,0,0,0,0,0,0,0,0,0,"F3291_mz316.1388_rt0.9",0,250549,250550,TRUE,7,1,2,"Fungal control-associated detection","Early RT","No MS/MS assignment","Unknown"
3299,2.252,316.28525,"Unknown","[M+H]+",NA,0.071,TRUE,"null","null","null","null","null","null",999,FALSE,FALSE,FALSE,"null","null","null","null","null",89.35,0,2494,1402,0,1683,0,0,6019,12248,15717,10950,231899,215540,18394,11032,17462,0,5896,0,7190,6226,10645,12031,8896,15986,2461,0,0,"F3299_mz316.2853_rt2.25",1298.66666666667,231899,178.430366760708,TRUE,18,1,3,"Fungal control-associated detection","RT >= 1 min","MS/MS available","Unknown"
3303,0.435,316.99496,"Unknown","[M+H]+",NA,0.036,FALSE,"null","null","null","null","null","null",999,FALSE,FALSE,FALSE,"null","null","null","null","null",77.8,0,0,0,0,0,0,0,20199,0,0,27676,0,15255,37201,114772,86915,17990,33442,22309,22467,21980,27363,20709,29497,0,0,0,0,"F3303_mz316.995_rt0.44",0,114772,114773,TRUE,14,3,1,"Fungal in-associated detection","Very early RT","No MS/MS assignment","Unknown"
3306,0.446,317.09598,"Unknown","[M+H]+","ion correlated with 2537; ion correlated with 2356; ion correlated with 3180; ion correlated with 3492; ion correlated with 3330; ion correlated with 1535; ion correlated with 2980",0.071,FALSE,"null","null","null","null","null","null",999,FALSE,FALSE,FALSE,"null","null","null","null","null",5760.78,0,0,0,0,0,0,0,111580,51860,36050,95056,551914,568487,0,0,0,0,0,0,7983,0,0,0,0,16178,0,6473,0,"F3306_mz317.096_rt0.45",0,568487,568488,TRUE,9,0,3,"Fungal control-associated detection","Very early RT","No MS/MS assignment","Unknown"
3307,0.971,317.11435,"Unknown","[M+H]+",NA,0.036,FALSE,"null","null","null","null","null","null",999,FALSE,FALSE,FALSE,"null","null","null","null","null",64.38,0,0,1896,0,0,0,0,0,0,15867,28407,107861,146074,46627,36377,52551,9876,19223,0,37241,0,10920,0,0,0,0,2520,0,"F3307_mz317.1144_rt0.97",632,146074,230.766192733017,TRUE,12,2,1,"Fungal in-associated detection","Early RT","No MS/MS assignment","Unknown"
3309,1.04,317.13889,"Unknown","[M+H]+","ion correlated with 1654; ion correlated with 1405; ion correlated with 3171; ion correlated with 3624; ion correlated with 2793; ion correlated with 3937; ion correlated with 3608; ion correlated with 1217; ion correlated with 4207; ion correlated with 4658; ion correlated with 4759; ion correlated with 1837; ion correlated with 799; ion correlated with 392; ion correlated with 4649; ion correlated with 819; ion correlated with 3463; ion correlated with 4722; ion correlated with 3491; ion correlated with 4603",0.107,FALSE,"null","null","null","null","null","null",999,FALSE,FALSE,FALSE,"null","null","null","null","null",235.42,0,0,0,0,2485,2283,2083,1960,17056,4749,7027,12292,27940,1583827,975955,1348696,0,0,17076,32806,3193,27796,162259,24756,17750,0,0,0,"F3309_mz317.1389_rt1.04",0,1583827,1583828,TRUE,19,1,3,"Fungal control-associated detection","RT >= 1 min","No MS/MS assignment","Unknown"
3311,1.024,317.15994,"Unknown","[M+H]+","ion correlated with 1458; ion correlated with 1088",0.036,TRUE,"null","null","null","null","null","null",999,FALSE,FALSE,FALSE,"null","null","null","null","null",516.16,0,0,0,0,0,0,0,33455,36708,24753,13560,28364,28109,3266109,644093,778414,0,9711,0,12163,39832,23500,79106,21876,32863,0,0,2219,"F3311_mz317.1599_rt1.02",0,3266109,3266110,TRUE,17,1,3,"Fungal control-associated detection","RT >= 1 min","MS/MS available","Unknown"
3313,1.39,317.20755,"Unknown","[M+H]+","similar chromatogram in higher mz_4721",0.036,TRUE,"null","null","null","null","null","null",999,FALSE,FALSE,FALSE,"null","null","null","null","null",210.22,0,1597,0,0,0,0,0,3878,11250,13347,394780,14120,8269,165910,97527,196968,0,0,0,2902,0,7000,3532,4946,0,1669,0,0,"F3313_mz317.2076_rt1.39",532.333333333333,394780,740.214375,TRUE,14,0,3,"Fungal control-associated detection","RT >= 1 min","MS/MS available","Unknown"
3319,3.425,317.21155,"Unknown","[M+H]+",NA,0.107,TRUE,"null","null","null","null","null","null",999,FALSE,FALSE,FALSE,"null","null","null","null","null",10,0,0,1379,0,0,0,0,2064,0,1790,0,0,0,518922,325742,466314,0,0,0,0,2162,1710,5252,2224,4818,0,0,0,"F3319_mz317.2116_rt3.42",459.666666666667,518922,1126.46092619392,TRUE,10,0,2,"Fungal control-associated detection","RT >= 1 min","MS/MS available","Unknown"
3323,2.079,317.2117,"Unknown","[M+H]+","ion correlated with 3520; ion correlated with 1751; ion correlated with 3703",0.143,TRUE,"null","null","null","null","null","null",999,FALSE,FALSE,FALSE,"null","null","null","null","null",1043.05,0,0,0,0,0,0,0,7336,0,3360,0,0,0,65626696,44065044,52249520,0,2001,0,3616,5493,966,185564,26803,62706,0,0,0,"F3323_mz317.2117_rt2.08",0,65626696,65626697,TRUE,12,1,2,"Fungal control-associated detection","RT >= 1 min","MS/MS available","Unknown"
3326,0.503,317.21924,"Unknown","[M+H]+","ion correlated with 3643; ion correlated with 2927",0.071,FALSE,"null","null","null","null","null","null",999,FALSE,FALSE,FALSE,"null","null","null","null","null",195.76,0,0,0,0,0,0,0,133506,185273,339187,0,0,0,0,0,0,0,0,0,65257,66186,88128,0,0,0,0,0,0,"F3326_mz317.2192_rt0.5",0,339187,339188,TRUE,6,0,3,"Fungal control-associated detection","Early RT","No MS/MS assignment","Unknown"
3330,0.451,318.0799,"Unknown","[M+H]+","ion correlated with 2356; ion correlated with 3306; ion correlated with 4560; ion correlated with 4551; ion correlated with 2980",0.071,FALSE,"null","null","null","null","null","null",999,FALSE,FALSE,FALSE,"null","null","null","null","null",460.46,0,0,0,0,0,0,0,117152,13018,0,0,449859,498043,20903,16166,0,0,0,0,0,0,0,0,0,38457,0,0,0,"F3330_mz318.0799_rt0.45",0,498043,498044,TRUE,7,0,2,"Fungal control-associated detection","Very early RT","No MS/MS assignment","Unknown"
3332,0.879,318.13007,"Unknown","[M+H]+","ion correlated with 1782; ion correlated with 4305; ion correlated with 1358; ion correlated with 638; ion correlated with 1095",0.071,FALSE,"null","null","null","null","null","null",999,FALSE,FALSE,FALSE,"null","null","null","null","null",712.86,0,0,0,0,0,0,0,102763,134334,62323,184350,830269,636384,0,0,0,0,0,0,0,34295,83886,0,0,0,0,0,0,"F3332_mz318.1301_rt0.88",0,830269,830270,TRUE,8,0,3,"Fungal control-associated detection","Early RT","No MS/MS assignment","Unknown"
3333,0.747,318.13022,"Unknown","[M+H]+","ion correlated with 3010; ion correlated with 3033",0.036,FALSE,"null","null","null","null","null","null",999,FALSE,FALSE,FALSE,"null","null","null","null","null",303.24,0,0,0,0,0,0,0,321907,202504,138030,215207,391808,363931,0,0,0,0,0,0,34135,119438,65925,0,0,0,0,0,0,"F3333_mz318.1302_rt0.75",0,391808,391809,TRUE,9,0,3,"Fungal control-associated detection","Early RT","No MS/MS assignment","Unknown"
3346,0.647,319.00116,"Unknown","[M+H]+",NA,0.143,FALSE,"null","null","null","null","null","null",999,FALSE,FALSE,FALSE,"null","null","null","null","null",107.25,0,0,0,0,0,0,0,0,33752,0,0,62463,119309,68143,85131,0,197281,129460,50693,45120,32046,28876,254903,120911,151646,0,0,0,"F3346_mz319.0012_rt0.65",0,254903,254904,TRUE,14,3,1,"Fungal in-associated detection","Early RT","No MS/MS assignment","Unknown"
3347,0.512,319.00171,"Unknown","[M+H]+",NA,0.214,FALSE,"null","null","null","null","null","null",999,FALSE,FALSE,FALSE,"null","null","null","null","null",188.28,0,0,0,0,0,0,0,52165,0,0,0,148652,120834,0,0,39694,119271,233639,61760,115947,50592,52142,535631,371675,347969,0,0,0,"F3347_mz319.0017_rt0.51",0,535631,535632,TRUE,13,3,1,"Fungal in-associated detection","Early RT","No MS/MS assignment","Unknown"
3350,0.96,319.12955,"Unknown","[M+H]+",NA,0.143,TRUE,"null","null","null","null","null","null",999,FALSE,FALSE,FALSE,"null","null","null","null","null",259.05,0,0,0,0,0,0,0,0,15263,0,136063,923912,678392,511448,546451,536617,14851,32621,6974,14994,14661,0,31918,20880,0,0,0,0,"F3350_mz319.1296_rt0.96",0,923912,923913,TRUE,14,3,1,"Fungal in-associated detection","Early RT","MS/MS available","Unknown"
3353,1.672,319.22714,"Unknown","[M+H]+","ion correlated with 3747; ion correlated with 4992; ion correlated with 3671; ion correlated with 3320; ion correlated with 3704; ion correlated with 2119; ion correlated with 2951; ion correlated with 2677; ion correlated with 3109; ion correlated with 3259; ion correlated with 3612; ion correlated with 4145; ion correlated with 2585",0.071,TRUE,"null","null","null","null","null","null",999,FALSE,FALSE,FALSE,"null","null","null","null","null",23.51,3202,0,0,0,0,0,0,5788,4212,4640,2764,0,0,312484,247134,383134,0,2018,0,2045,2347,0,9217,4957,0,0,0,1506,"F3353_mz319.2271_rt1.67",1067.33333333333,383134,358.628705148206,TRUE,13,1,3,"Fungal control-associated detection","RT >= 1 min","MS/MS available","Unknown"
3355,1.566,319.2272,"Unknown","[M+H]+","ion correlated with 3078; ion correlated with 3111; ion correlated with 3199; ion correlated with 3441; ion correlated with 3320",0.107,TRUE,"null","null","null","null","null","null",999,FALSE,FALSE,FALSE,"null","null","null","null","null",86.33,0,0,0,0,0,0,0,4539,4198,2632,2932,0,0,1502808,1234087,1914914,0,0,0,0,2491,6240,37559,22676,17464,0,0,0,"F3355_mz319.2272_rt1.57",0,1914914,1914915,TRUE,12,0,3,"Fungal control-associated detection","RT >= 1 min","MS/MS available","Unknown"
3360,1.153,320.13211,"Unknown","[M+H]+",NA,0.071,TRUE,"null","null","null","null","null","null",999,FALSE,FALSE,FALSE,"null","null","null","null","null",99.97,0,0,0,0,0,1606,0,0,10654,12144,52534,547584,227852,0,0,0,0,0,0,0,0,0,0,0,0,0,0,0,"F3360_mz320.1321_rt1.15",0,547584,547585,TRUE,6,0,2,"Fungal control-associated detection","RT >= 1 min","MS/MS available","Unknown"
3361,0.75,320.1459,"Unknown","[M+H]+","ion correlated with 2686",0.143,FALSE,"null","null","null","null","null","null",999,FALSE,FALSE,FALSE,"null","null","null","null","null",83.61,0,0,0,0,0,0,0,192387,173966,104713,115348,164535,160822,0,0,0,0,59336,0,129201,213224,247994,0,0,0,0,0,0,"F3361_mz320.1459_rt0.75",0,247994,247995,TRUE,10,1,3,"Fungal control-associated detection","Early RT","No MS/MS assignment","Unknown"
3364,1.127,320.18567,"Unknown","[M+H]+","ion correlated with 840; ion correlated with 3130; ion correlated with 986; ion correlated with 3122; ion correlated with 3136",0.071,FALSE,"null","null","null","null","null","null",999,FALSE,FALSE,FALSE,"null","null","null","null","null",290.45,0,1887,0,0,0,0,0,1570,5050,11463,5898,0,0,274387,0,641456,0,0,5007,0,0,0,0,0,78709,0,0,0,"F3364_mz320.1857_rt1.13",629,641456,1018.18571428571,TRUE,8,1,3,"Fungal control-associated detection","RT >= 1 min","No MS/MS assignment","Unknown"
3375,2.293,321.24283,"Unknown","[M+H]+","ion correlated with 3154; ion correlated with 3596; ion correlated with 3282",0.107,TRUE,"null","null","null","null","null","null",999,FALSE,FALSE,FALSE,"null","null","null","null","null",51.56,18541,1553,0,0,1341,2261,1640,0,2090,2239,3243,0,0,229409,252598,215037,2180,0,0,0,0,1824,8960,2759,0,1307,0,2930,"F3375_mz321.2428_rt2.29",6698,252598,37.7069711897298,TRUE,15,1,2,"Fungal control-associated detection","RT >= 1 min","MS/MS available","Unknown"
3376,0.965,321.69467,"Unknown","[M+H]+",NA,0.036,FALSE,"null","null","null","null","null","null",999,FALSE,FALSE,FALSE,"null","null","null","null","null",2126.65,0,0,0,0,0,0,0,0,38236,106333,27937,0,0,0,0,0,0,0,0,14628,21970,58420,0,0,0,0,0,0,"F3376_mz321.6947_rt0.96",0,106333,106334,TRUE,6,0,2,"Fungal control-associated detection","Early RT","No MS/MS assignment","Unknown"
3377,0.908,322.10693,"Unknown","[M+H]+","ion correlated with 4069; ion correlated with 4514; ion correlated with 4880; ion correlated with 1393",0.107,TRUE,"null","null","null","null","null","null",999,FALSE,FALSE,FALSE,"null","null","null","null","null",12218.16,0,0,0,0,0,0,0,0,0,60128,9256,22734,29954,1394909,424665,1358095,0,10176,17063,36159,0,0,0,0,0,0,0,0,"F3377_mz322.1069_rt0.91",0,1394909,1394910,TRUE,10,2,1,"Fungal in-associated detection","Early RT","MS/MS available","Unknown"
3388,0.476,323.07422,"Unknown","[M+H]+","ion correlated with 3927; ion correlated with 4476; ion correlated with 3708; ion correlated with 3533; ion correlated with 2199; ion correlated with 2480; ion correlated with 2337",0.107,FALSE,"null","null","null","null","null","null",999,FALSE,FALSE,FALSE,"null","null","null","null","null",5020.56,0,0,0,0,0,0,0,0,0,0,0,0,0,344226,144204,264654,0,19991,16950,17058,0,0,59306,47303,94376,0,0,0,"F3388_mz323.0742_rt0.48",0,344226,344227,TRUE,9,2,0,"Fungal in-associated detection","Very early RT","No MS/MS assignment","Unknown"
3392,0.56,323.16986,"Unknown","[M+H]+",NA,0.036,FALSE,"null","null","null","null","null","null",999,FALSE,FALSE,FALSE,"null","null","null","null","null",89.95,0,0,1541,0,0,0,2285,68702,146611,76316,0,0,0,0,0,0,0,0,0,0,34714,50395,0,0,0,0,0,0,"F3392_mz323.1699_rt0.56",513.666666666667,146611,284.867875647668,TRUE,6,0,3,"Fungal control-associated detection","Early RT","No MS/MS assignment","Unknown"
3394,2.766,323.22208,"Unknown","[M+H]+","ion correlated with 3610; ion correlated with 1920; ion correlated with 2709; ion correlated with 3525; ion correlated with 3826; similar chromatogram in higher mz_3610",0.107,TRUE,"null","null","null","null","null","null",999,FALSE,FALSE,FALSE,"null","null","null","null","null",49.83,0,0,0,0,0,0,0,2601,0,0,0,0,0,313754,229653,180115,0,1730,1670,0,2008,0,0,0,0,0,0,0,"F3394_mz323.2221_rt2.77",0,313754,313755,TRUE,7,2,1,"Fungal in-associated detection","RT >= 1 min","MS/MS available","Unknown"
3395,1.671,323.22211,"Unknown","[M+H]+","ion correlated with 2677",0.107,TRUE,"null","null","null","null","null","null",999,FALSE,FALSE,FALSE,"null","null","null","null","null",86.49,0,0,0,0,1871,0,0,0,0,0,0,2135,1897,583915,418159,257994,3142,0,2064,0,0,0,0,0,2348,3291,0,0,"F3395_mz323.2221_rt1.67",0,583915,583916,TRUE,10,2,0,"Fungal in-associated detection","RT >= 1 min","MS/MS available","Unknown"
3396,0.506,324.05905,"Unknown","[M+H]+",NA,0.107,FALSE,"null","null","null","null","null","null",999,FALSE,FALSE,FALSE,"null","null","null","null","null",1121.07,0,0,0,0,0,0,0,89508,156208,116175,157498,0,31348,0,0,0,0,67572,0,0,55939,0,0,0,0,0,0,0,"F3396_mz324.059_rt0.51",0,157498,157499,TRUE,7,1,3,"Fungal control-associated detection","Early RT","No MS/MS assignment","Unknown"
3409,1.271,325.17392,"Unknown","[M+H]+","ion correlated with 4805; ion correlated with 4899; ion correlated with 3414; ion correlated with 4573; ion correlated with 4641; ion correlated with 4923",0.036,FALSE,"null","null","null","null","null","null",999,FALSE,FALSE,FALSE,"null","null","null","null","null",32.03,0,0,0,0,0,0,0,10798,13218,6736,139559,21604,18922,0,3164,0,0,4485,0,12452,7287,7432,0,0,0,0,0,0,"F3409_mz325.1739_rt1.27",0,139559,139560,TRUE,11,1,3,"Fungal control-associated detection","RT >= 1 min","No MS/MS assignment","Unknown"
3411,0.847,326.12402,"Unknown","[M+H]+","ion correlated with 4263; ion correlated with 4040; ion correlated with 2391",0.107,FALSE,"null","null","null","null","null","null",999,FALSE,FALSE,FALSE,"null","null","null","null","null",97.53,0,0,0,0,0,0,0,397499,204382,92349,77949,452375,602992,0,0,0,0,0,0,0,14958,15205,0,0,0,0,0,0,"F3411_mz326.124_rt0.85",0,602992,602993,TRUE,8,0,3,"Fungal control-associated detection","Early RT","No MS/MS assignment","Unknown"
3416,0.423,326.827,"Unknown","[M+H]+",NA,0.071,FALSE,"null","null","null","null","null","null",999,FALSE,FALSE,FALSE,"null","null","null","null","null",47.97,0,0,0,0,20456,7146,0,5987,28818,0,30526,0,9186,39256,0,30586,0,0,0,0,0,0,0,0,0,138591,120758,42427,"F3416_mz326.827_rt0.42",0,138591,138592,TRUE,11,0,2,"Fungal control-associated detection","Very early RT","No MS/MS assignment","Unknown"
3427,0.471,328.10681,"Unknown","[M+H]+","ion correlated with 3032; ion correlated with 3221; ion correlated with 2588; ion correlated with 2572",0.214,TRUE,"null","null","null","null","null","null",999,FALSE,FALSE,FALSE,"null","null","null","null","null",11564.83,0,0,0,0,0,0,0,1987017,444798,294630,794998,3255427,3434900,0,0,0,0,0,0,45383,49543,81374,0,0,0,0,0,0,"F3427_mz328.1068_rt0.47",0,3434900,3434901,TRUE,9,0,3,"Fungal control-associated detection","Very early RT","MS/MS available","Unknown"
3430,0.921,328.1604,"Unknown","[M+H]+","ion correlated with 3268; ion correlated with 3389; ion correlated with 3170; ion correlated with 3860; ion correlated with 2553; ion correlated with 3246",0.107,FALSE,"null","null","null","null","null","null",999,FALSE,FALSE,FALSE,"null","null","null","null","null",103.51,0,0,0,0,0,0,0,0,27374,0,98550,55256,0,385411,199951,348084,0,38839,11550,35528,89865,34839,0,10555,8768,3266,0,0,"F3430_mz328.1604_rt0.92",0,385411,385412,TRUE,14,2,1,"Fungal in-associated detection","Early RT","No MS/MS assignment","Unknown"
3438,0.898,329.08505,"Unknown","[M+H]+",NA,0.25,FALSE,"null","null","null","null","null","null",999,FALSE,FALSE,FALSE,"null","null","null","null","null",51.33,0,0,0,0,0,0,0,172672,0,0,33498,0,0,0,0,0,324639,270937,355515,195284,123797,149165,0,0,0,0,0,0,"F3438_mz329.0851_rt0.9",0,355515,355516,TRUE,8,3,1,"Fungal in-associated detection","Early RT","No MS/MS assignment","Unknown"
3439,1.035,329.1217,"Unknown","[M+H]+","ion correlated with 3882; ion correlated with 4310",0.071,FALSE,"null","null","null","null","null","null",999,FALSE,FALSE,FALSE,"null","null","null","null","null",15.03,0,0,0,0,0,0,0,46361,23571,35249,28082,32947,59602,133767,165583,181218,0,0,11877,12351,16037,16537,28106,19515,34747,2682,4052,0,"F3439_mz329.1217_rt1.03",0,181218,181219,TRUE,18,1,3,"Fungal control-associated detection","RT >= 1 min","No MS/MS assignment","Unknown"
3458,1.327,331.06952,"Unknown","[M+H]+","ion correlated with 1796; ion correlated with 2569; ion correlated with 3031; ion correlated with 2135; ion correlated with 3625",0.107,TRUE,"null","null","null","null","null","null",999,FALSE,FALSE,FALSE,"null","null","null","null","null",96.4,0,0,0,0,0,0,0,196958,41945,25578,27812,249178,263034,0,0,0,0,0,0,3289,6461,9216,0,0,0,0,0,0,"F3458_mz331.0695_rt1.33",0,263034,263035,TRUE,9,0,3,"Fungal control-associated detection","RT >= 1 min","MS/MS available","Unknown"
3474,0.761,331.23462,"Unknown","[M+H]+","ion correlated with 496; ion correlated with 2073; ion correlated with 3149; ion correlated with 2283; ion correlated with 3797; ion correlated with 4043; ion correlated with 3812",0.036,FALSE,"null","null","null","null","null","null",999,FALSE,FALSE,FALSE,"null","null","null","null","null",105.09,0,0,0,0,0,0,0,81151,172084,129142,0,0,0,0,0,0,0,0,0,18363,81948,71608,0,0,0,0,0,0,"F3474_mz331.2346_rt0.76",0,172084,172085,TRUE,6,0,3,"Fungal control-associated detection","Early RT","No MS/MS assignment","Unknown"
3475,0.769,332.13431,"Unknown","[M+H]+","ion correlated with 250; ion correlated with 2174; ion correlated with 2081; ion correlated with 1574; ion correlated with 2265; ion correlated with 2770; ion correlated with 4612",0.107,FALSE,"null","null","null","null","null","null",999,FALSE,FALSE,FALSE,"null","null","null","null","null",6021.97,0,0,0,0,0,0,0,20292,34612,0,85601,12363,19376,1340281,821906,831942,0,0,0,19555,0,0,0,0,0,0,0,0,"F3475_mz332.1343_rt0.77",0,1340281,1340282,TRUE,9,0,2,"Fungal control-associated detection","Early RT","No MS/MS assignment","Unknown"
3486,0.426,332.84402,"Unknown","[M+H]+",NA,0.071,FALSE,"null","null","null","null","null","null",999,FALSE,FALSE,FALSE,"null","null","null","null","null",41.87,0,0,0,0,0,0,0,79703,81307,88408,121306,64088,57814,0,0,0,0,0,0,0,34910,36373,0,0,0,107862,92146,57499,"F3486_mz332.844_rt0.43",0,121306,121307,TRUE,11,0,3,"Fungal control-associated detection","Very early RT","No MS/MS assignment","Unknown"
3492,0.446,333.06973,"Unknown","[M+H]+","ion correlated with 2537; ion correlated with 2759; ion correlated with 2356; ion correlated with 3180; ion correlated with 3306; ion correlated with 3497; ion correlated with 4560; ion correlated with 2980",0.107,FALSE,"null","null","null","null","null","null",999,FALSE,FALSE,FALSE,"null","null","null","null","null",190.75,0,0,0,0,0,0,0,282409,42445,61085,92460,479043,406100,0,0,0,0,0,0,9600,0,0,13215,20953,7468,0,0,0,"F3492_mz333.0697_rt0.45",0,479043,479044,TRUE,10,0,3,"Fungal control-associated detection","Very early RT","No MS/MS assignment","Unknown"
3493,0.512,333.17761,"Unknown","[M+H]+",NA,0.036,FALSE,"null","null","null","null","null","null",999,FALSE,FALSE,FALSE,"null","null","null","null","null",50.85,0,0,0,0,0,0,0,59419,0,124854,0,0,0,0,0,0,0,63155,0,0,0,0,0,0,0,0,0,0,"F3493_mz333.1776_rt0.51",0,124854,124855,TRUE,3,1,2,"Fungal control-associated detection","Early RT","No MS/MS assignment","Unknown"
3495,1.251,333.20642,"Unknown","[M+H]+","ion correlated with 4673; ion correlated with 4726; ion correlated with 4062; ion correlated with 4100; ion correlated with 4516; ion correlated with 827; ion correlated with 2872; ion correlated with 4909; ion correlated with 4954; ion correlated with 1690; ion correlated with 3284; ion correlated with 4031; ion correlated with 4068",0.071,TRUE,"null","null","null","null","null","null",999,FALSE,FALSE,FALSE,"null","null","null","null","null",94.42,0,0,1712,0,0,1629,0,22712,15602,19574,22748,19639,10957,1021481,571235,1449929,0,0,2736,11771,12902,10823,3074,2355,0,0,0,0,"F3495_mz333.2064_rt1.25",570.666666666667,1449929,2536.32069970845,TRUE,16,1,3,"Fungal control-associated detection","RT >= 1 min","MS/MS available","Unknown"
3496,0.493,333.21436,"Unknown","[M+H]+",NA,0.036,FALSE,"null","null","null","null","null","null",999,FALSE,FALSE,FALSE,"null","null","null","null","null",19.19,0,0,0,0,0,0,0,44023,51510,121909,0,0,0,0,0,0,0,0,0,0,51139,0,0,0,0,0,0,0,"F3496_mz333.2144_rt0.49",0,121909,121910,TRUE,4,0,3,"Fungal control-associated detection","Very early RT","No MS/MS assignment","Unknown"
3497,0.449,334.05383,"Unknown","[M+H]+","ion correlated with 2356; ion correlated with 3180; ion correlated with 3492; ion correlated with 4560; ion correlated with 2980",0.107,FALSE,"null","null","null","null","null","null",999,FALSE,FALSE,FALSE,"null","null","null","null","null",4294.72,0,0,0,0,0,0,0,192162,80242,45016,30242,293011,343309,0,0,0,0,0,0,0,37884,0,0,0,0,0,0,0,"F3497_mz334.0538_rt0.45",0,343309,343310,TRUE,7,0,3,"Fungal control-associated detection","Very early RT","No MS/MS assignment","Unknown"
3505,1.513,334.29572,"Unknown","[M+H]+","ion correlated with 3050; ion correlated with 3110; ion correlated with 4134; ion correlated with 4120; ion correlated with 4012",0.071,FALSE,"null","null","null","null","null","null",999,FALSE,FALSE,FALSE,"null","null","null","null","null",35.5,0,1754,1342,0,1642,3847,2134,0,5919,3386,0,2561,2453,122622,46512,114768,0,3404,0,0,0,0,11536,10340,9286,3681,0,4416,"F3505_mz334.2957_rt1.51",1032,122622,118.705711519845,TRUE,16,1,2,"Fungal control-associated detection","RT >= 1 min","No MS/MS assignment","Unknown"
3511,0.46,335.15646,"Unknown","[M+H]+",NA,0.143,FALSE,"null","null","null","null","null","null",999,FALSE,FALSE,FALSE,"null","null","null","null","null",133.15,0,0,0,0,0,0,0,200574,223946,84993,78573,280977,210614,0,0,0,0,0,0,0,0,82922,0,0,0,0,0,0,"F3511_mz335.1565_rt0.46",0,280977,280978,TRUE,7,0,3,"Fungal control-associated detection","Very early RT","No MS/MS assignment","Unknown"
3515,3.553,335.22198,"Unknown","[M+H]+","ion correlated with 3115; ion correlated with 3702; ion correlated with 3318; ion correlated with 3338; ion correlated with 2474; ion correlated with 2676; ion correlated with 3745; ion correlated with 3906; ion correlated with 5005; ion correlated with 5013; similar chromatogram in higher mz_3942; similar chromatogram in higher mz_3996",0.107,TRUE,"null","null","null","null","null","null",999,FALSE,FALSE,FALSE,"null","null","null","null","null",94.13,0,0,0,0,2740,0,1652,0,0,0,2553,2081,0,1990828,2459904,6401209,1560,336,0,0,2013,1407,15833,1378,9316,0,0,0,"F3515_mz335.222_rt3.55",0,6401209,6401210,TRUE,14,2,0,"Fungal in-associated detection","RT >= 1 min","MS/MS available","Unknown"
3516,2.627,335.22198,"Unknown","[M+H]+","ion correlated with 2781; ion correlated with 3077; ion correlated with 3317; ion correlated with 1918",0.071,TRUE,"null","null","null","null","null","null",999,FALSE,FALSE,FALSE,"null","null","null","null","null",34.55,2058,0,1934,0,2184,2658,0,5008,6413,6853,0,0,1972,933891,923326,812694,0,0,0,7231,1832,2994,21214,20787,15280,1740,0,456,"F3516_mz335.222_rt2.63",1330.66666666667,933891,701.295619524405,TRUE,17,0,3,"Fungal control-associated detection","RT >= 1 min","MS/MS available","Unknown"
3539,0.791,337.16113,"Unknown","[M+H]+","ion correlated with 3985",0.071,FALSE,"null","null","null","null","null","null",999,FALSE,FALSE,FALSE,"null","null","null","null","null",157.31,0,0,0,0,0,0,0,110956,43353,19856,102595,237542,303119,0,0,0,0,0,0,0,0,18388,0,0,0,0,0,0,"F3539_mz337.1611_rt0.79",0,303119,303120,TRUE,7,0,3,"Fungal control-associated detection","Early RT","No MS/MS assignment","Unknown"
3549,0.974,337.70117,"Unknown","[M+H]+",NA,0.036,FALSE,"null","null","null","null","null","null",999,FALSE,FALSE,FALSE,"null","null","null","null","null",2456.14,0,0,0,0,0,0,0,0,14991,122807,23297,0,0,0,0,0,0,33317,0,11811,0,80792,0,0,0,0,0,0,"F3549_mz337.7012_rt0.97",0,122807,122808,TRUE,6,1,2,"Fungal control-associated detection","Early RT","No MS/MS assignment","Unknown"
3562,1.041,339.1077,"Unknown","[M+H]+","ion correlated with 987; ion correlated with 3664; ion correlated with 4557; ion correlated with 3349; ion correlated with 4603; ion correlated with 3140",0.107,TRUE,"null","null","null","null","null","null",999,FALSE,FALSE,FALSE,"null","null","null","null","null",525.33,0,0,0,0,1413,0,0,7494,7315,0,7696,0,0,1625474,2497176,1359074,0,0,0,0,0,0,21604,22706,12479,0,0,0,"F3562_mz339.1077_rt1.04",0,2497176,2497177,TRUE,10,0,2,"Fungal control-associated detection","RT >= 1 min","MS/MS available","Unknown"
3564,0.48,339.13974,"Unknown","[M+H]+",NA,0.071,FALSE,"null","null","null","null","null","null",999,FALSE,FALSE,FALSE,"null","null","null","null","null",55.71,0,0,0,0,0,0,0,82216,75463,0,0,129957,122796,0,0,19528,0,0,0,0,0,0,0,0,0,0,0,0,"F3564_mz339.1397_rt0.48",0,129957,129958,TRUE,5,0,2,"Fungal control-associated detection","Very early RT","No MS/MS assignment","Unknown"
3574,1.144,341.1387,"Unknown","[M+H]+","ion correlated with 4215; ion correlated with 4486; ion correlated with 2012; ion correlated with 4283; ion correlated with 4396; ion correlated with 3370; ion correlated with 1764; ion correlated with 5140; ion correlated with 4684; ion correlated with 4543; ion correlated with 4153; ion correlated with 4709; ion correlated with 1598; ion correlated with 4110; ion correlated with 3772; ion correlated with 4353; ion correlated with 4341; ion correlated with 3733; ion correlated with 2740; ion correlated with 396; ion correlated with 1221; ion correlated with 4111; ion correlated with 4229; ion correlated with 2037; ion correlated with 4797; ion correlated with 1407; ion correlated with 4789; ion correlated with 4937",0.071,FALSE,"null","null","null","null","null","null",999,FALSE,FALSE,FALSE,"null","null","null","null","null",33.85,0,0,0,0,0,0,0,13598,0,4213,6568,11310,14174,293558,140228,121019,0,0,4270,0,8768,5096,16728,4183,8689,0,0,0,"F3574_mz341.1387_rt1.14",0,293558,293559,TRUE,14,1,2,"Fungal control-associated detection","RT >= 1 min","No MS/MS assignment","Unknown"
3586,2.103,342.22797,"Unknown","[M+H]+","ion correlated with 1547; ion correlated with 532; ion correlated with 3926; ion correlated with 4888; ion correlated with 2562; ion correlated with 3472",0.071,FALSE,"null","null","null","null","null","null",999,FALSE,FALSE,FALSE,"null","null","null","null","null",31.16,0,0,0,0,0,3450,1507,3828,0,0,2174,2163,0,108126,31923,138536,3947,4387,3000,0,2258,0,0,0,0,1878,1416,2092,"F3586_mz342.228_rt2.1",0,138536,138537,TRUE,15,3,1,"Fungal in-associated detection","RT >= 1 min","No MS/MS assignment","Unknown"
3607,1.192,345.10916,"Unknown","[M+H]+","ion correlated with 3770",0.107,FALSE,"null","null","null","null","null","null",999,FALSE,FALSE,FALSE,"null","null","null","null","null",91.35,0,0,0,0,0,0,0,148743,41624,29709,34248,179151,192596,0,0,0,0,0,0,0,5328,0,0,0,0,0,0,0,"F3607_mz345.1092_rt1.19",0,192596,192597,TRUE,7,0,3,"Fungal control-associated detection","RT >= 1 min","No MS/MS assignment","Unknown"
3622,0.432,346.09052,"Unknown","[M+H]+","ion correlated with 3054; ion correlated with 3145; ion correlated with 3306; ion correlated with 3330; ion correlated with 4560; ion correlated with 3813; ion correlated with 4507; ion correlated with 4551; ion correlated with 3755; ion correlated with 2980",0.071,FALSE,"null","null","null","null","null","null",999,FALSE,FALSE,FALSE,"null","null","null","null","null",2001.99,0,0,0,0,0,0,0,75649,0,0,9178,191917,207781,0,0,0,0,7760,8045,6891,0,0,0,0,0,0,0,0,"F3622_mz346.0905_rt0.43",0,207781,207782,TRUE,7,2,1,"Fungal in-associated detection","Very early RT","No MS/MS assignment","Unknown"
3624,1.005,346.15018,"Unknown","[M+H]+","ion correlated with 4029; ion correlated with 1654; ion correlated with 4201; ion correlated with 1405; ion correlated with 3171; ion correlated with 2793; ion correlated with 3937; ion correlated with 4037; ion correlated with 3608; ion correlated with 1217; ion correlated with 4207; ion correlated with 3309; ion correlated with 4550; ion correlated with 4658; ion correlated with 4759; ion correlated with 1837; ion correlated with 4035",0.071,FALSE,"null","null","null","null","null","null",999,FALSE,FALSE,FALSE,"null","null","null","null","null",19724.71,0,0,0,0,0,0,0,18864,5060,2569,16364,37579,63996,1059978,541078,912493,0,0,0,12302,3820,0,0,0,0,0,0,0,"F3624_mz346.1502_rt1",0,1059978,1059979,TRUE,11,0,3,"Fungal control-associated detection","RT >= 1 min","No MS/MS assignment","Unknown"
3625,1.381,346.16553,"Unknown","[M+H]+","ion correlated with 3458",0.071,FALSE,"null","null","null","null","null","null",999,FALSE,FALSE,FALSE,"null","null","null","null","null",59.98,0,0,0,0,0,1743,0,124212,33246,16732,19370,147313,140035,0,0,0,0,2740,0,4890,12646,13050,0,0,0,0,1606,0,"F3625_mz346.1655_rt1.38",0,147313,147314,TRUE,12,1,3,"Fungal control-associated detection","RT >= 1 min","No MS/MS assignment","Unknown"
3626,1.255,346.18652,"Unknown","[M+H]+","ion correlated with 3686; similar chromatogram in higher mz_3686",0.036,TRUE,"null","null","null","null","null","null",999,FALSE,FALSE,FALSE,"null","null","null","null","null",3386.72,0,0,0,0,0,0,0,16412,7272,10884,11284,3432,0,97261,57196,56283,2624,0,0,0,9548,10877,32958,169336,22009,1997,0,1846,"F3626_mz346.1865_rt1.25",0,169336,169337,TRUE,16,1,3,"Fungal control-associated detection","RT >= 1 min","MS/MS available","Unknown"
3643,0.489,347.22903,"Unknown","[M+H]+","ion correlated with 2573; ion correlated with 2927",0.214,FALSE,"null","null","null","null","null","null",999,FALSE,FALSE,FALSE,"null","null","null","null","null",88.04,0,0,0,0,0,0,0,222495,292348,436567,0,0,0,0,0,0,0,55728,0,119596,167956,182716,0,0,0,0,0,0,"F3643_mz347.229_rt0.49",0,436567,436568,TRUE,7,1,3,"Fungal control-associated detection","Very early RT","No MS/MS assignment","Unknown"
3645,0.645,347.2298,"Unknown","[M+H]+",NA,0.071,FALSE,"null","null","null","null","null","null",999,FALSE,FALSE,FALSE,"null","null","null","null","null",71.93,0,0,0,0,0,0,0,115556,266269,292354,70456,0,0,0,0,0,0,30296,0,78466,183656,278265,0,0,0,0,0,0,"F3645_mz347.2298_rt0.64",0,292354,292355,TRUE,8,1,3,"Fungal control-associated detection","Early RT","No MS/MS assignment","Unknown"
3646,0.685,348.07022,"Unknown","[M+H]+",NA,0.071,FALSE,"null","null","null","null","null","null",999,FALSE,FALSE,FALSE,"null","null","null","null","null",1805.89,0,0,0,0,0,0,0,95058,2167592,2037192,1491551,174941,9345,0,24450,161478,82172,0,0,14950,27154,489532,0,0,0,0,0,0,"F3646_mz348.0702_rt0.69",0,2167592,2167593,TRUE,12,1,3,"Fungal control-associated detection","Early RT","No MS/MS assignment","Unknown"
3654,1.162,348.20224,"Unknown","[M+H]+","ion correlated with 4412; ion correlated with 4838; ion correlated with 4480; ion correlated with 3739; ion correlated with 4333; ion correlated with 2871; ion correlated with 1896; ion correlated with 3957; ion correlated with 3752; ion correlated with 3910; ion correlated with 4762; ion correlated with 4484; ion correlated with 4656; ion correlated with 3224; ion correlated with 4726; ion correlated with 1381; ion correlated with 1635; ion correlated with 3105; ion correlated with 3258; ion correlated with 3816; ion correlated with 4698; ion correlated with 3600; ion correlated with 4688; ion correlated with 4556",0.036,FALSE,"null","null","null","null","null","null",999,FALSE,FALSE,FALSE,"null","null","null","null","null",174.75,0,2300,0,0,0,1584,1788,4002,0,5158,6446,7005,8309,159945,130538,300998,0,0,0,0,0,3990,0,0,10400,0,0,0,"F3654_mz348.2022_rt1.16",766.666666666667,300998,392.095961788971,TRUE,12,0,2,"Fungal control-associated detection","RT >= 1 min","No MS/MS assignment","Unknown"
3659,0.427,348.81744,"Unknown","[M+H]+",NA,0.036,FALSE,"null","null","null","null","null","null",999,FALSE,FALSE,FALSE,"null","null","null","null","null",77.98,0,0,0,0,9734,0,0,72353,124653,58442,65678,36118,30682,8702,0,0,0,0,0,0,33830,22981,0,7074,0,86830,64778,37834,"F3659_mz348.8174_rt0.43",0,124653,124654,TRUE,14,0,3,"Fungal control-associated detection","Very early RT","No MS/MS assignment","Unknown"
3677,0.942,350.12207,"Unknown","[M+H]+","ion correlated with 3006; ion correlated with 3015; ion correlated with 4199; ion correlated with 2408; ion correlated with 2646; ion correlated with 4751; ion correlated with 2536",0.036,FALSE,"null","null","null","null","null","null",999,FALSE,FALSE,FALSE,"null","null","null","null","null",132.67,0,0,0,0,0,0,0,33469,17460,0,19833,127623,144579,0,0,0,0,0,10324,0,0,0,0,0,0,0,0,0,"F3677_mz350.1221_rt0.94",0,144579,144580,TRUE,6,1,2,"Fungal control-associated detection","Early RT","No MS/MS assignment","Unknown"
3685,0.464,351.06891,"Unknown","[M+H]+",NA,0.036,FALSE,"null","null","null","null","null","null",999,FALSE,FALSE,FALSE,"null","null","null","null","null",93.65,0,0,0,0,0,0,0,0,37849,0,38423,0,0,122847,59433,98529,10968,0,14276,0,0,0,19462,32480,17395,0,0,0,"F3685_mz351.0689_rt0.46",0,122847,122848,TRUE,10,2,1,"Fungal in-associated detection","Very early RT","No MS/MS assignment","Unknown"
3690,0.919,351.17682,"Unknown","[M+H]+","ion correlated with 4305; ion correlated with 2391; ion correlated with 2513; ion correlated with 3837; ion correlated with 4067; ion correlated with 4082",0.107,FALSE,"null","null","null","null","null","null",999,FALSE,FALSE,FALSE,"null","null","null","null","null",410.52,0,0,0,0,0,0,0,528610,213083,157121,336688,929405,794633,0,0,17943,0,70333,0,25817,38099,65400,0,0,0,0,0,0,"F3690_mz351.1768_rt0.92",0,929405,929406,TRUE,11,1,3,"Fungal control-associated detection","Early RT","No MS/MS assignment","Unknown"
3691,0.417,351.2132,"Unknown","[M+H]+","ion correlated with 3622; ion correlated with 3145; ion correlated with 3813",0.036,FALSE,"null","null","null","null","null","null",999,FALSE,FALSE,FALSE,"null","null","null","null","null",27.69,0,0,0,0,0,0,0,54260,11018,11864,9451,122808,88986,0,0,0,0,0,0,0,0,0,0,0,0,0,0,0,"F3691_mz351.2132_rt0.42",0,122808,122809,TRUE,6,0,3,"Fungal control-associated detection","Very early RT","No MS/MS assignment","Unknown"
3706,0.416,352.88318,"Unknown","[M+H]+",NA,0.036,FALSE,"null","null","null","null","null","null",999,FALSE,FALSE,FALSE,"null","null","null","null","null",2876.59,0,0,0,0,24633,29307,6286,21356,0,18834,0,11660,23937,78483,69800,143830,0,0,8618,14703,10801,0,32088,31848,32276,32516,16088,57310,"F3706_mz352.8832_rt0.42",0,143830,143831,TRUE,19,1,2,"Fungal control-associated detection","Very early RT","No MS/MS assignment","Unknown"
3710,0.888,353.18414,"Unknown","[M+H]+","ion correlated with 375; ion correlated with 2695; ion correlated with 3860",0.071,FALSE,"null","null","null","null","null","null",999,FALSE,FALSE,FALSE,"null","null","null","null","null",54.16,0,0,0,0,0,0,0,0,7483,42182,4134,0,0,155950,115922,185172,21595,0,0,26221,0,0,0,0,0,0,0,0,"F3710_mz353.1841_rt0.89",0,185172,185173,TRUE,8,1,2,"Fungal control-associated detection","Early RT","No MS/MS assignment","Unknown"
3733,1.17,355.17358,"Unknown","[M+H]+","ion correlated with 4167; ion correlated with 4019; ion correlated with 1764; ion correlated with 4640; ion correlated with 4223; ion correlated with 4153; ion correlated with 4192; ion correlated with 3143; ion correlated with 4250; ion correlated with 1598; ion correlated with 1870; ion correlated with 4797; ion correlated with 4792; ion correlated with 2013; ion correlated with 4871",0.107,FALSE,"null","null","null","null","null","null",999,FALSE,FALSE,FALSE,"null","null","null","null","null",55.77,0,0,0,0,2544,2200,1695,7076,4878,0,0,0,11004,507570,413162,255331,3546,0,0,0,0,8040,60636,30207,4771,0,0,0,"F3733_mz355.1736_rt1.17",0,507570,507571,TRUE,14,1,2,"Fungal control-associated detection","RT >= 1 min","No MS/MS assignment","Unknown"
3746,2.08,357.20392,"Unknown","[M+H]+","ion correlated with 3520; ion correlated with 1751; ion correlated with 2381; ion correlated with 2674; ion correlated with 3323; ion correlated with 3503; ion correlated with 5004; ion correlated with 5012; ion correlated with 3703; ion correlated with 3079; found in higher mz's MsMs_5012",0.107,TRUE,"null","null","null","null","null","null",999,FALSE,FALSE,FALSE,"null","null","null","null","null",2763.29,0,0,0,0,0,0,0,0,3208,2508,0,0,0,16508531,12708528,15110422,2186,0,0,0,4062,0,102020,11208,32103,0,0,0,"F3746_mz357.2039_rt2.08",0,16508531,16508532,TRUE,10,1,2,"Fungal control-associated detection","RT >= 1 min","MS/MS available","Unknown"
3760,1.736,358.29556,"Unknown","[M+H]+","ion correlated with 2585",0.107,TRUE,"null","null","null","null","null","null",999,FALSE,FALSE,FALSE,"null","null","null","null","null",145.84,5663,0,0,0,0,0,0,3224,14792,2117,2724,0,0,940225,788638,1163341,0,0,0,0,0,0,0,0,0,0,0,0,"F3760_mz358.2956_rt1.74",1887.66666666667,1163341,615.959406989057,TRUE,7,0,3,"Fungal control-associated detection","RT >= 1 min","MS/MS available","Unknown"
3770,1.168,359.12451,"Unknown","[M+H]+","ion correlated with 2275; ion correlated with 3607",0.071,FALSE,"null","null","null","null","null","null",999,FALSE,FALSE,FALSE,"null","null","null","null","null",49.49,0,0,0,0,0,0,0,145911,39366,26063,23422,132842,172455,0,0,0,0,8910,0,10496,5525,21107,0,0,0,0,0,0,"F3770_mz359.1245_rt1.17",0,172455,172456,TRUE,10,1,3,"Fungal control-associated detection","RT >= 1 min","No MS/MS assignment","Unknown"
3772,1.167,359.14929,"Unknown","[M+H]+","ion correlated with 1747; ion correlated with 1764; ion correlated with 4684; ion correlated with 4543; ion correlated with 3898; ion correlated with 3143; ion correlated with 1598; ion correlated with 4719; ion correlated with 4341; ion correlated with 4166; ion correlated with 798; ion correlated with 4952; ion correlated with 3635; ion correlated with 4743; ion correlated with 4797; ion correlated with 4792; ion correlated with 2013; ion correlated with 4871; ion correlated with 4381",0.107,FALSE,"null","null","null","null","null","null",999,FALSE,FALSE,FALSE,"null","null","null","null","null",56.08,0,0,0,0,0,0,0,11342,4541,6515,0,0,7000,749535,234380,373958,0,0,0,5235,0,0,25014,9738,18540,0,0,0,"F3772_mz359.1493_rt1.17",0,749535,749536,TRUE,11,0,3,"Fungal control-associated detection","RT >= 1 min","No MS/MS assignment","Unknown"
3787,0.484,360.22522,"Unknown","[M+H]+",NA,0.036,FALSE,"null","null","null","null","null","null",999,FALSE,FALSE,FALSE,"null","null","null","null","null",22.16,0,0,0,0,0,0,0,112775,0,64294,0,0,0,0,0,0,0,0,0,0,46464,75697,0,0,0,0,0,0,"F3787_mz360.2252_rt0.48",0,112775,112776,TRUE,4,0,2,"Fungal control-associated detection","Very early RT","No MS/MS assignment","Unknown"
3797,0.781,361.24561,"Unknown","[M+H]+","ion correlated with 3184; ion correlated with 1548; ion correlated with 3474; ion correlated with 3149; ion correlated with 2849; ion correlated with 4043; ion correlated with 3893; ion correlated with 3499; ion correlated with 5003; ion correlated with 3812",0.036,FALSE,"null","null","null","null","null","null",999,FALSE,FALSE,FALSE,"null","null","null","null","null",40.26,0,0,0,0,0,0,0,125357,228698,155946,14054,0,0,0,0,0,0,0,17597,27501,68789,107752,0,0,0,0,0,0,"F3797_mz361.2456_rt0.78",0,228698,228699,TRUE,8,1,3,"Fungal control-associated detection","Early RT","No MS/MS assignment","Unknown"
3807,1.782,362.29044,"Unknown","[M+H]+","ion correlated with 2126",0.107,TRUE,"null","null","null","null","null","null",999,FALSE,FALSE,FALSE,"null","null","null","null","null",68.94,0,0,0,0,0,0,0,10810,5507,3404,3698,0,0,0,0,0,0,1715,0,0,4182,7237,208270,356556,326277,0,0,0,"F3807_mz362.2904_rt1.78",0,356556,356557,TRUE,10,1,3,"Fungal control-associated detection","RT >= 1 min","MS/MS available","Unknown"
3808,1.943,362.2905,"Unknown","[M+H]+","ion correlated with 3862; ion correlated with 2127",0.107,TRUE,"null","null","null","null","null","null",999,FALSE,FALSE,FALSE,"null","null","null","null","null",69.26,0,0,0,0,0,0,0,3149,2114,0,0,0,0,2368,0,0,0,0,0,0,3429,3917,192082,306026,346669,0,0,0,"F3808_mz362.2905_rt1.94",0,346669,346670,TRUE,8,0,2,"Fungal control-associated detection","RT >= 1 min","MS/MS available","Unknown"
3810,0.4,362.8869,"Unknown","[M+H]+","ion correlated with 770; ion correlated with 1776",0.214,FALSE,"null","null","null","null","null","null",999,FALSE,FALSE,FALSE,"null","null","null","null","null",280.27,0,0,0,0,271334,177073,203074,52730,11700,24204,41204,8877,18582,24355,46654,0,0,15505,0,17042,0,12456,60623,41238,0,534947,426895,491934,"F3810_mz362.8869_rt0.4",0,534947,534948,TRUE,19,1,3,"Fungal control-associated detection","Very early RT","No MS/MS assignment","Unknown"
3811,0.418,362.92712,"Unknown","[M+H]+","ion correlated with 1790",0.036,FALSE,"null","null","null","null","null","null",999,FALSE,FALSE,FALSE,"null","null","null","null","null",32.47,0,0,0,0,8419,0,0,0,19929,0,29192,86070,128204,0,0,0,17462,0,18823,0,0,0,0,0,0,0,0,0,"F3811_mz362.9271_rt0.42",0,128204,128205,TRUE,7,2,1,"Fungal in-associated detection","Very early RT","No MS/MS assignment","Unknown"
3812,0.818,363.1561,"Unknown","[M+H]+","ion correlated with 3149; ion correlated with 2849; ion correlated with 3797; ion correlated with 4043; ion correlated with 2182; ion correlated with 3499; ion correlated with 5003; ion correlated with 1481; ion correlated with 1959",0.179,FALSE,"null","null","null","null","null","null",999,FALSE,FALSE,FALSE,"null","null","null","null","null",3489.29,0,0,0,0,0,0,0,152784,334099,261873,38064,0,0,0,0,0,0,11362,0,39489,117091,166041,0,0,0,0,0,0,"F3812_mz363.1561_rt0.82",0,334099,334100,TRUE,8,1,3,"Fungal control-associated detection","Early RT","No MS/MS assignment","Unknown"
3819,0.878,364.06573,"Unknown","[M+H]+","ion correlated with 2095",0.036,FALSE,"null","null","null","null","null","null",999,FALSE,FALSE,FALSE,"null","null","null","null","null",158.06,0,0,0,0,0,0,0,145119,241169,130729,138590,9698,7572,0,0,0,0,0,0,36452,55790,37495,0,0,0,0,0,0,"F3819_mz364.0657_rt0.88",0,241169,241170,TRUE,9,0,3,"Fungal control-associated detection","Early RT","No MS/MS assignment","Unknown"
3823,1.085,364.19717,"Unknown","[M+H]+","ion correlated with 1217; ion correlated with 3562; ion correlated with 4257; ion correlated with 4557; ion correlated with 3349; ion correlated with 3962; ion correlated with 392; ion correlated with 4649; ion correlated with 819; ion correlated with 3491; ion correlated with 4603; ion correlated with 3140; ion correlated with 4693; ion correlated with 3680; ion correlated with 4724; ion correlated with 4510; ion correlated with 4647",0.143,FALSE,"null","null","null","null","null","null",999,FALSE,FALSE,FALSE,"null","null","null","null","null",690.61,0,2212,0,0,0,0,0,15863,5756,25987,14082,12092,17478,779129,951377,699520,0,14620,0,8472,51736,8771,117432,69875,69977,0,0,0,"F3823_mz364.1972_rt1.08",737.333333333333,951377,1288.54808126411,TRUE,16,1,3,"Fungal control-associated detection","RT >= 1 min","No MS/MS assignment","Unknown"
3828,0.404,364.91946,"Unknown","[M+H]+","ion correlated with 20; ion correlated with 371",0.143,FALSE,"null","null","null","null","null","null",999,FALSE,FALSE,FALSE,"null","null","null","null","null",180.5,0,0,0,0,107511,56478,60273,0,19704,19310,25134,10716,0,24146,0,0,0,0,0,0,0,20030,46959,41494,47070,272217,180762,186503,"F3828_mz364.9195_rt0.4",0,272217,272218,TRUE,15,0,2,"Fungal control-associated detection","Very early RT","No MS/MS assignment","Unknown"
3829,0.419,365.01175,"Unknown","[M+H]+","ion correlated with 4413; ion correlated with 3508; ion correlated with 4249; ion correlated with 3095; ion correlated with 3069; ion correlated with 998; ion correlated with 1091; ion correlated with 4124; ion correlated with 977",0.107,FALSE,"null","null","null","null","null","null",999,FALSE,FALSE,FALSE,"null","null","null","null","null",5754.31,0,0,0,0,0,0,0,7361,0,9070,0,0,0,228230,359402,275514,0,13254,0,18340,10306,10384,51752,88151,65783,0,0,0,"F3829_mz365.0118_rt0.42",0,359402,359403,TRUE,12,1,2,"Fungal control-associated detection","Very early RT","No MS/MS assignment","Unknown"
3839,0.926,365.21909,"Unknown","[M+H]+",NA,0.036,FALSE,"null","null","null","null","null","null",999,FALSE,FALSE,FALSE,"null","null","null","null","null",70.42,0,2919,2426,0,0,3702,0,69759,101730,71278,27266,13703,0,20726,0,13538,9724,0,0,59098,47392,35667,0,0,0,0,2349,2818,"F3839_mz365.2191_rt0.93",1781.66666666667,101730,57.0667539267016,TRUE,14,1,3,"Fungal control-associated detection","Early RT","No MS/MS assignment","Unknown"
3843,1.294,366.1377,"Unknown","[M+H]+","ion correlated with 3857",0.107,TRUE,"null","null","null","null","null","null",999,FALSE,FALSE,FALSE,"null","null","null","null","null",107.82,0,0,0,0,0,0,0,0,0,0,114347,812733,460091,0,0,0,4454,16303,7950,0,6047,3280,0,0,0,0,0,0,"F3843_mz366.1377_rt1.29",0,812733,812734,TRUE,8,3,0,"Fungal in-associated detection","RT >= 1 min","MS/MS available","Unknown"
3857,1.32,367.12167,"Unknown","[M+H]+","ion correlated with 3843; ion correlated with 2579",0.071,TRUE,"null","null","null","null","null","null",999,FALSE,FALSE,FALSE,"null","null","null","null","null",117.27,0,0,0,0,0,0,0,0,0,0,94401,552671,227097,3215,0,0,0,6485,2938,0,0,0,0,0,0,0,0,0,"F3857_mz367.1217_rt1.32",0,552671,552672,TRUE,6,2,0,"Fungal in-associated detection","RT >= 1 min","MS/MS available","Unknown"
3870,1.359,368.24374,"Unknown","[M+H]+","ion correlated with 2996; ion correlated with 2121; ion correlated with 3382; ion correlated with 3795; ion correlated with 4977; ion correlated with 3872",0.036,FALSE,"null","null","null","null","null","null",999,FALSE,FALSE,FALSE,"null","null","null","null","null",34.99,0,0,0,0,0,0,0,0,3508,4995,0,0,0,488992,344376,702498,0,0,0,0,0,0,0,0,0,0,0,0,"F3870_mz368.2437_rt1.36",0,702498,702499,TRUE,5,0,2,"Fungal control-associated detection","RT >= 1 min","No MS/MS assignment","Unknown"
3875,1.044,369.11877,"Unknown","[M+H]+",NA,0.036,FALSE,"null","null","null","null","null","null",999,FALSE,FALSE,FALSE,"null","null","null","null","null",99.58,0,0,0,0,0,0,0,9194,7469,8747,0,18831,24693,134739,159375,74387,0,6973,0,0,0,0,12917,60119,23947,0,0,0,"F3875_mz369.1188_rt1.04",0,159375,159376,TRUE,12,1,3,"Fungal control-associated detection","RT >= 1 min","No MS/MS assignment","Unknown"
3876,1.094,369.15222,"Unknown","[M+H]+","ion correlated with 4668; ion correlated with 4257; ion correlated with 3962; ion correlated with 3757; ion correlated with 3536; ion correlated with 4310; ion correlated with 4575; ion correlated with 4597; ion correlated with 3895; ion correlated with 4693; ion correlated with 4167; ion correlated with 4739; ion correlated with 3194; ion correlated with 4640; ion correlated with 3022; ion correlated with 4223; ion correlated with 4153; ion correlated with 4618; ion correlated with 4192; ion correlated with 4307",0.071,FALSE,"null","null","null","null","null","null",999,FALSE,FALSE,FALSE,"null","null","null","null","null",1491.06,0,0,0,0,0,0,0,9002,10139,0,6021,5178,12146,134216,196701,145506,0,0,0,12819,7596,0,11692,11787,10218,0,0,2372,"F3876_mz369.1522_rt1.09",0,196701,196702,TRUE,14,0,2,"Fungal control-associated detection","RT >= 1 min","No MS/MS assignment","Unknown"
3878,0.961,369.21384,"Unknown","[M+H]+",NA,0.036,FALSE,"null","null","null","null","null","null",999,FALSE,FALSE,FALSE,"null","null","null","null","null",109.41,0,0,0,0,0,0,0,30049,0,24905,39977,36162,1314,15652,0,0,15764,0,0,0,141049,13944,0,0,0,0,0,0,"F3878_mz369.2138_rt0.96",0,141049,141050,TRUE,9,1,2,"Fungal control-associated detection","Early RT","No MS/MS assignment","Unknown"
3884,1.617,370.19934,"Unknown","[M+H]+","ion correlated with 3281; ion correlated with 4053; ion correlated with 4748; ion correlated with 2185; ion correlated with 2023; ion correlated with 1898; ion correlated with 3199; ion correlated with 3441; ion correlated with 3747; ion correlated with 3320; ion correlated with 3704; ion correlated with 2119; ion correlated with 3353; ion correlated with 3109",0.071,FALSE,"null","null","null","null","null","null",999,FALSE,FALSE,FALSE,"null","null","null","null","null",64.84,0,0,0,0,0,0,0,4694,2494,2788,0,0,0,162374,95220,228915,0,0,0,0,0,0,0,0,0,1717,0,1986,"F3884_mz370.1993_rt1.62",0,228915,228916,TRUE,8,0,3,"Fungal control-associated detection","RT >= 1 min","No MS/MS assignment","Unknown"
3893,0.791,371.14633,"Unknown","[M+H]+","ion correlated with 3797; ion correlated with 5003",0.071,FALSE,"null","null","null","null","null","null",999,FALSE,FALSE,FALSE,"null","null","null","null","null",30.1,0,0,0,0,0,0,0,109474,182347,119995,73584,0,0,0,0,0,0,0,0,0,65165,104612,0,0,0,0,0,0,"F3893_mz371.1463_rt0.79",0,182347,182348,TRUE,6,0,3,"Fungal control-associated detection","Early RT","No MS/MS assignment","Unknown"
3895,1.104,371.168,"Unknown","[M+H]+","ion correlated with 3536; ion correlated with 4575; ion correlated with 4693; ion correlated with 4739; ion correlated with 4618",0.071,FALSE,"null","null","null","null","null","null",999,FALSE,FALSE,FALSE,"null","null","null","null","null",87.9,0,0,0,0,0,0,0,13759,0,8585,5306,3743,10347,170127,488196,260296,0,0,0,7196,6804,6248,0,0,3673,0,0,0,"F3895_mz371.168_rt1.1",0,488196,488197,TRUE,12,0,2,"Fungal control-associated detection","RT >= 1 min","No MS/MS assignment","Unknown"
3904,1.213,372.23874,"Unknown","[M+H]+","ion correlated with 4307; ion correlated with 4250; ion correlated with 4950; ion correlated with 4110; ion correlated with 4080; ion correlated with 2740; ion correlated with 4206; ion correlated with 4003; ion correlated with 3957; ion correlated with 4960; ion correlated with 4041; ion correlated with 4681; ion correlated with 4734; ion correlated with 4656; ion correlated with 4803; ion correlated with 4806; ion correlated with 4448; ion correlated with 3600; ion correlated with 4825; ion correlated with 3563; ion correlated with 4985; ion correlated with 3051; ion correlated with 4214",0.107,FALSE,"null","null","null","null","null","null",999,FALSE,FALSE,FALSE,"null","null","null","null","null",48.3,0,0,0,0,0,0,0,7615,15474,3435,11138,0,5837,107424,113435,119420,0,3139,0,10700,0,10346,0,0,0,0,0,0,"F3904_mz372.2387_rt1.21",0,119420,119421,TRUE,11,1,3,"Fungal control-associated detection","RT >= 1 min","No MS/MS assignment","Unknown"
3909,1.884,373.19901,"Unknown","[M+H]+","ion correlated with 3494; ion correlated with 3283",0.107,TRUE,"null","null","null","null","null","null",999,FALSE,FALSE,FALSE,"null","null","null","null","null",253.79,0,0,0,0,0,0,0,0,590,2673,3340,0,0,2132289,1314387,1930842,0,0,2454,0,2603,0,0,0,2556,0,0,0,"F3909_mz373.199_rt1.88",0,2132289,2132290,TRUE,9,1,2,"Fungal control-associated detection","RT >= 1 min","MS/MS available","Unknown"
3910,1.177,373.22275,"Unknown","[M+H]+","ion correlated with 3364; ion correlated with 986; ion correlated with 3122; ion correlated with 4412; ion correlated with 4838; ion correlated with 3136; ion correlated with 4480; ion correlated with 3739; ion correlated with 3654; ion correlated with 1896; ion correlated with 3752; ion correlated with 4762; ion correlated with 3105; ion correlated with 3258; ion correlated with 3816; ion correlated with 4698; ion correlated with 4688; ion correlated with 4556; ion correlated with 2872; ion correlated with 3642; ion correlated with 4942; ion correlated with 3838; ion correlated with 2624",0.071,FALSE,"null","null","null","null","null","null",999,FALSE,FALSE,FALSE,"null","null","null","null","null",29.45,0,3213,0,0,2265,0,0,0,3807,0,0,0,4477,141793,83036,310636,7180,0,2872,0,0,0,4296,5483,7761,5197,2456,1564,"F3910_mz373.2228_rt1.18",1071,310636,289.773320895522,TRUE,14,2,1,"Fungal in-associated detection","RT >= 1 min","No MS/MS assignment","Unknown"
3914,0.769,374.11935,"Unknown","[M+H]+","ion correlated with 888; ion correlated with 2830",0.071,FALSE,"null","null","null","null","null","null",999,FALSE,FALSE,FALSE,"null","null","null","null","null",1080.63,0,0,0,0,0,0,0,101615,81701,103490,32578,0,0,0,0,0,0,0,0,53128,117163,135191,0,0,0,0,0,0,"F3914_mz374.1194_rt0.77",0,135191,135192,TRUE,7,0,3,"Fungal control-associated detection","Early RT","No MS/MS assignment","Unknown"
3916,0.659,374.16705,"Unknown","[M+H]+",NA,0.071,FALSE,"null","null","null","null","null","null",999,FALSE,FALSE,FALSE,"null","null","null","null","null",2908.73,0,0,0,0,0,0,0,106919,0,41270,128114,125500,165373,0,0,0,0,0,0,0,0,0,0,0,0,0,0,0,"F3916_mz374.1671_rt0.66",0,165373,165374,TRUE,5,0,2,"Fungal control-associated detection","Early RT","No MS/MS assignment","Unknown"
3922,0.49,374.24042,"Unknown","[M+H]+",NA,0.071,FALSE,"null","null","null","null","null","null",999,FALSE,FALSE,FALSE,"null","null","null","null","null",89.76,0,0,0,0,0,0,0,144448,109732,142649,0,0,0,0,0,0,0,0,0,0,164620,95353,0,0,0,0,0,0,"F3922_mz374.2404_rt0.49",0,164620,164621,TRUE,5,0,3,"Fungal control-associated detection","Very early RT","No MS/MS assignment","Unknown"
3925,1.434,374.29077,"Unknown","[M+H]+","ion correlated with 1599; ion correlated with 3655; ion correlated with 3711; ion correlated with 3249; ion correlated with 4926; ion correlated with 4972; ion correlated with 3440; ion correlated with 3556; ion correlated with 3050; ion correlated with 5120; ion correlated with 3298; ion correlated with 3110; ion correlated with 4134",0.107,FALSE,"null","null","null","null","null","null",999,FALSE,FALSE,FALSE,"null","null","null","null","null",56.23,0,0,0,0,0,0,0,3091,0,5418,0,0,0,203502,123032,211418,0,0,0,0,0,2961,0,0,0,0,0,0,"F3925_mz374.2908_rt1.43",0,211418,211419,TRUE,6,0,2,"Fungal control-associated detection","RT >= 1 min","No MS/MS assignment","Unknown"
3929,1.155,375.14444,"Unknown","[M+H]+","ion correlated with 4807; ion correlated with 4490",0.179,FALSE,"null","null","null","null","null","null",999,FALSE,FALSE,FALSE,"null","null","null","null","null",1413.34,0,0,0,0,0,0,0,18358,5334,0,0,0,5084,545025,364042,455798,4149,0,0,0,0,5999,164324,139065,205813,0,0,0,"F3929_mz375.1444_rt1.16",0,545025,545026,TRUE,11,1,2,"Fungal control-associated detection","RT >= 1 min","No MS/MS assignment","Unknown"
3934,1.243,375.21469,"Unknown","[M+H]+","ion correlated with 4484; ion correlated with 4656; ion correlated with 4803; ion correlated with 4806; ion correlated with 3224; ion correlated with 4726; ion correlated with 1381; ion correlated with 1635; ion correlated with 3105; ion correlated with 3258; ion correlated with 3816; ion correlated with 4100; ion correlated with 4698; ion correlated with 4516; ion correlated with 3600; ion correlated with 4688; ion correlated with 4556; ion correlated with 2872; ion correlated with 3642; ion correlated with 4381; ion correlated with 1402; ion correlated with 4942; ion correlated with 2624; ion correlated with 4954; ion correlated with 3886; ion correlated with 3495; ion correlated with 4068; ion correlated with 4133; ion correlated with 2952; ion correlated with 3513; ion correlated with 3321; ion correlated with 4511",0.071,FALSE,"null","null","null","null","null","null",999,FALSE,FALSE,FALSE,"null","null","null","null","null",8.91,0,1821,0,0,0,0,0,6410,6717,6766,9670,4598,8033,220084,168358,328071,0,0,0,6400,7055,0,0,0,0,0,0,0,"F3934_mz375.2147_rt1.24",607,328071,539.592105263158,TRUE,11,0,3,"Fungal control-associated detection","RT >= 1 min","No MS/MS assignment","Unknown"
3937,1.015,376.16068,"Unknown","[M+H]+","ion correlated with 3955; ion correlated with 4029; ion correlated with 1654; ion correlated with 4201; ion correlated with 1405; ion correlated with 3171; ion correlated with 3624; ion correlated with 792; ion correlated with 2793; ion correlated with 4037; ion correlated with 3608; ion correlated with 1217; ion correlated with 4207; ion correlated with 3309; ion correlated with 4550; ion correlated with 4658; ion correlated with 4257; ion correlated with 4759; ion correlated with 1837; ion correlated with 4035; ion correlated with 4557; ion correlated with 2094; ion correlated with 3349; ion correlated with 799; ion correlated with 4338",0.107,FALSE,"null","null","null","null","null","null",999,FALSE,FALSE,FALSE,"null","null","null","null","null",16653.16,0,0,0,0,0,0,0,15450,21998,0,0,3413,10938,1013470,755128,729376,0,0,4283,11405,0,0,0,0,0,0,0,0,"F3937_mz376.1607_rt1.01",0,1013470,1013471,TRUE,9,1,2,"Fungal control-associated detection","RT >= 1 min","No MS/MS assignment","Unknown"
3939,1.409,376.17609,"Unknown","[M+H]+","ion correlated with 3773",0.036,FALSE,"null","null","null","null","null","null",999,FALSE,FALSE,FALSE,"null","null","null","null","null",27.6,0,0,0,0,0,0,0,5560,2546,0,0,0,0,78460,36484,449340,0,2850,0,0,0,0,11826,5711,8628,0,0,0,"F3939_mz376.1761_rt1.41",0,449340,449341,TRUE,9,1,2,"Fungal control-associated detection","RT >= 1 min","No MS/MS assignment","Unknown"
3948,1.216,377.19376,"Unknown","[M+H]+","ion correlated with 4681",0.036,FALSE,"null","null","null","null","null","null",999,FALSE,FALSE,FALSE,"null","null","null","null","null",9.8,0,0,0,0,0,0,0,0,3854,5096,0,3855,0,52712,121482,71786,0,2887,0,0,0,5631,0,0,0,0,0,0,"F3948_mz377.1938_rt1.22",0,121482,121483,TRUE,8,1,2,"Fungal control-associated detection","RT >= 1 min","No MS/MS assignment","Unknown"
3949,0.455,377.20288,"Unknown","[M+H]+",NA,0.036,FALSE,"null","null","null","null","null","null",999,FALSE,FALSE,FALSE,"null","null","null","null","null",2086.78,0,2565,0,0,0,0,0,0,104339,36860,0,0,0,0,17150,0,0,0,0,0,0,43089,0,0,0,0,0,0,"F3949_mz377.2029_rt0.46",855,104339,121.892523364486,TRUE,4,0,2,"Fungal control-associated detection","Very early RT","No MS/MS assignment","Unknown"
3953,9.698,377.73904,"Unknown","[M+2H]2+","ion correlated with 5114; ion correlated with 5054",0.107,FALSE,"null","null","null","null","null","null",999,FALSE,FALSE,FALSE,"null","null","null","null","null",6209.5,0,0,0,0,0,0,0,355560,330062,0,0,0,0,0,0,245804,0,0,0,0,0,0,0,0,0,0,0,0,"F3953_mz377.739_rt9.7",0,355560,355561,TRUE,3,0,2,"Fungal control-associated detection","RT >= 1 min","No MS/MS assignment","Unknown"
3971,1.12,380.19183,"Unknown","[M+H]+","ion correlated with 1837; ion correlated with 799; ion correlated with 4649; ion correlated with 819; ion correlated with 3463; ion correlated with 4722; ion correlated with 3491; ion correlated with 4603; ion correlated with 4724; ion correlated with 2899; ion correlated with 4684; ion correlated with 4647; ion correlated with 4639; ion correlated with 820; ion correlated with 1189; ion correlated with 1598; ion correlated with 4719; ion correlated with 4929",0.143,TRUE,"null","null","null","null","null","null",999,FALSE,FALSE,FALSE,"null","null","null","null","null",743.39,0,0,0,0,0,0,0,20653,11310,7988,11141,5790,6423,1932220,1078772,1459026,0,0,0,4097,4826,10111,98714,44473,122265,2889,0,0,"F3971_mz380.1918_rt1.12",0,1932220,1932221,TRUE,16,0,3,"Fungal control-associated detection","RT >= 1 min","MS/MS available","Unknown"
3985,0.737,381.18716,"Unknown","[M+H]+","ion correlated with 3539",0.071,FALSE,"null","null","null","null","null","null",999,FALSE,FALSE,FALSE,"null","null","null","null","null",126.06,0,0,0,0,0,0,0,87745,33388,0,83365,145737,163885,0,0,0,0,0,0,0,0,0,0,0,0,0,0,0,"F3985_mz381.1872_rt0.74",0,163885,163886,TRUE,5,0,2,"Fungal control-associated detection","Early RT","No MS/MS assignment","Unknown"
3987,0.916,381.21338,"Unknown","[M+H]+","ion correlated with 2074",0.071,FALSE,"null","null","null","null","null","null",999,FALSE,FALSE,FALSE,"null","null","null","null","null",75.2,0,0,0,0,0,0,0,79688,123315,136280,41293,14587,0,0,0,0,0,30065,0,16922,81502,53129,0,0,0,0,0,0,"F3987_mz381.2134_rt0.92",0,136280,136281,TRUE,9,1,3,"Fungal control-associated detection","Early RT","No MS/MS assignment","Unknown"
4004,0.47,383.20291,"Unknown","[M+H]+",NA,0.071,FALSE,"null","null","null","null","null","null",999,FALSE,FALSE,FALSE,"null","null","null","null","null",125.02,0,0,0,0,0,0,0,179361,131617,131055,277897,285163,411655,0,0,0,17846,0,0,0,0,54062,0,0,0,0,0,0,"F4004_mz383.2029_rt0.47",0,411655,411656,TRUE,8,1,3,"Fungal control-associated detection","Very early RT","No MS/MS assignment","Unknown"
4015,0.387,384.92682,"Unknown","[M+H]+","ion correlated with 4296",0.036,FALSE,"null","null","null","null","null","null",999,FALSE,FALSE,FALSE,"null","null","null","null","null",2181.86,0,0,0,0,0,4724,4234,29904,26946,20494,19114,17070,7866,61769,58824,109093,0,0,0,16398,4308,13029,44719,44860,70460,10352,6017,6044,"F4015_mz384.9268_rt0.39",0,109093,109094,TRUE,20,0,3,"Fungal control-associated detection","Very early RT","No MS/MS assignment","Unknown"
4016,0.469,385.08926,"Unknown","[M+H]+",NA,0.107,FALSE,"null","null","null","null","null","null",999,FALSE,FALSE,FALSE,"null","null","null","null","null",825.64,0,0,0,0,0,0,0,0,0,0,0,0,0,502831,17401,32625,64107,49726,112790,0,0,0,35864,53123,123210,0,0,0,"F4016_mz385.0893_rt0.47",0,502831,502832,TRUE,9,3,0,"Fungal in-associated detection","Very early RT","No MS/MS assignment","Unknown"
4019,1.114,385.14737,"Unknown","[M+H]+","ion correlated with 4052; ion correlated with 3741; ion correlated with 4035; ion correlated with 3349; ion correlated with 2128; ion correlated with 3757; ion correlated with 4649; ion correlated with 3823; ion correlated with 4486; ion correlated with 3491; ion correlated with 3140; ion correlated with 1289; ion correlated with 4693; ion correlated with 3680; ion correlated with 3638; ion correlated with 4167; ion correlated with 1764; ion correlated with 4724; ion correlated with 3194; ion correlated with 4640; ion correlated with 4223; ion correlated with 4647; ion correlated with 4192; ion correlated with 2871; ion correlated with 3143; ion correlated with 4250; ion correlated with 1870; ion correlated with 3733; ion correlated with 4952",0.107,FALSE,"null","null","null","null","null","null",999,FALSE,FALSE,FALSE,"null","null","null","null","null",174.64,4077,0,0,0,0,0,0,0,9130,21754,19621,16286,11835,423518,426082,408542,0,0,0,4603,0,4608,56168,28468,53767,0,0,0,"F4019_mz385.1474_rt1.11",1359,426082,313.296323529412,TRUE,13,0,2,"Fungal control-associated detection","RT >= 1 min","No MS/MS assignment","Unknown"
4021,0.973,385.16177,"Unknown","[M+H]+","ion correlated with 4181",0.071,FALSE,"null","null","null","null","null","null",999,FALSE,FALSE,FALSE,"null","null","null","null","null",71.3,0,0,0,0,0,0,0,151148,41030,79903,75455,122363,121658,0,0,0,0,0,0,0,11930,0,0,0,0,0,0,0,"F4021_mz385.1618_rt0.97",0,151148,151149,TRUE,7,0,3,"Fungal control-associated detection","Early RT","No MS/MS assignment","Unknown"
4024,0.399,385.90189,"Unknown","[M+H]+","ion correlated with 1353; ion correlated with 494; ion correlated with 1802; ion correlated with 1143; ion correlated with 2056",0.107,FALSE,"null","null","null","null","null","null",999,FALSE,FALSE,FALSE,"null","null","null","null","null",2548.65,0,0,0,0,79259,68680,78504,24485,15794,25575,15244,0,14095,0,18212,0,0,0,0,0,14248,8475,28350,0,0,232778,256926,115712,"F4024_mz385.9019_rt0.4",0,256926,256927,TRUE,15,0,3,"Fungal control-associated detection","Very early RT","No MS/MS assignment","Unknown"
4025,0.486,385.98184,"Unknown","[M+H]+",NA,0.036,FALSE,"null","null","null","null","null","null",999,FALSE,FALSE,FALSE,"null","null","null","null","null",2448.41,5621,0,0,0,62151,122421,86344,0,13002,13994,0,0,0,0,0,0,0,0,0,0,0,0,0,0,0,4824,19810,13841,"F4025_mz385.9818_rt0.49",1873.66666666667,122421,65.3033428165007,TRUE,8,0,2,"Fungal control-associated detection","Very early RT","No MS/MS assignment","Unknown"
4026,0.701,386.14801,"Unknown","[M+H]+",NA,0.25,FALSE,"null","null","null","null","null","null",999,FALSE,FALSE,FALSE,"null","null","null","null","null",384.09,0,0,0,0,0,0,0,243020,124663,140308,80787,0,0,121464,0,101361,0,0,0,65669,149374,147747,0,0,0,0,0,0,"F4026_mz386.148_rt0.7",0,243020,243021,TRUE,9,0,3,"Fungal control-associated detection","Early RT","No MS/MS assignment","Unknown"
4028,0.761,386.16718,"Unknown","[M+H]+",NA,0.036,FALSE,"null","null","null","null","null","null",999,FALSE,FALSE,FALSE,"null","null","null","null","null",71.48,0,0,0,0,0,0,0,88854,75014,107567,29218,0,0,0,20448,23658,0,0,0,0,22814,59776,0,0,0,0,0,0,"F4028_mz386.1672_rt0.76",0,107567,107568,TRUE,8,0,3,"Fungal control-associated detection","Early RT","No MS/MS assignment","Unknown"
4031,1.253,386.25424,"Unknown","[M+H]+","ion correlated with 4726; ion correlated with 4792; ion correlated with 4062; ion correlated with 4100; ion correlated with 4516; ion correlated with 4871; ion correlated with 2872; ion correlated with 4909; ion correlated with 4954; ion correlated with 3495; ion correlated with 3284; ion correlated with 4416; ion correlated with 3321; ion correlated with 3080; ion correlated with 4842",0.107,TRUE,"null","null","null","null","null","null",999,FALSE,FALSE,FALSE,"null","null","null","null","null",397.08,0,0,1822,0,0,0,0,5294,4977,4889,8576,4795,0,1015450,570207,969247,0,0,0,657,4260,0,0,0,0,0,0,0,"F4031_mz386.2542_rt1.25",607.333333333333,1015450,1669.23452054795,TRUE,10,0,3,"Fungal control-associated detection","RT >= 1 min","MS/MS available","Unknown"
4032,9.693,386.72482,"Unknown","[M+H]+",NA,0.036,FALSE,"null","null","null","null","null","null",999,FALSE,FALSE,FALSE,"null","null","null","null","null",2912.22,0,0,0,0,0,0,0,145611,55664,0,0,0,0,0,0,0,0,0,0,0,0,0,0,0,32406,0,0,0,"F4032_mz386.7248_rt9.69",0,145611,145612,TRUE,3,0,2,"Fungal control-associated detection","RT >= 1 min","No MS/MS assignment","Unknown"
4040,0.883,388.20819,"Unknown","[M+H]+","ion correlated with 4263; ion correlated with 2685; ion correlated with 3411; ion correlated with 2391; ion correlated with 1823; ion correlated with 3690",0.107,FALSE,"null","null","null","null","null","null",999,FALSE,FALSE,FALSE,"null","null","null","null","null",6130.63,0,0,0,0,0,0,0,348476,60583,45366,78743,486238,425972,0,0,0,0,26107,0,35797,26049,48303,0,0,0,0,0,0,"F4040_mz388.2082_rt0.88",0,486238,486239,TRUE,10,1,3,"Fungal control-associated detection","Early RT","No MS/MS assignment","Unknown"
4043,0.781,388.25543,"Unknown","[M+H]+","ion correlated with 3474; ion correlated with 3149; ion correlated with 3797; ion correlated with 3812",0.036,FALSE,"null","null","null","null","null","null",999,FALSE,FALSE,FALSE,"null","null","null","null","null",172.05,0,0,0,0,0,0,0,75719,237971,176185,0,9886,0,0,0,0,0,0,0,13688,86068,100931,0,0,0,0,0,0,"F4043_mz388.2554_rt0.78",0,237971,237972,TRUE,7,0,3,"Fungal control-associated detection","Early RT","No MS/MS assignment","Unknown"
4045,0.831,388.2919,"Unknown","[M+H]+","ion correlated with 2830; ion correlated with 4580; ion correlated with 1959",0.036,FALSE,"null","null","null","null","null","null",999,FALSE,FALSE,FALSE,"null","null","null","null","null",59.26,0,0,0,0,0,0,0,103826,126115,152665,0,0,0,0,0,0,0,0,11798,35042,85981,85887,0,0,0,0,0,0,"F4045_mz388.2919_rt0.83",0,152665,152666,TRUE,7,1,3,"Fungal control-associated detection","Early RT","No MS/MS assignment","Unknown"
4051,1.426,389.19394,"Unknown","[M+H]+","ion correlated with 4926; ion correlated with 4972; ion correlated with 3440; ion correlated with 3298",0.071,FALSE,"null","null","null","null","null","null",999,FALSE,FALSE,FALSE,"null","null","null","null","null",39.08,0,0,0,0,0,0,0,10729,9119,5533,4663,6820,2028,214166,196569,422587,0,0,0,0,4452,9318,0,0,0,0,0,0,"F4051_mz389.1939_rt1.43",0,422587,422588,TRUE,11,0,3,"Fungal control-associated detection","RT >= 1 min","No MS/MS assignment","Unknown"
4052,1.055,389.2175,"Unknown","[M+H]+","ion correlated with 1405; ion correlated with 4483; ion correlated with 3624; ion correlated with 4037; ion correlated with 3608; ion correlated with 4687; ion correlated with 4247; ion correlated with 3662; ion correlated with 3961; ion correlated with 4207; ion correlated with 4550; ion correlated with 4668; ion correlated with 3741; ion correlated with 2094; ion correlated with 2128; ion correlated with 392; ion correlated with 3757; ion correlated with 3830; ion correlated with 3638; ion correlated with 4167; ion correlated with 4019",0.107,FALSE,"null","null","null","null","null","null",999,FALSE,FALSE,FALSE,"null","null","null","null","null",76.22,0,0,0,0,0,0,0,24122,22715,13950,0,11657,12523,428798,354037,584990,0,9422,0,19620,11332,9905,0,10835,5775,0,0,1923,"F4052_mz389.2175_rt1.05",0,584990,584991,TRUE,15,1,3,"Fungal control-associated detection","RT >= 1 min","No MS/MS assignment","Unknown"
4066,0.478,391.1832,"Unknown","[M+H]+",NA,0.107,FALSE,"null","null","null","null","null","null",999,FALSE,FALSE,FALSE,"null","null","null","null","null",719.04,0,0,0,0,0,0,0,39159,133861,51418,0,100641,147795,0,0,0,0,0,0,0,0,0,0,0,0,0,0,0,"F4066_mz391.1832_rt0.48",0,147795,147796,TRUE,5,0,3,"Fungal control-associated detection","Very early RT","No MS/MS assignment","Unknown"
4071,0.714,391.26581,"Unknown","[M+H]+",NA,0.036,FALSE,"null","null","null","null","null","null",999,FALSE,FALSE,FALSE,"null","null","null","null","null",39.92,0,0,0,0,2815,0,3455,17332,121483,83380,0,0,0,0,0,0,0,0,0,0,19072,0,0,0,0,0,0,0,"F4071_mz391.2658_rt0.71",0,121483,121484,TRUE,6,0,3,"Fungal control-associated detection","Early RT","No MS/MS assignment","Unknown"
4077,2.829,392.2551,"Unknown","[M+H]+","similar chromatogram in higher mz_4198",0.286,TRUE,"null","null","null","null","null","null",999,FALSE,FALSE,FALSE,"null","null","null","null","null",938.1,0,0,0,0,0,0,0,341177,237049,302353,245110,360460,428383,0,0,0,0,0,0,0,332841,508864,0,0,0,0,0,0,"F4077_mz392.2551_rt2.83",0,508864,508865,TRUE,8,0,3,"Fungal control-associated detection","RT >= 1 min","MS/MS available","Unknown"
4080,1.167,393.18884,"Unknown","[M+H]+","ion correlated with 3638; ion correlated with 4167; ion correlated with 4019; ion correlated with 4739; ion correlated with 3194; ion correlated with 4640; ion correlated with 3022; ion correlated with 4223; ion correlated with 4153; ion correlated with 4618; ion correlated with 4333; ion correlated with 4192; ion correlated with 4307; ion correlated with 4250; ion correlated with 4110; ion correlated with 2740; ion correlated with 4206; ion correlated with 4003; ion correlated with 3957; ion correlated with 4041; ion correlated with 4656; ion correlated with 4789; ion correlated with 4803; ion correlated with 4806; ion correlated with 3600",0.107,FALSE,"null","null","null","null","null","null",999,FALSE,FALSE,FALSE,"null","null","null","null","null",30.52,0,0,0,0,0,0,1387,4974,0,4575,0,4030,4519,208767,248842,200793,0,0,0,0,0,0,0,0,0,1998,0,0,"F4080_mz393.1888_rt1.17",0,248842,248843,TRUE,9,0,2,"Fungal control-associated detection","RT >= 1 min","No MS/MS assignment","Unknown"
4099,0.964,395.2034,"Unknown","[M+H]+","ion correlated with 2907",0.214,FALSE,"null","null","null","null","null","null",999,FALSE,FALSE,FALSE,"null","null","null","null","null",146,0,0,0,0,2254,0,0,191931,15336,96236,209115,395286,364014,0,0,0,0,15699,0,59766,200753,127417,0,0,0,0,0,0,"F4099_mz395.2034_rt0.96",0,395286,395287,TRUE,11,1,3,"Fungal control-associated detection","Early RT","No MS/MS assignment","Unknown"
4105,1.883,396.27512,"Unknown","[M+H]+","ion correlated with 3998; ion correlated with 3871; ion correlated with 1995; ion correlated with 3693; ion correlated with 4050; ion correlated with 3176; ion correlated with 2401; ion correlated with 2581; ion correlated with 3995; ion correlated with 4917; ion correlated with 4931; ion correlated with 3133",0.071,FALSE,"null","null","null","null","null","null",999,FALSE,FALSE,FALSE,"null","null","null","null","null",6.67,0,0,0,0,0,0,0,4278,2628,0,0,0,0,136548,103480,163340,0,0,0,0,0,0,0,0,0,0,2008,0,"F4105_mz396.2751_rt1.88",0,163340,163341,TRUE,6,0,2,"Fungal control-associated detection","RT >= 1 min","No MS/MS assignment","Unknown"
4107,8.423,396.30276,"Unknown","[M+H]+","ion correlated with 4817",0.071,TRUE,"null","null","null","null","null","null",999,FALSE,FALSE,FALSE,"null","null","null","null","null",8.05,0,0,1293,0,1122,0,0,0,3195,0,3802,0,1892,179330,98648,158294,0,1480,2415,0,1578,0,34950,16093,6884,0,0,1795,"F4107_mz396.3028_rt8.42",431,179330,415.118055555556,TRUE,14,2,1,"Fungal in-associated detection","RT >= 1 min","MS/MS available","Unknown"
4116,0.889,398.20435,"Unknown","[M+H]+",NA,0.143,FALSE,"null","null","null","null","null","null",999,FALSE,FALSE,FALSE,"null","null","null","null","null",2673.75,0,0,0,0,0,0,0,148565,99494,97284,63149,137748,147005,0,0,0,0,0,0,0,45414,101432,0,0,0,0,0,0,"F4116_mz398.2043_rt0.89",0,148565,148566,TRUE,8,0,3,"Fungal control-associated detection","Early RT","No MS/MS assignment","Unknown"
4119,2.14,398.24185,"Unknown","[M+H]+","ion correlated with 4179; ion correlated with 4264",0.286,TRUE,"null","null","null","null","null","null",999,FALSE,FALSE,FALSE,"null","null","null","null","null",856.96,0,0,1522,0,0,0,0,2234830,1436533,1733737,1393027,2117524,2614118,0,0,2270,0,0,0,0,1760358,2654440,0,0,0,0,0,0,"F4119_mz398.2418_rt2.14",507.333333333333,2654440,5221.85114754098,TRUE,9,0,3,"Fungal control-associated detection","RT >= 1 min","MS/MS available","Unknown"
4144,1.005,403.18613,"Unknown","[M+H]+","ion correlated with 3369; ion correlated with 4615; ion correlated with 4387; ion correlated with 4565; ion correlated with 3709",0.036,FALSE,"null","null","null","null","null","null",999,FALSE,FALSE,FALSE,"null","null","null","null","null",11.14,0,0,0,0,0,0,0,0,9755,19246,0,0,0,100837,80778,64834,0,0,0,0,11028,18646,7885,0,0,0,0,0,"F4144_mz403.1861_rt1",0,100837,100838,TRUE,8,0,2,"Fungal control-associated detection","RT >= 1 min","No MS/MS assignment","Unknown"
4152,1.054,404.22845,"Unknown","[M+H]+","ion correlated with 1405; ion correlated with 3171; ion correlated with 3624; ion correlated with 4550; ion correlated with 4694; ion correlated with 1020; ion correlated with 1837; ion correlated with 4035; ion correlated with 2094; ion correlated with 2128; ion correlated with 4338; ion correlated with 3463",0.071,FALSE,"null","null","null","null","null","null",999,FALSE,FALSE,FALSE,"null","null","null","null","null",227.85,0,0,0,0,0,1877,0,32181,25719,8683,11692,0,0,650542,206920,486307,0,0,0,6236,19202,8232,14890,5704,17792,0,0,0,"F4152_mz404.2284_rt1.05",0,650542,650543,TRUE,14,0,3,"Fungal control-associated detection","RT >= 1 min","No MS/MS assignment","Unknown"
4165,1.048,406.20773,"Unknown","[M+H]+","ion correlated with 3171; ion correlated with 1458; ion correlated with 792; ion correlated with 3311; ion correlated with 1088; ion correlated with 4759; ion correlated with 2865; ion correlated with 4035; ion correlated with 799; ion correlated with 4338; ion correlated with 1439; ion correlated with 2012; ion correlated with 4844",0.107,FALSE,"null","null","null","null","null","null",999,FALSE,FALSE,FALSE,"null","null","null","null","null",499.58,0,0,0,0,0,0,0,0,0,19903,5491,7319,13541,1471372,461332,554964,0,6034,4919,6816,10291,0,32403,0,6417,2560,0,0,"F4165_mz406.2077_rt1.05",0,1471372,1471373,TRUE,14,2,1,"Fungal in-associated detection","RT >= 1 min","No MS/MS assignment","Unknown"
4168,0.393,406.40247,"Unknown","[M+H]+",NA,0.071,FALSE,"null","null","null","null","null","null",999,FALSE,FALSE,FALSE,"null","null","null","null","null",103.93,0,0,0,0,44584,5512,31005,7797,18282,0,12279,3970,0,0,0,0,0,0,0,0,0,0,0,0,0,100698,55205,169662,"F4168_mz406.4025_rt0.39",0,169662,169663,TRUE,10,0,2,"Fungal control-associated detection","Very early RT","No MS/MS assignment","Unknown"
4169,0.416,406.82626,"Unknown","[M+H]+","ion correlated with 4259; ion correlated with 4589; ion correlated with 4630; ion correlated with 4787; ion correlated with 4463; ion correlated with 4731; ion correlated with 1230; ion correlated with 4249; ion correlated with 4623; ion correlated with 3273; ion correlated with 998; ion correlated with 1872; ion correlated with 4124; ion correlated with 1301; ion correlated with 3142; ion correlated with 2129; ion correlated with 977; ion correlated with 3086",0.107,FALSE,"null","null","null","null","null","null",999,FALSE,FALSE,FALSE,"null","null","null","null","null",2775.05,0,0,0,0,20737,9337,11916,11253,11439,19878,19246,6744,13726,161465,176649,233036,0,17188,0,7822,15606,8558,0,9174,33055,7594,0,4383,"F4169_mz406.8263_rt0.42",0,233036,233037,TRUE,20,1,3,"Fungal control-associated detection","Very early RT","No MS/MS assignment","Unknown"
4173,0.513,407.16666,"Unknown","[M+H]+","ion correlated with 4282; ion correlated with 4190; ion correlated with 4356",0.036,FALSE,"null","null","null","null","null","null",999,FALSE,FALSE,FALSE,"null","null","null","null","null",178.92,0,0,0,0,0,0,0,244047,50740,49793,0,0,0,0,0,0,0,0,0,0,0,0,0,0,0,0,0,0,"F4173_mz407.1667_rt0.51",0,244047,244048,TRUE,3,0,3,"Fungal control-associated detection","Early RT","No MS/MS assignment","Unknown"
4174,1.251,407.18353,"Unknown","[M+H]+","ion correlated with 4752; ion correlated with 3105; ion correlated with 3258; ion correlated with 3816; ion correlated with 4698; ion correlated with 4688; ion correlated with 4556; ion correlated with 2872; ion correlated with 3642; ion correlated with 3838; ion correlated with 2624; ion correlated with 3886; ion correlated with 3934; ion correlated with 4133; ion correlated with 4159; ion correlated with 3815; ion correlated with 3956; ion correlated with 3513",0.036,FALSE,"null","null","null","null","null","null",999,FALSE,FALSE,FALSE,"null","null","null","null","null",159.38,0,0,0,0,0,0,0,6993,7136,3956,0,2637,4654,108492,44648,206460,0,0,0,3068,0,3431,0,0,0,0,0,0,"F4174_mz407.1835_rt1.25",0,206460,206461,TRUE,10,0,3,"Fungal control-associated detection","RT >= 1 min","No MS/MS assignment","Unknown"
4179,2.14,407.30191,"Unknown","[M+H]+","ion correlated with 4119",0.286,TRUE,"null","null","null","null","null","null",999,FALSE,FALSE,FALSE,"null","null","null","null","null",41461.88,0,0,0,0,0,0,0,2844480,2099174,2338784,1805555,2655516,3242597,0,0,0,0,0,0,0,2928408,3718760,0,0,0,0,0,0,"F4179_mz407.3019_rt2.14",0,3718760,3718761,TRUE,8,0,3,"Fungal control-associated detection","RT >= 1 min","MS/MS available","Unknown"
4181,0.95,408.19763,"Unknown","[M+H]+","ion correlated with 4021",0.107,FALSE,"null","null","null","null","null","null",999,FALSE,FALSE,FALSE,"null","null","null","null","null",1327.24,0,0,0,0,0,0,0,200110,85650,63684,59185,184723,155321,0,0,7524,0,12340,0,0,0,0,0,0,0,0,0,0,"F4181_mz408.1976_rt0.95",0,200110,200111,TRUE,8,1,3,"Fungal control-associated detection","Early RT","No MS/MS assignment","Unknown"
4182,0.864,408.198,"Unknown","[M+H]+","ion correlated with 3800; ion correlated with 2734; ion correlated with 3006; ion correlated with 3015; ion correlated with 4199",0.036,FALSE,"null","null","null","null","null","null",999,FALSE,FALSE,FALSE,"null","null","null","null","null",2933.28,0,0,0,0,0,0,0,20420,26009,0,12180,146664,97043,0,0,0,14838,0,0,0,0,0,0,0,0,0,0,0,"F4182_mz408.198_rt0.86",0,146664,146665,TRUE,6,1,2,"Fungal control-associated detection","Early RT","No MS/MS assignment","Unknown"
4187,0.484,408.23419,"Unknown","[M+H]+",NA,0.036,FALSE,"null","null","null","null","null","null",999,FALSE,FALSE,FALSE,"null","null","null","null","null",98.1,0,0,0,0,0,0,0,141228,77323,0,0,0,0,0,0,0,0,0,0,0,0,0,0,0,0,0,0,0,"F4187_mz408.2342_rt0.48",0,141228,141229,TRUE,2,0,2,"Fungal control-associated detection","Very early RT","No MS/MS assignment","Unknown"
4190,0.522,409.1825,"Unknown","[M+H]+","similar chromatogram in higher mz_4346",0.107,FALSE,"null","null","null","null","null","null",999,FALSE,FALSE,FALSE,"null","null","null","null","null",5134.99,0,0,0,0,0,0,0,545667,119054,105527,53356,0,0,0,0,0,0,0,0,0,53974,58326,0,0,0,0,0,0,"F4190_mz409.1825_rt0.52",0,545667,545668,TRUE,6,0,3,"Fungal control-associated detection","Early RT","No MS/MS assignment","Unknown"
4191,1.061,409.18369,"Unknown","[M+H]+",NA,0.107,FALSE,"null","null","null","null","null","null",999,FALSE,FALSE,FALSE,"null","null","null","null","null",3953.52,0,0,0,0,0,0,0,0,417950,7439,0,4318,0,261997,250646,341714,0,0,0,0,6760,0,23200,5618,14156,0,0,0,"F4191_mz409.1837_rt1.06",0,417950,417951,TRUE,10,0,2,"Fungal control-associated detection","RT >= 1 min","No MS/MS assignment","Unknown"
4195,4.889,409.27417,"Unknown","[M+H]+","ion correlated with 4418",0.107,TRUE,"null","null","null","null","null","null",999,FALSE,FALSE,FALSE,"null","null","null","null","null",58.78,0,0,1774,0,0,0,2908,0,0,0,0,0,0,1020944,505080,838110,1616,1405,1652,1470,2635,0,27963,5675,7044,0,1388,0,"F4195_mz409.2742_rt4.89",591.333333333333,1020944,1723.59876195836,TRUE,13,3,0,"Fungal in-associated detection","RT >= 1 min","MS/MS available","Unknown"
4200,0.461,410.1665,"Unknown","[M+H]+",NA,0.071,FALSE,"null","null","null","null","null","null",999,FALSE,FALSE,FALSE,"null","null","null","null","null",34.03,0,0,0,0,0,0,0,280588,39336,0,38305,140073,162724,0,0,0,0,58730,0,0,0,0,15860,0,0,0,0,0,"F4200_mz410.1665_rt0.46",0,280588,280589,TRUE,7,1,2,"Fungal control-associated detection","Very early RT","No MS/MS assignment","Unknown"
4206,1.172,411.16309,"Unknown","[M+H]+","ion correlated with 3194; ion correlated with 4640; ion correlated with 3022; ion correlated with 2690; ion correlated with 4223; ion correlated with 5140; ion correlated with 4647; ion correlated with 4838; ion correlated with 4153; ion correlated with 4677; ion correlated with 3739; ion correlated with 4333; ion correlated with 4832; ion correlated with 4307; ion correlated with 4250; ion correlated with 4950; ion correlated with 4110; ion correlated with 4080; ion correlated with 4341; ion correlated with 4388; ion correlated with 2740; ion correlated with 4166; ion correlated with 4003; ion correlated with 4952; ion correlated with 3957; ion correlated with 4960; ion correlated with 4041; ion correlated with 3635; ion correlated with 4229; ion correlated with 4734; ion correlated with 4656; ion correlated with 4789; ion correlated with 4803; ion correlated with 4806; ion correlated with 3224; ion correlated with 4937; ion correlated with 4448; ion correlated with 1381; ion correlated with 1635; ion correlated with 4100; ion correlated with 3600; ion correlated with 4688; ion correlated with 3904; ion correlated with 4825; ion correlated with 4381; ion correlated with 3563; ion correlated with 4942",0.071,FALSE,"null","null","null","null","null","null",999,FALSE,FALSE,FALSE,"null","null","null","null","null",1501.63,0,0,0,0,0,0,0,18725,0,3545,0,0,6304,143783,109029,149582,0,0,3560,3440,7096,4599,5202,13112,8604,0,0,0,"F4206_mz411.1631_rt1.17",0,149582,149583,TRUE,13,1,2,"Fungal control-associated detection","RT >= 1 min","No MS/MS assignment","Unknown"
4207,1.039,411.16312,"Unknown","[M+H]+","ion correlated with 1654; ion correlated with 1405; ion correlated with 3171; ion correlated with 3624; ion correlated with 2793; ion correlated with 3937; ion correlated with 4037; ion correlated with 3608; ion correlated with 4687; ion correlated with 1217; ion correlated with 3309; ion correlated with 4550; ion correlated with 4658; ion correlated with 4035; ion correlated with 392; ion correlated with 3830; ion correlated with 4649; ion correlated with 819; ion correlated with 3463; ion correlated with 4722",0.143,TRUE,"null","null","null","null","null","null",999,FALSE,FALSE,FALSE,"null","null","null","null","null",6435.48,0,0,0,0,0,0,0,61745,24619,0,13087,55232,60870,1018987,693221,1052560,0,0,0,0,0,7686,205058,92856,71741,0,0,0,"F4207_mz411.1631_rt1.04",0,1052560,1052561,TRUE,12,0,2,"Fungal control-associated detection","RT >= 1 min","MS/MS available","Unknown"
4215,1.085,413.17908,"Unknown","[M+H]+","ion correlated with 4564; ion correlated with 4912; ion correlated with 2865; ion correlated with 1628; ion correlated with 1439; ion correlated with 4938; ion correlated with 3370; ion correlated with 4678; ion correlated with 4348; ion correlated with 3574",0.071,FALSE,"null","null","null","null","null","null",999,FALSE,FALSE,FALSE,"null","null","null","null","null",4087.05,0,0,0,0,0,0,0,0,22893,13294,13703,5202,1462,406279,183310,65158,0,0,5249,20766,27632,16997,0,0,13183,0,0,0,"F4215_mz413.1791_rt1.08",0,406279,406280,TRUE,13,1,2,"Fungal control-associated detection","RT >= 1 min","No MS/MS assignment","Unknown"
4220,0.457,414.04596,"Unknown","[M+H]+",NA,0.107,FALSE,"null","null","null","null","null","null",999,FALSE,FALSE,FALSE,"null","null","null","null","null",4680.19,0,0,0,0,0,0,0,0,0,0,0,0,0,0,0,0,67162,88027,74367,0,0,48255,178845,250596,272588,0,0,0,"F4220_mz414.046_rt0.46",0,272588,272589,TRUE,7,3,0,"Fungal in-associated detection","Very early RT","No MS/MS assignment","Unknown"
4222,2.14,414.21582,"Unknown","[M+H]+","ion correlated with 5109; ion correlated with 4421",0.286,TRUE,"null","null","null","null","null","null",999,FALSE,FALSE,FALSE,"null","null","null","null","null",2307.87,0,0,0,0,0,0,0,288842,185793,228233,159230,213380,271171,0,0,0,0,0,0,0,233066,313315,0,0,0,0,0,0,"F4222_mz414.2158_rt2.14",0,313315,313316,TRUE,8,0,3,"Fungal control-associated detection","RT >= 1 min","MS/MS available","Unknown"
4241,0.96,417.18762,"Unknown","[M+H]+","ion correlated with 3291; ion correlated with 4154; ion correlated with 4495",0.107,FALSE,"null","null","null","null","null","null",999,FALSE,FALSE,FALSE,"null","null","null","null","null",3123.39,0,0,0,0,0,0,0,312714,18983,0,34022,387048,450930,0,0,0,0,0,9924,0,17186,0,0,0,0,0,0,0,"F4241_mz417.1876_rt0.96",0,450930,450931,TRUE,7,1,2,"Fungal control-associated detection","Early RT","No MS/MS assignment","Unknown"
4263,0.824,421.18237,"Unknown","[M+H]+","ion correlated with 2685; ion correlated with 3411; ion correlated with 4040",0.107,FALSE,"null","null","null","null","null","null",999,FALSE,FALSE,FALSE,"null","null","null","null","null",11053.01,0,0,0,0,0,0,0,496102,125985,43555,95284,535270,626580,0,19581,0,0,0,0,22298,28401,25150,0,0,0,0,0,0,"F4263_mz421.1824_rt0.82",0,626580,626581,TRUE,10,0,3,"Fungal control-associated detection","Early RT","No MS/MS assignment","Unknown"
4264,2.14,421.31781,"Unknown","[M+H]+","ion correlated with 4119; ion correlated with 4179",0.286,TRUE,"null","null","null","null","null","null",999,FALSE,FALSE,FALSE,"null","null","null","null","null",9451.71,0,0,0,0,0,0,0,2008853,1460006,1550474,1132896,1715362,1891815,0,0,0,0,0,0,0,1634648,1997151,0,0,0,0,0,0,"F4264_mz421.3178_rt2.14",0,2008853,2008854,TRUE,8,0,3,"Fungal control-associated detection","RT >= 1 min","MS/MS available","Unknown"
4265,1.231,422.18179,"Unknown","[M+H]+",NA,0.036,FALSE,"null","null","null","null","null","null",999,FALSE,FALSE,FALSE,"null","null","null","null","null",59.33,0,0,0,0,0,0,0,8592,8550,16846,6002,0,0,18213,0,100312,0,0,0,10018,9395,8809,0,0,8614,0,0,0,"F4265_mz422.1818_rt1.23",0,100312,100313,TRUE,10,0,3,"Fungal control-associated detection","RT >= 1 min","No MS/MS assignment","Unknown"
4268,0.725,422.24997,"Unknown","[M+H]+",NA,0.036,FALSE,"null","null","null","null","null","null",999,FALSE,FALSE,FALSE,"null","null","null","null","null",46.6,0,0,0,0,0,0,0,141482,29497,0,65279,0,18272,0,0,0,0,0,0,0,45904,26496,0,0,0,0,0,0,"F4268_mz422.25_rt0.72",0,141482,141483,TRUE,6,0,2,"Fungal control-associated detection","Early RT","No MS/MS assignment","Unknown"
4272,0.996,423.19827,"Unknown","[M+H]+","ion correlated with 4154; ion correlated with 2536; ion correlated with 4495",0.071,FALSE,"null","null","null","null","null","null",999,FALSE,FALSE,FALSE,"null","null","null","null","null",1965.89,0,0,0,0,0,0,0,85376,25058,20075,24950,185694,192892,0,9723,0,0,20461,0,0,54308,14431,0,0,0,0,0,0,"F4272_mz423.1983_rt1",0,192892,192893,TRUE,10,1,3,"Fungal control-associated detection","Early RT","No MS/MS assignment","Unknown"
4279,0.391,423.95389,"Unknown","[M+H]+","ion correlated with 3999",0.179,FALSE,"null","null","null","null","null","null",999,FALSE,FALSE,FALSE,"null","null","null","null","null",3424.3,0,0,0,0,0,0,17179,70327,56108,71298,21500,6367,16030,163401,166577,223672,0,9661,0,11548,22488,29178,130786,76064,171639,58437,56979,0,"F4279_mz423.9539_rt0.39",0,223672,223673,TRUE,19,1,3,"Fungal control-associated detection","Very early RT","No MS/MS assignment","Unknown"
4281,0.73,424.18146,"Unknown","[M+H]+","ion correlated with 4865",0.107,FALSE,"null","null","null","null","null","null",999,FALSE,FALSE,FALSE,"null","null","null","null","null",4702.98,0,0,0,0,0,0,0,349197,197819,158431,95905,0,0,0,0,0,0,0,0,0,63711,60623,0,0,0,0,0,0,"F4281_mz424.1815_rt0.73",0,349197,349198,TRUE,6,0,3,"Fungal control-associated detection","Early RT","No MS/MS assignment","Unknown"
4282,0.503,424.18207,"Unknown","[M+H]+","ion correlated with 4173; ion correlated with 4190; ion correlated with 4356; similar chromatogram in higher mz_4379; similar chromatogram in higher mz_4866",0.036,FALSE,"null","null","null","null","null","null",999,FALSE,FALSE,FALSE,"null","null","null","null","null",3496.61,0,0,0,0,0,0,0,174830,45374,40715,0,0,0,0,0,0,0,0,0,0,0,0,0,0,0,0,0,0,"F4282_mz424.1821_rt0.5",0,174830,174831,TRUE,3,0,3,"Fungal control-associated detection","Early RT","No MS/MS assignment","Unknown"
4284,0.986,424.23358,"Unknown","[M+H]+","ion correlated with 3460; ion correlated with 3662; ion correlated with 3961",0.107,TRUE,"null","null","null","null","null","null",999,FALSE,FALSE,FALSE,"null","null","null","null","null",67.81,0,0,1805,0,0,0,0,16864,13920,17914,0,0,12298,103930,391269,589695,0,0,0,0,0,0,0,0,0,0,0,0,"F4284_mz424.2336_rt0.99",601.666666666667,589695,978.477876106195,TRUE,7,0,3,"Fungal control-associated detection","Early RT","MS/MS available","Unknown"
4289,1.035,425.19272,"Unknown","[M+H]+","ion correlated with 3007; ion correlated with 3243; ion correlated with 4033; ion correlated with 1504; ion correlated with 2217; ion correlated with 4175; ion correlated with 2486; ion correlated with 1777",0.107,FALSE,"null","null","null","null","null","null",999,FALSE,FALSE,FALSE,"null","null","null","null","null",97.75,0,0,0,0,0,0,0,63756,31085,34635,166995,379270,419147,0,0,0,0,0,0,14040,6274,0,0,0,0,2522,0,0,"F4289_mz425.1927_rt1.03",0,419147,419148,TRUE,9,0,3,"Fungal control-associated detection","RT >= 1 min","No MS/MS assignment","Unknown"
4296,0.388,425.95276,"Unknown","[M+H]+","ion correlated with 4015",0.071,FALSE,"null","null","null","null","null","null",999,FALSE,FALSE,FALSE,"null","null","null","null","null",2416.39,0,0,0,0,0,0,0,23590,21238,34014,19105,3580,6970,105432,84812,136207,0,6713,0,6653,4903,28233,61884,51901,84307,8630,11971,10818,"F4296_mz425.9528_rt0.39",0,136207,136208,TRUE,19,1,3,"Fungal control-associated detection","Very early RT","No MS/MS assignment","Unknown"
4301,1,427.20731,"Unknown","[M+H]+",NA,0.036,FALSE,"null","null","null","null","null","null",999,FALSE,FALSE,FALSE,"null","null","null","null","null",2156.92,0,0,0,0,0,0,0,58406,45000,0,53487,107846,98249,0,0,0,0,0,10611,0,22379,34550,0,0,0,0,0,0,"F4301_mz427.2073_rt1",0,107846,107847,TRUE,8,1,2,"Fungal control-associated detection","RT >= 1 min","No MS/MS assignment","Unknown"
4307,1.153,428.25006,"Unknown","[M+H]+","ion correlated with 4310; ion correlated with 4733; ion correlated with 3876; ion correlated with 4575; ion correlated with 598; ion correlated with 4597; ion correlated with 3638; ion correlated with 4167; ion correlated with 4019; ion correlated with 4724; ion correlated with 3194; ion correlated with 4640; ion correlated with 3022; ion correlated with 2690; ion correlated with 4223; ion correlated with 5140; ion correlated with 4647; ion correlated with 4838; ion correlated with 4153; ion correlated with 3739; ion correlated with 4333; ion correlated with 4192; ion correlated with 2871; ion correlated with 4250; ion correlated with 4110; ion correlated with 4080; ion correlated with 4388; ion correlated with 2740; ion correlated with 4206; ion correlated with 4003; ion correlated with 3957; ion correlated with 4960; ion correlated with 4041; ion correlated with 3635; ion correlated with 4656; ion correlated with 4789; ion correlated with 4803; ion correlated with 4806; ion correlated with 4448; ion correlated with 1381; ion correlated with 1635; ion correlated with 4100; ion correlated with 3600; ion correlated with 3904",0.107,FALSE,"null","null","null","null","null","null",999,FALSE,FALSE,FALSE,"null","null","null","null","null",37.75,0,0,0,0,0,0,0,4956,0,4306,7249,0,3870,191249,194661,204582,0,0,0,0,4340,0,4452,0,0,0,0,1663,"F4307_mz428.2501_rt1.15",0,204582,204583,TRUE,10,0,2,"Fungal control-associated detection","RT >= 1 min","No MS/MS assignment","Unknown"
4313,6.639,429.37323,"Unknown","[M+H]+",NA,0.071,TRUE,"null","null","null","null","null","null",999,FALSE,FALSE,FALSE,"null","null","null","null","null",125.79,0,0,0,0,0,0,0,1002086,999002,0,0,0,0,2623,1921,353528,0,0,0,0,0,0,0,0,7579,0,0,0,"F4313_mz429.3732_rt6.64",0,1002086,1002087,TRUE,6,0,2,"Fungal control-associated detection","RT >= 1 min","MS/MS available","Unknown"
4314,6.746,429.37338,"Unknown","[M+H]+",NA,0.036,TRUE,"null","null","null","null","null","null",999,FALSE,FALSE,FALSE,"null","null","null","null","null",30.17,0,0,994,0,0,0,0,1136595,865546,0,0,0,0,1061,7349,280260,0,0,0,0,0,0,0,0,10524,0,0,0,"F4314_mz429.3734_rt6.75",331.333333333333,1136595,3420.0481444333,TRUE,6,0,2,"Fungal control-associated detection","RT >= 1 min","MS/MS available","Unknown"
4331,0.96,432.25327,"Unknown","[M+H]+",NA,0.107,FALSE,"null","null","null","null","null","null",999,FALSE,FALSE,FALSE,"null","null","null","null","null",16.35,0,0,0,0,0,0,0,87755,59118,167845,54134,50788,24056,251146,130811,131478,0,30284,0,16110,15421,20010,0,0,0,0,0,0,"F4331_mz432.2533_rt0.96",0,251146,251147,TRUE,13,1,3,"Fungal control-associated detection","Early RT","No MS/MS assignment","Unknown"
4336,0.956,434.16599,"Unknown","[M+H]+","ion correlated with 3291",0.036,FALSE,"null","null","null","null","null","null",999,FALSE,FALSE,FALSE,"null","null","null","null","null",2087.32,0,0,0,0,0,0,0,104366,0,13993,46230,93685,91630,0,0,0,10245,0,0,0,0,0,0,0,0,0,0,0,"F4336_mz434.166_rt0.96",0,104366,104367,TRUE,6,1,2,"Fungal control-associated detection","Early RT","No MS/MS assignment","Unknown"
4337,0.47,434.18719,"Unknown","[M+H]+",NA,0.107,FALSE,"null","null","null","null","null","null",999,FALSE,FALSE,FALSE,"null","null","null","null","null",1882.37,0,0,0,0,0,0,0,190246,0,154998,0,36199,82380,61587,48464,52033,0,0,42090,0,0,115007,115756,165916,174523,0,0,0,"F4337_mz434.1872_rt0.47",0,190246,190247,TRUE,12,1,2,"Fungal control-associated detection","Very early RT","No MS/MS assignment","Unknown"
4339,5.504,434.2796,"Unknown","[M+H]+",NA,0.036,FALSE,"null","null","null","null","null","null",999,FALSE,FALSE,FALSE,"null","null","null","null","null",12.02,5455,0,1411,0,0,0,1794,1631,2443,3207,2681,1764,1596,176648,70464,97267,0,0,1349,1630,0,2186,76172,27676,14651,0,0,1336,"F4339_mz434.2796_rt5.5",2288.66666666667,176648,77.1505313728345,TRUE,17,1,3,"Fungal control-associated detection","RT >= 1 min","No MS/MS assignment","Unknown"
4356,0.522,439.1568,"Unknown","[M+H]+","ion correlated with 4173; ion correlated with 4190",0.036,FALSE,"null","null","null","null","null","null",999,FALSE,FALSE,FALSE,"null","null","null","null","null",4978,0,0,0,0,0,0,0,248900,48153,54046,47847,0,43693,0,0,0,0,0,0,0,0,0,0,0,0,0,0,0,"F4356_mz439.1568_rt0.52",0,248900,248901,TRUE,5,0,3,"Fungal control-associated detection","Early RT","No MS/MS assignment","Unknown"
4365,1.172,440.25055,"Unknown","[M+H]+",NA,0.036,FALSE,"null","null","null","null","null","null",999,FALSE,FALSE,FALSE,"null","null","null","null","null",24.23,0,0,0,0,0,0,0,13543,18216,5410,22710,23278,22792,104277,40592,73147,0,0,3722,6594,10890,12511,0,0,0,0,0,0,"F4365_mz440.2505_rt1.17",0,104277,104278,TRUE,13,1,3,"Fungal control-associated detection","RT >= 1 min","No MS/MS assignment","Unknown"
4369,0.555,441.10074,"Unknown","[M+H]+",NA,0.071,FALSE,"null","null","null","null","null","null",999,FALSE,FALSE,FALSE,"null","null","null","null","null",2795,0,0,0,0,0,0,0,139070,100104,140430,30309,0,0,0,0,0,0,0,43812,92350,90205,168185,0,0,0,0,0,0,"F4369_mz441.1007_rt0.56",0,168185,168186,TRUE,8,1,3,"Fungal control-associated detection","Early RT","No MS/MS assignment","Unknown"
4370,0.725,441.1543,"Unknown","[M+H]+","ion correlated with 4498",0.036,FALSE,"null","null","null","null","null","null",999,FALSE,FALSE,FALSE,"null","null","null","null","null",2576.42,0,0,0,0,0,0,0,128821,30892,17794,16127,0,0,0,0,0,0,16001,0,0,16365,20912,0,0,0,0,0,0,"F4370_mz441.1543_rt0.72",0,128821,128822,TRUE,7,1,3,"Fungal control-associated detection","Early RT","No MS/MS assignment","Unknown"
4372,1.059,441.22366,"Unknown","[M+H]+","ion correlated with 3222",0.071,FALSE,"null","null","null","null","null","null",999,FALSE,FALSE,FALSE,"null","null","null","null","null",113.63,0,0,0,0,0,0,0,78107,49948,44787,88265,152115,138250,0,0,0,0,0,0,12456,0,9674,0,0,0,0,0,0,"F4372_mz441.2237_rt1.06",0,152115,152116,TRUE,8,0,3,"Fungal control-associated detection","RT >= 1 min","No MS/MS assignment","Unknown"
4376,1.469,441.30075,"Unknown","[M+H]+","ion correlated with 4477; ion correlated with 4562",0.071,TRUE,"null","null","null","null","null","null",999,FALSE,FALSE,FALSE,"null","null","null","null","null",88.67,0,0,0,0,0,0,0,0,0,0,43294,188982,180698,0,0,0,0,11149,3325,0,0,0,0,0,0,0,0,0,"F4376_mz441.3008_rt1.47",0,188982,188983,TRUE,5,2,0,"Fungal in-associated detection","RT >= 1 min","MS/MS available","Unknown"
4386,0.463,443.12384,"Unknown","[M+H]+",NA,0.036,FALSE,"null","null","null","null","null","null",999,FALSE,FALSE,FALSE,"null","null","null","null","null",2621.92,0,0,0,0,0,0,0,0,25363,69758,109118,42220,41264,98912,65664,131096,0,0,54009,26964,0,111398,35377,37512,83070,0,0,0,"F4386_mz443.1238_rt0.46",0,131096,131097,TRUE,14,1,2,"Fungal control-associated detection","Very early RT","No MS/MS assignment","Unknown"
4408,8.458,447.28748,"Unknown","[M+H]+","ion correlated with 4294",0.071,TRUE,"null","null","null","null","null","null",999,FALSE,FALSE,FALSE,"null","null","null","null","null",70.59,0,0,0,0,1297,0,0,2210,0,1744,0,1895,1058,7317,14926,18934,0,1386,0,1868,0,0,85570,580526,441233,1240,1468,0,"F4408_mz447.2875_rt8.46",0,580526,580527,TRUE,15,1,2,"Fungal control-associated detection","RT >= 1 min","MS/MS available","Unknown"
4412,1.134,448.21771,"Unknown","[M+H]+","ion correlated with 3830; ion correlated with 4098; ion correlated with 3305; ion correlated with 4838; ion correlated with 4480; ion correlated with 3739; ion correlated with 2871; ion correlated with 3654; ion correlated with 1896; ion correlated with 3910; ion correlated with 4484; ion correlated with 4656",0.071,FALSE,"null","null","null","null","null","null",999,FALSE,FALSE,FALSE,"null","null","null","null","null",41.81,0,0,0,0,0,0,0,9526,4131,0,0,4321,0,194322,220462,465673,0,0,0,0,0,0,0,0,0,0,0,0,"F4412_mz448.2177_rt1.13",0,465673,465674,TRUE,6,0,2,"Fungal control-associated detection","RT >= 1 min","No MS/MS assignment","Unknown"
4413,0.419,448.97311,"Unknown","[M+H]+","ion correlated with 3829; ion correlated with 3508; ion correlated with 4249; ion correlated with 3095; ion correlated with 3069; ion correlated with 998; ion correlated with 1091; ion correlated with 1872; ion correlated with 4124; ion correlated with 1926; ion correlated with 2348",0.107,FALSE,"null","null","null","null","null","null",999,FALSE,FALSE,FALSE,"null","null","null","null","null",7089.74,0,0,0,0,0,0,0,0,0,0,0,0,0,285671,426821,350970,9258,8290,13872,11524,22495,22067,43869,54557,57830,0,0,0,"F4413_mz448.9731_rt0.42",0,426821,426822,TRUE,12,3,0,"Fungal in-associated detection","Very early RT","No MS/MS assignment","Unknown"
4421,2.14,449.34897,"Unknown","[M+H]+","ion correlated with 5109; ion correlated with 4222",0.286,FALSE,"null","null","null","null","null","null",999,FALSE,FALSE,FALSE,"null","null","null","null","null",1693.74,0,0,0,0,0,0,0,206002,171984,168620,127755,197202,201237,0,0,0,0,0,0,0,175334,245081,0,0,0,0,0,0,"F4421_mz449.349_rt2.14",0,245081,245082,TRUE,8,0,3,"Fungal control-associated detection","RT >= 1 min","No MS/MS assignment","Unknown"
4422,0.898,450.25656,"Unknown","[M+H]+",NA,0.107,FALSE,"null","null","null","null","null","null",999,FALSE,FALSE,FALSE,"null","null","null","null","null",1709.49,0,0,0,0,0,0,0,246919,48619,0,73026,136986,131231,0,0,0,0,0,0,14894,0,0,0,0,0,0,0,0,"F4422_mz450.2566_rt0.9",0,246919,246920,TRUE,6,0,2,"Fungal control-associated detection","Early RT","No MS/MS assignment","Unknown"
4465,0.455,459.10229,"Unknown","[M+H]+",NA,0.143,FALSE,"null","null","null","null","null","null",999,FALSE,FALSE,FALSE,"null","null","null","null","null",2086.83,0,0,0,0,0,0,0,0,23490,15559,0,0,0,69096,118759,107376,0,0,0,9145,7900,28815,195554,113023,55435,0,0,0,"F4465_mz459.1023_rt0.46",0,195554,195555,TRUE,11,0,2,"Fungal control-associated detection","Very early RT","No MS/MS assignment","Unknown"
4466,1.142,459.20062,"Unknown","[M+H]+","ion correlated with 3658; ion correlated with 4396; ion correlated with 2203; ion correlated with 4300; ion correlated with 2690; ion correlated with 5140; ion correlated with 4543; ion correlated with 4677; ion correlated with 4333; ion correlated with 4832; ion correlated with 4950; ion correlated with 4110; ion correlated with 4353; ion correlated with 4341; ion correlated with 4388; ion correlated with 2740; ion correlated with 4166; ion correlated with 4952; ion correlated with 4041; ion correlated with 3635; ion correlated with 4229; ion correlated with 4797; ion correlated with 4789; ion correlated with 4937; similar chromatogram in higher mz_4684",0.036,FALSE,"null","null","null","null","null","null",999,FALSE,FALSE,FALSE,"null","null","null","null","null",2251.08,0,0,0,0,0,0,0,12161,0,7662,0,0,0,112554,48737,76906,0,0,0,0,0,0,0,0,0,0,0,0,"F4466_mz459.2006_rt1.14",0,112554,112555,TRUE,5,0,2,"Fungal control-associated detection","RT >= 1 min","No MS/MS assignment","Unknown"
4493,0.423,464.95047,"Unknown","[M+H]+","ion correlated with 3829; ion correlated with 4413; ion correlated with 4424; ion correlated with 4701; ion correlated with 3531; ion correlated with 3661; ion correlated with 3069; ion correlated with 3273; ion correlated with 4528; ion correlated with 714; ion correlated with 4451; ion correlated with 977; ion correlated with 2348",0.107,FALSE,"null","null","null","null","null","null",999,FALSE,FALSE,FALSE,"null","null","null","null","null",3296.42,0,0,0,0,0,0,0,0,0,0,0,0,0,123634,234775,136054,0,6926,9294,0,8899,0,0,27422,17073,0,0,0,"F4493_mz464.9505_rt0.42",0,234775,234776,TRUE,8,2,0,"Fungal in-associated detection","Very early RT","No MS/MS assignment","Unknown"
4495,0.995,465.18732,"Unknown","[M+H]+","ion correlated with 4154; ion correlated with 4241; ion correlated with 4272",0.107,FALSE,"null","null","null","null","null","null",999,FALSE,FALSE,FALSE,"null","null","null","null","null",5543.76,0,0,0,0,0,0,2086,197400,13540,0,27032,313251,320913,0,0,14478,0,0,0,0,20524,0,0,0,0,0,0,0,"F4495_mz465.1873_rt1",0,320913,320914,TRUE,8,0,2,"Fungal control-associated detection","Early RT","No MS/MS assignment","Unknown"
4498,0.744,466.20364,"Unknown","[M+H]+","ion correlated with 4370",0.036,FALSE,"null","null","null","null","null","null",999,FALSE,FALSE,FALSE,"null","null","null","null","null",2650.63,0,0,0,0,0,0,0,132531,39933,16082,0,0,0,0,0,18448,0,0,0,0,21262,39863,0,0,0,0,0,0,"F4498_mz466.2036_rt0.74",0,132531,132532,TRUE,6,0,3,"Fungal control-associated detection","Early RT","No MS/MS assignment","Unknown"
4503,0.924,467.21045,"Unknown","[M+H]+","ion correlated with 3369",0.107,FALSE,"null","null","null","null","null","null",999,FALSE,FALSE,FALSE,"null","null","null","null","null",3304.68,0,0,0,0,0,0,0,9880,56720,0,0,0,0,223724,157247,114730,0,0,19234,0,0,53825,0,0,0,0,0,0,"F4503_mz467.2104_rt0.92",0,223724,223725,TRUE,7,1,2,"Fungal control-associated detection","Early RT","No MS/MS assignment","Unknown"
4521,0.594,472.16663,"Unknown","[M+H]+",NA,0.179,FALSE,"null","null","null","null","null","null",999,FALSE,FALSE,FALSE,"null","null","null","null","null",5625.29,0,0,0,0,0,0,0,325749,152647,509505,54710,0,0,0,0,0,0,0,0,202590,193850,192312,0,0,0,0,0,0,"F4521_mz472.1666_rt0.59",0,509505,509506,TRUE,7,0,3,"Fungal control-associated detection","Early RT","No MS/MS assignment","Unknown"
4522,0.938,472.17984,"Unknown","[M+H]+",NA,0.107,FALSE,"null","null","null","null","null","null",999,FALSE,FALSE,FALSE,"null","null","null","null","null",1617.61,0,0,0,0,0,0,0,230563,99009,130619,54812,68441,104423,0,0,0,0,0,9954,0,16385,25004,0,0,0,0,0,0,"F4522_mz472.1798_rt0.94",0,230563,230564,TRUE,9,1,3,"Fungal control-associated detection","Early RT","No MS/MS assignment","Unknown"
4532,0.536,474.16397,"Unknown","[M+H]+",NA,0.071,FALSE,"null","null","null","null","null","null",999,FALSE,FALSE,FALSE,"null","null","null","null","null",1766.34,0,0,0,0,0,0,0,136668,46688,171209,44930,0,0,0,0,0,0,0,0,0,0,0,0,0,0,0,0,0,"F4532_mz474.164_rt0.54",0,171209,171210,TRUE,4,0,3,"Fungal control-associated detection","Early RT","No MS/MS assignment","Unknown"
4537,0.393,474.83395,"Unknown","[M+H]+","ion correlated with 380; ion correlated with 237; ion correlated with 1353; ion correlated with 528; ion correlated with 494; ion correlated with 1695",0.179,FALSE,"null","null","null","null","null","null",999,FALSE,FALSE,FALSE,"null","null","null","null","null",5072.11,0,0,0,0,199482,117088,71779,0,5672,20721,29053,4749,0,0,0,0,0,0,0,0,0,5383,21216,14534,0,270389,377319,303748,"F4537_mz474.834_rt0.39",0,377319,377320,TRUE,13,0,2,"Fungal control-associated detection","Very early RT","No MS/MS assignment","Unknown"
4539,0.811,476.13824,"Unknown","[M+H]+",NA,0.036,FALSE,"null","null","null","null","null","null",999,FALSE,FALSE,FALSE,"null","null","null","null","null",2176.2,0,0,0,0,0,0,0,108810,20726,32801,21528,0,16409,0,0,0,0,15000,0,19869,15682,0,0,0,0,0,0,0,"F4539_mz476.1382_rt0.81",0,108810,108811,TRUE,8,1,3,"Fungal control-associated detection","Early RT","No MS/MS assignment","Unknown"
4546,3.347,478.29358,"Unknown","[M+H]+",NA,0.036,FALSE,"null","null","null","null","null","null",999,FALSE,FALSE,FALSE,"null","null","null","null","null",12.13,0,0,0,0,0,0,0,4138,23037,13298,10907,1956,1563,76406,49291,151822,0,0,0,5561,6051,12463,5892,18316,32132,0,0,0,"F4546_mz478.2936_rt3.35",0,151822,151823,TRUE,15,0,3,"Fungal control-associated detection","RT >= 1 min","No MS/MS assignment","Unknown"
4547,3.139,478.29364,"Unknown","[M+H]+",NA,0.071,TRUE,"null","null","null","null","null","null",999,FALSE,FALSE,FALSE,"null","null","null","null","null",4247.23,0,0,0,0,0,0,0,0,2602,1803,20484,127740,296983,80534,33278,63592,0,0,0,0,0,3002,21760,31457,87300,0,0,0,"F4547_mz478.2936_rt3.14",0,296983,296984,TRUE,12,0,2,"Fungal control-associated detection","RT >= 1 min","MS/MS available","Unknown"
4560,0.456,481.21503,"Unknown","[M+H]+","ion correlated with 2356; ion correlated with 3180; ion correlated with 3492; ion correlated with 3497; ion correlated with 3330; ion correlated with 2980",0.107,FALSE,"null","null","null","null","null","null",999,FALSE,FALSE,FALSE,"null","null","null","null","null",7993.79,0,0,0,0,0,0,0,288588,69893,0,0,470706,439775,0,0,0,0,0,0,0,0,0,0,0,0,0,0,0,"F4560_mz481.215_rt0.46",0,470706,470707,TRUE,4,0,2,"Fungal control-associated detection","Very early RT","No MS/MS assignment","Unknown"
4562,1.464,481.29324,"Unknown","[M+H]+","ion correlated with 4376",0.071,TRUE,"null","null","null","null","null","null",999,FALSE,FALSE,FALSE,"null","null","null","null","null",5864.28,0,0,0,0,0,0,0,0,0,0,43338,300555,285873,0,0,0,0,20493,12004,6255,11832,4808,0,0,0,0,0,0,"F4562_mz481.2932_rt1.46",0,300555,300556,TRUE,8,2,0,"Fungal in-associated detection","RT >= 1 min","MS/MS available","Unknown"
4563,0.46,482.18463,"Unknown","[M+H]+",NA,0.071,FALSE,"null","null","null","null","null","null",999,FALSE,FALSE,FALSE,"null","null","null","null","null",1359.73,0,0,0,0,0,0,0,92434,59375,302111,128268,0,0,0,0,0,0,0,0,79982,23505,0,0,0,0,0,0,0,"F4563_mz482.1846_rt0.46",0,302111,302112,TRUE,6,0,3,"Fungal control-associated detection","Very early RT","No MS/MS assignment","Unknown"
4565,1.045,482.25977,"Unknown","[M+H]+","ion correlated with 4029; ion correlated with 1405; ion correlated with 4483; ion correlated with 3535; ion correlated with 3937; ion correlated with 3565; ion correlated with 567; ion correlated with 4387; ion correlated with 4550; ion correlated with 4658; ion correlated with 4668; ion correlated with 4564; ion correlated with 4257; ion correlated with 4130; ion correlated with 4770; ion correlated with 1020; ion correlated with 4035; ion correlated with 3349; ion correlated with 2128; ion correlated with 4486; ion correlated with 4283; ion correlated with 4310; ion correlated with 3491; ion correlated with 598; ion correlated with 4597",0.107,FALSE,"null","null","null","null","null","null",999,FALSE,FALSE,FALSE,"null","null","null","null","null",2664.18,0,1936,0,0,0,0,0,11598,13869,0,6578,0,7836,267504,204940,191239,0,7375,0,11297,0,11564,6734,0,0,0,0,0,"F4565_mz482.2598_rt1.04",645.333333333333,267504,413.880866425993,TRUE,11,1,2,"Fungal control-associated detection","RT >= 1 min","No MS/MS assignment","Unknown"
4569,0.455,485.06335,"Unknown","[M+H]+",NA,0.036,FALSE,"null","null","null","null","null","null",999,FALSE,FALSE,FALSE,"null","null","null","null","null",2463.55,0,0,0,0,0,0,0,0,123178,0,46914,0,0,0,0,0,25711,0,57714,0,43748,0,0,0,0,0,0,0,"F4569_mz485.0634_rt0.46",0,123178,123179,TRUE,5,2,1,"Fungal in-associated detection","Very early RT","No MS/MS assignment","Unknown"
4584,0.481,489.19241,"Unknown","[M+H]+",NA,0.107,FALSE,"null","null","null","null","null","null",999,FALSE,FALSE,FALSE,"null","null","null","null","null",1697.79,0,0,0,0,0,0,0,53850,104414,114314,41687,32638,0,0,54114,0,45462,0,0,45474,0,0,114593,136652,27086,0,0,0,"F4584_mz489.1924_rt0.48",0,136652,136653,TRUE,11,1,3,"Fungal control-associated detection","Very early RT","No MS/MS assignment","Unknown"
4596,0.408,492.88248,"Unknown","[M+H]+","ion correlated with 4798",0.036,FALSE,"null","null","null","null","null","null",999,FALSE,FALSE,FALSE,"null","null","null","null","null",2189.66,0,0,0,0,6451,32477,23153,17891,0,0,43966,96484,109483,0,0,0,16456,8985,14736,18286,12936,8471,0,0,0,0,0,34052,"F4596_mz492.8825_rt0.41",0,109483,109484,TRUE,14,3,1,"Fungal in-associated detection","Very early RT","No MS/MS assignment","Unknown"
4624,0.668,504.19049,"Unknown","[M+H]+",NA,0.036,FALSE,"null","null","null","null","null","null",999,FALSE,FALSE,FALSE,"null","null","null","null","null",2169.2,0,0,0,0,0,0,0,70711,31168,31498,108460,0,53799,0,0,0,0,0,0,40545,0,32620,0,0,0,0,0,0,"F4624_mz504.1905_rt0.67",0,108460,108461,TRUE,7,0,3,"Fungal control-associated detection","Early RT","No MS/MS assignment","Unknown"
4661,8.942,515.35895,"Unknown","[M+H]+",NA,0.107,TRUE,"null","null","null","null","null","null",999,FALSE,FALSE,FALSE,"null","null","null","null","null",1711.88,3374,0,0,0,0,0,0,56146,0,0,0,0,0,72398,153132,99057,14864,22911,16464,144569,2394,1471,109597,41502,25036,0,0,0,"F4661_mz515.359_rt8.94",1124.66666666667,153132,136.037607343796,TRUE,13,3,1,"Fungal in-associated detection","RT >= 1 min","MS/MS available","Unknown"
4662,2.855,515.55139,"Unknown","[M+H]+","ion correlated with 3817",0.036,FALSE,"null","null","null","null","null","null",999,FALSE,FALSE,FALSE,"null","null","null","null","null",2390.45,0,0,0,0,0,0,0,3200,0,0,0,0,1817,49841,66143,119522,4032,4742,0,2641,0,3117,0,16506,2763,0,0,0,"F4662_mz515.5514_rt2.86",0,119522,119523,TRUE,11,2,1,"Fungal in-associated detection","RT >= 1 min","No MS/MS assignment","Unknown"
4663,0.464,517.01282,"Unknown","[M+H]+",NA,0.071,FALSE,"null","null","null","null","null","null",999,FALSE,FALSE,FALSE,"null","null","null","null","null",1134.9,0,0,0,0,0,0,0,0,104875,84459,21154,0,0,35803,32391,109920,0,0,0,0,0,47142,0,0,0,0,0,0,"F4663_mz517.0128_rt0.46",0,109920,109921,TRUE,7,0,2,"Fungal control-associated detection","Very early RT","No MS/MS assignment","Unknown"
4669,0.465,519.20386,"Unknown","[M+H]+",NA,0.107,FALSE,"null","null","null","null","null","null",999,FALSE,FALSE,FALSE,"null","null","null","null","null",2340.23,0,0,0,0,0,0,0,123404,114341,113289,0,0,0,0,0,0,0,81653,0,96274,63871,96656,0,0,0,0,0,0,"F4669_mz519.2039_rt0.47",0,123404,123405,TRUE,7,1,3,"Fungal control-associated detection","Very early RT","No MS/MS assignment","Unknown"
4671,3.182,520.34064,"Unknown","[M+H]+",NA,0.214,TRUE,"null","null","null","null","null","null",999,FALSE,FALSE,FALSE,"null","null","null","null","null",98.12,0,0,0,0,0,0,0,10071,18227,23691,28960,299066,383475,273108,190105,517972,0,1687,0,8483,17430,14646,67380,75373,139465,0,0,0,"F4671_mz520.3406_rt3.18",0,517972,517973,TRUE,16,1,3,"Fungal control-associated detection","RT >= 1 min","MS/MS available","Unknown"
4684,1.133,524.24982,"Unknown","[M+H]+","ion correlated with 799; ion correlated with 4338; ion correlated with 2012; ion correlated with 3463; ion correlated with 3971; ion correlated with 4709; ion correlated with 1598; ion correlated with 1870; ion correlated with 4719; ion correlated with 798; ion correlated with 4952; ion correlated with 4743",0.107,TRUE,"null","null","null","null","null","null",999,FALSE,FALSE,FALSE,"null","null","null","null","null",19076.33,0,0,0,0,0,0,0,0,7275,11871,0,0,0,1554243,481235,825972,0,0,0,0,12820,0,50950,9494,15005,0,0,0,"F4684_mz524.2498_rt1.13",0,1554243,1554244,TRUE,9,0,2,"Fungal control-associated detection","RT >= 1 min","MS/MS available","Unknown"
4695,0.417,528.75708,"Unknown","[M+H]+","ion correlated with 1923; ion correlated with 3718; ion correlated with 2628; ion correlated with 4260; ion correlated with 3187; ion correlated with 2566; ion correlated with 2044; ion correlated with 4646; ion correlated with 4097; ion correlated with 2873; ion correlated with 4065",0.036,FALSE,"null","null","null","null","null","null",999,FALSE,FALSE,FALSE,"null","null","null","null","null",2105.4,0,0,0,0,0,0,0,10433,0,0,0,0,0,105270,62440,62561,7886,5819,7110,14110,9800,8678,0,0,0,0,0,0,"F4695_mz528.7571_rt0.42",0,105270,105271,TRUE,10,3,1,"Fungal in-associated detection","Very early RT","No MS/MS assignment","Unknown"
4701,0.419,532.93475,"Unknown","[M+H]+","ion correlated with 3829; ion correlated with 4413; ion correlated with 4424; ion correlated with 4493; ion correlated with 3508; ion correlated with 4249; ion correlated with 3531; ion correlated with 3661; ion correlated with 3069; ion correlated with 3273; ion correlated with 4528; ion correlated with 1091; ion correlated with 1872; ion correlated with 4451; ion correlated with 2129; ion correlated with 977; ion correlated with 3086; ion correlated with 2348",0.107,FALSE,"null","null","null","null","null","null",999,FALSE,FALSE,FALSE,"null","null","null","null","null",3703.75,0,0,0,0,0,0,0,0,0,0,0,0,0,138729,250774,166059,0,6142,6756,0,10906,0,11229,14814,13271,0,0,0,"F4701_mz532.9348_rt0.42",0,250774,250775,TRUE,9,2,0,"Fungal in-associated detection","Very early RT","No MS/MS assignment","Unknown"
4702,0.568,533.15375,"Unknown","[M+H]+",NA,0.036,FALSE,"null","null","null","null","null","null",999,FALSE,FALSE,FALSE,"null","null","null","null","null",3888.16,0,0,0,0,0,0,0,33058,0,40614,0,0,0,90912,0,194408,0,0,0,114034,65787,11929,0,0,0,0,0,0,"F4702_mz533.1537_rt0.57",0,194408,194409,TRUE,7,0,2,"Fungal control-associated detection","Early RT","No MS/MS assignment","Unknown"
4707,0.41,534.78656,"Unknown","[M+H]+",NA,0.107,FALSE,"null","null","null","null","null","null",999,FALSE,FALSE,FALSE,"null","null","null","null","null",2623.42,0,0,0,0,68986,33117,73139,13495,22443,12851,0,0,0,119580,127345,146588,0,8330,0,9264,9951,0,32134,40091,68157,53960,0,45647,"F4707_mz534.7866_rt0.41",0,146588,146589,TRUE,17,1,3,"Fungal control-associated detection","Very early RT","No MS/MS assignment","Unknown"
4722,1.096,540.24463,"Unknown","[M+H]+","ion correlated with 1837; ion correlated with 3463; ion correlated with 3140; ion correlated with 2899; ion correlated with 4639; ion correlated with 820",0.179,TRUE,"null","null","null","null","null","null",999,FALSE,FALSE,FALSE,"null","null","null","null","null",29668.92,0,0,0,0,0,0,0,10108,6968,0,6190,6020,0,4262796,2410868,4138949,0,0,0,0,0,8610,490516,115215,22211,0,0,1618,"F4722_mz540.2446_rt1.1",0,4262796,4262797,TRUE,12,0,2,"Fungal control-associated detection","RT >= 1 min","MS/MS available","Unknown"
4728,0.954,543.31531,"Unknown","[M+H]+","ion correlated with 3185",0.036,FALSE,"null","null","null","null","null","null",999,FALSE,FALSE,FALSE,"null","null","null","null","null",2104.07,0,0,0,0,0,0,0,63302,105204,115809,0,0,0,0,0,0,9301,0,0,0,75346,0,0,0,0,0,0,0,"F4728_mz543.3153_rt0.95",0,115809,115810,TRUE,5,1,3,"Fungal control-associated detection","Early RT","No MS/MS assignment","Unknown"
4735,0.901,546.27435,"Unknown","[M+H]+","ion correlated with 2492; ion correlated with 4044; ion correlated with 90; ion correlated with 3912; ion correlated with 4160; ion correlated with 4194; ion correlated with 2328; ion correlated with 1933; ion correlated with 2880; ion correlated with 4523; ion correlated with 4397",0.25,FALSE,"null","null","null","null","null","null",999,FALSE,FALSE,FALSE,"null","null","null","null","null",2884.04,0,0,0,0,0,0,0,175770,188406,227260,107248,0,0,0,0,0,0,89381,0,147569,125255,182366,0,0,0,0,0,0,"F4735_mz546.2744_rt0.9",0,227260,227261,TRUE,8,1,3,"Fungal control-associated detection","Early RT","No MS/MS assignment","Unknown"
4755,2.82,555.40491,"Unknown","[M+H]+",NA,0.036,FALSE,"null","null","null","null","null","null",999,FALSE,FALSE,FALSE,"null","null","null","null","null",4.74,0,0,0,0,0,0,0,0,0,0,227432,125954,114137,0,0,0,2037,2345,0,0,0,0,0,0,0,0,0,0,"F4755_mz555.4049_rt2.82",0,227432,227433,TRUE,5,2,0,"Fungal in-associated detection","RT >= 1 min","No MS/MS assignment","Unknown"
4756,3.42,555.40509,"Unknown","[M+H]+","ion correlated with 4277",0.107,TRUE,"null","null","null","null","null","null",999,FALSE,FALSE,FALSE,"null","null","null","null","null",9.07,0,0,0,0,0,0,0,0,0,0,447753,228401,212495,0,0,0,1680,3429,2157,0,0,0,0,0,0,0,0,0,"F4756_mz555.4051_rt3.42",0,447753,447754,TRUE,6,3,0,"Fungal in-associated detection","RT >= 1 min","MS/MS available","Unknown"
4772,6.354,563.55188,"Unknown","[M+H]+",NA,0.036,FALSE,"null","null","null","null","null","null",999,FALSE,FALSE,FALSE,"null","null","null","null","null",2317.44,0,0,0,0,0,0,0,10217,0,7205,4337,12542,115872,0,0,0,0,0,0,0,32717,13886,0,0,0,0,0,0,"F4772_mz563.5519_rt6.35",0,115872,115873,TRUE,7,0,2,"Fungal control-associated detection","RT >= 1 min","No MS/MS assignment","Unknown"
4785,1.008,569.29248,"Unknown","[M+H]+",NA,0.071,FALSE,"null","null","null","null","null","null",999,FALSE,FALSE,FALSE,"null","null","null","null","null",2055.49,0,1014,0,0,2243,0,0,104773,48031,100776,78151,7424,17822,0,0,0,0,0,0,11107,21051,0,0,0,0,0,0,0,"F4785_mz569.2925_rt1.01",338,104773,309.06784660767,TRUE,9,0,3,"Fungal control-associated detection","RT >= 1 min","No MS/MS assignment","Unknown"
4787,0.416,572.75232,"Unknown","[M+H]+","ion correlated with 4169; ion correlated with 4259; ion correlated with 4589; ion correlated with 4630; ion correlated with 3927; ion correlated with 4463; ion correlated with 4476; ion correlated with 4725; ion correlated with 4731; ion correlated with 4623; ion correlated with 3230; ion correlated with 998; ion correlated with 4124; ion correlated with 3142; ion correlated with 2129; ion correlated with 3038",0.107,FALSE,"null","null","null","null","null","null",999,FALSE,FALSE,FALSE,"null","null","null","null","null",3334.71,0,0,0,0,10517,0,22705,10830,14562,11544,9005,7494,0,179352,120591,200263,0,7189,0,7514,0,9844,0,0,23474,0,0,20574,"F4787_mz572.7523_rt0.42",0,200263,200264,TRUE,15,1,3,"Fungal control-associated detection","Very early RT","No MS/MS assignment","Unknown"
4804,0.483,580.20862,"Unknown","[M+H]+",NA,0.036,FALSE,"null","null","null","null","null","null",999,FALSE,FALSE,FALSE,"null","null","null","null","null",2330.35,0,0,0,0,0,0,0,73832,41708,116517,0,0,0,0,0,0,0,40848,0,84000,0,0,0,0,0,0,0,0,"F4804_mz580.2086_rt0.48",0,116517,116518,TRUE,5,1,3,"Fungal control-associated detection","Very early RT","No MS/MS assignment","Unknown"
4820,0.958,585.36243,"Unknown","[M+H]+",NA,0.071,FALSE,"null","null","null","null","null","null",999,FALSE,FALSE,FALSE,"null","null","null","null","null",2996.77,0,0,0,0,0,0,0,0,71610,121261,14332,0,0,0,0,0,0,0,0,0,178416,42390,0,0,0,0,0,0,"F4820_mz585.3624_rt0.96",0,178416,178417,TRUE,5,0,2,"Fungal control-associated detection","Early RT","No MS/MS assignment","Unknown"
4826,0.911,588.33521,"Unknown","[M+H]+",NA,0.107,FALSE,"null","null","null","null","null","null",999,FALSE,FALSE,FALSE,"null","null","null","null","null",3268.05,0,0,0,0,0,0,0,82479,218459,107690,64933,0,0,0,0,0,0,0,24169,0,72762,164059,0,0,0,0,0,0,"F4826_mz588.3352_rt0.91",0,218459,218460,TRUE,7,1,3,"Fungal control-associated detection","Early RT","No MS/MS assignment","Unknown"
4831,0.488,590.23248,"Unknown","[M+H]+",NA,0.071,FALSE,"null","null","null","null","null","null",999,FALSE,FALSE,FALSE,"null","null","null","null","null",2879.13,0,0,0,0,0,0,0,95838,142766,145147,78467,0,0,0,0,0,0,0,0,0,58611,94987,0,0,0,0,0,0,"F4831_mz590.2325_rt0.49",0,145147,145148,TRUE,6,0,3,"Fungal control-associated detection","Very early RT","No MS/MS assignment","Unknown"
4863,0.47,603.15259,"Unknown","[M+H]+",NA,0.071,FALSE,"null","null","null","null","null","null",999,FALSE,FALSE,FALSE,"null","null","null","null","null",3229.77,0,0,0,0,0,0,0,11974,0,0,47475,0,0,0,0,0,161425,139866,161551,137235,0,64031,0,0,0,0,0,0,"F4863_mz603.1526_rt0.47",0,161551,161552,TRUE,7,3,1,"Fungal in-associated detection","Very early RT","No MS/MS assignment","Unknown"
4864,0.532,603.15295,"Unknown","[M+H]+",NA,0.25,FALSE,"null","null","null","null","null","null",999,FALSE,FALSE,FALSE,"null","null","null","null","null",2587.13,0,0,0,0,0,0,0,137257,146733,69840,140341,0,0,0,0,0,0,139866,0,137235,164578,181380,0,0,0,0,0,0,"F4864_mz603.153_rt0.53",0,181380,181381,TRUE,8,1,3,"Fungal control-associated detection","Early RT","No MS/MS assignment","Unknown"
4865,0.746,604.24463,"Unknown","[M+H]+","ion correlated with 4281",0.143,FALSE,"null","null","null","null","null","null",999,FALSE,FALSE,FALSE,"null","null","null","null","null",3222.23,0,0,0,0,0,0,0,454991,162878,122713,177831,11776,21068,0,0,0,0,0,0,27194,0,51613,0,0,0,0,0,0,"F4865_mz604.2446_rt0.75",0,454991,454992,TRUE,8,0,3,"Fungal control-associated detection","Early RT","No MS/MS assignment","Unknown"
4873,8.146,607.29248,"Unknown","[M+H]+",NA,0.143,TRUE,"null","null","null","null","null","null",999,FALSE,FALSE,FALSE,"null","null","null","null","null",572378,0,1114,0,0,0,0,0,59473,10035,3114,0,0,0,49887756,63374588,51114108,2419,0,0,15495,0,0,150321,40283,66897,0,0,0,"F4873_mz607.2925_rt8.15",371.333333333333,63374588,170209.281110116,TRUE,11,1,3,"Fungal control-associated detection","RT >= 1 min","MS/MS available","Unknown"
4889,8.272,615.49927,"Unknown","[M+H]+",NA,0.107,FALSE,"null","null","null","null","null","null",999,FALSE,FALSE,FALSE,"null","null","null","null","null",837.54,0,1911,0,0,0,0,0,131872,4183,1553,0,0,0,19809,139099,129269,1762,0,0,0,0,0,0,1642,8445,0,0,0,"F4889_mz615.4993_rt8.27",637,139099,218.025078369906,TRUE,9,1,3,"Fungal control-associated detection","RT >= 1 min","No MS/MS assignment","Unknown"
4900,6.738,621.27167,"Unknown","[M+H]+",NA,0.107,TRUE,"null","null","null","null","null","null",999,FALSE,FALSE,FALSE,"null","null","null","null","null",61244.79,0,0,0,0,0,0,0,9964,3214,0,0,0,0,9054683,8872989,10684126,0,0,0,0,0,0,66515,10142,46438,0,1286,0,"F4900_mz621.2717_rt6.74",0,10684126,10684127,TRUE,9,0,2,"Fungal control-associated detection","RT >= 1 min","MS/MS available","Unknown"
4914,8.144,629.27386,"Unknown","[M+H]+","ion correlated with 4782",0.107,TRUE,"null","null","null","null","null","null",999,FALSE,FALSE,FALSE,"null","null","null","null","null",53494.95,0,0,0,0,0,0,0,9509,1947,0,0,0,0,4316807,3629072,3246454,0,0,0,0,0,0,38004,7992,18102,0,0,0,"F4914_mz629.2739_rt8.14",0,4316807,4316808,TRUE,8,0,2,"Fungal control-associated detection","RT >= 1 min","MS/MS available","Unknown"
4918,0.456,633.2749,"Unknown","[M+H]+",NA,0.036,FALSE,"null","null","null","null","null","null",999,FALSE,FALSE,FALSE,"null","null","null","null","null",53.73,0,0,0,0,0,0,0,117154,29490,41772,42627,0,0,0,0,0,0,0,0,0,0,0,0,0,0,0,0,0,"F4918_mz633.2749_rt0.46",0,117154,117155,TRUE,4,0,3,"Fungal control-associated detection","Very early RT","No MS/MS assignment","Unknown"
4920,0.806,635.229,"Unknown","[M+H]+","ion correlated with 4529",0.071,FALSE,"null","null","null","null","null","null",999,FALSE,FALSE,FALSE,"null","null","null","null","null",3234.27,0,0,0,0,0,0,0,319198,121835,89001,41555,0,0,0,0,0,0,0,0,0,82316,80114,0,0,0,0,0,0,"F4920_mz635.229_rt0.81",0,319198,319199,TRUE,6,0,3,"Fungal control-associated detection","Early RT","No MS/MS assignment","Unknown"
4927,0.498,637.23065,"Unknown","[M+H]+",NA,0.071,FALSE,"null","null","null","null","null","null",999,FALSE,FALSE,FALSE,"null","null","null","null","null",1041.54,0,0,0,0,0,0,0,0,39601,106485,42879,0,0,0,0,0,0,37460,0,100331,0,0,0,0,0,0,0,0,"F4927_mz637.2306_rt0.5",0,106485,106486,TRUE,5,1,2,"Fungal control-associated detection","Very early RT","No MS/MS assignment","Unknown"
4943,0.594,649.21631,"Unknown","[M+H]+",NA,0.071,FALSE,"null","null","null","null","null","null",999,FALSE,FALSE,FALSE,"null","null","null","null","null",85.52,0,0,0,0,0,0,0,155550,191406,129435,101882,28750,0,0,0,0,0,40924,0,51193,85800,169484,0,0,0,0,0,0,"F4943_mz649.2163_rt0.59",0,191406,191407,TRUE,9,1,3,"Fungal control-associated detection","Early RT","No MS/MS assignment","Unknown"
4948,0.928,652.24438,"Unknown","[M+H]+",NA,0.107,FALSE,"null","null","null","null","null","null",999,FALSE,FALSE,FALSE,"null","null","null","null","null",143.79,0,0,0,0,0,0,0,368892,125107,125606,124867,55524,38791,0,0,0,10292,0,0,29276,56610,29416,0,0,0,0,0,0,"F4948_mz652.2444_rt0.93",0,368892,368893,TRUE,10,1,3,"Fungal control-associated detection","Early RT","No MS/MS assignment","Unknown"
4951,0.693,654.22638,"Unknown","[M+H]+","ion correlated with 1549; ion correlated with 3184; ion correlated with 1548",0.143,FALSE,"null","null","null","null","null","null",999,FALSE,FALSE,FALSE,"null","null","null","null","null",74.28,0,0,0,0,0,0,0,114060,159182,133819,0,0,0,0,0,0,0,0,0,0,64042,119327,0,0,0,0,0,0,"F4951_mz654.2264_rt0.69",0,159182,159183,TRUE,5,0,3,"Fungal control-associated detection","Early RT","No MS/MS assignment","Unknown"
4979,3.495,672.41711,"Unknown","[M+H]+",NA,0.071,FALSE,"null","null","null","null","null","null",999,FALSE,FALSE,FALSE,"null","null","null","null","null",35.7,0,0,0,0,0,0,0,4366,11000,6980,3182,0,0,217977,59713,112183,0,1797,0,7060,8480,10466,41768,69404,64685,0,0,0,"F4979_mz672.4171_rt3.5",0,217977,217978,TRUE,14,1,3,"Fungal control-associated detection","RT >= 1 min","No MS/MS assignment","Unknown"
5003,0.812,686.25018,"Unknown","[M+H]+","ion correlated with 3149; ion correlated with 2849; ion correlated with 2182; ion correlated with 3499; ion correlated with 1481; ion correlated with 3812; ion correlated with 1959",0.179,FALSE,"null","null","null","null","null","null",999,FALSE,FALSE,FALSE,"null","null","null","null","null",129.97,0,0,0,0,0,0,0,250908,368842,268643,74149,0,0,0,0,0,0,13169,0,23783,112088,186791,0,0,0,0,0,0,"F5003_mz686.2502_rt0.81",0,368842,368843,TRUE,8,1,3,"Fungal control-associated detection","Early RT","No MS/MS assignment","Unknown"
5008,0.551,689.21118,"Unknown","[M+H]+",NA,0.036,FALSE,"null","null","null","null","null","null",999,FALSE,FALSE,FALSE,"null","null","null","null","null",107.94,0,0,0,0,0,0,0,255666,163834,190311,326083,185023,140423,0,0,0,29137,0,0,133588,141929,0,0,0,0,0,0,0,"F5008_mz689.2112_rt0.55",0,326083,326084,TRUE,9,1,3,"Fungal control-associated detection","Early RT","No MS/MS assignment","Unknown"
5009,0.619,689.21185,"Unknown","[M+H]+",NA,0.036,FALSE,"null","null","null","null","null","null",999,FALSE,FALSE,FALSE,"null","null","null","null","null",146.06,0,0,0,0,0,0,0,155902,196070,201279,326083,37188,126921,0,0,0,29137,0,0,133588,110084,187288,0,0,0,0,0,0,"F5009_mz689.2118_rt0.62",0,326083,326084,TRUE,10,1,3,"Fungal control-associated detection","Early RT","No MS/MS assignment","Unknown"
5070,7.43,728.5675,"Unknown","[M+H]+",NA,0.036,FALSE,"null","null","null","null","null","null",999,FALSE,FALSE,FALSE,"null","null","null","null","null",90.94,0,1734,0,0,2036,0,0,22528,0,1486,0,0,0,96283,107753,50199,0,0,0,0,0,0,0,52199,160231,2271,0,0,"F5070_mz728.5675_rt7.43",578,160231,276.73920552677,TRUE,9,0,2,"Fungal control-associated detection","RT >= 1 min","No MS/MS assignment","Unknown"
5081,0.677,739.54962,"Unknown","[M+H]+",NA,0.036,FALSE,"null","null","null","null","null","null",999,FALSE,FALSE,FALSE,"null","null","null","null","null",37.92,0,2775,0,0,4318,6220,4365,35661,0,0,37940,33930,23330,0,33522,35556,23634,0,103968,0,0,69227,0,131839,0,9339,10612,6121,"F5081_mz739.5496_rt0.68",925,131839,142.375809935205,TRUE,16,2,1,"Fungal in-associated detection","Early RT","No MS/MS assignment","Unknown"
5083,0.465,739.58203,"Unknown","[M+H]+",NA,0.036,FALSE,"null","null","null","null","null","null",999,FALSE,FALSE,FALSE,"null","null","null","null","null",22.9,0,4012,3430,0,7535,0,0,0,14444,0,120720,76351,55468,16434,26960,114818,0,31921,94942,0,0,87474,0,15775,0,3954,18029,5571,"F5083_mz739.582_rt0.47",2480.66666666667,120720,48.6451309603761,TRUE,15,2,1,"Fungal in-associated detection","Very early RT","No MS/MS assignment","Unknown"
5084,9.7,739.60461,"Unknown","[M+H]+",NA,0.071,FALSE,"null","null","null","null","null","null",999,FALSE,FALSE,FALSE,"null","null","null","null","null",20.13,0,20893,1179,0,670,0,0,0,0,0,42906,17172,0,30792,63558,122027,65910,0,1027,16342,876,1366,0,75774,137742,1820,0,79420,"F5084_mz739.6046_rt9.7",7357.33333333333,137742,18.7193204983012,TRUE,15,2,0,"Fungal in-associated detection","RT >= 1 min","No MS/MS assignment","Unknown"
5085,0.494,739.62079,"Unknown","[M+H]+",NA,0.036,FALSE,"null","null","null","null","null","null",999,FALSE,FALSE,FALSE,"null","null","null","null","null",23.63,21244,0,5465,0,4138,5305,3567,0,74221,58002,0,63742,57196,0,53872,187480,0,85859,0,0,70810,129304,69870,58632,0,1711,3628,7849,"F5085_mz739.6208_rt0.49",8903,187480,21.0558176100629,TRUE,17,1,2,"Fungal control-associated detection","Very early RT","No MS/MS assignment","Unknown"
5086,0.527,739.63672,"Unknown","[M+H]+",NA,0.071,FALSE,"null","null","null","null","null","null",999,FALSE,FALSE,FALSE,"null","null","null","null","null",15.43,0,669,4535,0,0,4737,3875,0,0,77070,0,38606,56991,10010,0,130255,0,65220,78979,81716,0,37608,108732,62430,22748,5665,7739,4378,"F5086_mz739.6367_rt0.53",1734.66666666667,130255,75.0466679469944,TRUE,17,2,1,"Fungal in-associated detection","Early RT","No MS/MS assignment","Unknown"
5088,0.504,739.69562,"Unknown","[M+H]+",NA,0.036,FALSE,"null","null","null","null","null","null",999,FALSE,FALSE,FALSE,"null","null","null","null","null",31.09,0,6704,2285,0,0,0,0,0,0,0,0,0,56017,0,72977,0,122404,145540,0,87172,54686,0,145874,127198,12971,0,8061,0,"F5088_mz739.6956_rt0.5",2996.33333333333,145874,48.6682606761566,TRUE,10,2,0,"Fungal in-associated detection","Early RT","No MS/MS assignment","Unknown"
5089,0.529,739.70447,"Unknown","[M+H]+",NA,0.107,FALSE,"null","null","null","null","null","null",999,FALSE,FALSE,FALSE,"null","null","null","null","null",19.75,6225,2073,2285,0,0,0,0,0,0,115249,0,0,77228,0,103923,0,42808,145540,0,87172,54686,0,124905,117921,0,0,5096,0,"F5089_mz739.7045_rt0.53",3527.66666666667,145540,41.2453240128472,TRUE,10,2,1,"Fungal in-associated detection","Early RT","No MS/MS assignment","Unknown"
5090,9.699,739.71503,"Unknown","[M+H]+",NA,0.036,FALSE,"null","null","null","null","null","null",999,FALSE,FALSE,FALSE,"null","null","null","null","null",28.13,0,0,15081,0,104620,73266,17055,0,529,39998,0,200,61672,25256,644,0,0,36498,0,0,0,0,162200,46344,30796,59738,0,0,"F5090_mz739.715_rt9.7",5027,162200,32.2595465393795,TRUE,14,1,2,"Fungal control-associated detection","RT >= 1 min","No MS/MS assignment","Unknown"
5091,9.703,739.74512,"Unknown","[M+H]+",NA,0.071,FALSE,"null","null","null","null","null","null",999,FALSE,FALSE,FALSE,"null","null","null","null","null",26.46,79128,0,0,0,17666,2387,53767,0,0,738,0,1771,1539,0,0,0,0,138137,9442,77185,0,0,133201,62880,0,0,0,574,"F5091_mz739.7451_rt9.7",26376,138137,5.23706259241005,TRUE,12,2,1,"Fungal in-associated detection","RT >= 1 min","No MS/MS assignment","Unknown"
5109,2.139,751.51196,"Unknown","[M+H]+","ion correlated with 4222; ion correlated with 4421",0.286,TRUE,"null","null","null","null","null","null",999,FALSE,FALSE,FALSE,"null","null","null","null","null",71.64,0,0,0,0,0,0,0,220270,108911,139644,110254,190466,315038,0,0,0,0,0,0,0,162020,345229,0,0,0,0,0,0,"F5109_mz751.512_rt2.14",0,345229,345230,TRUE,8,0,3,"Fungal control-associated detection","RT >= 1 min","MS/MS available","Unknown"
5114,9.698,758.56628,"Unknown","[M+H]+","ion correlated with 3953; ion correlated with 5054",0.107,FALSE,"null","null","null","null","null","null",999,FALSE,FALSE,FALSE,"null","null","null","null","null",52.85,0,804,0,0,2334,186,0,258016,178140,0,180,0,0,0,0,127677,1664,0,0,0,0,0,0,0,0,6215,1762,1931,"F5114_mz758.5663_rt9.7",268,258016,959.171003717472,TRUE,10,1,2,"Fungal control-associated detection","RT >= 1 min","No MS/MS assignment","Unknown"
5115,8.735,758.56995,"Unknown","[M+H]+",NA,0.071,TRUE,"null","null","null","null","null","null",999,FALSE,FALSE,FALSE,"null","null","null","null","null",289.07,0,1671,3345,0,0,3304,0,1205307,744046,2288,0,1677,1621,0,0,365700,0,0,2408,1716,0,0,0,0,0,0,5883,4773,"F5115_mz758.5699_rt8.73",1672,1205307,720.447101016139,TRUE,11,1,3,"Fungal control-associated detection","RT >= 1 min","MS/MS available","Unknown"
5116,8.81,758.5708,"Unknown","[M+H]+",NA,0.036,TRUE,"null","null","null","null","null","null",999,FALSE,FALSE,FALSE,"null","null","null","null","null",395.23,0,2055,0,0,5810,0,0,1204183,610953,4891,3568,2183,0,2202,3702,744354,0,0,0,2158,0,1672,0,0,2354,0,5883,0,"F5116_mz758.5708_rt8.81",685,1204183,1755.37026239067,TRUE,13,0,3,"Fungal control-associated detection","RT >= 1 min","MS/MS available","Unknown"
5124,2.138,768.53845,"Unknown","[M+H]+",NA,0.286,TRUE,"null","null","null","null","null","null",999,FALSE,FALSE,FALSE,"null","null","null","null","null",232.45,0,0,0,0,0,0,0,977549,575033,688530,552834,959959,1241786,0,0,0,0,0,0,0,855797,1575111,0,0,0,0,0,0,"F5124_mz768.5384_rt2.14",0,1575111,1575112,TRUE,8,0,3,"Fungal control-associated detection","RT >= 1 min","MS/MS available","Unknown"
5131,5.784,775.53394,"Unknown","[M+H]+",NA,0.036,FALSE,"null","null","null","null","null","null",999,FALSE,FALSE,FALSE,"null","null","null","null","null",30.7,0,0,0,0,0,0,0,60613,34034,0,0,0,0,0,0,362722,0,0,0,0,0,0,0,0,0,0,0,1753,"F5131_mz775.5339_rt5.78",0,362722,362723,TRUE,4,0,2,"Fungal control-associated detection","RT >= 1 min","No MS/MS assignment","Unknown"
5132,5.695,775.534,"Unknown","[M+H]+",NA,0.036,FALSE,"null","null","null","null","null","null",999,FALSE,FALSE,FALSE,"null","null","null","null","null",47.2,0,0,0,0,0,1488,0,61888,38450,0,0,0,0,0,0,376634,0,0,0,0,0,0,0,0,0,0,0,0,"F5132_mz775.534_rt5.7",0,376634,376635,TRUE,4,0,2,"Fungal control-associated detection","RT >= 1 min","No MS/MS assignment","Unknown"
5138,5.655,780.55463,"Unknown","[M+H]+",NA,0.036,TRUE,"null","null","null","null","null","null",999,FALSE,FALSE,FALSE,"null","null","null","null","null",39.2,0,0,0,0,0,0,0,160616,2790,0,0,0,0,0,348410,489077,2670,0,0,0,0,0,1819,0,2420,0,0,0,"F5138_mz780.5546_rt5.66",0,489077,489078,TRUE,7,1,2,"Fungal control-associated detection","RT >= 1 min","MS/MS available","Unknown"
5139,5.816,780.55481,"Unknown","[M+H]+",NA,0.071,TRUE,"null","null","null","null","null","null",999,FALSE,FALSE,FALSE,"null","null","null","null","null",56.13,2410,0,0,0,0,1616,0,158062,0,1552,0,0,0,0,551631,567261,0,1737,0,0,0,0,0,0,0,0,0,0,"F5139_mz780.5548_rt5.82",803.333333333333,567261,705.257355988396,TRUE,6,1,2,"Fungal control-associated detection","RT >= 1 min","MS/MS available","Unknown"
5144,0.481,783.21448,"Unknown","[M+H]+",NA,0.179,FALSE,"null","null","null","null","null","null",999,FALSE,FALSE,FALSE,"null","null","null","null","null",45.94,0,0,0,0,3392,0,0,0,0,0,0,0,0,146902,135876,162879,103877,123511,83003,66558,0,56514,0,0,0,0,0,0,"F5144_mz783.2145_rt0.48",0,162879,162880,TRUE,9,3,0,"Fungal in-associated detection","Very early RT","No MS/MS assignment","Unknown"
5146,0.653,784.30487,"Unknown","[M+H]+","ion correlated with 4973; ion correlated with 4364; ion correlated with 2236",0.214,FALSE,"null","null","null","null","null","null",999,FALSE,FALSE,FALSE,"null","null","null","null","null",92.66,0,0,0,0,0,0,0,349739,284825,255956,247722,0,0,0,0,0,0,43760,0,56782,158669,253629,0,0,0,0,0,0,"F5146_mz784.3049_rt0.65",0,349739,349740,TRUE,8,1,3,"Fungal control-associated detection","Early RT","No MS/MS assignment","Unknown"
5148,8.746,784.58557,"Unknown","[M+H]+","ion correlated with 5137; ion correlated with 5115",0.036,FALSE,"null","null","null","null","null","null",999,FALSE,FALSE,FALSE,"null","null","null","null","null",17.01,0,0,0,0,3930,7218,3158,390074,161730,0,5849,2656,3048,0,8493,143702,0,0,0,2421,0,2707,2977,0,0,0,4823,4959,"F5148_mz784.5856_rt8.75",0,390074,390075,TRUE,15,0,2,"Fungal control-associated detection","RT >= 1 min","No MS/MS assignment","Unknown"
5163,2.81,798.38263,"Unknown","[M+H]+",NA,0.036,TRUE,"null","null","null","null","null","null",999,FALSE,FALSE,FALSE,"null","null","null","null","null",293.95,0,0,0,0,0,0,0,0,0,0,830796,30167,94862,0,0,0,5942,17237,8190,0,0,0,0,0,0,0,0,0,"F5163_mz798.3826_rt2.81",0,830796,830797,TRUE,6,3,0,"Fungal in-associated detection","RT >= 1 min","MS/MS available","Unknown"
