"feature_name","old_control_logFC","old_control_p","old_control_FDR","new_control_logFC","new_control_p","new_control_FDR","old_new_logFC","old_new_p","old_new_FDR","Alignment ID","Average Rt(min)","Average Mz","Metabolite name","Adduct type","Post curation result","Fill %","MS/MS assigned","Formula","Ontology","INCHIKEY","SMILES","Annotation tag (VS1.0)","RT matched","m/z matched","MS/MS matched","Total score","RT similarity","Dot product","Reverse dot product","Fragment presence %","S/N average","blank_mean","sample_to_blank_ratio","number_detected","RT_flag","MSMS_flag","annotation_flag","old_significant","new_significant","age_significant","same_direction","fungal_age_category"
"F2053_mz222.1129_rt1.18",5.15246220246517,1.42346822578179e-05,0.0196682984185489,0.772799460155076,0.0496383236681173,0.107415628910035,4.54577111108488,5.25594331003062e-06,0.00360612239802014,2053,1.179,222.11288,"Unknown","[M+H]+",NA,0.107,TRUE,"null","null","null","null",999,FALSE,FALSE,FALSE,"null","null","null","null","null",453.87,21574.3333333333,150.442820504898,24,"RT >= 1 min","MS/MS available","Unknown",TRUE,FALSE,TRUE,TRUE,"Age-sensitive fungal effect"
"F4086_mz393.2866_rt2.14",0.526497249440067,0.249240811920826,0.357250412033073,-10.4812968046473,1.4078771322092e-06,0.00227885741898143,11.1738727735073,5.26954076671234e-06,0.00360612239802014,4086,2.14,393.28659,"Unknown","[M+H]+",NA,0.286,TRUE,"null","null","null","null",999,FALSE,FALSE,FALSE,"null","null","null","null","null",15392.28,4792.66666666667,9686.1029831027,22,"RT >= 1 min","MS/MS available","Unknown",FALSE,TRUE,TRUE,FALSE,"Age-sensitive fungal effect"
"F4756_mz555.4051_rt3.42",NA,NA,NA,NA,NA,NA,6.03734866649064,3.34790621290578e-06,0.00360612239802014,4756,3.42,555.40509,"Unknown","[M+H]+","ion correlated with 4277",0.107,TRUE,"null","null","null","null",999,FALSE,FALSE,FALSE,"null","null","null","null","null",9.07,0,447754,6,"RT >= 1 min","MS/MS available","Unknown",FALSE,FALSE,TRUE,FALSE,"Age-sensitive fungal effect"
"F2331_mz244.264_rt2.03",-1.33063538067346,0.00175660432747997,0.0594885853589857,3.78824928208408,7.66552624575444e-06,0.00297373099685525,-4.95273809499666,1.02624115898205e-05,0.00469858467279562,2331,2.033,244.26398,"Unknown","[M+H]+",NA,0.214,TRUE,"null","null","null","null",999,FALSE,FALSE,FALSE,"null","null","null","null","null",140.7,22708.6666666667,37.6727678374848,24,"RT >= 1 min","MS/MS available","Unknown",FALSE,TRUE,TRUE,FALSE,"Age-sensitive fungal effect"
"F1476_mz182.0814_rt0.52",-1.30810600406945,0.456210795667537,0.547115378102347,3.92362546072203,0.0585319535701989,0.121510262169289,-5.06561254265165,1.14432164461657e-05,0.00469858467279562,1476,0.518,182.08141,"Unknown","[M+H]+",NA,0.393,TRUE,"null","null","null","null",999,FALSE,FALSE,FALSE,"null","null","null","null","null",575.01,11555,1018.96659743856,24,"Early RT","MS/MS available","Unknown",FALSE,FALSE,TRUE,FALSE,"Age-sensitive fungal effect"
"F2330_mz244.2639_rt1.89",-1.61987122060019,0.00895374171989598,0.073079280440446,3.4445792504095,2.74857946335515e-05,0.00297373099685525,-4.89828668800165,4.05425161893362e-05,0.0104042232170884,2330,1.893,244.26393,"Unknown","[M+H]+","ion correlated with 2935",0.214,TRUE,"null","null","null","null",999,FALSE,FALSE,FALSE,"null","null","null","null","null",89.36,22272.3333333333,30.6050733313379,24,"RT >= 1 min","MS/MS available","Unknown",FALSE,TRUE,TRUE,FALSE,"Age-sensitive fungal effect"
"F2420_mz251.1605_rt0.4",0.441960365587535,0.0789566140153176,0.182808731837506,-2.84553676328222,1.14121529235489e-05,0.00297373099685525,3.45361387797775,3.13956368524325e-05,0.0104042232170884,2420,0.397,251.16052,"Unknown","[M+H]+",NA,0.429,TRUE,"null","null","null","null",999,FALSE,FALSE,FALSE,"null","null","null","null","null",240.9,5197.66666666667,1565.92036419595,17,"Very early RT","MS/MS available","Unknown",FALSE,TRUE,TRUE,FALSE,"Age-sensitive fungal effect"
"F2934_mz288.29_rt1.99",-0.932405635044814,0.0390743958035705,0.118846922356973,2.76634311671252,2.64853861522685e-05,0.00297373099685525,-3.53257898079663,9.27837251544838e-05,0.0142579139927078,2934,1.992,288.29001,"Unknown","[M+H]+",NA,0.107,TRUE,"null","null","null","null",999,FALSE,FALSE,FALSE,"null","null","null","null","null",13.48,12622,18.8403707518023,24,"RT >= 1 min","MS/MS available","Unknown",FALSE,TRUE,TRUE,FALSE,"Age-sensitive fungal effect"
"F1578_mz190.0502_rt1.03",5.79882748432766,4.33413363123598e-05,0.0196682984185489,0.837611603543845,0.00117999569190829,0.00933306697084254,5.1273212469412,0.000124071531194171,0.0159199283463521,1578,1.032,190.05022,"Unknown","[M+H]+","ion correlated with 650; ion correlated with 885",0.107,TRUE,"null","null","null","null",999,FALSE,FALSE,FALSE,"null","null","null","null","null",1425.28,625.666666666667,6774.55372340426,20,"RT >= 1 min","MS/MS available","Unknown",TRUE,TRUE,TRUE,TRUE,"Age-sensitive fungal effect"
"F636_mz124.0396_rt1.02",-1.92064990734978,0.000978337965728559,0.0475363011579493,0.427122710856229,0.0962280302060226,0.177015906456784,-2.18165284053867,0.000120409074920925,0.0159199283463521,636,1.025,124.03963,"Unknown","[M+H]+",NA,0.179,TRUE,"null","null","null","null",999,FALSE,FALSE,FALSE,"null","null","null","null","null",45.45,105861,16.4496136479568,24,"RT >= 1 min","MS/MS available","Unknown",TRUE,FALSE,TRUE,FALSE,"Age-sensitive fungal effect"
"F1062_mz153.0408_rt0.75",2.12214686838796,0.000438164351287147,0.0457902816646201,-0.349751673510131,0.117525177605595,0.206647678671341,2.6380151367355,0.000143623239529931,0.0163810283752749,1062,0.749,153.04083,"Unknown","[M+H]+","similar chromatogram in higher mz_3448",0.429,TRUE,"null","null","null","null",999,FALSE,FALSE,FALSE,"null","null","null","null","null",157.68,14715,459.11518075564,19,"Early RT","MS/MS available","Unknown",TRUE,FALSE,TRUE,FALSE,"Age-sensitive fungal effect"
"F2247_mz237.1852_rt1.58",8.1034834100286,2.87349078076832e-05,0.0196682984185489,1.98722074432086,0.00406647638963279,0.0188180982418267,6.28208960686273,0.000223303222875797,0.0229220758282006,2247,1.584,237.18524,"Unknown","[M+H]+",NA,0.107,TRUE,"null","null","null","null",999,FALSE,FALSE,FALSE,"null","null","null","null","null",102.13,1426.33333333333,525.005604857543,18,"RT >= 1 min","MS/MS available","Unknown",TRUE,TRUE,TRUE,TRUE,"Age-sensitive fungal effect"
"F650_mz125.0236_rt1.02",8.11772830564606,3.72979394103323e-05,0.0196682984185489,4.30967466611892,0.000383108537447601,0.0051765260714646,3.97412213571744,0.000291500013303651,0.0230172895120152,650,1.019,125.02357,"Unknown","[M+H]+","ion correlated with 1578; ion correlated with 885; similar chromatogram in higher mz_966; similar chromatogram in higher mz_2975; similar chromatogram in higher mz_3144; similar chromatogram in higher mz_4033; similar chromatogram in higher mz_4175; similar chromatogram in higher mz_4321; found in higher mz's MsMs_1504",0.107,TRUE,"null","null","null","null",999,FALSE,FALSE,FALSE,"null","null","null","null","null",304.95,13448,237.297048107666,24,"RT >= 1 min","MS/MS available","Unknown",TRUE,TRUE,TRUE,TRUE,"Age-sensitive fungal effect"
"F728_mz130.1229_rt1.24",4.13783554507332,0.000220086884100964,0.0332918093350058,-0.0161384941746621,0.893136096411376,0.926184988055652,4.32008379681118,0.000273848406460573,0.0230172895120152,728,1.235,130.12289,"Unknown","[M+H]+","ion correlated with 580; ion correlated with 1207; similar chromatogram in higher mz_1444; similar chromatogram in higher mz_1176",0.286,TRUE,"null","null","null","null",999,FALSE,FALSE,FALSE,"null","null","null","null","null",134.51,10188.6666666667,265.412116850404,23,"RT >= 1 min","MS/MS available","Unknown",TRUE,FALSE,TRUE,FALSE,"Age-sensitive fungal effect"
"F864_mz140.0345_rt0.72",2.69613428946179,0.000889735776732472,0.0475363011579493,-0.819937745943468,0.0221772224984546,0.0590179309161687,3.68218227593825,0.000288914478169217,0.0230172895120152,864,0.716,140.03448,"Unknown","[M+H]+",NA,0.143,TRUE,"null","null","null","null",999,FALSE,FALSE,FALSE,"null","null","null","null","null",27.59,9596.66666666667,137.809537040253,19,"Early RT","MS/MS available","Unknown",TRUE,FALSE,TRUE,FALSE,"Age-sensitive fungal effect"
"F837_mz138.0553_rt0.98",-1.56906506787693,0.00793205067605368,0.0703039960311164,1.95773128525422,4.07842337459191e-05,0.0030126839287431,-3.36067713300998,0.000334313662050892,0.0245123552925172,837,0.983,138.05528,"Unknown","[M+H]+",NA,0.321,TRUE,"null","null","null","null",999,FALSE,FALSE,FALSE,"null","null","null","null","null",464.17,30179,123.736348575215,24,"Early RT","MS/MS available","Unknown",FALSE,TRUE,TRUE,FALSE,"Age-sensitive fungal effect"
"F2392_mz248.1497_rt1.19",5.56165051018433,0.000137876513598409,0.0240647545657531,1.97630397241725,0.00113901291246601,0.0090721379343784,3.75142671691903,0.000429274673723198,0.0282810803222437,2392,1.192,248.14972,"Unknown","[M+H]+","ion correlated with 2194; ion correlated with 2707; ion correlated with 2166; ion correlated with 3235; ion correlated with 2358; ion correlated with 1768",0.107,TRUE,"null","null","null","null",999,FALSE,FALSE,FALSE,"null","null","null","null","null",106.81,6117.66666666667,258.656515580737,23,"RT >= 1 min","MS/MS available","Unknown",TRUE,TRUE,TRUE,TRUE,"Age-sensitive fungal effect"
"F2816_mz280.155_rt1.08",11.9445285082464,0.0377205137242296,0.116604694332802,9.81317419614932,0.0676252051185728,0.135728749442228,2.14950074251466,0.000440815669903458,0.0282810803222437,2816,1.076,280.15497,"Unknown","[M+H]+",NA,0.214,TRUE,"null","null","null","null",999,FALSE,FALSE,FALSE,"null","null","null","null","null",123.69,11048.3333333333,269.108815011464,18,"RT >= 1 min","MS/MS available","Unknown",FALSE,FALSE,TRUE,TRUE,"Age-sensitive fungal effect"
"F2188_mz232.0973_rt1.25",1.9306952190824,0.000881821838734922,0.0475363011579493,-0.499140498384922,0.0263011560020661,0.0673855802761738,2.59593801151548,0.000492282236843188,0.0288758694925447,2188,1.251,232.09734,"Unknown","[M+H]+",NA,0.107,TRUE,"null","null","null","null",999,FALSE,FALSE,FALSE,"null","null","null","null","null",1692.53,0,277906,13,"RT >= 1 min","MS/MS available","Unknown",TRUE,FALSE,TRUE,FALSE,"Age-sensitive fungal effect"
"F2437_mz252.1235_rt1.13",2.5715694487767,0.00188464813674167,0.0602291073558713,-0.387775026212736,0.0634160707361727,0.128991470045799,3.12545616177451,0.000491609059896335,0.0288758694925447,2437,1.131,252.12346,"Unknown","[M+H]+","ion correlated with 2194; ion correlated with 2707",0.143,TRUE,"null","null","null","null",999,FALSE,FALSE,FALSE,"null","null","null","null","null",126.62,0,2344398,14,"RT >= 1 min","MS/MS available","Unknown",FALSE,FALSE,TRUE,FALSE,"Age-sensitive fungal effect"
"F1352_mz173.1399_rt0.77",1.56829680865009,0.00245494022456965,0.0617555979727435,-1.67040505995016,0.00724665936455123,0.0274791398827692,3.40481490473807,0.000476714900537138,0.0288758694925447,1352,0.77,173.13991,"Unknown","[M+H]+","similar chromatogram in higher mz_4233; similar chromatogram in higher mz_4520; similar chromatogram in higher mz_2073",0.357,TRUE,"null","null","null","null",999,FALSE,FALSE,FALSE,"null","null","null","null","null",76.05,0,2212920,18,"Early RT","MS/MS available","Unknown",FALSE,TRUE,TRUE,FALSE,"Age-sensitive fungal effect"
"F2481_mz256.0819_rt0.65",8.9780304184186,3.53805221696124e-05,0.0196682984185489,6.61955007752676,0.000118971799567564,0.00374086832920911,2.52455427484241,0.000593157571418459,0.0290977027952274,2481,0.652,256.08191,"Unknown","[M+H]+",NA,0.214,TRUE,"null","null","null","null",999,FALSE,FALSE,FALSE,"null","null","null","null","null",720.63,0,5673333,12,"Early RT","MS/MS available","Unknown",TRUE,TRUE,TRUE,TRUE,"Age-sensitive fungal effect"
"F885_mz141.0549_rt1.07",8.71120208920096,0.000127431950680379,0.0240647545657531,4.35002165054771,0.00132978053184354,0.00997487475560564,4.52727557431738,0.000623623440326354,0.0290977027952274,885,1.069,141.05486,"Unknown","[M+H]+","ion correlated with 1306; similar chromatogram in higher mz_1284; similar chromatogram in higher mz_2816; similar chromatogram in higher mz_2941; similar chromatogram in higher mz_3277",0.214,TRUE,"null","null","null","null",999,FALSE,FALSE,FALSE,"null","null","null","null","null",736.51,26056.6666666667,531.143719698617,24,"RT >= 1 min","MS/MS available","Unknown",TRUE,TRUE,TRUE,TRUE,"Age-sensitive fungal effect"
"F807_mz136.0759_rt1.14",-2.57465891881446,0.000401815260539635,0.0456410498205451,-0.362605379231725,0.0305763309704784,0.0746325497881569,-2.04593058320628,0.000620411275280172,0.0290977027952274,807,1.139,136.07594,"Unknown","[M+H]+","ion correlated with 3603; ion correlated with 3335; ion correlated with 3569; ion correlated with 2499; ion correlated with 1811",0.179,TRUE,"null","null","null","null",999,FALSE,FALSE,FALSE,"null","null","null","null","null",83.46,20258.3333333333,42.2637796571128,24,"RT >= 1 min","MS/MS available","Unknown",TRUE,FALSE,TRUE,TRUE,"Age-sensitive fungal effect"
"F1850_mz208.0972_rt1.18",2.4399161241355,0.00105212273126183,0.0487197240251651,-0.449489075300419,0.0910808651246812,0.170167542249404,3.05552119708571,0.000548166282079395,0.0290977027952274,1850,1.177,208.09721,"Unknown","[M+H]+","ion correlated with 1359; similar chromatogram in higher mz_2707; similar chromatogram in higher mz_2166; similar chromatogram in higher mz_2205",0.429,TRUE,"null","null","null","null",999,FALSE,FALSE,FALSE,"null","null","null","null","null",153.05,1656,2557.69885334943,21,"RT >= 1 min","MS/MS available","Unknown",TRUE,FALSE,TRUE,FALSE,"Age-sensitive fungal effect"
"F3782_mz360.1504_rt0.48",-0.583641338331079,0.125657668852273,0.241827673953737,2.06384088490655,0.000183365664793633,0.00400777622989398,-2.48136464969917,0.0005416882136428,0.0290977027952274,3782,0.477,360.15045,"Unknown","[M+H]+",NA,0.643,TRUE,"null","null","null","null",999,FALSE,FALSE,FALSE,"null","null","null","null","null",11282.18,2555,14687.5888106416,21,"Very early RT","MS/MS available","Unknown",FALSE,TRUE,TRUE,FALSE,"Age-sensitive fungal effect"
"F1306_mz171.0655_rt1.1",10.5897239904947,7.15546623168318e-05,0.0231939326852702,5.46618766181093,0.000211184726518044,0.00420516955435053,5.28959279665422,0.000919567774763537,0.0298781973462492,1306,1.1,171.06552,"Unknown","[M+H]+","ion correlated with 885",0.107,TRUE,"null","null","null","null",999,FALSE,FALSE,FALSE,"null","null","null","null","null",608.99,26035.6666666667,660.638368966842,24,"RT >= 1 min","MS/MS available","Unknown",TRUE,TRUE,TRUE,TRUE,"Age-sensitive fungal effect"
"F1207_mz164.1072_rt1.26",5.05345518370759,8.5356682168776e-05,0.0240647545657531,1.73701265931382,0.000113908555179206,0.00374086832920911,3.48255261558537,0.000904645143922378,0.0298781973462492,1207,1.259,164.10722,"Unknown","[M+H]+","ion correlated with 580; ion correlated with 728",0.25,TRUE,"null","null","null","null",999,FALSE,FALSE,FALSE,"null","null","null","null","null",275.22,3108,966.614988742361,17,"RT >= 1 min","MS/MS available","Unknown",TRUE,TRUE,TRUE,TRUE,"Age-sensitive fungal effect"
"F1765_mz202.1078_rt1",4.91271268516564,0.00019812969094408,0.0321111620537227,1.24776954024205,0.00309042883435673,0.0160166060593374,3.83104403054204,0.000930333117439921,0.0298781973462492,1765,1.003,202.1078,"Unknown","[M+H]+","ion correlated with 4067; ion correlated with 4082; ion correlated with 3243; ion correlated with 650; ion correlated with 1504; ion correlated with 1578; ion correlated with 1606",0.107,TRUE,"null","null","null","null",999,FALSE,FALSE,FALSE,"null","null","null","null","null",296.01,10267.6666666667,143.679705252224,23,"RT >= 1 min","MS/MS available","Unknown",TRUE,TRUE,TRUE,TRUE,"Age-sensitive fungal effect"
"F1415_mz178.0865_rt1.13",1.71702474687508,0.000309874121107285,0.041359081223084,0.442624994754583,0.0128284276653965,0.03972787285191,1.44051214828888,0.000962475453614961,0.0298781973462492,1415,1.13,178.08652,"Unknown","[M+H]+","similar chromatogram in higher mz_2723",0.107,TRUE,"null","null","null","null",999,FALSE,FALSE,FALSE,"null","null","null","null","null",44.95,0,450099,21,"RT >= 1 min","MS/MS available","Unknown",TRUE,TRUE,TRUE,TRUE,"Age-sensitive fungal effect"
"F523_mz116.1072_rt1.14",3.96282984822049,0.000591634347318405,0.0462902873815676,0.225077167776904,0.11102857745825,0.197519491246259,3.90385990046063,0.000934422534579628,0.0298781973462492,523,1.143,116.10721,"Unknown","[M+H]+","ion correlated with 2587; ion correlated with 2253; ion correlated with 1306; ion correlated with 2418; ion correlated with 1519; similar chromatogram in higher mz_2418",0.143,TRUE,"null","null","null","null",999,FALSE,FALSE,FALSE,"null","null","null","null","null",27.44,28338.3333333333,60.8989978592769,24,"RT >= 1 min","MS/MS available","Unknown",TRUE,FALSE,TRUE,TRUE,"Age-sensitive fungal effect"
"F2418_mz251.1031_rt1.12",4.18147986847756,0.000961476708686099,0.0475363011579493,-0.292733662267148,0.137697664709445,0.233438161979418,4.64031850730599,0.000892170437504467,0.0298781973462492,2418,1.119,251.10306,"Unknown","[M+H]+","ion correlated with 885; ion correlated with 2587; ion correlated with 2253; ion correlated with 1306; ion correlated with 523; ion correlated with 1519",0.25,TRUE,"null","null","null","null",999,FALSE,FALSE,FALSE,"null","null","null","null","null",78.71,0,2369339,14,"RT >= 1 min","MS/MS available","Unknown",TRUE,FALSE,TRUE,FALSE,"Age-sensitive fungal effect"
"F1504_mz184.0608_rt1.02",6.99708663390913,0.00172492074885262,0.0594885853589857,3.64485605061591,0.0197214684733231,0.0541982244969049,3.51823610129538,0.000758953452009549,0.0298781973462492,1504,1.019,184.06082,"Unknown","[M+H]+","ion correlated with 4067; ion correlated with 1765; ion correlated with 3243; ion correlated with 650; ion correlated with 4175; ion correlated with 1578; ion correlated with 1606",0.107,TRUE,"null","null","null","null",999,FALSE,FALSE,FALSE,"null","null","null","null","null",153.47,671.333333333333,1446.30639563708,15,"RT >= 1 min","MS/MS available","Unknown",FALSE,FALSE,TRUE,TRUE,"Age-sensitive fungal effect"
"F2316_mz243.1838_rt0.44",1.92695020519978,0.0135987599834965,0.0767551900561035,-1.92764419295562,0.00646345611787906,0.0253403201858125,4.02069927644835,0.000851431993971185,0.0298781973462492,2316,0.44,243.18379,"Unknown","[M+H]+",NA,0.25,TRUE,"null","null","null","null",999,FALSE,FALSE,FALSE,"null","null","null","null","null",39.8,0,1146484,18,"Very early RT","MS/MS available","Unknown",FALSE,TRUE,TRUE,FALSE,"Age-sensitive fungal effect"
"F1579_mz190.0712_rt0.78",0.82069140964027,0.0158676746406444,0.0799995949230129,-0.777113251554237,0.0123320214573995,0.0386653158954376,1.7639203570924,0.000725217357752059,0.0298781973462492,1579,0.785,190.07124,"Unknown","[M+H]+","ion correlated with 2748; similar chromatogram in higher mz_4345",0.357,TRUE,"null","null","null","null",999,FALSE,FALSE,FALSE,"null","null","null","null","null",197.82,11344.6666666667,117.201045920616,21,"Early RT","MS/MS available","Unknown",FALSE,TRUE,TRUE,FALSE,"Age-sensitive fungal effect"
"F2813_mz280.1395_rt0.68",1.72153437975509,0.1103073258502,0.225281118230516,-3.31575620409558,0.00407034635979601,0.0188180982418267,5.20340709268896,0.000975079991329126,0.0298781973462492,2813,0.679,280.13953,"Unknown","[M+H]+",NA,0.429,TRUE,"null","null","null","null",999,FALSE,FALSE,FALSE,"null","null","null","null","null",754.5,17874.6666666667,1780.95203908479,18,"Early RT","MS/MS available","Unknown",FALSE,TRUE,TRUE,FALSE,"Age-sensitive fungal effect"
"F2818_mz280.2641_rt5.32",1.23888994636061,0.192398391904743,0.309216638224098,-4.66240673657804,2.75033436952041e-05,0.00297373099685525,6.06728337270924,0.000826751173784091,0.0298781973462492,2818,5.32,280.2641,"Unknown","[M+H]+",NA,0.286,TRUE,"null","null","null","null",999,FALSE,FALSE,FALSE,"null","null","null","null","null",18.53,1425.33333333333,558.579107268053,19,"RT >= 1 min","MS/MS available","Unknown",FALSE,TRUE,TRUE,FALSE,"Age-sensitive fungal effect"
"F290_mz98.9844_rt0.46",-0.0229167642248202,0.951539838088983,0.972104409105764,2.48915954469067,6.08180009697035e-05,0.00363065085821969,-2.34595772458175,0.000707649579727495,0.0298781973462492,290,0.464,98.98443,"Unknown","[M+H]+","found in higher mz's MsMs_2511; similar chromatogram in higher mz_3032; similar chromatogram in higher mz_3021; similar chromatogram in higher mz_2409; similar chromatogram in higher mz_3207; similar chromatogram in higher mz_3310; similar chromatogram in higher mz_4027; similar chromatogram in higher mz_4560; similar chromatogram in higher mz_3476; similar chromatogram in higher mz_1206; similar chromatogram in higher mz_2397; similar chromatogram in higher mz_3359; similar chromatogram in higher mz_3936; similar chromatogram in higher mz_3813; similar chromatogram in higher mz_4220; similar chromatogram in higher mz_4355; similar chromatogram in higher mz_3195; similar chromatogram in higher mz_809; similar chromatogram in higher mz_2030; similar chromatogram in higher mz_4108; similar chromatogram in higher mz_3182; similar chromatogram in higher mz_1457; similar chromatogram in higher mz_3676; similar chromatogram in higher mz_1864; similar chromatogram in higher mz_4610",0.857,TRUE,"null","null","null","null",999,FALSE,FALSE,FALSE,"null","null","null","null","null",98.65,27792.6666666667,144.809393027188,24,"Very early RT","MS/MS available","Unknown",FALSE,TRUE,TRUE,FALSE,"Age-sensitive fungal effect"
"F2707_mz273.1814_rt1.18",3.22820995341656,0.00397883312557317,0.0664470881897342,-0.765489568171047,0.00191729579909956,0.0121912085825098,4.1598122456588,0.00102515294983451,0.0309505736177978,2707,1.175,273.1814,"Unknown","[M+H]+","ion correlated with 2946; ion correlated with 2358",0.179,TRUE,"null","null","null","null",999,FALSE,FALSE,FALSE,"null","null","null","null","null",296.72,0,8007141,15,"RT >= 1 min","MS/MS available","Unknown",FALSE,TRUE,TRUE,FALSE,"Age-sensitive fungal effect"
"F4082_mz393.2241_rt0.98",2.36093479923408,0.010115480676929,0.0741060510462375,-1.66159103664015,0.01068517152303,0.035051068435373,4.18862897671237,0.00105732186736513,0.0310097399100086,4082,0.976,393.22406,"Unknown","[M+H]+","ion correlated with 3690; ion correlated with 4067; ion correlated with 1927; ion correlated with 1765; ion correlated with 3243; ion correlated with 3351; ion correlated with 4175",0.071,TRUE,"null","null","null","null",999,FALSE,FALSE,FALSE,"null","null","null","null","null",810.6,815.333333333333,1430.8517762352,12,"Early RT","MS/MS available","Unknown",FALSE,TRUE,TRUE,FALSE,"Age-sensitive fungal effect"
"F950_mz145.0497_rt0.47",-0.64286680892279,0.0616561523193824,0.155308550023815,1.35819561108803,0.00085410114694436,0.00749116613696973,-1.83494471227396,0.00105647927523081,0.0310097399100086,950,0.474,145.04967,"Unknown","[M+H]+","ion correlated with 175; found in higher mz's MsMs_2396",0.643,TRUE,"null","null","null","null",999,FALSE,FALSE,FALSE,"null","null","null","null","null",333.38,317679.666666667,15.1130411881113,24,"Very early RT","MS/MS available","Unknown",FALSE,TRUE,TRUE,FALSE,"Age-sensitive fungal effect"
"F3223_mz310.1291_rt0.94",2.23066620880357,0.0423979674748055,0.122243643696405,-3.08518346729044,0.000430558325528806,0.00562284739557817,5.48196246841951,0.00108904899810685,0.0310530221265744,3223,0.94,310.12909,"Unknown","[M+H]+","ion correlated with 2779; ion correlated with 3428",0.286,TRUE,"null","null","null","null",999,FALSE,FALSE,FALSE,"null","null","null","null","null",422.78,0,8484799,13,"Early RT","MS/MS available","Unknown",FALSE,TRUE,TRUE,FALSE,"Age-sensitive fungal effect"
"F93_mz76.0395_rt0.45",-2.35642742314028,0.0108404164904782,0.0741060510462375,1.52009470636088,0.000164148154562544,0.00400777622989398,-3.71040245700798,0.00112457525243933,0.0316267533323006,93,0.45,76.03948,"Unknown","[M+H]+","ion correlated with 1085; ion correlated with 71; ion correlated with 4479; similar chromatogram in higher mz_1085; similar chromatogram in higher mz_1096; similar chromatogram in higher mz_1366; similar chromatogram in higher mz_1380; similar chromatogram in higher mz_1524; similar chromatogram in higher mz_1824; similar chromatogram in higher mz_2004; similar chromatogram in higher mz_2812; similar chromatogram in higher mz_3030; similar chromatogram in higher mz_3541; similar chromatogram in higher mz_4608; similar chromatogram in higher mz_4613; similar chromatogram in higher mz_2796; similar chromatogram in higher mz_3019",0.571,TRUE,"null","null","null","null",999,FALSE,FALSE,FALSE,"null","null","null","null","null",146.37,276661,10.1243466757271,24,"Very early RT","MS/MS available","Unknown",FALSE,TRUE,TRUE,FALSE,"Age-sensitive fungal effect"
"F2369_mz247.1084_rt1.19",2.21828524927413,0.0015662069508962,0.0594885853589857,-0.199039338535353,0.368992177330484,0.457211922783951,2.58343530814058,0.00123777778091974,0.0321951375516282,2369,1.187,247.10835,"Unknown","[M+H]+","ion correlated with 696; ion correlated with 1097; ion correlated with 2801",0.071,TRUE,"null","null","null","null",999,FALSE,FALSE,FALSE,"null","null","null","null","null",34.91,1053.33333333333,662.188112551375,19,"RT >= 1 min","MS/MS available","Unknown",FALSE,FALSE,TRUE,FALSE,"Age-sensitive fungal effect"
"F1359_mz174.1128_rt1.14",1.84525093790007,0.00252886184697506,0.0617555979727435,-0.426076618316711,0.0409098220728368,0.0930378568702418,2.43744405432122,0.00123887767490435,0.0321951375516282,1359,1.143,174.11275,"Unknown","[M+H]+","ion correlated with 1850; similar chromatogram in higher mz_1892",0.429,TRUE,"null","null","null","null",999,FALSE,FALSE,FALSE,"null","null","null","null","null",251.68,10240.3333333333,386.001399557349,23,"RT >= 1 min","MS/MS available","Unknown",FALSE,FALSE,TRUE,FALSE,"Age-sensitive fungal effect"
"F1888_mz211.0756_rt1.34",0.0906704764908027,0.753746843589038,0.814017890577596,2.41555951978589,4.11423796436282e-05,0.0030126839287431,-2.1587713907106,0.00123786773021792,0.0321951375516282,1888,1.34,211.07558,"Unknown","[M+H]+","ion correlated with 3175; found in higher mz's MsMs_4660; similar chromatogram in higher mz_2512; found in higher mz's MsMs_2512; similar chromatogram in higher mz_3175; similar chromatogram in higher mz_4660; similar chromatogram in higher mz_2365; similar chromatogram in higher mz_3213; similar chromatogram in higher mz_4619",0.643,TRUE,"null","null","null","null",999,FALSE,FALSE,FALSE,"null","null","null","null","null",896.58,0,5846437,19,"RT >= 1 min","MS/MS available","Unknown",FALSE,TRUE,TRUE,TRUE,"Age-sensitive fungal effect"
"F2879_mz285.2904_rt1.69",-1.85309743891883,0.0122554842891521,0.0749312372657694,1.16962511395759,0.0996352296398227,0.181810266304178,-2.85658228487495,0.00136434634946964,0.0329529771230726,2879,1.687,285.29037,"Unknown","[M+H]+",NA,0.286,TRUE,"null","null","null","null",999,FALSE,FALSE,FALSE,"null","null","null","null","null",17.61,11435.3333333333,40.2167361333761,24,"RT >= 1 min","MS/MS available","Unknown",FALSE,FALSE,TRUE,FALSE,"Age-sensitive fungal effect"
"F2630_mz268.1043_rt0.51",-0.824081948021006,0.419700306367622,0.514200861311087,3.1838324188208,0.00834811711923276,0.0302719262949814,-3.84179594900156,0.00134876133260227,0.0329529771230726,2630,0.507,268.10431,"Unknown","[M+H]+",NA,0.25,TRUE,"null","null","null","null",999,FALSE,FALSE,FALSE,"null","null","null","null","null",1037.64,73402.3333333333,107.670859633986,24,"Early RT","MS/MS available","Unknown",FALSE,TRUE,TRUE,FALSE,"Age-sensitive fungal effect"
"F3175_mz305.1767_rt1.34",0.168781133695332,0.570839356130075,0.651854302495793,2.46086595068709,3.49222321330764e-05,0.0030126839287431,-2.12596715342355,0.00131158230268888,0.0329529771230726,3175,1.341,305.17673,"Unknown","[M+H]+","ion correlated with 1888",0.643,TRUE,"null","null","null","null",999,FALSE,FALSE,FALSE,"null","null","null","null","null",514.84,1118,4207.87578194817,24,"RT >= 1 min","MS/MS available","Unknown",FALSE,TRUE,TRUE,TRUE,"Age-sensitive fungal effect"
"F1003_mz148.0396_rt1.21",6.9816006900812,0.000118524429409622,0.0240647545657531,1.71891226786033,0.0409448541909126,0.0930378568702418,5.42864961656521,0.00140552900621626,0.0329861017979815,1003,1.207,148.03957,"Unknown","[M+H]+","ion correlated with 2799; ion correlated with 2619; ion correlated with 2120; ion correlated with 2102; ion correlated with 1754; ion correlated with 2021; ion correlated with 1272; ion correlated with 1996",0.071,TRUE,"null","null","null","null",999,FALSE,FALSE,FALSE,"null","null","null","null","null",88.75,558,1214.60107334526,18,"RT >= 1 min","MS/MS available","Unknown",TRUE,FALSE,TRUE,TRUE,"Age-sensitive fungal effect"
"F348_mz103.0391_rt0.71",3.3969355323052,0.000569629108513937,0.0462902873815676,-0.243467327404874,0.581013840161627,0.656823414923752,3.80651433767127,0.00139778086088223,0.0329861017979815,348,0.707,103.03911,"Unknown","[M+H]+","ion correlated with 905; ion correlated with 839; ion correlated with 592; found in higher mz's MsMs_839; found in higher mz's MsMs_592; similar chromatogram in higher mz_784",0.107,TRUE,"null","null","null","null",999,FALSE,FALSE,FALSE,"null","null","null","null","null",212.43,105044.333333333,26.1211699075955,23,"Early RT","MS/MS available","Unknown",TRUE,FALSE,TRUE,FALSE,"Age-sensitive fungal effect"
"F3407_mz325.1133_rt0.48",-0.52178355675387,0.22111850226846,0.334033210151222,1.91243350230415,0.000210414577172822,0.00420516955435053,-2.2680993840318,0.00141391960946048,0.0329861017979815,3407,0.479,325.11334,"Unknown","[M+H]+",NA,0.643,TRUE,"null","null","null","null",999,FALSE,FALSE,FALSE,"null","null","null","null","null",9881.94,0,7731327,18,"Very early RT","MS/MS available","Unknown",FALSE,TRUE,TRUE,FALSE,"Age-sensitive fungal effect"
"F1438_mz180.0868_rt0.46",-1.47457048949116,0.0159011975805548,0.0799995949230129,1.43421128365712,0.00230399225196689,0.0132742700811291,-2.7426638824917,0.00145975578001291,0.0330553491200696,1438,0.463,180.08681,"Unknown","[M+H]+",NA,0.643,TRUE,"null","null","null","null",999,FALSE,FALSE,FALSE,"null","null","null","null","null",952.36,91837.6666666667,135.498951059104,24,"Very early RT","MS/MS available","Unknown",FALSE,TRUE,TRUE,FALSE,"Age-sensitive fungal effect"
"F1698_mz198.0974_rt0.46",-2.00878150982942,0.0233118476145605,0.0947931581316089,2.01989610176531,0.000473249845973564,0.00580690351545941,-3.86255968775697,0.0015360624833696,0.0330553491200696,1698,0.459,198.0974,"Unknown","[M+H]+",NA,0.536,TRUE,"null","null","null","null",999,FALSE,FALSE,FALSE,"null","null","null","null","null",3153.77,22741,718.566660803799,24,"Very early RT","MS/MS available","Unknown",FALSE,TRUE,TRUE,FALSE,"Age-sensitive fungal effect"
"F3485_mz332.3316_rt3.83",-1.07119135796074,0.128801304439217,0.2445273543651,2.09822555456171,0.00561660694902554,0.0230972785766087,-3.00325307706128,0.00158444897928895,0.0330553491200696,3485,3.829,332.33157,"Unknown","[M+H]+",NA,0.143,TRUE,"null","null","null","null",999,FALSE,FALSE,FALSE,"null","null","null","null","null",10.26,7173.33333333333,44.083399154393,24,"RT >= 1 min","MS/MS available","Unknown",FALSE,TRUE,TRUE,FALSE,"Age-sensitive fungal effect"
"F2842_mz282.2797_rt6.36",1.43308939361275,0.160457876140842,0.277499177563697,-3.84189717473706,8.36723080832377e-05,0.00374086832920911,5.44109523560738,0.0014869491657848,0.0330553491200696,2842,6.362,282.27975,"Unknown","[M+H]+","similar chromatogram in higher mz_4772",0.393,TRUE,"null","null","null","null",999,FALSE,FALSE,FALSE,"null","null","null","null","null",265.23,13595,561.078846719623,24,"RT >= 1 min","MS/MS available","Unknown",FALSE,TRUE,TRUE,FALSE,"Age-sensitive fungal effect"
"F1298_mz170.0813_rt0.75",0.387385163123026,0.202840018439311,0.31828769145145,-1.22548627548825,0.00238338380799467,0.0135600001211599,1.77898850815128,0.00155718376480576,0.0330553491200696,1298,0.75,170.0813,"Unknown","[M+H]+","similar chromatogram in higher mz_2446; similar chromatogram in higher mz_4568",0.536,TRUE,"null","null","null","null",999,FALSE,FALSE,FALSE,"null","null","null","null","null",405.48,14144.6666666667,282.545184626623,24,"Early RT","MS/MS available","Unknown",FALSE,TRUE,TRUE,FALSE,"Age-sensitive fungal effect"
"F491_mz114.0915_rt0.89",-0.3026649590854,0.302851547985748,0.403505673740259,1.24861954349335,0.00049863569057219,0.00589532821666079,-1.38516583700948,0.00159399881290155,0.0330553491200696,491,0.887,114.09153,"Unknown","[M+H]+","found in higher mz's MsMs_2513",0.5,TRUE,"null","null","null","null",999,FALSE,FALSE,FALSE,"null","null","null","null","null",53.73,219991.666666667,6.27725469636867,24,"Early RT","MS/MS available","Unknown",FALSE,TRUE,TRUE,FALSE,"Age-sensitive fungal effect"
"F1899_mz212.1033_rt0.9",-0.0401114922485047,0.887964730936022,0.924216502061392,1.66376680082067,3.69907582838038e-05,0.0030126839287431,-1.53776064813622,0.00167944709715794,0.0344790489046525,1899,0.896,212.10332,"Unknown","[M+H]+",NA,0.429,TRUE,"null","null","null","null",999,FALSE,FALSE,FALSE,"null","null","null","null","null",968.16,802.333333333333,8468.80456431535,15,"Early RT","MS/MS available","Unknown",FALSE,TRUE,TRUE,FALSE,"Age-sensitive fungal effect"
"F2512_mz258.1263_rt1.34",0.0855074851864988,0.781038038581283,0.83514387820025,2.34146316595634,4.05007520027043e-05,0.0030126839287431,-2.08983811655719,0.00172830413226871,0.0351307760747292,2512,1.341,258.12628,"Unknown","[M+2H]2+","ion correlated with 4660; similar chromatogram in higher mz_4660",0.643,TRUE,"null","null","null","null",999,FALSE,FALSE,FALSE,"null","null","null","null","null",4461.15,0,26413423,20,"RT >= 1 min","MS/MS available","Unknown",FALSE,TRUE,TRUE,TRUE,"Age-sensitive fungal effect"
"F2194_mz232.1548_rt1.17",5.78422008515092,0.000796872083919848,0.0475363011579493,1.07889225780992,0.0209280087165653,0.0564882042646889,4.87140288165764,0.0019282465151011,0.0357657100507141,2194,1.169,232.15477,"Unknown","[M+H]+","ion correlated with 2437; ion correlated with 2707; ion correlated with 2166; ion correlated with 2946; ion correlated with 3235; ion correlated with 2358",0.107,TRUE,"null","null","null","null",999,FALSE,FALSE,FALSE,"null","null","null","null","null",452.95,16373.3333333333,221.086436089001,24,"RT >= 1 min","MS/MS available","Unknown",TRUE,FALSE,TRUE,TRUE,"Age-sensitive fungal effect"
"F1478_mz182.0815_rt0.75",-2.30320075201361,0.00114257130825799,0.0498556595853342,-0.862338503488994,0.0333191132688282,0.0793152366174403,-1.27474448563248,0.00233443991563356,0.0357657100507141,1478,0.747,182.0815,"Unknown","[M+H]+",NA,0.071,TRUE,"null","null","null","null",999,FALSE,FALSE,FALSE,"null","null","null","null","null",369.46,4504,4272.2128745838,24,"Early RT","MS/MS available","Unknown",TRUE,FALSE,TRUE,TRUE,"Age-sensitive fungal effect"
"F683_mz127.0393_rt1.05",-1.84889544806063,0.00251323519543945,0.0617555979727435,-0.0956931041930317,0.67480444571265,0.74274545441954,-1.58708364433903,0.00199416246809567,0.0357657100507141,683,1.048,127.03927,"Unknown","[M+H]+",NA,0.179,TRUE,"null","null","null","null",999,FALSE,FALSE,FALSE,"null","null","null","null","null",160.03,189590.666666667,14.1861562129137,24,"RT >= 1 min","MS/MS available","Unknown",FALSE,FALSE,TRUE,TRUE,"Age-sensitive fungal effect"
"F2149_mz229.0977_rt1.05",0.957438064886228,0.00488633918659375,0.0664470881897342,-0.0120920191438083,0.92982279366778,0.95248093033658,1.13564677787327,0.00225239724035889,0.0357657100507141,2149,1.052,229.09773,"Unknown","[M+H]+","ion correlated with 1659",0.357,TRUE,"null","null","null","null",999,FALSE,FALSE,FALSE,"null","null","null","null","null",176.65,39738.3333333333,48.185030783942,23,"RT >= 1 min","MS/MS available","Unknown",FALSE,FALSE,TRUE,FALSE,"Age-sensitive fungal effect"
"F2254_mz238.1079_rt1.19",1.71300409067703,0.00559738906395951,0.0664470881897342,-0.433084215024766,0.017985714838094,0.0504667153059003,2.31220214200224,0.00201125915625556,0.0357657100507141,2254,1.188,238.10791,"Unknown","[M+H]+","similar chromatogram in higher mz_2946; similar chromatogram in higher mz_3235",0.107,TRUE,"null","null","null","null",999,FALSE,FALSE,FALSE,"null","null","null","null","null",130.19,0,1221584,16,"RT >= 1 min","MS/MS available","Unknown",FALSE,FALSE,TRUE,FALSE,"Age-sensitive fungal effect"
"F2608_mz266.124_rt0.47",1.27730135329613,0.0185208384333597,0.0851106056470881,-0.891371803921072,0.0111742854252336,0.0359796140642273,2.33479057773973,0.00204087478513966,0.0357657100507141,2608,0.468,266.12396,"Unknown","[M+H]+",NA,0.429,TRUE,"null","null","null","null",999,FALSE,FALSE,FALSE,"null","null","null","null","null",1457.06,6927,3895.25129907621,18,"Very early RT","MS/MS available","Unknown",FALSE,TRUE,TRUE,FALSE,"Age-sensitive fungal effect"
"F2942_mz289.1401_rt0.86",1.65387529533458,0.0187495266398157,0.0855961844560316,-1.77718499958126,0.00582000851020698,0.0235918202110176,3.59716925471618,0.00210566757292122,0.0357657100507141,2942,0.855,289.14011,"Unknown","[M+H]+","ion correlated with 3088; ion correlated with 2513",0.071,TRUE,"null","null","null","null",999,FALSE,FALSE,FALSE,"null","null","null","null","null",278.42,0,1103751,14,"Early RT","MS/MS available","Unknown",FALSE,TRUE,TRUE,FALSE,"Age-sensitive fungal effect"
"F2113_mz227.082_rt1.07",0.63526653869789,0.0259655240884237,0.0993520643450817,-0.386447622223079,0.0182680677231143,0.0510695981914649,1.18782925678504,0.00231764171582413,0.0357657100507141,2113,1.07,227.08199,"Unknown","[M+H]+","ion correlated with 1063; ion correlated with 1222; ion correlated with 2123",0.321,TRUE,"null","null","null","null",999,FALSE,FALSE,FALSE,"null","null","null","null","null",48.68,39153,13.3501302548909,24,"RT >= 1 min","MS/MS available","Unknown",FALSE,FALSE,TRUE,FALSE,"Age-sensitive fungal effect"
"F668_mz126.0551_rt0.62",0.590354999831683,0.0373237914992607,0.116297174309542,-0.46572729936333,0.0139887079152499,0.0423305132333185,1.22219959641127,0.00216394526995879,0.0357657100507141,668,0.623,126.05506,"Unknown","[M+H]+",NA,0.429,TRUE,"null","null","null","null",999,FALSE,FALSE,FALSE,"null","null","null","null","null",135.68,109893.333333333,52.6810693908997,24,"Early RT","MS/MS available","Unknown",FALSE,TRUE,TRUE,FALSE,"Age-sensitive fungal effect"
"F2941_mz289.119_rt1.08",0.619910707564799,0.0455311007506744,0.127858994558515,-0.770871471453971,0.00179778594550572,0.011679424752544,1.55689823859818,0.00194863871230605,0.0357657100507141,2941,1.076,289.11905,"Unknown","[M+H]+","ion correlated with 2324; found in higher mz's MsMs_3314",0.393,TRUE,"null","null","null","null",999,FALSE,FALSE,FALSE,"null","null","null","null","null",165.39,0,974611,15,"RT >= 1 min","MS/MS available","Unknown",FALSE,TRUE,TRUE,FALSE,"Age-sensitive fungal effect"
"F405_mz108.0444_rt0.62",0.274871589955375,0.230353188867933,0.341392152541699,-0.868246858104016,0.00308324963743078,0.0160159649358532,1.30923555957655,0.00216852361136977,0.0357657100507141,405,0.621,108.04443,"Unknown","[M+H]+","found in higher mz's MsMs_668",0.429,TRUE,"null","null","null","null",999,FALSE,FALSE,FALSE,"null","null","null","null","null",132.65,67580,50.3863363963244,19,"Early RT","MS/MS available","Unknown",FALSE,TRUE,TRUE,FALSE,"Age-sensitive fungal effect"
"F4657_mz513.2296_rt1.4",-0.0870441792798321,0.808294319565364,0.857419266523521,2.3041126275319,2.78647880708482e-05,0.00297373099685525,-2.22503706419592,0.00229452690021808,0.0357657100507141,4657,1.401,513.22961,"Unknown","[M+H]+",NA,0.643,TRUE,"null","null","null","null",999,FALSE,FALSE,FALSE,"null","null","null","null","null",5147.49,0,411631,19,"RT >= 1 min","MS/MS available","Unknown",FALSE,TRUE,TRUE,FALSE,"Age-sensitive fungal effect"
"F1462_mz181.1225_rt7.32",-0.148910914743259,0.829918404060306,0.877077251426565,1.81395399621845,0.041489566484719,0.0936702216133622,-1.79664788891215,0.00227080586908238,0.0357657100507141,1462,7.325,181.12253,"Unknown","[M+H]+","ion correlated with 4851; found in higher mz's MsMs_4854; found in higher mz's MsMs_4851",0.107,TRUE,"null","null","null","null",999,FALSE,FALSE,FALSE,"null","null","null","null","null",3.86,2246.33333333333,118.77588252744,23,"RT >= 1 min","MS/MS available","Unknown",FALSE,FALSE,TRUE,FALSE,"Age-sensitive fungal effect"
"F1583_mz190.1077_rt0.92",1.0723278036502,0.00325520937189247,0.0646007615418979,-0.018865858573451,0.884297521436092,0.919961216159454,1.25731063681294,0.00245060702297902,0.0367813131626245,1583,0.918,190.10768,"Unknown","[M+H]+","ion correlated with 1911; ion correlated with 1287; ion correlated with 1043",0.429,TRUE,"null","null","null","null",999,FALSE,FALSE,FALSE,"null","null","null","null","null",534.85,12889.3333333333,210.142277158594,21,"Early RT","MS/MS available","Unknown",FALSE,FALSE,TRUE,FALSE,"Age-sensitive fungal effect"
"F859_mz139.9881_rt8.02",-0.418931897158548,0.257590060289523,0.365523356345796,1.4607192196908,0.00482635736960998,0.021089384000076,-1.71351305117097,0.00249030810014847,0.0367813131626245,859,8.023,139.9881,"Unknown","[M+H]+",NA,0.036,TRUE,"null","null","null","null",999,FALSE,FALSE,FALSE,"null","null","null","null","null",6.93,23784.3333333333,9.59885643814115,24,"RT >= 1 min","MS/MS available","Unknown",FALSE,TRUE,TRUE,FALSE,"Age-sensitive fungal effect"
"F1459_mz181.1225_rt5.96",-0.941649076370347,0.0453268630811135,0.127443187522982,0.757404758493578,0.0496330745883234,0.107415628910035,-1.53277778525233,0.00281346836123746,0.0373286078560745,1459,5.955,181.12247,"Unknown","[M+H]+","ion correlated with 2476; ion correlated with 4813; ion correlated with 4850; found in higher mz's MsMs_4856",0.107,TRUE,"null","null","null","null",999,FALSE,FALSE,FALSE,"null","null","null","null","null",4.06,4430,63.5301286391334,24,"RT >= 1 min","MS/MS available","Unknown",FALSE,FALSE,TRUE,FALSE,"Age-sensitive fungal effect"
"F2761_mz276.1448_rt0.9",2.23069220020916,0.0612993622157528,0.154886695843589,-2.19803563271491,0.0115402089337209,0.0367925200555426,4.59484491395332,0.00289730003973386,0.0373286078560745,2761,0.895,276.14478,"Unknown","[M+2H]2+","ion correlated with 3012; ion correlated with 3428",0.429,TRUE,"null","null","null","null",999,FALSE,FALSE,FALSE,"null","null","null","null","null",9089.63,0,51437869,14,"Early RT","MS/MS available","Unknown",FALSE,TRUE,TRUE,FALSE,"Age-sensitive fungal effect"
"F1563_mz188.2011_rt1.3",0.814479526058158,0.0758057669452688,0.177140355508563,4.58668020516255,0.0005108623395565,0.00598904598788277,-3.60608227377447,0.00270800620663781,0.0373286078560745,1563,1.296,188.20113,"Unknown","[M+H]+",NA,0.393,TRUE,"null","null","null","null",999,FALSE,FALSE,FALSE,"null","null","null","null","null",540.3,527.666666666667,19140.289407314,18,"RT >= 1 min","MS/MS available","Unknown",FALSE,TRUE,TRUE,TRUE,"Age-sensitive fungal effect"
"F3012_mz294.1553_rt0.9",2.01387782238145,0.0791311812179311,0.18301180207838,-2.25544792386209,0.0107025727480525,0.0350574893767377,4.43544318685212,0.00278827852735821,0.0373286078560745,3012,0.896,294.15533,"Unknown","[M+H]+",NA,0.429,TRUE,"null","null","null","null",999,FALSE,FALSE,FALSE,"null","null","null","null","null",5124.73,39732.6666666667,5066.51980268622,18,"Early RT","MS/MS available","Unknown",FALSE,TRUE,TRUE,FALSE,"Age-sensitive fungal effect"
"F175_mz85.0285_rt0.47",-0.711528262017249,0.0930934943348028,0.204283499657319,1.34069426451341,0.00214569191629387,0.012870293888192,-1.88610475123051,0.0027686992572909,0.0373286078560745,175,0.474,85.0285,"Unknown","[M+H]+","ion correlated with 950; found in higher mz's MsMs_3782; found in higher mz's MsMs_1698; found in higher mz's MsMs_2771; found in higher mz's MsMs_1621; found in higher mz's MsMs_2814; found in higher mz's MsMs_1438; found in higher mz's MsMs_3407; found in higher mz's MsMs_3408; similar chromatogram in higher mz_709; similar chromatogram in higher mz_4326; found in higher mz's MsMs_4326; found in higher mz's MsMs_1901; found in higher mz's MsMs_1004; found in higher mz's MsMs_950; found in higher mz's MsMs_2572; similar chromatogram in higher mz_4221; similar chromatogram in higher mz_1162; similar chromatogram in higher mz_2290",0.643,TRUE,"null","null","null","null",999,FALSE,FALSE,FALSE,"null","null","null","null","null",62.44,135219,31.8438470640438,24,"Very early RT","MS/MS available","Unknown",FALSE,TRUE,TRUE,FALSE,"Age-sensitive fungal effect"
"F4020_mz385.1474_rt1.29",-0.310222505579961,0.215552216249292,0.329796344349051,1.25401757223298,0.00041520846915999,0.00551282617384515,-1.39812103066195,0.00268544436078495,0.0373286078560745,4020,1.293,385.14743,"Unknown","[M+H]+",NA,0.571,TRUE,"null","null","null","null",999,FALSE,FALSE,FALSE,"null","null","null","null","null",96.19,38261.3333333333,11.7425928023208,24,"RT >= 1 min","MS/MS available","Unknown",FALSE,TRUE,TRUE,FALSE,"Age-sensitive fungal effect"
"F2523_mz259.1293_rt0.78",0.192698518645454,0.492278814992289,0.580853162359596,-1.42607835789219,0.00396890520962082,0.0187145136991277,1.78489427691237,0.00274450312381938,0.0373286078560745,2523,0.783,259.12927,"Unknown","[M+H]+",NA,0.429,TRUE,"null","null","null","null",999,FALSE,FALSE,FALSE,"null","null","null","null","null",1552.51,0,17658549,13,"Early RT","MS/MS available","Unknown",FALSE,TRUE,TRUE,FALSE,"Age-sensitive fungal effect"
"F3537_mz337.1051_rt2.67",0.0626600773359449,0.882826125613213,0.920211074349419,1.76222737338047,0.00655643672138761,0.0256583391872765,-1.53344485789967,0.00292539956574705,0.0373286078560745,3537,2.671,337.10507,"Unknown","[M+H]+",NA,0.214,TRUE,"null","null","null","null",999,FALSE,FALSE,FALSE,"null","null","null","null","null",923.6,8617.33333333333,21.0754206149681,24,"RT >= 1 min","MS/MS available","Unknown",FALSE,TRUE,TRUE,TRUE,"Age-sensitive fungal effect"
"F1111_mz157.0498_rt0.92",NA,NA,NA,NA,NA,NA,5.03287313814727,0.00292324457422112,0.0373286078560745,1111,0.923,157.04982,"Unknown","[M+H]+","ion correlated with 1358; ion correlated with 638; ion correlated with 1726; ion correlated with 670",0.036,TRUE,"null","null","null","null",999,FALSE,FALSE,FALSE,"null","null","null","null","null",387.76,50596.3333333333,52.0791280172868,18,"Early RT","MS/MS available","Unknown",FALSE,FALSE,TRUE,FALSE,"Age-sensitive fungal effect"
"F696_mz128.1072_rt1.14",1.82497724485564,0.00249579794555121,0.0617555979727435,0.118889741245403,0.390876190115087,0.477328680509096,1.87220173407608,0.00321647997636199,0.0395415173141986,696,1.141,128.10716,"Unknown","[M+H]+",NA,0.357,TRUE,"null","null","null","null",999,FALSE,FALSE,FALSE,"null","null","null","null","null",59.21,80065.3333333333,10.8490293465002,24,"RT >= 1 min","MS/MS available","Unknown",FALSE,FALSE,TRUE,TRUE,"Age-sensitive fungal effect"
"F1430_mz179.1183_rt1.24",-0.112874246997436,0.700493506935619,0.768578224002379,1.09691828141538,0.00246852556978555,0.013973947739185,-1.04367288987288,0.00327430861904874,0.0398611554895274,1430,1.243,179.11829,"Unknown","[M+H]+","ion correlated with 1609",0.107,TRUE,"null","null","null","null",999,FALSE,FALSE,FALSE,"null","null","null","null","null",33.05,13946.6666666667,16.7861052027818,24,"RT >= 1 min","MS/MS available","Unknown",FALSE,TRUE,TRUE,FALSE,"Age-sensitive fungal effect"
"F3833_mz365.1057_rt0.61",-1.1036532886357,0.0147871782534615,0.0791323289082645,0.209725536581628,0.350148589392326,0.439379379723925,-1.14726072548111,0.00336973178160201,0.0404564874130346,3833,0.611,365.10574,"Unknown","[M+H]+",NA,0.071,TRUE,"null","null","null","null",999,FALSE,FALSE,FALSE,"null","null","null","null","null",1237.09,0,3326971,18,"Early RT","MS/MS available","Unknown",FALSE,FALSE,TRUE,FALSE,"Age-sensitive fungal effect"
"F1612_mz192.1597_rt0.49",-1.05351050189138,0.178267490478107,0.295561874744861,2.70972833164428,0.000368269136479284,0.00515771845617702,-3.59712071471299,0.00344197782172809,0.0406113820000447,1612,0.49,192.15967,"Unknown","[M+H]+","similar chromatogram in higher mz_2382; similar chromatogram in higher mz_3128; similar chromatogram in higher mz_3089",0.75,TRUE,"null","null","null","null",999,FALSE,FALSE,FALSE,"null","null","null","null","null",496.82,327228,27.1614221233448,18,"Very early RT","MS/MS available","Unknown",FALSE,TRUE,TRUE,FALSE,"Age-sensitive fungal effect"
"F1496_mz183.0921_rt1.08",1.43949605824194,0.00217809803428122,0.0617555979727435,0.245229425196798,0.111844835403993,0.198660231899112,1.36038369463507,0.00354668966049266,0.0413886409504276,1496,1.081,183.0921,"Unknown","[M+H]+",NA,0.429,TRUE,"null","null","null","null",999,FALSE,FALSE,FALSE,"null","null","null","null","null",171.92,54469.6666666667,73.945285535946,24,"RT >= 1 min","MS/MS available","Unknown",FALSE,FALSE,TRUE,TRUE,"Age-sensitive fungal effect"
"F2520_mz259.093_rt0.86",1.68819804204844,0.00634195433242644,0.0664470881897342,0.334319734715715,0.300333181964677,0.394992075932686,1.51999325031015,0.00365169851700365,0.0415510792567678,2520,0.864,259.09296,"Unknown","[M+H]+","ion correlated with 2001; ion correlated with 928; ion correlated with 1797",0.107,TRUE,"null","null","null","null",999,FALSE,FALSE,FALSE,"null","null","null","null","null",313.12,2406,332.917324470295,13,"Early RT","MS/MS available","Unknown",FALSE,FALSE,TRUE,TRUE,"Age-sensitive fungal effect"
"F3780_mz360.1446_rt0.99",-3.8057006450328,0.0140148347912363,0.0773714358669467,1.62723118902817,0.00395376613942262,0.0186980190343528,-5.26675464289457,0.00368353454687372,0.0415510792567678,3780,0.989,360.14459,"Unknown","[M+H]+",NA,0.036,TRUE,"null","null","null","null",999,FALSE,FALSE,FALSE,"null","null","null","null","null",885.32,0,1423251,18,"Early RT","MS/MS available","Unknown",FALSE,TRUE,TRUE,FALSE,"Age-sensitive fungal effect"
"F1883_mz210.1161_rt0.89",-2.43782269417017,0.0161443610400296,0.0806038301425788,1.05844974797908,0.000328598618266507,0.00487528668931353,-3.33015224511914,0.00360695849801831,0.0415510792567678,1883,0.892,210.1161,"Unknown","[M+H]+",NA,0.357,TRUE,"null","null","null","null",999,FALSE,FALSE,FALSE,"null","null","null","null","null",275.54,14159.6666666667,163.919542394426,22,"Early RT","MS/MS available","Unknown",FALSE,TRUE,TRUE,FALSE,"Age-sensitive fungal effect"
"F676_mz127.0391_rt0.47",-0.264545846675136,0.304268035772942,0.404839634499861,1.19412378079671,0.00285350817063471,0.01528533139467,-1.29255197303919,0.00363786730659893,0.0415510792567678,676,0.473,127.03914,"Unknown","[M+H]+","found in higher mz's MsMs_1438; found in higher mz's MsMs_3782",0.643,TRUE,"null","null","null","null",999,FALSE,FALSE,FALSE,"null","null","null","null","null",432.2,781006.666666667,6.45575096787355,24,"Very early RT","MS/MS available","Unknown",FALSE,TRUE,TRUE,FALSE,"Age-sensitive fungal effect"
"F783_mz134.0449_rt0.45",-2.45249583375456,0.0337504778061569,0.111469918693115,1.82825079181923,4.65331742110029e-05,0.00316212418795093,-4.11462815609509,0.00373149274525005,0.0418620470273134,783,0.452,134.04491,"Unknown","[M+H]+","ion correlated with 387; ion correlated with 776; similar chromatogram in higher mz_2083; similar chromatogram in higher mz_4395; similar chromatogram in higher mz_3492; similar chromatogram in higher mz_3180",0.643,TRUE,"null","null","null","null",999,FALSE,FALSE,FALSE,"null","null","null","null","null",993.67,2507,4014.74043062201,22,"Very early RT","MS/MS available","Unknown",FALSE,TRUE,TRUE,FALSE,"Age-sensitive fungal effect"
"F437_mz110.0602_rt0.69",0.566080327388469,0.152459209398989,0.271139843248449,-0.860054409764326,0.0352347204904822,0.0828837466460047,1.59225196956414,0.00379273270681438,0.0423178274298365,437,0.694,110.06021,"Unknown","[M+H]+","similar chromatogram in higher mz_622; similar chromatogram in higher mz_775; similar chromatogram in higher mz_790; similar chromatogram in higher mz_1031; similar chromatogram in higher mz_2454; similar chromatogram in higher mz_2886; similar chromatogram in higher mz_2888; similar chromatogram in higher mz_4592",0.429,TRUE,"null","null","null","null",999,FALSE,FALSE,FALSE,"null","null","null","null","null",81.6,120898.666666667,53.0821397357037,24,"Early RT","MS/MS available","Unknown",FALSE,FALSE,TRUE,FALSE,"Age-sensitive fungal effect"
"F2994_mz293.1614_rt0.98",-1.63006537214799,0.0150084748237186,0.0797936310996672,0.563499141676657,0.0100858740145558,0.0338182186307853,-2.02744540103625,0.00381618903944951,0.0423493843134586,2994,0.975,293.16138,"Unknown","[M+H]+","ion correlated with 1273; ion correlated with 2802; ion correlated with 2829; ion correlated with 3902; ion correlated with 3743; ion correlated with 2444; ion correlated with 2926; ion correlated with 2620; ion correlated with 1374",0.357,TRUE,"null","null","null","null",999,FALSE,FALSE,FALSE,"null","null","null","null","null",126.88,6375.66666666667,237.966806063774,21,"Early RT","MS/MS available","Unknown",FALSE,TRUE,TRUE,FALSE,"Age-sensitive fungal effect"
"F1135_mz159.031_rt0.52",0.583286238028742,0.13487754205356,0.251882422155989,2.71182845066001,2.83766024907498e-05,0.00297373099685525,-1.96242464878514,0.00384146064901471,0.0424006382388559,1135,0.518,159.03096,"Unknown","[M+H]+",NA,0.643,TRUE,"null","null","null","null",999,FALSE,FALSE,FALSE,"null","null","null","null","null",1111.42,26562,553.827015020894,18,"Early RT","MS/MS available","Unknown",FALSE,TRUE,TRUE,TRUE,"Age-sensitive fungal effect"
"F2486_mz256.1184_rt1.08",3.34516240469613,0.00390444911340255,0.0664470881897342,-0.161913069908627,0.48132680741222,0.559739678701711,3.67317604409429,0.00393393663021787,0.042793333866216,2486,1.084,256.11844,"Unknown","[M+H]+","ion correlated with 1606; ion correlated with 2587; ion correlated with 2253; ion correlated with 2101; ion correlated with 2418; ion correlated with 523",0.107,TRUE,"null","null","null","null",999,FALSE,FALSE,FALSE,"null","null","null","null","null",157.19,0,904366,13,"RT >= 1 min","MS/MS available","Unknown",FALSE,FALSE,TRUE,FALSE,"Age-sensitive fungal effect"
"F2153_mz229.1551_rt0.9",1.47245541542136,0.00913276892149329,0.0732235077133154,-0.355001028103942,0.173668501638785,0.276845153595535,1.99357166757228,0.004002104287537,0.042793333866216,2153,0.901,229.15508,"Unknown","[M+H]+",NA,0.286,TRUE,"null","null","null","null",999,FALSE,FALSE,FALSE,"null","null","null","null","null",138.59,1223.33333333333,2280.52845085761,18,"Early RT","MS/MS available","Unknown",FALSE,FALSE,TRUE,FALSE,"Age-sensitive fungal effect"
"F121_mz79.0214_rt0.93",0.487051785994244,0.189976136201591,0.306365211827584,2.6331777614324,7.02962585763415e-05,0.0036322217682968,-1.98000843348804,0.00394984776089312,0.042793333866216,121,0.928,79.02144,"Unknown","[M+H]+",NA,0.143,TRUE,"null","null","null","null",999,FALSE,FALSE,FALSE,"null","null","null","null","null",3649.46,22151213,14.5980059151611,24,"Early RT","MS/MS available","Unknown",FALSE,TRUE,TRUE,TRUE,"Age-sensitive fungal effect"
"F2042_mz221.1862_rt0.45",1.77725864376427,0.0108272054436614,0.0741060510462375,-0.500525954996515,0.00713547174102013,0.0271770484095901,2.44390190472061,0.00407993332679947,0.04339949803067,2042,0.447,221.18622,"Unknown","[M+H]+",NA,0.643,TRUE,"null","null","null","null",999,FALSE,FALSE,FALSE,"null","null","null","null","null",466.95,2040.33333333333,9679.00669497061,18,"Very early RT","MS/MS available","Unknown",FALSE,TRUE,TRUE,FALSE,"Age-sensitive fungal effect"
"F2814_mz280.1395_rt0.5",1.58933250121175,0.151239346995582,0.269913022111666,-2.57488997224424,0.00887669109115293,0.0313864311166934,4.33033891138966,0.00421421292980587,0.0440741060054371,2814,0.503,280.13953,"Unknown","[M+H]+","ion correlated with 2215; ion correlated with 2435",0.393,TRUE,"null","null","null","null",999,FALSE,FALSE,FALSE,"null","null","null","null","null",458.34,20472.3333333333,907.467909475741,19,"Early RT","MS/MS available","Unknown",FALSE,TRUE,TRUE,FALSE,"Age-sensitive fungal effect"
"F379_mz105.0701_rt1.26",2.90273217143193,0.00188442992110923,0.0602291073558713,0.343708981804318,0.11915685671828,0.208386798729196,2.72510764398058,0.00435935856961754,0.0444175862903895,379,1.256,105.07012,"Unknown","[M+H]+","ion correlated with 1003; ion correlated with 1754; ion correlated with 2021; ion correlated with 3568; ion correlated with 1272; ion correlated with 1996; similar chromatogram in higher mz_1207; found in higher mz's MsMs_1207",0.071,TRUE,"null","null","null","null",999,FALSE,FALSE,FALSE,"null","null","null","null","null",34.38,1761.66666666667,124.631051437216,20,"RT >= 1 min","MS/MS available","Unknown",FALSE,FALSE,TRUE,TRUE,"Age-sensitive fungal effect"
"F2253_mz238.1079_rt1.08",4.11524334218975,0.00278097536773238,0.0631003310938478,0.3208535989855,0.0750137602369922,0.146738124033903,3.96049552262047,0.00441848530378109,0.0444175862903895,2253,1.084,238.10786,"Unknown","[M+H]+","ion correlated with 1578; ion correlated with 1606; ion correlated with 2587; ion correlated with 1306; ion correlated with 2418; ion correlated with 523",0.071,TRUE,"null","null","null","null",999,FALSE,FALSE,FALSE,"null","null","null","null","null",250.05,796,2467.11543287327,14,"RT >= 1 min","MS/MS available","Unknown",FALSE,FALSE,TRUE,TRUE,"Age-sensitive fungal effect"
"F1889_mz211.0869_rt1.82",-1.34438898029929,0.00445755460709863,0.0664470881897342,-0.0107548140073407,0.959408278706606,0.973561373564594,-1.16751558894218,0.00452180980744832,0.0444175862903895,1889,1.816,211.08687,"Unknown","[M+H]+",NA,0.429,TRUE,"null","null","null","null",999,FALSE,FALSE,FALSE,"null","null","null","null","null",196.53,6165,251.086279597794,24,"RT >= 1 min","MS/MS available","Unknown",FALSE,FALSE,TRUE,TRUE,"Age-sensitive fungal effect"
"F2181_mz231.1133_rt1.06",0.47511389900593,0.0995988970537974,0.212874356229336,-0.645888576082591,0.00326406282828886,0.0163954226193485,1.28711962900551,0.00443686085273792,0.0444175862903895,2181,1.061,231.11334,"Unknown","[M+H]+","ion correlated with 966; ion correlated with 1981; ion correlated with 1691",0.107,TRUE,"null","null","null","null",999,FALSE,FALSE,FALSE,"null","null","null","null","null",299.08,1353.33333333333,2093.84125030765,24,"RT >= 1 min","MS/MS available","Unknown",FALSE,TRUE,TRUE,FALSE,"Age-sensitive fungal effect"
"F1122_mz158.0925_rt0.77",0.381174283123526,0.143344039824073,0.261243073382186,-0.78965829028685,0.016881785636585,0.0480823756525068,1.3369500647761,0.00449018482306894,0.0444175862903895,1122,0.773,158.09254,"Unknown","[M+H]+","similar chromatogram in higher mz_2523; similar chromatogram in higher mz_4233",0.429,TRUE,"null","null","null","null",999,FALSE,FALSE,FALSE,"null","null","null","null","null",1581.14,5809,5567.67005163511,17,"Early RT","MS/MS available","Unknown",FALSE,TRUE,TRUE,FALSE,"Age-sensitive fungal effect"
"F140_mz81.0172_rt0.93",0.584174400534776,0.15478477986209,0.272464441820856,2.80290474365551,9.68014655981346e-05,0.00374086832920911,-2.05261277516448,0.00459543468179924,0.0449258447701611,140,0.929,81.0172,"Unknown","[M+H]+","found in higher mz's MsMs_4588",0.214,TRUE,"null","null","null","null",999,FALSE,FALSE,FALSE,"null","null","null","null","null",216.96,1014418,16.8424201439445,24,"Early RT","MS/MS available","Unknown",FALSE,TRUE,TRUE,TRUE,"Age-sensitive fungal effect"
"F3428_mz328.1397_rt0.94",2.70373324519395,0.0689533105849773,0.167331616809961,-2.15537946574296,0.0256235486941583,0.066432531008422,5.02522944377426,0.00471431242184884,0.045438889211529,3428,0.942,328.13974,"Unknown","[M+H]+","ion correlated with 2761",0.429,TRUE,"null","null","null","null",999,FALSE,FALSE,FALSE,"null","null","null","null","null",3411.87,0,46910673,15,"Early RT","MS/MS available","Unknown",FALSE,FALSE,TRUE,FALSE,"Age-sensitive fungal effect"
"F2833_mz282.1189_rt0.47",1.58721662293308,0.0949209963248558,0.20699076904501,-1.00183356014971,0.173390833817164,0.276723648395487,2.75516698774738,0.00484142931125458,0.045803937216616,2833,0.466,282.11887,"Unknown","[M+H]+","ion correlated with 2215; ion correlated with 2435; ion correlated with 2814; ion correlated with 2721",0.357,TRUE,"null","null","null","null",999,FALSE,FALSE,FALSE,"null","null","null","null","null",532.66,3647,2081.35334429825,21,"Very early RT","MS/MS available","Unknown",FALSE,FALSE,TRUE,FALSE,"Age-sensitive fungal effect"
"F3221_mz310.1138_rt0.47",1.58112600815832,0.161264062313996,0.278045712302778,-2.3232207610566,0.0378161893076528,0.0880438458752533,4.0704587763902,0.00483389087467139,0.045803937216616,3221,0.467,310.11377,"Unknown","[M+H]+","ion correlated with 3541; ion correlated with 3021; ion correlated with 2409; ion correlated with 2026; ion correlated with 3032; ion correlated with 2588; ion correlated with 3427; ion correlated with 2572",0.286,TRUE,"null","null","null","null",999,FALSE,FALSE,FALSE,"null","null","null","null","null",341.2,0,2990509,17,"Very early RT","MS/MS available","Unknown",FALSE,FALSE,TRUE,FALSE,"Age-sensitive fungal effect"
"F2790_mz278.1239_rt0.49",1.37072409564781,0.030516017680295,0.106688511735885,-0.850467312784718,0.0154784872729725,0.0452785645742882,2.38730861533627,0.00495255428928109,0.0462607178101955,2790,0.488,278.12387,"Unknown","[M+H]+","ion correlated with 873; ion correlated with 2042; ion correlated with 2814",0.429,TRUE,"null","null","null","null",999,FALSE,FALSE,FALSE,"null","null","null","null","null",1161.45,0,11255706,14,"Very early RT","MS/MS available","Unknown",FALSE,TRUE,TRUE,FALSE,"Age-sensitive fungal effect"
"F2578_mz263.1032_rt1.06",3.04892909324183,0.00211280244201096,0.0617555979727435,0.48881928089053,0.0304350078769326,0.074454338035602,2.72621843491056,0.00507623668523287,0.0463178396212581,2578,1.058,263.10315,"Unknown","[M+H]+",NA,0.214,TRUE,"null","null","null","null",999,FALSE,FALSE,FALSE,"null","null","null","null","null",152.57,0,1206323,17,"RT >= 1 min","MS/MS available","Unknown",FALSE,FALSE,TRUE,TRUE,"Age-sensitive fungal effect"
"F973_mz146.1653_rt0.81",3.8829402943147,0.0608011431760179,0.153970752083019,-0.192374548954032,0.91209744299675,0.939410705808812,4.24141779773241,0.00507059082964519,0.0463178396212581,973,0.814,146.16534,"Unknown","[M+H]+","similar chromatogram in higher mz_4256",0.357,TRUE,"null","null","null","null",999,FALSE,FALSE,FALSE,"null","null","null","null","null",289.52,5569.33333333333,730.957513015379,15,"Early RT","MS/MS available","Unknown",FALSE,FALSE,TRUE,FALSE,"Age-sensitive fungal effect"
"F2035_mz221.0925_rt0.93",0.469283846493435,0.0717976324170894,0.17148297679408,-0.33120566932841,0.0466668508652748,0.102848302392402,0.96660632639991,0.00511587234117351,0.0464729465328726,2035,0.927,221.09251,"Unknown","[M+H]+",NA,0.464,TRUE,"null","null","null","null",999,FALSE,FALSE,FALSE,"null","null","null","null","null",117.18,1369.33333333333,1156.51350036487,21,"Early RT","MS/MS available","Unknown",FALSE,FALSE,TRUE,FALSE,"Age-sensitive fungal effect"
"F313_mz100.1122_rt0.94",-0.558977371437741,0.386538937371727,0.481899367525522,3.44368138510777,0.0152642800774381,0.0448279516267244,-3.83653946551522,0.00526107432117446,0.0467223663375523,313,0.94,100.11221,"Unknown","[M+H]+","similar chromatogram in higher mz_3650; similar chromatogram in higher mz_3707",0.607,TRUE,"null","null","null","null",999,FALSE,FALSE,FALSE,"null","null","null","null","null",159.74,691537.666666667,7.22737171601877,24,"Early RT","MS/MS available","Unknown",FALSE,TRUE,TRUE,FALSE,"Age-sensitive fungal effect"
"F3858_mz367.1507_rt0.98",1.2040499539458,0.238577271053548,0.348796280941044,-2.58775110806548,0.00451462121076735,0.0201339688574497,3.95791419985282,0.0054851186457991,0.0475145509697281,3858,0.984,367.15073,"Unknown","[M+H]+","ion correlated with 3144",0.321,TRUE,"null","null","null","null",999,FALSE,FALSE,FALSE,"null","null","null","null","null",5755.16,0,3363172,13,"Early RT","MS/MS available","Unknown",FALSE,TRUE,TRUE,FALSE,"Age-sensitive fungal effect"
"F1108_mz157.0351_rt0.52",0.534054777708954,0.185937843286529,0.301567524243842,2.60139386526174,3.47017452994557e-05,0.0030126839287431,-1.90122154491153,0.00559123148049793,0.0480284444747374,1108,0.517,157.03514,"Unknown","[M+H]+",NA,0.643,TRUE,"null","null","null","null",999,FALSE,FALSE,FALSE,"null","null","null","null","null",11426.7,310519.333333333,569.768398419427,20,"Early RT","MS/MS available","Unknown",FALSE,TRUE,TRUE,TRUE,"Age-sensitive fungal effect"
"F4676_mz522.2036_rt0.49",0.771463476873665,0.0113223194767079,0.0748003169525784,2.16525842911909,0.000187905500774483,0.00406233796912455,-1.22767745009052,0.0056809326654745,0.048336479158467,4676,0.487,522.20361,"Unknown","[M+H]+",NA,0.536,TRUE,"null","null","null","null",999,FALSE,FALSE,FALSE,"null","null","null","null","null",23581.81,0,4630107,20,"Very early RT","MS/MS available","Unknown",FALSE,TRUE,TRUE,TRUE,"Age-sensitive fungal effect"
"F2482_mz256.0819_rt0.49",6.08034216766858,0.0034611451385152,0.065585877962684,3.91314667704011,0.0200533814811828,0.0547494139763762,2.33330293221868,0.00586616144736966,0.0489186672567527,2482,0.491,256.08194,"Unknown","[M+H]+",NA,0.25,TRUE,"null","null","null","null",999,FALSE,FALSE,FALSE,"null","null","null","null","null",975.17,0,7561205,13,"Very early RT","MS/MS available","Unknown",FALSE,FALSE,TRUE,TRUE,"Age-sensitive fungal effect"
"F805_mz136.0619_rt0.49",-6.58873541319041,0.005958727823561,0.0664470881897342,-0.00891867379470025,0.944828323640313,0.963937211084724,-6.41368762745506,0.00607265402411824,0.0489186672567527,805,0.487,136.06195,"Unknown","[M+H]+","found in higher mz's MsMs_2630",0.571,TRUE,"null","null","null","null",999,FALSE,FALSE,FALSE,"null","null","null","null","null",988.07,49382.3333333333,343.630529868377,24,"Very early RT","MS/MS available","Unknown",FALSE,FALSE,TRUE,TRUE,"Age-sensitive fungal effect"
"F613_mz122.0967_rt0.91",-1.55760201515171,0.0138434712629773,0.0771396363759762,0.138848851440124,0.569859254354729,0.645177310416576,-1.53033030430393,0.00609994097307779,0.0489186672567527,613,0.913,122.0967,"Unknown","[M+H]+",NA,0.286,TRUE,"null","null","null","null",999,FALSE,FALSE,FALSE,"null","null","null","null","null",31.82,106699.333333333,6.47562175688298,24,"Early RT","MS/MS available","Unknown",FALSE,FALSE,TRUE,FALSE,"Age-sensitive fungal effect"
"F585_mz120.081_rt1.17",0.0430683849173513,0.869127560086477,0.910877798538668,-0.852077852071669,0.00561244902268182,0.0230972785766087,1.06126347023186,0.00591364320115973,0.0489186672567527,585,1.173,120.08098,"Unknown","[M+H]+","found in higher mz's MsMs_3024",0.036,TRUE,"null","null","null","null",999,FALSE,FALSE,FALSE,"null","null","null","null","null",288.04,19340.6666666667,182.814545454545,24,"RT >= 1 min","MS/MS available","Unknown",FALSE,TRUE,TRUE,FALSE,"Age-sensitive fungal effect"
"F2114_mz227.103_rt0.96",2.03206838529906,0.00168596911898501,0.0594885853589857,0.512278557171618,0.00530398580588956,0.0222141102940393,1.68590718661643,0.00630711472266355,0.0497278660520873,2114,0.957,227.10303,"Unknown","[M+H]+","ion correlated with 1120",0.429,TRUE,"null","null","null","null",999,FALSE,FALSE,FALSE,"null","null","null","null","null",1044.2,199.333333333333,76432.1281198003,22,"Early RT","MS/MS available","Unknown",FALSE,TRUE,TRUE,TRUE,"Age-sensitive fungal effect"
"F1787_mz203.1506_rt0.48",-2.96077540721866,0.00638801579211532,0.0664470881897342,0.0459251873007764,0.772897582097016,0.829148162268538,-2.84057839348949,0.00630079431900062,0.0497278660520873,1787,0.476,203.15056,"Unknown","[M+H]+",NA,0.464,TRUE,"null","null","null","null",999,FALSE,FALSE,FALSE,"null","null","null","null","null",297.74,0,1715559,18,"Very early RT","MS/MS available","Unknown",FALSE,FALSE,TRUE,FALSE,"Age-sensitive fungal effect"
"F114_mz79.0214_rt2.13",0.251205610333784,0.418646037304937,0.513495235314601,1.98568220914465,0.000240786004548809,0.00434952126925572,-1.56835902852208,0.00632899443510332,0.0497278660520873,114,2.128,79.02139,"Unknown","[M+H]+","ion correlated with 119",0.036,TRUE,"null","null","null","null",999,FALSE,FALSE,FALSE,"null","null","null","null","null",20.19,2055375.66666667,6.15046925705426,24,"RT >= 1 min","MS/MS available","Unknown",FALSE,TRUE,TRUE,TRUE,"Age-sensitive fungal effect"
"F115_mz79.0214_rt2.67",0.236560172826694,0.439560189119431,0.53107671411714,1.92176614223534,0.000116512767725144,0.00374086832920911,-1.51908838345732,0.00634617676845926,0.0497278660520873,115,2.674,79.02139,"Unknown","[M+H]+",NA,0.036,TRUE,"null","null","null","null",999,FALSE,FALSE,FALSE,"null","null","null","null","null",22.9,1401393,5.33001497080764,24,"RT >= 1 min","MS/MS available","Unknown",FALSE,TRUE,TRUE,TRUE,"Age-sensitive fungal effect"
"F3943_mz376.2599_rt2.14",0.564859409604264,0.239118968482221,0.348913787450906,-14.9402175494239,0.00924817053845537,0.0320020535400818,15.5223559831772,0.00643244929115716,0.0502122372423789,3943,2.139,376.25989,"Unknown","[M+H]+","similar chromatogram in higher mz_4086; similar chromatogram in higher mz_4119; similar chromatogram in higher mz_4179; similar chromatogram in higher mz_4222; similar chromatogram in higher mz_4264; similar chromatogram in higher mz_4421; similar chromatogram in higher mz_5109; similar chromatogram in higher mz_5124",0.286,TRUE,"null","null","null","null",999,FALSE,FALSE,FALSE,"null","null","null","null","null",7580.35,554.333333333333,32600.2959183673,14,"RT >= 1 min","MS/MS available","Unknown",FALSE,TRUE,FALSE,FALSE,"New-associated effect"
"F117_mz79.0214_rt2.48",0.186564455914942,0.529645424890273,0.614870657520434,1.88735436876805,0.000237021977018206,0.00434952126925572,-1.53467232969031,0.00652390941761432,0.0504757413937175,117,2.476,79.0214,"Unknown","[M+H]+",NA,0.036,TRUE,"null","null","null","null",999,FALSE,FALSE,FALSE,"null","null","null","null","null",44.35,1603353.66666667,5.72455376893114,24,"RT >= 1 min","MS/MS available","Unknown",FALSE,TRUE,FALSE,TRUE,"New-associated effect"
"F1094_mz156.0422_rt0.42",0.565889697841231,0.339312733999043,0.43868979683409,-1.27887754723496,0.0154029609939507,0.0451740587290284,2.01088443180966,0.00686803659131022,0.051838526183676,1094,0.424,156.04224,"Unknown","[M+H]+","found in higher mz's MsMs_2833",0.5,TRUE,"null","null","null","null",999,FALSE,FALSE,FALSE,"null","null","null","null","null",401.5,46014.3333333333,165.231118612636,24,"Very early RT","MS/MS available","Unknown",FALSE,TRUE,FALSE,FALSE,"New-associated effect"
"F926_mz144.0658_rt0.92",1.86104637141548,0.00160536678532643,0.0594885853589857,0.605670502102877,0.00403522083837307,0.0187809234009495,1.42149273745608,0.00704728042950585,0.0525595623970164,926,0.923,144.06583,"Unknown","[M+H]+","ion correlated with 2163; ion correlated with 1287; found in higher mz's MsMs_3428; found in higher mz's MsMs_3223",0.071,TRUE,"null","null","null","null",999,FALSE,FALSE,FALSE,"null","null","null","null","null",596.31,72592,44.7784910390809,24,"Early RT","MS/MS available","Unknown",FALSE,TRUE,FALSE,TRUE,"New-associated effect"
"F965_mz146.0602_rt1.26",-3.01631255128994,0.00298696779870798,0.0646007615418979,-0.570814625898849,0.00895317135175004,0.031460834316521,-2.27937411557684,0.00714277540612156,0.0525595623970164,965,1.264,146.06017,"Unknown","[M+H]+","ion correlated with 1767; similar chromatogram in higher mz_1194",0.321,TRUE,"null","null","null","null",999,FALSE,FALSE,FALSE,"null","null","null","null","null",78.56,5045,238.828180737218,23,"RT >= 1 min","MS/MS available","Unknown",FALSE,TRUE,FALSE,TRUE,"New-associated effect"
"F116_mz79.0214_rt3.61",0.273894783698199,0.340280560167755,0.439690541583506,1.87473326440716,0.000261306377462203,0.0044100490060431,-1.43472087651317,0.00718171663495406,0.0526573723270024,116,3.608,79.02139,"Unknown","[M+H]+",NA,0.036,TRUE,"null","null","null","null",999,FALSE,FALSE,FALSE,"null","null","null","null","null",10.72,729746,5.15050147516879,24,"RT >= 1 min","MS/MS available","Unknown",FALSE,TRUE,FALSE,TRUE,"New-associated effect"
"F119_mz79.0214_rt2.18",0.244224797288428,0.42287073044519,0.517273751272997,1.90754884330948,0.000228126830145442,0.0043153992035846,-1.49720647690631,0.00756762807481408,0.053531947887625,119,2.176,79.02142,"Unknown","[M+H]+","ion correlated with 114",0.107,TRUE,"null","null","null","null",999,FALSE,FALSE,FALSE,"null","null","null","null","null",39.97,2051736.33333333,6.16137884446547,24,"RT >= 1 min","MS/MS available","Unknown",FALSE,TRUE,FALSE,TRUE,"New-associated effect"
"F929_mz144.1021_rt0.75",-0.23748349719157,0.495039213235879,0.582897755491546,-1.30726884731332,0.000374781971260965,0.00515771845617702,1.23590245838509,0.00750886618120831,0.053531947887625,929,0.75,144.10208,"Unknown","[M+2H]2+","similar chromatogram in higher mz_2929; similar chromatogram in higher mz_3448",0.393,TRUE,"null","null","null","null",999,FALSE,FALSE,FALSE,"null","null","null","null","null",354.97,31839.6666666667,108.643108393878,20,"Early RT","MS/MS available","Unknown",FALSE,TRUE,FALSE,TRUE,"New-associated effect"
"F1461_mz181.1225_rt7.01",-0.325070141432386,0.354785642342497,0.453015544442952,1.13492671980352,0.0114784514532238,0.0366470953569874,-1.29375044710275,0.00780334170787746,0.0544419364332024,1461,7.012,181.12253,"Unknown","[M+H]+","ion correlated with 4901; ion correlated with 4940",0.107,TRUE,"null","null","null","null",999,FALSE,FALSE,FALSE,"null","null","null","null","null",5.44,2700.66666666667,139.699691548427,23,"RT >= 1 min","MS/MS available","Unknown",FALSE,TRUE,FALSE,FALSE,"New-associated effect"
"F120_mz79.0214_rt2.97",0.237676961002347,0.428882197107354,0.52204587525196,1.8428281216109,0.000216972217541094,0.00424592184326106,-1.43903357128501,0.0080269317341953,0.0547484745857241,120,2.971,79.02142,"Unknown","[M+H]+",NA,0.036,TRUE,"null","null","null","null",999,FALSE,FALSE,FALSE,"null","null","null","null","null",21.93,1132114.66666667,5.42298740381946,24,"RT >= 1 min","MS/MS available","Unknown",FALSE,TRUE,FALSE,TRUE,"New-associated effect"
"F776_mz133.0609_rt0.45",-3.24203642005885,0.0348099875911771,0.113319744396529,1.50799009655056,0.000106137160085706,0.00374086832920911,-4.58390741696786,0.00835615790842891,0.056246531757392,776,0.454,133.06094,"Unknown","[M+H]+","ion correlated with 387; ion correlated with 783",0.643,TRUE,"null","null","null","null",999,FALSE,FALSE,FALSE,"null","null","null","null","null",905.35,2556.33333333333,5083.35140771637,23,"Very early RT","MS/MS available","Unknown",FALSE,TRUE,FALSE,FALSE,"New-associated effect"
"F4660_mz515.2449_rt1.34",0.223103590931936,0.476287218550383,0.566699370157744,1.77496946927705,0.000108794529663697,0.00374086832920911,-1.38574832891238,0.0085926299091653,0.0571622447249444,4660,1.342,515.24487,"Unknown","[M+H]+","ion correlated with 2512",0.643,TRUE,"null","null","null","null",999,FALSE,FALSE,FALSE,"null","null","null","null","null",323969,0,26317981,22,"RT >= 1 min","MS/MS available","Unknown",FALSE,TRUE,FALSE,TRUE,"New-associated effect"
"F387_mz106.05_rt0.45",-3.78197125689732,0.0351179963195447,0.113670090797499,1.65107038807438,7.25770874630809e-05,0.0036322217682968,-5.2669206848426,0.00927426401015137,0.0598841064467458,387,0.447,106.04995,"Unknown","[M+H]+","ion correlated with 336; ion correlated with 783; ion correlated with 776; ion correlated with 4587; similar chromatogram in higher mz_3459; similar chromatogram in higher mz_3276",0.571,TRUE,"null","null","null","null",999,FALSE,FALSE,FALSE,"null","null","null","null","null",1893.79,0,9271356,22,"Very early RT","MS/MS available","Unknown",FALSE,TRUE,FALSE,FALSE,"New-associated effect"
"F1136_mz159.031_rt0.64",0.333495015871856,0.347708808287832,0.446239415161251,2.07316015570093,0.000101436703303038,0.00374086832920911,-1.57354756352608,0.00938044709926053,0.0599939498279809,1136,0.641,159.03099,"Unknown","[M+H]+","ion correlated with 1137",0.714,TRUE,"null","null","null","null",999,FALSE,FALSE,FALSE,"null","null","null","null","null",740.12,23308.6666666667,372.240415278354,24,"Early RT","MS/MS available","Unknown",FALSE,TRUE,FALSE,TRUE,"New-associated effect"
"F638_mz124.076_rt0.89",4.30958772647613,0.00185906112790033,0.0602291073558713,1.7183036228521,0.00878625021520353,0.0312125007644945,2.75738991741685,0.00957605530900635,0.0600333351455561,638,0.894,124.07597,"Unknown","[M+H]+","ion correlated with 1507; ion correlated with 4305; ion correlated with 1358; ion correlated with 1726; ion correlated with 1111; ion correlated with 670",0.071,TRUE,"null","null","null","null",999,FALSE,FALSE,FALSE,"null","null","null","null","null",59.06,32221.6666666667,43.3358608846775,21,"Early RT","MS/MS available","Unknown",FALSE,TRUE,FALSE,TRUE,"New-associated effect"
"F3235_mz311.1582_rt1.19",4.05673900967076,0.00395385854441437,0.0664470881897342,0.931532352302291,0.015576483940072,0.0455065875726685,3.29130213001366,0.00953474912807022,0.0600333351455561,3235,1.189,311.1582,"Unknown","[M+H]+","ion correlated with 2194; ion correlated with 2707; ion correlated with 2166; ion correlated with 2946; ion correlated with 2392; ion correlated with 2358; ion correlated with 1768",0.107,TRUE,"null","null","null","null",999,FALSE,FALSE,FALSE,"null","null","null","null","null",488.15,1189.33333333333,1715.22290674881,19,"RT >= 1 min","MS/MS available","Unknown",FALSE,TRUE,FALSE,TRUE,"New-associated effect"
"F3213_mz309.0873_rt1.33",1.16870919970349,0.422892379291058,0.517273751272997,-3.20384952352052,0.0138153518514112,0.0419132512293861,4.53866300159811,0.00978257778028511,0.0601831988788006,3213,1.327,309.08731,"Unknown","[M+H]+","ion correlated with 2051; ion correlated with 1648; ion correlated with 2484",0.286,TRUE,"null","null","null","null",999,FALSE,FALSE,FALSE,"null","null","null","null","null",907.91,0,2065759,15,"RT >= 1 min","MS/MS available","Unknown",FALSE,TRUE,FALSE,FALSE,"New-associated effect"
"F1064_mz153.1275_rt1.16",0.446294132416264,0.0992282287440689,0.212874356229336,1.65326867038858,0.000249314709576528,0.0044100490060431,-1.0408570628395,0.00990287930513655,0.0603282231852978,1064,1.163,153.12753,"Unknown","[M+H]+","ion correlated with 4709; ion correlated with 4719; ion correlated with 4743",0.107,TRUE,"null","null","null","null",999,FALSE,FALSE,FALSE,"null","null","null","null","null",68.95,226023.666666667,8.05016119184632,24,"RT >= 1 min","MS/MS available","Unknown",FALSE,TRUE,FALSE,TRUE,"New-associated effect"
"F8_mz61.011_rt0.64",0.67884509712864,0.0518013804548685,0.138279214414231,2.07269269322932,4.6566915414927e-05,0.00316212418795093,-1.22773010275086,0.0104200195779813,0.0624191965304258,8,0.639,61.01101,"Unknown","[M+H]+","found in higher mz's MsMs_110; found in higher mz's MsMs_319; found in higher mz's MsMs_3120",0.5,TRUE,"null","null","null","null",999,FALSE,FALSE,FALSE,"null","null","null","null","null",91.09,23237.6666666667,64.9634947501291,24,"Early RT","MS/MS available","Unknown",FALSE,TRUE,FALSE,TRUE,"New-associated effect"
"F4999_mz685.4362_rt8.98",0.465873900422059,0.108101313641212,0.222780999683841,1.77987737649764,0.000580302880610453,0.00622746002780294,-1.14788609626638,0.0105434469052135,0.0624358483962354,4999,8.976,685.43616,"Unknown","[M+H]+",NA,0.214,TRUE,"null","null","null","null",999,FALSE,FALSE,FALSE,"null","null","null","null","null",1892.75,75177.3333333333,7.6363092202984,23,"RT >= 1 min","MS/MS available","Unknown",FALSE,TRUE,FALSE,TRUE,"New-associated effect"
"F139_mz81.0172_rt0.86",0.622786309207997,0.146721510150735,0.265770605019003,2.46920872863025,0.000215672759879146,0.00424592184326106,-1.68030487101202,0.0106035634769562,0.0625549305120433,139,0.858,81.01715,"Unknown","[M+H]+",NA,0.036,TRUE,"null","null","null","null",999,FALSE,FALSE,FALSE,"null","null","null","null","null",14.05,1153499.33333333,20.4469407753386,24,"Early RT","MS/MS available","Unknown",FALSE,TRUE,FALSE,TRUE,"New-associated effect"
"F1606_mz192.0693_rt1.05",3.0513612219264,0.00299510891022868,0.0646007615418979,0.782520639030844,0.00135272779231826,0.00997487475560564,2.43495148976517,0.0106880560305861,0.0626930829451237,1606,1.055,192.06927,"Unknown","[M+H]+","ion correlated with 1927; ion correlated with 1765; ion correlated with 3243; ion correlated with 1504; ion correlated with 4175; ion correlated with 1578; ion correlated with 2486; ion correlated with 2587; ion correlated with 2253",0.071,TRUE,"null","null","null","null",999,FALSE,FALSE,FALSE,"null","null","null","null","null",153.58,13005.6666666667,83.0873141978473,23,"RT >= 1 min","MS/MS available","Unknown",FALSE,TRUE,FALSE,TRUE,"New-associated effect"
"F3198_mz307.1908_rt1.46",-0.0415453749550981,0.946206533560562,0.968980019414074,1.89413493986913,0.00614826661800213,0.0246582424432241,-1.76949936717259,0.0113337006559027,0.0639233171609015,3198,1.457,307.19083,"Unknown","[M+H]+","similar chromatogram in higher mz_3556",0.107,TRUE,"null","null","null","null",999,FALSE,FALSE,FALSE,"null","null","null","null","null",1513.46,4158.66666666667,1774.44218286722,24,"RT >= 1 min","MS/MS available","Unknown",FALSE,TRUE,FALSE,FALSE,"New-associated effect"
"F4969_mz663.455_rt8.94",0.115583990160196,0.655193664353472,0.72767225864808,1.59674374429028,0.00126375307885108,0.00982438181161624,-1.31504180900483,0.0114515741522508,0.0642623227728854,4969,8.939,663.45496,"Unknown","[M+H]+","ion correlated with 4990; ion correlated with 4968",0.464,TRUE,"null","null","null","null",999,FALSE,FALSE,FALSE,"null","null","null","null","null",2891.11,236371.666666667,8.77418285814209,24,"RT >= 1 min","MS/MS available","Unknown",FALSE,TRUE,FALSE,TRUE,"New-associated effect"
"F1109_mz157.0352_rt0.64",0.391324154799668,0.292682478496478,0.395949363884569,2.07063180960272,7.43590673511572e-05,0.0036322217682968,-1.51319011203382,0.0115438703137086,0.0645764734442611,1109,0.642,157.03522,"Unknown","[M+H]+","ion correlated with 1110",0.714,TRUE,"null","null","null","null",999,FALSE,FALSE,FALSE,"null","null","null","null","null",7318.87,282524.666666667,377.634592491302,24,"Early RT","MS/MS available","Unknown",FALSE,TRUE,FALSE,TRUE,"New-associated effect"
"F924_mz144.0481_rt0.92",-4.73929925119514,0.0181575883083689,0.0843553008712006,0.603567305548809,0.00358107264226205,0.0174764090714859,-5.17673962514699,0.0118626390792509,0.0657475495481374,924,0.924,144.04813,"Unknown","[M+H]+","ion correlated with 1049; ion correlated with 2856; ion correlated with 4352; similar chromatogram in higher mz_1419; similar chromatogram in higher mz_2214; similar chromatogram in higher mz_2328; similar chromatogram in higher mz_3524; similar chromatogram in higher mz_3806; similar chromatogram in higher mz_1973",0.357,TRUE,"null","null","null","null",999,FALSE,FALSE,FALSE,"null","null","null","null","null",706.83,2449.66666666667,3129.28033188248,19,"Early RT","MS/MS available","Unknown",FALSE,TRUE,FALSE,FALSE,"New-associated effect"
"F2233_mz236.105_rt0.91",-0.596607668477817,0.350223733833251,0.448705619462251,1.74377338416961,0.00146053649958962,0.0102644515605834,-2.17426121003324,0.011892871805459,0.0657475495481374,2233,0.912,236.10497,"Unknown","[M+H]+",NA,0.607,TRUE,"null","null","null","null",999,FALSE,FALSE,FALSE,"null","null","null","null","null",2064.43,41453.6666666667,1384.22063458879,24,"Early RT","MS/MS available","Unknown",FALSE,TRUE,FALSE,FALSE,"New-associated effect"
"F7_mz61.011_rt0.52",0.652999809022931,0.11227135316689,0.228190826554726,2.2529633755392,1.36687037165777e-05,0.00297373099685525,-1.43384600269724,0.0120628402753754,0.0661476441809969,7,0.524,61.011,"Unknown","[M+H]+","found in higher mz's MsMs_109; found in higher mz's MsMs_2175",0.25,TRUE,"null","null","null","null",999,FALSE,FALSE,FALSE,"null","null","null","null","null",136.84,30825.6666666667,57.43089316609,24,"Early RT","MS/MS available","Unknown",FALSE,TRUE,FALSE,TRUE,"New-associated effect"
"F22_mz63.9979_rt0.52",0.611358219360874,0.102988525834971,0.217175618140844,2.18812453246387,6.80448116483398e-05,0.0036322217682968,-1.41064876702449,0.012186543772362,0.0661801829085445,22,0.524,63.99794,"Unknown","[M+H]+","found in higher mz's MsMs_109; found in higher mz's MsMs_1108; found in higher mz's MsMs_1135; found in higher mz's MsMs_100",0.643,TRUE,"null","null","null","null",999,FALSE,FALSE,FALSE,"null","null","null","null","null",2525.49,110460,65.3030028697911,24,"Early RT","MS/MS available","Unknown",FALSE,TRUE,FALSE,TRUE,"New-associated effect"
"F109_mz79.0213_rt0.52",0.577801458396813,0.108837977359311,0.223619679219986,2.10403390257909,7.27935651781167e-05,0.0036322217682968,-1.36011490373998,0.0121724251864838,0.0661801829085445,109,0.517,79.02129,"Unknown","[M+H]+","ion correlated with 111; found in higher mz's MsMs_1135; found in higher mz's MsMs_1108",0.5,TRUE,"null","null","null","null",999,FALSE,FALSE,FALSE,"null","null","null","null","null",43539.84,29560208.6666667,51.8656262011854,24,"Early RT","MS/MS available","Unknown",FALSE,TRUE,FALSE,TRUE,"New-associated effect"
"F3053_mz297.243_rt2.38",-3.49024484625373,0.00175131181909131,0.0594885853589857,-1.27385343281028,0.000208691523796072,0.00420516955435053,-2.05024153906313,0.0124879710728509,0.0663590950401479,3053,2.381,297.24298,"Unknown","[M+H]+","ion correlated with 2808; ion correlated with 3290",0.214,TRUE,"null","null","null","null",999,FALSE,FALSE,FALSE,"null","null","null","null","null",40.27,11354,27.9985909291061,24,"RT >= 1 min","MS/MS available","Unknown",FALSE,TRUE,FALSE,TRUE,"New-associated effect"
"F135_mz81.017_rt0.52",0.609061172667772,0.100698962534047,0.213738022441304,2.15923553325335,6.83708589114462e-05,0.0036322217682968,-1.38405681977422,0.012508996483457,0.0663590950401479,135,0.517,81.01697,"Unknown","[M+H]+","ion correlated with 137; found in higher mz's MsMs_1135",0.429,TRUE,"null","null","null","null",999,FALSE,FALSE,FALSE,"null","null","null","null","null",4666.81,1396171,59.4158434634128,24,"Early RT","MS/MS available","Unknown",FALSE,TRUE,FALSE,TRUE,"New-associated effect"
"F137_mz81.0171_rt0.54",0.609061172667772,0.100698962534047,0.213738022441304,2.15923553325335,6.83708589114462e-05,0.0036322217682968,-1.38405681977422,0.012508996483457,0.0663590950401479,137,0.544,81.0171,"Unknown","[M+H]+","ion correlated with 135; found in higher mz's MsMs_3781; found in higher mz's MsMs_2721",0.286,TRUE,"null","null","null","null",999,FALSE,FALSE,FALSE,"null","null","null","null","null",2532.71,1396171,59.4158434634128,24,"Early RT","MS/MS available","Unknown",FALSE,TRUE,FALSE,TRUE,"New-associated effect"
"F2841_mz282.2797_rt6.52",1.32023127455763,0.213328062103503,0.327276114207471,-2.88168745728859,0.0154741106706078,0.0452785645742882,4.36791432740332,0.0126748749681578,0.0668933632638252,2841,6.521,282.27969,"Unknown","[M+H]+",NA,0.036,TRUE,"null","null","null","null",999,FALSE,FALSE,FALSE,"null","null","null","null","null",56.93,1156,318.783923941227,24,"RT >= 1 min","MS/MS available","Unknown",FALSE,TRUE,FALSE,FALSE,"New-associated effect"
"F1519_mz185.0713_rt1.15",4.76458741858465,0.00254591385023581,0.0617555979727435,1.55262708024354,0.00094129330253612,0.00797289476401863,3.37806661922716,0.0129425060465881,0.0677799409760475,1519,1.146,185.0713,"Unknown","[M+H]+","ion correlated with 2418; ion correlated with 523",0.107,TRUE,"null","null","null","null",999,FALSE,FALSE,FALSE,"null","null","null","null","null",210.27,102161.666666667,25.8002858186944,22,"RT >= 1 min","MS/MS available","Unknown",FALSE,TRUE,FALSE,TRUE,"New-associated effect"
"F428_mz110.0201_rt0.09",-0.30672786828686,0.640900168666493,0.716355902809987,2.0515061572274,0.00982196207484901,0.0334993423040135,-2.19211335926106,0.0132229380208252,0.0679358553883331,428,0.093,110.02011,"Unknown","[M+H]+",NA,0.071,TRUE,"null","null","null","null",999,FALSE,FALSE,FALSE,"null","null","null","null","null",8.95,114545.666666667,7.38038936095914,24,"Very early RT","MS/MS available","Unknown",FALSE,TRUE,FALSE,FALSE,"New-associated effect"
"F106_mz78.9994_rt0.53",0.712004011050133,0.0523093072647225,0.139143983802644,2.16185141034226,7.75921534750981e-05,0.00366946225809318,-1.28372987481258,0.0133674579856156,0.0682671423991759,106,0.532,78.99937,"Unknown","[M+H]+",NA,0.036,TRUE,"null","null","null","null",999,FALSE,FALSE,FALSE,"null","null","null","null","null",3146.21,93457.3333333333,59.8562674988854,24,"Early RT","MS/MS available","Unknown",FALSE,TRUE,FALSE,TRUE,"New-associated effect"
"F1120_mz158.0814_rt0.97",1.31695542691825,0.00425706066511908,0.0664470881897342,0.403232778988099,0.0134075544056096,0.0411842334245384,1.07984004216294,0.0146591313266735,0.0689860152213004,1120,0.974,158.08145,"Unknown","[M+H]+","ion correlated with 2114; ion correlated with 309; similar chromatogram in higher mz_4843; similar chromatogram in higher mz_3246; similar chromatogram in higher mz_3674",0.5,TRUE,"null","null","null","null",999,FALSE,FALSE,FALSE,"null","null","null","null","null",337.88,41592.6666666667,218.29227206065,24,"Early RT","MS/MS available","Unknown",FALSE,TRUE,FALSE,TRUE,"New-associated effect"
"F505_mz115.087_rt0.46",-0.943913930486287,0.0994570021924637,0.212874356229336,0.814398672684546,0.000697918269518895,0.00678134830517123,-1.59219464378531,0.0143523165272076,0.0689860152213004,505,0.463,115.08695,"Unknown","[M+H]+","ion correlated with 4479; ion correlated with 2382; ion correlated with 2322; similar chromatogram in higher mz_4315; similar chromatogram in higher mz_4625; similar chromatogram in higher mz_4255; similar chromatogram in higher mz_4669",0.607,TRUE,"null","null","null","null",999,FALSE,FALSE,FALSE,"null","null","null","null","null",121.05,11432.6666666667,290.753884726393,22,"Very early RT","MS/MS available","Unknown",FALSE,TRUE,FALSE,FALSE,"New-associated effect"
"F110_mz79.0213_rt0.64",0.426531663357073,0.179666757579482,0.29626734952605,1.78455117741324,0.000117549839850538,0.00374086832920911,-1.19190197358783,0.0145575714867043,0.0689860152213004,110,0.64,79.02131,"Unknown","[M+H]+","found in higher mz's MsMs_1136; found in higher mz's MsMs_1109; found in higher mz's MsMs_2718",0.786,TRUE,"null","null","null","null",999,FALSE,FALSE,FALSE,"null","null","null","null","null",29911.11,26594188.3333333,43.9364404891053,24,"Early RT","MS/MS available","Unknown",FALSE,TRUE,FALSE,TRUE,"New-associated effect"
"F142_mz81.5208_rt0.38",-0.665727635903327,0.18296732626816,0.298260241388306,-1.80685576880683,0.00091454224084353,0.00784550080518755,1.3072454039266,0.0146072684349959,0.0689860152213004,142,0.383,81.52076,"Unknown","[M+2H]2+","ion correlated with 49; ion correlated with 174; ion correlated with 195",0.857,TRUE,"null","null","null","null",999,FALSE,FALSE,FALSE,"null","null","null","null","null",486.47,41752.3333333333,788.565615519719,24,"Very early RT","MS/MS available","Unknown",FALSE,TRUE,FALSE,TRUE,"New-associated effect"
"F27_mz64.0161_rt5.78",0.0996192883870701,0.673603270217346,0.744715424364632,1.22811823598306,0.000555346326244979,0.00620271038404705,-0.962380307491368,0.0148701333423548,0.0689860152213004,27,5.779,64.01605,"Unknown","[M+H]+","ion correlated with 132; ion correlated with 3113; ion correlated with 606; ion correlated with 4371; similar chromatogram in higher mz_4371; similar chromatogram in higher mz_132; similar chromatogram in higher mz_4389; similar chromatogram in higher mz_150; similar chromatogram in higher mz_4273",0.179,TRUE,"null","null","null","null",999,FALSE,FALSE,FALSE,"null","null","null","null","null",21.35,82350.3333333333,7.07510099006695,24,"RT >= 1 min","MS/MS available","Unknown",FALSE,TRUE,FALSE,TRUE,"New-associated effect"
"F4765_mz559.5183_rt9.1",0.0561696775097736,0.867132961863275,0.910469546722708,1.68291761456871,0.00507600455593575,0.0218422533831124,-1.4606298575551,0.0148255723165539,0.0689860152213004,4765,9.095,559.51831,"Unknown","[M+H]+",NA,0.143,TRUE,"null","null","null","null",999,FALSE,FALSE,FALSE,"null","null","null","null","null",194.03,243658.666666667,8.52887565853465,24,"RT >= 1 min","MS/MS available","Unknown",FALSE,TRUE,FALSE,TRUE,"New-associated effect"
"F440_mz111.0204_rt8.02",-0.0601218851624175,0.882325707444283,0.920211074349419,1.55853701309069,0.000616946303450464,0.00645377008678596,-1.45253481552583,0.0150010298029989,0.0689860152213004,440,8.023,111.0204,"Unknown","[M+H]+",NA,0.036,TRUE,"null","null","null","null",999,FALSE,FALSE,FALSE,"null","null","null","null","null",5.07,48985.3333333333,7.30291441830715,24,"RT >= 1 min","MS/MS available","Unknown",FALSE,TRUE,FALSE,FALSE,"New-associated effect"
"F2028_mz220.1184_rt0.96",3.19164242411972,0.00251340974900006,0.0617555979727435,1.18837621800867,0.00115243652534591,0.00914696123264064,2.16938321421327,0.015219725166914,0.0694216853699796,2028,0.96,220.11839,"Unknown","[M+H]+","similar chromatogram in higher mz_3191; similar chromatogram in higher mz_4845; similar chromatogram in higher mz_4839; similar chromatogram in higher mz_3066; similar chromatogram in higher mz_3376",0.643,TRUE,"null","null","null","null",999,FALSE,FALSE,FALSE,"null","null","null","null","null",1282.7,10889,1289.89761248852,24,"Early RT","MS/MS available","Unknown",FALSE,TRUE,FALSE,TRUE,"New-associated effect"
"F582_mz120.0655_rt0.45",-3.38179233701048,0.0442511883010013,0.125507432818715,1.15836053926565,0.000190912431871305,0.00408840773913078,-4.3740345867994,0.0162298823086832,0.0712620061464729,582,0.453,120.06554,"Unknown","[M+H]+","ion correlated with 992; ion correlated with 2511; ion correlated with 1228",0.571,TRUE,"null","null","null","null",999,FALSE,FALSE,FALSE,"null","null","null","null","null",1820.67,64534,467.869171767258,24,"Very early RT","MS/MS available","Unknown",FALSE,TRUE,FALSE,FALSE,"New-associated effect"
"F23_mz63.998_rt0.6",0.502864777415964,0.141157175009507,0.258836709701494,1.90619434618094,0.000154581091976528,0.00398748953166725,-1.23721202124107,0.0163811019181644,0.0712620061464729,23,0.599,63.99798,"Unknown","[M+H]+","ion correlated with 24",0.143,TRUE,"null","null","null","null",999,FALSE,FALSE,FALSE,"null","null","null","null","null",896.33,103403.333333333,61.1574079745207,24,"Early RT","MS/MS available","Unknown",FALSE,TRUE,FALSE,TRUE,"New-associated effect"
"F24_mz63.998_rt0.64",0.502864777415964,0.141157175009507,0.258836709701494,1.90619434618094,0.000154581091976528,0.00398748953166725,-1.23721202124107,0.0163811019181644,0.0712620061464729,24,0.64,63.99801,"Unknown","[M+H]+","ion correlated with 23; ion correlated with 1136; found in higher mz's MsMs_110; found in higher mz's MsMs_1109; found in higher mz's MsMs_1136",0.714,TRUE,"null","null","null","null",999,FALSE,FALSE,FALSE,"null","null","null","null","null",2375.66,104429,60.5567461457436,24,"Early RT","MS/MS available","Unknown",FALSE,TRUE,FALSE,TRUE,"New-associated effect"
"F136_mz81.017_rt0.64",0.491146524090234,0.141518441735044,0.258836709701494,1.83945537198155,0.000102285178609132,0.00374086832920911,-1.18219130694443,0.0163364875174569,0.0712620061464729,136,0.635,81.01698,"Unknown","[M+H]+","found in higher mz's MsMs_1136; found in higher mz's MsMs_405",0.821,TRUE,"null","null","null","null",999,FALSE,FALSE,FALSE,"null","null","null","null","null",3052.17,1221214,52.9924583304332,24,"Early RT","MS/MS available","Unknown",FALSE,TRUE,FALSE,TRUE,"New-associated effect"
"F4764_mz559.5179_rt9.15",0.38453147059686,0.214704150548361,0.329164674050157,1.66782627475978,0.000538512310432149,0.00610090541124321,-1.11717715750993,0.0163836662937824,0.0712620061464729,4764,9.15,559.51794,"Unknown","[M+H]+",NA,0.107,TRUE,"null","null","null","null",999,FALSE,FALSE,FALSE,"null","null","null","null","null",411.91,198568.666666667,10.4655612052193,24,"RT >= 1 min","MS/MS available","Unknown",FALSE,TRUE,FALSE,TRUE,"New-associated effect"
"F1911_mz213.0874_rt0.92",1.22196457473472,0.00342438018571684,0.065585877962684,0.510310042945336,0.0120924542212784,0.038071943248685,0.877771437919656,0.0167292947556668,0.0715525877778832,1911,0.917,213.08736,"Unknown","[M+H]+","ion correlated with 824; ion correlated with 1583; ion correlated with 1287",0.429,TRUE,"null","null","null","null",999,FALSE,FALSE,FALSE,"null","null","null","null","null",125.95,731.666666666667,2486.77343039126,13,"Early RT","MS/MS available","Unknown",FALSE,TRUE,FALSE,TRUE,"New-associated effect"
"F725_mz130.05_rt0.46",-3.48558902207586,0.0400053359974717,0.119336576579702,1.01513156622234,0.00134579914687709,0.00997487475560564,-4.33460232293358,0.0166458585799563,0.0715525877778832,725,0.456,130.05005,"Unknown","[M+H]+","found in higher mz's MsMs_4587",0.571,TRUE,"null","null","null","null",999,FALSE,FALSE,FALSE,"null","null","null","null","null",3045.47,43102.6666666667,839.251966190038,24,"Very early RT","MS/MS available","Unknown",FALSE,TRUE,FALSE,FALSE,"New-associated effect"
"F2224_mz235.1193_rt0.81",-0.45372055330515,0.199106692078385,0.315196580192381,-1.32985766357887,0.000839392603435795,0.00749116613696973,1.04225451821732,0.0167132269305159,0.0715525877778832,2224,0.807,235.11928,"Unknown","[M+H]+","similar chromatogram in higher mz_3211",0.429,TRUE,"null","null","null","null",999,FALSE,FALSE,FALSE,"null","null","null","null","null",497.58,16909,583.18042578356,19,"Early RT","MS/MS available","Unknown",FALSE,TRUE,FALSE,TRUE,"New-associated effect"
"F111_mz79.0214_rt0.56",0.577801458396813,0.108837977359311,0.223619679219986,1.97978457756579,5.01482250071513e-05,0.00316212418795093,-1.23586557874847,0.0168260585022135,0.0718168359772232,111,0.561,79.02136,"Unknown","[M+H]+","ion correlated with 109",0.286,TRUE,"null","null","null","null",999,FALSE,FALSE,FALSE,"null","null","null","null","null",19413.32,28654934.6666667,53.5041782272599,24,"Early RT","MS/MS available","Unknown",FALSE,TRUE,FALSE,TRUE,"New-associated effect"
"F2002_mz218.139_rt1.26",4.80694197106266,0.000961904649677633,0.0475363011579493,2.59333911582994,0.000578933666808867,0.00622746002780294,2.37964893736233,0.0176634415267373,0.0727716222405121,2002,1.261,218.13898,"Unknown","[M+H]+","ion correlated with 1768; ion correlated with 2603; ion correlated with 488; ion correlated with 4899; ion correlated with 4573; ion correlated with 4641",0.036,TRUE,"null","null","null","null",999,FALSE,FALSE,FALSE,"null","null","null","null","null",193.37,5226.66666666667,114.077281132436,24,"RT >= 1 min","MS/MS available","Unknown",TRUE,TRUE,FALSE,TRUE,"Age-stable fungal effect"
"F4991_mz680.4813_rt8.93",0.083089149360714,0.763283657959845,0.821188714993662,1.52923832710922,0.00212584774239386,0.012870293888192,-1.28003113594424,0.0175440776857567,0.0727716222405121,4991,8.934,680.48126,"Unknown","[M+H]+",NA,0.429,TRUE,"null","null","null","null",999,FALSE,FALSE,FALSE,"null","null","null","null","null",1298.47,194108.666666667,6.17226859730496,24,"RT >= 1 min","MS/MS available","Unknown",FALSE,TRUE,FALSE,TRUE,"New-associated effect"
"F1689_mz197.1011_rt0.42",-4.39215723222764,0.0379055630955782,0.116858318836776,1.0662814331722,0.0028728938011239,0.0153133702317361,-5.29228328884368,0.0177537046134696,0.0728967111429063,1689,0.424,197.1011,"Unknown","[M+H]+",NA,0.536,TRUE,"null","null","null","null",999,FALSE,FALSE,FALSE,"null","null","null","null","null",177.01,0,1347060,18,"Very early RT","MS/MS available","Unknown",FALSE,TRUE,FALSE,FALSE,"New-associated effect"
"F49_mz70.0127_rt0.39",-0.280167090690791,0.430573842684642,0.523004308914054,-1.17314971491196,0.000256700904581505,0.0044100490060431,1.05910002008405,0.0179137867912857,0.0732609647061944,49,0.388,70.01273,"Unknown","[M+2H]2+","ion correlated with 142; similar chromatogram in higher mz_99; similar chromatogram in higher mz_1709; similar chromatogram in higher mz_3252; similar chromatogram in higher mz_844",0.857,TRUE,"null","null","null","null",999,FALSE,FALSE,FALSE,"null","null","null","null","null",1630.29,43609.3333333333,1037.49138201191,24,"Very early RT","MS/MS available","Unknown",FALSE,TRUE,FALSE,TRUE,"New-associated effect"
"F309_mz100.0759_rt0.97",1.19341739417231,0.00351615109508725,0.065585877962684,0.492454313174712,0.0101462394802129,0.0338705347354165,0.867080479020042,0.0179924983787945,0.0732908713723514,309,0.968,100.07587,"Unknown","[M+H]+","ion correlated with 1120; similar chromatogram in higher mz_2868; similar chromatogram in higher mz_3900; similar chromatogram in higher mz_4467; similar chromatogram in higher mz_4696; similar chromatogram in higher mz_1120; similar chromatogram in higher mz_2994; similar chromatogram in higher mz_2178; similar chromatogram in higher mz_4753; similar chromatogram in higher mz_4607",0.357,TRUE,"null","null","null","null",999,FALSE,FALSE,FALSE,"null","null","null","null","null",444.67,182151,42.7413094558391,24,"Early RT","MS/MS available","Unknown",FALSE,TRUE,FALSE,TRUE,"New-associated effect"
"F2006_mz218.9839_rt0.39",-0.51145479460098,0.125501377346821,0.241827673953737,-1.09408620553337,0.00331405013282379,0.0165577926120314,0.748748530513237,0.0188125844756518,0.0754340545478772,2006,0.391,218.9839,"Unknown","[M+H]+","found in higher mz's MsMs_2296",0.857,TRUE,"null","null","null","null",999,FALSE,FALSE,FALSE,"null","null","null","null","null",696.64,0,6654493,24,"Very early RT","MS/MS available","Unknown",FALSE,TRUE,FALSE,TRUE,"New-associated effect"
"F1152_mz160.0759_rt1.29",-4.22579169885512,0.0106347880373972,0.0741060510462375,-0.523017834992138,0.0125949134363408,0.0391881347099477,-3.53661282647122,0.0191986782406864,0.0765337600546196,1152,1.291,160.07593,"Unknown","[M+H]+","ion correlated with 965; ion correlated with 1767; similar chromatogram in higher mz_1648; similar chromatogram in higher mz_2051; similar chromatogram in higher mz_2569; similar chromatogram in higher mz_3972; similar chromatogram in higher mz_4020",0.286,TRUE,"null","null","null","null",999,FALSE,FALSE,FALSE,"null","null","null","null","null",127.4,0,653817,14,"RT >= 1 min","MS/MS available","Unknown",FALSE,TRUE,FALSE,TRUE,"New-associated effect"
"F1613_mz192.1597_rt0.67",-0.868604455773521,0.250208401916178,0.357958930610219,1.494436927554,0.00175179180762458,0.0115262823284284,-2.19692346611132,0.0191815775688143,0.0765337600546196,1613,0.667,192.15973,"Unknown","[M+H]+",NA,0.857,TRUE,"null","null","null","null",999,FALSE,FALSE,FALSE,"null","null","null","null","null",897.99,50527.6666666667,373.831969970842,24,"Early RT","MS/MS available","Unknown",FALSE,TRUE,FALSE,FALSE,"New-associated effect"
"F2632_mz268.1045_rt0.47",1.52799517927402,0.115627113328953,0.231764947123139,3.59812730415669,0.00306346194490468,0.0159496757223248,-1.9040148087882,0.0193873938093113,0.0770076804062748,2632,0.474,268.10449,"Unknown","[M+H]+",NA,0.393,TRUE,"null","null","null","null",999,FALSE,FALSE,FALSE,"null","null","null","null","null",694.24,73402.3333333333,107.670859633986,24,"Very early RT","MS/MS available","Unknown",FALSE,TRUE,FALSE,TRUE,"New-associated effect"
"F2144_mz228.2327_rt4.53",1.14585784006109,0.20122353633855,0.317145364472734,-1.45598280064782,0.00369503753775734,0.0178575086214989,2.76794383509693,0.0194706241437961,0.0771683231027286,2144,4.526,228.23265,"Unknown","[M+H]+",NA,0.286,TRUE,"null","null","null","null",999,FALSE,FALSE,FALSE,"null","null","null","null","null",46.64,20057,33.1226941868581,24,"RT >= 1 min","MS/MS available","Unknown",FALSE,TRUE,FALSE,FALSE,"New-associated effect"
"F218_mz90.0551_rt0.45",-4.68257144687137,0.0352320993042939,0.113876970543366,0.854420934372619,0.000677024000661097,0.00671111127292878,-5.37087368189044,0.0202305939801884,0.0783649234742016,218,0.448,90.05509,"Unknown","[M+H]+","similar chromatogram in higher mz_1698; similar chromatogram in higher mz_2959",0.607,TRUE,"null","null","null","null",999,FALSE,FALSE,FALSE,"null","null","null","null","null",3716.96,129928.333333333,423.929651502868,24,"Very early RT","MS/MS available","Unknown",FALSE,TRUE,FALSE,FALSE,"New-associated effect"
"F3301_mz316.3218_rt2.65",-5.72313105695254,0.139559807101098,0.257238994567338,4.85688527174331,2.00780389337571e-06,0.00227885741898143,-10.185593482694,0.0206205711870258,0.0792772146946892,3301,2.646,316.32178,"Unknown","[M+H]+","ion correlated with 2689",0.143,TRUE,"null","null","null","null",999,FALSE,FALSE,FALSE,"null","null","null","null","null",82.22,1461.66666666667,190.985414767548,17,"RT >= 1 min","MS/MS available","Unknown",FALSE,TRUE,FALSE,FALSE,"New-associated effect"
"F1287_mz169.0974_rt0.95",1.45128915889704,0.00497601367111321,0.0664470881897342,0.48493690504606,0.00527508227230509,0.0221684014502132,1.13246925249441,0.0207813488722066,0.0795347279084632,1287,0.948,169.09741,"Unknown","[M+2H]2+","ion correlated with 1583; ion correlated with 926",0.107,TRUE,"null","null","null","null",999,FALSE,FALSE,FALSE,"null","null","null","null","null",393.58,6014.66666666667,476.469717958663,21,"Early RT","MS/MS available","Unknown",FALSE,TRUE,FALSE,TRUE,"New-associated effect"
"F1004_mz148.0606_rt0.46",-4.08337655918021,0.0427723397733718,0.122693348856865,0.97594010273705,0.00102373691358912,0.00848132406513617,-4.89319883244791,0.0211983442550964,0.0801476993659539,1004,0.457,148.06058,"Unknown","[M+H]+",NA,0.607,TRUE,"null","null","null","null",999,FALSE,FALSE,FALSE,"null","null","null","null","null",11822.95,6511.33333333333,22656.781440344,24,"Very early RT","MS/MS available","Unknown",FALSE,TRUE,FALSE,FALSE,"New-associated effect"
"F2580_mz263.1396_rt1.02",-3.44437490944482,0.00990356892037266,0.0741060510462375,-0.57573675329381,0.0140999578531579,0.0425613499162496,-2.70251981029335,0.0214758608542173,0.0806031852535798,2580,1.021,263.13959,"Unknown","[M+H]+","ion correlated with 1568; ion correlated with 2183; ion correlated with 2351; ion correlated with 766",0.357,TRUE,"null","null","null","null",999,FALSE,FALSE,FALSE,"null","null","null","null","null",2179.31,42979,376.974336900884,24,"RT >= 1 min","MS/MS available","Unknown",FALSE,TRUE,FALSE,TRUE,"New-associated effect"
"F3024_mz295.1634_rt1.17",2.0341729476969,0.0101022161259434,0.0741060510462375,0.625807827419201,0.0100797895525227,0.0338182186307853,1.57447938275936,0.0216602556761476,0.0807050905682958,3024,1.173,295.16339,"Unknown","[M+H]+",NA,0.036,TRUE,"null","null","null","null",999,FALSE,FALSE,FALSE,"null","null","null","null","null",339.48,81992.3333333333,21.4945889909749,24,"RT >= 1 min","MS/MS available","Unknown",FALSE,TRUE,FALSE,TRUE,"New-associated effect"
"F2620_mz267.1344_rt1",-2.09696184928658,0.00499958597175565,0.0664470881897342,-0.7039845761118,0.0173118124816193,0.0491222679165948,-1.22685847534902,0.0225298562049277,0.0826751656162053,2620,0.999,267.13443,"Unknown","[M+H]+","ion correlated with 391; ion correlated with 2359; ion correlated with 1446; ion correlated with 2444; ion correlated with 2245; ion correlated with 2068; ion correlated with 2926; ion correlated with 3627; ion correlated with 183",0.357,TRUE,"null","null","null","null",999,FALSE,FALSE,FALSE,"null","null","null","null","null",251.64,5752.33333333333,399.605388180765,24,"Early RT","MS/MS available","Unknown",FALSE,TRUE,FALSE,TRUE,"New-associated effect"
"F580_mz120.0446_rt1.21",3.92374617701921,0.0073193948904688,0.0684627844459202,1.02204537496812,0.000697312334923306,0.00678134830517123,3.06781324970556,0.0225829112790043,0.0826751656162053,580,1.212,120.04462,"Unknown","[M+H]+","ion correlated with 728; ion correlated with 1207; found in higher mz's MsMs_1003",0.071,TRUE,"null","null","null","null",999,FALSE,FALSE,FALSE,"null","null","null","null","null",418.21,25147.3333333333,130.615415203128,24,"RT >= 1 min","MS/MS available","Unknown",FALSE,TRUE,FALSE,TRUE,"New-associated effect"
"F1726_mz200.0921_rt0.92",3.6675493060912,0.00537502212043911,0.0664470881897342,1.25853467882004,0.000196946135592836,0.00413951599810867,2.57512709425938,0.0268482014807668,0.0904470060205591,1726,0.916,200.09212,"Unknown","[M+H]+","ion correlated with 1507; ion correlated with 1358; ion correlated with 638; ion correlated with 1111; ion correlated with 670",0.107,TRUE,"null","null","null","null",999,FALSE,FALSE,FALSE,"null","null","null","null","null",345.45,4154,533.513116726835,21,"Early RT","MS/MS available","Unknown",FALSE,TRUE,FALSE,TRUE,"New-associated effect"
"F1137_mz159.0311_rt0.6",0.781876798919861,0.0999104259823335,0.213206892701048,2.14485655430136,0.000540578969950556,0.00610090541124321,-1.19686223310587,0.0270944513895002,0.0904470060205591,1137,0.597,159.03111,"Unknown","[M+H]+","ion correlated with 1136",0.143,TRUE,"null","null","null","null",999,FALSE,FALSE,FALSE,"null","null","null","null","null",71.48,26082.6666666667,332.652617857919,24,"Early RT","MS/MS available","Unknown",FALSE,TRUE,FALSE,TRUE,"New-associated effect"
"F64_mz72.081_rt0.39",-2.88194480567351,0.00100561589051634,0.0475363011579493,-1.26965326856278,0.0077522357687816,0.0286605459204141,-1.44617180687116,0.0273425109656733,0.0906379924641147,64,0.393,72.08096,"Unknown","[M+H]+","found in higher mz's MsMs_2420",0.357,TRUE,"null","null","null","null",999,FALSE,FALSE,FALSE,"null","null","null","null","null",198.43,59794.3333333333,135.058265416476,24,"Very early RT","MS/MS available","Unknown",TRUE,TRUE,FALSE,TRUE,"Age-stable fungal effect"
"F4774_mz565.5676_rt7.35",-0.161713040087114,0.477151332500738,0.567132725743412,0.898765839522382,0.0100856570155776,0.0338182186307853,-0.894360097114699,0.027359386008534,0.0906379924641147,4774,7.351,565.56763,"Unknown","[M+H]+",NA,0.036,TRUE,"null","null","null","null",999,FALSE,FALSE,FALSE,"null","null","null","null","null",68.83,63938.3333333333,22.7685201597347,24,"RT >= 1 min","MS/MS available","Unknown",FALSE,TRUE,FALSE,FALSE,"New-associated effect"
"F1568_mz189.1237_rt0.97",-3.71102717086599,0.0138906883995203,0.0771396363759762,-0.615386173395125,0.0171361927396579,0.0487458114273476,-2.92952196444614,0.0284966686338938,0.0917908551338313,1568,0.969,189.12367,"Unknown","[M+H]+","ion correlated with 1958; ion correlated with 1993; ion correlated with 350; ion correlated with 765; ion correlated with 2210; ion correlated with 1786; ion correlated with 2580",0.357,TRUE,"null","null","null","null",999,FALSE,FALSE,FALSE,"null","null","null","null","null",1373.06,2952,4107.05621401964,24,"Early RT","MS/MS available","Unknown",FALSE,TRUE,FALSE,TRUE,"New-associated effect"
"F3267_mz314.0922_rt0.85",-0.467163691522335,0.243131663931142,0.352080912054403,-1.07359866877961,0.00975762364553641,0.0333581410773609,0.772552249703876,0.0284030112890901,0.0917908551338313,3267,0.85,314.09216,"Unknown","[M+H]+",NA,0.429,TRUE,"null","null","null","null",999,FALSE,FALSE,FALSE,"null","null","null","null","null",18675.94,0,4377064,13,"Early RT","MS/MS available","Unknown",FALSE,TRUE,FALSE,TRUE,"New-associated effect"
"F427_mz110.0088_rt0.39",-0.198690599250035,0.470609164223611,0.560531335235366,-0.675565753178643,0.00700332336116217,0.026967832190122,0.642992669430852,0.028481773128625,0.0917908551338313,427,0.389,110.00883,"Unknown","[M+H]+","ion correlated with 691",0.857,TRUE,"null","null","null","null",999,FALSE,FALSE,FALSE,"null","null","null","null","null",764.28,116999.333333333,486.6793399449,24,"Very early RT","MS/MS available","Unknown",FALSE,TRUE,FALSE,TRUE,"New-associated effect"
"F2718_mz273.9629_rt0.64",1.8828362282215,0.0408212875159865,0.120760757984059,4.00052386699334,0.000406721864628222,0.00546306883258026,-1.95157328175084,0.0287462805577041,0.0918895511823468,2718,0.642,273.96286,"Unknown","[M+H]+",NA,0.5,TRUE,"null","null","null","null",999,FALSE,FALSE,FALSE,"null","null","null","null","null",217.41,0,741242,19,"Early RT","MS/MS available","Unknown",FALSE,TRUE,FALSE,TRUE,"New-associated effect"
"F2423_mz251.18_rt1.36",0.165066462019733,0.560482215763563,0.642939407263662,1.28754036003237,0.00131650729806071,0.00997487475560564,-0.956356090876037,0.0303341448452812,0.0947884313049655,2423,1.358,251.17998,"Unknown","[M+H]+","ion correlated with 3080; ion correlated with 2648; ion correlated with 2910; ion correlated with 3611",0.107,TRUE,"null","null","null","null",999,FALSE,FALSE,FALSE,"null","null","null","null","null",61.59,357025.666666667,6.70779306867834,24,"RT >= 1 min","MS/MS available","Unknown",FALSE,TRUE,FALSE,TRUE,"New-associated effect"
"F1464_mz181.1225_rt4.3",-0.449776398056978,0.443903687151771,0.534900406875926,1.42875351644048,0.00131175253177717,0.00997487475560564,-1.71222768266136,0.0304713638301162,0.0950725075125055,1464,4.298,181.12254,"Unknown","[M+H]+",NA,0.107,TRUE,"null","null","null","null",999,FALSE,FALSE,FALSE,"null","null","null","null","null",4.98,5294,71.0698772426818,24,"RT >= 1 min","MS/MS available","Unknown",FALSE,TRUE,FALSE,FALSE,"New-associated effect"
"F1786_mz203.1394_rt0.97",-2.82437808398038,0.00851579374090056,0.0720863752015485,-0.77605520701863,0.00232922743775095,0.0133182526037649,-1.88220462253011,0.0306704435900858,0.0952688968115496,1786,0.969,203.13939,"Unknown","[M+H]+","ion correlated with 1958; ion correlated with 1993; ion correlated with 350; ion correlated with 2018; ion correlated with 2210; ion correlated with 1568; ion correlated with 2580",0.607,TRUE,"null","null","null","null",999,FALSE,FALSE,FALSE,"null","null","null","null","null",856.79,2518.66666666667,3826.93557348856,23,"Early RT","MS/MS available","Unknown",FALSE,TRUE,FALSE,TRUE,"New-associated effect"
"F1974_mz216.951_rt0.39",-0.406229591107463,0.227130700713341,0.339052342051691,-0.963271282817762,0.00436737200390574,0.0195541113389862,0.723158949320695,0.0306735220615851,0.0952688968115496,1974,0.393,216.95103,"Unknown","[M+H]+","ion correlated with 343",0.857,TRUE,"null","null","null","null",999,FALSE,FALSE,FALSE,"null","null","null","null","null",545.53,814.666666666667,13418.6493665713,24,"Very early RT","MS/MS available","Unknown",FALSE,TRUE,FALSE,TRUE,"New-associated effect"
"F622_mz123.0554_rt0.69",-5.64189440575397,0.00745275793659863,0.0684627844459202,-1.68148526695368,0.000129604186024501,0.00387312732266146,-3.79428660836877,0.0308377726547437,0.0954866782450887,622,0.686,123.0554,"Unknown","[M+H]+","ion correlated with 804; ion correlated with 631; ion correlated with 775; similar chromatogram in higher mz_2888; similar chromatogram in higher mz_4186",0.357,TRUE,"null","null","null","null",999,FALSE,FALSE,FALSE,"null","null","null","null","null",479.21,46195.6666666667,389.224597734324,21,"Early RT","MS/MS available","Unknown",FALSE,TRUE,FALSE,TRUE,"New-associated effect"
"F2285_mz240.9881_rt0.64",0.89489088355477,0.0887023648814752,0.197711255805915,2.45864870556094,0.000289155621072858,0.00465520042436445,-1.39764041951609,0.0310751465694557,0.0955049040525337,2285,0.639,240.98813,"Unknown","[M+H]+",NA,0.5,TRUE,"null","null","null","null",999,FALSE,FALSE,FALSE,"null","null","null","null","null",200.93,0,761087,22,"Early RT","MS/MS available","Unknown",FALSE,TRUE,FALSE,TRUE,"New-associated effect"
"F1110_mz157.0353_rt0.6",0.995343658929462,0.0301493361929089,0.106460864429786,2.44103306195611,0.00026204000099967,0.0044100490060431,-1.27957186555707,0.0316660021893383,0.0965977748807007,1110,0.597,157.03526,"Unknown","[M+H]+","ion correlated with 1109",0.143,TRUE,"null","null","null","null",999,FALSE,FALSE,FALSE,"null","null","null","null","null",730.66,306835,347.714951961308,24,"Early RT","MS/MS available","Unknown",FALSE,TRUE,FALSE,TRUE,"New-associated effect"
"F69_mz73.532_rt0.38",-0.860692631747822,0.0974966855073903,0.210285151536377,-1.69782917331759,0.00388075273837268,0.0183910411609728,1.0032537923408,0.0317916969518292,0.0968373202405123,69,0.383,73.53196,"Unknown","[M+2H]2+","similar chromatogram in higher mz_186; similar chromatogram in higher mz_540",0.857,TRUE,"null","null","null","null",999,FALSE,FALSE,FALSE,"null","null","null","null","null",778.78,6402.33333333333,2560.68037480479,24,"Very early RT","MS/MS available","Unknown",FALSE,TRUE,FALSE,TRUE,"New-associated effect"
"F1919_mz213.1488_rt1.44",-3.30973216470146,0.00552202865156744,0.0664470881897342,-1.17245029480044,0.000668219419807692,0.00671111127292878,-1.97114827024223,0.0330706667889574,0.0996976195561374,1919,1.438,213.14877,"Unknown","[M+H]+","ion correlated with 3027; ion correlated with 1666",0.179,TRUE,"null","null","null","null",999,FALSE,FALSE,FALSE,"null","null","null","null","null",39.57,19956,32.025655158591,24,"RT >= 1 min","MS/MS available","Unknown",FALSE,TRUE,FALSE,TRUE,"New-associated effect"
"F5_mz61.0076_rt0.38",-0.578332421218469,0.290487064067725,0.395627339957784,-1.67690267384368,0.000446457398791396,0.00566541831255655,1.26468675105464,0.0333336480930919,0.0999366433203343,5,0.38,61.00764,"Unknown","[M+2H]2+","ion correlated with 343; similar chromatogram in higher mz_16; similar chromatogram in higher mz_33; similar chromatogram in higher mz_49; similar chromatogram in higher mz_69; similar chromatogram in higher mz_87; similar chromatogram in higher mz_99; similar chromatogram in higher mz_142; similar chromatogram in higher mz_186; similar chromatogram in higher mz_427; similar chromatogram in higher mz_455; similar chromatogram in higher mz_540; similar chromatogram in higher mz_630; similar chromatogram in higher mz_1735; similar chromatogram in higher mz_2097; similar chromatogram in higher mz_3252; similar chromatogram in higher mz_3434; found in higher mz's MsMs_329",0.5,TRUE,"null","null","null","null",999,FALSE,FALSE,FALSE,"null","null","null","null","null",425.73,24247.3333333333,556.791380850918,24,"Very early RT","MS/MS available","Unknown",FALSE,TRUE,FALSE,TRUE,"New-associated effect"
"F2381_mz247.1696_rt2.08",0.278603030597187,0.326157189502353,0.425072178621964,1.31437861066542,0.00079512713857565,0.00733714879905173,-0.869657879974928,0.0333309781294309,0.0999366433203343,2381,2.077,247.16963,"Unknown","[M+H]+","ion correlated with 3520; ion correlated with 1751; ion correlated with 2674; ion correlated with 2950; ion correlated with 3323; ion correlated with 3503; ion correlated with 3746; ion correlated with 5004; ion correlated with 5012; ion correlated with 3703; ion correlated with 3079",0.107,TRUE,"null","null","null","null",999,FALSE,FALSE,FALSE,"null","null","null","null","null",119.54,162984,68.9884713317176,24,"RT >= 1 min","MS/MS available","Unknown",FALSE,TRUE,FALSE,TRUE,"New-associated effect"
"F868_mz140.0683_rt5.8",0.400038859043009,0.180246792285777,0.296554565523618,1.46115849702726,0.000487788834667845,0.00589532821666079,-0.895002152467724,0.0344958090646208,0.102045959668107,868,5.8,140.06833,"Unknown","[M+H]+","ion correlated with 2504",0.107,TRUE,"null","null","null","null",999,FALSE,FALSE,FALSE,"null","null","null","null","null",27.18,318640.666666667,8.24000523053587,24,"RT >= 1 min","MS/MS available","Unknown",FALSE,TRUE,FALSE,TRUE,"New-associated effect"
"F2018_mz219.1343_rt0.96",-3.31171362623951,0.0158972782212514,0.0799995949230129,-0.614862062158677,0.00995583600869353,0.0337309667757228,-2.53073226199834,0.0352693927587935,0.103551717958996,2018,0.961,219.13431,"Unknown","[M+H]+","ion correlated with 1785; ion correlated with 1569; ion correlated with 737; ion correlated with 2210; ion correlated with 1786; ion correlated with 1568; ion correlated with 2168",0.429,TRUE,"null","null","null","null",999,FALSE,FALSE,FALSE,"null","null","null","null","null",795.08,1085,6485.19981583794,22,"Early RT","MS/MS available","Unknown",FALSE,TRUE,FALSE,TRUE,"New-associated effect"
"F1657_mz195.0866_rt0.46",0.200939284773779,0.429161350189227,0.52204587525196,0.984645786888909,0.000446744439624504,0.00566541831255655,-0.617589145334876,0.0369399297826181,0.106513589668139,1657,0.456,195.08656,"Unknown","[M+H]+","ion correlated with 2965; ion correlated with 2415; ion correlated with 1621; ion correlated with 1901; ion correlated with 1879; ion correlated with 1977; ion correlated with 1942; ion correlated with 3203; ion correlated with 2771; similar chromatogram in higher mz_3242",0.5,TRUE,"null","null","null","null",999,FALSE,FALSE,FALSE,"null","null","null","null","null",193.85,3881,1658.60664605873,24,"Very early RT","MS/MS available","Unknown",FALSE,TRUE,FALSE,TRUE,"New-associated effect"
"F364_mz104.1071_rt0.44",-0.17356321235309,0.43319179357434,0.52534055564948,0.560643185233634,0.00288982478165411,0.0153133702317361,-0.568088856766866,0.0379011327304576,0.107920978496019,364,0.44,104.1071,"Unknown","[M+H]+","similar chromatogram in higher mz_1380; found in higher mz's MsMs_2511; found in higher mz's MsMs_2042; found in higher mz's MsMs_2316; similar chromatogram in higher mz_4515; similar chromatogram in higher mz_4613; similar chromatogram in higher mz_3095; similar chromatogram in higher mz_1008; similar chromatogram in higher mz_879; similar chromatogram in higher mz_3559; similar chromatogram in higher mz_3973",0.643,TRUE,"null","null","null","null",999,FALSE,FALSE,FALSE,"null","null","null","null","null",15447.05,24680.3333333333,9645.38883636757,24,"Very early RT","MS/MS available","Unknown",FALSE,TRUE,FALSE,FALSE,"New-associated effect"
"F226_mz90.9767_rt5.82",0.505145119933241,0.109557042467189,0.224380517302364,1.53314120917608,0.000743803337370522,0.00703513989929618,-0.861879177757472,0.0382456711901779,0.108368716774675,226,5.815,90.97672,"Unknown","[M+H]+",NA,0.214,TRUE,"null","null","null","null",999,FALSE,FALSE,FALSE,"null","null","null","null","null",29.01,110261.666666667,10.1412838434284,24,"RT >= 1 min","MS/MS available","Unknown",FALSE,TRUE,FALSE,TRUE,"New-associated effect"
"F2808_mz279.2324_rt2.38",-5.37253240931917,0.0105444034770854,0.0741060510462375,-1.54219516313853,0.000254881348620074,0.0044100490060431,-3.66403165388137,0.0390477239083483,0.109275216070505,2808,2.38,279.23236,"Unknown","[M+H]+","ion correlated with 3547; ion correlated with 3053; ion correlated with 3290; similar chromatogram in higher mz_3547; similar chromatogram in higher mz_3290; similar chromatogram in higher mz_3135; similar chromatogram in higher mz_3484; similar chromatogram in higher mz_4350; similar chromatogram in higher mz_4403; similar chromatogram in higher mz_4230; similar chromatogram in higher mz_4329; similar chromatogram in higher mz_4474",0.214,TRUE,"null","null","null","null",999,FALSE,FALSE,FALSE,"null","null","null","null","null",23.6,1896,219.319978914075,17,"RT >= 1 min","MS/MS available","Unknown",FALSE,TRUE,FALSE,TRUE,"New-associated effect"
"F1993_mz217.1551_rt0.93",-4.31989805107153,0.0191541602070611,0.0855961844560316,-0.72553853048959,0.00690538820200442,0.0267495413285837,-3.42823970879973,0.0395993193242834,0.110458427408633,1993,0.926,217.15509,"Unknown","[M+H]+","ion correlated with 2544; ion correlated with 2928; ion correlated with 1958; ion correlated with 350; ion correlated with 765; ion correlated with 2210; ion correlated with 1568",0.357,TRUE,"null","null","null","null",999,FALSE,FALSE,FALSE,"null","null","null","null","null",1437.14,4760,3035.44150388574,19,"Early RT","MS/MS available","Unknown",FALSE,TRUE,FALSE,TRUE,"New-associated effect"
"F2777_mz277.1287_rt1.19",0.131237768320023,0.556334723793948,0.639582071706767,0.963438186362059,0.00132323098021596,0.00997487475560564,-0.666082862963272,0.0402438819145,0.110917186891585,2777,1.193,277.12866,"Unknown","[M+H]+","similar chromatogram in higher mz_3075; similar chromatogram in higher mz_4593; similar chromatogram in higher mz_3380; similar chromatogram in higher mz_4609",0.964,TRUE,"null","null","null","null",999,FALSE,FALSE,FALSE,"null","null","null","null","null",125.07,317584,5.44675598658627,24,"RT >= 1 min","MS/MS available","Unknown",FALSE,TRUE,FALSE,TRUE,"New-associated effect"
"F1666_mz195.1382_rt1.44",-2.98349755632146,0.00574693151126404,0.0664470881897342,-1.15800829666408,0.000904287621481023,0.00780506806373355,-1.65936101392691,0.0406411433704573,0.111396885633577,1666,1.442,195.1382,"Unknown","[M+H]+","ion correlated with 1919; ion correlated with 3027",0.143,TRUE,"null","null","null","null",999,FALSE,FALSE,FALSE,"null","null","null","null","null",49.63,22228,31.9022898016105,24,"RT >= 1 min","MS/MS available","Unknown",FALSE,TRUE,FALSE,TRUE,"New-associated effect"
"F2444_mz253.1188_rt0.99",-2.11494736189137,0.00771450142356976,0.0694611259130151,-0.739157756175109,0.013688657335512,0.0416531530182471,-1.20967031887684,0.0413724874156766,0.112652582004123,2444,0.988,253.1188,"Unknown","[M+H]+","ion correlated with 3381; ion correlated with 1273; ion correlated with 2802; ion correlated with 2829; ion correlated with 3902; ion correlated with 3778; ion correlated with 3743; ion correlated with 1446; ion correlated with 2994; ion correlated with 3132; ion correlated with 2245; ion correlated with 2926; ion correlated with 1544; ion correlated with 2620; ion correlated with 3432; ion correlated with 1374; ion correlated with 3627; ion correlated with 1392; similar chromatogram in higher mz_2754",0.357,TRUE,"null","null","null","null",999,FALSE,FALSE,FALSE,"null","null","null","null","null",290.88,2845.33333333333,599.95748916735,23,"Early RT","MS/MS available","Unknown",FALSE,TRUE,FALSE,TRUE,"New-associated effect"
"F183_mz86.0966_rt1.05",-3.63089384085623,0.0181134135199865,0.0843553008712006,-0.710499057723378,0.00704988585654654,0.0269734082546306,-2.75427255638184,0.0413997093872751,0.112652582004123,183,1.055,86.09657,"Unknown","[M+H]+","ion correlated with 2068; ion correlated with 2600; ion correlated with 2806; ion correlated with 584; found in higher mz's MsMs_766; found in higher mz's MsMs_2351; found in higher mz's MsMs_2806",0.143,TRUE,"null","null","null","null",999,FALSE,FALSE,FALSE,"null","null","null","null","null",291.81,44435.6666666667,83.7480684119721,24,"RT >= 1 min","MS/MS available","Unknown",FALSE,TRUE,FALSE,TRUE,"New-associated effect"
"F1233_mz166.0865_rt1.1",-2.76966750179629,0.0111044765781052,0.0741060510462375,-0.798211510334585,0.0029459457362024,0.0154441035131165,-1.80533769750282,0.0417684603096872,0.112753113292202,1233,1.105,166.08655,"Unknown","[M+H]+","ion correlated with 764",0.357,TRUE,"null","null","null","null",999,FALSE,FALSE,FALSE,"null","null","null","null","null",699.68,25679.6666666667,332.069105163417,24,"RT >= 1 min","MS/MS available","Unknown",FALSE,TRUE,FALSE,TRUE,"New-associated effect"
"F1877_mz210.061_rt0.73",-3.66513488210167,0.0152867926529243,0.0799288634354554,-0.825404740411691,0.00401248835773473,0.0187809234009495,-2.67360044622067,0.0418037521799664,0.112753113292202,1877,0.733,210.06104,"Unknown","[M+H]+","ion correlated with 2232",0.571,TRUE,"null","null","null","null",999,FALSE,FALSE,FALSE,"null","null","null","null","null",292.32,4061.33333333333,1715.33560351194,18,"Early RT","MS/MS available","Unknown",FALSE,TRUE,FALSE,TRUE,"New-associated effect"
"F180_mz86.0602_rt0.89",2.12928030518931,0.0060497051206212,0.0664470881897342,0.945278293955589,0.000576267566945057,0.00622746002780294,1.35011912244593,0.0429175574999948,0.114131794750634,180,0.889,86.06018,"Unknown","[M+H]+","ion correlated with 2163; similar chromatogram in higher mz_3012; similar chromatogram in higher mz_2761; similar chromatogram in higher mz_491; similar chromatogram in higher mz_593; similar chromatogram in higher mz_762; similar chromatogram in higher mz_1358; similar chromatogram in higher mz_2105; similar chromatogram in higher mz_2734; similar chromatogram in higher mz_3015; similar chromatogram in higher mz_4040; similar chromatogram in higher mz_4305; similar chromatogram in higher mz_4894; found in higher mz's MsMs_2163",0.071,TRUE,"null","null","null","null",999,FALSE,FALSE,FALSE,"null","null","null","null","null",866.96,140515.666666667,46.1651785078876,24,"Early RT","MS/MS available","Unknown",FALSE,TRUE,FALSE,TRUE,"New-associated effect"
"F2210_mz233.15_rt0.97",-3.38583750496853,0.0150514209390293,0.0797936310996672,-0.828573607201938,0.00508121416236476,0.0218422533831124,-2.39114516115365,0.0434838532483338,0.11519012995978,2210,0.966,233.14998,"Unknown","[M+H]+","ion correlated with 1569; ion correlated with 1958; ion correlated with 1993; ion correlated with 350; ion correlated with 765; ion correlated with 2018; ion correlated with 1786; ion correlated with 1568; ion correlated with 2580",0.393,TRUE,"null","null","null","null",999,FALSE,FALSE,FALSE,"null","null","null","null","null",1142.16,816,13434.3549571603,19,"Early RT","MS/MS available","Unknown",FALSE,TRUE,FALSE,TRUE,"New-associated effect"
"F2155_mz229.1552_rt0.98",-4.56134834107702,0.0250917181516639,0.0979483603800768,-0.620513825650979,0.00634749457774721,0.0251333315146156,-3.77471597073375,0.0440780587361456,0.115876660640207,2155,0.978,229.1552,"Unknown","[M+2H]2+","ion correlated with 1554; similar chromatogram in higher mz_2546; similar chromatogram in higher mz_2639; similar chromatogram in higher mz_2754; similar chromatogram in higher mz_4607; similar chromatogram in higher mz_4626; similar chromatogram in higher mz_2460",0.393,TRUE,"null","null","null","null",999,FALSE,FALSE,FALSE,"null","null","null","null","null",4529.72,29205.3333333333,1582.38928771157,24,"Early RT","MS/MS available","Unknown",FALSE,TRUE,FALSE,TRUE,"New-associated effect"
"F4968_mz663.4544_rt8.99",0.41374439692658,0.268676488796611,0.375617346321325,1.77162205828244,0.00639717486215116,0.0251673950382723,-1.19176009108843,0.0442720847049518,0.116228375830264,4968,8.988,663.45441,"Unknown","[M+H]+","ion correlated with 4969; ion correlated with 4990",0.393,TRUE,"null","null","null","null",999,FALSE,FALSE,FALSE,"null","null","null","null","null",6151.11,212019.666666667,9.78195679037578,24,"RT >= 1 min","MS/MS available","Unknown",FALSE,TRUE,FALSE,TRUE,"New-associated effect"
"F2525_mz259.1659_rt1.17",-3.64027217912812,0.0126404770940123,0.0755640073620714,-1.01372693909709,0.000682293664047033,0.00673394181472506,-2.46040180822637,0.0452216669033011,0.117817363137661,2525,1.168,259.16592,"Unknown","[M+H]+","ion correlated with 2499; ion correlated with 807; ion correlated with 1798; ion correlated with 1811; ion correlated with 1555; ion correlated with 2858",0.179,TRUE,"null","null","null","null",999,FALSE,FALSE,FALSE,"null","null","null","null","null",81.46,0,582298,16,"RT >= 1 min","MS/MS available","Unknown",FALSE,TRUE,FALSE,TRUE,"New-associated effect"
"F2192_mz232.1295_rt0.86",-4.18453498177342,0.00573317478557336,0.0664470881897342,-1.80920433106706,0.000854081164064402,0.00749116613696973,-2.20920182860018,0.0467912354752821,0.120332226343963,2192,0.855,232.12953,"Unknown","[M+H]+","ion correlated with 1914; ion correlated with 3227; ion correlated with 4683; ion correlated with 566; ion correlated with 2541; ion correlated with 1813; ion correlated with 988",0.25,TRUE,"null","null","null","null",999,FALSE,FALSE,FALSE,"null","null","null","null","null",287.9,0,2367335,12,"Early RT","MS/MS available","Unknown",FALSE,TRUE,FALSE,TRUE,"New-associated effect"
"F766_mz132.1022_rt1.06",-4.30160545343296,0.0265792844548448,0.10010554128776,-0.619872092910807,0.00990452558344854,0.0336575944227967,-3.51561382437073,0.0476956746261487,0.121790074636173,766,1.058,132.10217,"Unknown","[M+H]+","ion correlated with 2580; ion correlated with 2351; found in higher mz's MsMs_3335",0.357,TRUE,"null","null","null","null",999,FALSE,FALSE,FALSE,"null","null","null","null","null",810.94,117776,157.283807534578,24,"RT >= 1 min","MS/MS available","Unknown",FALSE,TRUE,FALSE,TRUE,"New-associated effect"
"F2600_mz265.1553_rt1.04",-2.98228177864041,0.00952093893251806,0.0737876177855569,-1.03469360723527,0.0021864234377113,0.012870293888192,-1.781469203375,0.0494932814824038,0.124047781953772,2600,1.036,265.15527,"Unknown","[M+H]+","ion correlated with 2168; ion correlated with 2068; ion correlated with 183; ion correlated with 2806",0.357,TRUE,"null","null","null","null",999,FALSE,FALSE,FALSE,"null","null","null","null","null",594.73,16679.6666666667,345.888393749251,24,"RT >= 1 min","MS/MS available","Unknown",FALSE,TRUE,FALSE,TRUE,"New-associated effect"
"F2183_mz231.1707_rt0.99",-3.61088101047019,0.0169886997431937,0.0824702708209474,-0.896971975347516,0.00270120371587268,0.0146996657915033,-2.54779092859762,0.0500009965608972,0.124729095916795,2183,0.993,231.17073,"Unknown","[M+H]+","ion correlated with 2155; similar chromatogram in higher mz_3091; similar chromatogram in higher mz_2308",0.536,TRUE,"null","null","null","null",999,FALSE,FALSE,FALSE,"null","null","null","null","null",1577.73,19926,1442.18141215436,24,"Early RT","MS/MS available","Unknown",FALSE,TRUE,FALSE,TRUE,"New-associated effect"
"F2689_mz272.2954_rt2.69",-5.41529435960169,0.213224335653814,0.327276114207471,4.1517294461353,2.07314028916673e-05,0.00297373099685525,-9.1727988719756,0.0509827253159913,0.12625758151234,2689,2.693,272.29535,"Unknown","[M+H]+","ion correlated with 3301",0.143,TRUE,"null","null","null","null",999,FALSE,FALSE,FALSE,"null","null","null","null","null",44.76,1315.33333333333,215.593567991897,21,"RT >= 1 min","MS/MS available","Unknown",FALSE,TRUE,FALSE,FALSE,"New-associated effect"
"F584_mz120.081_rt1.11",-2.74471770472792,0.0153252747385227,0.0799288634354554,-0.768445869828945,0.00634339359759905,0.0251333315146156,-1.81015264354737,0.0523582103914068,0.1283365591203,584,1.108,120.08097,"Unknown","[M+H]+","ion correlated with 183; ion correlated with 2806; found in higher mz's MsMs_1233; found in higher mz's MsMs_2775",0.179,TRUE,"null","null","null","null",999,FALSE,FALSE,FALSE,"null","null","null","null","null",398.2,22686.6666666667,179.522383673949,24,"RT >= 1 min","MS/MS available","Unknown",FALSE,TRUE,FALSE,TRUE,"New-associated effect"
"F3027_mz295.2272_rt1.44",-3.85956963469198,0.00859268537645998,0.0720863752015485,-1.44542669803574,0.000557424193103788,0.00620271038404705,-2.24799888920376,0.0542854073296499,0.132047323753284,3027,1.44,295.22723,"Unknown","[M+H]+","ion correlated with 1919; ion correlated with 1666",0.357,TRUE,"null","null","null","null",999,FALSE,FALSE,FALSE,"null","null","null","null","null",84.06,18603.6666666667,35.7894076754936,24,"RT >= 1 min","MS/MS available","Unknown",FALSE,TRUE,FALSE,TRUE,"New-associated effect"
"F132_mz80.948_rt5.77",0.699207801530602,0.0631219990192586,0.157388808543624,1.66697816321526,0.00063596650670093,0.00656201804641414,-0.801654672465851,0.0583411951877438,0.139017143346072,132,5.772,80.94801,"Unknown","[M+H]+","ion correlated with 3113; ion correlated with 27; ion correlated with 606; ion correlated with 4371; similar chromatogram in higher mz_5067",0.214,TRUE,"null","null","null","null",999,FALSE,FALSE,FALSE,"null","null","null","null","null",26.19,68207.3333333333,8.19571411117899,24,"RT >= 1 min","MS/MS available","Unknown",FALSE,TRUE,FALSE,TRUE,"New-associated effect"
"F764_mz132.1021_rt1.14",-2.34185392464681,0.0134097214182969,0.0767551900561035,-0.767684129658046,0.00849688231397756,0.0305188652733055,-1.40805189914343,0.0589376149367442,0.139705343842728,764,1.143,132.10213,"Unknown","[M+H]+","ion correlated with 1233",0.071,TRUE,"null","null","null","null",999,FALSE,FALSE,FALSE,"null","null","null","null","null",74.02,109969.666666667,106.653986517617,24,"RT >= 1 min","MS/MS available","Unknown",FALSE,TRUE,FALSE,TRUE,"New-associated effect"
"F4990_mz680.4811_rt8.98",0.450898971883504,0.233453212543124,0.343775200218914,1.6837968924214,0.0102273099413799,0.0340044058649741,-1.06678051930755,0.0589987983982683,0.139705343842728,4990,8.983,680.48114,"Unknown","[M+H]+","ion correlated with 4969; ion correlated with 4968",0.464,TRUE,"null","null","null","null",999,FALSE,FALSE,FALSE,"null","null","null","null","null",4050.37,178361.666666667,11.3485800466465,24,"RT >= 1 min","MS/MS available","Unknown",FALSE,TRUE,FALSE,TRUE,"New-associated effect"
"F2009_mz219.0268_rt0.45",-2.86048525326106,0.0241075213985232,0.0963027571360021,-0.655428243790348,0.0119240360246466,0.037662881035134,-2.03893925260983,0.0623341711177233,0.145257722252765,2009,0.45,219.02676,"Unknown","[M+H]+",NA,0.643,TRUE,"null","null","null","null",999,FALSE,FALSE,FALSE,"null","null","null","null","null",4144.05,97434.3333333333,408.695692185586,24,"Very early RT","MS/MS available","Unknown",FALSE,TRUE,FALSE,TRUE,"New-associated effect"
"F3657_mz348.2749_rt1.44",-5.70963167396174,0.021628505246856,0.0903776766208402,-1.46662928553387,0.000738948915368973,0.00701846877777226,-4.07682325994354,0.0629936148098455,0.146296257018793,3657,1.44,348.2749,"Unknown","[M+H]+","ion correlated with 3713",0.464,TRUE,"null","null","null","null",999,FALSE,FALSE,FALSE,"null","null","null","null","null",4338.19,615.333333333333,3900.07301243916,18,"RT >= 1 min","MS/MS available","Unknown",FALSE,TRUE,FALSE,TRUE,"New-associated effect"
"F3335_mz318.1819_rt1.09",-2.41099149741377,0.0119625608149991,0.0749312372657694,-0.874530707100774,0.00563625606855919,0.0231361686720242,-1.37033832049841,0.0632634094621294,0.146591173392496,3335,1.091,318.18188,"Unknown","[M+H]+","ion correlated with 4022; ion correlated with 3786; ion correlated with 3587; ion correlated with 3129; ion correlated with 3160; ion correlated with 2526; ion correlated with 2908; ion correlated with 2633; ion correlated with 3603; ion correlated with 3569; ion correlated with 2190; ion correlated with 2499; ion correlated with 807",0.286,TRUE,"null","null","null","null",999,FALSE,FALSE,FALSE,"null","null","null","null","null",3338.87,2879.33333333333,317.937507232959,24,"RT >= 1 min","MS/MS available","Unknown",FALSE,TRUE,FALSE,TRUE,"New-associated effect"
"F474_mz113.0347_rt0.8",-2.90960152644832,0.0247392734095189,0.0979483603800768,-0.632465505028194,0.0133705321088093,0.0411261624485057,-2.11101649667048,0.0638916428112176,0.147139011461913,474,0.795,113.03468,"Unknown","[M+H]+","ion correlated with 1006; ion correlated with 618; similar chromatogram in higher mz_2224; similar chromatogram in higher mz_1579; similar chromatogram in higher mz_2277; similar chromatogram in higher mz_2614",0.464,TRUE,"null","null","null","null",999,FALSE,FALSE,FALSE,"null","null","null","null","null",192.34,15123,282.924953715948,24,"Early RT","MS/MS available","Unknown",FALSE,TRUE,FALSE,TRUE,"New-associated effect"
"F174_mz84.9599_rt0.39",-0.083902132831458,0.783726909674926,0.837229923753488,-0.486394356235701,0.0146254612147609,0.0436259495589919,0.568609655312983,0.0643882112153043,0.147733488172479,174,0.393,84.95986,"Unknown","[M+H]+","ion correlated with 142; ion correlated with 49; ion correlated with 195; found in higher mz's MsMs_663; found in higher mz's MsMs_1974; found in higher mz's MsMs_1246; found in higher mz's MsMs_921; found in higher mz's MsMs_343; found in higher mz's MsMs_2006; found in higher mz's MsMs_2507",0.857,TRUE,"null","null","null","null",999,FALSE,FALSE,FALSE,"null","null","null","null","null",181.52,155291.333333333,155.602498084258,24,"Very early RT","MS/MS available","Unknown",FALSE,TRUE,FALSE,TRUE,"New-associated effect"
"F1440_mz180.0868_rt0.56",-1.88484287719845,0.00417045837035778,0.0664470881897342,-0.854742670956209,0.00312358265236436,0.0160518245549826,-0.863982093159354,0.0647968621568989,0.14813803787095,1440,0.565,180.08685,"Unknown","[M+H]+","ion correlated with 1185; ion correlated with 1699",0.393,TRUE,"null","null","null","null",999,FALSE,FALSE,FALSE,"null","null","null","null","null",187.63,88954,38.3981001630038,24,"Early RT","MS/MS available","Unknown",FALSE,TRUE,FALSE,TRUE,"New-associated effect"
"F1679_mz196.1004_rt0.66",-3.61369036067652,0.0202667183310721,0.0875908264632431,-0.986141174801834,0.00700035205564207,0.026967832190122,-2.46142813598508,0.0660565619187063,0.150015621260071,1679,0.657,196.10037,"Unknown","[M+H]+","ion correlated with 1050; ion correlated with 2321; ion correlated with 458; ion correlated with 2363; ion correlated with 817; ion correlated with 2371",0.357,TRUE,"null","null","null","null",999,FALSE,FALSE,FALSE,"null","null","null","null","null",556.45,2789.66666666667,1884.7836837076,19,"Early RT","MS/MS available","Unknown",FALSE,TRUE,FALSE,TRUE,"New-associated effect"
"F2209_mz233.1499_rt0.86",-4.24125940981078,0.0141609558715433,0.0776116156341346,-1.46449891055822,0.0018393710489643,0.0118618530714459,-2.6106357073442,0.0664384308391129,0.150549777607835,2209,0.858,233.14995,"Unknown","[M+H]+","ion correlated with 2541; ion correlated with 1813; ion correlated with 618; ion correlated with 2436; ion correlated with 2019; ion correlated with 1377",0.357,TRUE,"null","null","null","null",999,FALSE,FALSE,FALSE,"null","null","null","null","null",403.11,1496,3161.18436873747,15,"Early RT","MS/MS available","Unknown",FALSE,TRUE,FALSE,TRUE,"New-associated effect"
"F1785_mz203.1394_rt0.91",-2.17576210273157,0.0190953732569816,0.0855961844560316,-0.637886820826206,0.0091114802745063,0.0317090069211252,-1.37175706854335,0.0684248703795107,0.153191122016505,1785,0.906,203.13937,"Unknown","[M+H]+","ion correlated with 2559; ion correlated with 1569; ion correlated with 737; ion correlated with 2359; ion correlated with 2018",0.393,TRUE,"null","null","null","null",999,FALSE,FALSE,FALSE,"null","null","null","null","null",773.64,2040,2821.37187653111,24,"Early RT","MS/MS available","Unknown",FALSE,TRUE,FALSE,TRUE,"New-associated effect"
"F3627_mz346.1979_rt1.02",-2.47609356597953,0.0051258099099338,0.0664470881897342,-1.20885349705914,0.00217741167543022,0.012870293888192,-1.1011206084118,0.0692103846523874,0.154612535028674,3627,1.02,346.19794,"Unknown","[M+H]+","ion correlated with 1446; ion correlated with 3132; ion correlated with 2444; ion correlated with 2891; ion correlated with 2926; ion correlated with 1544; ion correlated with 2620; ion correlated with 3432; ion correlated with 1392; ion correlated with 2908",0.429,TRUE,"null","null","null","null",999,FALSE,FALSE,FALSE,"null","null","null","null","null",373.64,828.666666666667,2467.57894736842,13,"RT >= 1 min","MS/MS available","Unknown",FALSE,TRUE,FALSE,TRUE,"New-associated effect"
"F1334_mz173.0786_rt8.09",0.43239512212388,0.307827148556069,0.407599936187894,1.84016129231077,0.0177619990565226,0.049962500443998,-1.24164834466615,0.0726680263590697,0.159429376106922,1334,8.087,173.07858,"Unknown","[M+H]+",NA,0.071,TRUE,"null","null","null","null",999,FALSE,FALSE,FALSE,"null","null","null","null","null",6.85,94104,5.45943361139153,24,"RT >= 1 min","MS/MS available","Unknown",FALSE,TRUE,FALSE,TRUE,"New-associated effect"
"F5040_mz708.5122_rt9",0.865414181486013,0.0224670187642411,0.0927527876411834,1.8913300421024,0.00075408701896086,0.00707346088033533,-0.859798981853542,0.0731512594225969,0.159765463398501,5040,8.996,708.51221,"Unknown","[M+H]+",NA,0.357,TRUE,"null","null","null","null",999,FALSE,FALSE,FALSE,"null","null","null","null","null",735.77,214670.333333333,6.33617436888018,24,"RT >= 1 min","MS/MS available","Unknown",FALSE,TRUE,FALSE,TRUE,"New-associated effect"
"F1767_mz202.144_rt1.29",-2.75901231689775,0.0135701908016624,0.0767551900561035,-1.01120403334791,0.000624123061303493,0.0064988960970593,-1.58168434604238,0.0758300874903595,0.162790400009391,1767,1.287,202.14401,"Unknown","[M+H]+","ion correlated with 965; ion correlated with 1152",0.321,TRUE,"null","null","null","null",999,FALSE,FALSE,FALSE,"null","null","null","null","null",151.69,13079.6666666667,74.0927067937414,24,"RT >= 1 min","MS/MS available","Unknown",FALSE,TRUE,FALSE,TRUE,"New-associated effect"
"F806_mz136.0759_rt0.85",-4.20080397927177,0.0246444957953082,0.0977593723069132,-1.20015688584261,0.00379414040862577,0.0181702504801276,-2.83452754156869,0.075963567076959,0.162790400009391,806,0.848,136.07594,"Unknown","[M+H]+","ion correlated with 1214; ion correlated with 2544; ion correlated with 2928; found in higher mz's MsMs_1477; found in higher mz's MsMs_3267",0.5,TRUE,"null","null","null","null",999,FALSE,FALSE,FALSE,"null","null","null","null","null",839,29914.3333333333,657.794408664453,24,"Early RT","MS/MS available","Unknown",FALSE,TRUE,FALSE,TRUE,"New-associated effect"
"F545_mz118.0863_rt0.65",-2.102630498562,0.0204282515772061,0.0879538953105895,-0.617568463218889,0.00756509711687164,0.0282492076993335,-1.31894447795241,0.0766336828366573,0.163373780751462,545,0.654,118.08631,"Unknown","[M+H]+",NA,0.357,TRUE,"null","null","null","null",999,FALSE,FALSE,FALSE,"null","null","null","null","null",556.45,5296999.33333333,37.1691637927655,24,"Early RT","MS/MS available","Unknown",FALSE,TRUE,FALSE,TRUE,"New-associated effect"
"F1031_mz150.0585_rt0.7",-5.92362185391595,0.0367067390103369,0.115038108859744,-1.17862662571507,0.00285505749398241,0.01528533139467,-4.57887378714443,0.0770530202078591,0.163705114901622,1031,0.696,150.05849,"Unknown","[M+H]+","similar chromatogram in higher mz_3697",0.464,TRUE,"null","null","null","null",999,FALSE,FALSE,FALSE,"null","null","null","null","null",6356.01,4367.66666666667,12574.4830611933,21,"Early RT","MS/MS available","Unknown",FALSE,TRUE,FALSE,TRUE,"New-associated effect"
"F2806_mz279.1709_rt1.08",-2.22266319057439,0.00705922593281399,0.0678427280124292,-1.04031942112407,0.00141941769517395,0.0101209851204635,-1.01622566593864,0.0777939663514658,0.164311741686789,2806,1.076,279.17093,"Unknown","[M+H]+","ion correlated with 2600; ion correlated with 1233; ion correlated with 584",0.393,TRUE,"null","null","null","null",999,FALSE,FALSE,FALSE,"null","null","null","null","null",250.11,180241.333333333,30.3657797742669,24,"RT >= 1 min","MS/MS available","Unknown",FALSE,TRUE,FALSE,TRUE,"New-associated effect"
"F990_mz147.0765_rt0.46",1.50761653654743,0.000927756290640047,0.0475363011579493,1.08644807600679,0.0020808182659538,0.0128354822383564,0.587285296671779,0.0782503888564565,0.165105907833818,990,0.459,147.07654,"Unknown","[M+H]+",NA,0.643,TRUE,"null","null","null","null",999,FALSE,FALSE,FALSE,"null","null","null","null","null",1406.56,847.333333333333,55467.7497053045,24,"Very early RT","MS/MS available","Unknown",TRUE,TRUE,FALSE,TRUE,"Age-stable fungal effect"
"F1133_mz158.9725_rt0.41",2.11349548707452,0.00602180052153662,0.0664470881897342,1.21804266434452,0.00221739424595839,0.0128733630136203,1.0615671514033,0.0811864664261408,0.16852980756437,1133,0.405,158.97252,"Unknown","[M+H]+","ion correlated with 275",0.321,TRUE,"null","null","null","null",999,FALSE,FALSE,FALSE,"null","null","null","null","null",213.43,163216.333333333,25.8869809579048,24,"Very early RT","MS/MS available","Unknown",FALSE,TRUE,FALSE,TRUE,"New-associated effect"
"F1474_mz182.0274_rt1.18",-9.05262494663555,0.0988945074201533,0.212874356229336,0.646607426455978,0.0161210547268656,0.0464400942004885,-9.30500191967157,0.0813334994650037,0.168664317577427,1474,1.184,182.0274,"Unknown","[M+H]+",NA,0.25,TRUE,"null","null","null","null",999,FALSE,FALSE,FALSE,"null","null","null","null","null",100.57,12288.3333333333,66.2247477487252,21,"RT >= 1 min","MS/MS available","Unknown",FALSE,TRUE,FALSE,FALSE,"New-associated effect"
"F1376_mz175.1079_rt0.74",-5.29930422564443,0.0192678963345628,0.0855961844560316,-1.80321780014073,0.000541606913143788,0.00610090541124321,-3.32994440440126,0.0821908340708236,0.170270214275884,1376,0.74,175.10789,"Unknown","[M+H]+","ion correlated with 2543; ion correlated with 817; ion correlated with 2371; ion correlated with 2929; ion correlated with 1006; ion correlated with 2017; similar chromatogram in higher mz_1877; similar chromatogram in higher mz_3649; similar chromatogram in higher mz_4281; similar chromatogram in higher mz_4380; similar chromatogram in higher mz_4498",0.143,TRUE,"null","null","null","null",999,FALSE,FALSE,FALSE,"null","null","null","null","null",494.31,0,3850223,17,"Early RT","MS/MS available","Unknown",FALSE,TRUE,FALSE,TRUE,"New-associated effect"
"F963_mz146.0069_rt0.52",1.41614815622161,0.0145648472168886,0.0786810727774957,2.52307839683148,0.000116778887115294,0.00374086832920911,-0.940813288900026,0.0844397206740646,0.173354746543855,963,0.519,146.00693,"Unknown","[M+H]+",NA,0.179,TRUE,"null","null","null","null",999,FALSE,FALSE,FALSE,"null","null","null","null","null",96.58,0,1117657,22,"Early RT","MS/MS available","Unknown",FALSE,TRUE,FALSE,TRUE,"New-associated effect"
"F2507_mz257.9776_rt0.4",-0.778853224999477,0.0374179154803045,0.116297174309542,-1.19907036490812,0.00135781334778949,0.00997487475560564,0.586334058788304,0.0858509301203766,0.175200755007091,2507,0.397,257.9776,"Unknown","[M+H]+","ion correlated with 2219",0.857,TRUE,"null","null","null","null",999,FALSE,FALSE,FALSE,"null","null","null","null","null",15563.92,0,5058283,24,"Very early RT","MS/MS available","Unknown",FALSE,TRUE,FALSE,TRUE,"New-associated effect"
"F2154_mz229.1551_rt1.04",-0.787556320224812,0.0461124642937913,0.128865840599161,-1.1301851740553,0.00587583831135032,0.0237333682682655,0.508745884133077,0.086027279020775,0.17538629973153,2154,1.045,229.15509,"Unknown","[M+H]+",NA,0.143,TRUE,"null","null","null","null",999,FALSE,FALSE,FALSE,"null","null","null","null","null",71.18,6854.66666666667,183.472601740652,22,"RT >= 1 min","MS/MS available","Unknown",FALSE,TRUE,FALSE,TRUE,"New-associated effect"
"F4714_mz537.5361_rt9.12",0.301804886785604,0.43111960681259,0.523387045402764,1.15974840804216,0.0143425224889742,0.0429760489297292,-0.691826034096799,0.0862772357815833,0.175547239900486,4714,9.124,537.53607,"Unknown","[M+H]+",NA,0.214,TRUE,"null","null","null","null",999,FALSE,FALSE,FALSE,"null","null","null","null","null",778.09,706723,8.17150825499063,24,"RT >= 1 min","MS/MS available","Unknown",FALSE,TRUE,FALSE,TRUE,"New-associated effect"
"F2499_mz257.15_rt1.13",-2.59194603826408,0.0255533091086691,0.0981056825170394,-0.749729627285262,0.00276192616094377,0.0149255046259592,-1.67609236996128,0.0866046799489176,0.175864894100028,2499,1.129,257.15002,"Unknown","[M+H]+","ion correlated with 3603; ion correlated with 3335; ion correlated with 3569; ion correlated with 2190; ion correlated with 807; ion correlated with 1811; ion correlated with 1555",0.357,TRUE,"null","null","null","null",999,FALSE,FALSE,FALSE,"null","null","null","null","null",54.08,0,933097,13,"RT >= 1 min","MS/MS available","Unknown",FALSE,TRUE,FALSE,TRUE,"New-associated effect"
"F2351_mz245.1865_rt1.04",-2.96208470798904,0.0170101748542104,0.0824702708209474,-1.08255144911106,0.00154873279792813,0.0106857855662518,-1.71341529377097,0.0868581880330737,0.176205395288439,2351,1.04,245.18651,"Unknown","[M+H]+","ion correlated with 2183; ion correlated with 2580; ion correlated with 766; similar chromatogram in higher mz_2439",0.536,TRUE,"null","null","null","null",999,FALSE,FALSE,FALSE,"null","null","null","null","null",1719.43,6023.66666666667,3266.50686068385,24,"RT >= 1 min","MS/MS available","Unknown",FALSE,TRUE,FALSE,TRUE,"New-associated effect"
"F2343_mz245.0999_rt0.93",0.949754729051674,0.0078382732444946,0.070019850361253,0.606837914338086,0.00986807557523045,0.0335840053309942,0.509033519628904,0.087311029447313,0.176295153573112,2343,0.929,245.0999,"Unknown","[M+H]+",NA,0.5,TRUE,"null","null","null","null",999,FALSE,FALSE,FALSE,"null","null","null","null","null",225.45,7351.66666666667,479.051636594433,24,"Early RT","MS/MS available","Unknown",FALSE,TRUE,FALSE,TRUE,"New-associated effect"
"F2310_mz242.926_rt0.42",1.67876131234303,0.00684532203699772,0.0674976108303899,0.96283062764004,0.0013282584832664,0.00997487475560564,0.882047745971122,0.088298537708427,0.177374655494521,2310,0.415,242.92603,"Unknown","[M+H]+","ion correlated with 228; ion correlated with 1999",0.464,TRUE,"null","null","null","null",999,FALSE,FALSE,FALSE,"null","null","null","null","null",321.4,0,3286193,21,"Very early RT","MS/MS available","Unknown",FALSE,TRUE,FALSE,TRUE,"New-associated effect"
"F1006_mz148.097_rt0.76",-5.18675519987916,0.0271574561096739,0.100690872131939,-1.54534510523331,0.000629552953845196,0.00652550322022189,-3.47527159763618,0.0888614444266567,0.177870046477471,1006,0.759,148.09697,"Unknown","[M+H]+","ion correlated with 817; ion correlated with 2371; ion correlated with 2730; ion correlated with 1376; ion correlated with 2017; ion correlated with 474",0.357,TRUE,"null","null","null","null",999,FALSE,FALSE,FALSE,"null","null","null","null","null",373.79,17523.3333333333,266.638559716965,19,"Early RT","MS/MS available","Unknown",FALSE,TRUE,FALSE,TRUE,"New-associated effect"
"F2909_mz287.1971_rt1.24",-0.197352463712493,0.809281002121673,0.857825699843234,-1.63176870907474,0.000581595385856486,0.00622746002780294,1.60052345215648,0.0891325738572583,0.177871155980966,2909,1.243,287.19711,"Unknown","[M+H]+",NA,0.214,TRUE,"null","null","null","null",999,FALSE,FALSE,FALSE,"null","null","null","null","null",39.59,0,406231,15,"RT >= 1 min","MS/MS available","Unknown",FALSE,TRUE,FALSE,TRUE,"New-associated effect"
"F870_mz140.0683_rt5.72",0.380774473039356,0.233561750815849,0.343775200218914,1.2582564850676,0.000858600291064406,0.00749624100275463,-0.711364585562482,0.0898317523413971,0.178705995694659,870,5.717,140.06834,"Unknown","[M+H]+",NA,0.143,TRUE,"null","null","null","null",999,FALSE,FALSE,FALSE,"null","null","null","null","null",16.42,311750.333333333,8.44173454484023,24,"RT >= 1 min","MS/MS available","Unknown",FALSE,TRUE,FALSE,TRUE,"New-associated effect"
"F2516_mz258.9_rt0.42",0.988091938849079,0.0111957964635262,0.0742785443735118,0.593432142979242,0.00537262664817383,0.0224188648738136,0.560777046570767,0.0911978283581743,0.180374895587025,2516,0.416,258.89999,"Unknown","[M+H]+",NA,0.75,TRUE,"null","null","null","null",999,FALSE,FALSE,FALSE,"null","null","null","null","null",1156.86,0,2693151,24,"Very early RT","MS/MS available","Unknown",FALSE,TRUE,FALSE,TRUE,"New-associated effect"
"F1477_mz182.0814_rt0.84",-4.94056697567321,0.0328639620977064,0.110145243721855,-1.34237720963433,0.00402770032219241,0.0187809234009495,-3.43207146320717,0.0926444314948009,0.182357639366085,1477,0.838,182.08145,"Unknown","[M+H]+","ion correlated with 2631",0.571,TRUE,"null","null","null","null",999,FALSE,FALSE,FALSE,"null","null","null","null","null",6129.55,8056.33333333333,14505.454368691,24,"Early RT","MS/MS available","Unknown",FALSE,TRUE,FALSE,TRUE,"New-associated effect"
"F319_mz101.0033_rt0.64",0.663759403332901,0.078034445766859,0.181228410895602,1.53481138924309,0.000270042648387661,0.0044100490060431,-0.704934471920878,0.0956952509883409,0.186836116094975,319,0.638,101.00331,"Unknown","[M+H]+","ion correlated with 320",0.464,TRUE,"null","null","null","null",999,FALSE,FALSE,FALSE,"null","null","null","null","null",147.25,118086,50.1691041350868,24,"Early RT","MS/MS available","Unknown",FALSE,TRUE,FALSE,TRUE,"New-associated effect"
"F2296_mz241.9999_rt0.39",-0.794109855934823,0.0101516371356423,0.0741060510462375,-1.19072316228346,0.00276812222358097,0.0149255046259592,0.562730639869744,0.0978977418041463,0.189966033954548,2296,0.393,241.99988,"Unknown","[M+H]+",NA,0.857,TRUE,"null","null","null","null",999,FALSE,FALSE,FALSE,"null","null","null","null","null",1384.11,0,10563256,24,"Very early RT","MS/MS available","Unknown",FALSE,TRUE,FALSE,TRUE,"New-associated effect"
"F618_mz123.0442_rt0.83",-3.5908324240408,0.0309587857653425,0.10757348376962,-1.08571120264308,0.00951745567754644,0.0326189443399755,-2.33899899634927,0.0984133585897693,0.190759981412995,618,0.833,123.0442,"Unknown","[M+H]+","ion correlated with 2017; ion correlated with 474; ion correlated with 2209; ion correlated with 2019; ion correlated with 1377; found in higher mz's MsMs_1477; found in higher mz's MsMs_1214",0.357,TRUE,"null","null","null","null",999,FALSE,FALSE,FALSE,"null","null","null","null","null",120.23,71358.3333333333,67.406585450163,23,"Early RT","MS/MS available","Unknown",FALSE,TRUE,FALSE,TRUE,"New-associated effect"
"F60_mz72.0809_rt0.66",-5.41270395442098,0.0424699145379788,0.122243643696405,-1.25888564017997,0.0019590324580308,0.0122955005173916,-3.98769635177106,0.0995801715332149,0.191960649913324,60,0.657,72.08092,"Unknown","[M+H]+","ion correlated with 804; ion correlated with 1031; found in higher mz's MsMs_545; found in higher mz's MsMs_2363; found in higher mz's MsMs_1679; found in higher mz's MsMs_967; found in higher mz's MsMs_4471",0.464,TRUE,"null","null","null","null",999,FALSE,FALSE,FALSE,"null","null","null","null","null",973.34,59461.6666666667,515.43499002175,23,"Early RT","MS/MS available","Unknown",FALSE,TRUE,FALSE,TRUE,"New-associated effect"
"F1214_mz165.0548_rt0.83",-5.22959593981755,0.0328008967829849,0.110096501184309,-1.63593160535791,0.00290996286794571,0.0153262545481131,-3.4275408037837,0.108078423353232,0.204126037851136,1214,0.833,165.05482,"Unknown","[M+H]+","ion correlated with 806",0.357,TRUE,"null","null","null","null",999,FALSE,FALSE,FALSE,"null","null","null","null","null",1207.12,10033.6666666667,2076.01146027106,24,"Early RT","MS/MS available","Unknown",FALSE,TRUE,FALSE,TRUE,"New-associated effect"
"F5018_mz694.4968_rt8.98",1.06262295206026,0.00947821218469361,0.0737876177855569,2.02354842463112,0.00169908845273602,0.0113059395229015,-0.794809533101802,0.11410775037552,0.211811221990002,5018,8.982,694.49677,"Unknown","[M+H]+",NA,0.214,TRUE,"null","null","null","null",999,FALSE,FALSE,FALSE,"null","null","null","null","null",102.94,122981.666666667,5.97212615327905,24,"RT >= 1 min","MS/MS available","Unknown",FALSE,TRUE,FALSE,TRUE,"New-associated effect"
"F4587_mz490.1775_rt0.47",-10.2697062218408,0.141197128208897,0.258836709701494,0.932817073199518,0.00259998587035189,0.0143950437212165,-10.8152995491562,0.115623634848466,0.213436616065995,4587,0.471,490.17746,"Unknown","[M+H]+","ion correlated with 747; ion correlated with 1096; ion correlated with 387; ion correlated with 336",0.536,TRUE,"null","null","null","null",999,FALSE,FALSE,FALSE,"null","null","null","null","null",102628.44,0,9690417,17,"Very early RT","MS/MS available","Unknown",FALSE,TRUE,FALSE,FALSE,"New-associated effect"
"F3261_mz313.2377_rt3.07",-9.27543735629085,0.0755513840129052,0.177093068517853,-1.39765074975661,0.000719854100046586,0.00689480509327321,-7.49044412338297,0.116476906313818,0.214079757083498,3261,3.067,313.2377,"Unknown","[M+H]+","ion correlated with 3514",0.214,TRUE,"null","null","null","null",999,FALSE,FALSE,FALSE,"null","null","null","null","null",50.87,913.666666666667,384.838556851312,13,"RT >= 1 min","MS/MS available","Unknown",FALSE,TRUE,FALSE,TRUE,"New-associated effect"
"F133_mz80.948_rt5.69",0.791748832674253,0.0535644973494904,0.140960001815157,1.68093785885855,0.000919340622986735,0.00784550080518755,-0.723073910045462,0.118291266660347,0.21610174502786,133,5.692,80.94802,"Unknown","[M+H]+","ion correlated with 3789; ion correlated with 4236",0.036,TRUE,"null","null","null","null",999,FALSE,FALSE,FALSE,"null","null","null","null","null",20.01,68713.3333333333,6.46338221525834,24,"RT >= 1 min","MS/MS available","Unknown",FALSE,TRUE,FALSE,TRUE,"New-associated effect"
"F3314_mz317.2077_rt1.08",1.46363795759305,0.000735086683614444,0.0470640711112151,-6.06338252750907,0.209579024947268,0.312372350857447,7.5197938097127,0.121445008039471,0.218707545179853,3314,1.077,317.20773,"Unknown","[M+H]+","ion correlated with 2723",0.107,TRUE,"null","null","null","null",999,FALSE,FALSE,FALSE,"null","null","null","null","null",59.13,0,166441,11,"RT >= 1 min","MS/MS available","Unknown",TRUE,FALSE,FALSE,FALSE,"Old-associated effect"
"F2284_mz240.9878_rt0.52",2.05630661930693,0.0188885991217822,0.0855961844560316,3.2830694480942,0.000247570543436336,0.0044100490060431,-1.06064661277189,0.124991129783861,0.223136338648928,2284,0.522,240.98782,"Unknown","[M+H]+",NA,0.536,TRUE,"null","null","null","null",999,FALSE,FALSE,FALSE,"null","null","null","null","null",302.83,0,1881645,18,"Early RT","MS/MS available","Unknown",FALSE,TRUE,FALSE,TRUE,"New-associated effect"
"F838_mz138.0553_rt1.09",0.0199533962718607,0.928064356506034,0.956334768758691,0.597518470641654,0.00218505704562111,0.012870293888192,-0.411447596267103,0.127894338027338,0.226210246740892,838,1.091,138.05528,"Unknown","[M+H]+",NA,0.071,TRUE,"null","null","null","null",999,FALSE,FALSE,FALSE,"null","null","null","null","null",99.7,23135,27.113545988935,24,"RT >= 1 min","MS/MS available","Unknown",FALSE,TRUE,FALSE,TRUE,"New-associated effect"
"F3381_mz322.188_rt0.93",-9.69018757679875,0.106652131036383,0.221403188766288,-0.752665532574899,0.0090567536048635,0.0316777052126967,-8.54334173784903,0.130925888809265,0.229212630734214,3381,0.93,322.18799,"Unknown","[M+H]+","ion correlated with 47; ion correlated with 2643; ion correlated with 1273; ion correlated with 2802; ion correlated with 2829; ion correlated with 3778; ion correlated with 3743; ion correlated with 1446; ion correlated with 3132; ion correlated with 2444",0.357,TRUE,"null","null","null","null",999,FALSE,FALSE,FALSE,"null","null","null","null","null",120.85,15481.3333333333,124.574698042931,19,"Early RT","MS/MS available","Unknown",FALSE,TRUE,FALSE,TRUE,"New-associated effect"
"F3713_mz353.2303_rt1.44",-4.84839417045265,0.0162394791977499,0.0806288365420014,-2.31998091457427,0.000303571338754523,0.00470523050939668,-2.36226866956246,0.138439130283983,0.23841918187914,3713,1.438,353.23026,"Unknown","[M+H]+","ion correlated with 3657",0.321,TRUE,"null","null","null","null",999,FALSE,FALSE,FALSE,"null","null","null","null","null",248.25,2322.66666666667,869.869172285182,24,"RT >= 1 min","MS/MS available","Unknown",FALSE,TRUE,FALSE,TRUE,"New-associated effect"
"F2929_mz288.2034_rt0.75",-10.0946325692245,0.102289687457222,0.216265139141348,-1.15876171863262,0.0116574336846383,0.0370450108518071,-8.54864224774393,0.138448256053613,0.23841918187914,2929,0.75,288.20343,"Unknown","[M+H]+","ion correlated with 1441; ion correlated with 361; ion correlated with 1376; ion correlated with 1006; ion correlated with 2017",0.357,TRUE,"null","null","null","null",999,FALSE,FALSE,FALSE,"null","null","null","null","null",1327.27,0,3390004,11,"Early RT","MS/MS available","Unknown",FALSE,TRUE,FALSE,TRUE,"New-associated effect"
"F3514_mz335.2197_rt3.07",-8.79726248048924,0.0840289644429424,0.189902111873542,-1.63479481106757,0.000193417741131955,0.00410334833990223,-6.76817865682163,0.142240783687403,0.242481034168696,3514,3.068,335.21967,"Unknown","[M+H]+","ion correlated with 3261",0.179,TRUE,"null","null","null","null",999,FALSE,FALSE,FALSE,"null","null","null","null","null",70.99,0,242147,20,"RT >= 1 min","MS/MS available","Unknown",FALSE,TRUE,FALSE,TRUE,"New-associated effect"
"F2622_mz267.1598_rt1.23",0.706237689527271,0.0734013085831565,0.174212938467764,1.64904815460624,0.00749280680700781,0.0281655184105323,-0.7766980659374,0.143825094540186,0.24428336658978,2622,1.23,267.15976,"Unknown","[M+H]+","similar chromatogram in higher mz_4402",0.071,TRUE,"null","null","null","null",999,FALSE,FALSE,FALSE,"null","null","null","null","null",72.91,36500,12.86099010986,24,"RT >= 1 min","MS/MS available","Unknown",FALSE,TRUE,FALSE,TRUE,"New-associated effect"
"F2371_mz247.1292_rt0.72",-4.8155005538303,0.0418422455154392,0.1216110708384,-1.64250769694993,0.00228861505220281,0.0132192268918585,-3.00685716729855,0.148720231613459,0.248912861430267,2371,0.715,247.12924,"Unknown","[M+H]+","ion correlated with 2321; ion correlated with 1679; ion correlated with 458; ion correlated with 2363; ion correlated with 2543; ion correlated with 817; ion correlated with 2730; ion correlated with 518; ion correlated with 1376; ion correlated with 1006",0.25,TRUE,"null","null","null","null",999,FALSE,FALSE,FALSE,"null","null","null","null","null",133.46,0,5304428,12,"Early RT","MS/MS available","Unknown",FALSE,TRUE,FALSE,TRUE,"New-associated effect"
"F3547_mz337.2354_rt2.38",-9.90819206203448,0.0801204651388183,0.184374579513163,-2.25622163353591,0.000153563432574964,0.00398748953166725,-7.2646904523575,0.154054186438903,0.252816342733067,3547,2.381,337.23538,"Unknown","[M+H]+",NA,0.25,TRUE,"null","null","null","null",999,FALSE,FALSE,FALSE,"null","null","null","null","null",82.99,12442.3333333333,85.6903830699169,21,"RT >= 1 min","MS/MS available","Unknown",FALSE,TRUE,FALSE,TRUE,"New-associated effect"
"F2126_mz227.1643_rt1.78",0.305548828627913,0.622419081608151,0.699446874891221,1.54066387618249,0.000660604076482937,0.00671111127292878,-1.06896380226549,0.155400520368879,0.254010563946901,2126,1.779,227.16434,"Unknown","[M+H]+","ion correlated with 3807",0.107,TRUE,"null","null","null","null",999,FALSE,FALSE,FALSE,"null","null","null","null","null",38.1,4775.66666666667,92.827076064201,24,"RT >= 1 min","MS/MS available","Unknown",FALSE,TRUE,FALSE,TRUE,"New-associated effect"
"F320_mz101.0033_rt0.6",0.724787900667493,0.0662343906033987,0.162471170031472,1.49629978311087,0.000614393694440495,0.00645377008678596,-0.605394375956894,0.160514798106139,0.258460298440708,320,0.598,101.00331,"Unknown","[M+H]+","ion correlated with 319",0.143,TRUE,"null","null","null","null",999,FALSE,FALSE,FALSE,"null","null","null","null","null",40.33,120087.333333333,49.3330104228832,24,"Early RT","MS/MS available","Unknown",FALSE,TRUE,FALSE,TRUE,"New-associated effect"
"F2198_mz232.9286_rt0.4",-0.510770573192642,0.148533400012615,0.26701638503316,-0.806914989569349,0.00191375379433582,0.0121912085825098,0.462261266078722,0.161786786834075,0.259566730800351,2198,0.397,232.92859,"Unknown","[M+H]+","ion correlated with 1709; ion correlated with 1936",0.821,TRUE,"null","null","null","null",999,FALSE,FALSE,FALSE,"null","null","null","null","null",958.51,5584,792.939122649955,24,"Very early RT","MS/MS available","Unknown",FALSE,TRUE,FALSE,TRUE,"New-associated effect"
"F1713_mz199.0872_rt1.06",-0.182657828082941,0.765443147356858,0.822441693509742,0.875359600167154,0.000673425018780796,0.00671111127292878,-0.891898339771772,0.161509660353097,0.259566730800351,1713,1.056,199.08716,"Unknown","[M+H]+",NA,0.214,TRUE,"null","null","null","null",999,FALSE,FALSE,FALSE,"null","null","null","null","null",30.01,106933,11.8842931153796,24,"RT >= 1 min","MS/MS available","Unknown",FALSE,TRUE,FALSE,FALSE,"New-associated effect"
"F566_mz119.0493_rt0.82",-9.8809221910636,0.113263192315451,0.22905007429925,-1.48054225025562,0.00512481247012306,0.0219462435038264,-8.00618902771828,0.167363624762051,0.264898432382107,566,0.816,119.04933,"Unknown","[M+H]+","ion correlated with 1006; ion correlated with 2017; ion correlated with 2541; ion correlated with 1813; ion correlated with 988; ion correlated with 618; ion correlated with 2192; ion correlated with 2209; ion correlated with 2436; found in higher mz's MsMs_1477; found in higher mz's MsMs_1214; found in higher mz's MsMs_806; found in higher mz's MsMs_988",0.143,TRUE,"null","null","null","null",999,FALSE,FALSE,FALSE,"null","null","null","null","null",114.7,19342.3333333333,151.013941064966,18,"Early RT","MS/MS available","Unknown",FALSE,TRUE,FALSE,TRUE,"New-associated effect"
"F228_mz90.9768_rt0.42",1.68938064180243,0.00654776359417683,0.0671908049423065,1.17814721576329,0.00170336181358251,0.0113059395229015,0.677350565683536,0.172098098601075,0.268274408829163,228,0.416,90.97684,"Unknown","[M+H]+","ion correlated with 2310; found in higher mz's MsMs_2310; similar chromatogram in higher mz_615; similar chromatogram in higher mz_648; similar chromatogram in higher mz_1057; similar chromatogram in higher mz_1828; similar chromatogram in higher mz_2148; similar chromatogram in higher mz_2334; similar chromatogram in higher mz_2440; similar chromatogram in higher mz_2516; similar chromatogram in higher mz_2547; similar chromatogram in higher mz_2735; similar chromatogram in higher mz_2764; similar chromatogram in higher mz_2965; similar chromatogram in higher mz_3232; similar chromatogram in higher mz_3417; similar chromatogram in higher mz_3462; similar chromatogram in higher mz_3573; similar chromatogram in higher mz_3589; similar chromatogram in higher mz_3691; similar chromatogram in higher mz_3740; similar chromatogram in higher mz_3960; similar chromatogram in higher mz_4096; similar chromatogram in higher mz_4203; similar chromatogram in higher mz_4287; similar chromatogram in higher mz_4298; similar chromatogram in higher mz_4367; similar chromatogram in higher mz_4405; similar chromatogram in higher mz_4482; similar chromatogram in higher mz_4548; similar chromatogram in higher mz_4601; similar chromatogram in higher mz_4645; similar chromatogram in higher mz_4697; similar chromatogram in higher mz_4737; similar chromatogram in higher mz_4769; similar chromatogram in higher mz_4835; similar chromatogram in higher mz_4886; similar chromatogram in higher mz_1761; similar chromatogram in higher mz_408; similar chromatogram in higher mz_2844; similar chromatogram in higher mz_4046; similar chromatogram in higher mz_2395; similar chromatogram in higher mz_3507; similar chromatogram in higher mz_1275; similar chromatogram in higher mz_4340; similar chromatogram in higher mz_4622; similar chromatogram in higher mz_3231; similar chromatogram in higher mz_4248; similar chromatogram in higher mz_2393",0.679,TRUE,"null","null","null","null",999,FALSE,FALSE,FALSE,"null","null","null","null","null",131.83,59068.3333333333,62.0118053361022,22,"Very early RT","MS/MS available","Unknown",FALSE,TRUE,FALSE,TRUE,"New-associated effect"
"F4716_mz537.5362_rt9.18",0.986962926120352,0.037480864508232,0.116297174309542,1.85032133461501,0.00108585032806626,0.00877181581747477,-0.697241320794612,0.173927903244182,0.270101350499474,4716,9.183,537.53625,"Unknown","[M+H]+",NA,0.071,TRUE,"null","null","null","null",999,FALSE,FALSE,FALSE,"null","null","null","null","null",366.67,427726.333333333,13.5015944737379,24,"RT >= 1 min","MS/MS available","Unknown",FALSE,TRUE,FALSE,TRUE,"New-associated effect"
"F5016_mz694.4965_rt9.04",1.11571079854439,0.0198929755464929,0.086789074996286,1.95622840153672,0.000442082804817481,0.00566541831255655,-0.674403028958606,0.174822555017203,0.270671723567358,5016,9.036,694.49652,"Unknown","[M+H]+",NA,0.071,TRUE,"null","null","null","null",999,FALSE,FALSE,FALSE,"null","null","null","null","null",169.63,96310,7.62600326027141,24,"RT >= 1 min","MS/MS available","Unknown",FALSE,TRUE,FALSE,TRUE,"New-associated effect"
"F3518_mz335.2221_rt1.99",-6.57080935477598,0.119476361373562,0.235732055614445,-0.977440902509134,0.0113818846778093,0.0363899693220099,-5.19910733242348,0.175882655704635,0.271290076755534,3518,1.991,335.22205,"Unknown","[M+H]+",NA,0.036,TRUE,"null","null","null","null",999,FALSE,FALSE,FALSE,"null","null","null","null","null",170.15,1443,2130.19944598338,23,"RT >= 1 min","MS/MS available","Unknown",FALSE,TRUE,FALSE,TRUE,"New-associated effect"
"F988_mz147.0442_rt0.83",-9.76355179314039,0.115562799681386,0.231764947123139,-1.61818062088949,0.00187516682859401,0.0120243748613231,-7.75813214636114,0.176920928213735,0.272073906833557,988,0.831,147.04424,"Unknown","[M+H]+","ion correlated with 2017; ion correlated with 1914; ion correlated with 2165; ion correlated with 566; ion correlated with 2541; ion correlated with 1813; ion correlated with 2192; ion correlated with 2209; ion correlated with 47",0.321,TRUE,"null","null","null","null",999,FALSE,FALSE,FALSE,"null","null","null","null","null",230.33,4577.66666666667,563.040987186954,17,"Early RT","MS/MS available","Unknown",FALSE,TRUE,FALSE,TRUE,"New-associated effect"
"F671_mz126.0664_rt0.78",-9.09086122374238,0.124334471816532,0.241433435541216,-1.27266441841101,0.00143120538487612,0.0101209851204635,-7.43096642932265,0.176905279873916,0.272073906833557,671,0.779,126.06638,"Unknown","[M+H]+","ion correlated with 1540; ion correlated with 2962; ion correlated with 1268; ion correlated with 1914; ion correlated with 4683",0.179,TRUE,"null","null","null","null",999,FALSE,FALSE,FALSE,"null","null","null","null","null",72.74,3018.33333333333,392.476043276661,13,"Early RT","MS/MS available","Unknown",FALSE,TRUE,FALSE,TRUE,"New-associated effect"
"F3465_mz331.1983_rt0.97",-1.7006671912067,0.00099475390359987,0.0475363011579493,-1.0654315510967,0.00895155439331248,0.031460834316521,-0.469116023100142,0.178949933251324,0.27375872799178,3465,0.968,331.19827,"Unknown","[M+H]+","ion correlated with 1545; ion correlated with 3614; ion correlated with 3651; ion correlated with 1814; ion correlated with 2349; ion correlated with 647; ion correlated with 3806; ion correlated with 2248; ion correlated with 2688; ion correlated with 3480; ion correlated with 4036; ion correlated with 3785; ion correlated with 3294; ion correlated with 4312; ion correlated with 3652; ion correlated with 4454; ion correlated with 3913; ion correlated with 3451; ion correlated with 2698; ion correlated with 1750; ion correlated with 3613; ion correlated with 1836; ion correlated with 2985; ion correlated with 3379; ion correlated with 3479",0.107,TRUE,"null","null","null","null",999,FALSE,FALSE,FALSE,"null","null","null","null","null",111.82,888.666666666667,658.716373173473,15,"Early RT","MS/MS available","Unknown",TRUE,TRUE,FALSE,TRUE,"Age-stable fungal effect"
"F3520_mz335.2222_rt2.06",-8.4422582905205,0.0996353311218841,0.212874356229336,-1.86994720046428,0.000160949046759372,0.00400777622989398,-6.18501780566916,0.181167861008469,0.275660773340079,3520,2.064,335.22223,"Unknown","[M+H]+","ion correlated with 3323",0.321,TRUE,"null","null","null","null",999,FALSE,FALSE,FALSE,"null","null","null","null","null",1195.39,4194,27840.8965435042,21,"RT >= 1 min","MS/MS available","Unknown",FALSE,TRUE,FALSE,TRUE,"New-associated effect"
"F2658_mz270.1931_rt0.96",0.132384897381381,0.61495800450924,0.692820115308573,0.630248920141129,0.00518202049253347,0.0219462435038264,-0.331746511551019,0.1868828310401,0.280478682342545,2658,0.963,270.19312,"Unknown","[M+H]+",NA,0.429,TRUE,"null","null","null","null",999,FALSE,FALSE,FALSE,"null","null","null","null","null",1774.95,3214.33333333333,1829.35714285714,19,"Early RT","MS/MS available","Unknown",FALSE,TRUE,FALSE,TRUE,"New-associated effect"
"F4810_mz582.5939_rt9.16",0.982519807379993,0.0126121956793151,0.0755640073620714,1.74705793260991,0.00169614803613854,0.0113059395229015,-0.598422375443357,0.19260217978022,0.284881495985157,4810,9.162,582.59387,"Unknown","[M+H]+","ion correlated with 4764",0.107,TRUE,"null","null","null","null",999,FALSE,FALSE,FALSE,"null","null","null","null","null",1057.83,129427.333333333,9.64621090178606,24,"RT >= 1 min","MS/MS available","Unknown",FALSE,TRUE,FALSE,TRUE,"New-associated effect"
"F1859_mz208.6529_rt0.87",-9.36623969133393,0.105161793262993,0.219312600104533,-2.15782712875181,0.00022495899818231,0.00429123467120877,-6.81422230305895,0.194111269890176,0.286080715782147,1859,0.868,208.65294,"Unknown","[M+H]+","ion correlated with 4683; ion correlated with 1652; ion correlated with 4054; ion correlated with 3651; ion correlated with 1858; ion correlated with 2963; ion correlated with 3025; ion correlated with 3806; ion correlated with 3628; ion correlated with 62",0.179,TRUE,"null","null","null","null",999,FALSE,FALSE,FALSE,"null","null","null","null","null",7648.59,0,1127033,12,"Early RT","MS/MS available","Unknown",FALSE,TRUE,FALSE,TRUE,"New-associated effect"
"F54_mz71.0293_rt0.39",-0.382556740679241,0.103538080022406,0.217324610148786,-0.512784770383127,0.00630796986374766,0.0251212133170301,0.296345514845494,0.200106743645333,0.291453087204713,54,0.39,71.02927,"Unknown","[M+2H]2+","found in higher mz's MsMs_147; found in higher mz's MsMs_238; found in higher mz's MsMs_69; similar chromatogram in higher mz_645",0.857,TRUE,"null","null","null","null",999,FALSE,FALSE,FALSE,"null","null","null","null","null",1594.45,12554.3333333333,1086.69906547019,24,"Very early RT","MS/MS available","Unknown",FALSE,TRUE,FALSE,TRUE,"New-associated effect"
"F986_mz147.0433_rt1.13",-6.74071287207169,0.116962502859254,0.233302449415302,-1.411859989154,0.00516712230014656,0.0219462435038264,-4.9415581295439,0.200311887991159,0.291453087204713,986,1.132,147.04326,"Unknown","[M+H]+","ion correlated with 3130; found in higher mz's MsMs_3130; found in higher mz's MsMs_4693; found in higher mz's MsMs_2899",0.036,TRUE,"null","null","null","null",999,FALSE,FALSE,FALSE,"null","null","null","null","null",29.02,0,2168364,18,"RT >= 1 min","MS/MS available","Unknown",FALSE,TRUE,FALSE,TRUE,"New-associated effect"
"F1185_mz163.0602_rt0.56",-2.16200668204626,0.0106080932792921,0.0741060510462375,-1.25679969521214,0.000282263417465844,0.0045766996974819,-0.739088652313985,0.210048240743248,0.30134803511243,1185,0.559,163.0602,"Unknown","[M+H]+","ion correlated with 1440; ion correlated with 1699",0.179,TRUE,"null","null","null","null",999,FALSE,FALSE,FALSE,"null","null","null","null","null",126.67,52425,63.6856521573265,23,"Early RT","MS/MS available","Unknown",FALSE,TRUE,FALSE,TRUE,"New-associated effect"
"F2576_mz263.0819_rt2.63",-8.1623922878973,0.12964238010504,0.245336580866001,-1.72422579536423,1.57512155663184e-05,0.00297373099685525,-6.04397457467469,0.21931930449343,0.310740187801941,2576,2.632,263.08188,"Unknown","[M+H]+",NA,0.25,TRUE,"null","null","null","null",999,FALSE,FALSE,FALSE,"null","null","null","null","null",46.57,0,316426,11,"RT >= 1 min","MS/MS available","Unknown",FALSE,TRUE,FALSE,TRUE,"New-associated effect"
"F663_mz125.9864_rt0.39",-0.328223712842734,0.211050840420764,0.325630433518975,-0.459186165567939,0.0106698519715072,0.035051068435373,0.297079966944064,0.228184255703568,0.319769472327253,663,0.394,125.98639,"Unknown","[M+H]+","ion correlated with 222",0.857,TRUE,"null","null","null","null",999,FALSE,FALSE,FALSE,"null","null","null","null","null",936.84,345436.333333333,160.462959996603,24,"Very early RT","MS/MS available","Unknown",FALSE,TRUE,FALSE,TRUE,"New-associated effect"
"F2227_mz235.1656_rt0.46",1.08851842017021,0.0115442053123697,0.0748003169525784,1.61975771865738,0.000804277232682969,0.00736173112173524,-0.365121768623088,0.233311423576647,0.323859602841688,2227,0.46,235.16563,"Unknown","[M+H]+",NA,0.429,TRUE,"null","null","null","null",999,FALSE,FALSE,FALSE,"null","null","null","null","null",3462.53,33412.3333333333,1446.19480247406,18,"Very early RT","MS/MS available","Unknown",FALSE,TRUE,FALSE,TRUE,"New-associated effect"
"F3237_mz311.2583_rt6.23",0.941723291565768,0.0754578231682472,0.177056670908741,1.75798748079038,0.00133667437081368,0.00997487475560564,-0.650178535923521,0.238617848694426,0.329222072157027,3237,6.227,311.25833,"Unknown","[M+H]+",NA,0.036,TRUE,"null","null","null","null",999,FALSE,FALSE,FALSE,"null","null","null","null","null",24.14,5476,35.8066459740734,24,"RT >= 1 min","MS/MS available","Unknown",FALSE,TRUE,FALSE,TRUE,"New-associated effect"
"F1378_mz175.108_rt1.09",-2.084790106239,0.0298400114247918,0.106123802386916,-1.04336786831834,0.00187088994810489,0.0120243748613231,-0.875302589388556,0.24032217708456,0.330618192513908,1378,1.091,175.10802,"Unknown","[M+H]+","ion correlated with 3786; ion correlated with 2908; ion correlated with 2190",0.107,TRUE,"null","null","null","null",999,FALSE,FALSE,FALSE,"null","null","null","null","null",268.41,0,1586697,19,"RT >= 1 min","MS/MS available","Unknown",FALSE,TRUE,FALSE,TRUE,"New-associated effect"
"F4808_mz582.5939_rt9.11",0.682716080718043,0.0412500023041109,0.121293448766918,1.41784432829473,0.0138295265069649,0.0419132512293861,-0.569011559388493,0.242688419935444,0.332749008424294,4808,9.109,582.59387,"Unknown","[M+H]+",NA,0.286,TRUE,"null","null","null","null",999,FALSE,FALSE,FALSE,"null","null","null","null","null",6495.25,209211,5.9675974609487,23,"RT >= 1 min","MS/MS available","Unknown",FALSE,TRUE,FALSE,TRUE,"New-associated effect"
"F2541_mz260.161_rt0.82",-5.15044157196271,0.0129192608489068,0.0759424944719418,-3.41835142506093,2.8297177416986e-05,0.00297373099685525,-1.56595582227226,0.293524956573971,0.379236460570398,2541,0.821,260.16095,"Unknown","[M+H]+","ion correlated with 2017; ion correlated with 566; ion correlated with 1813; ion correlated with 988; ion correlated with 618; ion correlated with 2209; ion correlated with 2436",0.071,TRUE,"null","null","null","null",999,FALSE,FALSE,FALSE,"null","null","null","null","null",2426.43,0,4062069,12,"Early RT","MS/MS available","Unknown",FALSE,TRUE,FALSE,TRUE,"New-associated effect"
"F1234_mz166.0866_rt1.17",-1.46194489702719,0.0071161609814712,0.0678427280124292,-0.95625414757168,0.0026611581612661,0.0145587304289246,-0.339573087940343,0.295858733256147,0.381307659277665,1234,1.173,166.08665,"Unknown","[M+H]+","ion correlated with 764; found in higher mz's MsMs_3360",0.071,TRUE,"null","null","null","null",999,FALSE,FALSE,FALSE,"null","null","null","null","null",179.95,19010,337.913786755037,24,"RT >= 1 min","MS/MS available","Unknown",FALSE,TRUE,FALSE,TRUE,"New-associated effect"
"F1813_mz205.1186_rt0.83",-3.40047553048615,0.00499285443186574,0.0664470881897342,-2.43557816899834,0.000373391996902781,0.00515771845617702,-0.798777240648327,0.297094702650471,0.381656905787884,1813,0.827,205.11861,"Unknown","[M+H]+","ion correlated with 2017; ion correlated with 566; ion correlated with 2541; ion correlated with 988; ion correlated with 618; ion correlated with 2209; ion correlated with 2436; ion correlated with 1377; similar chromatogram in higher mz_4580",0.393,TRUE,"null","null","null","null",999,FALSE,FALSE,FALSE,"null","null","null","null","null",262.53,3482,1030.06689635372,16,"Early RT","MS/MS available","Unknown",FALSE,TRUE,FALSE,TRUE,"New-associated effect"
"F2017_mz219.1343_rt0.78",-3.27483063710339,0.0122431707193911,0.0749312372657694,-2.1450184704339,0.000496049792127168,0.00589532821666079,-0.963692126723108,0.298414156717723,0.382663500150835,2017,0.782,219.13425,"Unknown","[M+H]+","ion correlated with 1376; ion correlated with 2929; ion correlated with 1006; ion correlated with 566; ion correlated with 2541; ion correlated with 1813; ion correlated with 618",0.107,TRUE,"null","null","null","null",999,FALSE,FALSE,FALSE,"null","null","null","null","null",519.85,909.333333333333,4287.31966312706,14,"Early RT","MS/MS available","Unknown",FALSE,TRUE,FALSE,TRUE,"New-associated effect"
"F2190_mz232.1184_rt1.12",-1.89753811416614,0.0280354842861578,0.102932870299825,-1.09281559277505,0.000705021233489167,0.00678134830517123,-0.638603363767105,0.31799367467412,0.402988280312327,2190,1.122,232.11841,"Unknown","[M+H]+","ion correlated with 1378; ion correlated with 3569; ion correlated with 2499",0.286,TRUE,"null","null","null","null",999,FALSE,FALSE,FALSE,"null","null","null","null","null",183.08,659.666666666667,1979.00252270434,22,"RT >= 1 min","MS/MS available","Unknown",FALSE,TRUE,FALSE,TRUE,"New-associated effect"
"F4783_mz568.5781_rt9.12",0.760187424743942,0.0496350093297149,0.133934825562608,1.31398520251621,0.00138220740989325,0.0100887807731758,-0.387682244382177,0.331808444200868,0.416128733014284,4783,9.123,568.57812,"Unknown","[M+H]+",NA,0.071,TRUE,"null","null","null","null",999,FALSE,FALSE,FALSE,"null","null","null","null","null",7277.98,86509,6.87050052017108,23,"RT >= 1 min","MS/MS available","Unknown",FALSE,TRUE,FALSE,TRUE,"New-associated effect"
"F2305_mz242.1865_rt0.95",0.695463734945917,0.0250325989423779,0.0979483603800768,0.640562070688683,0.00911046684389846,0.0317090069211252,0.221019128915844,0.345785333529191,0.429200296091553,2305,0.954,242.18654,"Unknown","[M+H]+","ion correlated with 2456; similar chromatogram in higher mz_3984",0.429,TRUE,"null","null","null","null",999,FALSE,FALSE,FALSE,"null","null","null","null","null",1714.83,759.666666666667,10287.5403155127,14,"Early RT","MS/MS available","Unknown",FALSE,TRUE,FALSE,TRUE,"New-associated effect"
"F813_mz137.0016_rt0.51",2.51405362438536,0.0163081303499249,0.0807928990479902,3.33950817191484,0.000963838373103968,0.00810338187757781,-0.659338224364341,0.3645649743574,0.447371125137922,813,0.51,137.00163,"Unknown","[M+H]+","found in higher mz's MsMs_2087",0.5,TRUE,"null","null","null","null",999,FALSE,FALSE,FALSE,"null","null","null","null","null",230.3,0,2218619,23,"Early RT","MS/MS available","Unknown",FALSE,TRUE,FALSE,TRUE,"New-associated effect"
"F631_mz124.0394_rt0.67",-1.48585996491159,0.0101552748870527,0.0741060510462375,-0.986207699694694,0.00180079236272705,0.011679424752544,-0.33353467026027,0.375353448976924,0.456787570094621,631,0.671,124.03944,"Unknown","[M+H]+","ion correlated with 60; ion correlated with 726; ion correlated with 967; ion correlated with 622; ion correlated with 775",0.357,TRUE,"null","null","null","null",999,FALSE,FALSE,FALSE,"null","null","null","null","null",275.94,166114,93.0290702224363,24,"Early RT","MS/MS available","Unknown",FALSE,TRUE,FALSE,TRUE,"New-associated effect"
"F552_mz118.0864_rt0.47",0.580606662042789,0.034985003160346,0.113563622561981,0.94927578467915,0.000523881275687726,0.00606740048883233,-0.202551582821256,0.395513594254223,0.476057483845005,552,0.465,118.08639,"Unknown","[M+H]+","ion correlated with 547; found in higher mz's MsMs_2227",0.464,TRUE,"null","null","null","null",999,FALSE,FALSE,FALSE,"null","null","null","null","null",1668.43,5914958,88.1741254673109,24,"Very early RT","MS/MS available","Unknown",FALSE,TRUE,FALSE,TRUE,"New-associated effect"
"F547_mz118.0863_rt0.51",0.570232040000249,0.0365320427955328,0.115038108859744,0.93890116264698,0.000480219442920922,0.0058607426636048,-0.202551582821256,0.395513594254223,0.476057483845005,547,0.512,118.08634,"Unknown","[M+H]+","ion correlated with 552; found in higher mz's MsMs_2372",0.143,TRUE,"null","null","null","null",999,FALSE,FALSE,FALSE,"null","null","null","null","null",463.22,5041950,103.441373587328,24,"Early RT","MS/MS available","Unknown",FALSE,TRUE,FALSE,TRUE,"New-associated effect"
"F4670_mz520.3402_rt3.38",-3.10690549828375,0.0171910343599112,0.082992461622635,-2.20701253035855,0.0042456343372044,0.0192740300072239,-0.733731954689855,0.414907127792672,0.494109572853654,4670,3.383,520.34021,"Unknown","[M+H]+",NA,0.143,TRUE,"null","null","null","null",999,FALSE,FALSE,FALSE,"null","null","null","null","null",40.39,0,228234,18,"RT >= 1 min","MS/MS available","Unknown",FALSE,TRUE,FALSE,TRUE,"New-associated effect"
"F2375_mz247.1658_rt1.07",4.55370186762235,0.0436175927905641,0.124176057768871,3.36558827779767,2.15894702605678e-05,0.00297373099685525,1.35421939798546,0.454215123965678,0.530603986319406,2375,1.074,247.1658,"Unknown","[M+H]+",NA,0.036,TRUE,"null","null","null","null",999,FALSE,FALSE,FALSE,"null","null","null","null","null",606.91,83009.6666666667,143.412039416621,24,"RT >= 1 min","MS/MS available","Unknown",FALSE,TRUE,FALSE,TRUE,"New-associated effect"
"F3011_mz294.1551_rt1.19",0.30240199852276,0.429571991558133,0.522066871368722,0.758757332991505,0.00950054360924833,0.0326189443399755,-0.290237851634109,0.493122113655842,0.565891391467548,3011,1.193,294.15512,"Unknown","[M+H]+",NA,0.964,TRUE,"null","null","null","null",999,FALSE,FALSE,FALSE,"null","null","null","null","null",105.6,654441.333333333,5.56133797375577,24,"RT >= 1 min","MS/MS available","Unknown",FALSE,TRUE,FALSE,TRUE,"New-associated effect"
"F2234_mz236.1284_rt1.32",-1.50093401782522,0.0409096753271948,0.120864652757038,-0.953936647925441,0.00209242419819803,0.012870293888192,-0.380877526538616,0.504662962674288,0.576557074218315,2234,1.324,236.12836,"Unknown","[M+H]+",NA,0.25,TRUE,"null","null","null","null",999,FALSE,FALSE,FALSE,"null","null","null","null","null",40.68,0,447738,15,"RT >= 1 min","MS/MS available","Unknown",FALSE,TRUE,FALSE,TRUE,"New-associated effect"
"F2087_mz225.01_rt0.52",1.54241687360009,0.0199282098162473,0.086789074996286,2.05715756571485,8.40783463959131e-05,0.00374086832920911,-0.348623896443729,0.512570796667471,0.584940436663879,2087,0.52,225.01004,"Unknown","[M+H]+",NA,0.393,TRUE,"null","null","null","null",999,FALSE,FALSE,FALSE,"null","null","null","null","null",337.11,0,3025869,18,"Early RT","MS/MS available","Unknown",FALSE,TRUE,FALSE,TRUE,"New-associated effect"
"F835_mz138.0182_rt0.51",1.47097952815161,0.0406777908683681,0.120493351801994,1.9164191990503,3.24587091890684e-05,0.0030126839287431,-0.279322811716225,0.650890205140795,0.715735185406562,835,0.514,138.01825,"Unknown","[M+2H]2+","similar chromatogram in higher mz_3139; similar chromatogram in higher mz_1115",0.179,TRUE,"null","null","null","null",999,FALSE,FALSE,FALSE,"null","null","null","null","null",188.99,0,1812729,18,"Early RT","MS/MS available","Unknown",FALSE,TRUE,FALSE,TRUE,"New-associated effect"
"F1383_mz176.011_rt0.46",5.56179962628443,0.000735054326841537,0.0470640711112151,4.86606608660764,0.0639774415880043,0.129784443614629,0.86179604009191,0.676200406556764,0.739211626550073,1383,0.464,176.01099,"Unknown","[M+H]+",NA,0.107,TRUE,"null","null","null","null",999,FALSE,FALSE,FALSE,"null","null","null","null","null",335.6,54661.6666666667,67.5162633851257,17,"Very early RT","MS/MS available","Unknown",TRUE,FALSE,FALSE,TRUE,"Old-associated effect"
"F4447_mz456.2082_rt0.9",-1.77157864887703,0.0616716630989234,0.155308550023815,-1.33570137740908,0.0140045001930494,0.0423305132333185,-0.269759565103448,0.694450917128717,0.755101142344862,4447,0.897,456.20816,"Unknown","[M+H]+",NA,0.429,TRUE,"null","null","null","null",999,FALSE,FALSE,FALSE,"null","null","null","null","null",5357.34,0,14878929,13,"Early RT","MS/MS available","Unknown",FALSE,TRUE,FALSE,TRUE,"New-associated effect"
"F4588_mz490.1926_rt0.93",-1.9502387135861,0.0446298064155964,0.126265624385272,-1.58436878651288,0.0112933062262272,0.0362087643129034,-0.199751546493223,0.775743436566201,0.830344773342237,4588,0.934,490.19257,"Unknown","[M+H]+",NA,0.357,TRUE,"null","null","null","null",999,FALSE,FALSE,FALSE,"null","null","null","null","null",17880.32,0,3343503,12,"Early RT","MS/MS available","Unknown",FALSE,TRUE,FALSE,TRUE,"New-associated effect"
"F4380_mz442.1927_rt0.74",-2.83271241796299,0.0492492378730391,0.13341226961734,-2.95744815972537,0.00162062581810848,0.0109488708544829,0.290854704217507,0.795915565385941,0.849279966599448,4380,0.736,442.19269,"Unknown","[M+H]+",NA,0.357,TRUE,"null","null","null","null",999,FALSE,FALSE,FALSE,"null","null","null","null","null",16415.93,0,5189216,12,"Early RT","MS/MS available","Unknown",FALSE,TRUE,FALSE,TRUE,"New-associated effect"
"F3379_mz322.1767_rt1.02",-0.72743526468006,0.0250075561299232,0.0979483603800768,-0.617061024325294,0.0145835452579155,0.043558747020353,0.0557430885761231,0.807398820163486,0.859300040329516,3379,1.025,322.17673,"Unknown","[M+H]+","ion correlated with 3465; ion correlated with 3294; ion correlated with 4231; ion correlated with 3920; ion correlated with 3652; ion correlated with 4454; ion correlated with 3451; ion correlated with 3613; ion correlated with 1836; ion correlated with 2985; ion correlated with 3479; ion correlated with 3776; ion correlated with 3453; ion correlated with 2554; ion correlated with 3295; ion correlated with 3921; ion correlated with 3523",0.357,TRUE,"null","null","null","null",999,FALSE,FALSE,FALSE,"null","null","null","null","null",29.59,15087,27.4506892895016,23,"RT >= 1 min","MS/MS available","Unknown",FALSE,TRUE,FALSE,TRUE,"New-associated effect"
"F2165_mz230.1139_rt0.8",-1.52959408582849,0.0866906693085571,0.194560958121777,-1.23603367569181,0.0119293442573838,0.037662881035134,-0.127442037834142,0.869020379742166,0.908863392567838,2165,0.797,230.11389,"Unknown","[M+H]+","ion correlated with 2962; ion correlated with 2341; ion correlated with 1914; ion correlated with 566; ion correlated with 988",0.321,TRUE,"null","null","null","null",999,FALSE,FALSE,FALSE,"null","null","null","null","null",122.66,0,1620821,12,"Early RT","MS/MS available","Unknown",FALSE,TRUE,FALSE,TRUE,"New-associated effect"
"F321_mz101.0034_rt0.52",1.26915451671148,0.0140854368138207,0.0775724663363086,1.3721569506934,0.000328273202951954,0.00487528668931353,0.0631150665644599,0.873137784788701,0.910978580768628,321,0.517,101.00338,"Unknown","[M+H]+","found in higher mz's MsMs_835",0.643,TRUE,"null","null","null","null",999,FALSE,FALSE,FALSE,"null","null","null","null","null",419.07,137063.333333333,133.314266050249,24,"Early RT","MS/MS available","Unknown",FALSE,TRUE,FALSE,TRUE,"New-associated effect"
"F2560_mz261.145_rt1",-0.819553676414023,0.166808966176164,0.283725295542515,-0.729558506906984,0.00873265093289159,0.0311684239271445,0.0761223815376968,0.874662712906471,0.911202641839315,2560,1.004,261.14502,"Unknown","[M+2H]2+","ion correlated with 520; ion correlated with 2975; similar chromatogram in higher mz_3243; similar chromatogram in higher mz_3007",0.429,TRUE,"null","null","null","null",999,FALSE,FALSE,FALSE,"null","null","null","null","null",637.21,0,3391935,24,"RT >= 1 min","MS/MS available","Unknown",FALSE,TRUE,FALSE,TRUE,"New-associated effect"
"F3023_mz295.1295_rt1.03",-0.839035575666752,0.15495966431063,0.272560835907611,-0.717403475501089,0.0176527981590969,0.049778697914472,0.0444854793863086,0.924711598780012,0.950166622770453,3023,1.026,295.12949,"Unknown","[M+H]+",NA,0.393,TRUE,"null","null","null","null",999,FALSE,FALSE,FALSE,"null","null","null","null","null",214.19,634.666666666667,2550.92029365496,19,"RT >= 1 min","MS/MS available","Unknown",FALSE,TRUE,FALSE,TRUE,"New-associated effect"
"F3917_mz374.1717_rt1.13",-0.575816084768572,0.106248341932665,0.220818660906874,-0.41026298915853,0.0156800258538464,0.0457502039694491,0.000564288573799204,0.998349987522602,0.998873976970164,3917,1.127,374.17175,"Unknown","[M+H]+",NA,0.429,TRUE,"null","null","null","null",999,FALSE,FALSE,FALSE,"null","null","null","null","null",190.22,0,8659999,15,"RT >= 1 min","MS/MS available","Unknown",FALSE,TRUE,FALSE,TRUE,"New-associated effect"
"F2935_mz288.2902_rt1.87",NA,NA,NA,3.96039952048855,1.92923797657331e-05,0.00297373099685525,NA,NA,NA,2935,1.869,288.29022,"Unknown","[M+H]+","ion correlated with 2330",0.25,TRUE,"null","null","null","null",999,FALSE,FALSE,FALSE,"null","null","null","null","null",234.72,6005.33333333333,146.646373272657,22,"RT >= 1 min","MS/MS available","Unknown",FALSE,TRUE,FALSE,FALSE,"New-associated effect"
"F2894_mz286.2747_rt2.15",NA,NA,NA,4.44573384129423,0.000171177669078522,0.00400777622989398,NA,NA,NA,2894,2.147,286.27472,"Unknown","[M+H]+",NA,0.143,TRUE,"null","null","null","null",999,FALSE,FALSE,FALSE,"null","null","null","null","null",70.74,905.333333333333,361.663847002574,10,"RT >= 1 min","MS/MS available","Unknown",FALSE,TRUE,FALSE,FALSE,"New-associated effect"
"F3712_mz353.2302_rt1.66",NA,NA,NA,-2.31859216257396,0.000269103387867697,0.0044100490060431,NA,NA,NA,3712,1.663,353.23016,"Unknown","[M+H]+",NA,0.143,TRUE,"null","null","null","null",999,FALSE,FALSE,FALSE,"null","null","null","null","null",47.81,2886.33333333333,98.0925883167859,21,"RT >= 1 min","MS/MS available","Unknown",FALSE,TRUE,FALSE,FALSE,"New-associated effect"
"F3290_mz315.2535_rt2.38",NA,NA,NA,-1.50379098066274,0.000376991862542268,0.00515771845617702,NA,NA,NA,3290,2.381,315.25354,"Unknown","[M+H]+","ion correlated with 2808; ion correlated with 3547; ion correlated with 3053",0.214,TRUE,"null","null","null","null",999,FALSE,FALSE,FALSE,"null","null","null","null","null",40.99,14034.6666666667,33.0005699764885,14,"RT >= 1 min","MS/MS available","Unknown",FALSE,TRUE,FALSE,FALSE,"New-associated effect"
"F2976_mz291.196_rt2.54",NA,NA,NA,1.130998116975,0.000697537847972716,0.00678134830517123,NA,NA,NA,2976,2.536,291.19598,"Unknown","[M+H]+","ion correlated with 3670",0.107,TRUE,"null","null","null","null",999,FALSE,FALSE,FALSE,"null","null","null","null","null",70.22,782,434.39846743295,19,"RT >= 1 min","MS/MS available","Unknown",FALSE,TRUE,FALSE,FALSE,"New-associated effect"
"F817_mz137.046_rt0.71",NA,NA,NA,-1.13025315435982,0.00085471895571593,0.00749116613696973,NA,NA,NA,817,0.706,137.04601,"Unknown","[M+H]+","ion correlated with 2321; ion correlated with 1679; ion correlated with 458; ion correlated with 2363; ion correlated with 2371; ion correlated with 2730; ion correlated with 518; ion correlated with 1006",0.357,TRUE,"null","null","null","null",999,FALSE,FALSE,FALSE,"null","null","null","null","null",454.29,0,5926001,15,"Early RT","MS/MS available","Unknown",FALSE,TRUE,FALSE,FALSE,"New-associated effect"
"F804_mz136.0619_rt0.64",NA,NA,NA,-1.1566541379909,0.000937049060888703,0.00796667179107624,NA,NA,NA,804,0.643,136.06194,"Unknown","[M+H]+","ion correlated with 60; similar chromatogram in higher mz_2494; similar chromatogram in higher mz_2718; similar chromatogram in higher mz_2874",0.571,TRUE,"null","null","null","null",999,FALSE,FALSE,FALSE,"null","null","null","null","null",1217.92,26421.6666666667,1000.89984609174,22,"Early RT","MS/MS available","Unknown",FALSE,TRUE,FALSE,FALSE,"New-associated effect"
"F2730_mz274.1878_rt0.73",NA,NA,NA,-1.35716828805113,0.00202224899120968,0.0126112780495769,NA,NA,NA,2730,0.731,274.18781,"Unknown","[M+H]+","ion correlated with 2363; ion correlated with 817",0.357,TRUE,"null","null","null","null",999,FALSE,FALSE,FALSE,"null","null","null","null","null",1069.45,0,8853847,10,"Early RT","MS/MS available","Unknown",FALSE,TRUE,FALSE,FALSE,"New-associated effect"
"F775_mz133.032_rt0.7",NA,NA,NA,-1.38576114043271,0.00248111546963155,0.0140102788956807,NA,NA,NA,775,0.699,133.03197,"Unknown","[M+H]+","ion correlated with 967; ion correlated with 631; ion correlated with 622; similar chromatogram in higher mz_790; similar chromatogram in higher mz_2454; similar chromatogram in higher mz_2886; similar chromatogram in higher mz_4592; similar chromatogram in higher mz_2834",0.393,TRUE,"null","null","null","null",999,FALSE,FALSE,FALSE,"null","null","null","null","null",878.83,0,13326291,14,"Early RT","MS/MS available","Unknown",FALSE,TRUE,FALSE,FALSE,"New-associated effect"
"F2363_mz246.1815_rt0.68",NA,NA,NA,-1.19430334704553,0.00271328632891625,0.0146996657915033,NA,NA,NA,2363,0.677,246.18155,"Unknown","[M+H]+","ion correlated with 1050; ion correlated with 2321; ion correlated with 1679; ion correlated with 458; ion correlated with 2543; ion correlated with 817; ion correlated with 2371; ion correlated with 2730; ion correlated with 518",0.321,TRUE,"null","null","null","null",999,FALSE,FALSE,FALSE,"null","null","null","null","null",967.04,0,5367140,10,"Early RT","MS/MS available","Unknown",FALSE,TRUE,FALSE,FALSE,"New-associated effect"
"F4209_mz411.3088_rt4.62",NA,NA,NA,-1.16548989884126,0.00638686148121721,0.0251673950382723,NA,NA,NA,4209,4.619,411.30878,"Unknown","[M+H]+",NA,0.179,TRUE,"null","null","null","null",999,FALSE,FALSE,FALSE,"null","null","null","null","null",128.84,0,311449,10,"RT >= 1 min","MS/MS available","Unknown",FALSE,TRUE,FALSE,FALSE,"New-associated effect"
"F1048_mz152.0568_rt0.48",NA,NA,NA,1.27971225392418,0.0116683624489172,0.0370450108518071,NA,NA,NA,1048,0.484,152.05682,"Unknown","[M+H]+",NA,0.286,TRUE,"null","null","null","null",999,FALSE,FALSE,FALSE,"null","null","null","null","null",107.64,521345,5.46643687685338,22,"Very early RT","MS/MS available","Unknown",FALSE,TRUE,FALSE,FALSE,"New-associated effect"
"F4326_mz432.1716_rt0.47",NA,NA,NA,0.498877460272213,0.0146637002262162,0.0436259495589919,NA,NA,NA,4326,0.471,432.17163,"Unknown","[M+H]+","ion correlated with 4587; ion correlated with 459; ion correlated with 51; ion correlated with 4472",0.464,TRUE,"null","null","null","null",999,FALSE,FALSE,FALSE,"null","null","null","null","null",3134.7,0,7039398,15,"Very early RT","MS/MS available","Unknown",FALSE,TRUE,FALSE,FALSE,"New-associated effect"
