"Alignment ID","Average Rt(min)","Average Mz","Metabolite name","Adduct type","Post curation result","Fill %","MS/MS assigned","Reference RT","Reference m/z","Formula","Ontology","INCHIKEY","SMILES","Annotation tag (VS1.0)","RT matched","m/z matched","MS/MS matched","Total score","RT similarity","Dot product","Reverse dot product","Fragment presence %","S/N average","blank_1","blank_2","blank_3","blank_4","exudate_1","exudate_2","exudate_3","FC_1","FC_2","FC_3","fungi_old_1","fungi_old_2","fungi_old_3","leaf_1","leaf_2","leaf_3","new_in_P08","new_in_P09","new_in_P10","new_out_P08","new_out_P09","new_out_P10","root_1","root_2","root_3","Soil_control_1","Soil_control_2","Soil_control_3","feature_name","blank_mean","maximum_biological_signal","sample_to_blank_ratio","present_in_any_group","number_detected","group1_n","group2_n","detection_category","RT_flag","MSMS_flag","annotation_flag"
50,0.587,70.0128,"Unknown","[M+H]+","ion correlated with 786",0.036,FALSE,"null","null","null","null","null","null",999,FALSE,FALSE,FALSE,"null","null","null","null","null",53.84,10485,29765,32415,0,184742,129267,179873,25152,31852,0,35981,36439,24045,0,0,0,0,0,0,0,0,0,28208,0,0,290543,429532,266440,"F50_mz70.0128_rt0.59",24221.6666666667,429532,17.7326883910387,TRUE,12,0,2,"Fungal control-associated detection","Early RT","No MS/MS assignment","Unknown"
203,0.378,89.00842,"Unknown","[M+H]+","ion correlated with 2461; ion correlated with 2661; ion correlated with 538; ion correlated with 3508",0.107,FALSE,"null","null","null","null","null","null",999,FALSE,FALSE,FALSE,"null","null","null","null","null",94.02,0,0,2525,0,33040,16737,49630,7634,4214,3406,0,2745,0,971202,904802,711532,0,0,0,0,0,4980,214971,95558,119577,65062,58894,39253,"F203_mz89.0084_rt0.38",841.666666666667,971202,1152.5352056962,TRUE,17,1,3,"Fungal control-associated detection","Very early RT","No MS/MS assignment","Unknown"
253,0.437,96.92208,"Unknown","[M+H]+","ion correlated with 4108; ion correlated with 3182; ion correlated with 3057; similar chromatogram in higher mz_2537; similar chromatogram in higher mz_2316; similar chromatogram in higher mz_2759; similar chromatogram in higher mz_468; similar chromatogram in higher mz_1380; similar chromatogram in higher mz_1840",0.071,FALSE,"null","null","null","null","null","null",999,FALSE,FALSE,FALSE,"null","null","null","null","null",70.76,0,0,0,0,0,0,0,22020,20925,0,86308,188818,161235,0,0,16446,0,0,6288,0,0,18711,0,0,0,36312,0,0,"F253_mz96.9221_rt0.44",0,188818,188819,TRUE,9,1,2,"Fungal control-associated detection","Very early RT","No MS/MS assignment","Unknown"
275,0.398,98.01379,"Unknown","[M+2H]2+","ion correlated with 470; ion correlated with 1473; ion correlated with 1133; ion correlated with 1657",0.214,FALSE,"null","null","null","null","null","null",999,FALSE,FALSE,FALSE,"null","null","null","null","null",194.51,31908,5826,2446,0,74047,54360,125928,16896,17626,2830,15541,0,6756,3928868,2969669,2700519,5873,7113,7854,2854,0,0,1235024,895718,1059249,319543,372986,172751,"F275_mz98.0138_rt0.4",13393.3333333333,3928868,293.323221262723,TRUE,21,1,3,"Fungal control-associated detection","Very early RT","No MS/MS assignment","Unknown"
376,3.544,105.06998,"Unknown","[M+H]+","ion correlated with 1041; ion correlated with 779; ion correlated with 2014; ion correlated with 2157; ion correlated with 741; ion correlated with 1141; ion correlated with 1166; ion correlated with 1379; ion correlated with 1521; ion correlated with 1546; ion correlated with 1893; ion correlated with 2293; ion correlated with 2563; ion correlated with 3959; ion correlated with 3318; ion correlated with 3338; ion correlated with 956; ion correlated with 397; ion correlated with 597; ion correlated with 625; ion correlated with 1019; ion correlated with 1190; ion correlated with 1257; ion correlated with 1349; ion correlated with 1630; ion correlated with 1752; ion correlated with 2317; ion correlated with 2448; ion correlated with 2474; ion correlated with 2676; ion correlated with 2746; ion correlated with 2954; ion correlated with 3083; ion correlated with 3098; ion correlated with 3118; ion correlated with 3504; ion correlated with 3745; ion correlated with 5005; ion correlated with 5013; ion correlated with 5038; ion correlated with 5047; ion correlated with 4092; ion correlated with 3515; ion correlated with 3942; ion correlated with 4987; found in higher mz's MsMs_3115; found in higher mz's MsMs_3702; found in higher mz's MsMs_3318; found in higher mz's MsMs_2676; found in higher mz's MsMs_5005; found in higher mz's MsMs_3847; found in higher mz's MsMs_3515; found in higher mz's MsMs_2474; found in higher mz's MsMs_2746; found in higher mz's MsMs_2954; found in higher mz's MsMs_2448; found in higher mz's MsMs_1190; found in higher mz's MsMs_3083; found in higher mz's MsMs_3504",0.036,FALSE,"null","null","null","null","null","null",999,FALSE,FALSE,FALSE,"null","null","null","null","null",26,0,0,1641,0,1264,0,0,0,1601,1918,346,0,1698,85229,85400,255434,0,0,0,0,0,1688,2476,0,0,0,1419,0,"F376_mz105.07_rt3.54",547,255434,466.122262773723,TRUE,11,1,2,"Fungal control-associated detection","RT >= 1 min","No MS/MS assignment","Unknown"
422,0.4,109.52167,"Unknown","[M+H]+","ion correlated with 3029; ion correlated with 538; ion correlated with 2384; ion correlated with 2798",0.143,FALSE,"null","null","null","null","null","null",999,FALSE,FALSE,FALSE,"null","null","null","null","null",41.67,0,0,2595,0,21720,35687,20692,3039,0,0,0,2781,2606,548498,462588,479883,8311,2503,0,10914,19338,0,356528,152126,157086,12886,3586,6330,"F422_mz109.5217_rt0.4",865,548498,633.370669745958,TRUE,19,2,1,"Fungal out-associated detection","Very early RT","No MS/MS assignment","Unknown"
513,0.456,116.01108,"Unknown","[M+H]+",NA,0.071,FALSE,"null","null","null","null","null","null",999,FALSE,FALSE,FALSE,"null","null","null","null","null",5.06,18710,49888,51269,0,221937,242453,188589,62072,0,1587,9157,524424,48331,0,0,14065,0,135109,51754,148298,0,0,2083,8813,93458,57980,78546,115811,"F513_mz116.0111_rt0.46",39955.6666666667,524424,13.1248435805456,TRUE,18,1,2,"Fungal control-associated detection","Very early RT","No MS/MS assignment","Unknown"
522,0.742,116.10715,"Unknown","[M+H]+","ion correlated with 1619; ion correlated with 2416; ion correlated with 2174; similar chromatogram in higher mz_1298; similar chromatogram in higher mz_2081; similar chromatogram in higher mz_560; similar chromatogram in higher mz_1371",0.107,FALSE,"null","null","null","null","null","null",999,FALSE,FALSE,FALSE,"null","null","null","null","null",153.97,76644,34185,27325,0,25954,27302,20136,19922,0,0,11121,0,0,808609,629744,1407796,0,0,0,15470,0,17331,0,0,0,26579,20493,18142,"F522_mz116.1072_rt0.74",46051.3333333333,1407796,30.5695042596466,TRUE,13,2,1,"Fungal out-associated detection","Early RT","No MS/MS assignment","Unknown"
560,0.737,118.12287,"Unknown","[M+H]+","ion correlated with 2416; similar chromatogram in higher mz_4075; similar chromatogram in higher mz_1574",0.071,FALSE,"null","null","null","null","null","null",999,FALSE,FALSE,FALSE,"null","null","null","null","null",58.04,6022,36600,32579,0,28046,26313,32036,0,0,33144,17940,0,10942,352038,160126,433285,0,0,60537,19216,13974,17311,0,35991,21544,36877,48996,25316,"F560_mz118.1229_rt0.74",25067,433285,17.2844263603,TRUE,18,3,1,"Fungal out-associated detection","Early RT","No MS/MS assignment","Unknown"
610,0.446,122.08138,"Unknown","[M+H]+",NA,0.036,FALSE,"null","null","null","null","null","null",999,FALSE,FALSE,FALSE,"null","null","null","null","null",23.54,7748,12934,5173,0,21385,50613,25442,240411,0,0,50569,0,0,0,0,0,18485,36938,0,0,169131,107097,0,18449,15379,210114,56903,79828,"F610_mz122.0814_rt0.45",8618.33333333333,240411,27.8921803697115,TRUE,14,2,1,"Fungal out-associated detection","Very early RT","No MS/MS assignment","Unknown"
621,0.492,123.05533,"Unknown","[M+H]+","similar chromatogram in higher mz_2790; similar chromatogram in higher mz_1607; similar chromatogram in higher mz_1236; similar chromatogram in higher mz_3687; similar chromatogram in higher mz_4399; similar chromatogram in higher mz_3915; similar chromatogram in higher mz_1500; similar chromatogram in higher mz_1884; similar chromatogram in higher mz_3859",0.143,FALSE,"null","null","null","null","null","null",999,FALSE,FALSE,FALSE,"null","null","null","null","null",23.25,53900,59783,53480,0,55415,66346,75540,0,0,0,718063,695195,581209,183993,197018,252652,226855,96728,199781,100166,50650,0,108854,159592,214971,70146,79865,57643,"F621_mz123.0553_rt0.49",55721,718063,12.8865439144324,TRUE,20,2,0,"Fungal out-associated detection","Very early RT","No MS/MS assignment","Unknown"
624,0.6,123.0556,"Unknown","[M+H]+","similar chromatogram in higher mz_1330; found in higher mz's MsMs_2463",0.107,FALSE,"null","null","null","null","null","null",999,FALSE,FALSE,FALSE,"null","null","null","null","null",28.01,46024,52557,49991,0,49346,46637,30073,0,0,58528,522192,562381,381248,78368,30150,68900,54096,235686,124608,270298,141056,60313,27928,50055,80786,67033,25910,35703,"F624_mz123.0556_rt0.6",49524,562381,11.3555174154467,TRUE,22,3,1,"Fungal out-associated detection","Early RT","No MS/MS assignment","Unknown"
626,1.054,123.11687,"Unknown","[M+H]+",NA,0.036,FALSE,"null","null","null","null","null","null",999,FALSE,FALSE,FALSE,"null","null","null","null","null",4.55,28520,19828,19829,0,22238,29182,26474,19583,0,0,16575,22148,19535,118615,46603,115449,16956,16794,15415,5923,23570,20824,8696,11112,16286,15926,19429,27298,"F626_mz123.1169_rt1.05",22725.6666666667,118615,5.21924317981813,TRUE,22,3,1,"Fungal out-associated detection","RT >= 1 min","No MS/MS assignment","Unknown"
786,0.545,134.11778,"Unknown","[M+H]+","ion correlated with 3866; ion correlated with 50",0.179,FALSE,"null","null","null","null","null","null",999,FALSE,FALSE,FALSE,"null","null","null","null","null",67.84,64512,4184,1624,0,209971,87104,201034,11827,43551,17866,11249,27933,42789,0,0,0,0,0,0,0,0,0,0,0,0,364364,372339,315045,"F786_mz134.1178_rt0.54",23440,372339,15.8841346358944,TRUE,12,0,3,"Fungal control-associated detection","Early RT","No MS/MS assignment","Unknown"
810,0.447,136.9313,"Unknown","[M+H]+","ion correlated with 1396; ion correlated with 4391",0.214,FALSE,"null","null","null","null","null","null",999,FALSE,FALSE,FALSE,"null","null","null","null","null",865.59,0,0,0,0,233812,207794,175671,0,16100,11849,0,0,0,18236,52495,21341,0,0,0,0,9762,0,0,0,0,122302,117091,202074,"F810_mz136.9313_rt0.45",0,233812,233813,TRUE,12,1,2,"Fungal control-associated detection","Very early RT","No MS/MS assignment","Unknown"
834,0.463,137.97121,"Unknown","[M+H]+","ion correlated with 1695; ion correlated with 1924; ion correlated with 4008; ion correlated with 3597; found in higher mz's MsMs_904; found in higher mz's MsMs_1158",0.214,FALSE,"null","null","null","null","null","null",999,FALSE,FALSE,FALSE,"null","null","null","null","null",40.96,11534,0,6046,0,185351,174173,141195,32046,10694,7768,0,0,0,0,0,0,5098,0,0,0,0,0,0,0,0,197385,189262,150159,"F834_mz137.9712_rt0.46",5860,197385,33.677870670534,TRUE,10,0,3,"Fungal control-associated detection","Very early RT","No MS/MS assignment","Unknown"
884,0.461,141.0547,"Unknown","[M+H]+",NA,0.107,FALSE,"null","null","null","null","null","null",999,FALSE,FALSE,FALSE,"null","null","null","null","null",20.4,85087,60553,41955,0,38788,42110,43262,18391,34880,0,0,33722,0,416706,298382,283492,0,31118,0,0,0,88066,134268,96330,89324,74168,65052,42591,"F884_mz141.0547_rt0.46",62531.6666666667,416706,6.66382903868911,TRUE,17,1,2,"Fungal control-associated detection","Very early RT","No MS/MS assignment","Unknown"
955,1.154,145.10132,"Unknown","[M+H]+","ion correlated with 4844; ion correlated with 3370; ion correlated with 4910; ion correlated with 4348; ion correlated with 4038; ion correlated with 396; ion correlated with 4111; ion correlated with 4076; ion correlated with 1431; found in higher mz's MsMs_1598",0.071,FALSE,"null","null","null","null","null","null",999,FALSE,FALSE,FALSE,"null","null","null","null","null",51.35,0,2111,0,0,0,0,0,0,3978,0,72416,23839,19532,397067,128328,50588,3041,0,0,4123,3740,0,4363,3764,3959,0,1608,0,"F955_mz145.1013_rt1.15",703.666666666667,397067,563.483443708609,TRUE,14,2,1,"Fungal out-associated detection","RT >= 1 min","No MS/MS assignment","Unknown"
956,3.545,145.10135,"Unknown","[M+H]+","ion correlated with 1041; ion correlated with 779; ion correlated with 2014; ion correlated with 2157; ion correlated with 3115; ion correlated with 3702; ion correlated with 376; ion correlated with 741; ion correlated with 1141; ion correlated with 1166; ion correlated with 1379; ion correlated with 1546; ion correlated with 1893; ion correlated with 2293; ion correlated with 2563; ion correlated with 3959; ion correlated with 3318; ion correlated with 3338; ion correlated with 397; ion correlated with 597; ion correlated with 625; ion correlated with 1019; ion correlated with 1190; ion correlated with 1257; ion correlated with 1349; ion correlated with 1630; ion correlated with 1752; ion correlated with 2317; ion correlated with 2448; ion correlated with 2474; ion correlated with 2676; ion correlated with 2746; ion correlated with 2954; ion correlated with 3083; ion correlated with 3098; ion correlated with 3118; ion correlated with 3504; ion correlated with 3745; ion correlated with 3906; ion correlated with 5005; ion correlated with 5013; ion correlated with 5038; ion correlated with 5047; ion correlated with 4092; ion correlated with 3515; ion correlated with 4188; ion correlated with 3942; ion correlated with 4987; found in higher mz's MsMs_3115; found in higher mz's MsMs_3702; found in higher mz's MsMs_3318; found in higher mz's MsMs_2676; found in higher mz's MsMs_5005; found in higher mz's MsMs_3847; found in higher mz's MsMs_3515; found in higher mz's MsMs_3976; found in higher mz's MsMs_2474; found in higher mz's MsMs_2746; found in higher mz's MsMs_2954; found in higher mz's MsMs_1190; found in higher mz's MsMs_3083; found in higher mz's MsMs_3504",0.071,FALSE,"null","null","null","null","null","null",999,FALSE,FALSE,FALSE,"null","null","null","null","null",32.08,0,2593,1744,0,1380,0,0,1793,1880,0,3351,2228,0,110581,98034,252238,1483,1606,1838,0,1743,0,1562,0,0,0,0,0,"F956_mz145.1013_rt3.54",1445.66666666667,252238,174.358755760369,TRUE,13,1,2,"Fungal control-associated detection","RT >= 1 min","No MS/MS assignment","Unknown"
957,2.074,145.10136,"Unknown","[M+H]+","ion correlated with 2751; ion correlated with 378; ion correlated with 742; ion correlated with 1018; ion correlated with 1629; ion correlated with 1658; ion correlated with 420; ion correlated with 628; ion correlated with 995; ion correlated with 1570; ion correlated with 1694; ion correlated with 1719; ion correlated with 2318; ion correlated with 2447; ion correlated with 2950; ion correlated with 4946; ion correlated with 596; ion correlated with 1191; ion correlated with 2158; ion correlated with 2394; ion correlated with 56; ion correlated with 1140; ion correlated with 1258; ion correlated with 1468; ion correlated with 2582; ion correlated with 3907; ion correlated with 3941; ion correlated with 5039; ion correlated with 4118; ion correlated with 3777; ion correlated with 3979; found in higher mz's MsMs_3323; found in higher mz's MsMs_1751; found in higher mz's MsMs_3520; found in higher mz's MsMs_3703; found in higher mz's MsMs_2674; found in higher mz's MsMs_3079; found in higher mz's MsMs_5004; found in higher mz's MsMs_2381; found in higher mz's MsMs_2950; found in higher mz's MsMs_3851",0.107,FALSE,"null","null","null","null","null","null",999,FALSE,FALSE,FALSE,"null","null","null","null","null",58.06,0,1937,1467,0,0,1254,0,1802,0,0,2387,2199,1975,516310,324566,425734,2032,1760,2602,0,2094,1742,0,0,1810,0,1604,1484,"F957_mz145.1014_rt2.07",1134.66666666667,516310,454.632521279718,TRUE,16,2,1,"Fungal out-associated detection","RT >= 1 min","No MS/MS assignment","Unknown"
958,1.207,145.10153,"Unknown","[M+H]+","ion correlated with 2645; ion correlated with 1754; ion correlated with 2021",0.071,FALSE,"null","null","null","null","null","null",999,FALSE,FALSE,FALSE,"null","null","null","null","null",50.86,0,2111,0,0,0,1569,3017,0,3978,3202,72416,175916,189925,76188,27409,24784,0,2793,0,0,3740,0,2907,0,0,3161,1608,1512,"F958_mz145.1015_rt1.21",703.666666666667,189925,269.526017029328,TRUE,16,1,2,"Fungal control-associated detection","RT >= 1 min","No MS/MS assignment","Unknown"
1019,3.547,149.09636,"Unknown","[M+H]+","ion correlated with 1041; ion correlated with 419; ion correlated with 779; ion correlated with 2014; ion correlated with 2157; ion correlated with 3115; ion correlated with 3702; ion correlated with 376; ion correlated with 856; ion correlated with 1379; ion correlated with 2563; ion correlated with 3318; ion correlated with 3338; ion correlated with 956; ion correlated with 397; ion correlated with 597; ion correlated with 625; ion correlated with 994; ion correlated with 1190; ion correlated with 1257; ion correlated with 1349; ion correlated with 1630; ion correlated with 1752; ion correlated with 2317; ion correlated with 2448; ion correlated with 2474; ion correlated with 2676; ion correlated with 2746; ion correlated with 2954; ion correlated with 3083; ion correlated with 3098; ion correlated with 3118; ion correlated with 3504; ion correlated with 3745; ion correlated with 3906; ion correlated with 5005; ion correlated with 5013; ion correlated with 5038; ion correlated with 5047; ion correlated with 3515; ion correlated with 4188; found in higher mz's MsMs_3318; found in higher mz's MsMs_2676; found in higher mz's MsMs_5005; found in higher mz's MsMs_3847; found in higher mz's MsMs_3976; found in higher mz's MsMs_3504",0.107,FALSE,"null","null","null","null","null","null",999,FALSE,FALSE,FALSE,"null","null","null","null","null",12.1,5352,2404,1325,0,1404,0,0,1816,1546,2028,0,0,0,179419,213746,445407,1574,0,1568,0,0,1426,1741,0,3102,0,1274,0,"F1019_mz149.0964_rt3.55",3027,445407,147.0964332893,TRUE,13,1,3,"Fungal control-associated detection","RT >= 1 min","No MS/MS assignment","Unknown"
1025,5.773,149.13277,"Unknown","[M+H]+","ion correlated with 4420; ion correlated with 796; ion correlated with 595; ion correlated with 3908; ion correlated with 4091; ion correlated with 1369; ion correlated with 4504; ion correlated with 4273; ion correlated with 4359; ion correlated with 627; ion correlated with 2876; ion correlated with 3316; ion correlated with 3749; ion correlated with 1963; ion correlated with 3788; ion correlated with 3775; ion correlated with 2473; similar chromatogram in higher mz_3527",0.143,FALSE,"null","null","null","null","null","null",999,FALSE,FALSE,FALSE,"null","null","null","null","null",13.32,1330,0,0,0,0,0,0,0,0,0,0,0,0,174347,71803,123764,0,0,0,1504,1240,0,139748,90755,142836,0,0,0,"F1025_mz149.1328_rt5.77",443.333333333333,174347,392.381095273818,TRUE,8,2,0,"Fungal out-associated detection","RT >= 1 min","No MS/MS assignment","Unknown"
1052,0.494,152.10718,"Unknown","[M+H]+",NA,0.036,FALSE,"null","null","null","null","null","null",999,FALSE,FALSE,FALSE,"null","null","null","null","null",45.47,18134,27389,20765,0,3624,13020,11857,0,37134,53783,0,0,0,0,0,22406,132632,167382,41206,0,0,0,0,0,0,10600,3756,6377,"F1052_mz152.1072_rt0.49",22096,167382,7.57491967235371,TRUE,12,0,2,"Fungal control-associated detection","Very early RT","No MS/MS assignment","Unknown"
1078,0.497,154.12285,"Unknown","[M+H]+",NA,0.214,TRUE,"null","null","null","null","null","null",999,FALSE,FALSE,FALSE,"null","null","null","null","null",23290.13,58749,172994,78853,0,76962,82327,71147,84601,33543,0,29280,42951,0,586286080,493204384,443658880,55298,41518,0,0,0,0,176076400,143163488,258194896,90273,82932,88216,"F1078_mz154.1228_rt0.5",103532,586286080,5662.79428781162,TRUE,18,0,2,"Fungal control-associated detection","Very early RT","MS/MS available","Unknown"
1100,0.885,156.13843,"Unknown","[M+H]+","found in higher mz's MsMs_4069",0.25,TRUE,"null","null","null","null","null","null",999,FALSE,FALSE,FALSE,"null","null","null","null","null",8831.42,0,5946,5558,0,6742,2220,3423,0,12457,20519,22443,111185,100317,141642864,114605704,168217296,0,0,0,0,0,0,41941616,53403548,80187576,10936,7111,5444,"F1100_mz156.1384_rt0.88",3834.66666666667,168217296,43856.0781263579,TRUE,17,0,2,"Fungal control-associated detection","Early RT","MS/MS available","Unknown"
1102,0.541,156.59285,"Unknown","[M+H]+",NA,0.036,FALSE,"null","null","null","null","null","null",999,FALSE,FALSE,FALSE,"null","null","null","null","null",109.12,0,0,0,0,0,0,0,61436,118622,28586,0,0,0,0,0,0,0,0,0,45262,0,0,0,0,0,0,0,0,"F1102_mz156.5928_rt0.54",0,118622,118623,TRUE,4,1,3,"Fungal control-associated detection","Early RT","No MS/MS assignment","Unknown"
1105,0.514,156.9825,"Unknown","[M+H]+",NA,0.321,FALSE,"null","null","null","null","null","null",999,FALSE,FALSE,FALSE,"null","null","null","null","null",26.22,25764,2729,1675,0,4082,5750,5489,0,0,0,31080,116846,39884,179742,254611,152973,243103,109320,178632,98153,82450,0,372121,266680,351056,0,0,8162,"F1105_mz156.9825_rt0.51",10056,372121,37.0012926319976,TRUE,18,2,0,"Fungal out-associated detection","Early RT","No MS/MS assignment","Unknown"
1115,0.511,157.51488,"Unknown","[M+H]+",NA,0.286,FALSE,"null","null","null","null","null","null",999,FALSE,FALSE,FALSE,"null","null","null","null","null",1108.93,0,0,0,0,0,0,0,64955,0,66060,41738,193958,149744,127175,110716,0,126103,0,80747,51828,0,0,343355,352988,206938,0,0,0,"F1115_mz157.5149_rt0.51",0,352988,352989,TRUE,13,1,2,"Fungal control-associated detection","Early RT","No MS/MS assignment","Unknown"
1140,2.08,159.11703,"Unknown","[M+H]+","ion correlated with 378; ion correlated with 742; ion correlated with 957; ion correlated with 1018; ion correlated with 1629; ion correlated with 1658; ion correlated with 2022; ion correlated with 797; ion correlated with 2911; ion correlated with 420; ion correlated with 628; ion correlated with 995; ion correlated with 1351; ion correlated with 1570; ion correlated with 1694; ion correlated with 1719; ion correlated with 1894; ion correlated with 2137; ion correlated with 2318; ion correlated with 2447; ion correlated with 4946; ion correlated with 596; ion correlated with 1191; ion correlated with 2158; ion correlated with 2500; ion correlated with 2394; ion correlated with 56; ion correlated with 1167; ion correlated with 1258; ion correlated with 1468; ion correlated with 2582; ion correlated with 3907; ion correlated with 3941; ion correlated with 5039; ion correlated with 2347; ion correlated with 4118; ion correlated with 3777; ion correlated with 3979; ion correlated with 3997; found in higher mz's MsMs_3323; found in higher mz's MsMs_1751; found in higher mz's MsMs_3520; found in higher mz's MsMs_3703; found in higher mz's MsMs_2674; found in higher mz's MsMs_5004; found in higher mz's MsMs_2381; found in higher mz's MsMs_2950; found in higher mz's MsMs_3851",0.107,FALSE,"null","null","null","null","null","null",999,FALSE,FALSE,FALSE,"null","null","null","null","null",36.08,1949,1902,1881,0,3319,0,3780,0,3297,0,3762,2123,1664,339719,234352,311245,0,1959,4160,2532,850,0,4020,2993,1517,1973,1578,1966,"F1140_mz159.117_rt2.08",1910.66666666667,339719,177.708805579773,TRUE,19,2,1,"Fungal out-associated detection","RT >= 1 min","No MS/MS assignment","Unknown"
1151,0.494,160.06065,"Unknown","[M+H]+","similar chromatogram in higher mz_4391; similar chromatogram in higher mz_4025",0.214,FALSE,"null","null","null","null","null","null",999,FALSE,FALSE,FALSE,"null","null","null","null","null",81.6,0,10379,9529,0,299836,233620,224124,0,55890,0,80824,154882,130900,0,14353,0,0,33166,0,55258,73615,46002,0,0,0,215789,222312,279987,"F1151_mz160.0607_rt0.49",6636,299836,45.1765858068404,TRUE,15,3,1,"Fungal out-associated detection","Very early RT","No MS/MS assignment","Unknown"
1191,2.077,163.11201,"Unknown","[M+H]+","ion correlated with 2751; ion correlated with 395; ion correlated with 378; ion correlated with 742; ion correlated with 957; ion correlated with 1018; ion correlated with 1497; ion correlated with 1629; ion correlated with 1658; ion correlated with 2022; ion correlated with 797; ion correlated with 1838; ion correlated with 2911; ion correlated with 628; ion correlated with 995; ion correlated with 1351; ion correlated with 1570; ion correlated with 1694; ion correlated with 1719; ion correlated with 1894; ion correlated with 2137; ion correlated with 2318; ion correlated with 2447; ion correlated with 2950; ion correlated with 4946; ion correlated with 596; ion correlated with 2158; ion correlated with 4919; ion correlated with 532; ion correlated with 2500; ion correlated with 3522; ion correlated with 2562; ion correlated with 2394; ion correlated with 56; ion correlated with 1140; ion correlated with 1167; ion correlated with 1258; ion correlated with 1468; ion correlated with 2582; ion correlated with 3907; ion correlated with 3941; ion correlated with 5039; ion correlated with 2347; ion correlated with 4118; ion correlated with 3777; ion correlated with 3997; ion correlated with 5027; found in higher mz's MsMs_5004; found in higher mz's MsMs_3851",0.107,FALSE,"null","null","null","null","null","null",999,FALSE,FALSE,FALSE,"null","null","null","null","null",14.59,0,0,0,0,0,0,1469,0,1757,3557,1788,0,0,289668,183885,224679,0,0,0,0,0,0,2126,0,1788,0,1526,2066,"F1191_mz163.112_rt2.08",0,289668,289669,TRUE,11,0,2,"Fungal control-associated detection","RT >= 1 min","No MS/MS assignment","Unknown"
1203,0.546,164.07396,"Unknown","[M+H]+","ion correlated with 1620; ion correlated with 1506",0.107,FALSE,"null","null","null","null","null","null",999,FALSE,FALSE,FALSE,"null","null","null","null","null",185.33,6800,6781,8342,0,0,6434,6816,43248,0,0,39143,0,0,1214424,783923,2002221,0,0,28305,0,71674,101829,0,0,113489,7986,3135,11931,"F1203_mz164.074_rt0.55",7307.66666666667,2002221,273.951746784639,TRUE,14,2,1,"Fungal out-associated detection","Early RT","No MS/MS assignment","Unknown"
1204,0.417,164.07411,"Unknown","[M+H]+",NA,0.214,TRUE,"null","null","null","null","null","null",999,FALSE,FALSE,FALSE,"null","null","null","null","null",563.03,17600,7305,6732,0,6571,3755,0,25875,30550,16392,0,10709,23417,5048842,5426892,8336904,6724,5930,0,0,0,0,1239978,1823332,2040844,0,63516,6209,"F1204_mz164.0741_rt0.42",10545.6666666667,8336904,790.477718078382,TRUE,17,0,3,"Fungal control-associated detection","Very early RT","MS/MS available","Unknown"
1216,0.528,165.05487,"Unknown","[M+H]+","ion correlated with 4682",0.179,FALSE,"null","null","null","null","null","null",999,FALSE,FALSE,FALSE,"null","null","null","null","null",185.48,20732,6007,9553,0,3038,8470,4552,42097,0,1855440,0,0,0,124031,96729,130311,756774,1088740,768076,520868,0,0,0,0,0,5760,7633,6084,"F1216_mz165.0549_rt0.53",12097.3333333333,1855440,153.363355834137,TRUE,15,1,2,"Fungal control-associated detection","Early RT","No MS/MS assignment","Unknown"
1229,9.704,166.06462,"Unknown","[M+H]+",NA,0.036,FALSE,"null","null","null","null","null","null",999,FALSE,FALSE,FALSE,"null","null","null","null","null",18.38,12952,0,23394,0,0,46290,0,9766,20399,0,115163,17248,26409,27677,13415,20152,0,58650,41181,59160,0,0,0,0,8829,0,0,67328,"F1229_mz166.0646_rt9.7",12115.3333333333,115163,9.50485570442103,TRUE,14,1,2,"Fungal control-associated detection","RT >= 1 min","No MS/MS assignment","Unknown"
1240,0.768,166.99548,"Unknown","[M+H]+",NA,0.036,FALSE,"null","null","null","null","null","null",999,FALSE,FALSE,FALSE,"null","null","null","null","null",2.34,5163,0,0,0,0,1867,0,0,17051,0,47895,76106,27073,73095,98962,75346,103809,86701,110664,76030,33082,15702,132441,52979,157558,0,0,2683,"F1240_mz166.9955_rt0.77",1721,157558,91.4976771196283,TRUE,18,3,1,"Fungal out-associated detection","Early RT","No MS/MS assignment","Unknown"
1262,0.647,167.48679,"Unknown","[M+H]+",NA,0.179,FALSE,"null","null","null","null","null","null",999,FALSE,FALSE,FALSE,"null","null","null","null","null",1446.28,0,0,0,0,0,0,0,0,0,40868,60014,21288,95733,0,36632,39832,149479,88019,103842,59153,64746,48288,146953,195032,142267,0,0,0,"F1262_mz167.4868_rt0.65",0,195032,195033,TRUE,15,3,1,"Fungal out-associated detection","Early RT","No MS/MS assignment","Unknown"
1353,0.394,173.92946,"Unknown","[M+H]+","ion correlated with 380; ion correlated with 4537; ion correlated with 528; ion correlated with 494; ion correlated with 1695",0.214,FALSE,"null","null","null","null","null","null",999,FALSE,FALSE,FALSE,"null","null","null","null","null",175.32,0,0,0,0,211579,100186,148268,8534,24963,0,0,8272,0,0,0,0,0,0,0,0,0,6984,13612,20417,18276,297029,342498,197725,"F1353_mz173.9295_rt0.39",0,342498,342499,TRUE,13,1,2,"Fungal control-associated detection","Very early RT","No MS/MS assignment","Unknown"
1383,0.464,176.01099,"Unknown","[M+H]+",NA,0.107,TRUE,"null","null","null","null","null","null",999,FALSE,FALSE,FALSE,"null","null","null","null","null",335.6,31386,51286,81313,0,6133,0,0,46747,8614,8630,393175,583861,652749,2854229,3690618,755783,654634,10086,613090,437172,0,0,143307,842810,192493,0,0,0,"F1383_mz176.011_rt0.46",54661.6666666667,3690618,67.5162633851257,TRUE,17,1,3,"Fungal control-associated detection","Very early RT","MS/MS available","Unknown"
1391,0.971,176.11876,"Unknown","[M+H]+",NA,0.036,FALSE,"null","null","null","null","null","null",999,FALSE,FALSE,FALSE,"null","null","null","null","null",88.33,0,0,0,0,2739,1782,0,19127,0,0,52769,86150,106964,72270,60164,72586,0,0,0,11179,17809,0,7883,0,0,0,0,0,"F1391_mz176.1188_rt0.97",0,106964,106965,TRUE,12,2,1,"Fungal out-associated detection","Early RT","No MS/MS assignment","Unknown"
1406,0.462,177.07613,"Unknown","[M+H]+",NA,0.143,FALSE,"null","null","null","null","null","null",999,FALSE,FALSE,FALSE,"null","null","null","null","null",75.3,6927,12863,11222,0,10395,6344,4137,32702,42970,0,0,0,0,561178,465361,541612,0,0,369806,0,0,0,141679,87426,130800,6240,9627,0,"F1406_mz177.0761_rt0.46",10337.3333333333,561178,54.2813799774303,TRUE,14,0,2,"Fungal control-associated detection","Very early RT","No MS/MS assignment","Unknown"
1458,1.004,181.08617,"Unknown","[M+H]+","ion correlated with 3171; ion correlated with 1714; ion correlated with 3311; ion correlated with 1088; ion correlated with 4165; ion correlated with 4759; ion correlated with 2865; ion correlated with 1837",0.143,TRUE,"null","null","null","null","null","null",999,FALSE,FALSE,FALSE,"null","null","null","null","null",38.56,25186,11149,12941,0,11061,10566,12023,0,0,0,7540,16431,24473,2347392,1044373,795391,0,4030,21694,0,10342,10546,150532,16710,36610,22884,16347,14575,"F1458_mz181.0862_rt1",16425.3333333333,2347392,142.904259420849,TRUE,19,2,0,"Fungal out-associated detection","RT >= 1 min","MS/MS available","Unknown"
1473,0.399,181.98851,"Unknown","[M+H]+","ion correlated with 470; ion correlated with 275; ion correlated with 2692",0.25,FALSE,"null","null","null","null","null","null",999,FALSE,FALSE,FALSE,"null","null","null","null","null",180.19,157027,0,0,0,71158,70354,59291,6900,5954,9317,0,0,0,2469738,1778780,1647772,0,0,0,0,0,0,965056,727710,768517,94724,122735,41151,"F1473_mz181.9885_rt0.4",52342.3333333333,2469738,47.1834490224798,TRUE,15,0,3,"Fungal control-associated detection","Very early RT","No MS/MS assignment","Unknown"
1495,0.947,183.06548,"Unknown","[M+H]+","ion correlated with 1017; ion correlated with 3170; ion correlated with 1429; ion correlated with 4088; ion correlated with 4123; ion correlated with 3955; ion correlated with 1458; ion correlated with 792",0.071,FALSE,"null","null","null","null","null","null",999,FALSE,FALSE,FALSE,"null","null","null","null","null",38.67,15098,5873,6464,0,6842,6707,10744,0,14968,0,13288,40066,32602,380393,216346,127540,0,0,8341,12131,11142,14592,26283,12677,0,7628,8488,3340,"F1495_mz183.0655_rt0.95",9145,380393,41.591296741745,TRUE,19,3,1,"Fungal out-associated detection","Early RT","No MS/MS assignment","Unknown"
1512,0.447,184.96994,"Unknown","[M+H]+",NA,0.143,FALSE,"null","null","null","null","null","null",999,FALSE,FALSE,FALSE,"null","null","null","null","null",16.94,7107,6228,2323,0,191187,236822,191742,0,26823,39866,26128,10192,10614,148564,153632,100949,10036,0,0,0,19003,0,11024,0,10805,128665,100022,202042,"F1512_mz184.9699_rt0.45",5219.33333333333,236822,45.3654939020497,TRUE,18,1,2,"Fungal control-associated detection","Very early RT","No MS/MS assignment","Unknown"
1527,0.917,186.11282,"Unknown","[M+H]+",NA,0.036,FALSE,"null","null","null","null","null","null",999,FALSE,FALSE,FALSE,"null","null","null","null","null",23.12,22337,6748,10324,0,9603,3152,8278,0,61293,37252,51401,97920,90009,133920,68761,56801,0,0,0,0,0,60285,42591,15923,71427,7188,10218,4118,"F1527_mz186.1128_rt0.92",13136.3333333333,133920,10.1939257079062,TRUE,18,1,2,"Fungal control-associated detection","Early RT","No MS/MS assignment","Unknown"
1570,2.077,189.12766,"Unknown","[M+H]+","ion correlated with 2751; ion correlated with 378; ion correlated with 742; ion correlated with 957; ion correlated with 1018; ion correlated with 1629; ion correlated with 1658; ion correlated with 2022; ion correlated with 2911; ion correlated with 420; ion correlated with 628; ion correlated with 995; ion correlated with 1351; ion correlated with 1694; ion correlated with 1719; ion correlated with 1894; ion correlated with 2318; ion correlated with 2447; ion correlated with 2950; ion correlated with 4946; ion correlated with 596; ion correlated with 1191; ion correlated with 2158; ion correlated with 2500; ion correlated with 2394; ion correlated with 56; ion correlated with 1140; ion correlated with 1167; ion correlated with 1258; ion correlated with 1468; ion correlated with 2582; ion correlated with 3907; ion correlated with 3941; ion correlated with 5039; ion correlated with 2347; ion correlated with 4118; ion correlated with 3777; ion correlated with 3979; ion correlated with 3997",0.107,FALSE,"null","null","null","null","null","null",999,FALSE,FALSE,FALSE,"null","null","null","null","null",47.22,0,0,0,0,0,0,1644,2617,0,2054,0,0,0,432437,274285,345792,0,0,0,0,0,0,0,0,0,0,0,0,"F1570_mz189.1277_rt2.08",0,432437,432438,TRUE,6,0,2,"Fungal control-associated detection","RT >= 1 min","No MS/MS assignment","Unknown"
1585,0.934,190.1441,"Unknown","[M+H]+","similar chromatogram in higher mz_3580; similar chromatogram in higher mz_3753",0.107,FALSE,"null","null","null","null","null","null",999,FALSE,FALSE,FALSE,"null","null","null","null","null",63.28,10053,4057,4083,0,3579,4287,0,0,12912,11930,44610,113755,127354,296054,140539,189411,0,0,16184,0,0,0,20936,0,31585,3491,7457,4139,"F1585_mz190.1441_rt0.93",6064.33333333333,296054,48.8110024181139,TRUE,16,0,2,"Fungal control-associated detection","Early RT","No MS/MS assignment","Unknown"
1589,0.44,191.03917,"Unknown","[M+H]+",NA,0.036,FALSE,"null","null","null","null","null","null",999,FALSE,FALSE,FALSE,"null","null","null","null","null",13.19,0,0,0,0,0,0,0,44083,45101,55549,94523,124013,102422,111119,54023,15043,43000,33792,69398,0,0,58431,126727,144812,149782,3128,0,0,"F1589_mz191.0392_rt0.44",0,149782,149783,TRUE,17,1,3,"Fungal control-associated detection","Very early RT","No MS/MS assignment","Unknown"
1619,0.693,193.07088,"Unknown","[M+H]+","ion correlated with 697; ion correlated with 695; ion correlated with 2232",0.036,TRUE,"null","null","null","null","null","null",999,FALSE,FALSE,FALSE,"null","null","null","null","null",40.91,4559,2419,2586,0,0,2897,0,0,37722,26095,0,0,0,2175730,1693927,2994488,0,0,0,0,0,0,51185,0,62724,0,0,0,"F1619_mz193.0709_rt0.69",3188,2994488,939.005644402634,TRUE,8,0,2,"Fungal control-associated detection","Early RT","MS/MS available","Unknown"
1629,2.074,193.12267,"Unknown","[M+H]+","ion correlated with 378; ion correlated with 742; ion correlated with 957; ion correlated with 1018; ion correlated with 1658; ion correlated with 420; ion correlated with 628; ion correlated with 995; ion correlated with 1570; ion correlated with 1694; ion correlated with 1719; ion correlated with 2318; ion correlated with 2447; ion correlated with 2950; ion correlated with 4946; ion correlated with 596; ion correlated with 2394; ion correlated with 56; ion correlated with 1140; ion correlated with 1468; ion correlated with 2582; ion correlated with 3907; ion correlated with 3941; ion correlated with 5004; ion correlated with 5039; ion correlated with 4118; ion correlated with 3777; ion correlated with 3979; similar chromatogram in higher mz_3979",0.107,FALSE,"null","null","null","null","null","null",999,FALSE,FALSE,FALSE,"null","null","null","null","null",10.38,0,3207,3212,0,3140,375,5378,0,1970,2115,2276,0,0,621203,359303,449424,1940,4216,1679,0,0,0,5670,4267,0,3159,1789,0,"F1629_mz193.1227_rt2.07",2139.66666666667,621203,290.191840548116,TRUE,16,0,2,"Fungal control-associated detection","RT >= 1 min","No MS/MS assignment","Unknown"
1654,0.992,195.06549,"Unknown","[M+H]+","ion correlated with 1904; ion correlated with 1114; ion correlated with 3191; ion correlated with 1405; ion correlated with 3171; ion correlated with 2793; ion correlated with 3608; ion correlated with 1217; ion correlated with 4207; ion correlated with 3309; ion correlated with 4658",0.107,TRUE,"null","null","null","null","null","null",999,FALSE,FALSE,FALSE,"null","null","null","null","null",104.54,5579,11603,2159,0,13915,9498,8548,10904,18470,0,18155,33177,20654,2052274,1354849,1790492,10300,0,7289,0,0,23043,0,0,0,15569,9520,10824,"F1654_mz195.0655_rt0.99",6447,2052274,318.280862282878,TRUE,17,1,2,"Fungal control-associated detection","Early RT","MS/MS available","Unknown"
1658,2.074,195.10199,"Unknown","[M+H]+","ion correlated with 2751; ion correlated with 378; ion correlated with 742; ion correlated with 957; ion correlated with 1018; ion correlated with 1629; ion correlated with 420; ion correlated with 628; ion correlated with 995; ion correlated with 1570; ion correlated with 1694; ion correlated with 1719; ion correlated with 2318; ion correlated with 2447; ion correlated with 2950; ion correlated with 4946; ion correlated with 596; ion correlated with 1191; ion correlated with 2158; ion correlated with 2394; ion correlated with 56; ion correlated with 1140; ion correlated with 1258; ion correlated with 1468; ion correlated with 2582; ion correlated with 3907; ion correlated with 3941; ion correlated with 5039; ion correlated with 2347; ion correlated with 4118; ion correlated with 3777; ion correlated with 3979; ion correlated with 3997",0.107,FALSE,"null","null","null","null","null","null",999,FALSE,FALSE,FALSE,"null","null","null","null","null",22.67,4717,3195,0,0,0,1927,0,2554,3022,0,2322,0,2100,477733,314005,352370,2236,0,2963,0,0,2481,3377,5533,2272,1778,0,3539,"F1658_mz195.102_rt2.07",2637.33333333333,477733,181.07416298168,TRUE,16,1,2,"Fungal control-associated detection","RT >= 1 min","No MS/MS assignment","Unknown"
1687,1.012,197.0811,"Unknown","[M+H]+","ion correlated with 4687; similar chromatogram in higher mz_2036",0.107,TRUE,"null","null","null","null","null","null",999,FALSE,FALSE,FALSE,"null","null","null","null","null",112.9,31453,22829,17740,0,20088,18838,19650,11237,0,0,5033,40134,32385,790496,387839,1748402,10501,6905,2722,18860,0,12321,23337,3952,24348,20362,18384,20968,"F1687_mz197.0811_rt1.01",24007.3333333333,1748402,72.8248385977091,TRUE,21,2,1,"Fungal out-associated detection","RT >= 1 min","MS/MS available","Unknown"
1693,3.544,197.13268,"Unknown","[M+H]+","ion correlated with 1041; ion correlated with 2014; ion correlated with 2157; ion correlated with 376; ion correlated with 741; ion correlated with 1141; ion correlated with 1166; ion correlated with 1521; ion correlated with 1546; ion correlated with 1893; ion correlated with 1991; ion correlated with 2293; ion correlated with 2563; ion correlated with 3959; ion correlated with 956; ion correlated with 4251; ion correlated with 397; ion correlated with 597; ion correlated with 1019; ion correlated with 1349; ion correlated with 1752; ion correlated with 2317; ion correlated with 3098; ion correlated with 3118; ion correlated with 3906; ion correlated with 5038; ion correlated with 5047; ion correlated with 4092; ion correlated with 4188; ion correlated with 3942; ion correlated with 4987; ion correlated with 3963; found in higher mz's MsMs_3318; found in higher mz's MsMs_2474; found in higher mz's MsMs_2448; found in higher mz's MsMs_3083; found in higher mz's MsMs_3504",0.036,FALSE,"null","null","null","null","null","null",999,FALSE,FALSE,FALSE,"null","null","null","null","null",12.33,1597,1762,0,0,0,0,0,2459,0,2180,0,1810,3326,67265,62879,113048,2720,0,0,0,1766,0,0,0,1714,0,0,1850,"F1693_mz197.1327_rt3.54",1119.66666666667,113048,100.876561570494,TRUE,11,1,2,"Fungal control-associated detection","RT >= 1 min","No MS/MS assignment","Unknown"
1730,0.908,200.12842,"Unknown","[M+H]+","ion correlated with 842; ion correlated with 1363; ion correlated with 521; ion correlated with 4880; ion correlated with 278; ion correlated with 1904; ion correlated with 1114; ion correlated with 3191",0.179,TRUE,"null","null","null","null","null","null",999,FALSE,FALSE,FALSE,"null","null","null","null","null",128.33,6659,3620,2144,0,4194,6300,2196,0,32185,0,9846,7669,17257,1132527,977761,1214735,0,0,0,18244,16117,37957,61961,205614,272549,3937,7415,3355,"F1730_mz200.1284_rt0.91",4141,1214735,293.272815065186,TRUE,19,3,1,"Fungal out-associated detection","Early RT","MS/MS available","Unknown"
1816,3.929,205.1953,"Unknown","[M+H]+",NA,0.036,FALSE,"null","null","null","null","null","null",999,FALSE,FALSE,FALSE,"null","null","null","null","null",5.24,0,0,0,0,0,0,0,0,0,0,91439,15489,12889,122618,73543,75480,10121,610,5128,3251,2336,2511,17720,10414,3975,0,0,0,"F1816_mz205.1953_rt3.93",0,122618,122619,TRUE,15,3,0,"Fungal out-associated detection","RT >= 1 min","No MS/MS assignment","Unknown"
1821,0.991,206.04535,"Unknown","[M+H]+","found in higher mz's MsMs_3243",0.071,FALSE,"null","null","null","null","null","null",999,FALSE,FALSE,FALSE,"null","null","null","null","null",49.07,0,0,0,0,0,0,0,62229,14710,9852,80644,170871,195621,216444,234286,223381,6478,0,0,0,0,0,0,35299,13357,0,0,0,"F1821_mz206.0454_rt0.99",0,234286,234287,TRUE,12,0,3,"Fungal control-associated detection","Early RT","No MS/MS assignment","Unknown"
1822,0.457,206.07124,"Unknown","[M+2H]2+","ion correlated with 3384; ion correlated with 1860; ion correlated with 2989; ion correlated with 2200; ion correlated with 2220; ion correlated with 1711; ion correlated with 245; ion correlated with 851; ion correlated with 2266; ion correlated with 1323; ion correlated with 3203; ion correlated with 2575; ion correlated with 2488; ion correlated with 2556",0.107,FALSE,"null","null","null","null","null","null",999,FALSE,FALSE,FALSE,"null","null","null","null","null",341.5,0,8848,10138,0,15289,13124,13107,68718,0,0,128114,47898,0,1451352,1298264,1518563,0,0,0,49819,0,36422,67626,15534,16402,13349,6126,6668,"F1822_mz206.0712_rt0.46",6328.66666666667,1518563,239.912159671389,TRUE,17,2,1,"Fungal out-associated detection","Very early RT","No MS/MS assignment","Unknown"
1833,5.743,207.10181,"Unknown","[M+H]+","ion correlated with 3933; ion correlated with 4561; ion correlated with 4383; ion correlated with 4475; ion correlated with 4295; ion correlated with 4377",0.071,FALSE,"null","null","null","null","null","null",999,FALSE,FALSE,FALSE,"null","null","null","null","null",21.43,0,0,0,0,1327,0,0,0,1408,2014,0,0,0,198886,51893,167548,0,0,0,0,0,0,45038,10706,13318,0,0,0,"F1833_mz207.1018_rt5.74",0,198886,198887,TRUE,9,0,2,"Fungal control-associated detection","RT >= 1 min","No MS/MS assignment","Unknown"
1893,3.544,211.14825,"Unknown","[M+H]+","ion correlated with 1041; ion correlated with 779; ion correlated with 2014; ion correlated with 2157; ion correlated with 3115; ion correlated with 3702; ion correlated with 376; ion correlated with 741; ion correlated with 1141; ion correlated with 1166; ion correlated with 1379; ion correlated with 1521; ion correlated with 1546; ion correlated with 1693; ion correlated with 1991; ion correlated with 2293; ion correlated with 2563; ion correlated with 3959; ion correlated with 3318; ion correlated with 3338; ion correlated with 956; ion correlated with 397; ion correlated with 597; ion correlated with 625; ion correlated with 1019; ion correlated with 1190; ion correlated with 1257; ion correlated with 1349; ion correlated with 1630; ion correlated with 1752; ion correlated with 2317; ion correlated with 2448; ion correlated with 2474; ion correlated with 2676; ion correlated with 2746; ion correlated with 2954; ion correlated with 3083; ion correlated with 3098; ion correlated with 3118; ion correlated with 3504; ion correlated with 3745; ion correlated with 5005; ion correlated with 5013; ion correlated with 5038; ion correlated with 5047; ion correlated with 4092; ion correlated with 3515; ion correlated with 4188; ion correlated with 3942; ion correlated with 4987; found in higher mz's MsMs_2474; found in higher mz's MsMs_3083; found in higher mz's MsMs_3504",0.036,FALSE,"null","null","null","null","null","null",999,FALSE,FALSE,FALSE,"null","null","null","null","null",33.74,0,0,1328,0,0,0,0,2678,2639,2064,4255,2726,1574,78041,80001,195171,0,0,0,0,0,1809,0,0,0,0,0,0,"F1893_mz211.1482_rt3.54",442.666666666667,195171,439.906836964688,TRUE,10,1,3,"Fungal control-associated detection","RT >= 1 min","No MS/MS assignment","Unknown"
1901,0.477,212.11314,"Unknown","[M+H]+","ion correlated with 1657; ion correlated with 1621; ion correlated with 1879; ion correlated with 1942",0.321,TRUE,"null","null","null","null","null","null",999,FALSE,FALSE,FALSE,"null","null","null","null","null",705.28,0,1127,0,0,4253,0,0,176822,0,0,92405,0,0,8000460,6044048,6230238,537982,322084,231974,239299,55955,205470,2916016,1768114,1648233,9247,6443,0,"F1901_mz212.1131_rt0.48",375.666666666667,8000460,21240.1619469027,TRUE,17,3,1,"Fungal out-associated detection","Very early RT","MS/MS available","Unknown"
1910,0.966,213.07605,"Unknown","[M+H]+","similar chromatogram in higher mz_4414; found in higher mz's MsMs_4414",0.107,FALSE,"null","null","null","null","null","null",999,FALSE,FALSE,FALSE,"null","null","null","null","null",54.87,0,10254,5922,0,7077,8290,8098,15935,0,0,9770,14845,8954,238722,148619,459426,248254,242554,214916,120307,30935,24828,0,1989,9623,7509,10430,5016,"F1910_mz213.0761_rt0.97",5392,459426,85.1895049137771,TRUE,21,3,1,"Fungal out-associated detection","Early RT","No MS/MS assignment","Unknown"
1926,0.463,214.05939,"Unknown","[M+H]+","ion correlated with 3508; ion correlated with 1822; ion correlated with 694; ion correlated with 2556",0.143,FALSE,"null","null","null","null","null","null",999,FALSE,FALSE,FALSE,"null","null","null","null","null",95.11,0,2607,1936,0,13475,10018,8472,34558,41163,0,27372,0,0,590859,799342,830826,0,0,0,0,137999,0,29592,132898,12484,8448,13571,12974,"F1926_mz214.0594_rt0.46",1514.33333333333,830826,548.280026396832,TRUE,16,1,2,"Fungal control-associated detection","Very early RT","No MS/MS assignment","Unknown"
2021,1.207,219.17487,"Unknown","[M+H]+","ion correlated with 2799; ion correlated with 2619; ion correlated with 2102; ion correlated with 1003; ion correlated with 1754; ion correlated with 1272; ion correlated with 1996; similar chromatogram in higher mz_4583",0.071,FALSE,"null","null","null","null","null","null",999,FALSE,FALSE,FALSE,"null","null","null","null","null",96.12,0,0,1736,0,2034,1494,0,2381,5408,0,202140,480596,487272,54788,5366,10225,0,3208,0,0,0,4884,0,0,0,0,2929,1913,"F2021_mz219.1749_rt1.21",578.666666666667,487272,840.608970672801,TRUE,14,1,2,"Fungal control-associated detection","RT >= 1 min","No MS/MS assignment","Unknown"
2057,0.438,222.98842,"Unknown","[M+H]+","ion correlated with 2461",0.214,FALSE,"null","null","null","null","null","null",999,FALSE,FALSE,FALSE,"null","null","null","null","null",149.3,0,0,0,0,17523,15200,0,37796,0,30113,15810,12129,0,2264752,706166,1170810,0,0,0,0,28905,0,256362,355796,537055,52607,0,68221,"F2057_mz222.9884_rt0.44",0,2264752,2264753,TRUE,15,1,2,"Fungal control-associated detection","Very early RT","No MS/MS assignment","Unknown"
2075,0.845,223.94382,"Unknown","[M+H]+",NA,0.036,FALSE,"null","null","null","null","null","null",999,FALSE,FALSE,FALSE,"null","null","null","null","null",38.45,5552,0,0,0,0,0,0,0,0,0,9454,35398,9030,89357,77202,30294,125517,90201,91136,43731,24158,0,342817,224081,222040,0,0,0,"F2075_mz223.9438_rt0.84",1850.66666666667,342817,185.140234023402,TRUE,14,2,0,"Fungal out-associated detection","Early RT","No MS/MS assignment","Unknown"
2076,0.679,223.944,"Unknown","[M+H]+","ion correlated with 2921",0.071,FALSE,"null","null","null","null","null","null",999,FALSE,FALSE,FALSE,"null","null","null","null","null",26.92,11769,0,0,0,0,2322,0,0,0,0,0,33836,45554,0,32871,28172,119054,120688,108947,87998,27338,58498,257409,285210,237661,0,0,0,"F2076_mz223.944_rt0.68",3923,285210,72.6837410805301,TRUE,14,3,0,"Fungal out-associated detection","Early RT","No MS/MS assignment","Unknown"
2094,1.068,225.14903,"Unknown","[M+H]+","ion correlated with 3937; ion correlated with 4207; ion correlated with 3309; ion correlated with 4550; ion correlated with 4658; ion correlated with 4759; ion correlated with 4694; ion correlated with 4152; ion correlated with 4052; ion correlated with 1020; ion correlated with 1837; ion correlated with 4035; ion correlated with 2128; ion correlated with 799; ion correlated with 4338; ion correlated with 4486; ion correlated with 2012; ion correlated with 3463; ion correlated with 1764; ion correlated with 3971",0.107,FALSE,"null","null","null","null","null","null",999,FALSE,FALSE,FALSE,"null","null","null","null","null",94.61,5121,8172,12416,0,2310,7318,4701,4838,0,11983,11857,10392,6030,682164,305509,538341,1727,0,4960,0,0,8398,15953,5094,40822,7024,13985,7787,"F2094_mz225.149_rt1.07",8569.66666666667,682164,79.5929915992533,TRUE,20,1,2,"Fungal control-associated detection","RT >= 1 min","No MS/MS assignment","Unknown"
2111,0.523,227.00693,"Unknown","[M+H]+",NA,0.179,FALSE,"null","null","null","null","null","null",999,FALSE,FALSE,FALSE,"null","null","null","null","null",29.2,0,0,0,0,0,0,0,0,50232,0,54805,114882,63815,268809,367755,268483,103588,70369,58820,52481,44285,0,343864,377651,437349,0,0,0,"F2111_mz227.0069_rt0.52",0,437349,437350,TRUE,15,2,1,"Fungal out-associated detection","Early RT","No MS/MS assignment","Unknown"
2128,1.073,227.16451,"Unknown","[M+H]+","ion correlated with 3937; ion correlated with 4037; ion correlated with 4247; ion correlated with 4207; ion correlated with 3309; ion correlated with 4550; ion correlated with 4658; ion correlated with 4668; ion correlated with 4694; ion correlated with 4152; ion correlated with 4052; ion correlated with 1020; ion correlated with 3741; ion correlated with 4035; ion correlated with 2094; ion correlated with 4486; ion correlated with 3491; ion correlated with 1040; ion correlated with 3638; ion correlated with 4167; ion correlated with 4019; ion correlated with 1747; ion correlated with 1764; ion correlated with 3971; ion correlated with 4724; ion correlated with 3194; ion correlated with 4640; ion correlated with 4223; similar chromatogram in higher mz_3699",0.071,FALSE,"null","null","null","null","null","null",999,FALSE,FALSE,FALSE,"null","null","null","null","null",56.27,18861,3242,4135,0,2427,6720,7338,0,0,0,1453,0,5022,476344,291494,441971,6366,2330,0,0,2404,3969,0,3076,13794,0,3748,7278,"F2128_mz227.1645_rt1.07",8746,476344,54.4580999199726,TRUE,16,2,0,"Fungal out-associated detection","RT >= 1 min","No MS/MS assignment","Unknown"
2137,2.077,228.11488,"Unknown","[M+H]+","ion correlated with 2751; ion correlated with 2502; ion correlated with 395; ion correlated with 378; ion correlated with 742; ion correlated with 957; ion correlated with 1497; ion correlated with 1658; ion correlated with 2022; ion correlated with 797; ion correlated with 1838; ion correlated with 2911; ion correlated with 1351; ion correlated with 1570; ion correlated with 1694; ion correlated with 1719; ion correlated with 1894; ion correlated with 596; ion correlated with 1191; ion correlated with 2158; ion correlated with 532; ion correlated with 2500; ion correlated with 3522; ion correlated with 3926; ion correlated with 4888; ion correlated with 2562; ion correlated with 2394; ion correlated with 56; ion correlated with 1140; ion correlated with 1167; ion correlated with 1258; ion correlated with 1468; ion correlated with 2582; ion correlated with 2347; ion correlated with 3777; ion correlated with 3997",0.107,FALSE,"null","null","null","null","null","null",999,FALSE,FALSE,FALSE,"null","null","null","null","null",23.88,0,0,0,0,1705,0,0,48327,0,1125,2086,0,0,202471,155925,227824,0,0,0,0,0,2114,3989,0,0,0,0,0,"F2137_mz228.1149_rt2.08",0,227824,227825,TRUE,9,1,2,"Fungal control-associated detection","RT >= 1 min","No MS/MS assignment","Unknown"
2158,2.077,229.15904,"Unknown","[M+H]+","ion correlated with 2751; ion correlated with 395; ion correlated with 378; ion correlated with 742; ion correlated with 957; ion correlated with 1497; ion correlated with 1629; ion correlated with 1658; ion correlated with 2022; ion correlated with 797; ion correlated with 1838; ion correlated with 2911; ion correlated with 628; ion correlated with 1351; ion correlated with 1570; ion correlated with 1694; ion correlated with 1719; ion correlated with 1894; ion correlated with 2137; ion correlated with 2318; ion correlated with 2447; ion correlated with 4946; ion correlated with 596; ion correlated with 1191; ion correlated with 4919; ion correlated with 2500; ion correlated with 3522; ion correlated with 2562; ion correlated with 2394; ion correlated with 56; ion correlated with 1140; ion correlated with 1167; ion correlated with 1258; ion correlated with 1468; ion correlated with 2582; ion correlated with 3941; ion correlated with 5039; ion correlated with 2347; ion correlated with 4118; ion correlated with 3777; ion correlated with 3979; ion correlated with 3997; ion correlated with 5027",0.107,FALSE,"null","null","null","null","null","null",999,FALSE,FALSE,FALSE,"null","null","null","null","null",22.57,2194,0,0,0,0,0,0,0,3521,4229,0,0,0,276626,209395,197771,0,2306,0,2009,0,0,0,0,0,0,0,1372,"F2158_mz229.159_rt2.08",731.333333333333,276626,377.733727810651,TRUE,8,1,2,"Fungal control-associated detection","RT >= 1 min","No MS/MS assignment","Unknown"
2174,0.734,230.99055,"Unknown","[M+H]+","ion correlated with 697; ion correlated with 1619; ion correlated with 2416; ion correlated with 1617; ion correlated with 847; ion correlated with 704; ion correlated with 522; ion correlated with 2081; ion correlated with 1574; ion correlated with 3475; ion correlated with 4612",0.036,FALSE,"null","null","null","null","null","null",999,FALSE,FALSE,FALSE,"null","null","null","null","null",394.43,9944,0,0,0,0,0,0,18391,38446,53851,0,0,0,881519,810358,1047417,0,0,0,0,0,55779,0,0,0,0,0,0,"F2174_mz230.9906_rt0.73",3314.66666666667,1047417,315.899668241681,TRUE,7,1,3,"Fungal control-associated detection","Early RT","No MS/MS assignment","Unknown"
2175,0.576,230.99063,"Unknown","[M+H]+","ion correlated with 1620; ion correlated with 1880; ion correlated with 1941",0.143,TRUE,"null","null","null","null","null","null",999,FALSE,FALSE,FALSE,"null","null","null","null","null",1098.24,3019,0,0,0,0,0,0,46947,0,134969,0,0,0,3010546,3764377,3210344,0,0,0,0,33876,0,0,0,29186,0,0,0,"F2175_mz230.9906_rt0.58",1006.33333333333,3764377,3736.97352746525,TRUE,7,1,2,"Fungal control-associated detection","Early RT","MS/MS available","Unknown"
2201,0.62,233.04239,"Unknown","[M+H]+","ion correlated with 1902; ion correlated with 1506; ion correlated with 1401",0.107,FALSE,"null","null","null","null","null","null",999,FALSE,FALSE,FALSE,"null","null","null","null","null",372.59,62754,12213,9521,0,0,0,0,172491,47390,82415,41470,0,0,1170888,473608,948879,0,0,0,0,0,0,109306,44105,182890,0,0,0,"F2201_mz233.0424_rt0.62",28162.6666666667,1170888,41.5744517167509,TRUE,10,0,3,"Fungal control-associated detection","Early RT","No MS/MS assignment","Unknown"
2211,2.463,233.19032,"Unknown","[M+H]+","similar chromatogram in higher mz_3761",0.036,FALSE,"null","null","null","null","null","null",999,FALSE,FALSE,FALSE,"null","null","null","null","null",37.58,0,0,0,0,0,0,0,0,2516,1842,1927,0,1596,221419,0,0,0,0,0,0,0,0,21770,0,0,0,0,1490,"F2211_mz233.1903_rt2.46",0,221419,221420,TRUE,7,0,2,"Fungal control-associated detection","RT >= 1 min","No MS/MS assignment","Unknown"
2249,0.845,237.99579,"Unknown","[M+H]+",NA,0.036,FALSE,"null","null","null","null","null","null",999,FALSE,FALSE,FALSE,"null","null","null","null","null",28.79,7085,0,0,0,0,0,0,0,0,0,0,12546,11481,26483,25845,0,56881,31868,89799,34276,28828,18912,147090,98032,122258,0,3826,0,"F2249_mz237.9958_rt0.84",2361.66666666667,147090,62.256348758465,TRUE,14,3,0,"Fungal out-associated detection","Early RT","No MS/MS assignment","Unknown"
2303,0.484,242.103,"Unknown","[M+H]+",NA,0.071,FALSE,"null","null","null","null","null","null",999,FALSE,FALSE,FALSE,"null","null","null","null","null",79.22,0,0,0,0,3044,0,0,173163,111016,0,74372,239705,216821,36138,0,0,0,0,0,0,0,56507,0,0,0,0,0,3155,"F2303_mz242.103_rt0.48",0,239705,239706,TRUE,9,1,2,"Fungal control-associated detection","Very early RT","No MS/MS assignment","Unknown"
2309,0.428,242.86566,"Unknown","[M+H]+","ion correlated with 1143",0.071,FALSE,"null","null","null","null","null","null",999,FALSE,FALSE,FALSE,"null","null","null","null","null",102.57,0,0,0,0,37242,17624,9233,8900,11476,0,16226,8526,13605,21659,18653,56080,0,0,0,0,0,10288,0,0,0,182376,222694,88649,"F2309_mz242.8657_rt0.43",0,222694,222695,TRUE,15,1,2,"Fungal control-associated detection","Very early RT","No MS/MS assignment","Unknown"
2357,0.679,246.13383,"Unknown","[M+H]+","ion correlated with 3059",0.036,FALSE,"null","null","null","null","null","null",999,FALSE,FALSE,FALSE,"null","null","null","null","null",47.22,0,4973,3749,0,0,0,0,222464,50983,33358,126074,230607,184198,34971,0,0,0,0,0,0,0,61291,0,0,0,0,0,3845,"F2357_mz246.1338_rt0.68",2907.33333333333,230607,79.2921489971347,TRUE,9,1,3,"Fungal control-associated detection","Early RT","No MS/MS assignment","Unknown"
2362,1.04,246.17073,"Unknown","[M+H]+",NA,0.036,FALSE,"null","null","null","null","null","null",999,FALSE,FALSE,FALSE,"null","null","null","null","null",61.62,6567,7490,5810,0,9016,15587,1962,0,0,0,220889,120939,87788,9639,0,0,88022,76457,63648,22573,8383,0,0,0,0,20568,15224,6536,"F2362_mz246.1707_rt1.04",6622.33333333333,220889,33.3502767991948,TRUE,15,2,0,"Fungal out-associated detection","RT >= 1 min","No MS/MS assignment","Unknown"
2405,0.399,249.93701,"Unknown","[M+H]+","ion correlated with 2461; ion correlated with 2186; ion correlated with 3029; ion correlated with 538; ion correlated with 2384; ion correlated with 3696; ion correlated with 4463; ion correlated with 4725; ion correlated with 2798; ion correlated with 2366",0.179,FALSE,"null","null","null","null","null","null",999,FALSE,FALSE,FALSE,"null","null","null","null","null",187.04,42386,3952,2949,0,0,630,0,4785,2811,0,19009,0,0,575646,350130,439345,0,0,0,0,0,8704,126079,83143,156556,17716,0,0,"F2405_mz249.937_rt0.4",16429,575646,35.0363359707851,TRUE,12,1,2,"Fungal control-associated detection","Very early RT","No MS/MS assignment","Unknown"
2446,0.747,253.15453,"Unknown","[M+H]+","ion correlated with 3449; ion correlated with 2402; ion correlated with 4568; ion correlated with 4075; ion correlated with 1781; ion correlated with 3387; ion correlated with 4256",0.071,FALSE,"null","null","null","null","null","null",999,FALSE,FALSE,FALSE,"null","null","null","null","null",15.69,0,2776,5278,0,0,0,0,20011,17473,0,0,13733,0,155106,69763,121885,0,0,0,0,0,0,0,0,0,3070,0,0,"F2446_mz253.1545_rt0.75",2684.66666666667,155106,57.7536303835174,TRUE,7,0,2,"Fungal control-associated detection","Early RT","No MS/MS assignment","Unknown"
2458,0.755,254.1619,"Unknown","[M+H]+",NA,0.036,FALSE,"null","null","null","null","null","null",999,FALSE,FALSE,FALSE,"null","null","null","null","null",80.62,12397,29126,33336,0,36836,32626,35758,4474,0,0,19006,0,0,0,26721,0,0,337830,152991,252175,38710,153492,0,30261,19050,39982,35154,35299,"F2458_mz254.1619_rt0.76",24953,337830,13.5381501963613,TRUE,16,3,1,"Fungal out-associated detection","Early RT","No MS/MS assignment","Unknown"
2465,0.481,255.09801,"Unknown","[M+H]+",NA,0.393,FALSE,"null","null","null","null","null","null",999,FALSE,FALSE,FALSE,"null","null","null","null","null",135.66,0,0,0,0,0,0,0,35748,0,0,1200644,1346024,1100823,538885,413698,425649,112370,110092,78357,57266,161446,88890,341186,411312,409807,0,0,0,"F2465_mz255.098_rt0.48",0,1346024,1346025,TRUE,16,3,1,"Fungal out-associated detection","Very early RT","No MS/MS assignment","Unknown"
2485,0.683,256.10291,"Unknown","[M+H]+",NA,0.071,FALSE,"null","null","null","null","null","null",999,FALSE,FALSE,FALSE,"null","null","null","null","null",103.17,0,0,0,0,0,0,0,30387,0,76001,92061,18302,0,292979,110152,152835,0,0,0,0,0,51071,0,0,0,0,0,0,"F2485_mz256.1029_rt0.68",0,292979,292980,TRUE,8,1,2,"Fungal control-associated detection","Early RT","No MS/MS assignment","Unknown"
2488,0.508,256.13947,"Unknown","[M+H]+","ion correlated with 2200; ion correlated with 2220; ion correlated with 851; ion correlated with 2266; ion correlated with 1942; ion correlated with 1323; ion correlated with 3203; ion correlated with 2771",0.107,FALSE,"null","null","null","null","null","null",999,FALSE,FALSE,FALSE,"null","null","null","null","null",593.7,0,0,0,0,0,0,0,71854,0,39873,0,47551,0,3122539,2511221,2647701,0,32794,0,0,0,55045,0,0,0,0,0,0,"F2488_mz256.1395_rt0.51",0,3122539,3122540,TRUE,8,1,2,"Fungal control-associated detection","Early RT","No MS/MS assignment","Unknown"
2500,2.079,257.15414,"Unknown","[M+H]+","ion correlated with 2502; ion correlated with 395; ion correlated with 378; ion correlated with 742; ion correlated with 957; ion correlated with 1018; ion correlated with 1497; ion correlated with 1629; ion correlated with 1658; ion correlated with 2022; ion correlated with 797; ion correlated with 1838; ion correlated with 2911; ion correlated with 628; ion correlated with 1351; ion correlated with 1570; ion correlated with 1694; ion correlated with 1719; ion correlated with 1894; ion correlated with 2137; ion correlated with 2318; ion correlated with 2447; ion correlated with 4946; ion correlated with 596; ion correlated with 1191; ion correlated with 2158; ion correlated with 4919; ion correlated with 532; ion correlated with 3522; ion correlated with 3926; ion correlated with 4888; ion correlated with 2562; ion correlated with 2394; ion correlated with 56; ion correlated with 1140; ion correlated with 1167; ion correlated with 1258; ion correlated with 1468; ion correlated with 2582; ion correlated with 3907; ion correlated with 3941; ion correlated with 5039; ion correlated with 2347; ion correlated with 3824; ion correlated with 4118; ion correlated with 3777; ion correlated with 3997; ion correlated with 5027; ion correlated with 3472",0.071,FALSE,"null","null","null","null","null","null",999,FALSE,FALSE,FALSE,"null","null","null","null","null",9.87,0,0,0,0,0,0,0,0,0,0,0,0,0,236205,154861,203152,0,0,0,2266,0,2269,0,1545,0,0,0,1559,"F2500_mz257.1541_rt2.08",0,236205,236206,TRUE,7,2,0,"Fungal out-associated detection","RT >= 1 min","No MS/MS assignment","Unknown"
2505,0.916,257.67599,"Unknown","[M+H]+",NA,0.036,FALSE,"null","null","null","null","null","null",999,FALSE,FALSE,FALSE,"null","null","null","null","null",2810.92,0,0,0,0,0,0,0,33049,140546,0,0,0,0,0,0,0,0,0,0,0,0,26665,0,16858,0,0,0,0,"F2505_mz257.676_rt0.92",0,140546,140547,TRUE,4,1,2,"Fungal control-associated detection","Early RT","No MS/MS assignment","Unknown"
2519,0.498,259.08124,"Unknown","[M+H]+",NA,0.071,FALSE,"null","null","null","null","null","null",999,FALSE,FALSE,FALSE,"null","null","null","null","null",163.21,0,3532,0,0,0,3560,0,164493,57846,0,129667,306156,301443,573555,697748,567751,0,0,0,0,78167,0,221679,188565,107314,0,0,0,"F2519_mz259.0812_rt0.5",1177.33333333333,697748,592.149080622348,TRUE,13,1,2,"Fungal control-associated detection","Very early RT","No MS/MS assignment","Unknown"
2553,0.927,261.07391,"Unknown","[M+H]+","ion correlated with 4069; ion correlated with 4514; ion correlated with 3268; ion correlated with 1686; ion correlated with 3389; ion correlated with 3170; ion correlated with 2663; ion correlated with 1393; ion correlated with 3430; ion correlated with 3860; ion correlated with 2902; ion correlated with 2413; ion correlated with 4002; ion correlated with 3955; ion correlated with 4029",0.036,FALSE,"null","null","null","null","null","null",999,FALSE,FALSE,FALSE,"null","null","null","null","null",86.2,31524,0,1270,0,0,0,0,0,13214,0,15146,11746,14710,389577,211336,277871,0,0,0,15430,17239,0,0,0,0,0,0,2376,"F2553_mz261.0739_rt0.93",10931.3333333333,389577,35.6353934811111,TRUE,10,2,1,"Fungal out-associated detection","Early RT","No MS/MS assignment","Unknown"
2561,1.717,261.14896,"Unknown","[M+H]+","ion correlated with 2119; ion correlated with 4982; ion correlated with 2951; ion correlated with 3353; ion correlated with 2677; ion correlated with 3109; ion correlated with 3814; ion correlated with 3259; ion correlated with 3612; ion correlated with 4145; ion correlated with 3001; ion correlated with 3760; similar chromatogram in higher mz_3001",0.107,FALSE,"null","null","null","null","null","null",999,FALSE,FALSE,FALSE,"null","null","null","null","null",23.09,0,0,0,0,0,0,2014,4308,2384,0,0,0,0,161633,103700,158175,0,0,0,0,0,2019,0,0,0,0,0,0,"F2561_mz261.149_rt1.72",0,161633,161634,TRUE,7,1,2,"Fungal control-associated detection","RT >= 1 min","No MS/MS assignment","Unknown"
2563,3.544,261.14941,"Unknown","[M+H]+","ion correlated with 1041; ion correlated with 779; ion correlated with 2014; ion correlated with 2157; ion correlated with 3115; ion correlated with 3702; ion correlated with 376; ion correlated with 741; ion correlated with 1141; ion correlated with 1166; ion correlated with 1379; ion correlated with 1521; ion correlated with 1546; ion correlated with 1893; ion correlated with 2293; ion correlated with 3959; ion correlated with 3318; ion correlated with 3338; ion correlated with 956; ion correlated with 397; ion correlated with 597; ion correlated with 625; ion correlated with 1019; ion correlated with 1190; ion correlated with 1257; ion correlated with 1349; ion correlated with 1630; ion correlated with 1752; ion correlated with 2317; ion correlated with 2448; ion correlated with 2474; ion correlated with 2676; ion correlated with 2746; ion correlated with 2954; ion correlated with 3083; ion correlated with 3098; ion correlated with 3118; ion correlated with 3504; ion correlated with 3745; ion correlated with 5005; ion correlated with 5013; ion correlated with 5038; ion correlated with 5047; ion correlated with 4092; ion correlated with 3515; ion correlated with 3942; ion correlated with 4987",0.036,FALSE,"null","null","null","null","null","null",999,FALSE,FALSE,FALSE,"null","null","null","null","null",66.93,0,0,0,0,0,0,0,0,1526,1727,0,0,0,80851,97141,254041,0,0,0,0,0,0,0,0,0,0,0,0,"F2563_mz261.1494_rt3.54",0,254041,254042,TRUE,5,0,2,"Fungal control-associated detection","RT >= 1 min","No MS/MS assignment","Unknown"
2581,1.884,263.16461,"Unknown","[M+H]+","ion correlated with 3693; ion correlated with 2401; ion correlated with 3494; ion correlated with 3909; ion correlated with 3995; ion correlated with 3283",0.107,TRUE,"null","null","null","null","null","null",999,FALSE,FALSE,FALSE,"null","null","null","null","null",55.36,0,2150,1574,0,1631,1611,2170,2455,0,0,2666,2233,0,465430,270752,385588,6651,1656,1924,1945,2314,0,1957,1746,0,1538,1685,0,"F2581_mz263.1646_rt1.88",1241.33333333333,465430,374.642607995707,TRUE,18,2,1,"Fungal out-associated detection","RT >= 1 min","MS/MS available","Unknown"
2603,1.247,265.9678,"Unknown","[M+H]+","ion correlated with 2946; ion correlated with 3235; ion correlated with 1768; ion correlated with 2002; ion correlated with 488; ion correlated with 4899",0.107,TRUE,"null","null","null","null","null","null",999,FALSE,FALSE,FALSE,"null","null","null","null","null",340.17,0,0,0,0,0,0,0,0,0,0,1103751,19112,15106,0,0,0,88597,131004,109815,25102,40052,26639,0,0,0,0,0,0,"F2603_mz265.9678_rt1.25",0,1103751,1103752,TRUE,9,3,0,"Fungal out-associated detection","RT >= 1 min","MS/MS available","Unknown"
2635,0.72,268.13925,"Unknown","[M+H]+",NA,0.107,FALSE,"null","null","null","null","null","null",999,FALSE,FALSE,FALSE,"null","null","null","null","null",31.28,20532,58781,62301,0,53026,54298,44383,28327,29854,0,19448,40245,83824,211847,249672,232501,53764,26096,0,55165,0,0,20039,36404,23875,48223,50405,56182,"F2635_mz268.1392_rt0.72",47204.6666666667,249672,5.28904721890733,TRUE,20,1,2,"Fungal control-associated detection","Early RT","No MS/MS assignment","Unknown"
2663,0.909,271.0751,"Unknown","[M+H]+","ion correlated with 3268; ion correlated with 1686; ion correlated with 3389; ion correlated with 3170; ion correlated with 3860; ion correlated with 2553",0.036,FALSE,"null","null","null","null","null","null",999,FALSE,FALSE,FALSE,"null","null","null","null","null",61.28,0,0,0,0,0,0,1980,44110,0,0,9762,43029,49365,230819,139930,202710,23636,12032,15976,14722,14286,16192,0,0,0,2556,0,0,"F2663_mz271.0751_rt0.91",0,230819,230820,TRUE,15,3,1,"Fungal out-associated detection","Early RT","No MS/MS assignment","Unknown"
2684,0.493,272.11292,"Unknown","[M+H]+",NA,0.071,FALSE,"null","null","null","null","null","null",999,FALSE,FALSE,FALSE,"null","null","null","null","null",71.57,0,0,0,0,0,0,0,189945,38132,0,43564,205666,267460,41692,119198,236613,0,29807,0,0,0,36463,28696,0,51740,0,0,0,"F2684_mz272.1129_rt0.49",0,267460,267461,TRUE,12,1,2,"Fungal control-associated detection","Very early RT","No MS/MS assignment","Unknown"
2736,0.403,274.97534,"Unknown","[M+H]+","ion correlated with 4827",0.071,FALSE,"null","null","null","null","null","null",999,FALSE,FALSE,FALSE,"null","null","null","null","null",117.17,0,0,0,0,59658,39897,65193,21635,3542,0,16821,11297,6176,0,0,0,4973,0,0,10960,0,0,0,13315,0,107148,93264,139794,"F2736_mz274.9753_rt0.4",0,139794,139795,TRUE,14,1,2,"Fungal control-associated detection","Very early RT","No MS/MS assignment","Unknown"
2738,0.508,275.0531,"Unknown","[M+H]+","ion correlated with 2220; ion correlated with 1701; ion correlated with 2771",0.107,TRUE,"null","null","null","null","null","null",999,FALSE,FALSE,FALSE,"null","null","null","null","null",36798.25,0,0,0,0,0,0,0,48135,0,0,27724,157067,173202,5416444,1542775,3413198,0,0,0,0,74984,44429,34731,81642,56045,0,0,0,"F2738_mz275.0531_rt0.51",0,5416444,5416445,TRUE,12,2,1,"Fungal out-associated detection","Early RT","MS/MS available","Unknown"
2740,1.172,275.09198,"Unknown","[M+H]+","ion correlated with 4019; ion correlated with 1764; ion correlated with 3194; ion correlated with 4640; ion correlated with 3022; ion correlated with 2690; ion correlated with 4223; ion correlated with 5140; ion correlated with 4647; ion correlated with 4153; ion correlated with 3574; ion correlated with 4639; ion correlated with 4677; ion correlated with 4333; ion correlated with 4192; ion correlated with 4307; ion correlated with 3143; ion correlated with 4250; ion correlated with 4950; ion correlated with 4110; ion correlated with 4080; ion correlated with 4353; ion correlated with 4341; ion correlated with 3733; ion correlated with 4388; ion correlated with 4166; ion correlated with 4206; ion correlated with 1221; ion correlated with 4952; ion correlated with 3957; ion correlated with 4960; ion correlated with 4041; ion correlated with 3635; ion correlated with 4229; ion correlated with 4797; ion correlated with 4656; ion correlated with 4789; ion correlated with 4803; ion correlated with 4806; ion correlated with 3224; ion correlated with 4792; ion correlated with 4937; ion correlated with 1381; ion correlated with 1635; ion correlated with 4100; ion correlated with 2013; ion correlated with 4871; ion correlated with 3600; ion correlated with 4825; ion correlated with 4381; ion correlated with 3563",0.036,FALSE,"null","null","null","null","null","null",999,FALSE,FALSE,FALSE,"null","null","null","null","null",122.62,0,0,0,0,0,0,0,0,0,0,0,0,10535,240323,173007,176079,0,3434,4978,5608,8212,3091,0,6750,3451,0,0,0,"F2740_mz275.092_rt1.17",0,240323,240324,TRUE,11,3,0,"Fungal out-associated detection","RT >= 1 min","No MS/MS assignment","Unknown"
2741,0.921,275.1105,"Unknown","[M+H]+",NA,0.143,FALSE,"null","null","null","null","null","null",999,FALSE,FALSE,FALSE,"null","null","null","null","null",41.56,0,0,0,0,0,0,0,51094,65813,37733,39086,38668,21388,279609,268041,270080,108603,160110,118694,85108,0,0,25245,0,0,584,0,0,"F2741_mz275.1105_rt0.92",0,279609,279610,TRUE,15,1,3,"Fungal control-associated detection","Early RT","No MS/MS assignment","Unknown"
2782,5.698,277.18042,"Unknown","[M+H]+","ion correlated with 2949; ion correlated with 4078; ion correlated with 4085; ion correlated with 3933; ion correlated with 3578; ion correlated with 1467; ion correlated with 4812; ion correlated with 4852",0.071,FALSE,"null","null","null","null","null","null",999,FALSE,FALSE,FALSE,"null","null","null","null","null",20.65,0,0,0,0,0,0,0,2429,2832,0,0,0,0,129392,101673,127667,0,0,1349,0,0,1434,28857,24168,21821,0,0,0,"F2782_mz277.1804_rt5.7",0,129392,129393,TRUE,10,1,2,"Fungal control-associated detection","RT >= 1 min","No MS/MS assignment","Unknown"
2798,0.454,279.047,"Unknown","[M+H]+","ion correlated with 3029; ion correlated with 538; ion correlated with 2384; ion correlated with 2405; ion correlated with 422; ion correlated with 2366; ion correlated with 1362; ion correlated with 1072",0.143,FALSE,"null","null","null","null","null","null",999,FALSE,FALSE,FALSE,"null","null","null","null","null",28.46,0,0,0,0,0,0,0,47278,0,0,53811,34314,21500,585377,456508,490647,0,70818,31887,54192,0,26026,230791,107253,177721,0,0,0,"F2798_mz279.047_rt0.45",0,585377,585378,TRUE,14,2,1,"Fungal out-associated detection","Very early RT","No MS/MS assignment","Unknown"
2799,1.158,279.07709,"Unknown","[M+H]+","ion correlated with 1519; ion correlated with 2619; ion correlated with 1003",0.071,TRUE,"null","null","null","null","null","null",999,FALSE,FALSE,FALSE,"null","null","null","null","null",99.86,0,0,0,0,0,1974,1798,0,4337,0,57999,1202614,1001095,0,0,0,0,0,0,4022,3308,4300,0,0,0,0,1514,0,"F2799_mz279.0771_rt1.16",0,1202614,1202615,TRUE,10,3,1,"Fungal out-associated detection","RT >= 1 min","MS/MS available","Unknown"
2853,0.533,284.09927,"Unknown","[M+H]+","ion correlated with 2854",0.107,FALSE,"null","null","null","null","null","null",999,FALSE,FALSE,FALSE,"null","null","null","null","null",253.36,0,0,0,0,0,0,0,0,0,2205584,0,0,0,0,65624,0,778044,1197246,771406,1586795,220622,547741,0,15482,34446,0,0,0,"F2853_mz284.0993_rt0.53",0,2205584,2205585,TRUE,10,3,1,"Fungal out-associated detection","Early RT","No MS/MS assignment","Unknown"
2854,0.494,284.09943,"Unknown","[M+H]+","ion correlated with 2853",0.143,FALSE,"null","null","null","null","null","null",999,FALSE,FALSE,FALSE,"null","null","null","null","null",4098.16,0,3125,4100,0,0,0,0,0,0,2205584,0,0,0,0,65624,0,778044,1197246,771406,1586795,220622,547741,0,15482,34446,0,0,0,"F2854_mz284.0994_rt0.49",2408.33333333333,2205584,915.433729939126,TRUE,10,3,1,"Fungal out-associated detection","Very early RT","No MS/MS assignment","Unknown"
2859,0.777,284.17099,"Unknown","[M+H]+",NA,0.071,FALSE,"null","null","null","null","null","null",999,FALSE,FALSE,FALSE,"null","null","null","null","null",45.7,4578,30656,27829,0,28804,29896,20092,21316,0,0,14228,0,27608,164978,261892,169472,0,13625,0,60852,14906,0,0,7776,19436,26892,25152,27871,"F2859_mz284.171_rt0.78",21021,261892,12.458043953953,TRUE,17,2,1,"Fungal out-associated detection","Early RT","No MS/MS assignment","Unknown"
2887,0.763,286.12927,"Unknown","[M+H]+",NA,0.036,FALSE,"null","null","null","null","null","null",999,FALSE,FALSE,FALSE,"null","null","null","null","null",20.57,0,0,0,0,0,0,0,18366,22354,0,18124,41953,28671,48328,101796,62543,0,0,0,0,0,20034,0,0,0,0,0,0,"F2887_mz286.1293_rt0.76",0,101796,101797,TRUE,9,1,2,"Fungal control-associated detection","Early RT","No MS/MS assignment","Unknown"
2892,7.385,286.22964,"Unknown","[M+H]+","ion correlated with 2915",0.107,FALSE,"null","null","null","null","null","null",999,FALSE,FALSE,FALSE,"null","null","null","null","null",26.16,1319,1331,2367,0,1079,0,1312,1545,1361,1625,1813,0,0,100370,103821,98854,2543,1232,0,0,0,1016,99729,114920,126392,1182,0,1286,"F2892_mz286.2296_rt7.38",1672.33333333333,126392,75.5336653386454,TRUE,17,1,3,"Fungal control-associated detection","RT >= 1 min","No MS/MS assignment","Unknown"
2904,0.588,287.12424,"Unknown","[M+H]+","ion correlated with 3561; ion correlated with 4170",0.071,FALSE,"null","null","null","null","null","null",999,FALSE,FALSE,FALSE,"null","null","null","null","null",31.24,0,0,0,0,0,0,0,31327,0,0,0,0,0,272253,352447,334951,0,0,0,0,30926,27461,0,0,0,4014,0,0,"F2904_mz287.1242_rt0.59",0,352447,352448,TRUE,7,2,1,"Fungal out-associated detection","Early RT","No MS/MS assignment","Unknown"
2925,0.864,288.12015,"Unknown","[M+H]+","ion correlated with 3986",0.036,FALSE,"null","null","null","null","null","null",999,FALSE,FALSE,FALSE,"null","null","null","null","null",178.64,0,0,0,0,0,0,0,59614,0,42191,91416,233092,164903,0,0,0,0,32417,0,0,0,0,0,0,0,0,0,0,"F2925_mz288.1202_rt0.86",0,233092,233093,TRUE,6,0,2,"Fungal control-associated detection","Early RT","No MS/MS assignment","Unknown"
2930,1.251,288.21744,"Unknown","[M+H]+","ion correlated with 2809",0.036,FALSE,"null","null","null","null","null","null",999,FALSE,FALSE,FALSE,"null","null","null","null","null",149.48,7419,2434,3641,0,5173,4975,7804,0,0,0,149789,76313,58859,3334,0,0,3764,10393,9151,3614,3057,0,0,0,1998,6132,7964,5022,"F2930_mz288.2174_rt1.25",4498,149789,33.2940653478551,TRUE,16,2,0,"Fungal out-associated detection","RT >= 1 min","No MS/MS assignment","Unknown"
2946,1.189,289.17636,"Unknown","[M+H]+","ion correlated with 2707; ion correlated with 2358",0.107,TRUE,"null","null","null","null","null","null",999,FALSE,FALSE,FALSE,"null","null","null","null","null",1503.42,0,0,0,0,0,0,0,2153,0,0,13346498,1298437,776030,75578,15355,41024,47529,126733,52858,13041,41244,7888,0,0,0,0,0,0,"F2946_mz289.1764_rt1.19",0,13346498,13346499,TRUE,13,3,1,"Fungal out-associated detection","RT >= 1 min","MS/MS available","Unknown"
2980,0.487,292.10269,"Unknown","[M+H]+","ion correlated with 2537; ion correlated with 2759; ion correlated with 2356; ion correlated with 3180; ion correlated with 3492; ion correlated with 3306; ion correlated with 3330; ion correlated with 4560",0.107,FALSE,"null","null","null","null","null","null",999,FALSE,FALSE,FALSE,"null","null","null","null","null",238.67,0,0,0,0,0,3167,0,343291,65890,0,64701,646777,649501,0,0,0,0,0,0,0,0,0,0,0,0,0,0,0,"F2980_mz292.1027_rt0.49",0,649501,649502,TRUE,6,0,2,"Fungal control-associated detection","Very early RT","No MS/MS assignment","Unknown"
2983,0.56,292.10364,"Unknown","[M+H]+",NA,0.036,FALSE,"null","null","null","null","null","null",999,FALSE,FALSE,FALSE,"null","null","null","null","null",2126.89,0,0,0,0,0,0,0,92996,0,106345,0,132889,126358,0,0,0,0,0,0,0,0,30216,0,0,0,0,0,0,"F2983_mz292.1036_rt0.56",0,132889,132890,TRUE,5,1,2,"Fungal control-associated detection","Early RT","No MS/MS assignment","Unknown"
2988,0.917,292.2023,"Unknown","[M+H]+","ion correlated with 4541",0.036,FALSE,"null","null","null","null","null","null",999,FALSE,FALSE,FALSE,"null","null","null","null","null",37.03,0,0,0,0,4618,2390,2934,0,15668,0,0,0,0,0,0,163486,0,0,0,0,22954,18441,0,0,0,3868,13572,4712,"F2988_mz292.2023_rt0.92",0,163486,163487,TRUE,10,2,1,"Fungal out-associated detection","Early RT","No MS/MS assignment","Unknown"
2991,0.475,293.0636,"Unknown","[M+H]+","ion correlated with 1072; ion correlated with 841",0.214,FALSE,"null","null","null","null","null","null",999,FALSE,FALSE,FALSE,"null","null","null","null","null",56.25,8282,0,0,0,0,0,0,38851,0,72515,68733,0,0,1249394,699138,897895,0,0,0,0,0,0,304883,384972,704684,0,0,0,"F2991_mz293.0636_rt0.48",2760.66666666667,1249394,452.406155703078,TRUE,9,0,2,"Fungal control-associated detection","Very early RT","No MS/MS assignment","Unknown"
3054,0.437,298.03088,"Unknown","[M+H]+","ion correlated with 1790; ion correlated with 3622; ion correlated with 3665; ion correlated with 3145; ion correlated with 3242; ion correlated with 3306; ion correlated with 2397; ion correlated with 3936; ion correlated with 4610; ion correlated with 1535; ion correlated with 3182",0.071,FALSE,"null","null","null","null","null","null",999,FALSE,FALSE,FALSE,"null","null","null","null","null",32.55,0,0,0,0,0,0,0,13628,0,0,20035,149299,131495,0,0,0,6239,9060,0,8639,11372,0,0,7356,0,0,0,0,"F3054_mz298.0309_rt0.44",0,149299,149300,TRUE,9,2,1,"Fungal out-associated detection","Very early RT","No MS/MS assignment","Unknown"
3061,0.512,298.15021,"Unknown","[M+H]+",NA,0.036,FALSE,"null","null","null","null","null","null",999,FALSE,FALSE,FALSE,"null","null","null","null","null",55.48,0,0,0,0,0,0,0,91257,204649,152940,60124,0,0,0,0,0,0,0,0,0,0,59956,0,0,0,0,0,0,"F3061_mz298.1502_rt0.51",0,204649,204650,TRUE,5,1,3,"Fungal control-associated detection","Early RT","No MS/MS assignment","Unknown"
3067,0.41,298.87936,"Unknown","[M+H]+",NA,0.214,FALSE,"null","null","null","null","null","null",999,FALSE,FALSE,FALSE,"null","null","null","null","null",73.52,6216,0,0,0,123641,105524,145295,32762,32949,16474,47723,19974,18556,34264,49956,46035,0,15357,0,0,0,13643,79841,47795,37990,115585,121093,149660,"F3067_mz298.8794_rt0.41",2072,149660,72.1953690303907,TRUE,20,1,3,"Fungal control-associated detection","Very early RT","No MS/MS assignment","Unknown"
3069,0.451,298.99341,"Unknown","[M+H]+","ion correlated with 3829; ion correlated with 4413; ion correlated with 3508; ion correlated with 4249; ion correlated with 3095; ion correlated with 998; ion correlated with 1091; ion correlated with 1872; ion correlated with 4124; ion correlated with 1926; ion correlated with 2348",0.107,FALSE,"null","null","null","null","null","null",999,FALSE,FALSE,FALSE,"null","null","null","null","null",191.04,0,0,0,0,0,0,0,0,7860,0,0,6802,7511,289366,387518,297058,0,16963,0,21025,33262,34831,28363,22096,41259,8718,3758,0,"F3069_mz298.9934_rt0.45",0,387518,387519,TRUE,15,3,1,"Fungal out-associated detection","Very early RT","No MS/MS assignment","Unknown"
3078,1.522,299.20099,"Unknown","[M+H]+","ion correlated with 5095; ion correlated with 3298; ion correlated with 5127; ion correlated with 3111; ion correlated with 3355",0.036,TRUE,"null","null","null","null","null","null",999,FALSE,FALSE,FALSE,"null","null","null","null","null",47.81,0,0,0,0,0,0,0,0,2762,2450,2050,0,0,1385954,1138134,1367550,0,0,0,0,0,2380,3077,1881,2540,0,0,0,"F3078_mz299.201_rt1.52",0,1385954,1385955,TRUE,10,1,2,"Fungal control-associated detection","RT >= 1 min","MS/MS available","Unknown"
3079,2.083,299.20102,"Unknown","[M+H]+","ion correlated with 1751; ion correlated with 2381; ion correlated with 2674; ion correlated with 3503; ion correlated with 3746; ion correlated with 5004; ion correlated with 5012; ion correlated with 3703",0.107,TRUE,"null","null","null","null","null","null",999,FALSE,FALSE,FALSE,"null","null","null","null","null",521.02,0,0,0,0,0,0,0,2305,1900,3062,0,0,1644,12415159,8761743,15007958,0,0,0,0,0,1980,24261,4143,9211,0,0,0,"F3079_mz299.201_rt2.08",0,15007958,15007959,TRUE,11,1,3,"Fungal control-associated detection","RT >= 1 min","MS/MS available","Unknown"
3095,0.448,301.01776,"Unknown","[M+H]+","ion correlated with 3829; ion correlated with 4413; ion correlated with 1230; ion correlated with 3069; ion correlated with 998; ion correlated with 1091; ion correlated with 4124; ion correlated with 977",0.107,FALSE,"null","null","null","null","null","null",999,FALSE,FALSE,FALSE,"null","null","null","null","null",78.99,0,0,0,0,0,0,0,15851,0,36130,17898,0,0,179133,291422,287795,0,17782,14034,28232,0,0,62416,63734,72936,0,0,0,"F3095_mz301.0178_rt0.45",0,291422,291423,TRUE,12,1,2,"Fungal control-associated detection","Very early RT","No MS/MS assignment","Unknown"
3096,1.182,301.07135,"Unknown","[M+H]+","ion correlated with 4412; ion correlated with 4838; ion correlated with 2591; ion correlated with 4480; ion correlated with 3739; ion correlated with 3654; ion correlated with 4237; ion correlated with 1668; ion correlated with 1921; ion correlated with 3910; ion correlated with 1410; ion correlated with 4762; ion correlated with 4484; ion correlated with 4698; ion correlated with 4688; ion correlated with 4556; ion correlated with 4942; ion correlated with 4985",0.036,FALSE,"null","null","null","null","null","null",999,FALSE,FALSE,FALSE,"null","null","null","null","null",37.36,0,0,0,0,0,0,0,0,0,0,0,3545,0,47265,73878,142733,0,0,0,3886,4964,0,0,0,0,0,0,0,"F3096_mz301.0714_rt1.18",0,142733,142734,TRUE,6,2,0,"Fungal out-associated detection","RT >= 1 min","No MS/MS assignment","Unknown"
3106,1.351,301.2128,"Unknown","[M+H]+","ion correlated with 4805; ion correlated with 4899; ion correlated with 3414",0.036,TRUE,"null","null","null","null","null","null",999,FALSE,FALSE,FALSE,"null","null","null","null","null",39.76,0,1610,0,0,0,0,0,0,4977,5542,231599,11692,0,28652,62296,14404,0,0,0,0,0,0,0,0,0,0,0,0,"F3106_mz301.2128_rt1.35",536.666666666667,231599,430.750154990701,TRUE,7,0,2,"Fungal control-associated detection","RT >= 1 min","MS/MS available","Unknown"
3107,2.458,301.21658,"Unknown","[M+H]+","similar chromatogram in higher mz_3341; similar chromatogram in higher mz_3761",0.214,TRUE,"null","null","null","null","null","null",999,FALSE,FALSE,FALSE,"null","null","null","null","null",64.42,3036,0,0,0,0,0,0,1874,2378,2242,0,0,0,4622423,3445176,5062332,0,0,0,0,0,0,312219,303208,321538,0,0,0,"F3107_mz301.2166_rt2.46",1012,5062332,4997.3672260612,TRUE,9,0,3,"Fungal control-associated detection","RT >= 1 min","MS/MS available","Unknown"
3109,1.675,301.21658,"Unknown","[M+H]+","ion correlated with 3747; ion correlated with 3320; ion correlated with 3704; ion correlated with 2951; ion correlated with 3353; ion correlated with 2677; ion correlated with 3259; ion correlated with 2585",0.036,TRUE,"null","null","null","null","null","null",999,FALSE,FALSE,FALSE,"null","null","null","null","null",31.63,0,0,0,0,0,0,0,2698,2480,0,0,0,0,441560,373463,538463,0,0,0,0,2082,0,9174,3150,7974,0,0,0,"F3109_mz301.2166_rt1.68",0,538463,538464,TRUE,9,1,2,"Fungal control-associated detection","RT >= 1 min","MS/MS available","Unknown"
3115,3.544,301.21677,"Unknown","[M+H]+",NA,0.214,TRUE,"null","null","null","null","null","null",999,FALSE,FALSE,FALSE,"null","null","null","null","null",5061.91,7991,0,0,0,0,0,0,0,1432,0,0,0,0,92379536,104604912,234553152,0,0,0,0,1601,1958,1798544,378342,943450,0,0,0,"F3115_mz301.2168_rt3.54",2663.66666666667,234553152,88023.4499624719,TRUE,9,2,1,"Fungal out-associated detection","RT >= 1 min","MS/MS available","Unknown"
3138,0.435,302.98801,"Unknown","[M+H]+","ion correlated with 4141; ion correlated with 4672; ion correlated with 4630; ion correlated with 4602",0.036,FALSE,"null","null","null","null","null","null",999,FALSE,FALSE,FALSE,"null","null","null","null","null",52.26,0,0,0,0,0,0,0,0,14676,9758,17787,0,0,114943,80947,128846,0,0,0,0,0,0,0,22617,55986,0,0,0,"F3138_mz302.988_rt0.44",0,128846,128847,TRUE,8,0,2,"Fungal control-associated detection","Very early RT","No MS/MS assignment","Unknown"
3178,5.389,305.24789,"Unknown","[M+H]+","ion correlated with 5052; ion correlated with 2913; ion correlated with 3425",0.107,TRUE,"null","null","null","null","null","null",999,FALSE,FALSE,FALSE,"null","null","null","null","null",17.96,4837,2840,1330,0,0,1552,1984,0,0,2139,2272,1545,1395,489746,402030,439134,0,0,2738,0,1700,3221,11879,4923,10658,3469,740,1414,"F3178_mz305.2479_rt5.39",3002.33333333333,489746,163.067813540511,TRUE,18,2,1,"Fungal out-associated detection","RT >= 1 min","MS/MS available","Unknown"
3181,1.048,306.09747,"Unknown","[M+H]+","ion correlated with 4297; ion correlated with 2342; ion correlated with 4172",0.036,FALSE,"null","null","null","null","null","null",999,FALSE,FALSE,FALSE,"null","null","null","null","null",54.48,0,0,0,0,0,0,0,3780,0,0,0,15017,18228,52680,7476,10362,0,0,0,15056,1354,6375,94204,151502,93426,0,0,0,"F3181_mz306.0975_rt1.05",0,151502,151503,TRUE,12,3,1,"Fungal out-associated detection","RT >= 1 min","No MS/MS assignment","Unknown"
3210,0.589,308.21823,"Unknown","[M+H]+",NA,0.107,FALSE,"null","null","null","null","null","null",999,FALSE,FALSE,FALSE,"null","null","null","null","null",64.83,0,0,0,0,0,0,0,293111,124365,125878,61016,0,0,0,0,0,0,0,0,0,0,0,0,0,0,0,0,0,"F3210_mz308.2182_rt0.59",0,293111,293112,TRUE,4,0,3,"Fungal control-associated detection","Early RT","No MS/MS assignment","Unknown"
3231,0.423,310.85175,"Unknown","[M+H]+","ion correlated with 4518; ion correlated with 4553; ion correlated with 808; ion correlated with 2160; ion correlated with 3219; ion correlated with 1143; ion correlated with 1127",0.071,FALSE,"null","null","null","null","null","null",999,FALSE,FALSE,FALSE,"null","null","null","null","null",55.52,0,0,0,0,30476,10584,4912,9936,0,13196,20213,15004,7606,0,0,0,0,0,0,0,7403,0,0,0,0,107083,136246,50546,"F3231_mz310.8517_rt0.42",0,136246,136247,TRUE,12,1,2,"Fungal control-associated detection","Very early RT","No MS/MS assignment","Unknown"
3234,0.924,311.1127,"Unknown","[M+H]+",NA,0.179,FALSE,"null","null","null","null","null","null",999,FALSE,FALSE,FALSE,"null","null","null","null","null",114.59,0,0,0,0,0,0,0,0,0,0,0,0,0,478210,221100,82280,0,131484,0,183076,0,200537,0,0,0,0,0,0,"F3234_mz311.1127_rt0.92",0,478210,478211,TRUE,6,2,0,"Fungal out-associated detection","Early RT","No MS/MS assignment","Unknown"
3241,9.698,311.94638,"Unknown","[M+H]+",NA,0.107,FALSE,"null","null","null","null","null","null",999,FALSE,FALSE,FALSE,"null","null","null","null","null",52.48,19045,0,0,0,28091,0,43063,0,0,24250,89232,102456,20052,0,0,0,0,0,93614,132816,60597,0,0,10370,11169,0,124952,38904,"F3241_mz311.9464_rt9.7",6348.33333333333,132816,20.9182591348173,TRUE,13,2,1,"Fungal out-associated detection","RT >= 1 min","No MS/MS assignment","Unknown"
3245,0.554,312.11212,"Unknown","[M+H]+",NA,0.107,FALSE,"null","null","null","null","null","null",999,FALSE,FALSE,FALSE,"null","null","null","null","null",97.43,0,0,0,0,0,0,0,518674,203867,420588,204292,24247,174471,0,0,0,0,97716,0,51846,0,0,0,0,0,0,0,0,"F3245_mz312.1121_rt0.55",0,518674,518675,TRUE,8,1,3,"Fungal control-associated detection","Early RT","No MS/MS assignment","Unknown"
3247,0.464,312.16714,"Unknown","[M+H]+",NA,0.107,FALSE,"null","null","null","null","null","null",999,FALSE,FALSE,FALSE,"null","null","null","null","null",83.8,0,18758,15131,0,4151,12006,10598,287450,133673,11081,68920,0,0,564544,707315,132572,0,0,0,0,0,59069,11085,0,0,2521,6625,0,"F3247_mz312.1671_rt0.46",11296.3333333333,707315,62.6091112947008,TRUE,14,1,3,"Fungal control-associated detection","Very early RT","No MS/MS assignment","Unknown"
3291,0.903,316.13876,"Unknown","[M+H]+","ion correlated with 4040; ion correlated with 4240; ion correlated with 2653; ion correlated with 4154; ion correlated with 4241",0.071,FALSE,"null","null","null","null","null","null",999,FALSE,FALSE,FALSE,"null","null","null","null","null",163.55,0,0,0,0,0,0,0,226297,17949,0,57284,250549,243337,0,0,11219,0,0,27048,0,0,0,0,0,0,0,0,0,"F3291_mz316.1388_rt0.9",0,250549,250550,TRUE,7,0,2,"Fungal control-associated detection","Early RT","No MS/MS assignment","Unknown"
3303,0.435,316.99496,"Unknown","[M+H]+",NA,0.036,FALSE,"null","null","null","null","null","null",999,FALSE,FALSE,FALSE,"null","null","null","null","null",77.8,0,0,0,0,0,0,0,20199,0,0,27676,0,15255,37201,114772,86915,17990,33442,22309,22467,21980,27363,20709,29497,0,0,0,0,"F3303_mz316.995_rt0.44",0,114772,114773,TRUE,14,3,1,"Fungal out-associated detection","Very early RT","No MS/MS assignment","Unknown"
3306,0.446,317.09598,"Unknown","[M+H]+","ion correlated with 2537; ion correlated with 2356; ion correlated with 3180; ion correlated with 3492; ion correlated with 3330; ion correlated with 1535; ion correlated with 2980",0.071,FALSE,"null","null","null","null","null","null",999,FALSE,FALSE,FALSE,"null","null","null","null","null",5760.78,0,0,0,0,0,0,0,111580,51860,36050,95056,551914,568487,0,0,0,0,0,0,7983,0,0,0,0,16178,0,6473,0,"F3306_mz317.096_rt0.45",0,568487,568488,TRUE,9,1,3,"Fungal control-associated detection","Very early RT","No MS/MS assignment","Unknown"
3307,0.971,317.11435,"Unknown","[M+H]+",NA,0.036,FALSE,"null","null","null","null","null","null",999,FALSE,FALSE,FALSE,"null","null","null","null","null",64.38,0,0,1896,0,0,0,0,0,0,15867,28407,107861,146074,46627,36377,52551,9876,19223,0,37241,0,10920,0,0,0,0,2520,0,"F3307_mz317.1144_rt0.97",632,146074,230.766192733017,TRUE,12,2,1,"Fungal out-associated detection","Early RT","No MS/MS assignment","Unknown"
3320,1.625,317.21164,"Unknown","[M+H]+","ion correlated with 3111; ion correlated with 3355; ion correlated with 3281; ion correlated with 3199; ion correlated with 3441; ion correlated with 3704",0.107,TRUE,"null","null","null","null","null","null",999,FALSE,FALSE,FALSE,"null","null","null","null","null",24.56,0,0,0,0,0,0,0,2441,0,2342,0,0,0,919538,528455,1198561,0,1740,2060,2676,0,0,3527,0,437,0,0,0,"F3320_mz317.2116_rt1.62",0,1198561,1198562,TRUE,10,1,2,"Fungal control-associated detection","RT >= 1 min","MS/MS available","Unknown"
3330,0.451,318.0799,"Unknown","[M+H]+","ion correlated with 2356; ion correlated with 3306; ion correlated with 4560; ion correlated with 4551; ion correlated with 2980",0.071,FALSE,"null","null","null","null","null","null",999,FALSE,FALSE,FALSE,"null","null","null","null","null",460.46,0,0,0,0,0,0,0,117152,13018,0,0,449859,498043,20903,16166,0,0,0,0,0,0,0,0,0,38457,0,0,0,"F3330_mz318.0799_rt0.45",0,498043,498044,TRUE,7,0,2,"Fungal control-associated detection","Very early RT","No MS/MS assignment","Unknown"
3346,0.647,319.00116,"Unknown","[M+H]+",NA,0.143,FALSE,"null","null","null","null","null","null",999,FALSE,FALSE,FALSE,"null","null","null","null","null",107.25,0,0,0,0,0,0,0,0,33752,0,0,62463,119309,68143,85131,0,197281,129460,50693,45120,32046,28876,254903,120911,151646,0,0,0,"F3346_mz319.0012_rt0.65",0,254903,254904,TRUE,14,3,1,"Fungal out-associated detection","Early RT","No MS/MS assignment","Unknown"
3347,0.512,319.00171,"Unknown","[M+H]+",NA,0.214,FALSE,"null","null","null","null","null","null",999,FALSE,FALSE,FALSE,"null","null","null","null","null",188.28,0,0,0,0,0,0,0,52165,0,0,0,148652,120834,0,0,39694,119271,233639,61760,115947,50592,52142,535631,371675,347969,0,0,0,"F3347_mz319.0017_rt0.51",0,535631,535632,TRUE,13,3,1,"Fungal out-associated detection","Early RT","No MS/MS assignment","Unknown"
3350,0.96,319.12955,"Unknown","[M+H]+",NA,0.143,TRUE,"null","null","null","null","null","null",999,FALSE,FALSE,FALSE,"null","null","null","null","null",259.05,0,0,0,0,0,0,0,0,15263,0,136063,923912,678392,511448,546451,536617,14851,32621,6974,14994,14661,0,31918,20880,0,0,0,0,"F3350_mz319.1296_rt0.96",0,923912,923913,TRUE,14,2,1,"Fungal out-associated detection","Early RT","MS/MS available","Unknown"
3356,5.698,319.22726,"Unknown","[M+H]+","ion correlated with 3789; ion correlated with 3994; ion correlated with 4236; ion correlated with 3116",0.143,TRUE,"null","null","null","null","null","null",999,FALSE,FALSE,FALSE,"null","null","null","null","null",41.18,1686,1251,0,0,2012,0,0,0,0,0,2016,0,0,794810,614300,768557,0,0,1364,386,2284,0,229660,177299,184968,0,0,1317,"F3356_mz319.2273_rt5.7",979,794810,811.031632653061,TRUE,12,2,0,"Fungal out-associated detection","RT >= 1 min","MS/MS available","Unknown"
3357,5.809,319.22729,"Unknown","[M+H]+","ion correlated with 150; ion correlated with 4359; ion correlated with 627; ion correlated with 4389; ion correlated with 4371; ion correlated with 3788; ion correlated with 3775; ion correlated with 3577",0.107,TRUE,"null","null","null","null","null","null",999,FALSE,FALSE,FALSE,"null","null","null","null","null",31.83,0,0,0,0,0,0,0,1408,0,0,0,1829,0,258255,152038,190786,0,0,0,1647,0,1604,311409,244729,298534,0,0,1956,"F3357_mz319.2273_rt5.81",0,311409,311410,TRUE,11,2,1,"Fungal out-associated detection","RT >= 1 min","MS/MS available","Unknown"
3360,1.153,320.13211,"Unknown","[M+H]+",NA,0.071,TRUE,"null","null","null","null","null","null",999,FALSE,FALSE,FALSE,"null","null","null","null","null",99.97,0,0,0,0,0,1606,0,0,10654,12144,52534,547584,227852,0,0,0,0,0,0,0,0,0,0,0,0,0,0,0,"F3360_mz320.1321_rt1.15",0,547584,547585,TRUE,6,0,2,"Fungal control-associated detection","RT >= 1 min","MS/MS available","Unknown"
3364,1.127,320.18567,"Unknown","[M+H]+","ion correlated with 840; ion correlated with 3130; ion correlated with 986; ion correlated with 3122; ion correlated with 3136",0.071,FALSE,"null","null","null","null","null","null",999,FALSE,FALSE,FALSE,"null","null","null","null","null",290.45,0,1887,0,0,0,0,0,1570,5050,11463,5898,0,0,274387,0,641456,0,0,5007,0,0,0,0,0,78709,0,0,0,"F3364_mz320.1857_rt1.13",629,641456,1018.18571428571,TRUE,8,0,3,"Fungal control-associated detection","RT >= 1 min","No MS/MS assignment","Unknown"
3375,2.293,321.24283,"Unknown","[M+H]+","ion correlated with 3154; ion correlated with 3596; ion correlated with 3282",0.107,TRUE,"null","null","null","null","null","null",999,FALSE,FALSE,FALSE,"null","null","null","null","null",51.56,18541,1553,0,0,1341,2261,1640,0,2090,2239,3243,0,0,229409,252598,215037,2180,0,0,0,0,1824,8960,2759,0,1307,0,2930,"F3375_mz321.2428_rt2.29",6698,252598,37.7069711897298,TRUE,15,1,2,"Fungal control-associated detection","RT >= 1 min","MS/MS available","Unknown"
3396,0.506,324.05905,"Unknown","[M+H]+",NA,0.107,FALSE,"null","null","null","null","null","null",999,FALSE,FALSE,FALSE,"null","null","null","null","null",1121.07,0,0,0,0,0,0,0,89508,156208,116175,157498,0,31348,0,0,0,0,67572,0,0,55939,0,0,0,0,0,0,0,"F3396_mz324.059_rt0.51",0,157498,157499,TRUE,7,1,3,"Fungal control-associated detection","Early RT","No MS/MS assignment","Unknown"
3416,0.423,326.827,"Unknown","[M+H]+",NA,0.071,FALSE,"null","null","null","null","null","null",999,FALSE,FALSE,FALSE,"null","null","null","null","null",47.97,0,0,0,0,20456,7146,0,5987,28818,0,30526,0,9186,39256,0,30586,0,0,0,0,0,0,0,0,0,138591,120758,42427,"F3416_mz326.827_rt0.42",0,138591,138592,TRUE,11,0,2,"Fungal control-associated detection","Very early RT","No MS/MS assignment","Unknown"
3430,0.921,328.1604,"Unknown","[M+H]+","ion correlated with 3268; ion correlated with 3389; ion correlated with 3170; ion correlated with 3860; ion correlated with 2553; ion correlated with 3246",0.107,FALSE,"null","null","null","null","null","null",999,FALSE,FALSE,FALSE,"null","null","null","null","null",103.51,0,0,0,0,0,0,0,0,27374,0,98550,55256,0,385411,199951,348084,0,38839,11550,35528,89865,34839,0,10555,8768,3266,0,0,"F3430_mz328.1604_rt0.92",0,385411,385412,TRUE,14,3,1,"Fungal out-associated detection","Early RT","No MS/MS assignment","Unknown"
3438,0.898,329.08505,"Unknown","[M+H]+",NA,0.25,FALSE,"null","null","null","null","null","null",999,FALSE,FALSE,FALSE,"null","null","null","null","null",51.33,0,0,0,0,0,0,0,172672,0,0,33498,0,0,0,0,0,324639,270937,355515,195284,123797,149165,0,0,0,0,0,0,"F3438_mz329.0851_rt0.9",0,355515,355516,TRUE,8,3,1,"Fungal out-associated detection","Early RT","No MS/MS assignment","Unknown"
3440,1.453,329.17267,"Unknown","[M+H]+","ion correlated with 3198; ion correlated with 5095; ion correlated with 3298",0.107,TRUE,"null","null","null","null","null","null",999,FALSE,FALSE,FALSE,"null","null","null","null","null",84.81,0,0,0,0,0,0,0,0,0,0,0,0,0,942135,614282,1212017,0,0,0,2580,0,3352,0,0,0,0,0,0,"F3440_mz329.1727_rt1.45",0,1212017,1212018,TRUE,5,2,0,"Fungal out-associated detection","RT >= 1 min","MS/MS available","Unknown"
3475,0.769,332.13431,"Unknown","[M+H]+","ion correlated with 250; ion correlated with 2174; ion correlated with 2081; ion correlated with 1574; ion correlated with 2265; ion correlated with 2770; ion correlated with 4612",0.107,FALSE,"null","null","null","null","null","null",999,FALSE,FALSE,FALSE,"null","null","null","null","null",6021.97,0,0,0,0,0,0,0,20292,34612,0,85601,12363,19376,1340281,821906,831942,0,0,0,19555,0,0,0,0,0,0,0,0,"F3475_mz332.1343_rt0.77",0,1340281,1340282,TRUE,9,1,2,"Fungal control-associated detection","Early RT","No MS/MS assignment","Unknown"
3492,0.446,333.06973,"Unknown","[M+H]+","ion correlated with 2537; ion correlated with 2759; ion correlated with 2356; ion correlated with 3180; ion correlated with 3306; ion correlated with 3497; ion correlated with 4560; ion correlated with 2980",0.107,FALSE,"null","null","null","null","null","null",999,FALSE,FALSE,FALSE,"null","null","null","null","null",190.75,0,0,0,0,0,0,0,282409,42445,61085,92460,479043,406100,0,0,0,0,0,0,9600,0,0,13215,20953,7468,0,0,0,"F3492_mz333.0697_rt0.45",0,479043,479044,TRUE,10,1,3,"Fungal control-associated detection","Very early RT","No MS/MS assignment","Unknown"
3493,0.512,333.17761,"Unknown","[M+H]+",NA,0.036,FALSE,"null","null","null","null","null","null",999,FALSE,FALSE,FALSE,"null","null","null","null","null",50.85,0,0,0,0,0,0,0,59419,0,124854,0,0,0,0,0,0,0,63155,0,0,0,0,0,0,0,0,0,0,"F3493_mz333.1776_rt0.51",0,124854,124855,TRUE,3,0,2,"Fungal control-associated detection","Early RT","No MS/MS assignment","Unknown"
3496,0.493,333.21436,"Unknown","[M+H]+",NA,0.036,FALSE,"null","null","null","null","null","null",999,FALSE,FALSE,FALSE,"null","null","null","null","null",19.19,0,0,0,0,0,0,0,44023,51510,121909,0,0,0,0,0,0,0,0,0,0,51139,0,0,0,0,0,0,0,"F3496_mz333.2144_rt0.49",0,121909,121910,TRUE,4,1,3,"Fungal control-associated detection","Very early RT","No MS/MS assignment","Unknown"
3497,0.449,334.05383,"Unknown","[M+H]+","ion correlated with 2356; ion correlated with 3180; ion correlated with 3492; ion correlated with 4560; ion correlated with 2980",0.107,FALSE,"null","null","null","null","null","null",999,FALSE,FALSE,FALSE,"null","null","null","null","null",4294.72,0,0,0,0,0,0,0,192162,80242,45016,30242,293011,343309,0,0,0,0,0,0,0,37884,0,0,0,0,0,0,0,"F3497_mz334.0538_rt0.45",0,343309,343310,TRUE,7,1,3,"Fungal control-associated detection","Very early RT","No MS/MS assignment","Unknown"
3505,1.513,334.29572,"Unknown","[M+H]+","ion correlated with 3050; ion correlated with 3110; ion correlated with 4134; ion correlated with 4120; ion correlated with 4012",0.071,FALSE,"null","null","null","null","null","null",999,FALSE,FALSE,FALSE,"null","null","null","null","null",35.5,0,1754,1342,0,1642,3847,2134,0,5919,3386,0,2561,2453,122622,46512,114768,0,3404,0,0,0,0,11536,10340,9286,3681,0,4416,"F3505_mz334.2957_rt1.51",1032,122622,118.705711519845,TRUE,16,0,2,"Fungal control-associated detection","RT >= 1 min","No MS/MS assignment","Unknown"
3511,0.46,335.15646,"Unknown","[M+H]+",NA,0.143,FALSE,"null","null","null","null","null","null",999,FALSE,FALSE,FALSE,"null","null","null","null","null",133.15,0,0,0,0,0,0,0,200574,223946,84993,78573,280977,210614,0,0,0,0,0,0,0,0,82922,0,0,0,0,0,0,"F3511_mz335.1565_rt0.46",0,280977,280978,TRUE,7,1,3,"Fungal control-associated detection","Very early RT","No MS/MS assignment","Unknown"
3515,3.553,335.22198,"Unknown","[M+H]+","ion correlated with 3115; ion correlated with 3702; ion correlated with 3318; ion correlated with 3338; ion correlated with 2474; ion correlated with 2676; ion correlated with 3745; ion correlated with 3906; ion correlated with 5005; ion correlated with 5013; similar chromatogram in higher mz_3942; similar chromatogram in higher mz_3996",0.107,TRUE,"null","null","null","null","null","null",999,FALSE,FALSE,FALSE,"null","null","null","null","null",94.13,0,0,0,0,2740,0,1652,0,0,0,2553,2081,0,1990828,2459904,6401209,1560,336,0,0,2013,1407,15833,1378,9316,0,0,0,"F3515_mz335.222_rt3.55",0,6401209,6401210,TRUE,14,2,0,"Fungal out-associated detection","RT >= 1 min","MS/MS available","Unknown"
3531,0.426,336.99045,"Unknown","[M+H]+","ion correlated with 4630; ion correlated with 4891; ion correlated with 4424; ion correlated with 4701; ion correlated with 4260; ion correlated with 4493; ion correlated with 4249; ion correlated with 4623; ion correlated with 4824; ion correlated with 3661; ion correlated with 3069; ion correlated with 3273; ion correlated with 4528; ion correlated with 714; ion correlated with 1872; ion correlated with 4451; ion correlated with 1301; ion correlated with 2129; ion correlated with 977; ion correlated with 3086",0.036,FALSE,"null","null","null","null","null","null",999,FALSE,FALSE,FALSE,"null","null","null","null","null",131.54,0,0,0,0,0,0,0,0,0,0,0,0,0,127671,168643,144563,0,0,5466,19695,14726,43874,0,0,0,0,0,0,"F3531_mz336.9904_rt0.43",0,168643,168644,TRUE,7,3,0,"Fungal out-associated detection","Very early RT","No MS/MS assignment","Unknown"
3539,0.791,337.16113,"Unknown","[M+H]+","ion correlated with 3985",0.071,FALSE,"null","null","null","null","null","null",999,FALSE,FALSE,FALSE,"null","null","null","null","null",157.31,0,0,0,0,0,0,0,110956,43353,19856,102595,237542,303119,0,0,0,0,0,0,0,0,18388,0,0,0,0,0,0,"F3539_mz337.1611_rt0.79",0,303119,303120,TRUE,7,1,3,"Fungal control-associated detection","Early RT","No MS/MS assignment","Unknown"
3562,1.041,339.1077,"Unknown","[M+H]+","ion correlated with 987; ion correlated with 3664; ion correlated with 4557; ion correlated with 3349; ion correlated with 4603; ion correlated with 3140",0.107,TRUE,"null","null","null","null","null","null",999,FALSE,FALSE,FALSE,"null","null","null","null","null",525.33,0,0,0,0,1413,0,0,7494,7315,0,7696,0,0,1625474,2497176,1359074,0,0,0,0,0,0,21604,22706,12479,0,0,0,"F3562_mz339.1077_rt1.04",0,2497176,2497177,TRUE,10,0,2,"Fungal control-associated detection","RT >= 1 min","MS/MS available","Unknown"
3564,0.48,339.13974,"Unknown","[M+H]+",NA,0.071,FALSE,"null","null","null","null","null","null",999,FALSE,FALSE,FALSE,"null","null","null","null","null",55.71,0,0,0,0,0,0,0,82216,75463,0,0,129957,122796,0,0,19528,0,0,0,0,0,0,0,0,0,0,0,0,"F3564_mz339.1397_rt0.48",0,129957,129958,TRUE,5,0,2,"Fungal control-associated detection","Very early RT","No MS/MS assignment","Unknown"
3607,1.192,345.10916,"Unknown","[M+H]+","ion correlated with 3770",0.107,FALSE,"null","null","null","null","null","null",999,FALSE,FALSE,FALSE,"null","null","null","null","null",91.35,0,0,0,0,0,0,0,148743,41624,29709,34248,179151,192596,0,0,0,0,0,0,0,5328,0,0,0,0,0,0,0,"F3607_mz345.1092_rt1.19",0,192596,192597,TRUE,7,1,3,"Fungal control-associated detection","RT >= 1 min","No MS/MS assignment","Unknown"
3653,1.103,348.202,"Unknown","[M+H]+","ion correlated with 4912; ion correlated with 4411; ion correlated with 4938; ion correlated with 3386; ion correlated with 4215; ion correlated with 4955; ion correlated with 3370; ion correlated with 955",0.036,FALSE,"null","null","null","null","null","null",999,FALSE,FALSE,FALSE,"null","null","null","null","null",89.66,0,2300,0,0,0,0,0,0,0,7649,25753,7764,15015,137910,59780,32738,0,0,0,7414,6261,11093,0,6973,0,0,0,0,"F3653_mz348.202_rt1.1",766.666666666667,137910,179.649587494572,TRUE,11,3,1,"Fungal out-associated detection","RT >= 1 min","No MS/MS assignment","Unknown"
3654,1.162,348.20224,"Unknown","[M+H]+","ion correlated with 4412; ion correlated with 4838; ion correlated with 4480; ion correlated with 3739; ion correlated with 4333; ion correlated with 2871; ion correlated with 1896; ion correlated with 3957; ion correlated with 3752; ion correlated with 3910; ion correlated with 4762; ion correlated with 4484; ion correlated with 4656; ion correlated with 3224; ion correlated with 4726; ion correlated with 1381; ion correlated with 1635; ion correlated with 3105; ion correlated with 3258; ion correlated with 3816; ion correlated with 4698; ion correlated with 3600; ion correlated with 4688; ion correlated with 4556",0.036,FALSE,"null","null","null","null","null","null",999,FALSE,FALSE,FALSE,"null","null","null","null","null",174.75,0,2300,0,0,0,1584,1788,4002,0,5158,6446,7005,8309,159945,130538,300998,0,0,0,0,0,3990,0,0,10400,0,0,0,"F3654_mz348.2022_rt1.16",766.666666666667,300998,392.095961788971,TRUE,12,1,2,"Fungal control-associated detection","RT >= 1 min","No MS/MS assignment","Unknown"
3677,0.942,350.12207,"Unknown","[M+H]+","ion correlated with 3006; ion correlated with 3015; ion correlated with 4199; ion correlated with 2408; ion correlated with 2646; ion correlated with 4751; ion correlated with 2536",0.036,FALSE,"null","null","null","null","null","null",999,FALSE,FALSE,FALSE,"null","null","null","null","null",132.67,0,0,0,0,0,0,0,33469,17460,0,19833,127623,144579,0,0,0,0,0,10324,0,0,0,0,0,0,0,0,0,"F3677_mz350.1221_rt0.94",0,144579,144580,TRUE,6,0,2,"Fungal control-associated detection","Early RT","No MS/MS assignment","Unknown"
3691,0.417,351.2132,"Unknown","[M+H]+","ion correlated with 3622; ion correlated with 3145; ion correlated with 3813",0.036,FALSE,"null","null","null","null","null","null",999,FALSE,FALSE,FALSE,"null","null","null","null","null",27.69,0,0,0,0,0,0,0,54260,11018,11864,9451,122808,88986,0,0,0,0,0,0,0,0,0,0,0,0,0,0,0,"F3691_mz351.2132_rt0.42",0,122808,122809,TRUE,6,0,3,"Fungal control-associated detection","Very early RT","No MS/MS assignment","Unknown"
3710,0.888,353.18414,"Unknown","[M+H]+","ion correlated with 375; ion correlated with 2695; ion correlated with 3860",0.071,FALSE,"null","null","null","null","null","null",999,FALSE,FALSE,FALSE,"null","null","null","null","null",54.16,0,0,0,0,0,0,0,0,7483,42182,4134,0,0,155950,115922,185172,21595,0,0,26221,0,0,0,0,0,0,0,0,"F3710_mz353.1841_rt0.89",0,185172,185173,TRUE,8,1,2,"Fungal control-associated detection","Early RT","No MS/MS assignment","Unknown"
3733,1.17,355.17358,"Unknown","[M+H]+","ion correlated with 4167; ion correlated with 4019; ion correlated with 1764; ion correlated with 4640; ion correlated with 4223; ion correlated with 4153; ion correlated with 4192; ion correlated with 3143; ion correlated with 4250; ion correlated with 1598; ion correlated with 1870; ion correlated with 4797; ion correlated with 4792; ion correlated with 2013; ion correlated with 4871",0.107,FALSE,"null","null","null","null","null","null",999,FALSE,FALSE,FALSE,"null","null","null","null","null",55.77,0,0,0,0,2544,2200,1695,7076,4878,0,0,0,11004,507570,413162,255331,3546,0,0,0,0,8040,60636,30207,4771,0,0,0,"F3733_mz355.1736_rt1.17",0,507570,507571,TRUE,14,1,2,"Fungal control-associated detection","RT >= 1 min","No MS/MS assignment","Unknown"
3742,4.53,357.18314,"Unknown","[M+H]+","ion correlated with 4586; ion correlated with 3682; ion correlated with 2527; ion correlated with 2710; ion correlated with 2877; ion correlated with 3526; ion correlated with 3827; ion correlated with 3114",0.036,FALSE,"null","null","null","null","null","null",999,FALSE,FALSE,FALSE,"null","null","null","null","null",26.07,0,0,0,0,1492,1846,2191,0,0,0,0,0,2717,40735,81388,144337,0,0,1794,2169,1749,0,3432,0,1587,0,2882,0,"F3742_mz357.1831_rt4.53",0,144337,144338,TRUE,13,2,0,"Fungal out-associated detection","RT >= 1 min","No MS/MS assignment","Unknown"
3746,2.08,357.20392,"Unknown","[M+H]+","ion correlated with 3520; ion correlated with 1751; ion correlated with 2381; ion correlated with 2674; ion correlated with 3323; ion correlated with 3503; ion correlated with 5004; ion correlated with 5012; ion correlated with 3703; ion correlated with 3079; found in higher mz's MsMs_5012",0.107,TRUE,"null","null","null","null","null","null",999,FALSE,FALSE,FALSE,"null","null","null","null","null",2763.29,0,0,0,0,0,0,0,0,3208,2508,0,0,0,16508531,12708528,15110422,2186,0,0,0,4062,0,102020,11208,32103,0,0,0,"F3746_mz357.2039_rt2.08",0,16508531,16508532,TRUE,10,1,2,"Fungal control-associated detection","RT >= 1 min","MS/MS available","Unknown"
3760,1.736,358.29556,"Unknown","[M+H]+","ion correlated with 2585",0.107,TRUE,"null","null","null","null","null","null",999,FALSE,FALSE,FALSE,"null","null","null","null","null",145.84,5663,0,0,0,0,0,0,3224,14792,2117,2724,0,0,940225,788638,1163341,0,0,0,0,0,0,0,0,0,0,0,0,"F3760_mz358.2956_rt1.74",1887.66666666667,1163341,615.959406989057,TRUE,7,0,3,"Fungal control-associated detection","RT >= 1 min","MS/MS available","Unknown"
3772,1.167,359.14929,"Unknown","[M+H]+","ion correlated with 1747; ion correlated with 1764; ion correlated with 4684; ion correlated with 4543; ion correlated with 3898; ion correlated with 3143; ion correlated with 1598; ion correlated with 4719; ion correlated with 4341; ion correlated with 4166; ion correlated with 798; ion correlated with 4952; ion correlated with 3635; ion correlated with 4743; ion correlated with 4797; ion correlated with 4792; ion correlated with 2013; ion correlated with 4871; ion correlated with 4381",0.107,FALSE,"null","null","null","null","null","null",999,FALSE,FALSE,FALSE,"null","null","null","null","null",56.08,0,0,0,0,0,0,0,11342,4541,6515,0,0,7000,749535,234380,373958,0,0,0,5235,0,0,25014,9738,18540,0,0,0,"F3772_mz359.1493_rt1.17",0,749535,749536,TRUE,11,1,3,"Fungal control-associated detection","RT >= 1 min","No MS/MS assignment","Unknown"
3774,0.924,359.18176,"Unknown","[M+H]+",NA,0.179,FALSE,"null","null","null","null","null","null",999,FALSE,FALSE,FALSE,"null","null","null","null","null",52.17,0,0,0,0,0,0,0,71931,160009,176896,68914,189811,226520,0,0,0,16836,21497,0,113945,0,0,0,0,0,0,0,0,"F3774_mz359.1818_rt0.92",0,226520,226521,TRUE,9,1,3,"Fungal control-associated detection","Early RT","No MS/MS assignment","Unknown"
3828,0.404,364.91946,"Unknown","[M+H]+","ion correlated with 20; ion correlated with 371",0.143,FALSE,"null","null","null","null","null","null",999,FALSE,FALSE,FALSE,"null","null","null","null","null",180.5,0,0,0,0,107511,56478,60273,0,19704,19310,25134,10716,0,24146,0,0,0,0,0,0,0,20030,46959,41494,47070,272217,180762,186503,"F3828_mz364.9195_rt0.4",0,272217,272218,TRUE,15,1,2,"Fungal control-associated detection","Very early RT","No MS/MS assignment","Unknown"
3837,0.938,365.19247,"Unknown","[M+H]+","ion correlated with 2391; ion correlated with 3690; ion correlated with 3965",0.214,FALSE,"null","null","null","null","null","null",999,FALSE,FALSE,FALSE,"null","null","null","null","null",241.2,0,0,0,0,0,0,0,348945,252574,160251,324043,562863,459380,0,0,0,8598,18548,32403,0,47211,0,0,0,0,0,0,0,"F3837_mz365.1925_rt0.94",0,562863,562864,TRUE,10,1,3,"Fungal control-associated detection","Early RT","No MS/MS assignment","Unknown"
3843,1.294,366.1377,"Unknown","[M+H]+","ion correlated with 3857",0.107,TRUE,"null","null","null","null","null","null",999,FALSE,FALSE,FALSE,"null","null","null","null","null",107.82,0,0,0,0,0,0,0,0,0,0,114347,812733,460091,0,0,0,4454,16303,7950,0,6047,3280,0,0,0,0,0,0,"F3843_mz366.1377_rt1.29",0,812733,812734,TRUE,8,2,0,"Fungal out-associated detection","RT >= 1 min","MS/MS available","Unknown"
3862,1.943,367.24576,"Unknown","[M+H]+","ion correlated with 3808; ion correlated with 2127; ion correlated with 3216",0.107,FALSE,"null","null","null","null","null","null",999,FALSE,FALSE,FALSE,"null","null","null","null","null",38.64,0,1495,1514,0,1605,1628,1559,576,0,0,0,0,2400,0,0,2880,3378,0,0,2827,1750,2027,163769,258407,254520,2933,3385,0,"F3862_mz367.2458_rt1.94",1003,258407,257.378486055777,TRUE,15,3,1,"Fungal out-associated detection","RT >= 1 min","No MS/MS assignment","Unknown"
3863,1.779,367.24615,"Unknown","[M+H]+","ion correlated with 2126; ion correlated with 3807",0.071,FALSE,"null","null","null","null","null","null",999,FALSE,FALSE,FALSE,"null","null","null","null","null",24.61,0,2924,0,0,1830,2206,335,3210,2248,3176,0,2477,2089,40111,24089,2748,1092,3574,1800,2546,0,0,71634,154289,146626,1532,0,2124,"F3863_mz367.2462_rt1.78",974.666666666667,154289,158.138025281859,TRUE,20,1,3,"Fungal control-associated detection","RT >= 1 min","No MS/MS assignment","Unknown"
3870,1.359,368.24374,"Unknown","[M+H]+","ion correlated with 2996; ion correlated with 2121; ion correlated with 3382; ion correlated with 3795; ion correlated with 4977; ion correlated with 3872",0.036,FALSE,"null","null","null","null","null","null",999,FALSE,FALSE,FALSE,"null","null","null","null","null",34.99,0,0,0,0,0,0,0,0,3508,4995,0,0,0,488992,344376,702498,0,0,0,0,0,0,0,0,0,0,0,0,"F3870_mz368.2437_rt1.36",0,702498,702499,TRUE,5,0,2,"Fungal control-associated detection","RT >= 1 min","No MS/MS assignment","Unknown"
3875,1.044,369.11877,"Unknown","[M+H]+",NA,0.036,FALSE,"null","null","null","null","null","null",999,FALSE,FALSE,FALSE,"null","null","null","null","null",99.58,0,0,0,0,0,0,0,9194,7469,8747,0,18831,24693,134739,159375,74387,0,6973,0,0,0,0,12917,60119,23947,0,0,0,"F3875_mz369.1188_rt1.04",0,159375,159376,TRUE,12,0,3,"Fungal control-associated detection","RT >= 1 min","No MS/MS assignment","Unknown"
3884,1.617,370.19934,"Unknown","[M+H]+","ion correlated with 3281; ion correlated with 4053; ion correlated with 4748; ion correlated with 2185; ion correlated with 2023; ion correlated with 1898; ion correlated with 3199; ion correlated with 3441; ion correlated with 3747; ion correlated with 3320; ion correlated with 3704; ion correlated with 2119; ion correlated with 3353; ion correlated with 3109",0.071,FALSE,"null","null","null","null","null","null",999,FALSE,FALSE,FALSE,"null","null","null","null","null",64.84,0,0,0,0,0,0,0,4694,2494,2788,0,0,0,162374,95220,228915,0,0,0,0,0,0,0,0,0,1717,0,1986,"F3884_mz370.1993_rt1.62",0,228915,228916,TRUE,8,0,3,"Fungal control-associated detection","RT >= 1 min","No MS/MS assignment","Unknown"
3909,1.884,373.19901,"Unknown","[M+H]+","ion correlated with 3494; ion correlated with 3283",0.107,TRUE,"null","null","null","null","null","null",999,FALSE,FALSE,FALSE,"null","null","null","null","null",253.79,0,0,0,0,0,0,0,0,590,2673,3340,0,0,2132289,1314387,1930842,0,0,2454,0,2603,0,0,0,2556,0,0,0,"F3909_mz373.199_rt1.88",0,2132289,2132290,TRUE,9,1,2,"Fungal control-associated detection","RT >= 1 min","MS/MS available","Unknown"
3916,0.659,374.16705,"Unknown","[M+H]+",NA,0.071,FALSE,"null","null","null","null","null","null",999,FALSE,FALSE,FALSE,"null","null","null","null","null",2908.73,0,0,0,0,0,0,0,106919,0,41270,128114,125500,165373,0,0,0,0,0,0,0,0,0,0,0,0,0,0,0,"F3916_mz374.1671_rt0.66",0,165373,165374,TRUE,5,0,2,"Fungal control-associated detection","Early RT","No MS/MS assignment","Unknown"
3925,1.434,374.29077,"Unknown","[M+H]+","ion correlated with 1599; ion correlated with 3655; ion correlated with 3711; ion correlated with 3249; ion correlated with 4926; ion correlated with 4972; ion correlated with 3440; ion correlated with 3556; ion correlated with 3050; ion correlated with 5120; ion correlated with 3298; ion correlated with 3110; ion correlated with 4134",0.107,FALSE,"null","null","null","null","null","null",999,FALSE,FALSE,FALSE,"null","null","null","null","null",56.23,0,0,0,0,0,0,0,3091,0,5418,0,0,0,203502,123032,211418,0,0,0,0,0,2961,0,0,0,0,0,0,"F3925_mz374.2908_rt1.43",0,211418,211419,TRUE,6,1,2,"Fungal control-associated detection","RT >= 1 min","No MS/MS assignment","Unknown"
3927,0.419,374.80936,"Unknown","[M+H]+","ion correlated with 3696; ion correlated with 4259; ion correlated with 4582; ion correlated with 4463; ion correlated with 4476; ion correlated with 4725; ion correlated with 4731; ion correlated with 3230; ion correlated with 2200; ion correlated with 998; ion correlated with 1872; ion correlated with 2220; ion correlated with 4124; ion correlated with 3142; ion correlated with 3708; ion correlated with 3388",0.107,FALSE,"null","null","null","null","null","null",999,FALSE,FALSE,FALSE,"null","null","null","null","null",7385.46,0,0,0,0,0,0,0,20167,0,0,8744,0,0,437769,245654,424396,0,6312,0,11378,9475,7184,0,0,0,6955,0,0,"F3927_mz374.8094_rt0.42",0,437769,437770,TRUE,10,3,1,"Fungal out-associated detection","Very early RT","No MS/MS assignment","Unknown"
3929,1.155,375.14444,"Unknown","[M+H]+","ion correlated with 4807; ion correlated with 4490",0.179,FALSE,"null","null","null","null","null","null",999,FALSE,FALSE,FALSE,"null","null","null","null","null",1413.34,0,0,0,0,0,0,0,18358,5334,0,0,0,5084,545025,364042,455798,4149,0,0,0,0,5999,164324,139065,205813,0,0,0,"F3929_mz375.1444_rt1.16",0,545025,545026,TRUE,11,1,2,"Fungal control-associated detection","RT >= 1 min","No MS/MS assignment","Unknown"
3932,0.906,375.21338,"Unknown","[M+H]+",NA,0.143,FALSE,"null","null","null","null","null","null",999,FALSE,FALSE,FALSE,"null","null","null","null","null",3484.12,0,0,0,0,0,0,0,324508,25023,333232,26964,312800,366742,47900,18761,29683,26366,188535,0,14630,0,0,0,0,0,2187,3138,0,"F3932_mz375.2134_rt0.91",0,366742,366743,TRUE,14,1,3,"Fungal control-associated detection","Early RT","No MS/MS assignment","Unknown"
3937,1.015,376.16068,"Unknown","[M+H]+","ion correlated with 3955; ion correlated with 4029; ion correlated with 1654; ion correlated with 4201; ion correlated with 1405; ion correlated with 3171; ion correlated with 3624; ion correlated with 792; ion correlated with 2793; ion correlated with 4037; ion correlated with 3608; ion correlated with 1217; ion correlated with 4207; ion correlated with 3309; ion correlated with 4550; ion correlated with 4658; ion correlated with 4257; ion correlated with 4759; ion correlated with 1837; ion correlated with 4035; ion correlated with 4557; ion correlated with 2094; ion correlated with 3349; ion correlated with 799; ion correlated with 4338",0.107,FALSE,"null","null","null","null","null","null",999,FALSE,FALSE,FALSE,"null","null","null","null","null",16653.16,0,0,0,0,0,0,0,15450,21998,0,0,3413,10938,1013470,755128,729376,0,0,4283,11405,0,0,0,0,0,0,0,0,"F3937_mz376.1607_rt1.01",0,1013470,1013471,TRUE,9,1,2,"Fungal control-associated detection","RT >= 1 min","No MS/MS assignment","Unknown"
3939,1.409,376.17609,"Unknown","[M+H]+","ion correlated with 3773",0.036,FALSE,"null","null","null","null","null","null",999,FALSE,FALSE,FALSE,"null","null","null","null","null",27.6,0,0,0,0,0,0,0,5560,2546,0,0,0,0,78460,36484,449340,0,2850,0,0,0,0,11826,5711,8628,0,0,0,"F3939_mz376.1761_rt1.41",0,449340,449341,TRUE,9,0,2,"Fungal control-associated detection","RT >= 1 min","No MS/MS assignment","Unknown"
3948,1.216,377.19376,"Unknown","[M+H]+","ion correlated with 4681",0.036,FALSE,"null","null","null","null","null","null",999,FALSE,FALSE,FALSE,"null","null","null","null","null",9.8,0,0,0,0,0,0,0,0,3854,5096,0,3855,0,52712,121482,71786,0,2887,0,0,0,5631,0,0,0,0,0,0,"F3948_mz377.1938_rt1.22",0,121482,121483,TRUE,8,1,2,"Fungal control-associated detection","RT >= 1 min","No MS/MS assignment","Unknown"
3949,0.455,377.20288,"Unknown","[M+H]+",NA,0.036,FALSE,"null","null","null","null","null","null",999,FALSE,FALSE,FALSE,"null","null","null","null","null",2086.78,0,2565,0,0,0,0,0,0,104339,36860,0,0,0,0,17150,0,0,0,0,0,0,43089,0,0,0,0,0,0,"F3949_mz377.2029_rt0.46",855,104339,121.892523364486,TRUE,4,1,2,"Fungal control-associated detection","Very early RT","No MS/MS assignment","Unknown"
3953,9.698,377.73904,"Unknown","[M+2H]2+","ion correlated with 5114; ion correlated with 5054",0.107,FALSE,"null","null","null","null","null","null",999,FALSE,FALSE,FALSE,"null","null","null","null","null",6209.5,0,0,0,0,0,0,0,355560,330062,0,0,0,0,0,0,245804,0,0,0,0,0,0,0,0,0,0,0,0,"F3953_mz377.739_rt9.7",0,355560,355561,TRUE,3,0,2,"Fungal control-associated detection","RT >= 1 min","No MS/MS assignment","Unknown"
3956,1.281,378.21298,"Unknown","[M+H]+","ion correlated with 3642; ion correlated with 3886; ion correlated with 4174; ion correlated with 4159; ion correlated with 3815; ion correlated with 3513",0.036,FALSE,"null","null","null","null","null","null",999,FALSE,FALSE,FALSE,"null","null","null","null","null",2892.94,0,0,0,0,0,0,0,0,0,0,4004,0,0,72597,11266,144647,2651,0,0,2755,3873,0,0,0,0,0,0,0,"F3956_mz378.213_rt1.28",0,144647,144648,TRUE,7,2,0,"Fungal out-associated detection","RT >= 1 min","No MS/MS assignment","Unknown"
3985,0.737,381.18716,"Unknown","[M+H]+","ion correlated with 3539",0.071,FALSE,"null","null","null","null","null","null",999,FALSE,FALSE,FALSE,"null","null","null","null","null",126.06,0,0,0,0,0,0,0,87745,33388,0,83365,145737,163885,0,0,0,0,0,0,0,0,0,0,0,0,0,0,0,"F3985_mz381.1872_rt0.74",0,163885,163886,TRUE,5,0,2,"Fungal control-associated detection","Early RT","No MS/MS assignment","Unknown"
3986,0.884,381.18738,"Unknown","[M+H]+","ion correlated with 2925; ion correlated with 2634; ion correlated with 2653",0.071,FALSE,"null","null","null","null","null","null",999,FALSE,FALSE,FALSE,"null","null","null","null","null",2903.01,0,0,0,0,0,0,0,102121,43872,0,122583,281529,263978,0,0,0,0,37291,12844,0,0,0,0,0,0,0,0,0,"F3986_mz381.1874_rt0.88",0,281529,281530,TRUE,7,0,2,"Fungal control-associated detection","Early RT","No MS/MS assignment","Unknown"
3989,0.465,382.13498,"Unknown","[M+H]+",NA,0.036,FALSE,"null","null","null","null","null","null",999,FALSE,FALSE,FALSE,"null","null","null","null","null",35.02,0,0,0,0,0,0,0,195332,64399,44173,71387,50495,54727,0,0,0,20252,0,21924,0,0,0,0,0,0,0,0,0,"F3989_mz382.135_rt0.47",0,195332,195333,TRUE,8,0,3,"Fungal control-associated detection","Very early RT","No MS/MS assignment","Unknown"
4004,0.47,383.20291,"Unknown","[M+H]+",NA,0.071,FALSE,"null","null","null","null","null","null",999,FALSE,FALSE,FALSE,"null","null","null","null","null",125.02,0,0,0,0,0,0,0,179361,131617,131055,277897,285163,411655,0,0,0,17846,0,0,0,0,54062,0,0,0,0,0,0,"F4004_mz383.2029_rt0.47",0,411655,411656,TRUE,8,1,3,"Fungal control-associated detection","Very early RT","No MS/MS assignment","Unknown"
4021,0.973,385.16177,"Unknown","[M+H]+","ion correlated with 4181",0.071,FALSE,"null","null","null","null","null","null",999,FALSE,FALSE,FALSE,"null","null","null","null","null",71.3,0,0,0,0,0,0,0,151148,41030,79903,75455,122363,121658,0,0,0,0,0,0,0,11930,0,0,0,0,0,0,0,"F4021_mz385.1618_rt0.97",0,151148,151149,TRUE,7,1,3,"Fungal control-associated detection","Early RT","No MS/MS assignment","Unknown"
4025,0.486,385.98184,"Unknown","[M+H]+",NA,0.036,FALSE,"null","null","null","null","null","null",999,FALSE,FALSE,FALSE,"null","null","null","null","null",2448.41,5621,0,0,0,62151,122421,86344,0,13002,13994,0,0,0,0,0,0,0,0,0,0,0,0,0,0,0,4824,19810,13841,"F4025_mz385.9818_rt0.49",1873.66666666667,122421,65.3033428165007,TRUE,8,0,2,"Fungal control-associated detection","Very early RT","No MS/MS assignment","Unknown"
4029,0.986,386.20251,"Unknown","[M+H]+","ion correlated with 2902; ion correlated with 1929; ion correlated with 1904; ion correlated with 3955; ion correlated with 1654; ion correlated with 4201; ion correlated with 1405; ion correlated with 3171; ion correlated with 3624; ion correlated with 792; ion correlated with 3937; ion correlated with 4207; ion correlated with 3309; ion correlated with 4550; ion correlated with 4658",0.107,FALSE,"null","null","null","null","null","null",999,FALSE,FALSE,FALSE,"null","null","null","null","null",6636.82,0,0,0,0,0,0,0,25795,0,0,26860,5891,0,802098,373693,591990,8392,0,0,14196,17180,0,0,0,0,0,0,0,"F4029_mz386.2025_rt0.99",0,802098,802099,TRUE,9,2,1,"Fungal out-associated detection","Early RT","No MS/MS assignment","Unknown"
4032,9.693,386.72482,"Unknown","[M+H]+",NA,0.036,FALSE,"null","null","null","null","null","null",999,FALSE,FALSE,FALSE,"null","null","null","null","null",2912.22,0,0,0,0,0,0,0,145611,55664,0,0,0,0,0,0,0,0,0,0,0,0,0,0,0,32406,0,0,0,"F4032_mz386.7248_rt9.69",0,145611,145612,TRUE,3,0,2,"Fungal control-associated detection","RT >= 1 min","No MS/MS assignment","Unknown"
4038,1.154,388.19711,"Unknown","[M+H]+","ion correlated with 4844; ion correlated with 4348; ion correlated with 1625; ion correlated with 4061; ion correlated with 4076; ion correlated with 1665",0.071,FALSE,"null","null","null","null","null","null",999,FALSE,FALSE,FALSE,"null","null","null","null","null",102.11,0,0,0,0,0,1954,0,0,0,4084,4113,4103,7780,927856,277802,53078,3602,0,0,0,3925,4421,11578,7678,25304,1989,0,0,"F4038_mz388.1971_rt1.15",0,927856,927857,TRUE,15,2,1,"Fungal out-associated detection","RT >= 1 min","No MS/MS assignment","Unknown"
4039,1.252,388.19717,"Unknown","[M+H]+","ion correlated with 1431; ion correlated with 3883",0.036,TRUE,"null","null","null","null","null","null",999,FALSE,FALSE,FALSE,"null","null","null","null","null",190.22,0,0,0,0,1268,1785,0,0,0,6696,6450,0,8066,1002827,37995,0,0,0,0,3116,4806,10505,0,0,0,0,0,0,"F4039_mz388.1972_rt1.25",0,1002827,1002828,TRUE,10,3,1,"Fungal out-associated detection","RT >= 1 min","MS/MS available","Unknown"
4058,0.976,390.17633,"Unknown","[M+H]+","ion correlated with 3771",0.036,FALSE,"null","null","null","null","null","null",999,FALSE,FALSE,FALSE,"null","null","null","null","null",74.01,0,0,0,0,0,0,0,0,0,0,39593,11669,13822,146613,67794,176117,0,0,0,24733,0,28466,0,0,0,0,0,0,"F4058_mz390.1763_rt0.98",0,176117,176118,TRUE,8,2,0,"Fungal out-associated detection","Early RT","No MS/MS assignment","Unknown"
4066,0.478,391.1832,"Unknown","[M+H]+",NA,0.107,FALSE,"null","null","null","null","null","null",999,FALSE,FALSE,FALSE,"null","null","null","null","null",719.04,0,0,0,0,0,0,0,39159,133861,51418,0,100641,147795,0,0,0,0,0,0,0,0,0,0,0,0,0,0,0,"F4066_mz391.1832_rt0.48",0,147795,147796,TRUE,5,0,3,"Fungal control-associated detection","Very early RT","No MS/MS assignment","Unknown"
4071,0.714,391.26581,"Unknown","[M+H]+",NA,0.036,FALSE,"null","null","null","null","null","null",999,FALSE,FALSE,FALSE,"null","null","null","null","null",39.92,0,0,0,0,2815,0,3455,17332,121483,83380,0,0,0,0,0,0,0,0,0,0,19072,0,0,0,0,0,0,0,"F4071_mz391.2658_rt0.71",0,121483,121484,TRUE,6,1,3,"Fungal control-associated detection","Early RT","No MS/MS assignment","Unknown"
4080,1.167,393.18884,"Unknown","[M+H]+","ion correlated with 3638; ion correlated with 4167; ion correlated with 4019; ion correlated with 4739; ion correlated with 3194; ion correlated with 4640; ion correlated with 3022; ion correlated with 4223; ion correlated with 4153; ion correlated with 4618; ion correlated with 4333; ion correlated with 4192; ion correlated with 4307; ion correlated with 4250; ion correlated with 4110; ion correlated with 2740; ion correlated with 4206; ion correlated with 4003; ion correlated with 3957; ion correlated with 4041; ion correlated with 4656; ion correlated with 4789; ion correlated with 4803; ion correlated with 4806; ion correlated with 3600",0.107,FALSE,"null","null","null","null","null","null",999,FALSE,FALSE,FALSE,"null","null","null","null","null",30.52,0,0,0,0,0,0,1387,4974,0,4575,0,4030,4519,208767,248842,200793,0,0,0,0,0,0,0,0,0,1998,0,0,"F4080_mz393.1888_rt1.17",0,248842,248843,TRUE,9,0,2,"Fungal control-associated detection","RT >= 1 min","No MS/MS assignment","Unknown"
4105,1.883,396.27512,"Unknown","[M+H]+","ion correlated with 3998; ion correlated with 3871; ion correlated with 1995; ion correlated with 3693; ion correlated with 4050; ion correlated with 3176; ion correlated with 2401; ion correlated with 2581; ion correlated with 3995; ion correlated with 4917; ion correlated with 4931; ion correlated with 3133",0.071,FALSE,"null","null","null","null","null","null",999,FALSE,FALSE,FALSE,"null","null","null","null","null",6.67,0,0,0,0,0,0,0,4278,2628,0,0,0,0,136548,103480,163340,0,0,0,0,0,0,0,0,0,0,2008,0,"F4105_mz396.2751_rt1.88",0,163340,163341,TRUE,6,0,2,"Fungal control-associated detection","RT >= 1 min","No MS/MS assignment","Unknown"
4117,5.739,398.23068,"Unknown","[M+H]+","ion correlated with 4358; ion correlated with 3908; ion correlated with 4091; ion correlated with 4273; ion correlated with 3316; ion correlated with 3749",0.107,FALSE,"null","null","null","null","null","null",999,FALSE,FALSE,FALSE,"null","null","null","null","null",26.54,0,0,0,0,0,0,0,5159,0,0,0,0,0,138221,129037,134572,0,0,2851,1599,1384,0,101411,89179,97893,1318,0,0,"F4117_mz398.2307_rt5.74",0,138221,138222,TRUE,11,2,1,"Fungal out-associated detection","RT >= 1 min","No MS/MS assignment","Unknown"
4145,1.697,403.20969,"Unknown","[M+H]+","ion correlated with 2119; ion correlated with 2951; ion correlated with 3353; ion correlated with 2677; ion correlated with 3109; ion correlated with 3259; ion correlated with 3612; ion correlated with 3001; ion correlated with 2561; ion correlated with 3760",0.107,FALSE,"null","null","null","null","null","null",999,FALSE,FALSE,FALSE,"null","null","null","null","null",1366.75,0,0,0,0,0,0,0,0,0,0,12426,2542,3508,201556,114971,262276,0,1743,0,2487,0,2893,0,0,0,0,0,0,"F4145_mz403.2097_rt1.7",0,262276,262277,TRUE,9,2,0,"Fungal out-associated detection","RT >= 1 min","No MS/MS assignment","Unknown"
4165,1.048,406.20773,"Unknown","[M+H]+","ion correlated with 3171; ion correlated with 1458; ion correlated with 792; ion correlated with 3311; ion correlated with 1088; ion correlated with 4759; ion correlated with 2865; ion correlated with 4035; ion correlated with 799; ion correlated with 4338; ion correlated with 1439; ion correlated with 2012; ion correlated with 4844",0.107,FALSE,"null","null","null","null","null","null",999,FALSE,FALSE,FALSE,"null","null","null","null","null",499.58,0,0,0,0,0,0,0,0,0,19903,5491,7319,13541,1471372,461332,554964,0,6034,4919,6816,10291,0,32403,0,6417,2560,0,0,"F4165_mz406.2077_rt1.05",0,1471372,1471373,TRUE,14,2,1,"Fungal out-associated detection","RT >= 1 min","No MS/MS assignment","Unknown"
4168,0.393,406.40247,"Unknown","[M+H]+",NA,0.071,FALSE,"null","null","null","null","null","null",999,FALSE,FALSE,FALSE,"null","null","null","null","null",103.93,0,0,0,0,44584,5512,31005,7797,18282,0,12279,3970,0,0,0,0,0,0,0,0,0,0,0,0,0,100698,55205,169662,"F4168_mz406.4025_rt0.39",0,169662,169663,TRUE,10,0,2,"Fungal control-associated detection","Very early RT","No MS/MS assignment","Unknown"
4173,0.513,407.16666,"Unknown","[M+H]+","ion correlated with 4282; ion correlated with 4190; ion correlated with 4356",0.036,FALSE,"null","null","null","null","null","null",999,FALSE,FALSE,FALSE,"null","null","null","null","null",178.92,0,0,0,0,0,0,0,244047,50740,49793,0,0,0,0,0,0,0,0,0,0,0,0,0,0,0,0,0,0,"F4173_mz407.1667_rt0.51",0,244047,244048,TRUE,3,0,3,"Fungal control-associated detection","Early RT","No MS/MS assignment","Unknown"
4181,0.95,408.19763,"Unknown","[M+H]+","ion correlated with 4021",0.107,FALSE,"null","null","null","null","null","null",999,FALSE,FALSE,FALSE,"null","null","null","null","null",1327.24,0,0,0,0,0,0,0,200110,85650,63684,59185,184723,155321,0,0,7524,0,12340,0,0,0,0,0,0,0,0,0,0,"F4181_mz408.1976_rt0.95",0,200110,200111,TRUE,8,0,3,"Fungal control-associated detection","Early RT","No MS/MS assignment","Unknown"
4182,0.864,408.198,"Unknown","[M+H]+","ion correlated with 3800; ion correlated with 2734; ion correlated with 3006; ion correlated with 3015; ion correlated with 4199",0.036,FALSE,"null","null","null","null","null","null",999,FALSE,FALSE,FALSE,"null","null","null","null","null",2933.28,0,0,0,0,0,0,0,20420,26009,0,12180,146664,97043,0,0,0,14838,0,0,0,0,0,0,0,0,0,0,0,"F4182_mz408.198_rt0.86",0,146664,146665,TRUE,6,0,2,"Fungal control-associated detection","Early RT","No MS/MS assignment","Unknown"
4187,0.484,408.23419,"Unknown","[M+H]+",NA,0.036,FALSE,"null","null","null","null","null","null",999,FALSE,FALSE,FALSE,"null","null","null","null","null",98.1,0,0,0,0,0,0,0,141228,77323,0,0,0,0,0,0,0,0,0,0,0,0,0,0,0,0,0,0,0,"F4187_mz408.2342_rt0.48",0,141228,141229,TRUE,2,0,2,"Fungal control-associated detection","Very early RT","No MS/MS assignment","Unknown"
4191,1.061,409.18369,"Unknown","[M+H]+",NA,0.107,FALSE,"null","null","null","null","null","null",999,FALSE,FALSE,FALSE,"null","null","null","null","null",3953.52,0,0,0,0,0,0,0,0,417950,7439,0,4318,0,261997,250646,341714,0,0,0,0,6760,0,23200,5618,14156,0,0,0,"F4191_mz409.1837_rt1.06",0,417950,417951,TRUE,10,1,2,"Fungal control-associated detection","RT >= 1 min","No MS/MS assignment","Unknown"
4195,4.889,409.27417,"Unknown","[M+H]+","ion correlated with 4418",0.107,TRUE,"null","null","null","null","null","null",999,FALSE,FALSE,FALSE,"null","null","null","null","null",58.78,0,0,1774,0,0,0,2908,0,0,0,0,0,0,1020944,505080,838110,1616,1405,1652,1470,2635,0,27963,5675,7044,0,1388,0,"F4195_mz409.2742_rt4.89",591.333333333333,1020944,1723.59876195836,TRUE,13,2,0,"Fungal out-associated detection","RT >= 1 min","MS/MS available","Unknown"
4196,4.528,409.27448,"Unknown","[M+H]+","ion correlated with 2383; ion correlated with 3324; ion correlated with 3519",0.107,FALSE,"null","null","null","null","null","null",999,FALSE,FALSE,FALSE,"null","null","null","null","null",15.17,0,1614,1560,0,1452,0,1392,0,0,0,0,3199,0,193971,151051,249914,0,0,0,2713,1950,0,0,0,1389,0,0,0,"F4196_mz409.2745_rt4.53",1058,249914,235.991501416431,TRUE,9,2,0,"Fungal out-associated detection","RT >= 1 min","No MS/MS assignment","Unknown"
4197,4.406,409.27451,"Unknown","[M+H]+","ion correlated with 1465",0.071,FALSE,"null","null","null","null","null","null",999,FALSE,FALSE,FALSE,"null","null","null","null","null",5.77,0,1253,0,0,0,0,0,0,1504,0,0,1482,1585,124738,81571,156564,0,0,0,1948,0,1328,0,0,0,1742,1588,0,"F4197_mz409.2745_rt4.41",417.666666666667,156564,373.960987261146,TRUE,10,2,1,"Fungal out-associated detection","RT >= 1 min","No MS/MS assignment","Unknown"
4200,0.461,410.1665,"Unknown","[M+H]+",NA,0.071,FALSE,"null","null","null","null","null","null",999,FALSE,FALSE,FALSE,"null","null","null","null","null",34.03,0,0,0,0,0,0,0,280588,39336,0,38305,140073,162724,0,0,0,0,58730,0,0,0,0,15860,0,0,0,0,0,"F4200_mz410.1665_rt0.46",0,280588,280589,TRUE,7,0,2,"Fungal control-associated detection","Very early RT","No MS/MS assignment","Unknown"
4207,1.039,411.16312,"Unknown","[M+H]+","ion correlated with 1654; ion correlated with 1405; ion correlated with 3171; ion correlated with 3624; ion correlated with 2793; ion correlated with 3937; ion correlated with 4037; ion correlated with 3608; ion correlated with 4687; ion correlated with 1217; ion correlated with 3309; ion correlated with 4550; ion correlated with 4658; ion correlated with 4035; ion correlated with 392; ion correlated with 3830; ion correlated with 4649; ion correlated with 819; ion correlated with 3463; ion correlated with 4722",0.143,TRUE,"null","null","null","null","null","null",999,FALSE,FALSE,FALSE,"null","null","null","null","null",6435.48,0,0,0,0,0,0,0,61745,24619,0,13087,55232,60870,1018987,693221,1052560,0,0,0,0,0,7686,205058,92856,71741,0,0,0,"F4207_mz411.1631_rt1.04",0,1052560,1052561,TRUE,12,1,2,"Fungal control-associated detection","RT >= 1 min","MS/MS available","Unknown"
4223,1.13,414.23376,"Unknown","[M+H]+","ion correlated with 3349; ion correlated with 2128; ion correlated with 4649; ion correlated with 4486; ion correlated with 4283; ion correlated with 4310; ion correlated with 3491; ion correlated with 4603; ion correlated with 598; ion correlated with 4597; ion correlated with 3638; ion correlated with 4167; ion correlated with 4019; ion correlated with 1764; ion correlated with 4724; ion correlated with 3194; ion correlated with 4640; ion correlated with 3022; ion correlated with 4647; ion correlated with 4153; ion correlated with 4639; ion correlated with 4333; ion correlated with 4192; ion correlated with 4307; ion correlated with 3143; ion correlated with 4250; ion correlated with 4110; ion correlated with 4080; ion correlated with 4341; ion correlated with 3733; ion correlated with 4388; ion correlated with 2740; ion correlated with 4166; ion correlated with 4952; ion correlated with 3957; ion correlated with 4960; ion correlated with 4041; ion correlated with 3635; ion correlated with 4797; ion correlated with 4656; ion correlated with 4789; ion correlated with 4803; ion correlated with 4806",0.107,FALSE,"null","null","null","null","null","null",999,FALSE,FALSE,FALSE,"null","null","null","null","null",63.91,0,0,0,0,0,0,0,8925,8408,8819,0,0,0,312297,266964,222331,5390,5217,0,10610,0,0,6084,3720,0,0,1636,3237,"F4223_mz414.2338_rt1.13",0,312297,312298,TRUE,13,1,3,"Fungal control-associated detection","RT >= 1 min","No MS/MS assignment","Unknown"
4241,0.96,417.18762,"Unknown","[M+H]+","ion correlated with 3291; ion correlated with 4154; ion correlated with 4495",0.107,FALSE,"null","null","null","null","null","null",999,FALSE,FALSE,FALSE,"null","null","null","null","null",3123.39,0,0,0,0,0,0,0,312714,18983,0,34022,387048,450930,0,0,0,0,0,9924,0,17186,0,0,0,0,0,0,0,"F4241_mz417.1876_rt0.96",0,450930,450931,TRUE,7,1,2,"Fungal control-associated detection","Early RT","No MS/MS assignment","Unknown"
4249,0.426,418.95389,"Unknown","[M+H]+","ion correlated with 3696; ion correlated with 3829; ion correlated with 4413; ion correlated with 4463; ion correlated with 3508; ion correlated with 3069; ion correlated with 998; ion correlated with 1091; ion correlated with 1872; ion correlated with 4124; ion correlated with 3142; ion correlated with 1926",0.107,FALSE,"null","null","null","null","null","null",999,FALSE,FALSE,FALSE,"null","null","null","null","null",8941.85,0,0,0,0,0,0,0,0,0,10480,0,0,0,439774,493549,407955,0,6782,0,16009,17364,0,0,9608,0,0,0,0,"F4249_mz418.9539_rt0.43",0,493549,493550,TRUE,8,2,1,"Fungal out-associated detection","Very early RT","No MS/MS assignment","Unknown"
4257,1.045,420.1871,"Unknown","[M+H]+","ion correlated with 4201; ion correlated with 1405; ion correlated with 4483; ion correlated with 3937; ion correlated with 4037; ion correlated with 1217; ion correlated with 4550; ion correlated with 4658; ion correlated with 3562; ion correlated with 3741; ion correlated with 4035; ion correlated with 4557; ion correlated with 3349; ion correlated with 3962; ion correlated with 4649; ion correlated with 819; ion correlated with 3823; ion correlated with 4486; ion correlated with 3491; ion correlated with 4603; ion correlated with 3140; ion correlated with 1289",0.107,FALSE,"null","null","null","null","null","null",999,FALSE,FALSE,FALSE,"null","null","null","null","null",204.79,0,0,0,0,0,0,0,13441,0,12957,0,7359,11733,649949,701133,533220,0,5684,6474,7965,0,0,40079,39159,0,0,0,0,"F4257_mz420.1871_rt1.04",0,701133,701134,TRUE,12,1,2,"Fungal control-associated detection","RT >= 1 min","No MS/MS assignment","Unknown"
4260,0.423,420.9523,"Unknown","[M+H]+","ion correlated with 1923; ion correlated with 1042; ion correlated with 4957; ion correlated with 3946; ion correlated with 2628; ion correlated with 4589; ion correlated with 4630; ion correlated with 4891; ion correlated with 4695; ion correlated with 4424; ion correlated with 4476; ion correlated with 4731; ion correlated with 4249; ion correlated with 4623; ion correlated with 4824; ion correlated with 3531; ion correlated with 3661; ion correlated with 2566; ion correlated with 3273; ion correlated with 4528; ion correlated with 714; ion correlated with 1872; ion correlated with 2044; ion correlated with 4124; ion correlated with 4451; ion correlated with 4646; ion correlated with 2129; ion correlated with 3038; ion correlated with 2968",0.107,FALSE,"null","null","null","null","null","null",999,FALSE,FALSE,FALSE,"null","null","null","null","null",2282.87,0,0,0,0,0,0,0,0,0,0,0,0,0,121775,112059,108597,0,0,0,0,10498,6538,0,0,0,0,0,0,"F4260_mz420.9523_rt0.42",0,121775,121776,TRUE,5,2,0,"Fungal out-associated detection","Very early RT","No MS/MS assignment","Unknown"
4282,0.503,424.18207,"Unknown","[M+H]+","ion correlated with 4173; ion correlated with 4190; ion correlated with 4356; similar chromatogram in higher mz_4379; similar chromatogram in higher mz_4866",0.036,FALSE,"null","null","null","null","null","null",999,FALSE,FALSE,FALSE,"null","null","null","null","null",3496.61,0,0,0,0,0,0,0,174830,45374,40715,0,0,0,0,0,0,0,0,0,0,0,0,0,0,0,0,0,0,"F4282_mz424.1821_rt0.5",0,174830,174831,TRUE,3,0,3,"Fungal control-associated detection","Early RT","No MS/MS assignment","Unknown"
4284,0.986,424.23358,"Unknown","[M+H]+","ion correlated with 3460; ion correlated with 3662; ion correlated with 3961",0.107,TRUE,"null","null","null","null","null","null",999,FALSE,FALSE,FALSE,"null","null","null","null","null",67.81,0,0,1805,0,0,0,0,16864,13920,17914,0,0,12298,103930,391269,589695,0,0,0,0,0,0,0,0,0,0,0,0,"F4284_mz424.2336_rt0.99",601.666666666667,589695,978.477876106195,TRUE,7,0,3,"Fungal control-associated detection","Early RT","MS/MS available","Unknown"
4307,1.153,428.25006,"Unknown","[M+H]+","ion correlated with 4310; ion correlated with 4733; ion correlated with 3876; ion correlated with 4575; ion correlated with 598; ion correlated with 4597; ion correlated with 3638; ion correlated with 4167; ion correlated with 4019; ion correlated with 4724; ion correlated with 3194; ion correlated with 4640; ion correlated with 3022; ion correlated with 2690; ion correlated with 4223; ion correlated with 5140; ion correlated with 4647; ion correlated with 4838; ion correlated with 4153; ion correlated with 3739; ion correlated with 4333; ion correlated with 4192; ion correlated with 2871; ion correlated with 4250; ion correlated with 4110; ion correlated with 4080; ion correlated with 4388; ion correlated with 2740; ion correlated with 4206; ion correlated with 4003; ion correlated with 3957; ion correlated with 4960; ion correlated with 4041; ion correlated with 3635; ion correlated with 4656; ion correlated with 4789; ion correlated with 4803; ion correlated with 4806; ion correlated with 4448; ion correlated with 1381; ion correlated with 1635; ion correlated with 4100; ion correlated with 3600; ion correlated with 3904",0.107,FALSE,"null","null","null","null","null","null",999,FALSE,FALSE,FALSE,"null","null","null","null","null",37.75,0,0,0,0,0,0,0,4956,0,4306,7249,0,3870,191249,194661,204582,0,0,0,0,4340,0,4452,0,0,0,0,1663,"F4307_mz428.2501_rt1.15",0,204582,204583,TRUE,10,1,2,"Fungal control-associated detection","RT >= 1 min","No MS/MS assignment","Unknown"
4313,6.639,429.37323,"Unknown","[M+H]+",NA,0.071,TRUE,"null","null","null","null","null","null",999,FALSE,FALSE,FALSE,"null","null","null","null","null",125.79,0,0,0,0,0,0,0,1002086,999002,0,0,0,0,2623,1921,353528,0,0,0,0,0,0,0,0,7579,0,0,0,"F4313_mz429.3732_rt6.64",0,1002086,1002087,TRUE,6,0,2,"Fungal control-associated detection","RT >= 1 min","MS/MS available","Unknown"
4314,6.746,429.37338,"Unknown","[M+H]+",NA,0.036,TRUE,"null","null","null","null","null","null",999,FALSE,FALSE,FALSE,"null","null","null","null","null",30.17,0,0,994,0,0,0,0,1136595,865546,0,0,0,0,1061,7349,280260,0,0,0,0,0,0,0,0,10524,0,0,0,"F4314_mz429.3734_rt6.75",331.333333333333,1136595,3420.0481444333,TRUE,6,0,2,"Fungal control-associated detection","RT >= 1 min","MS/MS available","Unknown"
4320,1.076,430.26605,"Unknown","[M+H]+","ion correlated with 567; ion correlated with 4387; ion correlated with 4668; ion correlated with 4565; ion correlated with 4310; ion correlated with 3876; ion correlated with 4664; ion correlated with 2203; ion correlated with 4597; ion correlated with 4300; ion correlated with 4167; ion correlated with 4640; ion correlated with 3022; ion correlated with 2690; ion correlated with 4223",0.036,FALSE,"null","null","null","null","null","null",999,FALSE,FALSE,FALSE,"null","null","null","null","null",33.59,0,0,0,0,0,0,0,0,0,0,7396,0,0,89764,103026,86904,0,5403,0,9413,17734,10887,0,0,0,0,0,0,"F4320_mz430.266_rt1.08",0,103026,103027,TRUE,8,3,0,"Fungal out-associated detection","RT >= 1 min","No MS/MS assignment","Unknown"
4336,0.956,434.16599,"Unknown","[M+H]+","ion correlated with 3291",0.036,FALSE,"null","null","null","null","null","null",999,FALSE,FALSE,FALSE,"null","null","null","null","null",2087.32,0,0,0,0,0,0,0,104366,0,13993,46230,93685,91630,0,0,0,10245,0,0,0,0,0,0,0,0,0,0,0,"F4336_mz434.166_rt0.96",0,104366,104367,TRUE,6,0,2,"Fungal control-associated detection","Early RT","No MS/MS assignment","Unknown"
4337,0.47,434.18719,"Unknown","[M+H]+",NA,0.107,FALSE,"null","null","null","null","null","null",999,FALSE,FALSE,FALSE,"null","null","null","null","null",1882.37,0,0,0,0,0,0,0,190246,0,154998,0,36199,82380,61587,48464,52033,0,0,42090,0,0,115007,115756,165916,174523,0,0,0,"F4337_mz434.1872_rt0.47",0,190246,190247,TRUE,12,1,2,"Fungal control-associated detection","Very early RT","No MS/MS assignment","Unknown"
4348,1.109,436.21878,"Unknown","[M+H]+","ion correlated with 4881; ion correlated with 1628; ion correlated with 1439; ion correlated with 4938; ion correlated with 4215; ion correlated with 4844; ion correlated with 955; ion correlated with 4038",0.071,FALSE,"null","null","null","null","null","null",999,FALSE,FALSE,FALSE,"null","null","null","null","null",179.17,0,0,0,0,0,0,0,0,5007,0,0,4024,0,672440,262228,48354,0,14246,0,14033,6279,0,19374,4622,0,0,0,0,"F4348_mz436.2188_rt1.11",0,672440,672441,TRUE,10,2,1,"Fungal out-associated detection","RT >= 1 min","No MS/MS assignment","Unknown"
4356,0.522,439.1568,"Unknown","[M+H]+","ion correlated with 4173; ion correlated with 4190",0.036,FALSE,"null","null","null","null","null","null",999,FALSE,FALSE,FALSE,"null","null","null","null","null",4978,0,0,0,0,0,0,0,248900,48153,54046,47847,0,43693,0,0,0,0,0,0,0,0,0,0,0,0,0,0,0,"F4356_mz439.1568_rt0.52",0,248900,248901,TRUE,5,0,3,"Fungal control-associated detection","Early RT","No MS/MS assignment","Unknown"
4408,8.458,447.28748,"Unknown","[M+H]+","ion correlated with 4294",0.071,TRUE,"null","null","null","null","null","null",999,FALSE,FALSE,FALSE,"null","null","null","null","null",70.59,0,0,0,0,1297,0,0,2210,0,1744,0,1895,1058,7317,14926,18934,0,1386,0,1868,0,0,85570,580526,441233,1240,1468,0,"F4408_mz447.2875_rt8.46",0,580526,580527,TRUE,15,1,2,"Fungal control-associated detection","RT >= 1 min","MS/MS available","Unknown"
4411,1.073,448.18152,"Unknown","[M+H]+","ion correlated with 3565; ion correlated with 3311; ion correlated with 1088; ion correlated with 4564; ion correlated with 4165; ion correlated with 4912; ion correlated with 3709; ion correlated with 4881; ion correlated with 1168; ion correlated with 1628; ion correlated with 4338; ion correlated with 4938; ion correlated with 4955; ion correlated with 3370; ion correlated with 4910",0.036,FALSE,"null","null","null","null","null","null",999,FALSE,FALSE,FALSE,"null","null","null","null","null",122.12,0,0,0,0,0,0,0,18397,0,0,6729,6396,9006,248253,63752,85404,0,0,0,9666,0,8211,0,0,0,0,0,0,"F4411_mz448.1815_rt1.07",0,248253,248254,TRUE,9,2,1,"Fungal out-associated detection","RT >= 1 min","No MS/MS assignment","Unknown"
4412,1.134,448.21771,"Unknown","[M+H]+","ion correlated with 3830; ion correlated with 4098; ion correlated with 3305; ion correlated with 4838; ion correlated with 4480; ion correlated with 3739; ion correlated with 2871; ion correlated with 3654; ion correlated with 1896; ion correlated with 3910; ion correlated with 4484; ion correlated with 4656",0.071,FALSE,"null","null","null","null","null","null",999,FALSE,FALSE,FALSE,"null","null","null","null","null",41.81,0,0,0,0,0,0,0,9526,4131,0,0,4321,0,194322,220462,465673,0,0,0,0,0,0,0,0,0,0,0,0,"F4412_mz448.2177_rt1.13",0,465673,465674,TRUE,6,0,2,"Fungal control-associated detection","RT >= 1 min","No MS/MS assignment","Unknown"
4413,0.419,448.97311,"Unknown","[M+H]+","ion correlated with 3829; ion correlated with 3508; ion correlated with 4249; ion correlated with 3095; ion correlated with 3069; ion correlated with 998; ion correlated with 1091; ion correlated with 1872; ion correlated with 4124; ion correlated with 1926; ion correlated with 2348",0.107,FALSE,"null","null","null","null","null","null",999,FALSE,FALSE,FALSE,"null","null","null","null","null",7089.74,0,0,0,0,0,0,0,0,0,0,0,0,0,285671,426821,350970,9258,8290,13872,11524,22495,22067,43869,54557,57830,0,0,0,"F4413_mz448.9731_rt0.42",0,426821,426822,TRUE,12,3,0,"Fungal out-associated detection","Very early RT","No MS/MS assignment","Unknown"
4422,0.898,450.25656,"Unknown","[M+H]+",NA,0.107,FALSE,"null","null","null","null","null","null",999,FALSE,FALSE,FALSE,"null","null","null","null","null",1709.49,0,0,0,0,0,0,0,246919,48619,0,73026,136986,131231,0,0,0,0,0,0,14894,0,0,0,0,0,0,0,0,"F4422_mz450.2566_rt0.9",0,246919,246920,TRUE,6,1,2,"Fungal control-associated detection","Early RT","No MS/MS assignment","Unknown"
4463,0.419,458.77036,"Unknown","[M+H]+","ion correlated with 2405; ion correlated with 3696; ion correlated with 4582; ion correlated with 3927; ion correlated with 4725; ion correlated with 4249; ion correlated with 2200; ion correlated with 998; ion correlated with 1822; ion correlated with 2220; ion correlated with 3142; ion correlated with 3708",0.107,FALSE,"null","null","null","null","null","null",999,FALSE,FALSE,FALSE,"null","null","null","null","null",11004.44,0,0,0,0,0,0,0,0,0,0,0,0,0,615157,398951,636557,0,0,0,14132,0,22236,0,0,0,0,0,0,"F4463_mz458.7704_rt0.42",0,636557,636558,TRUE,5,2,0,"Fungal out-associated detection","Very early RT","No MS/MS assignment","Unknown"
4466,1.142,459.20062,"Unknown","[M+H]+","ion correlated with 3658; ion correlated with 4396; ion correlated with 2203; ion correlated with 4300; ion correlated with 2690; ion correlated with 5140; ion correlated with 4543; ion correlated with 4677; ion correlated with 4333; ion correlated with 4832; ion correlated with 4950; ion correlated with 4110; ion correlated with 4353; ion correlated with 4341; ion correlated with 4388; ion correlated with 2740; ion correlated with 4166; ion correlated with 4952; ion correlated with 4041; ion correlated with 3635; ion correlated with 4229; ion correlated with 4797; ion correlated with 4789; ion correlated with 4937; similar chromatogram in higher mz_4684",0.036,FALSE,"null","null","null","null","null","null",999,FALSE,FALSE,FALSE,"null","null","null","null","null",2251.08,0,0,0,0,0,0,0,12161,0,7662,0,0,0,112554,48737,76906,0,0,0,0,0,0,0,0,0,0,0,0,"F4466_mz459.2006_rt1.14",0,112554,112555,TRUE,5,0,2,"Fungal control-associated detection","RT >= 1 min","No MS/MS assignment","Unknown"
4473,1.181,460.21838,"Unknown","[M+H]+","ion correlated with 4402",0.071,FALSE,"null","null","null","null","null","null",999,FALSE,FALSE,FALSE,"null","null","null","null","null",1146.54,0,0,0,0,0,0,0,0,3747,0,0,0,5151,12805,14598,170296,3934,0,0,5601,4699,0,3861,20395,112729,0,0,0,"F4473_mz460.2184_rt1.18",0,170296,170297,TRUE,11,2,1,"Fungal out-associated detection","RT >= 1 min","No MS/MS assignment","Unknown"
4480,1.144,462.23376,"Unknown","[M+H]+","ion correlated with 4412; ion correlated with 3739; ion correlated with 3654; ion correlated with 1668; ion correlated with 1921; ion correlated with 3910; ion correlated with 1410; ion correlated with 4762; ion correlated with 4484; ion correlated with 3258; ion correlated with 3816",0.071,FALSE,"null","null","null","null","null","null",999,FALSE,FALSE,FALSE,"null","null","null","null","null",12.3,0,0,0,0,0,0,0,0,0,3938,0,0,0,76888,124146,315343,0,3886,0,9303,0,4364,0,0,6072,0,0,0,"F4480_mz462.2338_rt1.14",0,315343,315344,TRUE,8,2,1,"Fungal out-associated detection","RT >= 1 min","No MS/MS assignment","Unknown"
4495,0.995,465.18732,"Unknown","[M+H]+","ion correlated with 4154; ion correlated with 4241; ion correlated with 4272",0.107,FALSE,"null","null","null","null","null","null",999,FALSE,FALSE,FALSE,"null","null","null","null","null",5543.76,0,0,0,0,0,0,2086,197400,13540,0,27032,313251,320913,0,0,14478,0,0,0,0,20524,0,0,0,0,0,0,0,"F4495_mz465.1873_rt1",0,320913,320914,TRUE,8,1,2,"Fungal control-associated detection","Early RT","No MS/MS assignment","Unknown"
4503,0.924,467.21045,"Unknown","[M+H]+","ion correlated with 3369",0.107,FALSE,"null","null","null","null","null","null",999,FALSE,FALSE,FALSE,"null","null","null","null","null",3304.68,0,0,0,0,0,0,0,9880,56720,0,0,0,0,223724,157247,114730,0,0,19234,0,0,53825,0,0,0,0,0,0,"F4503_mz467.2104_rt0.92",0,223724,223725,TRUE,7,1,2,"Fungal control-associated detection","Early RT","No MS/MS assignment","Unknown"
4507,0.47,470.18701,"Unknown","[M+H]+","ion correlated with 3622; ion correlated with 2356; ion correlated with 3330; ion correlated with 3813; ion correlated with 4551",0.071,FALSE,"null","null","null","null","null","null",999,FALSE,FALSE,FALSE,"null","null","null","null","null",4792.59,0,0,0,0,0,0,0,93718,0,0,36412,217679,261580,0,15675,0,0,0,0,40962,36098,61318,0,0,0,0,0,0,"F4507_mz470.187_rt0.47",0,261580,261581,TRUE,8,3,1,"Fungal out-associated detection","Very early RT","No MS/MS assignment","Unknown"
4519,0.508,472.1662,"Unknown","[M+H]+",NA,0.071,FALSE,"null","null","null","null","null","null",999,FALSE,FALSE,FALSE,"null","null","null","null","null",3131.97,0,0,0,0,0,0,0,145163,53927,43148,73889,0,0,0,0,0,0,168033,92401,0,0,0,0,0,0,0,0,0,"F4519_mz472.1662_rt0.51",0,168033,168034,TRUE,6,0,3,"Fungal control-associated detection","Early RT","No MS/MS assignment","Unknown"
4532,0.536,474.16397,"Unknown","[M+H]+",NA,0.071,FALSE,"null","null","null","null","null","null",999,FALSE,FALSE,FALSE,"null","null","null","null","null",1766.34,0,0,0,0,0,0,0,136668,46688,171209,44930,0,0,0,0,0,0,0,0,0,0,0,0,0,0,0,0,0,"F4532_mz474.164_rt0.54",0,171209,171210,TRUE,4,0,3,"Fungal control-associated detection","Early RT","No MS/MS assignment","Unknown"
4537,0.393,474.83395,"Unknown","[M+H]+","ion correlated with 380; ion correlated with 237; ion correlated with 1353; ion correlated with 528; ion correlated with 494; ion correlated with 1695",0.179,FALSE,"null","null","null","null","null","null",999,FALSE,FALSE,FALSE,"null","null","null","null","null",5072.11,0,0,0,0,199482,117088,71779,0,5672,20721,29053,4749,0,0,0,0,0,0,0,0,0,5383,21216,14534,0,270389,377319,303748,"F4537_mz474.834_rt0.39",0,377319,377320,TRUE,13,1,2,"Fungal control-associated detection","Very early RT","No MS/MS assignment","Unknown"
4547,3.139,478.29364,"Unknown","[M+H]+",NA,0.071,TRUE,"null","null","null","null","null","null",999,FALSE,FALSE,FALSE,"null","null","null","null","null",4247.23,0,0,0,0,0,0,0,0,2602,1803,20484,127740,296983,80534,33278,63592,0,0,0,0,0,3002,21760,31457,87300,0,0,0,"F4547_mz478.2936_rt3.14",0,296983,296984,TRUE,12,1,2,"Fungal control-associated detection","RT >= 1 min","MS/MS available","Unknown"
4560,0.456,481.21503,"Unknown","[M+H]+","ion correlated with 2356; ion correlated with 3180; ion correlated with 3492; ion correlated with 3497; ion correlated with 3330; ion correlated with 2980",0.107,FALSE,"null","null","null","null","null","null",999,FALSE,FALSE,FALSE,"null","null","null","null","null",7993.79,0,0,0,0,0,0,0,288588,69893,0,0,470706,439775,0,0,0,0,0,0,0,0,0,0,0,0,0,0,0,"F4560_mz481.215_rt0.46",0,470706,470707,TRUE,4,0,2,"Fungal control-associated detection","Very early RT","No MS/MS assignment","Unknown"
4562,1.464,481.29324,"Unknown","[M+H]+","ion correlated with 4376",0.071,TRUE,"null","null","null","null","null","null",999,FALSE,FALSE,FALSE,"null","null","null","null","null",5864.28,0,0,0,0,0,0,0,0,0,0,43338,300555,285873,0,0,0,0,20493,12004,6255,11832,4808,0,0,0,0,0,0,"F4562_mz481.2932_rt1.46",0,300555,300556,TRUE,8,3,0,"Fungal out-associated detection","RT >= 1 min","MS/MS available","Unknown"
4584,0.481,489.19241,"Unknown","[M+H]+",NA,0.107,FALSE,"null","null","null","null","null","null",999,FALSE,FALSE,FALSE,"null","null","null","null","null",1697.79,0,0,0,0,0,0,0,53850,104414,114314,41687,32638,0,0,54114,0,45462,0,0,45474,0,0,114593,136652,27086,0,0,0,"F4584_mz489.1924_rt0.48",0,136652,136653,TRUE,11,1,3,"Fungal control-associated detection","Very early RT","No MS/MS assignment","Unknown"
4589,0.416,490.78836,"Unknown","[M+H]+","ion correlated with 4672; ion correlated with 2628; ion correlated with 4169; ion correlated with 4259; ion correlated with 4630; ion correlated with 4787; ion correlated with 3927; ion correlated with 4424; ion correlated with 4463; ion correlated with 4476; ion correlated with 4725; ion correlated with 4731; ion correlated with 4249; ion correlated with 4623; ion correlated with 3661; ion correlated with 3230; ion correlated with 3273; ion correlated with 4528; ion correlated with 998; ion correlated with 1872; ion correlated with 4124; ion correlated with 4451; ion correlated with 1301; ion correlated with 3142; ion correlated with 2129; ion correlated with 3038; ion correlated with 3086",0.107,FALSE,"null","null","null","null","null","null",999,FALSE,FALSE,FALSE,"null","null","null","null","null",3582.26,0,0,0,0,24410,0,8776,8823,0,0,9475,0,0,189906,156287,191146,6301,0,0,7814,14113,7302,0,0,33928,0,0,0,"F4589_mz490.7884_rt0.42",0,191146,191147,TRUE,12,3,1,"Fungal out-associated detection","Very early RT","No MS/MS assignment","Unknown"
4596,0.408,492.88248,"Unknown","[M+H]+","ion correlated with 4798",0.036,FALSE,"null","null","null","null","null","null",999,FALSE,FALSE,FALSE,"null","null","null","null","null",2189.66,0,0,0,0,6451,32477,23153,17891,0,0,43966,96484,109483,0,0,0,16456,8985,14736,18286,12936,8471,0,0,0,0,0,34052,"F4596_mz492.8825_rt0.41",0,109483,109484,TRUE,14,3,1,"Fungal out-associated detection","Very early RT","No MS/MS assignment","Unknown"
4617,0.455,501.03998,"Unknown","[M+H]+",NA,0.143,FALSE,"null","null","null","null","null","null",999,FALSE,FALSE,FALSE,"null","null","null","null","null",2726.78,0,0,0,0,0,0,0,138017,176341,112089,118910,0,0,0,0,0,15913,34240,60051,0,0,0,0,0,0,0,0,0,"F4617_mz501.04_rt0.46",0,176341,176342,TRUE,7,0,3,"Fungal control-associated detection","Very early RT","No MS/MS assignment","Unknown"
4642,8.551,507.36642,"Unknown","[M+H]+",NA,0.036,FALSE,"null","null","null","null","null","null",999,FALSE,FALSE,FALSE,"null","null","null","null","null",51.58,1570,0,0,0,0,0,0,0,0,1535,0,0,0,164244,25303,22268,0,0,0,1697,1346,0,44340,32439,31492,0,0,0,"F4642_mz507.3664_rt8.55",523.333333333333,164244,313.245390972664,TRUE,9,2,1,"Fungal out-associated detection","RT >= 1 min","No MS/MS assignment","Unknown"
4649,1.078,510.23425,"Unknown","[M+H]+","ion correlated with 987; ion correlated with 3309; ion correlated with 4658; ion correlated with 1837; ion correlated with 4557; ion correlated with 819; ion correlated with 3463; ion correlated with 4722; ion correlated with 4603; ion correlated with 3140; ion correlated with 3971; ion correlated with 4724",0.143,TRUE,"null","null","null","null","null","null",999,FALSE,FALSE,FALSE,"null","null","null","null","null",22262.71,0,0,0,0,0,0,0,0,0,0,0,0,5340,2708969,2200704,1968798,0,0,0,4943,4849,0,190260,63923,80914,0,0,0,"F4649_mz510.2342_rt1.08",0,2708969,2708970,TRUE,9,2,0,"Fungal out-associated detection","RT >= 1 min","MS/MS available","Unknown"
4654,1.146,512.24963,"Unknown","[M+H]+",NA,0.036,FALSE,"null","null","null","null","null","null",999,FALSE,FALSE,FALSE,"null","null","null","null","null",184.77,0,0,0,0,0,0,0,0,0,0,0,0,0,49440,301225,55526,0,0,0,5924,4157,0,0,17446,0,0,0,0,"F4654_mz512.2496_rt1.15",0,301225,301226,TRUE,6,2,0,"Fungal out-associated detection","RT >= 1 min","No MS/MS assignment","Unknown"
4661,8.942,515.35895,"Unknown","[M+H]+",NA,0.107,TRUE,"null","null","null","null","null","null",999,FALSE,FALSE,FALSE,"null","null","null","null","null",1711.88,3374,0,0,0,0,0,0,56146,0,0,0,0,0,72398,153132,99057,14864,22911,16464,144569,2394,1471,109597,41502,25036,0,0,0,"F4661_mz515.359_rt8.94",1124.66666666667,153132,136.037607343796,TRUE,13,3,1,"Fungal out-associated detection","RT >= 1 min","MS/MS available","Unknown"
4662,2.855,515.55139,"Unknown","[M+H]+","ion correlated with 3817",0.036,FALSE,"null","null","null","null","null","null",999,FALSE,FALSE,FALSE,"null","null","null","null","null",2390.45,0,0,0,0,0,0,0,3200,0,0,0,0,1817,49841,66143,119522,4032,4742,0,2641,0,3117,0,16506,2763,0,0,0,"F4662_mz515.5514_rt2.86",0,119522,119523,TRUE,11,2,1,"Fungal out-associated detection","RT >= 1 min","No MS/MS assignment","Unknown"
4663,0.464,517.01282,"Unknown","[M+H]+",NA,0.071,FALSE,"null","null","null","null","null","null",999,FALSE,FALSE,FALSE,"null","null","null","null","null",1134.9,0,0,0,0,0,0,0,0,104875,84459,21154,0,0,35803,32391,109920,0,0,0,0,0,47142,0,0,0,0,0,0,"F4663_mz517.0128_rt0.46",0,109920,109921,TRUE,7,1,2,"Fungal control-associated detection","Very early RT","No MS/MS assignment","Unknown"
4684,1.133,524.24982,"Unknown","[M+H]+","ion correlated with 799; ion correlated with 4338; ion correlated with 2012; ion correlated with 3463; ion correlated with 3971; ion correlated with 4709; ion correlated with 1598; ion correlated with 1870; ion correlated with 4719; ion correlated with 798; ion correlated with 4952; ion correlated with 4743",0.107,TRUE,"null","null","null","null","null","null",999,FALSE,FALSE,FALSE,"null","null","null","null","null",19076.33,0,0,0,0,0,0,0,0,7275,11871,0,0,0,1554243,481235,825972,0,0,0,0,12820,0,50950,9494,15005,0,0,0,"F4684_mz524.2498_rt1.13",0,1554243,1554244,TRUE,9,1,2,"Fungal control-associated detection","RT >= 1 min","MS/MS available","Unknown"
4686,0.473,525.16589,"Unknown","[M+2H]2+",NA,0.25,FALSE,"null","null","null","null","null","null",999,FALSE,FALSE,FALSE,"null","null","null","null","null",3385.65,0,0,0,0,0,0,0,133156,70599,121044,141858,0,0,237540,315138,437294,28116,97769,106958,0,0,117675,46257,24112,0,0,0,0,"F4686_mz525.1659_rt0.47",0,437294,437295,TRUE,13,1,3,"Fungal control-associated detection","Very early RT","No MS/MS assignment","Unknown"
4695,0.417,528.75708,"Unknown","[M+H]+","ion correlated with 1923; ion correlated with 3718; ion correlated with 2628; ion correlated with 4260; ion correlated with 3187; ion correlated with 2566; ion correlated with 2044; ion correlated with 4646; ion correlated with 4097; ion correlated with 2873; ion correlated with 4065",0.036,FALSE,"null","null","null","null","null","null",999,FALSE,FALSE,FALSE,"null","null","null","null","null",2105.4,0,0,0,0,0,0,0,10433,0,0,0,0,0,105270,62440,62561,7886,5819,7110,14110,9800,8678,0,0,0,0,0,0,"F4695_mz528.7571_rt0.42",0,105270,105271,TRUE,10,3,1,"Fungal out-associated detection","Very early RT","No MS/MS assignment","Unknown"
4722,1.096,540.24463,"Unknown","[M+H]+","ion correlated with 1837; ion correlated with 3463; ion correlated with 3140; ion correlated with 2899; ion correlated with 4639; ion correlated with 820",0.179,TRUE,"null","null","null","null","null","null",999,FALSE,FALSE,FALSE,"null","null","null","null","null",29668.92,0,0,0,0,0,0,0,10108,6968,0,6190,6020,0,4262796,2410868,4138949,0,0,0,0,0,8610,490516,115215,22211,0,0,1618,"F4722_mz540.2446_rt1.1",0,4262796,4262797,TRUE,12,1,2,"Fungal control-associated detection","RT >= 1 min","MS/MS available","Unknown"
4728,0.954,543.31531,"Unknown","[M+H]+","ion correlated with 3185",0.036,FALSE,"null","null","null","null","null","null",999,FALSE,FALSE,FALSE,"null","null","null","null","null",2104.07,0,0,0,0,0,0,0,63302,105204,115809,0,0,0,0,0,0,9301,0,0,0,75346,0,0,0,0,0,0,0,"F4728_mz543.3153_rt0.95",0,115809,115810,TRUE,5,1,3,"Fungal control-associated detection","Early RT","No MS/MS assignment","Unknown"
4804,0.483,580.20862,"Unknown","[M+H]+",NA,0.036,FALSE,"null","null","null","null","null","null",999,FALSE,FALSE,FALSE,"null","null","null","null","null",2330.35,0,0,0,0,0,0,0,73832,41708,116517,0,0,0,0,0,0,0,40848,0,84000,0,0,0,0,0,0,0,0,"F4804_mz580.2086_rt0.48",0,116517,116518,TRUE,5,1,3,"Fungal control-associated detection","Very early RT","No MS/MS assignment","Unknown"
4847,0.418,598.8374,"Unknown","[M+H]+","ion correlated with 4798",0.036,FALSE,"null","null","null","null","null","null",999,FALSE,FALSE,FALSE,"null","null","null","null","null",2051.19,0,0,0,0,0,12651,0,7942,11543,17428,42679,88666,102559,0,0,0,15766,16095,14677,8523,0,0,0,0,0,0,0,24234,"F4847_mz598.8374_rt0.42",0,102559,102560,TRUE,12,1,3,"Fungal control-associated detection","Very early RT","No MS/MS assignment","Unknown"
4863,0.47,603.15259,"Unknown","[M+H]+",NA,0.071,FALSE,"null","null","null","null","null","null",999,FALSE,FALSE,FALSE,"null","null","null","null","null",3229.77,0,0,0,0,0,0,0,11974,0,0,47475,0,0,0,0,0,161425,139866,161551,137235,0,64031,0,0,0,0,0,0,"F4863_mz603.1526_rt0.47",0,161551,161552,TRUE,7,2,1,"Fungal out-associated detection","Very early RT","No MS/MS assignment","Unknown"
4873,8.146,607.29248,"Unknown","[M+H]+",NA,0.143,TRUE,"null","null","null","null","null","null",999,FALSE,FALSE,FALSE,"null","null","null","null","null",572378,0,1114,0,0,0,0,0,59473,10035,3114,0,0,0,49887756,63374588,51114108,2419,0,0,15495,0,0,150321,40283,66897,0,0,0,"F4873_mz607.2925_rt8.15",371.333333333333,63374588,170209.281110116,TRUE,11,1,3,"Fungal control-associated detection","RT >= 1 min","MS/MS available","Unknown"
4889,8.272,615.49927,"Unknown","[M+H]+",NA,0.107,FALSE,"null","null","null","null","null","null",999,FALSE,FALSE,FALSE,"null","null","null","null","null",837.54,0,1911,0,0,0,0,0,131872,4183,1553,0,0,0,19809,139099,129269,1762,0,0,0,0,0,0,1642,8445,0,0,0,"F4889_mz615.4993_rt8.27",637,139099,218.025078369906,TRUE,9,0,3,"Fungal control-associated detection","RT >= 1 min","No MS/MS assignment","Unknown"
4900,6.738,621.27167,"Unknown","[M+H]+",NA,0.107,TRUE,"null","null","null","null","null","null",999,FALSE,FALSE,FALSE,"null","null","null","null","null",61244.79,0,0,0,0,0,0,0,9964,3214,0,0,0,0,9054683,8872989,10684126,0,0,0,0,0,0,66515,10142,46438,0,1286,0,"F4900_mz621.2717_rt6.74",0,10684126,10684127,TRUE,9,0,2,"Fungal control-associated detection","RT >= 1 min","MS/MS available","Unknown"
4914,8.144,629.27386,"Unknown","[M+H]+","ion correlated with 4782",0.107,TRUE,"null","null","null","null","null","null",999,FALSE,FALSE,FALSE,"null","null","null","null","null",53494.95,0,0,0,0,0,0,0,9509,1947,0,0,0,0,4316807,3629072,3246454,0,0,0,0,0,0,38004,7992,18102,0,0,0,"F4914_mz629.2739_rt8.14",0,4316807,4316808,TRUE,8,0,2,"Fungal control-associated detection","RT >= 1 min","MS/MS available","Unknown"
4918,0.456,633.2749,"Unknown","[M+H]+",NA,0.036,FALSE,"null","null","null","null","null","null",999,FALSE,FALSE,FALSE,"null","null","null","null","null",53.73,0,0,0,0,0,0,0,117154,29490,41772,42627,0,0,0,0,0,0,0,0,0,0,0,0,0,0,0,0,0,"F4918_mz633.2749_rt0.46",0,117154,117155,TRUE,4,0,3,"Fungal control-associated detection","Very early RT","No MS/MS assignment","Unknown"
4922,0.878,636.27094,"Unknown","[M+H]+",NA,0.071,FALSE,"null","null","null","null","null","null",999,FALSE,FALSE,FALSE,"null","null","null","null","null",2048.12,0,0,0,0,0,0,0,104707,100105,36024,0,0,0,0,0,0,17465,0,79351,0,0,27046,0,0,0,0,0,0,"F4922_mz636.2709_rt0.88",0,104707,104708,TRUE,6,1,3,"Fungal control-associated detection","Early RT","No MS/MS assignment","Unknown"
4927,0.498,637.23065,"Unknown","[M+H]+",NA,0.071,FALSE,"null","null","null","null","null","null",999,FALSE,FALSE,FALSE,"null","null","null","null","null",1041.54,0,0,0,0,0,0,0,0,39601,106485,42879,0,0,0,0,0,0,37460,0,100331,0,0,0,0,0,0,0,0,"F4927_mz637.2306_rt0.5",0,106485,106486,TRUE,5,1,2,"Fungal control-associated detection","Very early RT","No MS/MS assignment","Unknown"
4952,1.173,654.31372,"Unknown","[M+H]+","ion correlated with 4019; ion correlated with 1764; ion correlated with 3971; ion correlated with 4724; ion correlated with 4684; ion correlated with 4647; ion correlated with 4639; ion correlated with 3143; ion correlated with 4250; ion correlated with 739; ion correlated with 1598; ion correlated with 1870; ion correlated with 3772; ion correlated with 4719; ion correlated with 4929; ion correlated with 4960; ion correlated with 3635; ion correlated with 4590; ion correlated with 4895; ion correlated with 4792; ion correlated with 4062; ion correlated with 4100; ion correlated with 4516; ion correlated with 2013; ion correlated with 4871; ion correlated with 4381; ion correlated with 4909; ion correlated with 4954",0.107,FALSE,"null","null","null","null","null","null",999,FALSE,FALSE,FALSE,"null","null","null","null","null",166.43,0,0,0,0,0,0,0,0,0,0,0,0,0,825531,441014,632143,0,3867,0,4352,0,6123,0,0,0,0,0,0,"F4952_mz654.3137_rt1.17",0,825531,825532,TRUE,6,2,0,"Fungal out-associated detection","RT >= 1 min","No MS/MS assignment","Unknown"
5002,0.55,686.25006,"Unknown","[M+H]+",NA,0.036,FALSE,"null","null","null","null","null","null",999,FALSE,FALSE,FALSE,"null","null","null","null","null",161.33,0,0,0,0,0,0,0,0,51784,309574,49349,0,0,0,0,0,0,133348,93012,44842,0,0,0,0,0,0,0,0,"F5002_mz686.2501_rt0.55",0,309574,309575,TRUE,6,1,2,"Fungal control-associated detection","Early RT","No MS/MS assignment","Unknown"
5034,0.493,706.19031,"Unknown","[M+H]+",NA,0.036,FALSE,"null","null","null","null","null","null",999,FALSE,FALSE,FALSE,"null","null","null","null","null",59,0,0,0,0,0,0,0,0,0,86505,167125,36045,59469,0,0,0,48247,0,0,0,33335,31092,0,0,0,0,0,0,"F5034_mz706.1903_rt0.49",0,167125,167126,TRUE,7,2,1,"Fungal out-associated detection","Very early RT","No MS/MS assignment","Unknown"
5070,7.43,728.5675,"Unknown","[M+H]+",NA,0.036,FALSE,"null","null","null","null","null","null",999,FALSE,FALSE,FALSE,"null","null","null","null","null",90.94,0,1734,0,0,2036,0,0,22528,0,1486,0,0,0,96283,107753,50199,0,0,0,0,0,0,0,52199,160231,2271,0,0,"F5070_mz728.5675_rt7.43",578,160231,276.73920552677,TRUE,9,0,2,"Fungal control-associated detection","RT >= 1 min","No MS/MS assignment","Unknown"
5084,9.7,739.60461,"Unknown","[M+H]+",NA,0.071,FALSE,"null","null","null","null","null","null",999,FALSE,FALSE,FALSE,"null","null","null","null","null",20.13,0,20893,1179,0,670,0,0,0,0,0,42906,17172,0,30792,63558,122027,65910,0,1027,16342,876,1366,0,75774,137742,1820,0,79420,"F5084_mz739.6046_rt9.7",7357.33333333333,137742,18.7193204983012,TRUE,15,3,0,"Fungal out-associated detection","RT >= 1 min","No MS/MS assignment","Unknown"
5086,0.527,739.63672,"Unknown","[M+H]+",NA,0.071,FALSE,"null","null","null","null","null","null",999,FALSE,FALSE,FALSE,"null","null","null","null","null",15.43,0,669,4535,0,0,4737,3875,0,0,77070,0,38606,56991,10010,0,130255,0,65220,78979,81716,0,37608,108732,62430,22748,5665,7739,4378,"F5086_mz739.6367_rt0.53",1734.66666666667,130255,75.0466679469944,TRUE,17,2,1,"Fungal out-associated detection","Early RT","No MS/MS assignment","Unknown"
5088,0.504,739.69562,"Unknown","[M+H]+",NA,0.036,FALSE,"null","null","null","null","null","null",999,FALSE,FALSE,FALSE,"null","null","null","null","null",31.09,0,6704,2285,0,0,0,0,0,0,0,0,0,56017,0,72977,0,122404,145540,0,87172,54686,0,145874,127198,12971,0,8061,0,"F5088_mz739.6956_rt0.5",2996.33333333333,145874,48.6682606761566,TRUE,10,2,0,"Fungal out-associated detection","Early RT","No MS/MS assignment","Unknown"
5089,0.529,739.70447,"Unknown","[M+H]+",NA,0.107,FALSE,"null","null","null","null","null","null",999,FALSE,FALSE,FALSE,"null","null","null","null","null",19.75,6225,2073,2285,0,0,0,0,0,0,115249,0,0,77228,0,103923,0,42808,145540,0,87172,54686,0,124905,117921,0,0,5096,0,"F5089_mz739.7045_rt0.53",3527.66666666667,145540,41.2453240128472,TRUE,10,2,1,"Fungal out-associated detection","Early RT","No MS/MS assignment","Unknown"
5090,9.699,739.71503,"Unknown","[M+H]+",NA,0.036,FALSE,"null","null","null","null","null","null",999,FALSE,FALSE,FALSE,"null","null","null","null","null",28.13,0,0,15081,0,104620,73266,17055,0,529,39998,0,200,61672,25256,644,0,0,36498,0,0,0,0,162200,46344,30796,59738,0,0,"F5090_mz739.715_rt9.7",5027,162200,32.2595465393795,TRUE,14,0,2,"Fungal control-associated detection","RT >= 1 min","No MS/MS assignment","Unknown"
5114,9.698,758.56628,"Unknown","[M+H]+","ion correlated with 3953; ion correlated with 5054",0.107,FALSE,"null","null","null","null","null","null",999,FALSE,FALSE,FALSE,"null","null","null","null","null",52.85,0,804,0,0,2334,186,0,258016,178140,0,180,0,0,0,0,127677,1664,0,0,0,0,0,0,0,0,6215,1762,1931,"F5114_mz758.5663_rt9.7",268,258016,959.171003717472,TRUE,10,0,2,"Fungal control-associated detection","RT >= 1 min","No MS/MS assignment","Unknown"
5115,8.735,758.56995,"Unknown","[M+H]+",NA,0.071,TRUE,"null","null","null","null","null","null",999,FALSE,FALSE,FALSE,"null","null","null","null","null",289.07,0,1671,3345,0,0,3304,0,1205307,744046,2288,0,1677,1621,0,0,365700,0,0,2408,1716,0,0,0,0,0,0,5883,4773,"F5115_mz758.5699_rt8.73",1672,1205307,720.447101016139,TRUE,11,1,3,"Fungal control-associated detection","RT >= 1 min","MS/MS available","Unknown"
5117,8.93,758.57086,"Unknown","[M+H]+",NA,0.036,TRUE,"null","null","null","null","null","null",999,FALSE,FALSE,FALSE,"null","null","null","null","null",186.95,0,1596,0,0,0,1437,2189,437270,286065,2836,0,0,1646,4846,34696,798608,2726,0,1929,0,0,0,0,0,0,0,4897,0,"F5117_mz758.5709_rt8.93",532,798608,1498.32833020638,TRUE,12,0,3,"Fungal control-associated detection","RT >= 1 min","MS/MS available","Unknown"
5131,5.784,775.53394,"Unknown","[M+H]+",NA,0.036,FALSE,"null","null","null","null","null","null",999,FALSE,FALSE,FALSE,"null","null","null","null","null",30.7,0,0,0,0,0,0,0,60613,34034,0,0,0,0,0,0,362722,0,0,0,0,0,0,0,0,0,0,0,1753,"F5131_mz775.5339_rt5.78",0,362722,362723,TRUE,4,0,2,"Fungal control-associated detection","RT >= 1 min","No MS/MS assignment","Unknown"
5132,5.695,775.534,"Unknown","[M+H]+",NA,0.036,FALSE,"null","null","null","null","null","null",999,FALSE,FALSE,FALSE,"null","null","null","null","null",47.2,0,0,0,0,0,1488,0,61888,38450,0,0,0,0,0,0,376634,0,0,0,0,0,0,0,0,0,0,0,0,"F5132_mz775.534_rt5.7",0,376634,376635,TRUE,4,0,2,"Fungal control-associated detection","RT >= 1 min","No MS/MS assignment","Unknown"
5138,5.655,780.55463,"Unknown","[M+H]+",NA,0.036,TRUE,"null","null","null","null","null","null",999,FALSE,FALSE,FALSE,"null","null","null","null","null",39.2,0,0,0,0,0,0,0,160616,2790,0,0,0,0,0,348410,489077,2670,0,0,0,0,0,1819,0,2420,0,0,0,"F5138_mz780.5546_rt5.66",0,489077,489078,TRUE,7,0,2,"Fungal control-associated detection","RT >= 1 min","MS/MS available","Unknown"
5139,5.816,780.55481,"Unknown","[M+H]+",NA,0.071,TRUE,"null","null","null","null","null","null",999,FALSE,FALSE,FALSE,"null","null","null","null","null",56.13,2410,0,0,0,0,1616,0,158062,0,1552,0,0,0,0,551631,567261,0,1737,0,0,0,0,0,0,0,0,0,0,"F5139_mz780.5548_rt5.82",803.333333333333,567261,705.257355988396,TRUE,6,0,2,"Fungal control-associated detection","RT >= 1 min","MS/MS available","Unknown"
5144,0.481,783.21448,"Unknown","[M+H]+",NA,0.179,FALSE,"null","null","null","null","null","null",999,FALSE,FALSE,FALSE,"null","null","null","null","null",45.94,0,0,0,0,3392,0,0,0,0,0,0,0,0,146902,135876,162879,103877,123511,83003,66558,0,56514,0,0,0,0,0,0,"F5144_mz783.2145_rt0.48",0,162879,162880,TRUE,9,2,0,"Fungal out-associated detection","Very early RT","No MS/MS assignment","Unknown"
