"actual_features","permutation","random_structure_correlation"
2000,1,0.999605599235171
2000,2,0.999044534181875
2000,3,0.999481742555044
2000,4,0.998939512849417
2000,5,0.999215764615231
2000,6,0.999615302293061
2000,7,0.999006863486537
2000,8,0.999476605642043
2000,9,0.99944635493215
2000,10,0.999641557626175
2000,11,0.999427519584481
2000,12,0.999628429959618
2000,13,0.999433227265593
2000,14,0.999388136584809
2000,15,0.999272270658238
2000,16,0.999468044120375
2000,17,0.999476605642043
2000,18,0.999460053366818
2000,19,0.999631283800174
2000,20,0.999514847105492
2000,21,0.999337908991025
2000,22,0.999551947032719
2000,23,0.999079921804769
2000,24,0.999625005350951
2000,25,0.99947546410582
2000,26,0.999530828612605
2000,27,0.999646123771065
2000,28,0.999607311539504
2000,29,0.998953782052197
2000,30,0.999238024571567
2000,31,0.999413250381701
2000,32,0.99943665187426
2000,33,0.999671808336068
2000,34,0.999307087513021
2000,35,0.99910446483355
2000,36,0.999480601018821
2000,37,0.999161541644668
2000,38,0.99937900429503
2000,39,0.999530257844494
2000,40,0.999284827556684
2000,41,0.999496582525934
2000,42,0.999652402220288
2000,43,0.999558796250054
2000,44,0.999556513177609
2000,45,0.999237453803456
2000,46,0.999037684964541
2000,47,0.999421811903369
2000,48,0.999372725845807
2000,49,0.999573065452833
2000,50,0.999166678557669
2000,51,0.999426378048258
2000,52,0.998927526719082
2000,53,0.999279119875572
2000,54,0.999350465889471
2000,55,0.998795679285398
2000,56,0.999211198470341
2000,57,0.999050812631098
2000,58,0.999417816526591
2000,59,0.999617014597394
2000,60,0.99921062770223
2000,61,0.998886431415077
2000,62,0.999251152238124
2000,63,0.999125583253664
2000,64,0.999115880195773
2000,65,0.999558225481942
2000,66,0.999536536293717
2000,67,0.999502290207046
2000,68,0.99961016538006
2000,69,0.999067364906323
2000,70,0.99913814015211
2000,71,0.99925857222357
2000,72,0.999191792354561
2000,73,0.999477747178265
2000,74,0.998836774589404
2000,75,0.999525120931494
2000,76,0.998988598906979
2000,77,0.998996589660536
2000,78,0.999639845321842
2000,79,0.999456628758151
2000,80,0.999381287367475
2000,81,0.999591330032391
2000,82,0.999518271714159
2000,83,0.999318502875244
2000,84,0.999492587149156
2000,85,0.999333913614246
2000,86,0.999511422496825
2000,87,0.999680940625847
2000,88,0.999434939569926
2000,89,0.999166107789558
2000,90,0.999299096759464
2000,91,0.999269987585794
2000,92,0.999257430687348
2000,93,0.999420670367147
2000,94,0.999466902584153
2000,95,0.999256289151125
2000,96,0.999183801601005
2000,97,0.9996581099014
2000,98,0.99873860247428
2000,99,0.999349324353248
2000,100,0.998883577574521
2000,101,0.99954281474294
2000,102,0.999158687804112
2000,103,0.999015995776316
2000,104,0.999308799817354
2000,105,0.999583339278834
2000,106,0.999518271714159
2000,107,0.999371584309585
2000,108,0.998654699561935
2000,109,0.99955708394572
2000,110,0.999284827556684
2000,111,0.999266562977126
2000,112,0.999466331816041
2000,113,0.999461765671152
2000,114,0.998559952055479
2000,115,0.998960631269531
2000,116,0.999309370585465
2000,117,0.999398981178922
2000,118,0.999363593556028
2000,119,0.999236312267234
2000,120,0.9995764900615
2000,121,0.99936930123714
2000,122,0.999323639788245
2000,123,0.999745437422411
2000,124,0.99950400251138
2000,125,0.999290535237796
2000,126,0.999452633381373
2000,127,0.99922489690501
2000,128,0.999458341062485
2000,129,0.999429802656925
2000,130,0.999126724789886
2000,131,0.999578773133945
2000,132,0.999415533454146
2000,133,0.999217476919565
2000,134,0.999514847105492
2000,135,0.999412108845479
2000,136,0.999272270658238
2000,137,0.998966909718754
2000,138,0.999268846049571
2000,139,0.999000014269203
2000,140,0.998953782052197
2000,141,0.999174669311226
2000,142,0.999481742555044
2000,143,0.999258001455459
2000,144,0.999593613104836
2000,145,0.999362452019806
2000,146,0.998915540588747
2000,147,0.99938870735292
2000,148,0.999384711976142
2000,149,0.9995764900615
2000,150,0.999554800873275
2000,151,0.999348753585137
2000,152,0.999411538077368
2000,153,0.99955251780083
2000,154,0.999347041280804
2000,155,0.999236883035345
2000,156,0.999339050527247
2000,157,0.999362452019806
2000,158,0.999537107061828
2000,159,0.999406971932478
2000,160,0.999285969092907
2000,161,0.999291106005907
2000,162,0.998981749689645
2000,163,0.999223184600676
2000,164,0.999647836075399
2000,165,0.999441218019149
2000,166,0.999353319730027
2000,167,0.999216335383342
2000,168,0.999404688860033
2000,169,0.999360739715472
2000,170,0.999296242918908
2000,171,0.998974900472311
2000,172,0.999240307644012
2000,173,0.999408684236812
2000,174,0.999421811903369
2000,175,0.99924886916568
2000,176,0.999442930323483
2000,177,0.99874373938728
2000,178,0.998758579358171
2000,179,0.999094191007548
2000,180,0.99914327706511
2000,181,0.999018278848761
2000,182,0.999434368801815
2000,183,0.999395556570254
2000,184,0.999497724062157
2000,185,0.999066794138212
2000,186,0.999548522424052
2000,187,0.999405830396256
2000,188,0.999562220858721
2000,189,0.998972617399866
2000,190,0.999500577902713
2000,191,0.999496582525934
2000,192,0.999511993264936
2000,193,0.999438364178593
2000,194,0.999392131961587
2000,195,0.998848189951627
2000,196,0.999471468729042
2000,197,0.99947546410582
2000,198,0.999526262467716
2000,199,0.999705483654628
2000,200,0.999147272441889
2000,201,0.998718054822277
2000,202,0.999533682453161
2000,203,0.999434939569926
2000,204,0.998527418273141
2000,205,0.99946576104793
2000,206,0.999364164324139
2000,207,0.999250581470013
2000,208,0.998776843937729
2000,209,0.999274553730683
2000,210,0.999563933163054
2000,211,0.999117592500107
2000,212,0.999567357771721
2000,213,0.999366447396584
2000,214,0.999555371641386
2000,215,0.999327635165023
2000,216,0.999526833235827
2000,217,0.999105035601661
2000,218,0.999140993992666
2000,219,0.999644982234843
2000,220,0.999004580414092
2000,221,0.999575348525278
2000,222,0.999288822933463
2000,223,0.999413821149812
2000,224,0.999454345685707
2000,225,0.998897276009189
2000,226,0.999136427847776
2000,227,0.999501148670824
2000,228,0.999477747178265
2000,229,0.999103894065439
2000,230,0.999469185656597
2000,231,0.999089624862659
2000,232,0.999182660064782
2000,233,0.999238595339678
2000,234,0.999466331816041
2000,235,0.999702059045961
2000,236,0.99912387094933
2000,237,0.999309370585465
2000,238,0.999589046959946
2000,239,0.999394415034032
2000,240,0.99947546410582
2000,241,0.999400122715144
2000,242,0.99963870378562
2000,243,0.99968721907507
2000,244,0.999162683180891
2000,245,0.999416104222257
2000,246,0.999664959118734
2000,247,0.99945605799004
2000,248,0.999415533454146
2000,249,0.999382428903697
2000,250,0.999172386238781
2000,251,0.999557654713831
2000,252,0.999506285583824
2000,253,0.999253435310569
2000,254,0.999454345685707
2000,255,0.999249439933791
2000,256,0.998973188167977
2000,257,0.998521710592029
2000,258,0.999511422496825
2000,259,0.999451491845151
2000,260,0.99890241292219
2000,261,0.999182089296671
2000,262,0.999421811903369
2000,263,0.999289393701574
2000,264,0.999264279904682
2000,265,0.999180376992337
2000,266,0.999583910046946
2000,267,0.998940083617528
2000,268,0.999214623079009
2000,269,0.999156975499779
2000,270,0.999057661848432
2000,271,0.999238595339678
2000,272,0.999541673206718
2000,273,0.999120446340663
2000,274,0.999511993264936
2000,275,0.999102181761105
2000,276,0.999593042336725
2000,277,0.999521696322827
2000,278,0.998750588604615
2000,279,0.998328790970448
2000,280,0.999628429959618
2000,281,0.99942694881637
2000,282,0.999675232944735
2000,283,0.999387565816698
2000,284,0.999341904367803
2000,285,0.999393844265921
2000,286,0.999466902584153
2000,287,0.99934989512136
2000,288,0.999569640844166
2000,289,0.999397268874588
2000,290,0.999599320785948
2000,291,0.999593613104836
2000,292,0.999035972660207
2000,293,0.999562220858721
2000,294,0.999289393701574
2000,295,0.987438535409027
2000,296,0.999524550163382
2000,297,0.99943208572937
2000,298,0.999545097815385
2000,299,0.999438364178593
2000,300,0.999112455587106
2000,301,0.999126154021775
2000,302,0.999468044120375
2000,303,0.999142706296999
2000,304,0.99924430302079
2000,305,0.999565074699276
2000,306,0.999331059773691
2000,307,0.999577631597723
2000,308,0.999546810119719
2000,309,0.998779127010174
2000,310,0.999196929267562
2000,311,0.999510851728714
2000,312,0.99944178878726
2000,313,0.999417245758479
2000,314,0.9993162198028
2000,315,0.999342475135914
2000,316,0.999487450236155
2000,317,0.999384711976142
2000,318,0.99922033076012
2000,319,0.999429802656925
2000,320,0.999261426064126
2000,321,0.99941267961359
2000,322,0.99909019563077
2000,323,0.999478888714488
2000,324,0.999358456643027
2000,325,0.998755725517615
2000,326,0.998743168619169
2000,327,0.999537107061828
2000,328,0.999433798033704
2000,329,0.999381287367475
2000,330,0.999599320785948
2000,331,0.999349324353248
2000,332,0.999021703457428
2000,333,0.999396698106477
2000,334,0.999685506770737
2000,335,0.999473181033376
2000,336,0.999281973716128
2000,337,0.999188938514005
2000,338,0.999431514961259
2000,339,0.999626717655285
2000,340,0.999319644411467
2000,341,0.999222613832565
2000,342,0.999585622351279
2000,343,0.999520554786604
2000,344,0.999012571167649
2000,345,0.999172386238781
2000,346,0.99936930123714
2000,347,0.999226609209343
2000,348,0.999437222642371
2000,349,0.999243161484568
2000,350,0.999238024571567
2000,351,0.999507997888158
2000,352,0.999544527047274
2000,353,0.999394415034032
2000,354,0.999215764615231
2000,355,0.999546810119719
2000,356,0.999053095703543
2000,357,0.999445784164039
2000,358,0.999527404003938
2000,359,0.999266562977126
2000,360,0.999408684236812
2000,361,0.99912387094933
2000,362,0.998906979067079
2000,363,0.999429802656925
2000,364,0.999542243974829
2000,365,0.999563362394943
2000,366,0.999646694539176
2000,367,0.99929224754213
2000,368,0.999526262467716
2000,369,0.999490304076711
2000,370,0.999013712703871
2000,371,0.999563933163054
2000,372,0.999504573279491
2000,373,0.999315078266577
2000,374,0.999039968036986
2000,375,0.999270558353905
2000,376,0.999116450963885
2000,377,0.999401264251366
2000,378,0.999384711976142
2000,379,0.999215764615231
2000,380,0.998997731196758
2000,381,0.999132432470998
2000,382,0.999424665743925
2000,383,0.999568499307944
2000,384,0.99958619311939
2000,385,0.999119304804441
2000,386,0.999010288095204
2000,387,0.999398981178922
2000,388,0.999578202365834
2000,389,0.999106177137883
2000,390,0.999319644411467
2000,391,0.99949429945349
2000,392,0.999202066180563
2000,393,0.999308229049243
2000,394,0.999413250381701
2000,395,0.999285969092907
2000,396,0.999625576119062
2000,397,0.999534253221273
2000,398,0.99955708394572
2000,399,0.999454345685707
2000,400,0.999340762831581
2000,401,0.999368159700918
2000,402,0.999261426064126
2000,403,0.999397268874588
2000,404,0.999403547323811
2000,405,0.999276836803128
2000,406,0.999324210556356
2000,407,0.999077067964213
2000,408,0.999492587149156
2000,409,0.999510280960603
2000,410,0.998975471240422
2000,411,0.999236312267234
2000,412,0.999373867382029
2000,413,0.999420099599035
2000,414,0.999413821149812
2000,415,0.998583924316149
2000,416,0.999130720166664
2000,417,0.99907592642799
2000,418,0.999476034873932
2000,419,0.999183801601005
2000,420,0.999472039497153
2000,421,0.999430944193148
2000,422,0.999486308699933
2000,423,0.999623293046618
2000,424,0.999544527047274
2000,425,0.999414391917923
2000,426,0.999438364178593
2000,427,0.999615873061172
2000,428,0.999454916453818
2000,429,0.999612448452505
2000,430,0.999288822933463
2000,431,0.999476605642043
2000,432,0.99921062770223
2000,433,0.999265421440904
2000,434,0.999284256788573
2000,435,0.999029123442873
2000,436,0.999670096031735
2000,437,0.999596466945392
2000,438,0.999033689587763
2000,439,0.999372155077696
2000,440,0.999344187440248
2000,441,0.99943665187426
2000,442,0.999424094975814
2000,443,0.99943208572937
2000,444,0.999279690643684
2000,445,0.999710049799518
2000,446,0.999119304804441
2000,447,0.999308799817354
2000,448,0.999119875572552
2000,449,0.999315078266577
2000,450,0.999340192063469
2000,451,0.999522267090938
2000,452,0.999394985802143
2000,453,0.999460053366818
2000,454,0.999263138368459
2000,455,0.999404688860033
2000,456,0.99943208572937
2000,457,0.999317932107133
2000,458,0.999129007862331
2000,459,0.999430944193148
2000,460,0.99947032719282
2000,461,0.99953311168505
2000,462,0.999231175354233
2000,463,0.998988598906979
2000,464,0.99944635493215
2000,465,0.999652402220288
2000,466,0.99947032719282
2000,467,0.999391561193476
2000,468,0.999348182817026
2000,469,0.999403547323811
2000,470,0.999434939569926
2000,471,0.999036543428319
2000,472,0.999567357771721
2000,473,0.999533682453161
2000,474,0.999358456643027
2000,475,0.999023986529873
2000,476,0.99943208572937
2000,477,0.999346470512692
2000,478,0.999396127338366
2000,479,0.999698634437294
2000,480,0.999361310483583
2000,481,0.999506285583824
2000,482,0.999243161484568
2000,483,0.999454345685707
2000,484,0.999366447396584
2000,485,0.99939841041081
2000,486,0.999389278121031
2000,487,0.999030835747207
2000,488,0.998960631269531
2000,489,0.999121587876885
2000,490,0.999043963413764
2000,491,0.999413821149812
2000,492,0.999347612048915
2000,493,0.999478888714488
2000,494,0.998217491188767
2000,495,0.99899373581998
2000,496,0.999456628758151
2000,497,0.999532540916939
2000,498,0.999331630541802
2000,499,0.999299667527575
2000,500,0.999365876628473
2000,501,0.999264850672793
2000,502,0.999522267090938
2000,503,0.999469185656597
2000,504,0.999186084673449
2000,505,0.999546239351607
2000,506,0.999467473352264
2000,507,0.999376150454474
2000,508,0.999469756424709
2000,509,0.999602174626504
2000,510,0.999377291990696
2000,511,0.999218047687676
2000,512,0.999374438150141
2000,513,0.999143847833222
2000,514,0.999331059773691
2000,515,0.999118734036329
2000,516,0.999485167163711
2000,517,0.999471468729042
2000,518,0.999352178193804
2000,519,0.999622151510395
2000,520,0.999086771022103
2000,521,0.999440647251038
2000,522,0.999427519584481
2000,523,0.999361310483583
2000,524,0.999127295557997
2000,525,0.999555942409498
2000,526,0.999313365962244
2000,527,0.999394415034032
2000,528,0.999377862758808
2000,529,0.999548522424052
2000,530,0.999574777757167
2000,531,0.999228892281788
2000,532,0.999572494684722
2000,533,0.999438364178593
2000,534,0.999392702729698
2000,535,0.999601603858392
2000,536,0.999670096031735
2000,537,0.999695209828627
2000,538,0.99941267961359
2000,539,0.999510280960603
2000,540,0.999626146887173
2000,541,0.999236312267234
2000,542,0.999429231888814
2000,543,0.999230033818011
2000,544,0.999400693483255
2000,545,0.999430373425037
2000,546,0.999286539861018
2000,547,0.998981178921534
2000,548,0.998769423952284
2000,549,0.999466902584153
2000,550,0.999606170003282
2000,551,0.999067935674434
2000,552,0.999623863814729
2000,553,0.998833349980737
2000,554,0.999507427120047
2000,555,0.99893608824075
2000,556,0.99904681725432
2000,557,0.999190080050228
2000,558,0.999407542700589
2000,559,0.999374438150141
2000,560,0.999159258572224
2000,561,0.999631283800174
2000,562,0.998970334327421
2000,563,0.999521125554715
2000,564,0.999166678557669
2000,565,0.999085058717769
2000,566,0.999542243974829
2000,567,0.999546810119719
2000,568,0.999095903311882
2000,569,0.999434939569926
2000,570,0.999497724062157
2000,571,0.99907078951499
2000,572,0.999150697050556
2000,573,0.999067364906323
2000,574,0.999559367018165
2000,575,0.999150697050556
2000,576,0.999144989369444
2000,577,0.998598764287039
2000,578,0.999596466945392
2000,579,0.999561079322498
2000,580,0.9993213567158
2000,581,0.999597037713503
2000,582,0.999086771022103
2000,583,0.99944635493215
2000,584,0.999295101382686
2000,585,0.999320785947689
2000,586,0.999595325409169
2000,587,0.999198070803784
2000,588,0.999083917181547
2000,589,0.999111884818995
2000,590,0.999050812631098
2000,591,0.999506856351936
2000,592,0.999089054094548
2000,593,0.999480601018821
2000,594,0.999318502875244
2000,595,0.999539390134273
2000,596,0.999521696322827
2000,597,0.999445213395928
2000,598,0.99938870735292
2000,599,0.999408113468701
2000,600,0.999057661848432
2000,601,0.999548522424052
2000,602,0.999424665743925
2000,603,0.999192933890784
2000,604,0.999307087513021
2000,605,0.999518271714159
2000,606,0.999502290207046
2000,607,0.998730040952612
2000,608,0.999508568656269
2000,609,0.998837345357515
2000,610,0.998848760719739
2000,611,0.999206632325452
2000,612,0.999514847105492
2000,613,0.999438934946704
2000,614,0.999660392973845
2000,615,0.99958105620639
2000,616,0.998417260027682
2000,617,0.999329347469357
2000,618,0.999500577902713
2000,619,0.999559937786276
2000,620,0.999534253221273
2000,621,0.999178664688004
2000,622,0.999387565816698
2000,623,0.999345899744581
2000,624,0.998991452747535
2000,625,0.999565074699276
2000,626,0.999477176410154
2000,627,0.998932663632083
2000,628,0.999343616672137
2000,629,0.999151267818667
2000,630,0.999351607425693
2000,631,0.998710634836832
2000,632,0.999280832179906
2000,633,0.999549663960275
2000,634,0.999655256060844
2000,635,0.999040538805097
2000,636,0.999397839642699
2000,637,0.999231746122344
2000,638,0.998942937458084
2000,639,0.999545097815385
2000,640,0.999186084673449
2000,641,0.999632425336397
2000,642,0.999434939569926
2000,643,0.99962443458284
2000,644,0.99896976355931
2000,645,0.999521125554715
2000,646,0.99939841041081
2000,647,0.999291106005907
2000,648,0.99947546410582
2000,649,0.999298525991353
2000,650,0.999129007862331
2000,651,0.999363022787917
2000,652,0.998910974443858
2000,653,0.999479459482599
2000,654,0.99931165365791
2000,655,0.999553088568942
2000,656,0.999425236512036
2000,657,0.999103894065439
2000,658,0.99936473509225
2000,659,0.999256859919236
2000,660,0.999630713032063
2000,661,0.999430944193148
2000,662,0.999630142263952
2000,663,0.999722035929853
2000,664,0.998609608881152
2000,665,0.999404688860033
2000,666,0.999300809063798
2000,667,0.999165537021447
2000,668,0.999448638004595
2000,669,0.999453204149484
2000,670,0.999555942409498
2000,671,0.999471468729042
2000,672,0.998817939241734
2000,673,0.99951370556927
2000,674,0.999204349253007
2000,675,0.999530828612605
2000,676,0.999603316162726
2000,677,0.999511422496825
2000,678,0.999314507498466
2000,679,0.99892638518286
2000,680,0.999491445612934
2000,681,0.999550234728386
2000,682,0.999470897960931
2000,683,0.999433798033704
2000,684,0.999454345685707
2000,685,0.999398981178922
2000,686,0.999180376992337
2000,687,0.999500577902713
2000,688,0.999178093919893
2000,689,0.999179806224226
2000,690,0.999296813687019
2000,691,0.998957777428975
2000,692,0.999440647251038
2000,693,0.998641001127267
2000,694,0.998982320457756
2000,695,0.999429802656925
2000,696,0.999444071859705
2000,697,0.99922033076012
2000,698,0.999448067236483
2000,699,0.999337908991025
2000,700,0.999476034873932
2000,701,0.99961473152495
2000,702,0.999309370585465
2000,703,0.999525120931494
2000,704,0.999428090352592
2000,705,0.999259142991681
2000,706,0.999531970148828
2000,707,0.999292818310241
2000,708,0.999045675718098
2000,709,0.999550234728386
2000,710,0.999202636948674
2000,711,0.999474893337709
2000,712,0.99950913942438
2000,713,0.999527974772049
2000,714,0.999490874844822
2000,715,0.999564503931165
2000,716,0.999269416817682
2000,717,0.999324781324467
2000,718,0.999509710192492
2000,719,0.999182089296671
2000,720,0.999399551947033
2000,721,0.999434939569926
2000,722,0.99917695238367
2000,723,0.99962443458284
2000,724,0.999342475135914
2000,725,0.9995764900615
2000,726,0.999613589988727
2000,727,0.999551947032719
2000,728,0.999139852456443
2000,729,0.999527974772049
2000,730,0.999381858135586
2000,731,0.999587905423724
2000,732,0.999312224426021
2000,733,0.999194646195117
2000,734,0.999565074699276
2000,735,0.998821363850402
2000,736,0.999662676046289
2000,737,0.999419528830924
2000,738,0.998876157589076
2000,739,0.999430944193148
2000,740,0.999155833963557
2000,741,0.999226609209343
2000,742,0.999500577902713
2000,743,0.999442930323483
2000,744,0.998905837530857
2000,745,0.999313365962244
2000,746,0.99899887273298
2000,747,0.999615302293061
2000,748,0.999558225481942
2000,749,0.999291106005907
2000,750,0.999526833235827
2000,751,0.999211198470341
2000,752,0.999370442773362
2000,753,0.999484025627488
2000,754,0.999407542700589
2000,755,0.999308799817354
2000,756,0.999352748961916
2000,757,0.999654685292733
2000,758,0.999636420713175
2000,759,0.999531399380717
2000,760,0.999652972988399
2000,761,0.999071931051212
2000,762,0.999577631597723
2000,763,0.999496011757823
2000,764,0.999223755368787
2000,765,0.999460053366818
2000,766,0.999293389078352
2000,767,0.99946576104793
2000,768,0.999261426064126
2000,769,0.999385853512364
2000,770,0.999488021004266
2000,771,0.999507997888158
2000,772,0.999174098543114
2000,773,0.998698077938386
2000,774,0.99949943636649
2000,775,0.999505714815713
2000,776,0.999561079322498
2000,777,0.999114738659551
2000,778,0.999450921077039
2000,779,0.99938357043992
2000,780,0.999571923916611
2000,781,0.999480601018821
2000,782,0.99955251780083
2000,783,0.999589617728057
2000,784,0.999186084673449
2000,785,0.999035972660207
2000,786,0.999232887658567
2000,787,0.999228321513677
2000,788,0.999390990425365
2000,789,0.999126154021775
2000,790,0.999496011757823
2000,791,0.999241449180234
2000,792,0.999109030978439
2000,793,0.998808236183844
2000,794,0.999605599235171
2000,795,0.999591330032391
2000,796,0.999636991481286
2000,797,0.999221472296343
2000,798,0.99923916610779
2000,799,0.999543956279163
2000,800,0.999438364178593
2000,801,0.9993162198028
2000,802,0.999462907207374
2000,803,0.999518271714159
2000,804,0.999235170731011
2000,805,0.999385853512364
2000,806,0.999464048743597
2000,807,0.999151267818667
2000,808,0.999301379831909
2000,809,0.999125583253664
2000,810,0.999476034873932
2000,811,0.999218618455787
2000,812,0.99946576104793
2000,813,0.999521696322827
2000,814,0.999466331816041
2000,815,0.998831066908292
2000,816,0.999259713759792
2000,817,0.999461194903041
2000,818,0.999733451292076
2000,819,0.999366447396584
2000,820,0.999271699890127
2000,821,0.999242019948345
2000,822,0.999473181033376
2000,823,0.999416104222257
2000,824,0.998957206660864
2000,825,0.999690643683737
2000,826,0.999367588932806
2000,827,0.999303092136242
2000,828,0.999246586093235
2000,829,0.999468614888486
2000,830,0.999543956279163
2000,831,0.999355602802471
2000,832,0.999480601018821
2000,833,0.999442359555372
2000,834,0.999566216235499
2000,835,0.999142706296999
2000,836,0.999517700946048
2000,837,0.999439505714816
2000,838,0.998648421112712
2000,839,0.999089054094548
2000,840,0.99913814015211
2000,841,0.999656397597066
2000,842,0.999285969092907
2000,843,0.999613019220616
2000,844,0.99941267961359
2000,845,0.999361310483583
2000,846,0.998567372040924
2000,847,0.999361881251694
2000,848,0.999598179249725
2000,849,0.999379575063141
2000,850,0.998769423952284
2000,851,0.999461194903041
2000,852,0.999271699890127
2000,853,0.999180376992337
2000,854,0.99920092464434
2000,855,0.999621009974173
2000,856,0.999256859919236
2000,857,0.999567928539832
2000,858,0.999235741499122
2000,859,0.99939841041081
2000,860,0.999206632325452
2000,861,0.999380716599364
2000,862,0.998769994720395
2000,863,0.999474322569598
2000,864,0.999413821149812
2000,865,0.999454345685707
2000,866,0.999302521368131
2000,867,0.999058232616544
2000,868,0.999251723006236
2000,869,0.99935959817925
2000,870,0.999443501091594
2000,871,0.999515988641715
2000,872,0.999640416089953
2000,873,0.999501148670824
2000,874,0.999352748961916
2000,875,0.999276266035017
2000,876,0.999177523151782
2000,877,0.999360168947361
2000,878,0.999305375208687
2000,879,0.99930651674491
2000,880,0.999114738659551
2000,881,0.999483454859377
2000,882,0.999565074699276
2000,883,0.999520554786604
2000,884,0.999095332543771
2000,885,0.999325352092579
2000,886,0.999202066180563
2000,887,0.999209486166008
2000,888,0.999559367018165
2000,889,0.999482884091266
2000,890,0.99928254448424
2000,891,0.999195787731339
2000,892,0.999255147614903
2000,893,0.99878198085073
2000,894,0.999238024571567
2000,895,0.998922960574193
2000,896,0.999478317946376
2000,897,0.99943665187426
2000,898,0.999373296613918
2000,899,0.999279690643684
2000,900,0.999126724789886
2000,901,0.999227179977455
2000,902,0.999127866326108
2000,903,0.999311082889799
2000,904,0.999639845321842
2000,905,0.999388136584809
2000,906,0.999482313323155
2000,907,0.999312795194133
2000,908,0.999240878412123
2000,909,0.999192933890784
2000,910,0.999471468729042
2000,911,0.999680369857736
2000,912,0.99955708394572
2000,913,0.999352178193804
2000,914,0.999285969092907
2000,915,0.999495440989712
2000,916,0.998971475863643
2000,917,0.999331059773691
2000,918,0.998634151909933
2000,919,0.999664959118734
2000,920,0.999477747178265
2000,921,0.999465190279819
2000,922,0.999279119875572
2000,923,0.999512564033047
2000,924,0.99936930123714
2000,925,0.999444642627816
2000,926,0.999521125554715
2000,927,0.999405259628145
2000,928,0.999538819366162
2000,929,0.999546810119719
2000,930,0.999394985802143
2000,931,0.999307658281132
2000,932,0.998630156533154
2000,933,0.999465190279819
2000,934,0.999492016381045
2000,935,0.999452633381373
2000,936,0.999014854240094
2000,937,0.999574777757167
2000,938,0.999518842482271
2000,939,0.99917181547067
2000,940,0.999563933163054
2000,941,0.999428661120703
2000,942,0.99851714444714
2000,943,0.999452062613262
2000,944,0.999712903640074
2000,945,0.999549663960275
2000,946,0.999213481542786
2000,947,0.999226609209343
2000,948,0.999143847833222
2000,949,0.999526262467716
2000,950,0.999449208772706
2000,951,0.999621009974173
2000,952,0.999438934946704
2000,953,0.999488021004266
2000,954,0.999497724062157
2000,955,0.998788830068064
2000,956,0.99887844066152
2000,957,0.999284827556684
2000,958,0.999369872005251
2000,959,0.999184943137227
2000,960,0.998915540588747
2000,961,0.999110743282773
2000,962,0.999356744338694
2000,963,0.999371013541473
2000,964,0.999185513905338
2000,965,0.999627859191507
2000,966,0.999395556570254
2000,967,0.999118734036329
2000,968,0.999539390134273
2000,969,0.999211198470341
2000,970,0.999519984018493
2000,971,0.999579343902056
2000,972,0.999442359555372
2000,973,0.999232316890455
2000,974,0.999453774917595
2000,975,0.999373867382029
2000,976,0.999166107789558
2000,977,0.99907592642799
2000,978,0.999165537021447
2000,979,0.999182660064782
2000,980,0.999293389078352
2000,981,0.99901770808065
2000,982,0.999434368801815
2000,983,0.999265421440904
2000,984,0.999527974772049
2000,985,0.999271699890127
2000,986,0.999584480815057
2000,987,0.999673520640402
2000,988,0.999571923916611
2000,989,0.999416674990368
2000,990,0.999393844265921
2000,991,0.999738017436966
2000,992,0.999645553002954
2000,993,0.999375579686363
2000,994,0.999457199526263
2000,995,0.998700931778942
2000,996,0.999278549107461
2000,997,0.999340192063469
2000,998,0.999347041280804
2000,999,0.999387565816698
2000,1000,0.999376721222585
1000,1,0.999318502875244
1000,2,0.998577645866925
1000,3,0.997464077282002
1000,4,0.998066808407414
1000,5,0.998285983362109
1000,6,0.998287695666443
1000,7,0.998873874516631
1000,8,0.998752871677059
1000,9,0.998526276736919
1000,10,0.998699219474608
1000,11,0.997912701017394
1000,12,0.998732894793168
1000,13,0.999036543428319
1000,14,0.998626161156376
1000,15,0.996444685435425
1000,16,0.998258586492773
1000,17,0.998250595739216
1000,18,0.998243175753771
1000,19,0.997191820892967
1000,20,0.998443515360797
1000,21,0.998681525663161
1000,22,0.998783693155063
1000,23,0.998602188895706
1000,24,0.998750017836504
1000,25,0.998220345029323
1000,26,0.998095917581085
1000,27,0.998538262867254
1000,28,0.997709507569812
1000,29,0.999053666471654
1000,30,0.999068506442545
1000,31,0.998843623806738
1000,32,0.997730055221815
1000,33,0.997843638075941
1000,34,0.998288266434554
1000,35,0.998601618127595
1000,36,0.999130720166664
1000,37,0.997042279647836
1000,38,0.998729470184501
1000,39,0.998657553402491
1000,40,0.998845336111072
1000,41,0.998237468072659
1000,42,0.998520569055807
1000,43,0.997393302036215
1000,44,0.997936102509953
1000,45,0.998192377391875
1000,46,0.998091351436195
1000,47,0.998576504330703
1000,48,0.997639873860247
1000,49,0.997841925771607
1000,50,0.998129022131534
1000,51,0.977844494228107
1000,52,0.997879596466945
1000,53,0.998843623806738
1000,54,0.99911416789144
1000,55,0.998054251508968
1000,56,0.998994306588091
1000,57,0.998134729812645
1000,58,0.998017722349852
1000,59,0.998937800545084
1000,60,0.998457213795465
1000,61,0.99839214623079
1000,62,0.998046260755412
1000,63,0.987515018335925
1000,64,0.997957220930067
1000,65,0.998866454531185
1000,66,0.99818039126154
1000,67,0.998884148342632
1000,68,0.999023986529873
1000,69,0.998614175026041
1000,70,0.998976612776644
1000,71,0.999023415761761
1000,72,0.998667256460382
1000,73,0.998966338950643
1000,74,0.998545682852699
1000,75,0.999069647978767
1000,76,0.998022859262853
1000,77,0.997797405858935
1000,78,0.99934532897647
1000,79,0.997811104293603
1000,80,0.998301394101112
1000,81,0.998832779212625
1000,82,0.982609266420285
1000,83,0.998785976227508
1000,84,0.998655841098158
1000,85,0.998369315506343
1000,86,0.998118748305532
1000,87,0.997877884162612
1000,88,0.998701502547053
1000,89,0.998169546667428
1000,90,0.99938870735292
1000,91,0.999222613832565
1000,92,0.998745451691614
1000,93,0.998625019620154
1000,94,0.998696936402163
1000,95,0.998336781724005
1000,96,0.997319102181761
1000,97,0.998413835419015
1000,98,0.982538491174498
1000,99,0.998083360682639
1000,100,0.998329932506671
1000,101,0.998237468072659
1000,102,0.998472053766356
1000,103,0.997752885946262
1000,104,0.998718054822277
1000,105,0.998481756824246
1000,106,0.999000014269203
1000,107,0.998019434654186
1000,108,0.998219774261212
1000,109,0.998174683580428
1000,110,0.998403561593014
1000,111,0.998289407970777
1000,112,0.999291106005907
1000,113,0.998820222314179
1000,114,0.998690087184829
1000,115,0.998553673606256
1000,116,0.99823803884077
1000,117,0.998412693882793
1000,118,0.998283700289665
1000,119,0.998993165051869
1000,120,0.995404745936845
1000,121,0.998415547723349
1000,122,0.998601047359484
1000,123,0.997793410482156
1000,124,0.996325965668298
1000,125,0.997268303819866
1000,126,0.998865312994963
1000,127,0.998865883763074
1000,128,0.997937244046175
1000,129,0.999052524935432
1000,130,0.998875016052853
1000,131,0.998104479102753
1000,132,0.99876257473495
1000,133,0.998787117763731
1000,134,0.999106747905994
1000,135,0.99859419814215
1000,136,0.999046246486209
1000,137,0.998973188167977
1000,138,0.997927540988285
1000,139,0.998678671822605
1000,140,0.998224340406102
1000,141,0.99840184928868
1000,142,0.990556070832323
1000,143,0.998925243646637
1000,144,0.998699790242719
1000,145,0.9984691999258
1000,146,0.998903554458412
1000,147,0.998943508226195
1000,148,0.998361324752786
1000,149,0.99820436352221
1000,150,0.998498309099471
1000,151,0.997676973787474
1000,152,0.997455515760335
1000,153,0.99896519741442
1000,154,0.998798533125954
1000,155,0.984319287681397
1000,156,0.998498879867582
1000,157,0.998810519256289
1000,158,0.998248312666771
1000,159,0.996738060244574
1000,160,0.99792982406073
1000,161,0.998897846777301
1000,162,0.985513905338109
1000,163,0.998383013941011
1000,164,0.999283686020462
1000,165,0.998398995448124
1000,166,0.998349338622451
1000,167,0.997533710991567
1000,168,0.998740885546724
1000,169,0.998515432142806
1000,170,0.999036543428319
1000,171,0.998734607097502
1000,172,0.997580513976684
1000,173,0.996089667670267
1000,174,0.997868751872833
1000,175,0.998429246158017
1000,176,0.998236897304548
1000,177,0.998464633780911
1000,178,0.988499593327721
1000,179,0.997309969891982
1000,180,0.998571938185814
1000,181,0.997808250453047
1000,182,0.996634180448338
1000,183,0.998396141607568
1000,184,0.99824260498566
1000,185,0.999012571167649
1000,186,0.999202066180563
1000,187,0.998516002910917
1000,188,0.999213481542786
1000,189,0.997409283543328
1000,190,0.997215222385525
1000,191,0.998248883434882
1000,192,0.997486337238338
1000,193,0.997514304875787
1000,194,0.999027981906651
1000,195,0.999059374152766
1000,196,0.998523993664474
1000,197,0.998051968436524
1000,198,0.998301964869223
1000,199,0.998300823333
1000,200,0.998785976227508
1000,201,0.999084487949658
1000,202,0.999023415761761
1000,203,0.998332786347227
1000,204,0.999214052310897
1000,205,0.996893309170817
1000,206,0.998706639460053
1000,207,0.99822376963799
1000,208,0.998849902255961
1000,209,0.998634722678044
1000,210,0.999036543428319
1000,211,0.998751730140837
1000,212,0.99873403632939
1000,213,0.998917252893081
1000,214,0.998059388421969
1000,215,0.998814514633067
1000,216,0.998920106733637
1000,217,0.998116465233087
1000,218,0.998277421840442
1000,219,0.998642142663489
1000,220,0.998671822605271
1000,221,0.987138882150654
1000,222,0.997970348596624
1000,223,0.999094191007548
1000,224,0.99793496097373
1000,225,0.998609038113041
1000,226,0.998962343573864
1000,227,0.997287139167535
1000,228,0.999082775645325
1000,229,0.998085643755083
1000,230,0.998918394429303
1000,231,0.999014283471983
1000,232,0.998744880923503
1000,233,0.998720908662833
1000,234,0.997766584380931
1000,235,0.998810519256289
1000,236,0.998691228721051
1000,237,0.99918665544156
1000,238,0.998332215579116
1000,239,0.998799674662177
1000,240,0.997510880267119
1000,241,0.998815085401179
1000,242,0.998750017836504
1000,243,0.999176381615559
1000,244,0.998601618127595
1000,245,0.998891568328078
1000,246,0.998714059445499
1000,247,0.998801957734621
1000,248,0.998450935346242
1000,249,0.998381872404789
1000,250,0.997260313066309
1000,251,0.98020918651275
1000,252,0.981998544541316
1000,253,0.997792839714045
1000,254,0.998709493300609
1000,255,0.997492615687562
1000,256,0.997522295629343
1000,257,0.998933805168305
1000,258,0.998874445284742
1000,259,0.998486893737247
1000,260,0.998814514633067
1000,261,0.99841611849146
1000,262,0.998948645139196
1000,263,0.998654699561935
1000,264,0.997965782451734
1000,265,0.998019434654186
1000,266,0.998717484054166
1000,267,0.998785405459397
1000,268,0.998857322241406
1000,269,0.998749447068392
1000,270,0.998464063012799
1000,271,0.998309384854668
1000,272,0.997633024642913
1000,273,0.998863029922518
1000,274,0.998020576190408
1000,275,0.997268874587977
1000,276,0.998890426791855
1000,277,0.998769423952284
1000,278,0.99865698263438
1000,279,0.998403561593014
1000,280,0.997918979466617
1000,281,0.99862330731582
1000,282,0.998944078994307
1000,283,0.99879168390862
1000,284,0.997054265778171
1000,285,0.998908691371413
1000,286,0.998002882378961
1000,287,0.998269431086885
1000,288,0.998550248997588
1000,289,0.998201509681654
1000,290,0.99914784321
1000,291,0.99820436352221
1000,292,0.986171430202195
1000,293,0.998577645866925
1000,294,0.998905837530857
1000,295,0.999186084673449
1000,296,0.998708351764387
1000,297,0.998481186056135
1000,298,0.997160428646852
1000,299,0.997834505786162
1000,300,0.99852228136014
1000,301,0.998408698506014
1000,302,0.997382457442103
1000,303,0.998383584709122
1000,304,0.99709250724162
1000,305,0.998114182160643
1000,306,0.99843038769424
1000,307,0.998654699561935
1000,308,0.998466916853355
1000,309,0.998655270330047
1000,310,0.998683237967495
1000,311,0.998297969492444
1000,312,0.998674676445827
1000,313,0.997377320529102
1000,314,0.998546824388921
1000,315,0.998753442445171
1000,316,0.998296257188111
1000,317,0.998779127010174
1000,318,0.998365890897676
1000,319,0.999122158644996
1000,320,0.999121017108774
1000,321,0.996739772548908
1000,322,0.99831509253578
1000,323,0.997597066251909
1000,324,0.997967494756068
1000,325,0.998701502547053
1000,326,0.999454916453818
1000,327,0.99874830553217
1000,328,0.990354589689074
1000,329,0.998275138767997
1000,330,0.998247171130549
1000,331,0.997566244773904
1000,332,0.998501162940026
1000,333,0.999126154021775
1000,334,0.998352763231118
1000,335,0.998653558025713
1000,336,0.998559381287368
1000,337,0.998380160100455
1000,338,0.99831509253578
1000,339,0.998669539532826
1000,340,0.997935531741842
1000,341,0.997457228064668
1000,342,0.998131875972089
1000,343,0.99869065795294
1000,344,0.997994891625405
1000,345,0.979470612576875
1000,346,0.997408712775217
1000,347,0.998879582197743
1000,348,0.99911416789144
1000,349,0.998349338622451
1000,350,0.983508796963514
1000,351,0.998266006478218
1000,352,0.999136998615887
1000,353,0.998675817982049
1000,354,0.998908691371413
1000,355,0.998656411866269
1000,356,0.998518856751473
1000,357,0.998626161156376
1000,358,0.997859619583054
1000,359,0.99885446840085
1000,360,0.998704356387609
1000,361,0.99831509253578
1000,362,0.998407556969792
1000,363,0.999156975499779
1000,364,0.998288837202665
1000,365,0.998244888058104
1000,366,0.998470912230134
1000,367,0.998614175026041
1000,368,0.997837930394829
1000,369,0.998392716998901
1000,370,0.99844009075213
1000,371,0.998460067636021
1000,372,0.998436095375351
1000,373,0.997752315178151
1000,374,0.997974343973402
1000,375,0.998901842154079
1000,376,0.998772848560951
1000,377,0.993247813244674
1000,378,0.999131861702887
1000,379,0.99595154178736
1000,380,0.998998301964869
1000,381,0.998990881979424
1000,382,0.997702658352478
1000,383,0.998598193518928
1000,384,0.997854482670053
1000,385,0.998250024971105
1000,386,0.998340777100783
1000,387,0.999386424280475
1000,388,0.998813373096845
1000,389,0.99887330374852
1000,390,0.998300252564889
1000,391,0.998434383071018
1000,392,0.982100141265107
1000,393,0.998428675389906
1000,394,0.997897290278392
1000,395,0.998470341462023
1000,396,0.998568513577146
1000,397,0.998393858535124
1000,398,0.999015995776316
1000,399,0.999033689587763
1000,400,0.997481771093449
1000,401,0.998482327592357
1000,402,0.9980456899873
1000,403,0.998857322241406
1000,404,0.998612462721708
1000,405,0.988023572722992
1000,406,0.998742027082947
1000,407,0.998785976227508
1000,408,0.998388150854012
1000,409,0.997756310554929
1000,410,0.997999457770294
1000,411,0.998506870621138
1000,412,0.998757437821949
1000,413,0.998502304476249
1000,414,0.997546267890013
1000,415,0.982587006463949
1000,416,0.99812274368231
1000,417,0.998833349980737
1000,418,0.988104051026669
1000,419,0.99919122158645
1000,420,0.978847333799461
1000,421,0.997836218090495
1000,422,0.998424109245016
1000,423,0.998491459882136
1000,424,0.998727757880167
1000,425,0.998434953839129
1000,426,0.997621038512578
1000,427,0.986935688703072
1000,428,0.997449808079223
1000,429,0.998505729084916
1000,430,0.997579943208573
1000,431,0.998642142663489
1000,432,0.998271143391219
1000,433,0.998694082561607
1000,434,0.999250010701902
1000,435,0.998169546667428
1000,436,0.998706639460053
1000,437,0.998930380559638
1000,438,0.998828783835847
1000,439,0.997815099670381
1000,440,0.998644425735934
1000,441,0.990473309456201
1000,442,0.998189523551319
1000,443,0.998138725189424
1000,444,0.998877299125298
1000,445,0.998316804840114
1000,446,0.998299111028667
1000,447,0.998833920748848
1000,448,0.998254020347883
1000,449,0.999203778484896
1000,450,0.99650518685521
1000,451,0.998447510737575
1000,452,0.998325937129892
1000,453,0.999216335383342
1000,454,0.998216920420656
1000,455,0.998250024971105
1000,456,0.99918151852856
1000,457,0.998738031706169
1000,458,0.999340762831581
1000,459,0.998130163667756
1000,460,0.998761433198727
1000,461,0.998178678957207
1000,462,0.998613033489819
1000,463,0.998569084345258
1000,464,0.998545112084588
1000,465,0.998671822605271
1000,466,0.997984047031292
1000,467,0.998730040952612
1000,468,0.999259713759792
1000,469,0.999275124498794
1000,470,0.998773990097173
1000,471,0.998204934290321
1000,472,0.99796863629229
1000,473,0.999055949544099
1000,474,0.998454359954909
1000,475,0.999240878412123
1000,476,0.998046831523523
1000,477,0.998653558025713
1000,478,0.998494884490803
1000,479,0.997977768582069
1000,480,0.998630727301266
1000,481,0.99843552460724
1000,482,0.998759150126282
1000,483,0.998234043463992
1000,484,0.998105620638975
1000,485,0.998329932506671
1000,486,0.999019991153094
1000,487,0.998182103565874
1000,488,0.998343630941339
1000,489,0.999304233672465
1000,490,0.998643854967823
1000,491,0.998867596067408
1000,492,0.998561664359812
1000,493,0.988880866425993
1000,494,0.999245444557013
1000,495,0.998943508226195
1000,496,0.998949786675418
1000,497,0.998002882378961
1000,498,0.998628444228821
1000,499,0.998862459154407
1000,500,0.998695794865941
1000,501,0.998289407970777
1000,502,0.998600476591373
1000,503,0.99829112027511
1000,504,0.999078209500435
1000,505,0.998519427519585
1000,506,0.986368915968665
1000,507,0.99869065795294
1000,508,0.999239736875901
1000,509,0.998164409754427
1000,510,0.998660407243047
1000,511,0.999152980123001
1000,512,0.998999443501092
1000,513,0.998922389806082
1000,514,0.998503446012471
1000,515,0.998726616343945
1000,516,0.998368744738232
1000,517,0.997834505786162
1000,518,0.985104093834277
1000,519,0.998046260755412
1000,520,0.984176595653601
1000,521,0.997406429702772
1000,522,0.999257430687348
1000,523,0.997638161555914
1000,524,0.998157560537093
1000,525,0.999053666471654
1000,526,0.998773419329062
1000,527,0.998933234400194
1000,528,0.999251152238124
1000,529,0.999160400108446
1000,530,0.982647507883734
1000,531,0.999015425008205
1000,532,0.997849916525164
1000,533,0.996799703200582
1000,534,0.997178122458298
1000,535,0.997474921876115
1000,536,0.998698648706497
1000,537,0.999134144775331
1000,538,0.997478917252893
1000,539,0.998961772805753
1000,540,0.998574792026369
1000,541,0.998788259299953
1000,542,0.998910974443858
1000,543,0.99836817397012
1000,544,0.998268860318774
1000,545,0.999016566544427
1000,546,0.998624448852043
1000,547,0.997456657296557
1000,548,0.997836788858606
1000,549,0.999102752529216
1000,550,0.998372169346899
1000,551,0.998309384854668
1000,552,0.999008005022759
1000,553,0.998370457042565
1000,554,0.998338494028339
1000,555,0.998905266762746
1000,556,0.999019420384983
1000,557,0.999343045904025
1000,558,0.998341347868895
1000,559,0.996361924059303
1000,560,0.997639303092136
1000,561,0.998733465561279
1000,562,0.997452091151667
1000,563,0.998728328648278
1000,564,0.99887330374852
1000,565,0.998471482998245
1000,566,0.998843623806738
1000,567,0.998097629885418
1000,568,0.998081648378305
1000,569,0.997348211355432
1000,570,0.997762589004152
1000,571,0.998331644811004
1000,572,0.998285983362109
1000,573,0.998996018892425
1000,574,0.997392731268104
1000,575,0.998765428575505
1000,576,0.998454359954909
1000,577,0.998678101054494
1000,578,0.998776843937729
1000,579,0.998598193518928
1000,580,0.998263723405773
1000,581,0.998933234400194
1000,582,0.999304233672465
1000,583,0.998635293446155
1000,584,0.999203207716785
1000,585,0.998558810519256
1000,586,0.996566259043107
1000,587,0.998275709536108
1000,588,0.99885903454574
1000,589,0.998655841098158
1000,590,0.998867596067408
1000,591,0.998897846777301
1000,592,0.999267704513349
1000,593,0.999153550891112
1000,594,0.998572508953925
1000,595,0.998527989041252
1000,596,0.998714059445499
1000,597,0.998672964141493
1000,598,0.998740885546724
1000,599,0.997449237311111
1000,600,0.9978721764815
1000,601,0.999083346413436
1000,602,0.997964640915512
1000,603,0.998563376664146
1000,604,0.99865698263438
1000,605,0.998269431086885
1000,606,0.997855053438164
1000,607,0.998461779940355
1000,608,0.999010288095204
1000,609,0.998302535637334
1000,610,0.998390433926457
1000,611,0.998312238695224
1000,612,0.999106747905994
1000,613,0.997948088640288
1000,614,0.997696950671366
1000,615,0.999163824717113
1000,616,0.998637005750489
1000,617,0.998867596067408
1000,618,0.998976612776644
1000,619,0.998309955622779
1000,620,0.998626161156376
1000,621,0.99811760676931
1000,622,0.999191792354561
1000,623,0.998539404403476
1000,624,0.998297969492444
1000,625,0.998124455986644
1000,626,0.998500021403804
1000,627,0.998103908334641
1000,628,0.998513149070361
1000,629,0.999058232616544
1000,630,0.998934375936416
1000,631,0.998972617399866
1000,632,0.998524564432585
1000,633,0.998872732980408
1000,634,0.999143847833222
1000,635,0.998889285255633
1000,636,0.998197514304876
1000,637,0.996259756567401
1000,638,0.997796264322712
1000,639,0.987225068135443
1000,640,0.998590202765371
1000,641,0.99905652031221
1000,642,0.998861888386296
1000,643,0.99853655056292
1000,644,0.998883577574521
1000,645,0.998490889114025
1000,646,0.998502304476249
1000,647,0.998416689259571
1000,648,0.998957777428975
1000,649,0.997054265778171
1000,650,0.997836788858606
1000,651,0.998882436038299
1000,652,0.998789400836175
1000,653,0.997777999743154
1000,654,0.998971475863643
1000,655,0.998837345357515
1000,656,0.998648991880824
1000,657,0.99790128565517
1000,658,0.998972617399866
1000,659,0.998844194574849
1000,660,0.999113026355217
1000,661,0.997733479830482
1000,662,0.998901842154079
1000,663,0.998795108517287
1000,664,0.998014868509296
1000,665,0.998973188167977
1000,666,0.998654128793824
1000,667,0.998167263594983
1000,668,0.997151867125184
1000,669,0.998754583981393
1000,670,0.999391561193476
1000,671,0.998644425735934
1000,672,0.998905837530857
1000,673,0.995966381758251
1000,674,0.997824802728272
1000,675,0.998278563376664
1000,676,0.997714073714701
1000,677,0.998917823661192
1000,678,0.998567372040924
1000,679,0.997895577974059
1000,680,0.996816255475807
1000,681,0.998941225153751
1000,682,0.998254020347883
1000,683,0.998829354603958
1000,684,0.998432099998573
1000,685,0.997729484453704
1000,686,0.998559952055479
1000,687,0.997123899487736
1000,688,0.997614760063355
1000,689,0.996670709607454
1000,690,0.998577075098814
1000,691,0.99851257830225
1000,692,0.998951498979752
1000,693,0.998896705241078
1000,694,0.987770151681626
1000,695,0.999044534181875
1000,696,0.998134159044534
1000,697,0.998861888386296
1000,698,0.997988042408071
1000,699,0.998996589660536
1000,700,0.998275138767997
1000,701,0.998667827228493
1000,702,0.998432099998573
1000,703,0.998472624534467
1000,704,0.998362466289008
1000,705,0.99895035744353
1000,706,0.998246029594327
1000,707,0.998052539204635
1000,708,0.998110186783864
1000,709,0.998500021403804
1000,710,0.998746593227836
1000,711,0.998996018892425
1000,712,0.99892181903797
1000,713,0.997434397340221
1000,714,0.998478332215579
1000,715,0.99875800859006
1000,716,0.998177537420984
1000,717,0.998524564432585
1000,718,0.999107318674106
1000,719,0.99841611849146
1000,720,0.99914784321
1000,721,0.99859419814215
1000,722,0.996396170145974
1000,723,0.998264294173885
1000,724,0.998746593227836
1000,725,0.998954923588419
1000,726,0.998799103894065
1000,727,0.99909989868866
1000,728,0.997461794209557
1000,729,0.997219217762304
1000,730,0.998591915069705
1000,731,0.99884933148785
1000,732,0.997131319473181
1000,733,0.997864756496055
1000,734,0.997348211355432
1000,735,0.997975485509625
1000,736,0.997829368873161
1000,737,0.998958918965197
1000,738,0.99844522766513
1000,739,0.99742926042722
1000,740,0.998516573679029
1000,741,0.998644996504045
1000,742,0.997861331887387
1000,743,0.998740885546724
1000,744,0.997568527846349
1000,745,0.998930380559638
1000,746,0.997245473095418
1000,747,0.997431543499665
1000,748,0.998549107461366
1000,749,0.998510295229806
1000,750,0.998614175026041
1000,751,0.998304818709779
1000,752,0.997593641643241
1000,753,0.997577660136128
1000,754,0.998401278520569
1000,755,0.999077067964213
1000,756,0.999303662904354
1000,757,0.998061100726302
1000,758,0.998840769966182
1000,759,0.998400707752458
1000,760,0.999099327920549
1000,761,0.998241463449437
1000,762,0.997246043863529
1000,763,0.998832208444514
1000,764,0.997841925771607
1000,765,0.998634151909933
1000,766,0.997906422568171
1000,767,0.99607654000371
1000,768,0.99874373938728
1000,769,0.998885860646966
1000,770,0.997805967380602
1000,771,0.998978895849089
1000,772,0.99916211241278
1000,773,0.99715472096574
1000,774,0.998719767126611
1000,775,0.999057661848432
1000,776,0.998763716271172
1000,777,0.99845493072302
1000,778,0.998634151909933
1000,779,0.998388721622123
1000,780,0.997585650889685
1000,781,0.998779697778285
1000,782,0.998795679285398
1000,783,0.998651274953268
1000,784,0.998900700617857
1000,785,0.999026840370429
1000,786,0.998942937458084
1000,787,0.998134159044534
1000,788,0.998562235127923
1000,789,0.998510865997917
1000,790,0.998458926099799
1000,791,0.9982089296671
1000,792,0.998860746850074
1000,793,0.998857893009518
1000,794,0.998760862430616
1000,795,0.997526861774233
1000,796,0.998404132361125
1000,797,0.997101639531399
1000,798,0.998091351436195
1000,799,0.997823090423938
1000,800,0.997545697121902
1000,801,0.996768310954467
1000,802,0.998847048415405
1000,803,0.997690101454032
1000,804,0.998331644811004
1000,805,0.998699790242719
1000,806,0.983287909704485
1000,807,0.998718054822277
1000,808,0.998659265706825
1000,809,0.998301394101112
1000,810,0.998869308371741
1000,811,0.999075355659879
1000,812,0.998828783835847
1000,813,0.997701516816255
1000,814,0.99675061714302
1000,815,0.998516573679029
1000,816,0.997716356787146
1000,817,0.998347626318118
1000,818,0.998790542372398
1000,819,0.997553687875458
1000,820,0.996086813829711
1000,821,0.998578216635037
1000,822,0.998454359954909
1000,823,0.99806452533497
1000,824,0.998613033489819
1000,825,0.998498879867582
1000,826,0.998765428575505
1000,827,0.999340192063469
1000,828,0.984689716185557
1000,829,0.998290549506999
1000,830,0.998667827228493
1000,831,0.999287110629129
1000,832,0.998462921476577
1000,833,0.986775302863829
1000,834,0.998858463777629
1000,835,0.997494327991895
1000,836,0.998537121331031
1000,837,0.998431529230462
1000,838,0.998739744010502
1000,839,0.999285969092907
1000,840,0.998729470184501
1000,841,0.997199811646523
1000,842,0.99918665544156
1000,843,0.997979480886403
1000,844,0.99754969249868
1000,845,0.999043963413764
1000,846,0.99848860604158
1000,847,0.998431529230462
1000,848,0.998828213067736
1000,849,0.99832936173856
1000,850,0.997154150197628
1000,851,0.998174112812317
1000,852,0.997368759007434
1000,853,0.998137583653201
1000,854,0.998575362794481
1000,855,0.999083346413436
1000,856,0.998458926099799
1000,857,0.998236326536436
1000,858,0.998848760719739
1000,859,0.998432099998573
1000,860,0.998285983362109
1000,861,0.999036543428319
1000,862,0.99849317218647
1000,863,0.998808236183844
1000,864,0.997518871020676
1000,865,0.996956664431158
1000,866,0.998809377720067
1000,867,0.998710064068721
1000,868,0.997494898760006
1000,869,0.998941225153751
1000,870,0.998834491516959
1000,871,0.998936659008861
1000,872,0.999196358499451
1000,873,0.999069647978767
1000,874,0.99910446483355
1000,875,0.997799688931379
1000,876,0.984350109159401
1000,877,0.998123885218533
1000,878,0.999006863486537
1000,879,0.998798533125954
1000,880,0.997829939641272
1000,881,0.990069776401592
1000,882,0.998478332215579
1000,883,0.99831509253578
1000,884,0.998828213067736
1000,885,0.999192933890784
1000,886,0.999028552674762
1000,887,0.997799688931379
1000,888,0.996986915141051
1000,889,0.998312809463335
1000,890,0.998638147286711
1000,891,0.998489176809692
1000,892,0.997870464177166
1000,893,0.997690672222143
1000,894,0.998309955622779
1000,895,0.998021717726631
1000,896,0.998238609608881
1000,897,0.998049685364079
1000,898,0.998005736219517
1000,899,0.989993293474694
1000,900,0.99594640487436
1000,901,0.998462921476577
1000,902,0.998910974443858
1000,903,0.997537706368345
1000,904,0.998058817653858
1000,905,0.997388735891326
1000,906,0.998539975171587
1000,907,0.998898417545412
1000,908,0.998538833635365
1000,909,0.999021132689317
1000,910,0.997925828683951
1000,911,0.997956650161955
1000,912,0.99721750545797
1000,913,0.99826201110144
1000,914,0.998510865997917
1000,915,0.998018863886075
1000,916,0.997395014340549
1000,917,0.998206075826544
1000,918,0.998256303420328
1000,919,0.997965211683623
1000,920,0.998532555186142
1000,921,0.999066794138212
1000,922,0.998505729084916
1000,923,0.999106747905994
1000,924,0.999199783108118
1000,925,0.998888714487522
1000,926,0.99868552103994
1000,927,0.997918408698506
1000,928,0.999237453803456
1000,929,0.999069647978767
1000,930,0.998537692099142
1000,931,0.997741470584039
1000,932,0.998599905823262
1000,933,0.998914969820636
1000,934,0.998821363850402
1000,935,0.997018878155277
1000,936,0.998962914341976
1000,937,0.998743168619169
1000,938,0.998126168290978
1000,939,0.997984047031292
1000,940,0.998707780996276
1000,941,0.998197514304876
1000,942,0.998593056605927
1000,943,0.998557098214923
1000,944,0.998938942081306
1000,945,0.998562235127923
1000,946,0.998359612448453
1000,947,0.998805382343288
1000,948,0.998047402291634
1000,949,0.998845336111072
1000,950,0.999069647978767
1000,951,0.997509738730897
1000,952,0.99742469428233
1000,953,0.997427548122886
1000,954,0.99837274011501
1000,955,0.997601061628687
1000,956,0.998463492244688
1000,957,0.999281402948017
1000,958,0.99893608824075
1000,959,0.998525705968808
1000,960,0.99911416789144
1000,961,0.997601632396798
1000,962,0.999067935674434
1000,963,0.984298740029395
1000,964,0.998219203493101
1000,965,0.998834491516959
1000,966,0.996641600433784
1000,967,0.998402420056791
1000,968,0.997738616743483
1000,969,0.998851043792183
1000,970,0.997903568727615
1000,971,0.998368744738232
1000,972,0.999022274225539
1000,973,0.99896976355931
1000,974,0.999158687804112
1000,975,0.999189509282116
1000,976,0.998917252893081
1000,977,0.999133003239109
1000,978,0.997979480886403
1000,979,0.99898916967509
1000,980,0.998043406914856
1000,981,0.998133017508312
1000,982,0.99860390120004
1000,983,0.998715200981721
1000,984,0.998692941025385
1000,985,0.998581641243704
1000,986,0.998072516088526
1000,987,0.998692941025385
1000,988,0.998864171458741
1000,989,0.999046246486209
1000,990,0.998769994720395
1000,991,0.997386452818881
1000,992,0.983223983676032
1000,993,0.9990610864571
1000,994,0.998805382343288
1000,995,0.998921248269859
1000,996,0.997820236583382
1000,997,0.997906993336282
1000,998,0.997301408370314
1000,999,0.99711647950229
1000,1000,0.998495455258915
500,1,0.998175254348539
500,2,0.996758037128466
500,3,0.998378447796122
500,4,0.981488277849917
500,5,0.995891040367575
500,6,0.996792853983248
500,7,0.99724661463164
500,8,0.995805995919008
500,9,0.996682124969678
500,10,0.997291705312424
500,11,0.996486351507541
500,12,0.995493214994078
500,13,0.998256874188439
500,14,0.980794223826715
500,15,0.996720937201239
500,16,0.996710092607126
500,17,0.997445241934333
500,18,0.995148471054922
500,19,0.993843695152752
500,20,0.998112469856309
500,21,0.995153037199812
500,22,0.981259399837331
500,23,0.998061100726302
500,24,0.995661020818767
500,25,0.997531998687233
500,26,0.986686263038484
500,27,0.996045718525706
500,28,0.98572166493058
500,29,0.994996646737347
500,30,0.99519070789515
500,31,0.997983476263181
500,32,0.996079393844266
500,33,0.995920149541245
500,34,0.980311924772763
500,35,0.996646166578673
500,36,0.99610051226438
500,37,0.997386452818881
500,38,0.99658680669511
500,39,0.995000642114125
500,40,0.997162140951185
500,41,0.997397868181105
500,42,0.998236326536436
500,43,0.997534281759678
500,44,0.995488648849189
500,45,0.996256902726845
500,46,0.997329946775874
500,47,0.996018321656369
500,48,0.997754027482485
500,49,0.996126767597494
500,50,0.996795137055693
500,51,0.997971490132846
500,52,0.981845578687519
500,53,0.993673035487507
500,54,0.99716956093663
500,55,0.976361638675247
500,56,0.996223798176396
500,57,0.997794552018379
500,58,0.998289407970777
500,59,0.99551319187797
500,60,0.995961815613362
500,61,0.997909847176838
500,62,0.99747720494856
500,63,0.997031435053723
500,64,0.997984617799404
500,65,0.997096502618399
500,66,0.998441232288352
500,67,0.9977854197286
500,68,0.997887016452391
500,69,0.997297983761647
500,70,0.995199269416818
500,71,0.995411024386068
500,72,0.99792982406073
500,73,0.99760277393302
500,74,0.995862501962015
500,75,0.996981207459939
500,76,0.986583524778471
500,77,0.995852228136014
500,78,0.997083374951841
500,79,0.996640458897561
500,80,0.983579572209301
500,81,0.99817068820365
500,82,0.997583938585351
500,83,0.998359612448453
500,84,0.984822134387352
500,85,0.996413293189309
500,86,0.99485395470955
500,87,0.996665572694454
500,88,0.995852228136014
500,89,0.995562848703643
500,90,0.994812288637434
500,91,0.996496625333543
500,92,0.989847747606341
500,93,0.99691899373582
500,94,0.997382457442103
500,95,0.997615330831466
500,96,0.996828812374253
500,97,0.996863058460924
500,98,0.99721750545797
500,99,0.996621623549892
500,100,0.996820821620696
500,101,0.997234057733194
500,102,0.997474921876115
500,103,0.996839086200254
500,104,0.998129592899645
500,105,0.99502233130235
500,106,0.99739101896377
500,107,0.998166692826872
500,108,0.980470027539561
500,109,0.997350494427876
500,110,0.99698177822805
500,111,0.993855110514976
500,112,0.998485752201024
500,113,0.995143334141921
500,114,0.997627887729913
500,115,0.997274582269089
500,116,0.998700931778942
500,117,0.993908191949316
500,118,0.9971883962843
500,119,0.995493785762189
500,120,0.995120503417474
500,121,0.997516587948231
500,122,0.996115923003382
500,123,0.996200967451949
500,124,0.997339649833764
500,125,0.997578230904239
500,126,0.995839100469457
500,127,0.997635878483469
500,128,0.996665572694454
500,129,0.995042308186242
500,130,0.978874159900686
500,131,0.997876171858278
500,132,0.996367631740415
500,133,0.996403019363308
500,134,0.997572523223128
500,135,0.993845978225197
500,136,0.996304276480073
500,137,0.996696394172458
500,138,0.99275466959661
500,139,0.994195288309242
500,140,0.995271756966938
500,141,0.998087926827528
500,142,0.996762032505244
500,143,0.984540745708537
500,144,0.994931579172672
500,145,0.982059616729213
500,146,0.997429831195331
500,147,0.997446383470556
500,148,0.977066537292561
500,149,0.997628458498024
500,150,0.985715386481357
500,151,0.995073700432357
500,152,0.997710078337923
500,153,0.997082233415619
500,154,0.997972060900957
500,155,0.997966923987957
500,156,0.997849916525164
500,157,0.996817397012029
500,158,0.997930394828841
500,159,0.996126196829383
500,160,0.997781995119933
500,161,0.998161555913871
500,162,0.997940097886731
500,163,0.995912158787689
500,164,0.997033147358057
500,165,0.99520041095304
500,166,0.996702101853569
500,167,0.99600918936659
500,168,0.99701545354661
500,169,0.996368773276637
500,170,0.996258615031178
500,171,0.99749204491945
500,172,0.995654742369544
500,173,0.997783136656155
500,174,0.99598521710592
500,175,0.998323654057448
500,176,0.996473223840984
500,177,0.996948102909491
500,178,0.982120118148999
500,179,0.988112041780226
500,180,0.995929852599135
500,181,0.984173171044934
500,182,0.996786004765914
500,183,0.996730069491018
500,184,0.997266020747421
500,185,0.996419000870421
500,186,0.996686120346456
500,187,0.996624477390448
500,188,0.995942980265693
500,189,0.998192948159986
500,190,0.993570297227494
500,191,0.996328819508854
500,192,0.994868794680441
500,193,0.997675261483141
500,194,0.994938999158117
500,195,0.996248341205177
500,196,0.997196387037856
500,197,0.996887030721594
500,198,0.996081676916711
500,199,0.995398467487622
500,200,0.99686134615659
500,201,0.99539275980651
500,202,0.995961244845251
500,203,0.99667356344801
500,204,0.995405887473067
500,205,0.996841369272699
500,206,0.994738659551091
500,207,0.997531998687233
500,208,0.980511122843567
500,209,0.998019434654186
500,210,0.99789614874217
500,211,0.995694696137327
500,212,0.995469242733408
500,213,0.974709264993365
500,214,0.995856223512792
500,215,0.994287181975143
500,216,0.997397868181105
500,217,0.996422425479088
500,218,0.995863072730127
500,219,0.995448124313295
500,220,0.984478531984418
500,221,0.997064539604172
500,222,0.981527090081477
500,223,0.996392745537307
500,224,0.99638475478375
500,225,0.997831651945606
500,226,0.998139295957535
500,227,0.995762046774447
500,228,0.992573736105364
500,229,0.996247770437066
500,230,0.998123885218533
500,231,0.996225510480729
500,232,0.997279148413978
500,233,0.995634194717541
500,234,0.997672407642585
500,235,0.998067379175525
500,236,0.995636477789986
500,237,0.997392160499993
500,238,0.997716356787146
500,239,0.997734050598593
500,240,0.996377334798305
500,241,0.995618783978539
500,242,0.996758037128466
500,243,0.997861331887387
500,244,0.996006906294145
500,245,0.997857336510609
500,246,0.995207830938485
500,247,0.997282573022645
500,248,0.996568542115552
500,249,0.993416189837474
500,250,0.997117050270401
500,251,0.996415005493643
500,252,0.997670695338251
500,253,0.998184386638318
500,254,0.996725503346128
500,255,0.985347811817754
500,256,0.997020590459611
500,257,0.995946975642471
500,258,0.981190907663989
500,259,0.996581669782109
500,260,0.99507997888158
500,261,0.997901856423282
500,262,0.997428689659109
500,263,0.996063412337153
500,264,0.997017736619055
500,265,0.997159287110629
500,266,0.997186683979966
500,267,0.997317389877428
500,268,0.996457813101982
500,269,0.997962357843067
500,270,0.997222642370971
500,271,0.993969834905324
500,272,0.971215593384798
500,273,0.995694696137327
500,274,0.979975742355275
500,275,0.995849945063569
500,276,0.993993236397883
500,277,0.997407571238995
500,278,0.997408142007106
500,279,0.996879039968037
500,280,0.99749661106434
500,281,0.994633638218633
500,282,0.996198684379504
500,283,0.996895592243261
500,284,0.997684964541031
500,285,0.996994335126496
500,286,0.997935531741842
500,287,0.995241506257045
500,288,0.979893551747264
500,289,0.996782580157247
500,290,0.99507997888158
500,291,0.978746878611892
500,292,0.995326550705612
500,293,0.9969383998516
500,294,0.997396726644882
500,295,0.974821135543157
500,296,0.997083374951841
500,297,0.996708951070904
500,298,0.996743197157575
500,299,0.995526890312638
500,300,0.998037699233744
500,301,0.997349352891654
500,302,0.997094219545954
500,303,0.995054865084688
500,304,0.988689088340634
500,305,0.997683823004809
500,306,0.998575933562592
500,307,0.996434411609423
500,308,0.996777443244246
500,309,0.997187254748077
500,310,0.994061157803114
500,311,0.998067949943637
500,312,0.997520012556898
500,313,0.997516587948231
500,314,0.997200382414634
500,315,0.992328305817554
500,316,0.997958362466289
500,317,0.996057704656041
500,318,0.996873332286925
500,319,0.997333371384541
500,320,0.997450378847334
500,321,0.998030279248298
500,322,0.994185014483241
500,323,0.997025156604501
500,324,0.998332215579116
500,325,0.9813598550249
500,326,0.995670723876657
500,327,0.997147300980294
500,328,0.997605057005465
500,329,0.981975143048758
500,330,0.983706282729984
500,331,0.997831081177495
500,332,0.982095004352107
500,333,0.99762674619369
500,334,0.996447539275981
500,335,0.997954937857622
500,336,0.997297983761647
500,337,0.996555414448995
500,338,0.995240364720823
500,339,0.974723534196144
500,340,0.994037185542444
500,341,0.996005764757923
500,342,0.997536564832123
500,343,0.975323411481001
500,344,0.99518100483726
500,345,0.996965225952826
500,346,0.995876200396684
500,347,0.986961944036187
500,348,0.997635307715358
500,349,0.998853326864628
500,350,0.99760734007791
500,351,0.995923574149912
500,352,0.995327692241834
500,353,0.995622208587206
500,354,0.997019448923389
500,355,0.997403005094105
500,356,0.987559538248598
500,357,0.997173556313409
500,358,0.997853911901942
500,359,0.99799717469785
500,360,0.998290549506999
500,361,0.996857350779812
500,362,0.9965097530001
500,363,0.996155876771165
500,364,0.995786019035116
500,365,0.997437821948888
500,366,0.99742469428233
500,367,0.997500035673007
500,368,0.995096531156804
500,369,0.997010887401721
500,370,0.996522309898546
500,371,0.995198698648706
500,372,0.995577117906423
500,373,0.997926970220174
500,374,0.988468771849717
500,375,0.99698177822805
500,376,0.997710649106034
500,377,0.996614774332558
500,378,0.996536579101326
500,379,0.997627887729913
500,380,0.994944706839229
500,381,0.995517758022859
500,382,0.996496054565431
500,383,0.995333970691057
500,384,0.994719253435311
500,385,0.998385867781567
500,386,0.997545126353791
500,387,0.99790128565517
500,388,0.995571410225311
500,389,0.998037128465633
500,390,0.997432685035887
500,391,0.997976627045847
500,392,0.9946370628273
500,393,0.997921262539062
500,394,0.996872190750703
500,395,0.995637048558097
500,396,0.998196943536765
500,397,0.985678857322241
500,398,0.997850487293275
500,399,0.97601632396798
500,400,0.99735220673221
500,401,0.994347112626818
500,402,0.996055421583596
500,403,0.984594397910989
500,404,0.988952783208002
500,405,0.982431757537706
500,406,0.997674119946919
500,407,0.995849374295458
500,408,0.996598792825445
500,409,0.996980636691828
500,410,0.995637048558097
500,411,0.996181561336168
500,412,0.998606755040596
500,413,0.9964281331602
500,414,0.992897932392517
500,415,0.997075954966396
500,416,0.998236897304548
500,417,0.996844223113255
500,418,0.997500606441118
500,419,0.998049685364079
500,420,0.993989811789215
500,421,0.997408712775217
500,422,0.996591943608111
500,423,0.977533425607511
500,424,0.998025142335298
500,425,0.998067379175525
500,426,0.98756067978482
500,427,0.998597051982706
500,428,0.979995719239166
500,429,0.982161784221116
500,430,0.998316234072002
500,431,0.997119333342846
500,432,0.997521724861232
500,433,0.996666714230676
500,434,0.995960103309028
500,435,0.99601375551148
500,436,0.983185742212583
500,437,0.998742597851058
500,438,0.995805995919008
500,439,0.996943536764601
500,440,0.996810547794695
500,441,0.997812816597937
500,442,0.996942395228379
500,443,0.998203221985988
500,444,0.994571995262625
500,445,0.995333970691057
500,446,0.995097672693027
500,447,0.997675261483141
500,448,0.997696379903255
500,449,0.995105663446583
500,450,0.997220359298526
500,451,0.996990339749718
500,452,0.996634180448338
500,453,0.998320800216892
500,454,0.997091936473509
500,455,0.997792268945934
500,456,0.997295700689202
500,457,0.994618227479631
500,458,0.996985202836718
500,459,0.997960645538734
500,460,0.995521753399637
500,461,0.99563362394943
500,462,0.998688374880495
500,463,0.992576019177809
500,464,0.982334156190694
500,465,0.99783850116294
500,466,0.996170716742056
500,467,0.996127338365606
500,468,0.998508012157361
500,469,0.993713560023401
500,470,0.995920720309356
500,471,0.980670937914699
500,472,0.99811304062442
500,473,0.978140152109702
500,474,0.997943522495398
500,475,0.998073086856637
500,476,0.996185556712947
500,477,0.997383028210214
500,478,0.997129607168847
500,479,0.996470370000428
500,480,0.997067393444728
500,481,0.997131319473181
500,482,0.995406458241178
500,483,0.99807422839286
500,484,0.976601932050056
500,485,0.9952340862716
500,486,0.995684422311326
500,487,0.995698691514105
500,488,0.995228949358599
500,489,0.997493186455673
500,490,0.996671280375565
500,491,0.997321385254206
500,492,0.997436109644554
500,493,0.997735192134816
500,494,0.995553145645753
500,495,0.996730640259129
500,496,0.995682139238881
500,497,0.981814186441404
500,498,0.997348211355432
500,499,0.997977197813958
500,500,0.996029166250482
500,501,0.996055421583596
500,502,0.997723206004481
500,503,0.997642156932692
500,504,0.993004666029309
500,505,0.996227793553174
500,506,0.997243190022973
500,507,0.997645010773248
500,508,0.996662718853898
500,509,0.997458940369002
500,510,0.996847647721922
500,511,0.994203279062799
500,512,0.997942951727287
500,513,0.995813415904453
500,514,0.996121630684494
500,515,0.980204049599749
500,516,0.997285426863201
500,517,0.995599377862759
500,518,0.99523865241649
500,519,0.997531998687233
500,520,0.995273469271272
500,521,0.99553259799375
500,522,0.996907578373596
500,523,0.9969332629386
500,524,0.997010887401721
500,525,0.997465789586336
500,526,0.99796349937929
500,527,0.997131319473181
500,528,0.995212397083375
500,529,0.992601703742812
500,530,0.996837944664032
500,531,0.997062256531728
500,532,0.995856794280904
500,533,0.996657011172786
500,534,0.996029166250482
500,535,0.99725574692142
500,536,0.998121602146088
500,537,0.997845921148385
500,538,0.997907564104394
500,539,0.985294730383413
500,540,0.996929267561821
500,541,0.997350494427876
500,542,0.998454359954909
500,543,0.9975302863829
500,544,0.995573693297755
500,545,0.998323083289337
500,546,0.99792982406073
500,547,0.980950043521069
500,548,0.99806452533497
500,549,0.996769452490689
500,550,0.996967509025271
500,551,0.983217134458698
500,552,0.997629029266135
500,553,0.995649034688432
500,554,0.997532569455345
500,555,0.99717412708152
500,556,0.99706339806795
500,557,0.997321956022317
500,558,0.995945263338137
500,559,0.9986375765186
500,560,0.995262624677159
500,561,0.994548593770066
500,562,0.995857365049015
500,563,0.997134744081848
500,564,0.997955508625733
500,565,0.98535580257131
500,566,0.997736333671038
500,567,0.996553702144661
500,568,0.997381886673992
500,569,0.997328805239651
500,570,0.996292861117849
500,571,0.997665558425251
500,572,0.996724361809906
500,573,0.996769452490689
500,574,0.996824246229363
500,575,0.996368773276637
500,576,0.995987500178365
500,577,0.998752300908948
500,578,0.996171858278278
500,579,0.994857950086329
500,580,0.997024585836389
500,581,0.998280275680998
500,582,0.996973787474494
500,583,0.99828141721722
500,584,0.997611335454688
500,585,0.989330060929496
500,586,0.995271186198827
500,587,0.995497781138968
500,588,0.996205533596838
500,589,0.998725474807723
500,590,0.996157018307387
500,591,0.997205519327635
500,592,0.984202280218604
500,593,0.996950956750046
500,594,0.9978721764815
500,595,0.98710292375965
500,596,0.998046260755412
500,597,0.995895606512464
500,598,0.994691285797862
500,599,0.997811675061714
500,600,0.996305988784407
500,601,0.996904153764929
500,602,0.996619340477447
500,603,0.99694296599649
500,604,0.997440105021333
500,605,0.998553673606256
500,606,0.995356801415505
500,607,0.99829568642
500,608,0.996747192534353
500,609,0.99456971219018
500,610,0.996359070218747
500,611,0.997888728756724
500,612,0.996665001926342
500,613,0.997562249397126
500,614,0.997007462793054
500,615,0.99511365420014
500,616,0.996922418344487
500,617,0.997381886673992
500,618,0.996805981649805
500,619,0.983907763873232
500,620,0.998258015724661
500,621,0.988107475635336
500,622,0.995638190094319
500,623,0.978581355859648
500,624,0.994406472510381
500,625,0.99730426221087
500,626,0.997823090423938
500,627,0.997577660136128
500,628,0.99688075227237
500,629,0.98563947432257
500,630,0.997129607168847
500,631,0.997195816269745
500,632,0.996888743025927
500,633,0.996254048886289
500,634,0.995858506585237
500,635,0.996832807751031
500,636,0.994732381101868
500,637,0.997519441788787
500,638,0.995161598721479
500,639,0.997983476263181
500,640,0.998726616343945
500,641,0.997425835818553
500,642,0.997599920092464
500,643,0.994861945463107
500,644,0.996154164466831
500,645,0.995801429774118
500,646,0.997157574806296
500,647,0.998484610664802
500,648,0.997605057005465
500,649,0.996173570582612
500,650,0.997267162283643
500,651,0.986690258415262
500,652,0.996415005493643
500,653,0.998166692826872
500,654,0.998380730868566
500,655,0.997364763630656
500,656,0.99544584124085
500,657,0.998111899088198
500,658,0.997162711719296
500,659,0.996005764757923
500,660,0.99647607768154
500,661,0.99778085358371
500,662,0.99717412708152
500,663,0.996724932578017
500,664,0.997123328719625
500,665,0.996859063084146
500,666,0.968925671722721
500,667,0.993682738545397
500,668,0.99581170360012
500,669,0.997539418672679
500,670,0.994067436252337
500,671,0.99782423196016
500,672,0.994826557840213
500,673,0.997772292062043
500,674,0.997493757223784
500,675,0.998003453147073
500,676,0.997327092935318
500,677,0.997597066251909
500,678,0.996072544626932
500,679,0.997964640915512
500,680,0.983028780982007
500,681,0.998288266434554
500,682,0.996926413721265
500,683,0.978811946176567
500,684,0.997536564832123
500,685,0.99681796778014
500,686,0.997158716342518
500,687,0.994247798975471
500,688,0.997759164395485
500,689,0.98290035815699
500,690,0.99819466046432
500,691,0.998289978738888
500,692,0.981140109302093
500,693,0.997916125626061
500,694,0.997678686091808
500,695,0.995244930865713
500,696,0.996446968507869
500,697,0.997238053109973
500,698,0.996612491260113
500,699,0.99582140665801
500,700,0.995626774732096
500,701,0.994700418087641
500,702,0.997206660863857
500,703,0.995383627516731
500,704,0.997672978410696
500,705,0.988945933990668
500,706,0.996057704656041
500,707,0.996928126025599
500,708,0.996297427262739
500,709,0.99728942223998
500,710,0.995751202180334
500,711,0.995526319544527
500,712,0.997788273569156
500,713,0.996175282886945
500,714,0.995739216049999
500,715,0.996582811318332
500,716,0.997537706368345
500,717,0.996373910189638
500,718,0.997933248669397
500,719,0.998078794537749
500,720,0.994639916667856
500,721,0.997011458169832
500,722,0.99617756595939
500,723,0.997815670438493
500,724,0.997524007933677
500,725,0.996300281103295
500,726,0.998126168290978
500,727,0.998442373824574
500,728,0.995698120745994
500,729,0.997320243717983
500,730,0.996369914812859
500,731,0.99610564917738
500,732,0.997509167962786
500,733,0.995886474222685
500,734,0.995139909533254
500,735,0.977741185199983
500,736,0.996936116779156
500,737,0.997465218818225
500,738,0.984855809705912
500,739,0.996171858278278
500,740,0.997809962757381
500,741,0.997158716342518
500,742,0.994852813173328
500,743,0.997714644482813
500,744,0.998357329376008
500,745,0.996759749432799
500,746,0.984375793724405
500,747,0.996521739130435
500,748,0.997910988713061
500,749,0.996594226680555
500,750,0.997307116051426
500,751,0.99724661463164
500,752,0.998387009317789
500,753,0.997961216306845
500,754,0.976798847048415
500,755,0.997534281759678
500,756,0.994986943679457
500,757,0.996762603273355
500,758,0.984266206247057
500,759,0.993701573893067
500,760,0.997297412993536
500,761,0.996340234871078
500,762,0.996051996974929
500,763,0.997480058789115
500,764,0.994179306802129
500,765,0.996911002982263
500,766,0.995288309242163
500,767,0.997406429702772
500,768,0.997375608224768
500,769,0.996695252636235
500,770,0.996319687219075
500,771,0.998494313722692
500,772,0.995187854054594
500,773,0.997985759335626
500,774,0.997619326208245
500,775,0.996809406258472
500,776,0.997389877427548
500,777,0.995067992751245
500,778,0.989749575491217
500,779,0.997494898760006
500,780,0.997830510409383
500,781,0.990459611021532
500,782,0.98000713460139
500,783,0.993523494242377
500,784,0.9963362394943
500,785,0.995274040039383
500,786,0.996457813101982
500,787,0.998480044519913
500,788,0.997480629557227
500,789,0.996401307058975
500,790,0.997951513248955
500,791,0.983877513163339
500,792,0.997357914413322
500,793,0.995062855838244
500,794,0.982748533839414
500,795,0.996547994463549
500,796,0.985530457613333
500,797,0.998226052710435
500,798,0.996958376735492
500,799,0.996094804583268
500,800,0.981524236240921
500,801,0.98432556613062
500,802,0.996517172985545
500,803,0.996689544955123
500,804,0.997582226281018
500,805,0.997692384526476
500,806,0.995754626789001
500,807,0.996005193989812
500,808,0.998568513577146
500,809,0.997553687875458
500,810,0.982230276394458
500,811,0.997829368873161
500,812,0.998574792026369
500,813,0.995492644225967
500,814,0.995521182631526
500,815,0.988880866425993
500,816,0.996229505857508
500,817,0.994570853726402
500,818,0.997941810191065
500,819,0.996543999086771
500,820,0.998146145174869
500,821,0.997286568399424
500,822,0.997801972003824
500,823,0.986919707195959
500,824,0.997176410153965
500,825,0.99708737032862
500,826,0.997418415833107
500,827,0.997405858934661
500,828,0.998242034217548
500,829,0.981540217748034
500,830,0.998150140551647
500,831,0.996282016523737
500,832,0.996879039968037
500,833,0.99581684051312
500,834,0.994989797520013
500,835,0.996146173713275
500,836,0.997077096502618
500,837,0.992345999629001
500,838,0.997995462393516
500,839,0.99511879111314
500,840,0.996913286054708
500,841,0.993322583867239
500,842,0.995908734179021
500,843,0.995731796064554
500,844,0.997606769309799
500,845,0.994250082047916
500,846,0.998412693882793
500,847,0.997355631340877
500,848,0.998708351764387
500,849,0.996527446811547
500,850,0.997171844009075
500,851,0.981589303805596
500,852,0.998000599306517
500,853,0.997354489804655
500,854,0.998239180376992
500,855,0.998437236911574
500,856,0.998167834363094
500,857,0.997414420456329
500,858,0.998384726245345
500,859,0.990348311239851
500,860,0.99704399195217
500,861,0.997825373496383
500,862,0.996539432941882
500,863,0.995053723548465
500,864,0.997624463121245
500,865,0.983250809777258
500,866,0.996449251580314
500,867,0.998076511465305
500,868,0.998499450635693
500,869,0.977093363393787
500,870,0.99594183872947
500,871,0.996629043535338
500,872,0.996334527189966
500,873,0.994899616158445
500,874,0.987095503774204
500,875,0.997767725917153
500,876,0.997178693226409
500,877,0.996044006221372
500,878,0.99824774189866
500,879,0.997408712775217
500,880,0.997579943208573
500,881,0.980645824117807
500,882,0.996258044263067
500,883,0.973105406600933
500,884,0.992857978624734
500,885,0.997642727700803
500,886,0.997340791369986
500,887,0.998211783507655
500,888,0.996907578373596
500,889,0.998324224825559
500,890,0.995593670181647
500,891,0.997466360354447
500,892,0.99784820422083
500,893,0.995346527589503
500,894,0.998187811246986
500,895,0.997813387366048
500,896,0.998086214523195
500,897,0.993277493186456
500,898,0.996965225952826
500,899,0.997961787074956
500,900,0.997402434325994
500,901,0.996800273968693
500,902,0.984477390448196
500,903,0.996820821620696
500,904,0.997618184672022
500,905,0.996005193989812
500,906,0.996619340477447
500,907,0.995460110443629
500,908,0.993501805054152
500,909,0.998855039168962
500,910,0.997623892353134
500,911,0.997681539932364
500,912,0.996141607568385
500,913,0.996477789985874
500,914,0.995454973530629
500,915,0.997106205676289
500,916,0.998597051982706
500,917,0.997192962429189
500,918,0.997968065524179
500,919,0.996922989112598
500,920,0.993831709022417
500,921,0.997110771821178
500,922,0.986951670210185
500,923,0.996127909133717
500,924,0.996352221001413
500,925,0.986203963984532
500,926,0.995865926570683
500,927,0.996376764030194
500,928,0.992404788744453
500,929,0.997428118890998
500,930,0.996676417288566
500,931,0.997805396612491
500,932,0.997784848960489
500,933,0.995674148485324
500,934,0.99758336781724
500,935,0.98860518542829
500,936,0.997162140951185
500,937,0.978053966124913
500,938,0.995318559952055
500,939,0.996988056677273
500,940,0.997261454602531
500,941,0.996247770437066
500,942,0.994702701160086
500,943,0.997328805239651
500,944,0.995139338765143
500,945,0.995319130720167
500,946,0.997101639531399
500,947,0.99781452890227
500,948,0.996754612519798
500,949,0.993839129007862
500,950,0.995280318488606
500,951,0.997034288894279
500,952,0.997732909062371
500,953,0.997807108916825
500,954,0.997525149469899
500,955,0.997890441061058
500,956,0.996013184743368
500,957,0.998676388750161
500,958,0.995978367888586
500,959,0.99789614874217
500,960,0.998392716998901
500,961,0.997696379903255
500,962,0.996809406258472
500,963,0.99763644925158
500,964,0.997669553802029
500,965,0.99781452890227
500,966,0.977488334926728
500,967,0.995520611863415
500,968,0.996417859334199
500,969,0.995082832722136
500,970,0.993826001341305
500,971,0.996109073786048
500,972,0.994044034759778
500,973,0.99128665401464
500,974,0.997606769309799
500,975,0.994641058204078
500,976,0.997321385254206
500,977,0.996319687219075
500,978,0.983702858121317
500,979,0.998597622750817
500,980,0.996993193590274
500,981,0.975199554800873
500,982,0.996729498722906
500,983,0.997892153365391
500,984,0.9975354232959
500,985,0.995196986344373
500,986,0.984222827870607
500,987,0.997424123514219
500,988,0.997800259699491
500,989,0.997514875643898
500,990,0.984998501733708
500,991,0.996983490532384
500,992,0.99606683694582
500,993,0.996498908405987
500,994,0.997170702472853
500,995,0.996657581940897
500,996,0.995521182631526
500,997,0.987525862930038
500,998,0.997176980922076
500,999,0.998056534581413
500,1000,0.997186113211855
200,1,0.983916896163011
200,2,0.99419414677302
200,3,0.981868409411966
200,4,0.993519498865598
200,5,0.993763787617186
200,6,0.992519513134801
200,7,0.990993279205491
200,8,0.993307173128237
200,9,0.991647950229021
200,10,0.987250752700447
200,11,0.990684493657339
200,12,0.990662233701003
200,13,0.965355517187255
200,14,0.977894721821892
200,15,0.985596666714231
200,16,0.98413778342204
200,17,0.977930109444785
200,18,0.994605670581185
200,19,0.983235969806367
200,20,0.993699290820622
200,21,0.995979509424808
200,22,0.993713560023401
200,23,0.995240364720823
200,24,0.98498023715415
200,25,0.983760505700547
200,26,0.989228464205705
200,27,0.991269530971305
200,28,0.990310640544513
200,29,0.99647151153665
200,30,0.981527090081477
200,31,0.993607397154721
200,32,0.993585137198385
200,33,0.996762603273355
200,34,0.99177294844537
200,35,0.993869379717755
200,36,0.978237182688603
200,37,0.983354689573494
200,38,0.989136570539804
200,39,0.972736119632996
200,40,0.981410653386795
200,41,0.968821221158374
200,42,0.974977526005622
200,43,0.988791826600648
200,44,0.973059745152038
200,45,0.973993521781938
200,46,0.995493214994078
200,47,0.98064753642214
200,48,0.976349081776801
200,49,0.990596595368217
200,50,0.995367646009617
200,51,0.992956150739858
200,52,0.992957863044192
200,53,0.99272613119105
200,54,0.993844265920863
200,55,0.994226680555357
200,56,0.989128579786247
200,57,0.996143319872719
200,58,0.995782594426449
200,59,0.993441303634366
200,60,0.99318331644811
200,61,0.983205719096474
200,62,0.990542943165765
200,63,0.988800958890427
200,64,0.989617157289422
200,65,0.995920149541245
200,66,0.995511479573636
200,67,0.991520098172115
200,68,0.975257202380103
200,69,0.983053894778899
200,70,0.982179478032562
200,71,0.992479559367018
200,72,0.99422325594669
200,73,0.991677630170802
200,74,0.994332843424038
200,75,0.991569754997788
200,76,0.989663960274539
200,77,0.991789500720595
200,78,0.984762203735677
200,79,0.995151895663589
200,80,0.978357614760063
200,81,0.993453289764701
200,82,0.995125069562364
200,83,0.992459011715015
200,84,0.992227279861874
200,85,0.993161056491774
200,86,0.983696008903983
200,87,0.976129336053995
200,88,0.99099784535038
200,89,0.988784977383314
200,90,0.989990439634138
200,91,0.986824959689502
200,92,0.993662190893395
200,93,0.994681582739972
200,94,0.990799788815799
200,95,0.991585736504901
200,96,0.968940511693612
200,97,0.993193019506
200,98,0.993010944478532
200,99,0.993614246372055
200,100,0.991372839999429
200,101,0.964773904481957
200,102,0.984507641158088
200,103,0.99303891211598
200,104,0.978930665943694
200,105,0.992051483283629
200,106,0.991755825402035
200,107,0.969853740671509
200,108,0.992128536978639
200,109,0.985400893252094
200,110,0.97809620296514
200,111,0.992417345642899
200,112,0.991731853141365
200,113,0.992101710877413
200,114,0.978531699033975
200,115,0.976599648977612
200,116,0.991861988270715
200,117,0.990884833264365
200,118,0.975329119162112
200,119,0.996119347612049
200,120,0.986965368644854
200,121,0.977424408898275
200,122,0.972503246243632
200,123,0.994809434796878
200,124,0.98117207231632
200,125,0.972625390619426
200,126,0.994041180919222
200,127,0.993574863372383
200,128,0.994751787217648
200,129,0.99394871648521
200,130,0.991860275966382
200,131,0.988333499807366
200,132,0.98568798961202
200,133,0.996016038583924
200,134,0.992152509239309
200,135,0.995078266577246
200,136,0.981629828341491
200,137,0.978103052182475
200,138,0.988844908034988
200,139,0.994024628643998
200,140,0.979176096231503
200,141,0.984717683823005
200,142,0.992770080335612
200,143,0.977560822476848
200,144,0.978886146031021
200,145,0.974323996518314
200,146,0.99478660407243
200,147,0.993779769124299
200,148,0.99198470341462
200,149,0.985384911744981
200,150,0.996033732395371
200,151,0.976180705184001
200,152,0.979790242719139
200,153,0.994796307130321
200,154,0.992626817539704
200,155,0.988552674762061
200,156,0.983793039482884
200,157,0.97566986772449
200,158,0.991292361695752
200,159,0.979460909518985
200,160,0.993617670980722
200,161,0.98886031877399
200,162,0.988446511893381
200,163,0.988425964241378
200,164,0.995319701488278
200,165,0.988723334427306
200,166,0.993701003124955
200,167,0.993590274111385
200,168,0.993191877969778
200,169,0.984326707666843
200,170,0.995993207859477
200,171,0.989760990853441
200,172,0.993630227879168
200,173,0.994171316048572
200,174,0.994753499521982
200,175,0.994024628643998
200,176,0.990828897989469
200,177,0.993141650375993
200,178,0.993352263809021
200,179,0.98286668283843
200,180,0.98656411866269
200,181,0.993252950157675
200,182,0.995835105092678
200,183,0.983625804426307
200,184,0.962686605499351
200,185,0.976407300124142
200,186,0.993648492458726
200,187,0.992242690600876
200,188,0.992658209785819
200,189,0.986203393216421
200,190,0.993701573893067
200,191,0.968499878711776
200,192,0.989600034246087
200,193,0.98190379703486
200,194,0.970303505943123
200,195,0.992776358784835
200,196,0.973071160514262
200,197,0.974667598921248
200,198,0.995909875715244
200,199,0.963869807793839
200,200,0.992929324638632
200,201,0.992399081063341
200,202,0.989496154449851
200,203,0.992927041566188
200,204,0.980410667655998
200,205,0.994090837744895
200,206,0.981264536750332
200,207,0.989344330132276
200,208,0.994137640730012
200,209,0.991342018521425
200,210,0.985972232131391
200,211,0.98613547181119
200,212,0.989108032134245
200,213,0.989692498680099
200,214,0.994149626860347
200,215,0.992997246043864
200,216,0.981700603587278
200,217,0.996430987000756
200,218,0.99386709664531
200,219,0.995183287909704
200,220,0.991433341419215
200,221,0.986112070318631
200,222,0.98447967352064
200,223,0.983945434568571
200,224,0.993352263809021
200,225,0.980862716000057
200,226,0.983411195616501
200,227,0.987431115423581
200,228,0.994666742769082
200,229,0.993018935232089
200,230,0.992106847790414
200,231,0.991480144404332
200,232,0.991081177494613
200,233,0.994717541130977
200,234,0.995216392460153
200,235,0.993875087398867
200,236,0.973774917595354
200,237,0.993320871562906
200,238,0.990613718411552
200,239,0.995454402762518
200,240,0.984459696636749
200,241,0.985185713674177
200,242,0.981734849673949
200,243,0.956363065595525
200,244,0.949902541345015
200,245,0.993256945534453
200,246,0.994769481029095
200,247,0.991707880880695
200,248,0.993080578188097
200,249,0.993649633994949
200,250,0.976544855238938
200,251,0.993921319615873
200,252,0.993931593441874
200,253,0.994312295772035
200,254,0.978992308899702
200,255,0.976956949815214
200,256,0.987181118990882
200,257,0.989388279276837
200,258,0.985721094162469
200,259,0.955367646009618
200,260,0.990899673235256
200,261,0.981723434311725
200,262,0.995517758022859
200,263,0.996149027553831
200,264,0.992414491802343
200,265,0.98227936245202
200,266,0.989646266463093
200,267,0.993697007748177
200,268,0.994038327078666
200,269,0.993411623692584
200,270,0.982007676831095
200,271,0.992822020233729
200,272,0.989617728057533
200,273,0.993540617285712
200,274,0.994019491730997
200,275,0.994857379318217
200,276,0.99542643512507
200,277,0.989291248697935
200,278,0.994374509496154
200,279,0.985791298640145
200,280,0.989935645895464
200,281,0.993686733922176
200,282,0.983787902569883
200,283,0.97374409611735
200,284,0.978752586293004
200,285,0.987025299296528
200,286,0.995416161299068
200,287,0.975955251780083
200,288,0.962183758793396
200,289,0.975446126624905
200,290,0.988471054922162
200,291,0.994803727115766
200,292,0.991718725474808
200,293,0.991719296242919
200,294,0.979038541116708
200,295,0.991892238980608
200,296,0.990549221614988
200,297,0.970636263751944
200,298,0.987578373596267
200,299,0.983400351022388
200,300,0.986629756995477
200,301,0.98962571881109
200,302,0.977895863358114
200,303,0.993593698720052
200,304,0.994272912772364
200,305,0.989170245858364
200,306,0.99060801073044
200,307,0.967104921448039
200,308,0.972507812388522
200,309,0.990867139452919
200,310,0.988887144875216
200,311,0.98205790442488
200,312,0.984969392560038
200,313,0.981216021460881
200,314,0.962521653515218
200,315,0.994057162426335
200,316,0.988507013313166
200,317,0.995365362937173
200,318,0.96759178664688
200,319,0.991312338579644
200,320,0.994274625076697
200,321,0.990669653686449
200,322,0.993572580299939
200,323,0.995796292861118
200,324,0.993448723619811
200,325,0.991543499664674
200,326,0.977091080321342
200,327,0.98462407785277
200,328,0.987142306759321
200,329,0.994413892495826
200,330,0.988999015425008
200,331,0.97907792411638
200,332,0.990197628458498
200,333,0.972808607183117
200,334,0.970301222870678
200,335,0.988242176909576
200,336,0.9909784392346
200,337,0.979169817782281
200,338,0.994946419143563
200,339,0.993339136142464
200,340,0.99339050527247
200,341,0.976433555457257
200,342,0.991722720851586
200,343,0.993686163154065
200,344,0.993340848446797
200,345,0.983602973701859
200,346,0.996473794609095
200,347,0.979638418401564
200,348,0.982787346070975
200,349,0.990604586121773
200,350,0.974577417559681
200,351,0.993255233230119
200,352,0.994556013755511
200,353,0.991375123071874
200,354,0.978133302892367
200,355,0.996196401307059
200,356,0.989019563077011
200,357,0.980746279305375
200,358,0.992533211569469
200,359,0.990313494385069
200,360,0.953638789400836
200,361,0.986001341305061
200,362,0.992102852413636
200,363,0.991358000028538
200,364,0.989878569084345
200,365,0.987167420556214
200,366,0.994304305018479
200,367,0.993437879025699
200,368,0.975755482941168
200,369,0.994982377534567
200,370,0.985569840613005
200,371,0.977810248141436
200,372,0.993774061443187
200,373,0.994105106947675
200,374,0.989733593984104
200,375,0.993099984303877
200,376,0.990341462022517
200,377,0.993935018050542
200,378,0.993482398938371
200,379,0.991515532027226
200,380,0.974659608167692
200,381,0.98835975514048
200,382,0.980424936858778
200,383,0.967664274197001
200,384,0.993030350594312
200,385,0.99358285412594
200,386,0.993152494970106
200,387,0.993224982520227
200,388,0.98512920763117
200,389,0.995097101924916
200,390,0.99564332700732
200,391,0.992649648264151
200,392,0.983955708394572
200,393,0.983174326850359
200,394,0.988402562748819
200,395,0.995823689730455
200,396,0.9954892196173
200,397,0.99043906336953
200,398,0.992567457656141
200,399,0.9740426078395
200,400,0.990412808036415
200,401,0.990717027439677
200,402,0.983624092121973
200,403,0.980721736276594
200,404,0.984664031620553
200,405,0.978665258771992
200,406,0.994556013755511
200,407,0.96520882978268
200,408,0.977785705112655
200,409,0.987553259799375
200,410,0.989846606070119
200,411,0.986933976398739
200,412,0.995513762646081
200,413,0.978938085929139
200,414,0.992287210513549
200,415,0.993104550448766
200,416,0.990205619212055
200,417,0.993192448737889
200,418,0.993245530172229
200,419,0.989721037085658
200,420,0.986925985645182
200,421,0.993800316776302
200,422,0.99575862216578
200,423,0.987061828455644
200,424,0.985852370828042
200,425,0.979010002711148
200,426,0.993190165665444
200,427,0.986429417388451
200,428,0.983546467658852
200,429,0.986551561764244
200,430,0.992799189509282
200,431,0.982401506827814
200,432,0.983007662561893
200,433,0.99144532754955
200,434,0.984747934532898
200,435,0.985596666714231
200,436,0.995699262282216
200,437,0.987361481714017
200,438,0.992062898645853
200,439,0.991365990782095
200,440,0.97508711348297
200,441,0.994846534724105
200,442,0.982717141593299
200,443,0.986617770865142
200,444,0.994792311753542
200,445,0.989174241235142
200,446,0.994339692641372
200,447,0.994764344116094
200,448,0.994915026897447
200,449,0.981505400893252
200,450,0.993479545097815
200,451,0.97794209557512
200,452,0.977211512392803
200,453,0.995242647793268
200,454,0.990811774946134
200,455,0.996767740186356
200,456,0.991911645096388
200,457,0.99445898317661
200,458,0.984217690957606
200,459,0.991395670723877
200,460,0.994746079536536
200,461,0.988668540688632
200,462,0.993493814300595
200,463,0.994574849103181
200,464,0.959755140480301
200,465,0.988360325908591
200,466,0.987169703628658
200,467,0.993763216849075
200,468,0.991193048044406
200,469,0.981983704570426
200,470,0.992590859148699
200,471,0.983913471554344
200,472,0.993731824602959
200,473,0.980016266891169
200,474,0.995438992023516
200,475,0.99548465347241
200,476,0.96337951798633
200,477,0.994700988855753
200,478,0.982658352477847
200,479,0.993069162825873
200,480,0.995349952198171
200,481,0.990830610293803
200,482,0.994508640002283
200,483,0.994385354090267
200,484,0.988596623906622
200,485,0.984216549421384
200,486,0.995600519398981
200,487,0.991054351393388
200,488,0.988641143819295
200,489,0.994283757366476
200,490,0.970007848061529
200,491,0.991260398681526
200,492,0.991335740072202
200,493,0.992806609494728
200,494,0.987441389249583
200,495,0.990607439962329
200,496,0.988897418701217
200,497,0.986472795764901
200,498,0.991967009603174
200,499,0.96807294416461
200,500,0.993963556456101
200,501,0.994070860861004
200,502,0.97494270915084
200,503,0.977138454074571
200,504,0.993299182374681
200,505,0.979521410938771
200,506,0.995542871819752
200,507,0.967160285954824
200,508,0.984239950913942
200,509,0.967304690286954
200,510,0.991129122015953
200,511,0.994891625404889
200,512,0.993352834577132
200,513,0.990519541673207
200,514,0.991481856708666
200,515,0.993124527332658
200,516,0.987629171958163
200,517,0.995423581284514
200,518,0.989291819466046
200,519,0.982201737988899
200,520,0.994554301451178
200,521,0.984781039083346
200,522,0.993189594897333
200,523,0.973109972745823
200,524,0.981745694268061
200,525,0.993714130791513
200,526,0.995477233486965
200,527,0.997458940369002
200,528,0.988868309527547
200,529,0.989468186812403
200,530,0.991129122015953
200,531,0.963978253734964
200,532,0.991411081462879
200,533,0.975248640858435
200,534,0.986869479602175
200,535,0.974463834705555
200,536,0.991856851357715
200,537,0.995529173385083
200,538,0.99060801073044
200,539,0.981868980180077
200,540,0.992369401121559
200,541,0.993609109459054
200,542,0.996945249068935
200,543,0.99367931393673
200,544,0.99008804098115
200,545,0.97508711348297
200,546,0.986456814257787
200,547,0.996710092607126
200,548,0.996855067707367
200,549,0.960094176738346
200,550,0.994621652088298
200,551,0.952407642585009
200,552,0.992762089582055
200,553,0.987152580585323
200,554,0.993759792240407
200,555,0.988497310255276
200,556,0.988915112512664
200,557,0.963078723191735
200,558,0.986724504501933
200,559,0.988467059545383
200,560,0.994461266249055
200,561,0.988017294273769
200,562,0.993287196244346
200,563,0.986729070646823
200,564,0.992292347426549
200,565,0.987284998787118
200,566,0.988240464605243
200,567,0.991481285940555
200,568,0.988592057761733
200,569,0.995386481357287
200,570,0.969882279077068
200,571,0.993489818923817
200,572,0.995781452890227
200,573,0.987124612947875
200,574,0.991389392274654
200,575,0.969991295786304
200,576,0.986406586664003
200,577,0.974000370999272
200,578,0.991446469085772
200,579,0.992277507455658
200,580,0.994337980337039
200,581,0.9881719724319
200,582,0.97650261839871
200,583,0.95874373938728
200,584,0.984489947346642
200,585,0.98428218775417
200,586,0.980364435438992
200,587,0.991291790927641
200,588,0.988057248041552
200,589,0.989352891653943
200,590,0.982315320843024
200,591,0.992264379789101
200,592,0.993054893623093
200,593,0.994034331701888
200,594,0.984127509596039
200,595,0.994775759478318
200,596,0.991763816155592
200,597,0.990783807308686
200,598,0.972597422981978
200,599,0.99221586449965
200,600,0.992674762061044
200,601,0.994314008076369
200,602,0.992665059003153
200,603,0.988423110400822
200,604,0.98304476248912
200,605,0.99067022445456
200,606,0.9919122158645
200,607,0.988375736647593
200,608,0.991221586449965
200,609,0.995159315649035
200,610,0.992949301522524
200,611,0.993099984303877
200,612,0.980677787132033
200,613,0.974715543442588
200,614,0.994562292204734
200,615,0.964542743396926
200,616,0.973141364991938
200,617,0.971294930152252
200,618,0.989023558453789
200,619,0.992826015610508
200,620,0.992955579971747
200,621,0.992191892238981
200,622,0.990942480843595
200,623,0.990964740799931
200,624,0.992682182046489
200,625,0.994544598393288
200,626,0.992432756381901
200,627,0.991265535594526
200,628,0.989586906579529
200,629,0.989318074799161
200,630,0.992701588162269
200,631,0.993661620125284
200,632,0.99188824360383
200,633,0.994481243132946
200,634,0.986523023358685
200,635,0.98044034759778
200,636,0.992923046189409
200,637,0.990623992237554
200,638,0.968204220830182
200,639,0.991172500392403
200,640,0.995244930865713
200,641,0.983059031691899
200,642,0.985600091322898
200,643,0.968462778784549
200,644,0.976343374095689
200,645,0.971011258400993
200,646,0.966224226252479
200,647,0.989734735520327
200,648,0.979827913414478
200,649,0.99223983676032
200,650,0.957187254748077
200,651,0.993950999557655
200,652,0.992621109858592
200,653,0.978603045047873
200,654,0.98663146929981
200,655,0.990803784192577
200,656,0.985977939812503
200,657,0.994606812117407
200,658,0.989687932535209
200,659,0.996400736290863
200,660,0.991466445969664
200,661,0.994356815684708
200,662,0.964261354718112
200,663,0.991823176039155
200,664,0.983666899730312
200,665,0.99467587505886
200,666,0.987333514076569
200,667,0.991351150811204
200,668,0.995299724604386
200,669,0.988237610764687
200,670,0.991300352449309
200,671,0.98394029765557
200,672,0.99560451477576
200,673,0.983296471226153
200,674,0.993709564646623
200,675,0.978640715743211
200,676,0.982938599620439
200,677,0.988263866097801
200,678,0.994348824931151
200,679,0.991663931736134
200,680,0.993415619069363
200,681,0.979817068820365
200,682,0.980569341190908
200,683,0.987274724961116
200,684,0.992527503888358
200,685,0.994674162754527
200,686,0.993318588490461
200,687,0.973914755782594
200,688,0.995661591586878
200,689,0.986476791141679
200,690,0.990772962714573
200,691,0.99328434240379
200,692,0.983009374866226
200,693,0.973808592913914
200,694,0.985305004209415
200,695,0.994167891439905
200,696,0.990265549863729
200,697,0.990731867410568
200,698,0.981573893066594
200,699,0.982068178250881
200,700,0.988855752629101
200,701,0.995228378590488
200,702,0.983407771007834
200,703,0.986949957905852
200,704,0.993362537635022
200,705,0.994789457912986
200,706,0.996029737018593
200,707,0.992910489290963
200,708,0.994864228535552
200,709,0.993599406401164
200,710,0.986701103009375
200,711,0.986203393216421
200,712,0.993541758821935
200,713,0.993728970762404
200,714,0.991851714444714
200,715,0.993131947318103
200,716,0.994157046845793
200,717,0.989526405159744
200,718,0.968889142563605
200,719,0.99363593556028
200,720,0.981696037442388
200,721,0.968094633352835
200,722,0.97056206389749
200,723,0.98554358527989
200,724,0.991912786632611
200,725,0.986688546110929
200,726,0.992267233629657
200,727,0.984263352406501
200,728,0.981579600747706
200,729,0.984144061871263
200,730,0.991287224782751
200,731,0.993912758094205
200,732,0.989785533882222
200,733,0.989604029622865
200,734,0.992081733993522
200,735,0.980317061685764
200,736,0.971027810676217
200,737,0.990612006107219
200,738,0.995948117178693
200,739,0.991027525292162
200,740,0.989113169047245
200,741,0.993499521981707
200,742,0.986744481385825
200,743,0.968741884390919
200,744,0.968797248897704
200,745,0.986043578145289
200,746,0.968844622650933
200,747,0.991798062242263
200,748,0.977681254548308
200,749,0.992264950557212
200,750,0.994397340220602
200,751,0.990310069776402
200,752,0.992955579971747
200,753,0.984826700532241
200,754,0.987312395656455
200,755,0.987801543927741
200,756,0.995744923731111
200,757,0.985391190194204
200,758,0.984605813273212
200,759,0.993720980008847
200,760,0.954288323511365
200,761,0.992488691656797
200,762,0.974752643369815
200,763,0.994831694753214
200,764,0.989375151610279
200,765,0.968859462621823
200,766,0.994410467887159
200,767,0.984196572537492
200,768,0.991298069376864
200,769,0.9913203293332
200,770,0.990284385211398
200,771,0.990428218775417
200,772,0.987600633552603
200,773,0.994416175568271
200,774,0.990907663988813
200,775,0.992728414263495
200,776,0.971685335540303
200,777,0.994946419143563
200,778,0.989057233772349
200,779,0.992489262424908
200,780,0.984381501405516
200,781,0.996308842624962
200,782,0.993725546153736
200,783,0.993161627259885
200,784,0.988685092963856
200,785,0.991111998972617
200,786,0.991498979752001
200,787,0.990531527803542
200,788,0.990918508582925
200,789,0.985126924558725
200,790,0.973981535651603
200,791,0.992137098500307
200,792,0.995385339821064
200,793,0.991756966938257
200,794,0.995629628572652
200,795,0.995998915540589
200,796,0.990125711676489
200,797,0.972105420870136
200,798,0.991291790927641
200,799,0.985847804683152
200,800,0.975372497538562
200,801,0.985719952626247
200,802,0.992948730754413
200,803,0.993211854853669
200,804,0.994432727843495
200,805,0.981327321242562
200,806,0.996237496611064
200,807,0.988678243746522
200,808,0.979825059573922
200,809,0.98381529943922
200,810,0.990682210584895
200,811,0.990370571196187
200,812,0.969990154250082
200,813,0.983767354917881
200,814,0.989880281388679
200,815,0.993537192677045
200,816,0.995208401706597
200,817,0.971205890326908
200,818,0.990376278877299
200,819,0.992375679570782
200,820,0.986749047530715
200,821,0.993863672036643
200,822,0.994331701887816
200,823,0.9948054394201
200,824,0.987163425179435
200,825,0.996734064867796
200,826,0.996050855438707
200,827,0.990182788487607
200,828,0.991710734721251
200,829,0.993189594897333
200,830,0.990599449208773
200,831,0.977328519855596
200,832,0.987609765842382
200,833,0.994621081320187
200,834,0.987217648149998
200,835,0.984955123357258
200,836,0.984593256374766
200,837,0.991210171087741
200,838,0.988298112184472
200,839,0.990780382700019
200,840,0.991638247171131
200,841,0.992625676003482
200,842,0.990336895877627
200,843,0.99605256774304
200,844,0.992029223327293
200,845,0.988731325180862
200,846,0.995308286126054
200,847,0.991968721907507
200,848,0.994528046118063
200,849,0.987354632496682
200,850,0.994014925586107
200,851,0.980701188624592
200,852,0.989219902684037
200,853,0.967446811546639
200,854,0.988794109673093
200,855,0.99269245587249
200,856,0.987455087684251
200,857,0.97029266134901
200,858,0.988187953939013
200,859,0.98823932306902
200,860,0.994936716085672
200,861,0.980213181889528
200,862,0.991588019577346
200,863,0.995215821692042
200,864,0.987743896348511
200,865,0.995373353690729
200,866,0.994919593042337
200,867,0.983579001441189
200,868,0.990832893366248
200,869,0.967201381258829
200,870,0.995339107604058
200,871,0.982574449565503
200,872,0.98317489761847
200,873,0.993044049028981
200,874,0.990245572979838
200,875,0.992829440219175
200,876,0.993636506328391
200,877,0.992869964755069
200,878,0.994501220016838
200,879,0.973567158002882
200,880,0.960493714416175
200,881,0.96660949472753
200,882,0.99409312081734
200,883,0.994976099085344
200,884,0.981383256517458
200,885,0.994711262681754
200,886,0.988188524707125
200,887,0.990370571196187
200,888,0.987139452918765
200,889,0.974548879154122
200,890,0.994579986016181
200,891,0.99067022445456
200,892,0.967336082533069
200,893,0.984915740357586
200,894,0.975133916468087
200,895,0.983008804098115
200,896,0.982044776758323
200,897,0.988420827328377
200,898,0.988855752629101
200,899,0.966607211655085
200,900,0.991185057290849
200,901,0.991045219103609
200,902,0.993276922418344
200,903,0.989888842910347
200,904,0.994905894607668
200,905,0.984434012071746
200,906,0.989812359983448
200,907,0.993618241748833
200,908,0.975729798376165
200,909,0.960824189152552
200,910,0.986288437664988
200,911,0.987731339450065
200,912,0.984824417459796
200,913,0.979194931579173
200,914,0.990185642328163
200,915,0.991074328277279
200,916,0.98972217862188
200,917,0.990781524236241
200,918,0.993181033375665
200,919,0.991494984375223
200,920,0.993752943023073
200,921,0.99573008376022
200,922,0.991697607054694
200,923,0.995058289693355
200,924,0.991758108474479
200,925,0.994412180191493
200,926,0.987935674433869
200,927,0.981253121388108
200,928,0.992864827842069
200,929,0.994909889984447
200,930,0.990407671123414
200,931,0.995819694353676
200,932,0.989791812331445
200,933,0.994979523694011
200,934,0.993121102723991
200,935,0.971100868994449
200,936,0.984550448766427
200,937,0.991160514262068
200,938,0.98202422910632
200,939,0.972114553159915
200,940,0.982182331873118
200,941,0.99465646894308
200,942,0.989808364606669
200,943,0.994990939056235
200,944,0.979774261212026
200,945,0.993501805054152
200,946,0.992436751758679
200,947,0.996595368216778
200,948,0.9953208430245
200,949,0.991555485795009
200,950,0.965415447838929
200,951,0.993922461152095
200,952,0.991016680698049
200,953,0.978821078466346
200,954,0.991933334284614
200,955,0.994769481029095
200,956,0.98811889099756
200,957,0.988150283243675
200,958,0.984830125140908
200,959,0.986160014839971
200,960,0.991106862059617
200,961,0.991814043749376
200,962,0.993205005636335
200,963,0.992242119832765
200,964,0.994940711462451
200,965,0.986835233515504
200,966,0.985737646437693
200,967,0.961159800801929
200,968,0.992792340291948
200,969,0.993445869779255
200,970,0.983105263908905
200,971,0.98235641614703
200,972,0.98501391247271
200,973,0.991819180662376
200,974,0.958023430030964
200,975,0.990837459511137
200,976,0.989075498351907
200,977,0.980418658409555
200,978,0.992628529844038
200,979,0.983626375194418
200,980,0.973934161898375
200,981,0.983025356373339
200,982,0.985617785134345
200,983,0.977119047958791
200,984,0.990776958091351
200,985,0.990355731225297
200,986,0.989742726273883
200,987,0.987784991652516
200,988,0.987254748077225
200,989,0.983125811560908
200,990,0.988383156633039
200,991,0.988162840142121
200,992,0.992633095988927
200,993,0.994240378990026
200,994,0.992476134758351
200,995,0.99062227993322
200,996,0.991450464462551
200,997,0.98381529943922
200,998,0.987397440105021
200,999,0.986025313565731
200,1000,0.991188481899516
100,1,0.984254790884833
100,2,0.985533882222
100,3,0.980213181889528
100,4,0.981278235185
100,5,0.985276465803856
100,6,0.973012942166921
100,7,0.988347198242034
100,8,0.95171016395314
100,9,0.987066394600534
100,10,0.977954081705455
100,11,0.969319501719439
100,12,0.991194189580628
100,13,0.982952298055108
100,14,0.979445498779983
100,15,0.989821492273227
100,16,0.980236583382086
100,17,0.988423681168933
100,18,0.984584694853099
100,19,0.980223455715529
100,20,0.990907663988813
100,21,0.980771963870378
100,22,0.981338736604786
100,23,0.973616814828556
100,24,0.984593256374766
100,25,0.9826406586664
100,26,0.95738131590588
100,27,0.983932306902013
100,28,0.984239950913942
100,29,0.968654556869908
100,30,0.976267461936902
100,31,0.979714330560352
100,32,0.964918308814086
100,33,0.98086899444928
100,34,0.982128679670667
100,35,0.97639188938514
100,36,0.979986586949387
100,37,0.979118448652274
100,38,0.992275224383214
100,39,0.974272627388308
100,40,0.970054080278535
100,41,0.983269645124927
100,42,0.970102024799875
100,43,0.975296585379775
100,44,0.961268817511166
100,45,0.981467730197914
100,46,0.977017451235
100,47,0.96644625504773
100,48,0.988207360054794
100,49,0.968035844237382
100,50,0.963965126068406
100,51,0.988086927983334
100,52,0.983076154735235
100,53,0.99158516573679
100,54,0.99083403490247
100,55,0.964557012599706
100,56,0.990196486922276
100,57,0.991057205233944
100,58,0.98892766941111
100,59,0.983878083931451
100,60,0.968450792654214
100,61,0.964553017222928
100,62,0.962059331345158
100,63,0.960746564689431
100,64,0.98981806766456
100,65,0.985769038683809
100,66,0.990007562677473
100,67,0.983075583967124
100,68,0.975467815813131
100,69,0.990863144076141
100,70,0.985576689830339
100,71,0.962730554643912
100,72,0.976641885817839
100,73,0.987289564932007
100,74,0.986339806794994
100,75,0.990863144076141
100,76,0.959631854568285
100,77,0.968211640815628
100,78,0.984563576432985
100,79,0.983351264964826
100,80,0.967918836774589
100,81,0.987834077710078
100,82,0.989284970248712
100,83,0.988219346185129
100,84,0.983118962343574
100,85,0.974260070489862
100,86,0.98678557668983
100,87,0.98698762860119
100,88,0.976793710135415
100,89,0.985323268788973
100,90,0.982590431072616
100,91,0.978699504858664
100,92,0.986686833806595
100,93,0.984407756738631
100,94,0.960200910375137
100,95,0.968207074670738
100,96,0.982864970534096
100,97,0.96595025755911
100,98,0.989088626018464
100,99,0.968704213695581
100,100,0.979989440789943
100,101,0.988440804212269
100,102,0.97955965240222
100,103,0.968914827128608
100,104,0.974040324767055
100,105,0.987248469628002
100,106,0.968850901100156
100,107,0.977811389677659
100,108,0.972546053851971
100,109,0.963388079507998
100,110,0.960071346013898
100,111,0.979575063141222
100,112,0.967386880894964
100,113,0.983408341775945
100,114,0.976605927426835
100,115,0.980331901656655
100,116,0.952548622308472
100,117,0.968771564332701
100,118,0.970948473908763
100,119,0.98586606926271
100,120,0.963629514419029
100,121,0.969648834919593
100,122,0.970812631098301
100,123,0.98781067621752
100,124,0.988235327692242
100,125,0.986215950114867
100,126,0.983949429945349
100,127,0.988909404831552
100,128,0.990653101411224
100,129,0.988647993036629
100,130,0.978470626846078
100,131,0.982695452405074
100,132,0.98428218775417
100,133,0.979444928011872
100,134,0.988596623906622
100,135,0.993343131519242
100,136,0.978515717526862
100,137,0.974368516430987
100,138,0.977817668126882
100,139,0.983230262125255
100,140,0.988854040324767
100,141,0.985655455829683
100,142,0.971595154178736
100,143,0.988522424052168
100,144,0.969987300409526
100,145,0.97577089368017
100,146,0.981918066237639
100,147,0.979269702201738
100,148,0.983004237953226
100,149,0.983572152223855
100,150,0.990623421469442
100,151,0.980503702858121
100,152,0.970031249554087
100,153,0.9866411723577
100,154,0.985585822120118
100,155,0.980678357900144
100,156,0.988419685792155
100,157,0.977142449451349
100,158,0.985378633295758
100,159,0.951617128751017
100,160,0.988435667299268
100,161,0.981702886659722
100,162,0.98446483354975
100,163,0.990066351792925
100,164,0.953479545097815
100,165,0.965223669753571
100,166,0.9823803884077
100,167,0.967294416460952
100,168,0.974744652616258
100,169,0.957427548122886
100,170,0.959260284527903
100,171,0.987813530058076
100,172,0.99053095703543
100,173,0.955247784706268
100,174,0.974044890911945
100,175,0.972050056363351
100,176,0.992936744624078
100,177,0.980878126739059
100,178,0.946031021246843
100,179,0.990760976584238
100,180,0.9911468158274
100,181,0.972826300994563
100,182,0.988993307743896
100,183,0.979419243446869
100,184,0.973876514319145
100,185,0.972618541402092
100,186,0.98407043278492
100,187,0.963560451477576
100,188,0.974856523166051
100,189,0.970455330260698
100,190,0.980004851528945
100,191,0.963909761561622
100,192,0.989633709564647
100,193,0.989690786375765
100,194,0.978868452219574
100,195,0.978045975371356
100,196,0.986416289721893
100,197,0.986619483169475
100,198,0.982222285640901
100,199,0.97883249382857
100,200,0.972631098300538
100,201,0.970867424836974
100,202,0.988515004066723
100,203,0.980411238424109
100,204,0.989645695694982
100,205,0.976371341733137
100,206,0.984251937044277
100,207,0.966785862073886
100,208,0.989929367446241
100,209,0.967120332187041
100,210,0.98381529943922
100,211,0.961275095960389
100,212,0.986450535808564
100,213,0.986278734607098
100,214,0.99078095346813
100,215,0.977309113739815
100,216,0.969660250281817
100,217,0.986221657795979
100,218,0.979678372169347
100,219,0.989756995476663
100,220,0.983658908976755
100,221,0.981150383128095
100,222,0.985751344872362
100,223,0.980799931507827
100,224,0.960572480415519
100,225,0.97733080292804
100,226,0.988511579458056
100,227,0.988399138140152
100,228,0.981069334056306
100,229,0.968161983989954
100,230,0.982887801258544
100,231,0.992157075384198
100,232,0.976756039440076
100,233,0.975335397611335
100,234,0.985766184843253
100,235,0.963489676231789
100,236,0.970814914170745
100,237,0.968969050099171
100,238,0.987488763002811
100,239,0.979262852984404
100,240,0.98679014283472
100,241,0.9768490746422
100,242,0.98956807123186
100,243,0.962206589517844
100,244,0.984495084259642
100,245,0.96370200196915
100,246,0.952410496425565
100,247,0.985148042978839
100,248,0.986949387137741
100,249,0.962225424865513
100,250,0.988806666571539
100,251,0.984711976141893
100,252,0.978855895321128
100,253,0.969895406743625
100,254,0.98684779041395
100,255,0.97981935189281
100,256,0.973598550248998
100,257,0.985028752443601
100,258,0.974098543114396
100,259,0.985661734278906
100,260,0.962088440518828
100,261,0.992380245715672
100,262,0.983258800530814
100,263,0.956829383142364
100,264,0.981814186441404
100,265,0.958046260755412
100,266,0.974556299139567
100,267,0.97359512564033
100,268,0.981563048472482
100,269,0.971014112241549
100,270,0.990988713060601
100,271,0.992980693768639
100,272,0.976156732923332
100,273,0.985782737118477
100,274,0.977207517016024
100,275,0.974029480172943
100,276,0.966048429674234
100,277,0.986088668826073
100,278,0.980696622479702
100,279,0.986868908834063
100,280,0.970204763059888
100,281,0.982022516801986
100,282,0.98143690871991
100,283,0.987169703628658
100,284,0.98560123285912
100,285,0.991845435995491
100,286,0.946939113311739
100,287,0.994027482484554
100,288,0.956800273968693
100,289,0.978071089168248
100,290,0.983363251095161
100,291,0.984094975813701
100,292,0.980657810248141
100,293,0.98730554643912
100,294,0.992559466902584
100,295,0.977318246029594
100,296,0.968077510309499
100,297,0.979045390334042
100,298,0.979972317746607
100,299,0.982419771407371
100,300,0.974827984760491
100,301,0.982799902969421
100,302,0.979666386039012
100,303,0.988745023615531
100,304,0.976713802599849
100,305,0.987356344801016
100,306,0.96573336567686
100,307,0.995250067778713
100,308,0.978732038641001
100,309,0.979813644211698
100,310,0.982319316219803
100,311,0.973602545625776
100,312,0.962003966838373
100,313,0.977336510609152
100,314,0.959055949544099
100,315,0.973685307001898
100,316,0.985588675960674
100,317,0.97145246215094
100,318,0.989291248697935
100,319,0.951265535594526
100,320,0.958176395884762
100,321,0.975457541987129
100,322,0.969831480715172
100,323,0.976292004965683
100,324,0.990001854996361
100,325,0.963192876813972
100,326,0.956407014740086
100,327,0.956285441132404
100,328,0.988941367845779
100,329,0.993683309313509
100,330,0.982342717712361
100,331,0.951670780953468
100,332,0.983880367003895
100,333,0.985544156048002
100,334,0.968294972959861
100,335,0.953930451905652
100,336,0.965744781039083
100,337,0.966466802699733
100,338,0.980148685092964
100,339,0.989537820521967
100,340,0.977669268417974
100,341,0.941906650875416
100,342,0.982301051640245
100,343,0.978726330959889
100,344,0.973176752614831
100,345,0.983718268860319
100,346,0.982416346798704
100,347,0.992264379789101
100,348,0.985685135771464
100,349,0.974004937144162
100,350,0.979245159172957
100,351,0.988001883534767
100,352,0.979447781852428
100,353,0.992747820379275
100,354,0.981050498708637
100,355,0.990468743311311
100,356,0.978010016980351
100,357,0.969802942309613
100,358,0.978898132161356
100,359,0.984516202679756
100,360,0.974729812645368
100,361,0.950927070104593
100,362,0.988560665515618
100,363,0.980966595796293
100,364,0.959573636220944
100,365,0.970623136085387
100,366,0.979394700418088
100,367,0.9622145802714
100,368,0.975323411481001
100,369,0.979512849417103
100,370,0.949138282844137
100,371,0.984273055464391
100,372,0.978965482798476
100,373,0.98722335583111
100,374,0.966455387337509
100,375,0.959113026355218
100,376,0.969394272342004
100,377,0.971965582682895
100,378,0.974896476933834
100,379,0.985093249240165
100,380,0.991635964098686
100,381,0.987065823832423
100,382,0.994716970362866
100,383,0.97273783193733
100,384,0.986815827399723
100,385,0.992141664645196
100,386,0.973252094005508
100,387,0.990790085757909
100,388,0.98118177537421
100,389,0.970830895677858
100,390,0.980895820550506
100,391,0.968210499279405
100,392,0.954238666685692
100,393,0.985823832422483
100,394,0.987967637448096
100,395,0.987557255176153
100,396,0.97869779255433
100,397,0.975046018178964
100,398,0.991985844950843
100,399,0.985230804354961
100,400,0.967884019919807
100,401,0.970019263423753
100,402,0.948077224925443
100,403,0.981141821606427
100,404,0.968924530186498
100,405,0.969005579258287
100,406,0.985438563947432
100,407,0.989541815898746
100,408,0.980555642756239
100,409,0.991926485067279
100,410,0.972677901285655
100,411,0.989552660492858
100,412,0.98505215393616
100,413,0.988530985573836
100,414,0.978499736019749
100,415,0.99062684607811
100,416,0.989405402320172
100,417,0.991525235085116
100,418,0.990753556598793
100,419,0.977773148214209
100,420,0.977522010245288
100,421,0.982425479088483
100,422,0.989045818410125
100,423,0.991814614517487
100,424,0.989064082989683
100,425,0.986364349823775
100,426,0.986343231403661
100,427,0.963826429417388
100,428,0.981267390590888
100,429,0.968216206960517
100,430,0.981464876357358
100,431,0.988346056705812
100,432,0.983868380873561
100,433,0.967602631240993
100,434,0.958707210228165
100,435,0.970744709693069
100,436,0.969985017337081
100,437,0.967756738631013
100,438,0.98348311239851
100,439,0.957204377791413
100,440,0.984714829982449
100,441,0.987168562092436
100,442,0.976887316105649
100,443,0.978054536893024
100,444,0.983162340720024
100,445,0.985585822120118
100,446,0.988048115751773
100,447,0.97362880095889
100,448,0.979484311011544
100,449,0.953894493514647
100,450,0.97577089368017
100,451,0.98073885931993
100,452,0.977487764158616
100,453,0.987937386738203
100,454,0.969756710092607
100,455,0.9799158117036
100,456,0.992030364863515
100,457,0.975875915012628
100,458,0.987404289322356
100,459,0.994207274439577
100,460,0.988851757252322
100,461,0.982779355317418
100,462,0.987691956450393
100,463,0.98099399266563
100,464,0.989889413678458
100,465,0.944824988227908
100,466,0.967549549806652
100,467,0.98628957920121
100,468,0.986238780839314
100,469,0.991501262824446
100,470,0.987899145274754
100,471,0.99143562449166
100,472,0.976654442716285
100,473,0.985942552189609
100,474,0.967477062256532
100,475,0.987529287538705
100,476,0.9819568784692
100,477,0.98788772991253
100,478,0.991938471197614
100,479,0.978777129321785
100,480,0.973941011115709
100,481,0.966169432513805
100,482,0.976877613047759
100,483,0.989040681497125
100,484,0.9628116037157
100,485,0.965858363893209
100,486,0.973578002596995
100,487,0.984371227579515
100,488,0.978865027610907
100,489,0.940676645595811
100,490,0.950832893366248
100,491,0.984918023430031
100,492,0.989282116408156
100,493,0.98591401378405
100,494,0.98905266762746
100,495,0.987586935117935
100,496,0.973326293859962
100,497,0.984299881565617
100,498,0.985985930566059
100,499,0.979088197942381
100,500,0.972310897390163
100,501,0.986985345528745
100,502,0.978167548979039
100,503,0.982329590045804
100,504,0.988503017936388
100,505,0.989577203521639
100,506,0.983450578616173
100,507,0.987239337338223
100,508,0.967786989340906
100,509,0.979539104750218
100,510,0.976476363065595
100,511,0.987185685135771
100,512,0.982094433583996
100,513,0.992303762788773
100,514,0.99021760534239
100,515,0.968251594583411
100,516,0.989092050627132
100,517,0.988716485209971
100,518,0.977476919564504
100,519,0.980632696451249
100,520,0.976966082104993
100,521,0.935050013555743
100,522,0.984251366276166
100,523,0.964684864656612
100,524,0.984025912872248
100,525,0.988438521139824
100,526,0.956911573750375
100,527,0.979842182617257
100,528,0.984005935988356
100,529,0.97862073885932
100,530,0.983109259285684
100,531,0.967458226908863
100,532,0.955002354418459
100,533,0.988953924744225
100,534,0.97435538876443
100,535,0.990072630242148
100,536,0.991866554415605
100,537,0.967521582169204
100,538,0.987032719281974
100,539,0.988271286083246
100,540,0.965373781766813
100,541,0.970251566045005
100,542,0.983997374466689
100,543,0.976953525206547
100,544,0.97528459924944
100,545,0.984350109159401
100,546,0.984560722592429
100,547,0.993226124056449
100,548,0.980166378904411
100,549,0.983137797691243
100,550,0.986035016623621
100,551,0.946080678072516
100,552,0.981173213852542
100,553,0.991482998244888
100,554,0.970403961130692
100,555,0.950167948516716
100,556,0.989755283172329
100,557,0.960640972588861
100,558,0.98444086128908
100,559,0.988226195402463
100,560,0.98315549150269
100,561,0.941062484838972
100,562,0.992333442730555
100,563,0.990002996532584
100,564,0.991432199882992
100,565,0.985873489248156
100,566,0.988967623178893
100,567,0.988086927983334
100,568,0.975014055164738
100,569,0.979847319530258
100,570,0.952896790856295
100,571,0.980982006535295
100,572,0.986877470355731
100,573,0.98522566744196
100,574,0.94041637533711
100,575,0.954006934832551
100,576,0.977495754912173
100,577,0.989643412622537
100,578,0.965265906593799
100,579,0.96041894379361
100,580,0.992011529515846
100,581,0.951434482955437
100,582,0.98628957920121
100,583,0.979315934418744
100,584,0.987245045019335
100,585,0.978402705440847
100,586,0.984671451605999
100,587,0.994032619397554
100,588,0.950135414734379
100,589,0.945345528745309
100,590,0.969614588832922
100,591,0.954105106947675
100,592,0.98716570825188
100,593,0.963366390319773
100,594,0.972857693240679
100,595,0.978954067436252
100,596,0.97420128137441
100,597,0.987115480658096
100,598,0.965723091850858
100,599,0.971732138525421
100,600,0.986979067079522
100,601,0.959938927812103
100,602,0.98667941382115
100,603,0.961284228250168
100,604,0.99108460210328
100,605,0.990651959875002
100,606,0.975608224768482
100,607,0.980159529687076
100,608,0.972583724547309
100,609,0.956881323040482
100,610,0.975022616686406
100,611,0.973008376022032
100,612,0.986211954738089
100,613,0.984882635807138
100,614,0.98014183587563
100,615,0.98148028709636
100,616,0.976582525934276
100,617,0.981714872790057
100,618,0.990648535266335
100,619,0.976972931322327
100,620,0.979528830924216
100,621,0.951013826857493
100,622,0.977545411737846
100,623,0.986574963256803
100,624,0.983556741484853
100,625,0.978680098742883
100,626,0.986854639631284
100,627,0.956941824460267
100,628,0.989477319102182
100,629,0.951041794494942
100,630,0.989380859291391
100,631,0.96984974529473
100,632,0.968030707324382
100,633,0.985391760962315
100,634,0.986206817825088
100,635,0.990046374909034
100,636,0.989047530714459
100,637,0.973114538890712
100,638,0.979158973188168
100,639,0.963651203607254
100,640,0.989521268246743
100,641,0.966892595710678
100,642,0.945729655684137
100,643,0.974229249011858
100,644,0.978486608353191
100,645,0.978255447268161
100,646,0.982694881636963
100,647,0.987089225324981
100,648,0.989044676873903
100,649,0.990586892310327
100,650,0.974510637690672
100,651,0.951444186013327
100,652,0.986760462892938
100,653,0.976484353819152
100,654,0.9696134472967
100,655,0.953064596680983
100,656,0.988643997659851
100,657,0.989371727001612
100,658,0.965770465604087
100,659,0.988146858635008
100,660,0.986182274796307
100,661,0.980355303149213
100,662,0.987278149569784
100,663,0.97937186969364
100,664,0.990873417902142
100,665,0.980119005151182
100,666,0.961446326393744
100,667,0.949739301665216
100,668,0.973133945006493
100,669,0.968056962657496
100,670,0.98530272113697
100,671,0.97086514176453
100,672,0.963146073828855
100,673,0.978244031905937
100,674,0.976410153964698
100,675,0.971805196843652
100,676,0.973722406929125
100,677,0.986195973230976
100,678,0.97783136656155
100,679,0.984340406101511
100,680,0.980404959974886
100,681,0.970084330988428
100,682,0.983922033076012
100,683,0.975347954509782
100,684,0.947473352263809
100,685,0.983668612034646
100,686,0.972618541402092
100,687,0.982392945306146
100,688,0.981574463834706
100,689,0.989330060929496
100,690,0.986567543271357
100,691,0.988170830895678
100,692,0.962938314236384
100,693,0.987404289322356
100,694,0.956735206404018
100,695,0.985212539775403
100,696,0.984714259214338
100,697,0.989065224525906
100,698,0.968171687047845
100,699,0.97936673278064
100,700,0.984337552260955
100,701,0.98631355146188
100,702,0.968030136556271
100,703,0.966844651189338
100,704,0.981063626375194
100,705,0.982053909048102
100,706,0.961487992465861
100,707,0.983162911488135
100,708,0.964719681511394
100,709,0.987158288266434
100,710,0.992414491802343
100,711,0.972401649519841
100,712,0.98445056434697
100,713,0.985763901770808
100,714,0.983252522081591
100,715,0.986021888957064
100,716,0.977964926299568
100,717,0.979924373225268
100,718,0.991191335740072
100,719,0.98729070646823
100,720,0.979816498052254
100,721,0.969362309327778
100,722,0.982547623464277
100,723,0.986061271956736
100,724,0.98154307158859
100,725,0.984089838900701
100,726,0.985156604500506
100,727,0.965994777471783
100,728,0.972934176167578
100,729,0.949765556998331
100,730,0.986126339521411
100,731,0.984791883677459
100,732,0.983529344615516
100,733,0.99245615787446
100,734,0.989345471668498
100,735,0.988798675817982
100,736,0.978116179849032
100,737,0.978671537221215
100,738,0.980355303149213
100,739,0.981733708137726
100,740,0.99137341076754
100,741,0.967751601718012
100,742,0.99121416646452
100,743,0.968994163896063
100,744,0.980087612905067
100,745,0.981220016837659
100,746,0.959973173898774
100,747,0.982516801986273
100,748,0.975297726915997
100,749,0.986052139666957
100,750,0.976296571110572
100,751,0.975652744681155
100,752,0.977211512392803
100,753,0.980773676174712
100,754,0.968192805467958
100,755,0.976914142206875
100,756,0.952583439163254
100,757,0.962621537934676
100,758,0.983847833221558
100,759,0.993034345971091
100,760,0.981628116037157
100,761,0.981056206389749
100,762,0.975223527061543
100,763,0.953405345243361
100,764,0.971496982063612
100,765,0.984012214437579
100,766,0.982371256117921
100,767,0.955996061700033
100,768,0.978381587020733
100,769,0.985263908905409
100,770,0.978468343773633
100,771,0.977911274097116
100,772,0.988060101882108
100,773,0.977932963285341
100,774,0.971213310312353
100,775,0.958935517472639
100,776,0.983822719424666
100,777,0.955278606184273
100,778,0.982702301622408
100,779,0.970235013769781
100,780,0.976309128009018
100,781,0.935179007148871
100,782,0.978594483526205
100,783,0.983682881237425
100,784,0.969669953339707
100,785,0.98097002040496
100,786,0.988154278620454
100,787,0.947923117535423
100,788,0.984414035187854
100,789,0.986703956849931
100,790,0.99350580043093
100,791,0.97908306102938
100,792,0.98271257544841
100,793,0.987741613276066
100,794,0.990476163296757
100,795,0.979247442245402
100,796,0.983755368787546
100,797,0.987662276508611
100,798,0.989380859291391
100,799,0.936936972931322
100,800,0.991342018521425
100,801,0.953613104835833
100,802,0.989671380259985
100,803,0.957782565888044
100,804,0.984461979709194
100,805,0.977555114795736
100,806,0.979645267618898
100,807,0.99022274225539
100,808,0.987282144946562
100,809,0.976012328591202
100,810,0.98160528531271
100,811,0.993705569269845
100,812,0.969267561821321
100,813,0.987703942580728
100,814,0.992195316847648
100,815,0.986232502390091
100,816,0.979890697906708
100,817,0.993034345971091
100,818,0.965720238010302
100,819,0.971721293931308
100,820,0.959297955223242
100,821,0.985628629728457
100,822,0.99008804098115
100,823,0.98573593413336
100,824,0.992457870178793
100,825,0.985188567514733
100,826,0.983366104935717
100,827,0.971105435139339
100,828,0.954707838073087
100,829,0.982655498637291
100,830,0.986214808578645
100,831,0.972497538562521
100,832,0.974109387708509
100,833,0.956107932249825
100,834,0.969227608053538
100,835,0.978336496339949
100,836,0.971160799646124
100,837,0.977819951199327
100,838,0.986667998458926
100,839,0.982286782437465
100,840,0.968980465461395
100,841,0.971868552103994
100,842,0.98857607625462
100,843,0.957423552746108
100,844,0.987384883206575
100,845,0.987050983861532
100,846,0.985771321756253
100,847,0.968465632625105
100,848,0.9750631412223
100,849,0.966280732295487
100,850,0.987113768353762
100,851,0.988037841925772
100,852,0.967967922832151
100,853,0.937245758479474
100,854,0.990366575819409
100,855,0.993304319287681
100,856,0.977774860518543
100,857,0.977583653201296
100,858,0.991832879097045
100,859,0.962916054280047
100,860,0.962887515874488
100,861,0.967544412893652
100,862,0.962604985659451
100,863,0.977859334198998
100,864,0.964705983076726
100,865,0.965327549549807
100,866,0.953210713317447
100,867,0.974500934632782
100,868,0.955585108659979
100,869,0.987499036828812
100,870,0.981943180034532
100,871,0.977442673477833
100,872,0.967615188139439
100,873,0.987732480986287
100,874,0.974650475877913
100,875,0.981025384911745
100,876,0.980778242319602
100,877,0.989327777857051
100,878,0.98172571738417
100,879,0.981701174355389
100,880,0.973026069833478
100,881,0.965323554173028
100,882,0.969506713659908
100,883,0.955194703271928
100,884,0.947261026526448
100,885,0.986594940140694
100,886,0.967030721593585
100,887,0.963252807465647
100,888,0.977710363721979
100,889,0.990913371669925
100,890,0.983911759250011
100,891,0.988218775417017
100,892,0.989034973816013
100,893,0.985170873703286
100,894,0.967237910417945
100,895,0.958739744010502
100,896,0.980870706753614
100,897,0.985969949058946
100,898,0.986522452590574
100,899,0.985890612291491
100,900,0.982104707409997
100,901,0.982036786004766
100,902,0.981504830125141
100,903,0.985863215422154
100,904,0.970238438378448
100,905,0.983027068677673
100,906,0.990312923616957
100,907,0.984679442359555
100,908,0.991993835704399
100,909,0.964260783950001
100,910,0.983177180690915
100,911,0.961031948745024
100,912,0.983666328962201
100,913,0.986524164894907
100,914,0.977147015596239
100,915,0.989183944293032
100,916,0.988267290706468
100,917,0.991592014954124
100,918,0.960536522024515
100,919,0.978538548251309
100,920,0.986743339849603
100,921,0.990696479787674
100,922,0.980305075555429
100,923,0.988789543528203
100,924,0.981964869222756
100,925,0.957711219874146
100,926,0.96771678486323
100,927,0.979684079850459
100,928,0.946687404574706
100,929,0.991006406872048
100,930,0.967236768881722
100,931,0.992403076440119
100,932,0.987865469956194
100,933,0.975006635179293
100,934,0.982571595724947
100,935,0.963202579871863
100,936,0.985313565731083
100,937,0.980635550291805
100,938,0.982202879525121
100,939,0.99220102452876
100,940,0.98439748291263
100,941,0.986482498822791
100,942,0.948598336210956
100,943,0.979635564561008
100,944,0.97470698192092
100,945,0.978143005950258
100,946,0.989749575491217
100,947,0.983900343887787
100,948,0.95712618256018
100,949,0.988852898788545
100,950,0.981144675446983
100,951,0.992298055107661
100,952,0.993785476805411
100,953,0.97964640915512
100,954,0.964451991267248
100,955,0.984982520226595
100,956,0.965948545254777
100,957,0.991709593185029
100,958,0.9765123214566
100,959,0.967097501462593
100,960,0.965575262910061
100,961,0.982097858192663
100,962,0.978229762703158
100,963,0.975586535580257
100,964,0.970417088797249
100,965,0.984726245344673
100,966,0.990873417902142
100,967,0.983162911488135
100,968,0.988409982734265
100,969,0.979242876100512
100,970,0.989881422924901
100,971,0.969824631497838
100,972,0.989271842582155
100,973,0.965813273212426
100,974,0.963577574520912
100,975,0.974718968051255
100,976,0.987705654885062
100,977,0.975595667870036
100,978,0.955210684779041
100,979,0.954279191221586
100,980,0.967886302992252
100,981,0.974532897647008
100,982,0.972729270415662
100,983,0.988621737703515
100,984,0.965467958505158
100,985,0.972872533211569
100,986,0.982175482655784
100,987,0.98662633238681
100,988,0.993724404617514
100,989,0.952598279134145
100,990,0.988514433298612
100,991,0.963853255518614
100,992,0.991046360639831
100,993,0.987609765842382
100,994,0.984686862345001
100,995,0.956612491260113
100,996,0.99028038983462
100,997,0.972441603287624
100,998,0.987872889941639
100,999,0.974127081519955
100,1000,0.981111570896534
50,1,0.958145574406758
50,2,0.955358513719838
50,3,0.956410439348754
50,4,0.951091451320615
50,5,0.974830838601047
50,6,0.978686377192106
50,7,0.98112412779498
50,8,0.96844394343688
50,9,0.96915626203964
50,10,0.924562720280818
50,11,0.911242134101968
50,12,0.948177109344901
50,13,0.961387537278292
50,14,0.950782095004352
50,15,0.931588304961402
50,16,0.977076240350452
50,17,0.925651175068849
50,18,0.95169589475036
50,19,0.967819523123243
50,20,0.97252607696808
50,21,0.976021460880981
50,22,0.964856665858078
50,23,0.959465190279819
50,24,0.960937772006678
50,25,0.947419700061358
50,26,0.951304918594198
50,27,0.962274510923075
50,28,0.950646822962001
50,29,0.980337038569655
50,30,0.926238495455259
50,31,0.939791955023473
50,32,0.956204392060616
50,33,0.954453846263609
50,34,0.946094947275296
50,35,0.941805624919736
50,36,0.967177979766271
50,37,0.975648178536265
50,38,0.957395014340549
50,39,0.9582140665801
50,40,0.982150368858892
50,41,0.966087812673906
50,42,0.940837602203165
50,43,0.951068620596167
50,44,0.968961059345614
50,45,0.943419186370058
50,46,0.975127067250753
50,47,0.93747007034717
50,48,0.942526505044163
50,49,0.981197756881323
50,50,0.964084416603644
50,51,0.967429688503303
50,52,0.974811432485267
50,53,0.967269873432171
50,54,0.981294787460225
50,55,0.956081676916711
50,56,0.985738787973916
50,57,0.942249682510238
50,58,0.977905566416004
50,59,0.98222171487279
50,60,0.946416289721893
50,61,0.953013798319088
50,62,0.965087826943109
50,63,0.942093292047773
50,64,0.943830710178222
50,65,0.95507541273669
50,66,0.962492544341548
50,67,0.978115609080921
50,68,0.949520697478632
50,69,0.973460424366091
50,70,0.970669368302393
50,71,0.946309556085102
50,72,0.951569184229677
50,73,0.968293260655527
50,74,0.975938128736748
50,75,0.977960930922789
50,76,0.984212554044606
50,77,0.984934575705255
50,78,0.962626674847676
50,79,0.977146444828127
50,80,0.976625904310726
50,81,0.946553274068578
50,82,0.9755785448267
50,83,0.969970177366191
50,84,0.944714829982449
50,85,0.95223013370243
50,86,0.971850858292547
50,87,0.964850387408855
50,88,0.968771564332701
50,89,0.970124855524322
50,90,0.975221814757209
50,91,0.973940440347598
50,92,0.944625790157104
50,93,0.979377006606641
50,94,0.965879482313323
50,95,0.959836760320201
50,96,0.955080549649691
50,97,0.985232516659294
50,98,0.974009503289051
50,99,0.979181233144504
50,100,0.948347198242034
50,101,0.964072430473309
50,102,0.979303948288409
50,103,0.975850230447625
50,104,0.951338593912758
50,105,0.953367674548023
50,106,0.947766727072958
50,107,0.925896605356659
50,108,0.948256446112356
50,109,0.974108816940398
50,110,0.956938970619712
50,111,0.979031121131262
50,112,0.952345428860889
50,113,0.98469599463478
50,114,0.981471154806581
50,115,0.95091108859748
50,116,0.926681411509539
50,117,0.94424851243561
50,118,0.980496853640787
50,119,0.973213281773947
50,120,0.969751002411495
50,121,0.955654171601433
50,122,0.967768153993236
50,123,0.982826729070647
50,124,0.950225025327835
50,125,0.942723990810633
50,126,0.960369857736048
50,127,0.949094333699576
50,128,0.960393259228607
50,129,0.98708408841198
50,130,0.95005893180748
50,131,0.966593513220416
50,132,0.969164252793197
50,133,0.97246842938885
50,134,0.957436109644554
50,135,0.976118491459882
50,136,0.957194103965411
50,137,0.961698035130777
50,138,0.923409197928112
50,139,0.981112141664645
50,140,0.964463406629472
50,141,0.978006021603573
50,142,0.960343602402934
50,143,0.9705574977526
50,144,0.97925143762218
50,145,0.944170887972489
50,146,0.983846691685336
50,147,0.964830981293075
50,148,0.980686919421812
50,149,0.975937557968636
50,150,0.981277664416889
50,151,0.972351992694168
50,152,0.958272855695552
50,153,0.941996832236983
50,154,0.950004708836917
50,155,0.981645239080493
50,156,0.983044191721009
50,157,0.964252793196444
50,158,0.965511336881608
50,159,0.9762571881109
50,160,0.965192848275567
50,161,0.953594269488164
50,162,0.967759021703458
50,163,0.959580485438278
50,164,0.978612748105763
50,165,0.971586021888957
50,166,0.928111185628059
50,167,0.956658723477119
50,168,0.970349167392018
50,169,0.972298911259828
50,170,0.985840384697707
50,171,0.964127794980094
50,172,0.975938699504859
50,173,0.964545026469371
50,174,0.982222856409012
50,175,0.974140779954624
50,176,0.97542900358157
50,177,0.975591101725147
50,178,0.899529972460439
50,179,0.967514162183759
50,180,0.986957377891297
50,181,0.936740057932963
50,182,0.970202479987443
50,183,0.968606041580457
50,184,0.978701787931108
50,185,0.976394743225696
50,186,0.978757152437893
50,187,0.91544584124085
50,188,0.96846791569755
50,189,0.948045832679328
50,190,0.953596552560608
50,191,0.952551476149028
50,192,0.943911759250011
50,193,0.94487921119847
50,194,0.913958990311211
50,195,0.964577560251709
50,196,0.961264822134387
50,197,0.946562406358357
50,198,0.947982477418987
50,199,0.95818039126154
50,200,0.97742669197072
50,201,0.969909105178294
50,202,0.980241720295087
50,203,0.95930651674491
50,204,0.977071674205562
50,205,0.981333599691785
50,206,0.944399195216963
50,207,0.963811589446498
50,208,0.953167905709108
50,209,0.923315021189766
50,210,0.979188082361838
50,211,0.952982976841084
50,212,0.9697002040496
50,213,0.968280703757081
50,214,0.98329019277693
50,215,0.963704285041595
50,216,0.969487307544128
50,217,0.927570097458655
50,218,0.969113454431301
50,219,0.937875315706111
50,220,0.957555970947903
50,221,0.976769167106634
50,222,0.942898075084545
50,223,0.952715857365049
50,224,0.983583567586079
50,225,0.9686848075798
50,226,0.973086571253264
50,227,0.920473737532284
50,228,0.969881137540846
50,229,0.950433355688418
50,230,0.937680683780197
50,231,0.929949629714188
50,232,0.949616586521311
50,233,0.979679513705569
50,234,0.969427376892453
50,235,0.983938585351236
50,236,0.953516074256931
50,237,0.974913599977169
50,238,0.945908876871049
50,239,0.972496967794409
50,240,0.926883463420899
50,241,0.973765214537464
50,242,0.959998287695666
50,243,0.963539903825573
50,244,0.981489419386139
50,245,0.964026198256303
50,246,0.893785762189466
50,247,0.972402220287953
50,248,0.950691913642785
50,249,0.944638917823661
50,250,0.971502118976613
50,251,0.923626089810362
50,252,0.946262753099984
50,253,0.937500891825174
50,254,0.979903254805154
50,255,0.971998687233344
50,256,0.96081848147144
50,257,0.964701416931836
50,258,0.970707609765842
50,259,0.980673791755255
50,260,0.954569141422069
50,261,0.983105834677017
50,262,0.947465932278364
50,263,0.978310811774946
50,264,0.962310469314079
50,265,0.953487535851372
50,266,0.96846791569755
50,267,0.958817368473623
50,268,0.947083517643869
50,269,0.933532911916211
50,270,0.933861674348254
50,271,0.976371912501248
50,272,0.958432099998573
50,273,0.969443929167677
50,274,0.960246571824032
50,275,0.971567186541288
50,276,0.928762432042922
50,277,0.973827428261583
50,278,0.951528659693783
50,279,0.979975171587163
50,280,0.979621295358228
50,281,0.962850415947261
50,282,0.98234671308914
50,283,0.965018764001655
50,284,0.969523836703243
50,285,0.946215950114867
50,286,0.965889756139325
50,287,0.954012642513663
50,288,0.970579186940826
50,289,0.967768724761348
50,290,0.977714929866868
50,291,0.917126753328292
50,292,0.919885275609652
50,293,0.971342874673592
50,294,0.981222870678215
50,295,0.936466660007705
50,296,0.950724447425122
50,297,0.958237468072659
50,298,0.935748633723834
50,299,0.959243161484568
50,300,0.980564204277907
50,301,0.974149912244403
50,302,0.984955123357258
50,303,0.943062456300566
50,304,0.969770979295387
50,305,0.978545397468643
50,306,0.973356544569855
50,307,0.959914384783322
50,308,0.958114752928754
50,309,0.924384640630128
50,310,0.964850958176967
50,311,0.940414663032776
50,312,0.969097472924188
50,313,0.928321228292975
50,314,0.963618099056806
50,315,0.950108017865042
50,316,0.967119190650818
50,317,0.949483026783294
50,318,0.952525791584024
50,319,0.974148770708181
50,320,0.973085429717042
50,321,0.9435744352963
50,322,0.978979752001256
50,323,0.926973074014355
50,324,0.958051968436524
50,325,0.979375865070419
50,326,0.960169518129022
50,327,0.977011172785777
50,328,0.956107932249825
50,329,0.950570910803213
50,330,0.948597765442845
50,331,0.971761818467202
50,332,0.979450635692984
50,333,0.953243817867896
50,334,0.958464633780911
50,335,0.981977426121203
50,336,0.956884747649149
50,337,0.949548094347969
50,338,0.969510709036686
50,339,0.960630127994749
50,340,0.957992037784849
50,341,0.97149584052739
50,342,0.970250424508783
50,343,0.981529373153922
50,344,0.968359469756425
50,345,0.981413507227351
50,346,0.963960559923517
50,347,0.946371769809221
50,348,0.954241520526248
50,349,0.960394971532941
50,350,0.962212867967067
50,351,0.964069005864642
50,352,0.97629086342946
50,353,0.977539133288623
50,354,0.975059145845522
50,355,0.970611720723163
50,356,0.97408598621595
50,357,0.970236726074114
50,358,0.958481756824246
50,359,0.967300694910175
50,360,0.960355017765157
50,361,0.947172557469214
50,362,0.973571153379661
50,363,0.946248483897205
50,364,0.955740928354333
50,365,0.977409568927384
50,366,0.949701060201767
50,367,0.959804797305975
50,368,0.938151567471925
50,369,0.971967294987229
50,370,0.957304832978982
50,371,0.964940568770423
50,372,0.95254291462736
50,373,0.977237767725917
50,374,0.947066394600534
50,375,0.970179649262996
50,376,0.969189366590089
50,377,0.982350137697807
50,378,0.958247171130549
50,379,0.959816212668198
50,380,0.969189366590089
50,381,0.979071074899045
50,382,0.964811575177295
50,383,0.990358585065852
50,384,0.972754384212554
50,385,0.954789457912986
50,386,0.953375094533468
50,387,0.974859947774718
50,388,0.955282601561051
50,389,0.944756496054565
50,390,0.973693868523566
50,391,0.972454730954182
50,392,0.957759164395485
50,393,0.974113383085287
50,394,0.941621837587934
50,395,0.983635507484197
50,396,0.978141864414035
50,397,0.961547923117535
50,398,0.958018293117964
50,399,0.978968336639032
50,400,0.957147300980294
50,401,0.97937186969364
50,402,0.950047516445256
50,403,0.965869779255433
50,404,0.987553259799375
50,405,0.956369344044748
50,406,0.95730882835576
50,407,0.960360154678158
50,408,0.954970391404232
50,409,0.97076925272185
50,410,0.942673763216849
50,411,0.948096631041224
50,412,0.954356815684708
50,413,0.976863343844979
50,414,0.948550962457727
50,415,0.981351864271343
50,416,0.963882364692285
50,417,0.973455858221201
50,418,0.961298497452947
50,419,0.972792625676004
50,420,0.983172043777914
50,421,0.97218932378248
50,422,0.958704356387609
50,423,0.933861674348254
50,424,0.942001969149983
50,425,0.96828983604686
50,426,0.961236283728828
50,427,0.952630812916482
50,428,0.985116650732724
50,429,0.969190508126311
50,430,0.937798832779213
50,431,0.954884205419443
50,432,0.951984132646509
50,433,0.958976612776644
50,434,0.96237325380631
50,435,0.97555400179792
50,436,0.935002069034403
50,437,0.976606498194946
50,438,0.970954181589875
50,439,0.953726687689959
50,440,0.980362723134658
50,441,0.957171844009075
50,442,0.975396469799232
50,443,0.96689830339179
50,444,0.96099656112213
50,445,0.937652145374638
50,446,0.980719453204149
50,447,0.986899159543956
50,448,0.969944492801187
50,449,0.953998373310883
50,450,0.973476405873204
50,451,0.977196672421912
50,452,0.974554586835234
50,453,0.965963385225667
50,454,0.969495298297684
50,455,0.937267447667699
50,456,0.972776073400779
50,457,0.965538162982834
50,458,0.928142007106063
50,459,0.977871891097444
50,460,0.967994748933377
50,461,0.95183516216949
50,462,0.956480073058318
50,463,0.948082361838444
50,464,0.972641372126539
50,465,0.960542800473738
50,466,0.956160442916054
50,467,0.903237111342589
50,468,0.9221278235185
50,469,0.967332087156291
50,470,0.981704598964056
50,471,0.965736219517416
50,472,0.956732352563462
50,473,0.966505614931294
50,474,0.974048886288723
50,475,0.968829782680042
50,476,0.954917880738003
50,477,0.945809563219703
50,478,0.956902441460596
50,479,0.978293688731611
50,480,0.954170745280461
50,481,0.958082219146416
50,482,0.968770422796478
50,483,0.926016466660008
50,484,0.97661334741228
50,485,0.931934761204891
50,486,0.976447824660036
50,487,0.927564389777543
50,488,0.98640030821478
50,489,0.969040396113069
50,490,0.984489947346642
50,491,0.944832408213353
50,492,0.980265692555757
50,493,0.939786247342361
50,494,0.951884818995163
50,495,0.914936716085672
50,496,0.956331102581299
50,497,0.952624534467259
50,498,0.962905209685935
50,499,0.898045404603245
50,500,0.983048187097787
50,501,0.936054565431429
50,502,0.942754241520526
50,503,0.953026925985645
50,504,0.987399152409355
50,505,0.980048229905395
50,506,0.983119533111685
50,507,0.974505500777672
50,508,0.97427833506942
50,509,0.977105920292233
50,510,0.939169247014169
50,511,0.977814814286326
50,512,0.938376450107732
50,513,0.95707766727073
50,514,0.936052853127096
50,515,0.958590202765371
50,516,0.980561350437351
50,517,0.958855609937073
50,518,0.954197000613576
50,519,0.951738131590588
50,520,0.970536379332487
50,521,0.945035030892824
50,522,0.952310612006107
50,523,0.977808535837103
50,524,0.970001569612306
50,525,0.949727886302992
50,526,0.972200168376593
50,527,0.975173299467759
50,528,0.979274839114739
50,529,0.947896291434198
50,530,0.980711462450593
50,531,0.979051668783265
50,532,0.981746265036172
50,533,0.911747263880367
50,534,0.966569540959747
50,535,0.973334284613519
50,536,0.950807779569355
50,537,0.978474051454745
50,538,0.947685107233059
50,539,0.951214737232631
50,540,0.976442116978924
50,541,0.970197343074442
50,542,0.957054836546282
50,543,0.949190793510367
50,544,0.962329304661749
50,545,0.960300224026484
50,546,0.946581812474137
50,547,0.953718126168291
50,548,0.95854625362081
50,549,0.97860133274354
50,550,0.964938285697978
50,551,0.973024928297256
50,552,0.933229834049172
50,553,0.95892181903797
50,554,0.896950671365991
50,555,0.951189052667627
50,556,0.960535380488292
50,557,0.973816012899359
50,558,0.949396270030394
50,559,0.96046688831495
50,560,0.939513420185214
50,561,0.962456015182432
50,562,0.985930566059274
50,563,0.977193818581356
50,564,0.964791027525292
50,565,0.969100326764744
50,566,0.961072473280918
50,567,0.980678357900144
50,568,0.968224768482185
50,569,0.937520297940954
50,570,0.973954138782266
50,571,0.9493660193205
50,572,0.935339963756225
50,573,0.946754184443715
50,574,0.975504344972246
50,575,0.965061000841883
50,576,0.982499678942938
50,577,0.976075113083432
50,578,0.969861731425065
50,579,0.957715786019035
50,580,0.960182645795579
50,581,0.937299410681925
50,582,0.94669881993693
50,583,0.964797305974515
50,584,0.943565873774632
50,585,0.955921861845579
50,586,0.952611406800702
50,587,0.96486237353919
50,588,0.955762617542558
50,589,0.955561136399309
50,590,0.962143234257502
50,591,0.952280932064326
50,592,0.983306174284043
50,593,0.959283115252351
50,594,0.968934233244389
50,595,0.954355674148485
50,596,0.96107818096203
50,597,0.947848346912858
50,598,0.939224611520954
50,599,0.962456015182432
50,600,0.985024757066823
50,601,0.975989497866754
50,602,0.98377648720766
50,603,0.97439876714088
50,604,0.973704713117678
50,605,0.969455344529901
50,606,0.958375023187454
50,607,0.973661905509339
50,608,0.975002069034403
50,609,0.97578516288295
50,610,0.948414548879154
50,611,0.950202765371499
50,612,0.938059103037913
50,613,0.97046103794181
50,614,0.983629229034974
50,615,0.947734764058732
50,616,0.94242890369715
50,617,0.980804497652716
50,618,0.954435581684051
50,619,0.94056077966924
50,620,0.98373310883121
50,621,0.96055821121274
50,622,0.976254905038456
50,623,0.974766912572595
50,624,0.973270929353177
50,625,0.974956978353619
50,626,0.941005408027853
50,627,0.95575405602089
50,628,0.98021888957064
50,629,0.970994135357658
50,630,0.963440019406116
50,631,0.935369072929895
50,632,0.97978111042936
50,633,0.977936958662119
50,634,0.968249311510966
50,635,0.972557469214195
50,636,0.977391875115937
50,637,0.942954010359441
50,638,0.966680840741428
50,639,0.982180048800673
50,640,0.965430858577931
50,641,0.944036186698249
50,642,0.957669553802029
50,643,0.92577217790842
50,644,0.958356187839785
50,645,0.96471283229406
50,646,0.943787331801772
50,647,0.952419628715344
50,648,0.942386096088812
50,649,0.938534552874531
50,650,0.975655598521711
50,651,0.975566558696366
50,652,0.977385025898603
50,653,0.971971861132119
50,654,0.974074570853726
50,655,0.973140794223827
50,656,0.9531062627531
50,657,0.983552175339964
50,658,0.978897561393245
50,659,0.944081277379033
50,660,0.943065880909234
50,661,0.962520511978996
50,662,0.965201409797235
50,663,0.979831338023145
50,664,0.965900029965326
50,665,0.963666043578145
50,666,0.964134644197429
50,667,0.957667841497695
50,668,0.955274610807494
50,669,0.940170374281189
50,670,0.972052910203907
50,671,0.976433555457257
50,672,0.977421555057719
50,673,0.972200168376593
50,674,0.9779563647779
50,675,0.970373139652688
50,676,0.961135828541259
50,677,0.983713131947318
50,678,0.922789343759364
50,679,0.97902027653715
50,680,0.958981749689645
50,681,0.969580342746251
50,682,0.965719667242191
50,683,0.971250981007691
50,684,0.977806252764658
50,685,0.980741142392375
50,686,0.950178222342718
50,687,0.941987129179093
50,688,0.975435852798904
50,689,0.975536878754584
50,690,0.984380930637405
50,691,0.959940069348326
50,692,0.933974115666158
50,693,0.977327378319373
50,694,0.938990596595368
50,695,0.96624876928126
50,696,0.97558311097159
50,697,0.964008504444857
50,698,0.972238980608153
50,699,0.959981735420442
50,700,0.968317232916197
50,701,0.971648806381187
50,702,0.945677145017908
50,703,0.976058560808208
50,704,0.9294450707039
50,705,0.919753428175968
50,706,0.967743040196344
50,707,0.947963071303206
50,708,0.976245201980565
50,709,0.960936059702344
50,710,0.886300709179378
50,711,0.979871862559039
50,712,0.967320101025956
50,713,0.982744538462636
50,714,0.937553402491403
50,715,0.983965982220573
50,716,0.981096730925643
50,717,0.974027197100498
50,718,0.982035073700432
50,719,0.969057519156405
50,720,0.962756239208915
50,721,0.95876771164795
50,722,0.965529030693055
50,723,0.959889841754541
50,724,0.976626475078837
50,725,0.949437365334399
50,726,0.927292704156619
50,727,0.944134358813373
50,728,0.942911773519213
50,729,0.973717270016124
50,730,0.945405459396984
50,731,0.922847562106705
50,732,0.968211070047516
50,733,0.928023858107047
50,734,0.937357629029266
50,735,0.949638275709536
50,736,0.96548336924416
50,737,0.969485595239794
50,738,0.974524336125341
50,739,0.961493700146973
50,740,0.942186327249897
50,741,0.961970291519813
50,742,0.957855624206276
50,743,0.951663360968023
50,744,0.975299439220331
50,745,0.934817140166379
50,746,0.948665116079965
50,747,0.967610621994549
50,748,0.960189495012914
50,749,0.975072273512079
50,750,0.95407885161456
50,751,0.952426477932678
50,752,0.966687119190651
50,753,0.959088483326436
50,754,0.959794523479973
50,755,0.970036386467088
50,756,0.977733194446426
50,757,0.958400136984347
50,758,0.946240493143648
50,759,0.936661862701731
50,760,0.987750174797734
50,761,0.9886822391233
50,762,0.953988099484882
50,763,0.973107689673378
50,764,0.981052781781082
50,765,0.874782037927541
50,766,0.922520511978996
50,767,0.990346028167406
50,768,0.975643612391376
50,769,0.966055278891568
50,770,0.911634822562463
50,771,0.949546952811747
50,772,0.947940240578759
50,773,0.968626018464348
50,774,0.978651560337324
50,775,0.979262282216293
50,776,0.953529201923489
50,777,0.949685078694653
50,778,0.97564075855082
50,779,0.982625247927398
50,780,0.954628501305632
50,781,0.972129963898917
50,782,0.970834891054637
50,783,0.978070518400137
50,784,0.973839414391918
50,785,0.976274311154236
50,786,0.910461894093977
50,787,0.956770594026912
50,788,0.955405887473067
50,789,0.916111927626604
50,790,0.96596452676189
50,791,0.97596324253364
50,792,0.962278506299853
50,793,0.937464362666058
50,794,0.959107889442217
50,795,0.969330346313552
50,796,0.969187083517644
50,797,0.955673006949102
50,798,0.988030421940326
50,799,0.970160813915327
50,800,0.961563333856537
50,801,0.976714944136071
50,802,0.956223227408285
50,803,0.96481899516274
50,804,0.94433013227551
50,805,0.982766227650861
50,806,0.930382271942466
50,807,0.939502575591102
50,808,0.967329233315735
50,809,0.950372854268632
50,810,0.974931293788616
50,811,0.956668426535009
50,812,0.981632111413935
50,813,0.977515731796065
50,814,0.975301722292776
50,815,0.94781067621752
50,816,0.960382414634494
50,817,0.957513734107675
50,818,0.971252122543913
50,819,0.95730426221087
50,820,0.97087027867753
50,821,0.918239180376992
50,822,0.982771364563862
50,823,0.954529758422397
50,824,0.976084245373211
50,825,0.959821349581199
50,826,0.960278534838259
50,827,0.965785305574978
50,828,0.952045775602517
50,829,0.955099955765471
50,830,0.963905195416732
50,831,0.947066965368645
50,832,0.967290991852285
50,833,0.966615202408641
50,834,0.966579814785748
50,835,0.938147001327036
50,836,0.958313380231446
50,837,0.970537520868709
50,838,0.937572808607183
50,839,0.973339992294631
50,840,0.932786917994892
50,841,0.950669653686449
50,842,0.958941795921862
50,843,0.973408484467973
50,844,0.960359583910047
50,845,0.967336082533069
50,846,0.977284570711034
50,847,0.982998530272114
50,848,0.967974772049486
50,849,0.973434169032976
50,850,0.930551219303378
50,851,0.945294730383413
50,852,0.986297569954767
50,853,0.931734421597865
50,854,0.972971846862916
50,855,0.982254819423239
50,856,0.96530015268047
50,857,0.968081505686277
50,858,0.972234985231375
50,859,0.949764415462108
50,860,0.942839285969093
50,861,0.983692584295315
50,862,0.962058189808935
50,863,0.977514590259842
50,864,0.97032119975457
50,865,0.97585765043307
50,866,0.949851172215008
50,867,0.948172543200011
50,868,0.97534738374167
50,869,0.976679556513178
50,870,0.962288780125854
50,871,0.957283143790756
50,872,0.936460952326593
50,873,0.986293003809877
50,874,0.985262196601076
50,875,0.979683509082348
50,876,0.953007519869865
50,877,0.969487878312239
50,878,0.96125169446783
50,879,0.954588547537849
50,880,0.933867952797477
50,881,0.886627759307088
50,882,0.983164053024358
50,883,0.966353219845607
50,884,0.982184044177452
50,885,0.940317061685764
50,886,0.969654542600705
50,887,0.978525420584752
50,888,0.968950785519613
50,889,0.95985559566787
50,890,0.971475863643498
50,891,0.961472010958748
50,892,0.96016381044791
50,893,0.899406115780311
50,894,0.970869707909419
50,895,0.928753299753143
50,896,0.903255946690258
50,897,0.971594012642514
50,898,0.949846035302008
50,899,0.960475449836618
50,900,0.96937772006678
50,901,0.980564775046018
50,902,0.941505400893252
50,903,0.966843509653116
50,904,0.961030807208801
50,905,0.968269288394857
50,906,0.974536893023787
50,907,0.978023144646909
50,908,0.962220858720623
50,909,0.946616058560808
50,910,0.940265121787646
50,911,0.956748334070575
50,912,0.974258928953639
50,913,0.966428561236284
50,914,0.95026098371884
50,915,0.980980864999073
50,916,0.969712190179935
50,917,0.970750417374181
50,918,0.975548294116808
50,919,0.954212411352578
50,920,0.942348996161585
50,921,0.964295030036672
50,922,0.964940568770423
50,923,0.970164809292105
50,924,0.934585979081349
50,925,0.980257131034089
50,926,0.930975300009988
50,927,0.958551390533811
50,928,0.956246628900843
50,929,0.957003467416275
50,930,0.958819651546068
50,931,0.978091636820251
50,932,0.971536935831395
50,933,0.94964512492687
50,934,0.958676959518272
50,935,0.97162597565674
50,936,0.962375536878755
50,937,0.973435310569199
50,938,0.955813986672565
50,939,0.961307629742726
50,940,0.9675723805311
50,941,0.960377277721494
50,942,0.9485087256175
50,943,0.965327549549807
50,944,0.904394629072074
50,945,0.971511251266392
50,946,0.967874887630028
50,947,0.981693754369943
50,948,0.950848874873361
50,949,0.960313922461152
50,950,0.972816027168562
50,951,0.968362323596981
50,952,0.911477861331887
50,953,0.977919264850673
50,954,0.978602474279762
50,955,0.938167548979039
50,956,0.975217819380431
50,957,0.962866968222485
50,958,0.97593927027297
50,959,0.988132018664117
50,960,0.974453560879554
50,961,0.98356016609352
50,962,0.953090281245987
50,963,0.97627145731368
50,964,0.979051668783265
50,965,0.980612148799247
50,966,0.953773490675076
50,967,0.968680241434911
50,968,0.956029166250482
50,969,0.958721479430944
50,970,0.976241777371898
50,971,0.955952112555472
50,972,0.982576161869836
50,973,0.958302535637334
50,974,0.981291362851557
50,975,0.962002254534039
50,976,0.979258286839514
50,977,0.962979409540389
50,978,0.972980979152695
50,979,0.983715985787874
50,980,0.967858906122915
50,981,0.95275466959661
50,982,0.977002040495997
50,983,0.934537463791898
50,984,0.978560237439534
50,985,0.973021503688589
50,986,0.93807679684936
50,987,0.948020718882436
50,988,0.968300680640973
50,989,0.972544341547638
50,990,0.95976427277008
50,991,0.984890055792583
50,992,0.971731567757309
50,993,0.956399594754641
50,994,0.958043977682967
50,995,0.983075013199013
50,996,0.962530785804997
50,997,0.972106562406358
50,998,0.969130577474636
50,999,0.973100840456044
50,1000,0.93186683979966
30,1,0.943324438863601
30,2,0.92166093520355
30,3,0.923943436880181
30,4,0.953447582083589
30,5,0.965835533168762
30,6,0.948578930095176
30,7,0.950359155833964
30,8,0.968625447696237
30,9,0.9622145802714
30,10,0.919195216963228
30,11,0.946726787574378
30,12,0.975880481157518
30,13,0.907182260527104
30,14,0.959581626974501
30,15,0.940478018293118
30,16,0.92682638660978
30,17,0.95643269930509
30,18,0.927853769209914
30,19,0.951486993621666
30,20,0.917875601090167
30,21,0.944962543342703
30,22,0.939101325608938
30,23,0.936128194517772
30,24,0.938591058917538
30,25,0.915355659879283
30,26,0.973059174383927
30,27,0.94326165437137
30,28,0.965764187154864
30,29,0.952480130135129
30,30,0.946081819608738
30,31,0.954105677715786
30,32,0.946870621138397
30,33,0.947157146730212
30,34,0.959892124826986
30,35,0.854573422182903
30,36,0.957682681468586
30,37,0.942189181090452
30,38,0.954139353034346
30,39,0.971852570596881
30,40,0.969901114424737
30,41,0.969103751373411
30,42,0.899834191863701
30,43,0.967239622722278
30,44,0.958417260027682
30,45,0.955559424094976
30,46,0.954126225367789
30,47,0.978547109772977
30,48,0.948642285355517
30,49,0.90756524592971
30,50,0.925185428290121
30,51,0.914977811389678
30,52,0.931582026512179
30,53,0.966078680384127
30,54,0.919047958790542
30,55,0.961147814671594
30,56,0.972998672964141
30,57,0.965643184315292
30,58,0.953647921690615
30,59,0.956952098286269
30,60,0.922055906736491
30,61,0.930841740271971
30,62,0.922542201167221
30,63,0.955069134287467
30,64,0.969712760948046
30,65,0.933189880281389
30,66,0.961606712232987
30,67,0.967030150825473
30,68,0.975368502161784
30,69,0.938569940497424
30,70,0.96466945391761
30,71,0.963932021517958
30,72,0.95195102809606
30,73,0.944598393287767
30,74,0.983134373082576
30,75,0.974124798447511
30,76,0.946926556413293
30,77,0.944669739301665
30,78,0.882037642156933
30,79,0.964460552788916
30,80,0.932089439363023
30,81,0.906033875087399
30,82,0.935221243989098
30,83,0.962486265892325
30,84,0.948722192891083
30,85,0.939796521168362
30,86,0.961498266291862
30,87,0.970288095204121
30,88,0.935964954837973
30,89,0.912181047644868
30,90,0.895347954509782
30,91,0.943918037699234
30,92,0.912712432756382
30,93,0.971011258400993
30,94,0.940945477376179
30,95,0.945161170645396
30,96,0.938897561393245
30,97,0.960984004223684
30,98,0.949331202465718
30,99,0.811499265136057
30,100,0.958299111028667
30,101,0.911569754997788
30,102,0.954276908149142
30,103,0.967044420028253
30,104,0.941418644140352
30,105,0.97384512207303
30,106,0.901609280689488
30,107,0.952016095660735
30,108,0.946230790085758
30,109,0.945165166022174
30,110,0.906278163838986
30,111,0.867525292161927
30,112,0.917257459225753
30,113,0.974020347883164
30,114,0.921737418130449
30,115,0.960042807608339
30,116,0.970512407071817
30,117,0.930026112641087
30,118,0.965010773248099
30,119,0.910274682153508
30,120,0.969139138996304
30,121,0.946652016951813
30,122,0.95802628387152
30,123,0.96188695937558
30,124,0.954932149940783
30,125,0.935236083959989
30,126,0.924228250167663
30,127,0.9350631412223
30,128,0.950605156889885
30,129,0.89782622964855
30,130,0.906483640359013
30,131,0.922491402805325
30,132,0.940686348653701
30,133,0.925763616386752
30,134,0.955857365049015
30,135,0.928531841726003
30,136,0.954912743825003
30,137,0.957165565559852
30,138,0.95245615787446
30,139,0.953203864100113
30,140,0.982816455244646
30,141,0.975296014611664
30,142,0.91108916824817
30,143,0.966229933933591
30,144,0.94615487792697
30,145,0.930189923088997
30,146,0.962978268004167
30,147,0.972799474893338
30,148,0.967248755012057
30,149,0.934602531356573
30,150,0.963022787916839
30,151,0.946429988156562
30,152,0.904098400422368
30,153,0.906769595182717
30,154,0.937534567143734
30,155,0.940639545668584
30,156,0.979820493429032
30,157,0.957449237311111
30,158,0.934617942095575
30,159,0.939827342646366
30,160,0.939344472824303
30,161,0.961862416346799
30,162,0.9689348040125
30,163,0.941397525720238
30,164,0.875375065995063
30,165,0.954561150668512
30,166,0.972873103979681
30,167,0.972133388507584
30,168,0.96082818452933
30,169,0.973454716684979
30,170,0.958465775317133
30,171,0.945096103080721
30,172,0.942565317275724
30,173,0.958692370257274
30,174,0.915298012300053
30,175,0.972330874274054
30,176,0.971990696479788
30,177,0.948750160528531
30,178,0.908391147386595
30,179,0.943109259285684
30,180,0.931980993421898
30,181,0.952878526276737
30,182,0.92131904510495
30,183,0.933035202123257
30,184,0.955461822747963
30,185,0.899656112213011
30,186,0.963422325594669
30,187,0.956821963156918
30,188,0.93640159244303
30,189,0.94557212368545
30,190,0.912206732209871
30,191,0.9707207374324
30,192,0.968603758508012
30,193,0.836902441460596
30,194,0.954281474294031
30,195,0.965976512892225
30,196,0.978107047559253
30,197,0.965196272884234
30,198,0.943709707338651
30,199,0.954159900686349
30,200,0.947388307815242
30,201,0.908710206760748
30,202,0.959468614888486
30,203,0.958539404403476
30,204,0.951915069705056
30,205,0.921862416346799
30,206,0.959430944193148
30,207,0.912201595296871
30,208,0.911971004979952
30,209,0.958283129521554
30,210,0.910199911530943
30,211,0.962388664545312
30,212,0.747709079493729
30,213,0.956559409825773
30,214,0.950433926456529
30,215,0.953572580299939
30,216,0.933457570525535
30,217,0.946172571738417
30,218,0.932345143476834
30,219,0.932517515446412
30,220,0.870708465918009
30,221,0.953183887216221
30,222,0.95902741113854
30,223,0.964950842596424
30,224,0.932175054579701
30,225,0.891302920905809
30,226,0.954454417031721
30,227,0.974815427862045
30,228,0.952164495369644
30,229,0.924857807394301
30,230,0.932709864299882
30,231,0.968303534481529
30,232,0.969688788687376
30,233,0.963348125740215
30,234,0.966581527090081
30,235,0.978467202237411
30,236,0.928058104193719
30,237,0.937466074970391
30,238,0.925589532112841
30,239,0.935580827899145
30,240,0.928034131933049
30,241,0.910065210256703
30,242,0.95583567586079
30,243,0.967361196329961
30,244,0.952689602031935
30,245,0.930725303577289
30,246,0.934327421126982
30,247,0.945721094162469
30,248,0.9549789529259
30,249,0.941181204606099
30,250,0.97984332415348
30,251,0.947164566715658
30,252,0.973761789928797
30,253,0.941141821606427
30,254,0.966581527090081
30,255,0.947732480986287
30,256,0.920879553659337
30,257,0.975956964084417
30,258,0.957420698905552
30,259,0.983809020989997
30,260,0.919934361667214
30,261,0.895464961972575
30,262,0.958280275680998
30,263,0.973927883449152
30,264,0.954239808221915
30,265,0.920757409283543
30,266,0.942328448509582
30,267,0.938269716470941
30,268,0.950827185685136
30,269,0.952754098828498
30,270,0.94052710435068
30,271,0.907348924815571
30,272,0.924930294944421
30,273,0.963120389263852
30,274,0.963306459668098
30,275,0.948683951427634
30,276,0.912390519541673
30,277,0.90798875586821
30,278,0.921830453332572
30,279,0.951962443458284
30,280,0.943962557611906
30,281,0.949985873489248
30,282,0.909888272142235
30,283,0.975834819708623
30,284,0.889528402848133
30,285,0.965538162982834
30,286,0.924638632439606
30,287,0.929316077110772
30,288,0.968442231132547
30,289,0.89372469000157
30,290,0.904437436680413
30,291,0.971056919849888
30,292,0.949186798133588
30,293,0.927128893708709
30,294,0.943294188153708
30,295,0.945624634351679
30,296,0.959105035601661
30,297,0.942238267148014
30,298,0.965076411580885
30,299,0.951811760676931
30,300,0.941622408356045
30,301,0.932831437907564
30,302,0.923333285769324
30,303,0.970310355160457
30,304,0.94741113853969
30,305,0.959940069348326
30,306,0.94432556613062
30,307,0.968278991452748
30,308,0.968376022031649
30,309,0.894486665430002
30,310,0.898249168818938
30,311,0.971116279733451
30,312,0.881573607682539
30,313,0.891567186541288
30,314,0.821367275010345
30,315,0.956932692170488
30,316,0.956708380302792
30,317,0.9515754626789
30,318,0.95463249668241
30,319,0.966774446711662
30,320,0.949722749389992
30,321,0.963630085187141
30,322,0.93000841882964
30,323,0.970470170231589
30,324,0.933194446426278
30,325,0.911427062969992
30,326,0.964131219588761
30,327,0.96398624448852
30,328,0.902536778870164
30,329,0.955913871092022
30,330,0.963204862944307
30,331,0.93500035673007
30,332,0.980030536093948
30,333,0.938113326008476
30,334,0.961259685221387
30,335,0.962243689445071
30,336,0.925676288865741
30,337,0.90931293788616
30,338,0.924517058831923
30,339,0.97820693197871
30,340,0.91998573079722
30,341,0.936720651817183
30,342,0.96841997117621
30,343,0.945525320700332
30,344,0.928291548351194
30,345,0.899462621823319
30,346,0.957228920820194
30,347,0.964512492687034
30,348,0.958462350708466
30,349,0.947137740614432
30,350,0.948722192891083
30,351,0.847878312238695
30,352,0.947697664131505
30,353,0.964243660906665
30,354,0.955492644225967
30,355,0.944843252807466
30,356,0.898562520511979
30,357,0.971336596224369
30,358,0.922530215036886
30,359,0.939903825573265
30,360,0.943652059759421
30,361,0.884502218861032
30,362,0.935942694881637
30,363,0.879283686020462
30,364,0.940157246614632
30,365,0.961928625447696
30,366,0.968518143291334
30,367,0.929914242091294
30,368,0.939014568856038
30,369,0.97030693055179
30,370,0.93697920977155
30,371,0.979982591572609
30,372,0.949701630969878
30,373,0.894153907621181
30,374,0.964344686862345
30,375,0.935846235070847
30,376,0.975601946319259
30,377,0.975047159715187
30,378,0.965624348967623
30,379,0.95476719795665
30,380,0.963042194032619
30,381,0.95499322212868
30,382,0.910432214152195
30,383,0.958760862430616
30,384,0.949223898060815
30,385,0.94798875586821
30,386,0.940180077339079
30,387,0.966940540232017
30,388,0.94182217719496
30,389,0.903337566530158
30,390,0.96797191820893
30,391,0.956224939712618
30,392,0.896855923859534
30,393,0.962014811432485
30,394,0.943478546253621
30,395,0.921178636149598
30,396,0.94518228906551
30,397,0.954925300723449
30,398,0.94368516430987
30,399,0.953720409240736
30,400,0.971333742383813
30,401,0.954764914884205
30,402,0.941883820150968
30,403,0.934592257530572
30,404,0.958199226609209
30,405,0.944230818624163
30,406,0.949526405159744
30,407,0.929954766627189
30,408,0.919734592828299
30,409,0.921332743539618
30,410,0.952953867667413
30,411,0.907662847276723
30,412,0.919925229377435
30,413,0.956575391332886
30,414,0.965799574777757
30,415,0.939437508026427
30,416,0.957571952455016
30,417,0.918838486893737
30,418,0.918401278520569
30,419,0.969694496368488
30,420,0.966471939612734
30,421,0.964763059887844
30,422,0.973026069833478
30,423,0.954760919507427
30,424,0.966876614203564
30,425,0.934329133431315
30,426,0.905165736790286
30,427,0.92071231860276
30,428,0.896076825387766
30,429,0.925532455301722
30,430,0.906758179820493
30,431,0.953493243532484
30,432,0.938551105149755
30,433,0.978347911702173
30,434,0.950038954923588
30,435,0.970899958619312
30,436,0.926210527817811
30,437,0.96094347968779
30,438,0.970333185884905
30,439,0.975490075769467
30,440,0.91954738088783
30,441,0.908177109344901
30,442,0.880751701602431
30,443,0.959885275609652
30,444,0.934804012499822
30,445,0.92873731824603
30,446,0.944747934532898
30,447,0.967268731895949
30,448,0.925480515403604
30,449,0.886326393744381
30,450,0.923202579871863
30,451,0.960210613433028
30,452,0.915606797848204
30,453,0.948669111456743
30,454,0.968697364478247
30,455,0.93828855181861
30,456,0.963062741684622
30,457,0.877143876371627
30,458,0.97976170431358
30,459,0.927441103865527
30,460,0.914028624020776
30,461,0.973482113554316
30,462,0.950375708109188
30,463,0.972011814899902
30,464,0.956696964940569
30,465,0.970226452248113
30,466,0.959921234000656
30,467,0.96919964041609
30,468,0.942022516801986
30,469,0.9637453803456
30,470,0.972860547081235
30,471,0.932467287852628
30,472,0.944099541958591
30,473,0.966265892324596
30,474,0.959565645467388
30,475,0.94573593413336
30,476,0.95126724789886
30,477,0.932875957820237
30,478,0.977895863358114
30,479,0.930260127566673
30,480,0.878504587548694
30,481,0.927361767098072
30,482,0.965622065895178
30,483,0.974651046646024
30,484,0.941472296342803
30,485,0.971139110457899
30,486,0.902853555171872
30,487,0.905886616914713
30,488,0.966285298440376
30,489,0.961356715800288
30,490,0.955524036472082
30,491,0.971836589089768
30,492,0.890545511622266
30,493,0.950987000756268
30,494,0.983803884076997
30,495,0.962533639645553
30,496,0.918944078994307
30,497,0.928051825744496
30,498,0.912184472253535
30,499,0.956897304547595
30,500,0.918863600690629
30,501,0.982651503260513
30,502,0.961519384711976
30,503,0.895458683523352
30,504,0.978652701873546
30,505,0.912017237196958
30,506,0.935976370200197
30,507,0.885322983404917
30,508,0.975467815813131
30,509,0.942085872062328
30,510,0.929062656069405
30,511,0.966740200624991
30,512,0.954812288637434
30,513,0.933377662989969
30,514,0.970342888942795
30,515,0.970242433755226
30,516,0.890135700118434
30,517,0.959595325409169
30,518,0.938066523023359
30,519,0.940871277521725
30,520,0.954694139638418
30,521,0.92495826258187
30,522,0.913904767340649
30,523,0.958746593227836
30,524,0.922439462907207
30,525,0.960739715472097
30,526,0.945548722192891
30,527,0.961740842739116
30,528,0.948286126054137
30,529,0.927980479730597
30,530,0.928176823960845
30,531,0.974371370271543
30,532,0.960720880124427
30,533,0.9759152980123
30,534,0.937947232488121
30,535,0.882554758065667
30,536,0.901930623136085
30,537,0.960850444485667
30,538,0.88511236997189
30,539,0.944478531984418
30,540,0.945730797220359
30,541,0.946815256631612
30,542,0.924446854354247
30,543,0.958723762503389
30,544,0.957843067307829
30,545,0.921952026940255
30,546,0.942103565873775
30,547,0.973062028224483
30,548,0.976567685963385
30,549,0.919835618783978
30,550,0.971954167320672
30,551,0.937773148214209
30,552,0.893633937871891
30,553,0.948851757252322
30,554,0.939884990225596
30,555,0.951518385867782
30,556,0.904819851314907
30,557,0.950884262496254
30,558,0.978067664559581
30,559,0.953342560751131
30,560,0.960085615216678
30,561,0.949249582625819
30,562,0.902069890555215
30,563,0.97909276408727
30,564,0.950759264279905
30,565,0.942525363507941
30,566,0.940361581598436
30,567,0.961729998145004
30,568,0.956058846192263
30,569,0.940419799945777
30,570,0.961907507027582
30,571,0.893935874202708
30,572,0.958641001127267
30,573,0.968574649334342
30,574,0.966841226580671
30,575,0.956876756895592
30,576,0.955594240949758
30,577,0.917091936473509
30,578,0.941530514690144
30,579,0.95594183872947
30,580,0.897026012756667
30,581,0.93079322498252
30,582,0.938079079921805
30,583,0.96333613960988
30,584,0.973691585451121
30,585,0.971714444713974
30,586,0.948488177965497
30,587,0.931343445441703
30,588,0.957243760791085
30,589,0.957781995119933
30,590,0.919295672150797
30,591,0.927805824688575
30,592,0.97160656954096
30,593,0.920778527703657
30,594,0.946618341633253
30,595,0.932999814500364
30,596,0.96339892410211
30,597,0.922152937315392
30,598,0.935879339621295
30,599,0.943258229762703
30,600,0.979681796778014
30,601,0.963958276851072
30,602,0.972877099356459
30,603,0.952137669268418
30,604,0.95345785590959
30,605,0.931405088397711
30,606,0.945408884005651
30,607,0.942222856409012
30,608,0.937396441260827
30,609,0.938555671294645
30,610,0.922494827413992
30,611,0.946948245601518
30,612,0.953732966139182
30,613,0.890921077039426
30,614,0.883366390319773
30,615,0.967306973359398
30,616,0.968766998187811
30,617,0.935721807622608
30,618,0.968322940597309
30,619,0.913984104108103
30,620,0.935009489019848
30,621,0.90959660963742
30,622,0.952272941310769
30,623,0.957906422568171
30,624,0.94556755754056
30,625,0.960746564689431
30,626,0.931988413407343
30,627,0.930817768011301
30,628,0.953904196572537
30,629,0.96335554572566
30,630,0.946490489576347
30,631,0.979031121131262
30,632,0.961105577831367
30,633,0.945896319972603
30,634,0.885572979837617
30,635,0.927610051226438
30,636,0.935610507840927
30,637,0.930781238852185
30,638,0.937389592043492
30,639,0.97565046160871
30,640,0.945125783022502
30,641,0.969134572851415
30,642,0.937778855895321
30,643,0.96248398281988
30,644,0.952838572508954
30,645,0.963886930837174
30,646,0.969330346313552
30,647,0.943370671080607
30,648,0.964676873903055
30,649,0.955680997702658
30,650,0.958480044519913
30,651,0.950705612077453
30,652,0.967066109216478
30,653,0.932330874274054
30,654,0.948090352592001
30,655,0.972893080863572
30,656,0.936711519527404
30,657,0.949577203521639
30,658,0.950971590017266
30,659,0.969309798661549
30,660,0.916892738402705
30,661,0.936782865541302
30,662,0.961608424537321
30,663,0.969750431643384
30,664,0.97005636335098
30,665,0.966220801643812
30,666,0.968614603102125
30,667,0.959484596395599
30,668,0.924219688645995
30,669,0.906585237082804
30,670,0.946921419500293
30,671,0.913691300067065
30,672,0.916826529301808
30,673,0.944476819680084
30,674,0.979575633909334
30,675,0.962714002368688
30,676,0.928781267390591
30,677,0.963444585551005
30,678,0.957526291006121
30,679,0.977500321057063
30,680,0.970826329532969
30,681,0.953231831737561
30,682,0.953000670652531
30,683,0.967445099242305
30,684,0.94474907606912
30,685,0.964458840484582
30,686,0.930382842710578
30,687,0.965869208487322
30,688,0.974540317632454
30,689,0.894382785633767
30,690,0.95510908805525
30,691,0.979793667327806
30,692,0.925441703172044
30,693,0.948086927983333
30,694,0.946634323140366
30,695,0.946078965768183
30,696,0.954372797191821
30,697,0.96126139752572
30,698,0.970902241691757
30,699,0.962486265892325
30,700,0.945062998530272
30,701,0.949425949972175
30,702,0.918414406187126
30,703,0.980717170131705
30,704,0.905835247784706
30,705,0.950542943165765
30,706,0.962974272627388
30,707,0.947629742726274
30,708,0.977011743553888
30,709,0.938650418801102
30,710,0.925820693197871
30,711,0.950714173599121
30,712,0.911114282045062
30,713,0.961575890754984
30,714,0.950093177894151
30,715,0.963466845507342
30,716,0.944411181347298
30,717,0.960182075027468
30,718,0.927459368445085
30,719,0.925107233058889
30,720,0.954005793296329
30,721,0.910811774946134
30,722,0.961186056135044
30,723,0.944475678143862
30,724,0.955621067050984
30,725,0.891935902741114
30,726,0.952174198427534
30,727,0.926846363493672
30,728,0.877692384526477
30,729,0.975874773476406
30,730,0.972880523965126
30,731,0.954144489947347
30,732,0.943919750003567
30,733,0.955086257330803
30,734,0.965370357158146
30,735,0.881462878668969
30,736,0.958813373096845
30,737,0.920523394357957
30,738,0.942101853569441
30,739,0.97889984446569
30,740,0.848228193090852
30,741,0.94799389278121
30,742,0.937109915669011
30,743,0.939847319530258
30,744,0.898778841626118
30,745,0.935935845664303
30,746,0.90904810148257
30,747,0.969762417773719
30,748,0.915344244517059
30,749,0.967853769209914
30,750,0.927606626617771
30,751,0.945557283714559
30,752,0.926009617442674
30,753,0.953329433084574
30,754,0.937436965796721
30,755,0.954630213609966
30,756,0.973287481628401
30,757,0.893991809477605
30,758,0.943576718368745
30,759,0.950823190308357
30,760,0.973511793496097
30,761,0.970064924872647
30,762,0.898584209700204
30,763,0.866454531185343
30,764,0.950551504687433
30,765,0.923426320971447
30,766,0.955017765157461
30,767,0.952564603815585
30,768,0.935112227279862
30,769,0.95558054251509
30,770,0.860142977411852
30,771,0.938588205076982
30,772,0.935639617014597
30,773,0.906981920920078
30,774,0.96079907535566
30,775,0.943033347126896
30,776,0.96649419956907
30,777,0.924312153080007
30,778,0.98126853212711
30,779,0.84543485395471
30,780,0.940483155206119
30,781,0.948564090124285
30,782,0.969811503831281
30,783,0.943075013199013
30,784,0.935794295172729
30,785,0.930529530115152
30,786,0.975360511408228
30,787,0.946549278691799
30,788,0.9440030821478
30,789,0.963339564218547
30,790,0.964090695052867
30,791,0.96202679756282
30,792,0.964394914456129
30,793,0.948952212439891
30,794,0.911612562606127
30,795,0.970269259856452
30,796,0.953580571053495
30,797,0.974785747920264
30,798,0.95596581099014
30,799,0.975245216249768
30,800,0.895091679627859
30,801,0.930580328477048
30,802,0.933853683594698
30,803,0.940048229905395
30,804,0.966381758251167
30,805,0.903568727615188
30,806,0.977772006677987
30,807,0.930038098771422
30,808,0.944197714073715
30,809,0.977236055421584
30,810,0.946164010216749
30,811,0.931873689016995
30,812,0.897200097030579
30,813,0.930262981407229
30,814,0.906110928782409
30,815,0.936486066123486
30,816,0.963219132147087
30,817,0.9058706354076
30,818,0.969504430587463
30,819,0.960677501747977
30,820,0.952596566829811
30,821,0.962969706482499
30,822,0.957306545283315
30,823,0.939088197942381
30,824,0.913643926313837
30,825,0.914587406001627
30,826,0.931007833792326
30,827,0.936216663575006
30,828,0.95847376607069
30,829,0.944881494270915
30,830,0.934869650832608
30,831,0.942582440319059
30,832,0.96019748576647
30,833,0.912063469413964
30,834,0.94224568713346
30,835,0.94398367603202
30,836,0.953578858749162
30,837,0.931810333756653
30,838,0.965340677216364
30,839,0.95647151153665
30,840,0.941145816983205
30,841,0.955491502689745
30,842,0.92268603473124
30,843,0.952881380117293
30,844,0.928181960873846
30,845,0.966443971975286
30,846,0.887903996803699
30,847,0.941641243703714
30,848,0.956477789985874
30,849,0.968184243946291
30,850,0.937341076754042
30,851,0.948049828056106
30,852,0.948025855795437
30,853,0.95396298568799
30,854,0.959389278121031
30,855,0.959982306188553
30,856,0.964316719224897
30,857,0.933197300266834
30,858,0.950746136613347
30,859,0.966176852499251
30,860,0.961551347726203
30,861,0.911131405088398
30,862,0.928653986101796
30,863,0.877065110372284
30,864,0.946186270173085
30,865,0.929256146459097
30,866,0.968837773433598
30,867,0.939837045704257
30,868,0.939756567400579
30,869,0.907274154193005
30,870,0.936655013484397
30,871,0.951071474436723
30,872,0.929386852356559
30,873,0.942787916839086
30,874,0.908019006578103
30,875,0.952335155034888
30,876,0.903541330745851
30,877,0.935813130520398
30,878,0.951621124127795
30,879,0.977909561792783
30,880,0.936121345300438
30,881,0.956661577317675
30,882,0.930881123271643
30,883,0.909243874944707
30,884,0.966538148713631
30,885,0.937957506314122
30,886,0.944327278434954
30,887,0.93654085986216
30,888,0.960203193447582
30,889,0.939454060301651
30,890,0.977434682724276
30,891,0.935133345699976
30,892,0.972500963171188
30,893,0.917311682196316
30,894,0.931627117192962
30,895,0.936187554401335
30,896,0.977250895392474
30,897,0.963994235242077
30,898,0.97483198013727
30,899,0.960287096359926
30,900,0.94128280132989
30,901,0.923951998401849
30,902,0.928954780896391
30,903,0.97540959746579
30,904,0.9435744352963
30,905,0.956808835490361
30,906,0.878673534909605
30,907,0.932378248027283
30,908,0.921472581726859
30,909,0.968501020247999
30,910,0.935043164338408
30,911,0.941858135585965
30,912,0.933408484467973
30,913,0.913490389691928
30,914,0.919187226209672
30,915,0.943186312980694
30,916,0.945858649277265
30,917,0.970432499536251
30,918,0.977435253492387
30,919,0.927421697749747
30,920,0.883620382129251
30,921,0.936973502090438
30,922,0.938903839842468
30,923,0.953858535123643
30,924,0.910941910075484
30,925,0.949841469157118
30,926,0.965010202479987
30,927,0.948746735919864
30,928,0.94494656183559
30,929,0.9325934276052
30,930,0.927107204520483
30,931,0.982458583638932
30,932,0.955145617214366
30,933,0.93087484482242
30,934,0.916327677972632
30,935,0.938877013741242
30,936,0.905541302207446
30,937,0.920834462978553
30,938,0.951183344986516
30,939,0.950536093948431
30,940,0.905996204392061
30,941,0.957839642699162
30,942,0.967706511037228
30,943,0.79818039126154
30,944,0.942920335040881
30,945,0.97649291534082
30,946,0.967335511764958
30,947,0.947159429802657
30,948,0.948229049243019
30,949,0.937878740314779
30,950,0.953708423110401
30,951,0.972307472781496
30,952,0.909471040652959
30,953,0.95528203079294
30,954,0.980020262267947
30,955,0.929862872961288
30,956,0.909462479131291
30,957,0.964615230947047
30,958,0.954576561407514
30,959,0.935642470855153
30,960,0.948807808107761
30,961,0.937048843481115
30,962,0.945338679527975
30,963,0.958289978738888
30,964,0.946628044691143
30,965,0.893673320871563
30,966,0.917136456386182
30,967,0.959012000399538
30,968,0.966361210599164
30,969,0.938615031178208
30,970,0.933329718468629
30,971,0.90249111742127
30,972,0.965481086171716
30,973,0.956053138511151
30,974,0.964523337281146
30,975,0.886717940668655
30,976,0.953986387180548
30,977,0.946363779055664
30,978,0.966954238666686
30,979,0.964370942195459
30,980,0.972163639217477
30,981,0.904457984332415
30,982,0.974470683922889
30,983,0.932835433284342
30,984,0.946639460053367
30,985,0.930915369358314
30,986,0.955815698976898
30,987,0.939551661648664
30,988,0.957895007205947
30,989,0.973155063426606
30,990,0.969958762003967
30,991,0.944291320043949
30,992,0.923918323083289
30,993,0.945816412437037
30,994,0.978281131833165
30,995,0.945203407485624
30,996,0.950306074399623
30,997,0.93511108574364
30,998,0.900346170859434
30,999,0.945797006321257
30,1000,0.966896591087456
20,1,0.947739330203622
20,2,0.900847305261055
20,3,0.925719667242191
20,4,0.917499464904896
20,5,0.918904695994635
20,6,0.917629600034246
20,7,0.945603515931565
20,8,0.931758393858535
20,9,0.94301108717056
20,10,0.956230076625619
20,11,0.963570154535466
20,12,0.941897518585637
20,13,0.922107275866497
20,14,0.924099256574535
20,15,0.925349809506143
20,16,0.873399637562249
20,17,0.90191350009275
20,18,0.872968136870193
20,19,0.959683223698292
20,20,0.927812103137798
20,21,0.909644554158759
20,22,0.962722563890355
20,23,0.954109673092564
20,24,0.894471254691
20,25,0.954586264465404
20,26,0.950488149427092
20,27,0.864237667841498
20,28,0.942520797363051
20,29,0.932679613589989
20,30,0.955511479573636
20,31,0.960121002839571
20,32,0.903436309413393
20,33,0.966958234043464
20,34,0.847820664659465
20,35,0.894800587891155
20,36,0.92274881922347
20,37,0.850256132189895
20,38,0.891079179806224
20,39,0.9588978467773
20,40,0.919142706296999
20,41,0.887251038084502
20,42,0.914859091622551
20,43,0.926284727672265
20,44,0.957729484453704
20,45,0.924066152024086
20,46,0.919958333927883
20,47,0.902518514290607
20,48,0.878745451691614
20,49,0.920538805096959
20,50,0.94020462036786
20,51,0.92568542115552
20,52,0.954212982120689
20,53,0.938708066380331
20,54,0.973312595425294
20,55,0.940855866782723
20,56,0.882832151367703
20,57,0.915030892824018
20,58,0.916780867852913
20,59,0.918288837202665
20,60,0.961212311468158
20,61,0.954630784378077
20,62,0.919731738987743
20,63,0.954371084887487
20,64,0.963197442958862
20,65,0.907542415205262
20,66,0.907340934062014
20,67,0.80841026811832
20,68,0.877250039240308
20,69,0.907429973887359
20,70,0.966886888029566
20,71,0.915989212482699
20,72,0.957948088640288
20,73,0.976881037656426
20,74,0.955860218889571
20,75,0.884804155191849
20,76,0.94405102666914
20,77,0.966772734407329
20,78,0.912674762061044
20,79,0.919115309427662
20,80,0.921938328505586
20,81,0.922179192648507
20,82,0.966987343217135
20,83,0.915094248084359
20,84,0.888091208744167
20,85,0.891461594440719
20,86,0.82142720566202
20,87,0.942750816911859
20,88,0.90147058403847
20,89,0.942815313708423
20,90,0.949062941453461
20,91,0.944449422810748
20,92,0.944399765985074
20,93,0.97420128137441
20,94,0.915384769052953
20,95,0.946229648549536
20,96,0.901572180762261
20,97,0.92504501933477
20,98,0.961162083874374
20,99,0.933636791712447
20,100,0.906338094490661
20,101,0.930483297898146
20,102,0.937694382214866
20,103,0.907783279348183
20,104,0.938524849816641
20,105,0.957813958134159
20,106,0.892283500520826
20,107,0.910447624891197
20,108,0.928596338522567
20,109,0.900455187568671
20,110,0.923712846563262
20,111,0.884058732038641
20,112,0.934693283486252
20,113,0.963916610778956
20,114,0.930766969649406
20,115,0.853058032847705
20,116,0.907547552118263
20,117,0.928916539432942
20,118,0.924255647037
20,119,0.940283386367204
20,120,0.943971119133574
20,121,0.933897632739259
20,122,0.916429274696423
20,123,0.926497053409626
20,124,0.947623464277051
20,125,0.963669468186812
20,126,0.95613418758294
20,127,0.940041951456172
20,128,0.942707438535409
20,129,0.939979166963942
20,130,0.95605713388793
20,131,0.882408070661092
20,132,0.936091665358656
20,133,0.952987542985973
20,134,0.950379132717855
20,135,0.920072487550121
20,136,0.926845221957449
20,137,0.919065081833878
20,138,0.954559438364179
20,139,0.856339949487022
20,140,0.952447596352792
20,141,0.900037956079394
20,142,0.91987500178365
20,143,0.891903939726887
20,144,0.858661834163325
20,145,0.922982834149056
20,146,0.882670623992238
20,147,0.956206104364949
20,148,0.958944078994307
20,149,0.864506499621866
20,150,0.917635307715358
20,151,0.911548065809563
20,152,0.941354718111899
20,153,0.943127523865242
20,154,0.949080064496797
20,155,0.946574392488692
20,156,0.859705198270573
20,157,0.941263965982221
20,158,0.904698848475336
20,159,0.961530229306089
20,160,0.940779954623935
20,161,0.810368002739687
20,162,0.919182089296671
20,163,0.944972246400594
20,164,0.942593284913172
20,165,0.885672864257074
20,166,0.919868152566316
20,167,0.953826001341305
20,168,0.945371213310312
20,169,0.90180277107918
20,170,0.965265906593799
20,171,0.869754141636107
20,172,0.891800059930652
20,173,0.922619825630342
20,174,0.879407542700589
20,175,0.960339607026155
20,176,0.874931579172672
20,177,0.945182859833621
20,178,0.928217919264851
20,179,0.955366504473395
20,180,0.952021803341847
20,181,0.969092336011187
20,182,0.907000185499636
20,183,0.956479502290207
20,184,0.940255418729755
20,185,0.918736319401835
20,186,0.940082475992066
20,187,0.945977939812503
20,188,0.937048843481115
20,189,0.916853926171145
20,190,0.951393387651432
20,191,0.953723263081292
20,192,0.822224568713346
20,193,0.954034902469999
20,194,0.925963955993779
20,195,0.938826215379347
20,196,0.961339592756953
20,197,0.955080549649691
20,198,0.920369857736048
20,199,0.936330246429132
20,200,0.947866611492416
20,201,0.960966310412237
20,202,0.898116179849032
20,203,0.924786461380403
20,204,0.918836774589404
20,205,0.935497495754912
20,206,0.884985088683095
20,207,0.943013370243005
20,208,0.9254496939256
20,209,0.92147315249497
20,210,0.867106919136428
20,211,0.9250210470741
20,212,0.931478717484054
20,213,0.831560622708009
20,214,0.880303648635151
20,215,0.898432385382629
20,216,0.858369030122287
20,217,0.972753813444443
20,218,0.922180334184729
20,219,0.951805482227708
20,220,0.89138511151382
20,221,0.842846420570483
20,222,0.970693911331174
20,223,0.928505015624777
20,224,0.95657710363722
20,225,0.914953839129008
20,226,0.933042622108703
20,227,0.918046831523523
20,228,0.956908149141707
20,229,0.79484425165166
20,230,0.934743511080036
20,231,0.908348339778257
20,232,0.878559381287367
20,233,0.95363593556028
20,234,0.975321699176667
20,235,0.867028153137084
20,236,0.915954395627916
20,237,0.95254805154036
20,238,0.863921462307901
20,239,0.93882792768368
20,240,0.89133716699248
20,241,0.886134044890912
20,242,0.968138011729285
20,243,0.920561635821407
20,244,0.869282687176267
20,245,0.92577217790842
20,246,0.825235941267961
20,247,0.942762232274083
20,248,0.941654371370272
20,249,0.914316861916925
20,250,0.966579814785748
20,251,0.963466845507342
20,252,0.966970220173799
20,253,0.877325951399095
20,254,0.938186955094819
20,255,0.828896277164995
20,256,0.925052439320215
20,257,0.918246029594327
20,258,0.93032119975457
20,259,0.865051583168048
20,260,0.77269445356088
20,261,0.944887201952027
20,262,0.812579729170531
20,263,0.945544726816113
20,264,0.929946775873632
20,265,0.941733137369615
20,266,0.912626246771593
20,267,0.901862130962743
20,268,0.903633795179863
20,269,0.959674091408513
20,270,0.936652730411952
20,271,0.861295358228336
20,272,0.926872618826786
20,273,0.944541316476649
20,274,0.888447368045547
20,275,0.923772777214937
20,276,0.96321114139353
20,277,0.752899644696851
20,278,0.944730240721451
20,279,0.928234471540075
20,280,0.943684022773648
20,281,0.93733536907293
20,282,0.942444314436152
20,283,0.926929124869794
20,284,0.950445341818753
20,285,0.894087127752172
20,286,0.827800402391518
20,287,0.918604471968151
20,288,0.952063469413964
20,289,0.93591986415719
20,290,0.956234072002397
20,291,0.923527346927127
20,292,0.906009332058618
20,293,0.932262952868823
20,294,0.933395356801415
20,295,0.894254933576861
20,296,0.964787032148514
20,297,0.884700846163725
20,298,0.765049014711548
20,299,0.901190907663989
20,300,0.947417416988913
20,301,0.953936730354875
20,302,0.935223527061543
20,303,0.971778370742427
20,304,0.946531014112241
20,305,0.9166832665059
20,306,0.924380074485239
20,307,0.948730754412751
20,308,0.924538177252037
20,309,0.953344273055464
20,310,0.925726516459525
20,311,0.855058004309299
20,312,0.951775231517815
20,313,0.896898731467873
20,314,0.926905723377235
20,315,0.883373810305218
20,316,0.961392103423182
20,317,0.860271400236869
20,318,0.922370399965754
20,319,0.935083118106191
20,320,0.944149198784264
20,321,0.940266834091979
20,322,0.943000813344558
20,323,0.943014511779227
20,324,0.938407842353848
20,325,0.927881736847362
20,326,0.884329846891454
20,327,0.905777029437365
20,328,0.916548565231661
20,329,0.933287481628401
20,330,0.942261097872462
20,331,0.949665101810762
20,332,0.968471911074328
20,333,0.938218347340934
20,334,0.903384940283386
20,335,0.858995162740258
20,336,0.902164638061672
20,337,0.880326479359598
20,338,0.939479744866654
20,339,0.894093406201395
20,340,0.884744795308286
20,341,0.953650775531171
20,342,0.902182902641229
20,343,0.917428689659109
20,344,0.960591315763188
20,345,0.883974829126297
20,346,0.940978581926628
20,347,0.872927041566188
20,348,0.920990853441018
20,349,0.892953582283358
20,350,0.95466103508797
20,351,0.966876614203564
20,352,0.939460909518985
20,353,0.83034317432685
20,354,0.932308043549607
20,355,0.936803413193305
20,356,0.953237539418673
20,357,0.930341747406572
20,358,0.89867382029366
20,359,0.910366005051298
20,360,0.943868951641672
20,361,0.931345728514148
20,362,0.925095246928554
20,363,0.900511693611678
20,364,0.961182060758266
20,365,0.781354718111899
20,366,0.950793510366576
20,367,0.938362751673064
20,368,0.940221743411196
20,369,0.898815941553345
20,370,0.958400136984347
20,371,0.909244445712818
20,372,0.908721622122972
20,373,0.885973659051669
20,374,0.947530999843039
20,375,0.944641200896106
20,376,0.925244217405574
20,377,0.966469656540289
20,378,0.85688274996076
20,379,0.948512720994278
20,380,0.931142535066566
20,381,0.939908391718155
20,382,0.942108132018664
20,383,0.934582554472682
20,384,0.890379418101911
20,385,0.950355731225296
20,386,0.933229263281061
20,387,0.959953197014883
20,388,0.944443144361525
20,389,0.912707866611492
20,390,0.946794708979609
20,391,0.947875743782195
20,392,0.920061642956008
20,393,0.9212756667285
20,394,0.962529644268775
20,395,0.962059331345158
20,396,0.94421483711705
20,397,0.974734378790257
20,398,0.959265421440904
20,399,0.923014226395171
20,400,0.96554558296828
20,401,0.932973559167249
20,402,0.933719553088569
20,403,0.921842439462907
20,404,0.894051740129279
20,405,0.903475692413065
20,406,0.920914370514119
20,407,0.967049556941254
20,408,0.927131176781153
20,409,0.918716913286055
20,410,0.849967894293746
20,411,0.922521082747107
20,412,0.936119062227993
20,413,0.920477732909062
20,414,0.974513491531228
20,415,0.873066308985317
20,416,0.93732566601504
20,417,0.916563975970662
20,418,0.89715728942224
20,419,0.920387551547495
20,420,0.941293645924002
20,421,0.956974358242605
20,422,0.86108074941853
20,423,0.938044833835134
20,424,0.85827884876072
20,425,0.928657981478575
20,426,0.91587448809235
20,427,0.921120988570369
20,428,0.942653786332958
20,429,0.947448809235028
20,430,0.958169546667428
20,431,0.931575748062956
20,432,0.936976355930994
20,433,0.939442644939427
20,434,0.897445527318389
20,435,0.954501790784949
20,436,0.878424109245016
20,437,0.887719638703786
20,438,0.933042051340592
20,439,0.904015068278135
20,440,0.943679456628758
20,441,0.92801529658538
20,442,0.870122857835933
20,443,0.947725631768953
20,444,0.952253535194989
20,445,0.9343793610251
20,446,0.950568627730769
20,447,0.904609808649991
20,448,0.966014183587563
20,449,0.934539176096231
20,450,0.931467872889942
20,451,0.922290492430188
20,452,0.919855024899759
20,453,0.94252022659494
20,454,0.941015111085744
20,455,0.967176838230048
20,456,0.885447981621267
20,457,0.938226338094491
20,458,0.902628101767954
20,459,0.887170559780825
20,460,0.892765228806667
20,461,0.97476006335526
20,462,0.782309613161913
20,463,0.890123143219988
20,464,0.971216164152909
20,465,0.928139724033618
20,466,0.937393587420271
20,467,0.945932849131719
20,468,0.96380302792483
20,469,0.910908805525035
20,470,0.958681525663161
20,471,0.966459953482399
20,472,0.939975171587163
20,473,0.94681925200839
20,474,0.89364763630656
20,475,0.973507798119319
20,476,0.953320871562906
20,477,0.81258372454731
20,478,0.935170445627203
20,479,0.931785790727872
20,480,0.928110614859948
20,481,0.956919564503931
20,482,0.910992137669268
20,483,0.96089553516645
20,484,0.95097387308971
20,485,0.908583496240065
20,486,0.93962700303934
20,487,0.922452590573765
20,488,0.953869950485866
20,489,0.943383798747164
20,490,0.929977597351636
20,491,0.840642114125084
20,492,0.935399323639788
20,493,0.9189794666172
20,494,0.947711362566173
20,495,0.948771278948645
20,496,0.910141122415491
20,497,0.908269573778913
20,498,0.937427833506942
20,499,0.92247941667499
20,500,0.926663146929981
20,501,0.957615901599578
20,502,0.921798490318346
20,503,0.893614531756111
20,504,0.92667227921976
20,505,0.912052624819851
20,506,0.907197671266106
20,507,0.939400978867311
20,508,0.889115737503746
20,509,0.942612120260841
20,510,0.921647236768882
20,511,0.948902555614218
20,512,0.934959832194175
20,513,0.963802457156719
20,514,0.922298483183745
20,515,0.901767383456286
20,516,0.941894664745081
20,517,0.87346242205448
20,518,0.944459696636749
20,519,0.961170645396042
20,520,0.939555657025442
20,521,0.954039468614888
20,522,0.898942652074029
20,523,0.932491830881409
20,524,0.872428190237011
20,525,0.947154863657767
20,526,0.864273055464391
20,527,0.938686947960217
20,528,0.930499850173371
20,529,0.709355745494499
20,530,0.933839985160029
20,531,0.936115066851215
20,532,0.917251751544641
20,533,0.942974558011444
20,534,0.905864356958377
20,535,0.882014811432485
20,536,0.913940154963542
20,537,0.924192291776658
20,538,0.898032276936688
20,539,0.944862658923246
20,540,0.881668355188996
20,541,0.945396327107204
20,542,0.933612819451777
20,543,0.952849417103066
20,544,0.953810590602303
20,545,0.917402434325994
20,546,0.901147529287539
20,547,0.942513948145717
20,548,0.928606612348568
20,549,0.945528745309
20,550,0.953935588818653
20,551,0.91371755540018
20,552,0.920357871605713
20,553,0.922431472153651
20,554,0.974089410824617
20,555,0.927861759963471
20,556,0.931426777585936
20,557,0.855119076497196
20,558,0.948336353647922
20,559,0.965379489447925
20,560,0.895165308714202
20,561,0.942165779597894
20,562,0.923011372554615
20,563,0.96514604529045
20,564,0.936356501762247
20,565,0.948978467773006
20,566,0.946984203992523
20,567,0.950270116008619
20,568,0.733028352905923
20,569,0.96098229191935
20,570,0.980966025028182
20,571,0.885495355374495
20,572,0.900104735948403
20,573,0.891386823818153
20,574,0.93794209557512
20,575,0.89605970234443
20,576,0.933779483740243
20,577,0.935802856694396
20,578,0.859945491645382
20,579,0.736876471511537
20,580,0.945280461180634
20,581,0.911280946333528
20,582,0.921242562178051
20,583,0.956899016851928
20,584,0.921960588461923
20,585,0.945995633623949
20,586,0.944992794052596
20,587,0.874881351578887
20,588,0.911742697735478
20,589,0.887845207688246
20,590,0.959148984746222
20,591,0.861867267875744
20,592,0.919341904367803
20,593,0.928436523451435
20,594,0.92871334598536
20,595,0.906225082404646
20,596,0.928769281260256
20,597,0.814978096773733
20,598,0.928296114496083
20,599,0.879582768510723
20,600,0.957375608224768
20,601,0.953828855181861
20,602,0.965405744781039
20,603,0.818793681597009
20,604,0.964445712818025
20,605,0.844620367860048
20,606,0.930402248826358
20,607,0.940499707481343
20,608,0.91986529872576
20,609,0.952419057947232
20,610,0.893158488035273
20,611,0.857623606969079
20,612,0.955781452890227
20,613,0.911578316519456
20,614,0.768181390105735
20,615,0.943185171444471
20,616,0.948926527874888
20,617,0.873471554344259
20,618,0.91014055164738
20,619,0.939124156333386
20,620,0.888876014897048
20,621,0.814703557312253
20,622,0.943939726887459
20,623,0.95077125041024
20,624,0.979446640316206
20,625,0.972069462479131
20,626,0.862537349638276
20,627,0.85383085287025
20,628,0.935470098885575
20,629,0.899436937258315
20,630,0.938193233544042
20,631,0.93449979309656
20,632,0.898135015196701
20,633,0.965047873175326
20,634,0.96243090138554
20,635,0.953478974329704
20,636,0.918234614232103
20,637,0.925358371027811
20,638,0.922679756282016
20,639,0.882593570297228
20,640,0.899556798561664
20,641,0.963099270843738
20,642,0.866343802171773
20,643,0.944621224012214
20,644,0.946449965040453
20,645,0.91249953625091
20,646,0.942149798090781
20,647,0.781738274282616
20,648,0.949875715243789
20,649,0.922075883620382
20,650,0.921999971461594
20,651,0.936527732195602
20,652,0.867679970320058
20,653,0.966653443872091
20,654,0.939343331288081
20,655,0.913725546153736
20,656,0.94260184643484
20,657,0.960466317546839
20,658,0.887541559053096
20,659,0.812047773290906
20,660,0.947330089467901
20,661,0.854861660079051
20,662,0.944860375850801
20,663,0.903940868423681
20,664,0.913300894679014
20,665,0.882155220387837
20,666,0.951143391218733
20,667,0.925728228763859
20,668,0.953853968978753
20,669,0.958307101782223
20,670,0.892939313080578
20,671,0.949741584737661
20,672,0.963733394215265
20,673,0.902725132346856
20,674,0.902288494741799
20,675,0.970079764843538
20,676,0.828286126054137
20,677,0.865366647165423
20,678,0.888630013841127
20,679,0.952277507455658
20,680,0.934704128080364
20,681,0.890430787231917
20,682,0.929833763787617
20,683,0.941127552403647
20,684,0.955285455401607
20,685,0.83979794808864
20,686,0.932111128551248
20,687,0.920400679214052
20,688,0.894996361353291
20,689,0.941575034602817
20,690,0.934168747592072
20,691,0.946078965768183
20,692,0.947489333770922
20,693,0.949717612476991
20,694,0.892976413007805
20,695,0.92109302093292
20,696,0.969623721122701
20,697,0.930027254177309
20,698,0.961898374737803
20,699,0.913485823547038
20,700,0.952598279134145
20,701,0.898444371512964
20,702,0.889754997788274
20,703,0.919170673934447
20,704,0.930290949044677
20,705,0.971252122543913
20,706,0.906690829183374
20,707,0.930657382172058
20,708,0.927627174269774
20,709,0.911163368102624
20,710,0.932066608638575
20,711,0.948341490560922
20,712,0.949179948916254
20,713,0.943922603844123
20,714,0.851064339835333
20,715,0.911455601375551
20,716,0.955813986672565
20,717,0.959472039497153
20,718,0.893037485195702
20,719,0.884667741613276
20,720,0.895975228663974
20,721,0.966589517843638
20,722,0.866294716114211
20,723,0.907374038612463
20,724,0.944584694853099
20,725,0.952912772363408
20,726,0.75190764971961
20,727,0.937515161027953
20,728,0.893733251523237
20,729,0.943820436352221
20,730,0.976081391532655
20,731,0.967695095675005
20,732,0.891099727458227
20,733,0.862642370970734
20,734,0.942153793467559
20,735,0.84086642599278
20,736,0.942204591829454
20,737,0.813010088326365
20,738,0.957817382742826
20,739,0.961831594868795
20,740,0.948172543200011
20,741,0.908731325180862
20,742,0.957287709935646
20,743,0.879474322569598
20,744,0.947442530785805
20,745,0.944041894379361
20,746,0.945156604500507
20,747,0.901433484111243
20,748,0.944038469770694
20,749,0.895352520654671
20,750,0.893500378133874
20,751,0.945743924886916
20,752,0.936030022402648
20,753,0.860562491973573
20,754,0.95631226723363
20,755,0.956538291405659
20,756,0.955010915940126
20,757,0.937409568927384
20,758,0.932635093677316
20,759,0.948168547823233
20,760,0.948844908034988
20,761,0.913360825330689
20,762,0.901175496924987
20,763,0.948219346185129
20,764,0.9285980508269
20,765,0.855224668597765
20,766,0.939658395285455
20,767,0.92243090138554
20,768,0.967893152209586
20,769,0.909554943565303
20,770,0.887392017807965
20,771,0.93969435367646
20,772,0.967865755340249
20,773,0.921991980708038
20,774,0.934463263937444
20,775,0.930630556070832
20,776,0.925614075141622
20,777,0.963088997017737
20,778,0.915563990239865
20,779,0.947122900643541
20,780,0.922492544341548
20,781,0.904668026997332
20,782,0.939781681197471
20,783,0.956113639930937
20,784,0.908087498751445
20,785,0.950193062313609
20,786,0.959182660064782
20,787,0.940063069876286
20,788,0.937945520183787
20,789,0.95825744495655
20,790,0.950429360311639
20,791,0.882391518385868
20,792,0.948140009417674
20,793,0.918236897304548
20,794,0.894524336125341
20,795,0.929640844166036
20,796,0.945628629728457
20,797,0.883001669496725
20,798,0.9493660193205
20,799,0.830069205633481
20,800,0.888834919593042
20,801,0.895275466959661
20,802,0.95186883748805
20,803,0.89471668497881
20,804,0.927877741470584
20,805,0.920771678486323
20,806,0.941993407628316
20,807,0.93487535851372
20,808,0.966161441760249
20,809,0.913866525877199
20,810,0.89917895007206
20,811,0.954697564247085
20,812,0.932736119632996
20,813,0.916407585508198
20,814,0.954250082047916
20,815,0.915053723548465
20,816,0.966736776016324
20,817,0.902303905480801
20,818,0.94283300751987
20,819,0.908420256560266
20,820,0.932167634594255
20,821,0.890453617956365
20,822,0.880994278049685
20,823,0.884249939355888
20,824,0.941448324082134
20,825,0.957322526790428
20,826,0.918433812302907
20,827,0.929478175254349
20,828,0.954746650304648
20,829,0.909376293146502
20,830,0.936528302963713
20,831,0.907185685135771
20,832,0.93392217576804
20,833,0.932501533939299
20,834,0.937392445884048
20,835,0.940155534310298
20,836,0.894933576861061
20,837,0.955073129664246
20,838,0.905883763074157
20,839,0.82573593413336
20,840,0.903448866311839
20,841,0.947071531513534
20,842,0.928282416061415
20,843,0.937379888985602
20,844,0.939187511593727
20,845,0.882506242776216
20,846,0.849331487849774
20,847,0.942150368858892
20,848,0.914039468614888
20,849,0.933104265064711
20,850,0.892187611478147
20,851,0.951999543385511
20,852,0.944748505301009
20,853,0.952037214080849
20,854,0.945359227179977
20,855,0.920829326065553
20,856,0.93823090423938
20,857,0.94628957920121
20,858,0.867866611492416
20,859,0.952732980408385
20,860,0.910210756125055
20,861,0.927066109216478
20,862,0.924090124284756
20,863,0.880060501419786
20,864,0.950874559438364
20,865,0.904500221172643
20,866,0.911222157218076
20,867,0.968866311839158
20,868,0.949802086157446
20,869,0.956872190750703
20,870,0.919411538077368
20,871,0.971879396698107
20,872,0.948842624962543
20,873,0.952009246443401
20,874,0.917056548850616
20,875,0.945590959033119
20,876,0.931565474236954
20,877,0.94748362608981
20,878,0.862228564090124
20,879,0.93385939127581
20,880,0.907254748077225
20,881,0.928264151481857
20,882,0.94385867781567
20,883,0.89454830838601
20,884,0.901107004751645
20,885,0.918413264650904
20,886,0.921330460467174
20,887,0.896386181704028
20,888,0.920378419257716
20,889,0.933847405145475
20,890,0.942469428233045
20,891,0.907455087684251
20,892,0.920989141136685
20,893,0.951542928896563
20,894,0.928437664987657
20,895,0.903854111670781
20,896,0.933264650903954
20,897,0.918811660792512
20,898,0.935118505729085
20,899,0.90010816055707
20,900,0.884680869279833
20,901,0.927911987557255
20,902,0.942399223755369
20,903,0.946475078837345
20,904,0.887123186027597
20,905,0.947777571667071
20,906,0.916004623221701
20,907,0.941588733037485
20,908,0.944251366276166
20,909,0.881335597380174
20,910,0.920590744995077
20,911,0.905544156048002
20,912,0.961782508811233
20,913,0.944261069334056
20,914,0.896604215122501
20,915,0.939556798561664
20,916,0.901597865327264
20,917,0.942105278178108
20,918,0.921472581726859
20,919,0.950505272470427
20,920,0.939361025099528
20,921,0.919390990425365
20,922,0.964241948602332
20,923,0.923632939027696
20,924,0.91890697906708
20,925,0.947371755540018
20,926,0.9443398353334
20,927,0.968871448752158
20,928,0.894279476605642
20,929,0.940010559210057
20,930,0.933910760405816
20,931,0.948036700389549
20,932,0.959824774189866
20,933,0.900497424408898
20,934,0.946321542215436
20,935,0.906586378619027
20,936,0.828612605413735
20,937,0.875700403818439
20,938,0.929062085301294
20,939,0.927315534881066
20,940,0.886660863857536
20,941,0.937935246357786
20,942,0.960065638332786
20,943,0.953364820707467
20,944,0.92414491802343
20,945,0.949970462750246
20,946,0.865339821064197
20,947,0.942274225539019
20,948,0.913577146444828
20,949,0.928550677073672
20,950,0.941142963142649
20,951,0.89510651959875
20,952,0.942835861360426
20,953,0.895564846392032
20,954,0.927989612020376
20,955,0.963557026868909
20,956,0.871763816155591
20,957,0.937551690187069
20,958,0.953970405673435
20,959,0.97199183801601
20,960,0.918480044519913
20,961,0.892644796735206
20,962,0.897250324624363
20,963,0.948077795693555
20,964,0.958759720894394
20,965,0.960817339935218
20,966,0.868501876400166
20,967,0.950520683209429
20,968,0.951659365591244
20,969,0.840720880124427
20,970,0.885713959561079
20,971,0.939955765471383
20,972,0.919296242918908
20,973,0.976927840641543
20,974,0.930004423452862
20,975,0.941259970605442
20,976,0.959627859191507
20,977,0.930510123999372
20,978,0.938165265906594
20,979,0.905521896091665
20,980,0.878131305203978
20,981,0.93204491945035
20,982,0.953787759877856
20,983,0.919517130177937
20,984,0.947142877527433
20,985,0.955579400978867
20,986,0.969304661748548
20,987,0.790300937486623
20,988,0.960131276665573
20,989,0.965267048130021
20,990,0.889679656397597
20,991,0.958138725189424
20,992,0.952702158930381
20,993,0.873943008804098
20,994,0.936667570382843
20,995,0.930296656725789
20,996,0.879539390134273
20,997,0.94673706140038
20,998,0.90329532968993
20,999,0.845227094362238
20,1000,0.94666000770537
10,1,0.906560694054023
10,2,0.746943679456629
10,3,0.920656383327864
10,4,0.889316647878883
10,5,0.885305860361582
10,6,0.934535180719453
10,7,0.849584338123029
10,8,0.879249439933791
10,9,0.872214152195317
10,10,0.926112926470798
10,11,0.950245572979838
10,12,0.801206033018935
10,13,0.780508839771122
10,14,0.900394686148885
10,15,0.923569583767355
10,16,0.948501876400166
10,17,0.823281060487151
10,18,0.863418615601946
10,19,0.829217048843481
10,20,0.90299681796778
10,21,0.827157146730212
10,22,0.835510908805525
10,23,0.872300338180106
10,24,0.910129707053267
10,25,0.902626960231732
10,26,0.798613033489819
10,27,0.835350522966282
10,28,0.913564589546382
10,29,0.761780225738788
10,30,0.860929495869066
10,31,0.891195616500906
10,32,0.924074142777643
10,33,0.811697892438749
10,34,0.907484196857922
10,35,0.839622151510395
10,36,0.937091651089454
10,37,0.908954495512336
10,38,0.923857250895393
10,39,0.838054822277079
10,40,0.836049713902484
10,41,0.892123685449694
10,42,0.756291719581627
10,43,0.826957948659408
10,44,0.874060587035002
10,45,0.785372354846535
10,46,0.862627530999843
10,47,0.848644283043906
10,48,0.930163096987771
10,49,0.923519926941682
10,50,0.882154078851615
10,51,0.897245758479474
10,52,0.888667113768354
10,53,0.898999158117036
10,54,0.961216877613048
10,55,0.850633409911388
10,56,0.937552831723292
10,57,0.754109102324453
10,58,0.802126111214166
10,59,0.868890569483883
10,60,0.912131390819195
10,61,0.865888899987158
10,62,0.864948844908035
10,63,0.899065937986045
10,64,0.893395927569527
10,65,0.877454374224112
10,66,0.897893580285669
10,67,0.929980451192192
10,68,0.854185299867296
10,69,0.878172400507984
10,70,0.88172828584067
10,71,0.863053324010788
10,72,0.930631126838943
10,73,0.859349609737304
10,74,0.914029194788887
10,75,0.845910303791327
10,76,0.919583910046946
10,77,0.930754983519071
10,78,0.944086414292034
10,79,0.876295714958405
10,80,0.822528217348497
10,81,0.889986729641415
10,82,0.919595896177281
10,83,0.801190622279933
10,84,0.915583967123757
10,85,0.645962814457556
10,86,0.89018193233544
10,87,0.908778698934091
10,88,0.87826714801444
10,89,0.943523636934404
10,90,0.893608824074999
10,91,0.866035587391732
10,92,0.862919193504659
10,93,0.86079194075427
10,94,0.921249982163497
10,95,0.827009317789415
10,96,0.938104193718697
10,97,0.922179192648507
10,98,0.909725032462436
10,99,0.853627088654557
10,100,0.898551675917867
10,101,0.798186669710763
10,102,0.90494656183559
10,103,0.879303662904354
10,104,0.810794937286854
10,105,0.888068948787831
10,106,0.832411067193676
10,107,0.906276451534653
10,108,0.890640829896834
10,109,0.937347925971376
10,110,0.889606598079365
10,111,0.933646494770337
10,112,0.929381144675447
10,113,0.866714801444043
10,114,0.815252065467102
10,115,0.942864970534096
10,116,0.805639759706625
10,117,0.688433098842768
10,118,0.846381758251166
10,119,0.76621966010759
10,120,0.912786061842725
10,121,0.847239622722278
10,122,0.912441317903569
10,123,0.906513891068906
10,124,0.918470341462023
10,125,0.767562106705098
10,126,0.8858732038641
10,127,0.863735391903654
10,128,0.877683823004809
10,129,0.889846891454174
10,130,0.766264180020262
10,131,0.916284299596182
10,132,0.938471197614189
10,133,0.902678329361739
10,134,0.913042336724647
10,135,0.933708708494456
10,136,0.900746279305375
10,137,0.880299082490261
10,138,0.925076411580885
10,139,0.921775088825787
10,140,0.84423167477633
10,141,0.81009003866954
10,142,0.953945862644654
10,143,0.89442787631455
10,144,0.882578159558225
10,145,0.869515560565631
10,146,0.896403875515475
10,147,0.9005944549878
10,148,0.92533382799903
10,149,0.944919164966253
10,150,0.80029851172215
10,151,0.884865227379746
10,152,0.862629243304177
10,153,0.838256303420328
10,154,0.879510280960603
10,155,0.525864071574321
10,156,0.909343759364164
10,157,0.864727386880895
10,158,0.866993907050413
10,159,0.883291048929096
10,160,0.858254305731939
10,161,0.928770993564589
10,162,0.781885532455302
10,163,0.855188710206761
10,164,0.763515931564903
10,165,0.895282886945106
10,166,0.876214665886617
10,167,0.871793496097373
10,168,0.94282844137498
10,169,0.858222913485824
10,170,0.918154706696537
10,171,0.758816797705512
10,172,0.906580670937915
10,173,0.925388050969592
10,174,0.946082961144961
10,175,0.899653829140566
10,176,0.895237225496212
10,177,0.946941396384184
10,178,0.950165665444272
10,179,0.902728556955523
10,180,0.83646637462365
10,181,0.767248755012057
10,182,0.938983747378034
10,183,0.858498594483526
10,184,0.892706439691214
10,185,0.749849459910675
10,186,0.896317118762575
10,187,0.876578815941553
10,188,0.911622265664017
10,189,0.890337181261683
10,190,0.88376935260627
10,191,0.872888800102738
10,192,0.930434211840585
10,193,0.693396498337638
10,194,0.76265749632568
10,195,0.907279291106006
10,196,0.893346270743854
10,197,0.947542985973374
10,198,0.943582426049857
10,199,0.908889427947661
10,200,0.91143105834677
10,201,0.902246828669682
10,202,0.876921847576376
10,203,0.925158602188896
10,204,0.909330060929496
10,205,0.903757081091879
10,206,0.897199526262468
10,207,0.931659080207189
10,208,0.860424936858778
10,209,0.843040481728286
10,210,0.869100612148799
10,211,0.887957078238039
10,212,0.943740528816655
10,213,0.903279918950928
10,214,0.940419229177666
10,215,0.937231489276694
10,216,0.842506242776216
10,217,0.905936844508497
10,218,0.940287952512093
10,219,0.873037199811647
10,220,0.878436666143463
10,221,0.832652502104707
10,222,0.917417845064996
10,223,0.82343973402206
10,224,0.917496040296229
10,225,0.946704527618042
10,226,0.909513277493187
10,227,0.943379803370386
10,228,0.725348097201809
10,229,0.801263109830054
10,230,0.850704185157175
10,231,0.865320414948417
10,232,0.766949672521796
10,233,0.914123371527233
10,234,0.876640458897561
10,235,0.909204491945035
10,236,0.875689559224326
10,237,0.935595097101925
10,238,0.827413992380246
10,239,0.886944535608796
10,240,0.868573222414064
10,241,0.932686462807323
10,242,0.928695652173913
10,243,0.921816184129793
10,244,0.905683423467131
10,245,0.933789186798134
10,246,0.866119490304077
10,247,0.924783036771736
10,248,0.759168390862003
10,249,0.900171515817411
10,250,0.771559766555843
10,251,0.908685663731967
10,252,0.865796435553146
10,253,0.869148556670139
10,254,0.836397882450308
10,255,0.891248127167135
10,256,0.887630028110329
10,257,0.78640487435967
10,258,0.847987899716043
10,259,0.823649205918865
10,260,0.905815841668926
10,261,0.862986544141779
10,262,0.918657553402491
10,263,0.894850815484939
10,264,0.922234557155292
10,265,0.90622679470898
10,266,0.809746436266606
10,267,0.847782993964127
10,268,0.92197371612848
10,269,0.8205944549878
10,270,0.905459111599435
10,271,0.89316647878883
10,272,0.942396940682924
10,273,0.915050298939798
10,274,0.782475706682268
10,275,0.781887815527746
10,276,0.831735848518143
10,277,0.880015410739002
10,278,0.593609109459055
10,279,0.92167520440633
10,280,0.835207830938485
10,281,0.837585650889685
10,282,0.90655898174969
10,283,0.827300980294231
10,284,0.895766898303392
10,285,0.942547623464277
10,286,0.927454802300196
10,287,0.928860604158046
10,288,0.827867753028638
10,289,0.910919079351037
10,290,0.737524864085844
10,291,0.920063355260342
10,292,0.940948331216735
10,293,0.835408170545512
10,294,0.837775716670709
10,295,0.922292204734521
10,296,0.888454217262881
10,297,0.882804183730255
10,298,0.738653272641657
10,299,0.924752215293732
10,300,0.842229420242291
10,301,0.901224582982549
10,302,0.878934375936416
10,303,0.931658509439078
10,304,0.938656126482213
10,305,0.93237196957806
10,306,0.878727187112056
10,307,0.924680869279833
10,308,0.923310455044877
10,309,0.916773447867468
10,310,0.875979509424808
10,311,0.88388978467773
10,312,0.886671708451649
10,313,0.959999429231889
10,314,0.791285512478418
10,315,0.727408570083189
10,316,0.969858877584509
10,317,0.840853298326222
10,318,0.906402020519114
10,319,0.74824902612691
10,320,0.748960203193448
10,321,0.91831965868067
10,322,0.815489505001356
10,323,0.937196672421912
10,324,0.748654842253963
10,325,0.814423880937772
10,326,0.933861674348254
10,327,0.713919036543428
10,328,0.898689801800773
10,329,0.954090266976784
10,330,0.959993721550777
10,331,0.920469171387395
10,332,0.896414149341476
10,333,0.952633666757038
10,334,0.93764814999786
10,335,0.913475549721037
10,336,0.849169389706197
10,337,0.863502518514291
10,338,0.540045376064839
10,339,0.937303976826815
10,340,0.890398824217691
10,341,0.828919678657553
10,342,0.930899958619312
10,343,0.877512021803342
10,344,0.89732566601504
10,345,0.910285526747621
10,346,0.679235170731011
10,347,0.874603958276851
10,348,0.919596466945392
10,349,0.952547480772249
10,350,0.924537606483926
10,351,0.844479958904696
10,352,0.909646837231204
10,353,0.85545297584224
10,354,0.928136299424951
10,355,0.914597679827628
10,356,0.900148685092964
10,357,0.948864314150768
10,358,0.835794580556784
10,359,0.82797448666543
10,360,0.908917395585109
10,361,0.810626560694054
10,362,0.926995333970691
10,363,0.870566344658324
10,364,0.939835904168034
10,365,0.93328177394729
10,366,0.800280817910703
10,367,0.893502661206318
10,368,0.913545183430602
10,369,0.943172614546025
10,370,0.900283386367204
10,371,0.928692227565246
10,372,0.877040567343503
10,373,0.868587491616843
10,374,0.755608510152538
10,375,0.93787931108289
10,376,0.948137155577118
10,377,0.908255875344244
10,378,0.905261625832965
10,379,0.936484924587263
10,380,0.798432670766684
10,381,0.902164638061672
10,382,0.930732152794623
10,383,0.845610650532955
10,384,0.818762860119005
10,385,0.894270344315863
10,386,0.868983604686006
10,387,0.927314393344844
10,388,0.815059716613633
10,389,0.864156048001598
10,390,0.906254762346428
10,391,0.905552717569669
10,392,0.796346513320301
10,393,0.899025984218262
10,394,0.894703557312253
10,395,0.95004922874959
10,396,0.898437522295629
10,397,0.881056491773805
10,398,0.950905951684479
10,399,0.931638532555186
10,400,0.922280789372298
10,401,0.876268318089068
10,402,0.9381298782837
10,403,0.887340648677958
10,404,0.866425422011672
10,405,0.851464448281275
10,406,0.883724832693597
10,407,0.915177009460482
10,408,0.898387865469956
10,409,0.857423838130164
10,410,0.923999372155078
10,411,0.812650504416318
10,412,0.882982834149056
10,413,0.899947203949715
10,414,0.708002454302878
10,415,0.909547523579858
10,416,0.931793781481429
10,417,0.775136770308643
10,418,0.836627901999115
10,419,0.870484724818424
10,420,0.826442545055008
10,421,0.922505101239994
10,422,0.908652559181519
10,423,0.844744795308286
10,424,0.768872019520269
10,425,0.851739558510866
10,426,0.814405616358214
10,427,0.903105263908905
10,428,0.917118762574735
10,429,0.847643726544998
10,430,0.875022902070461
10,431,0.851516958947504
10,432,0.855136770308643
10,433,0.907582939741157
10,434,0.842345286168862
10,435,0.848310954466974
10,436,0.923112969278406
10,437,0.876742055621352
10,438,0.936776587092079
10,439,0.661714302021946
10,440,0.772456443258515
10,441,0.940338750873989
10,442,0.869524122087299
10,443,0.928091208744168
10,444,0.886819537392446
10,445,0.873151924201995
10,446,0.931842296770879
10,447,0.93266591515532
10,448,0.908377448951927
10,449,0.877364763630656
10,450,0.950965311568043
10,451,0.890332615116793
10,452,0.869249011857708
10,453,0.886313266077824
10,454,0.835634194717541
10,455,0.82197628458498
10,456,0.899218903839842
10,457,0.848430815770323
10,458,0.893767497609908
10,459,0.914220402106134
10,460,0.938699504858663
10,461,0.936556841369273
10,462,0.811765813843981
10,463,0.871698748590916
10,464,0.912770080335612
10,465,0.848531270957892
10,466,0.763342988827214
10,467,0.817533996375623
10,468,0.897608766998188
10,469,0.822829012143092
10,470,0.912471568613462
10,471,0.896861060772535
10,472,0.905354661035088
10,473,0.826464805011344
10,474,0.919328205933134
10,475,0.798571938185814
10,476,0.694117378462065
10,477,0.821936330817197
10,478,0.862012242975985
10,479,0.897891867981336
10,480,0.862829582911203
10,481,0.933530628843767
10,482,0.938873589132575
10,483,0.883833278634723
10,484,0.959916667855767
10,485,0.899948345485938
10,486,0.895961530229306
10,487,0.85656026597794
10,488,0.832684465118934
10,489,0.763315591957877
10,490,0.958820222314179
10,491,0.884679727743611
10,492,0.960503988242177
10,493,0.920164381216021
10,494,0.89777828512721
10,495,0.927147729056378
10,496,0.864914598821364
10,497,0.822984831837445
10,498,0.941775374209843
10,499,0.739260569911959
10,500,0.918581070475592
10,501,0.910770679642128
10,502,0.886494770337181
10,503,0.930520968593485
10,504,0.910977297698378
10,505,0.843817867895721
10,506,0.933475264336981
10,507,0.80284014212126
10,508,0.928219631569184
10,509,0.807489619154978
10,510,0.926688831494984
10,511,0.832080021689188
10,512,0.940600733437023
10,513,0.738412979266848
10,514,0.953842553616529
10,515,0.883943436880182
10,516,0.88047202522795
10,517,0.867864328419971
10,518,0.880882978268004
10,519,0.732893080863572
10,520,0.895172728699647
10,521,0.955762046774447
10,522,0.818701217162997
10,523,0.939823347269588
10,524,0.966292718425822
10,525,0.814285184286754
10,526,0.815018621309627
10,527,0.919864157189538
10,528,0.927160285954824
10,529,0.812784064154336
10,530,0.89683480543942
10,531,0.89403290478161
10,532,0.794143919179235
10,533,0.721997117621039
10,534,0.919712903640074
10,535,0.84388521853284
10,536,0.872381958020005
10,537,0.914626218233187
10,538,0.893178464919165
10,539,0.736725788730184
10,540,0.913283200867568
10,541,0.934935859933505
10,542,0.883524493086571
10,543,0.931073472125112
10,544,0.909359170103166
10,545,0.914103394643341
10,546,0.880343031634823
10,547,0.918017151581741
10,548,0.868978467773005
10,549,0.861785648035844
10,550,0.91492130534667
10,551,0.939892980979153
10,552,0.933282915483512
10,553,0.869782109273555
10,554,0.894921590730726
10,555,0.869098899844466
10,556,0.858732038641001
10,557,0.905342674904753
10,558,0.910090894821706
10,559,0.896262325023901
10,560,0.861583025356373
10,561,0.840444628358614
10,562,0.916820821620696
10,563,0.828134301736562
10,564,0.898698363322441
10,565,0.872343145788445
10,566,0.90806580956322
10,567,0.930478731753257
10,568,0.915661020818767
10,569,0.909438506870621
10,570,0.928479901827885
10,571,0.891805767611764
10,572,0.866379760562777
10,573,0.817895863358114
10,574,0.946239922375537
10,575,0.838020576190408
10,576,0.914068007020448
10,577,0.800220316490918
10,578,0.663014511779227
10,579,0.844309870007563
10,580,0.878773419329062
10,581,0.91466617200097
10,582,0.882409782965426
10,583,0.870923074727815
10,584,0.641927483911474
10,585,0.930451905652031
10,586,0.885045590102881
10,587,0.824597822519656
10,588,0.904533325723092
10,589,0.907761019391847
10,590,0.849248155705541
10,591,0.864636634751217
10,592,0.88426535009489
10,593,0.880219745722806
10,594,0.846788145146331
10,595,0.896544284470827
10,596,0.820643541045362
10,597,0.86853783479117
10,598,0.943851828598336
10,599,0.810816626475079
10,600,0.879380145831252
10,601,0.737962643227123
10,602,0.818709778684665
10,603,0.91514276337381
10,604,0.941424922589575
10,605,0.92749532683609
10,606,0.768144290178508
10,607,0.921481714016638
10,608,0.922181475720951
10,609,0.876954381358714
10,610,0.920376136185271
10,611,0.940971161941182
10,612,0.866602930894251
10,613,0.88771221871834
10,614,0.854601960588462
10,615,0.872518371598579
10,616,0.736733208715629
10,617,0.852898788544684
10,618,0.91903711419643
10,619,0.944980807922261
10,620,0.651441046788716
10,621,0.779302235984076
10,622,0.893901628116037
10,623,0.878453789186798
10,624,0.916472653072873
10,625,0.850632268375166
10,626,0.84217120189495
10,627,0.87013598550249
10,628,0.904756496054565
10,629,0.864824417459797
10,630,0.932443886360069
10,631,0.828378019720038
10,632,0.82575990639403
10,633,0.902371826886032
10,634,0.920093035202123
10,635,0.93614132218433
10,636,0.911447039853883
10,637,0.89798547395157
10,638,0.888086642599278
10,639,0.848546681696894
10,640,0.940326764743654
10,641,0.908170830895678
10,642,0.895453546610351
10,643,0.943469984731953
10,644,0.765051868552104
10,645,0.909321499407828
10,646,0.902239979452348
10,647,0.932499821634965
10,648,0.915322555328834
10,649,0.934381073329433
10,650,0.891952455016338
10,651,0.872618826786147
10,652,0.877699804511922
10,653,0.844385211398239
10,654,0.967964498223484
10,655,0.891884533611107
10,656,0.73129378861603
10,657,0.908105763331003
10,658,0.815673292333157
10,659,0.92954153051469
10,660,0.854979809078067
10,661,0.901915783165194
10,662,0.932362837288281
10,663,0.875624491659651
10,664,0.936161869836332
10,665,0.883025641757395
10,666,0.890126567828655
10,667,0.95951370556927
10,668,0.942462008247599
10,669,0.841425207973631
10,670,0.804014212125968
10,671,0.868917395585109
10,672,0.758519998287696
10,673,0.884918308814087
10,674,0.850453047188254
10,675,0.877125041023958
10,676,0.925685991923631
10,677,0.860944335839957
10,678,0.887015881622694
10,679,0.917696950671366
10,680,0.897910132560894
10,681,0.843390362580443
10,682,0.714317432685036
10,683,0.931768096916425
10,684,0.689490732152795
10,685,0.866818110472168
10,686,0.835079408113469
10,687,0.9681694039754
10,688,0.734421027097216
10,689,0.909111456742912
10,690,0.602202594141065
10,691,0.938597337366761
10,692,0.910277535994064
10,693,0.929871434482955
10,694,0.570034674162755
10,695,0.897651574606527
10,696,0.88207017593927
10,697,0.823551033803741
10,698,0.843558739173242
10,699,0.886019320500564
10,700,0.870803784192577
10,701,0.730238438378448
10,702,0.867523009089482
10,703,0.837311111428205
10,704,0.901382685749347
10,705,0.915671294644768
10,706,0.81748947646295
10,707,0.853302321599292
10,708,0.831244987942524
10,709,0.885567842924616
10,710,0.86207731054066
10,711,0.90217833649634
10,712,0.747240478874445
10,713,0.868361467444814
10,714,0.778332500963171
10,715,0.879918950928212
10,716,0.898368459354176
10,717,0.797553117107347
10,718,0.916490917652431
10,719,0.937763445156319
10,720,0.759127295557997
10,721,0.922680897818239
10,722,0.870792368830353
10,723,0.890201338451221
10,724,0.89695523751088
10,725,0.926295572266377
10,726,0.842929181946605
10,727,0.939094476391604
10,728,0.792578873018364
10,729,0.783721122700875
10,730,0.863737674976099
10,731,0.903305603515932
10,732,0.849902826729071
10,733,0.73958819080778
10,734,0.902046489062656
10,735,0.789256431843153
10,736,0.896648735035174
10,737,0.917545697121902
10,738,0.849165394329419
10,739,0.913685021617842
10,740,0.957319102181761
10,741,0.749663389506428
10,742,0.910979010002711
10,743,0.655888471911074
10,744,0.889044962257959
10,745,0.925052439320215
10,746,0.800468600619283
10,747,0.852833150211898
10,748,0.895918722620967
10,749,0.895821692042066
10,750,0.798039411538077
10,751,0.859873574863372
10,752,0.800200339607026
10,753,0.810187640016552
10,754,0.805980508269003
10,755,0.806685406886317
10,756,0.818115609080921
10,757,0.888576361638675
10,758,0.873052610550649
10,759,0.895471240421798
10,760,0.939465475663875
10,761,0.881377834220402
10,762,0.818962058189809
10,763,0.716363065595525
10,764,0.897331944464263
10,765,0.940795936131048
10,766,0.920716313979538
10,767,0.747674262638946
10,768,0.875897889584909
10,769,0.870162811603716
10,770,0.892249825202266
10,771,0.943924316148457
10,772,0.801244274482385
10,773,0.945894607668269
10,774,0.859238880723734
10,775,0.881410938770851
10,776,0.852537492330304
10,777,0.760913228977897
10,778,0.831042936031164
10,779,0.848267576090524
10,780,0.929741870121716
10,781,0.920157531998687
10,782,0.937197813958134
10,783,0.889288109473324
10,784,0.926482213438735
10,785,0.857367902855267
10,786,0.918211212739544
10,787,0.766394315149613
10,788,0.76055364506785
10,789,0.923231118277422
10,790,0.943390647964498
10,791,0.889350893965554
10,792,0.832774646480501
10,793,0.631666214808579
10,794,0.903062456300566
10,795,0.726565545582968
10,796,0.9020436352221
10,797,0.861555057718925
10,798,0.860249140280533
10,799,0.855580827899145
10,800,0.891957591929339
10,801,0.846538719481743
10,802,0.881515389335198
10,803,0.893604828698221
10,804,0.786480786518457
10,805,0.945355231803199
10,806,0.941072758664973
10,807,0.783657767440533
10,808,0.866144604100969
10,809,0.897083660335897
10,810,0.903202294487807
10,811,0.92928639716899
10,812,0.754846534724105
10,813,0.833745523037628
10,814,0.851589446497624
10,815,0.826462521938899
10,816,0.88439548522424
10,817,0.869435082261954
10,818,0.903042479416675
10,819,0.903134373082576
10,820,0.791155948117179
10,821,0.79928254448424
10,822,0.84100626418002
10,823,0.912890512407072
10,824,0.877383598978325
10,825,0.941357001184344
10,826,0.889665387194817
10,827,0.898902127538134
10,828,0.913431600576476
10,829,0.929564932007249
10,830,0.889554087413136
10,831,0.923171758393859
10,832,0.873329433084574
10,833,0.813484396626761
10,834,0.911000128422825
10,835,0.895893608824075
10,836,0.889386852356559
10,837,0.828367745894037
10,838,0.901402662633239
10,839,0.821912929324639
10,840,0.898845050727016
10,841,0.854326279590759
10,842,0.955844808150569
10,843,0.942930038098771
10,844,0.869644554158759
10,845,0.791258115609081
10,846,0.818454645338965
10,847,0.899999143847833
10,848,0.938613889641986
10,849,0.847193390505272
10,850,0.935109373439306
10,851,0.760786518457214
10,852,0.898766855495783
10,853,0.611121987414563
10,854,0.807853198441803
10,855,0.925272755811133
10,856,0.929828056106505
10,857,0.937834791170217
10,858,0.909659964897761
10,859,0.891819466046432
10,860,0.933567158002882
10,861,0.841662647507884
10,862,0.751817468358043
10,863,0.82975585394044
10,864,0.583772491830881
10,865,0.880813915326551
10,866,0.845658595054294
10,867,0.860711462450593
10,868,0.775971233287196
10,869,0.820654385639474
10,870,0.944755354518343
10,871,0.686954809434797
10,872,0.901381544213125
10,873,0.794768339492873
10,874,0.928735605941696
10,875,0.84805410881694
10,876,0.872988684522196
10,877,0.843827570953611
10,878,0.864708551533226
10,879,0.917974914741513
10,880,0.917579943208573
10,881,0.883041052496397
10,882,0.902592714145061
10,883,0.900817625319273
10,884,0.867812388521853
10,885,0.942073885931993
10,886,0.927356630185072
10,887,0.846917138739459
10,888,0.842519370442773
10,889,0.817306830667371
10,890,0.796194118234614
10,891,0.849843466845507
10,892,0.860027682253392
10,893,0.935781738274283
10,894,0.860087612905067
10,895,0.898966624334698
10,896,0.878499450635693
10,897,0.956006335526034
10,898,0.904114381929482
10,899,0.929919379004295
10,900,0.783727971918209
10,901,0.862365548436809
10,902,0.897067108060673
10,903,0.834012642513663
10,904,0.803871520098172
10,905,0.804204277906993
10,906,0.883524493086571
10,907,0.867774717826515
10,908,0.760610151110858
10,909,0.839374438150141
10,910,0.859788530414806
10,911,0.930554643912045
10,912,0.925469100041381
10,913,0.869178807380032
10,914,0.944867795836247
10,915,0.929676802557041
10,916,0.824927726487921
10,917,0.887603202009104
10,918,0.92644111813473
10,919,0.871595439562792
10,920,0.94649163111257
10,921,0.857640159244303
10,922,0.849365163168334
10,923,0.943426035587392
10,924,0.84202166064982
10,925,0.946341519099328
10,926,0.884201424066437
10,927,0.769994720394972
10,928,0.921022245687134
10,929,0.8803367531856
10,930,0.727996461237711
10,931,0.90814800017123
10,932,0.904076711234143
10,933,0.853681882393231
10,934,0.634559438364179
10,935,0.867613761219161
10,936,0.838139866725646
10,937,0.887465646894308
10,938,0.912359127295558
10,939,0.738561949743868
10,940,0.905975085971947
10,941,0.881171216164153
10,942,0.890184215407885
10,943,0.9285980508269
10,944,0.801014825701688
10,945,0.88234928154564
10,946,0.816703528773847
10,947,0.681791070332901
10,948,0.731312053195588
10,949,0.816765742497967
10,950,0.909903112113126
10,951,0.840941767383456
10,952,0.882692883948574
10,953,0.890352021232574
10,954,0.900934632782067
10,955,0.756553702144661
10,956,0.812004965682567
10,957,0.910568627730769
10,958,0.921483426320971
10,959,0.912452733265792
10,960,0.667493899915812
10,961,0.885962243689445
10,962,0.956493200724876
10,963,0.849278977183545
10,964,0.945255918151853
10,965,0.846264750788373
10,966,0.869858592200454
10,967,0.714208415975799
10,968,0.925744781039083
10,969,0.824125226523594
10,970,0.900912943593841
10,971,0.8330246429132
10,972,0.92257530571767
10,973,0.883649491302921
10,974,0.909944778185243
10,975,0.902984831837445
10,976,0.934542029936787
10,977,0.903633795179863
10,978,0.898306816398168
10,979,0.860504273626232
10,980,0.937010031249554
10,981,0.901844437151296
10,982,0.872308328933662
10,983,0.710888257873033
10,984,0.909686220230876
10,985,0.879934361667214
10,986,0.931217305689131
10,987,0.846256189266706
10,988,0.719710620567629
10,989,0.941445470241578
10,990,0.893943294188154
10,991,0.909306088668826
10,992,0.795235798575934
10,993,0.858886716799132
10,994,0.886083817297128
10,995,0.873473266648592
10,996,0.891876542857551
10,997,0.845383484824703
10,998,0.897329661391818
10,999,0.913341419214909
10,1000,0.88917566815542
