"feature_name","logFC","AveExpr","t","P.Value","adj.P.Val","B","Alignment ID","Average Rt(min)","Average Mz","Metabolite name","Adduct type","Post curation result","Fill %","MS/MS assigned","Formula","Ontology","INCHIKEY","SMILES","Annotation tag (VS1.0)","RT matched","m/z matched","MS/MS matched","Total score","RT similarity","Dot product","Reverse dot product","Fragment presence %","S/N average","blank_mean","sample_to_blank_ratio","number_detected","comparison","higher_in","result_category","leaf_detected_n","root_detected_n","exudate_detected_n","soil_detected_n","leaf_present","root_present","exudate_present","soil_present","plant_pattern","RT_flag","MSMS_flag","annotation_flag","evidence_tier"
"F2594_mz265.0235_rt0.44",-7.45164633391679,16.2148553609236,-15.6378236223007,2.13968372527795e-05,0.0296560164323523,2.60037527257724,2594,0.443,265.02347,"Unknown","[M+H]+",NA,0.214,FALSE,"null","null","null","null",999,FALSE,FALSE,FALSE,"null","null","null","null","null",195.81,622.666666666667,3125.54302512026,24,"Exudate vs Soil","Soil","Soil enriched - FDR supported",3,3,3,3,TRUE,TRUE,TRUE,TRUE,"Leaf + Root + Exudate","Very early RT","No MS/MS assignment","Unknown","Tier 1: FDR + >=2-fold"
"F1906_mz212.852_rt0.43",-3.37218661726751,16.3956383402032,-6.1668836869941,0.00170618502352914,0.082947833545563,-0.541701676409275,1906,0.43,212.85202,"Unknown","[M+H]+",NA,0.429,FALSE,"null","null","null","null",999,FALSE,FALSE,FALSE,"null","null","null","null","null",9298.76,0,1557993,18,"Exudate vs Soil","Soil","Soil enriched - exploratory",3,0,3,3,TRUE,FALSE,TRUE,TRUE,"Leaf + Exudate","Very early RT","No MS/MS assignment","Unknown","Tier 3: exploratory + >=2-fold"
"F1209_mz164.921_rt0.43",-3.0776250004549,16.2330897117532,-6.13685520113326,0.00174363783455864,0.082947833545563,-0.561944860323425,1209,0.428,164.92101,"Unknown","[M+H]+","similar chromatogram in higher mz_2567",0.321,FALSE,"null","null","null","null",999,FALSE,FALSE,FALSE,"null","null","null","null","null",38.89,0,357997,15,"Exudate vs Soil","Soil","Soil enriched - exploratory",0,0,3,3,FALSE,FALSE,TRUE,TRUE,"Exudate only","Very early RT","No MS/MS assignment","Unknown","Tier 3: exploratory + >=2-fold"
"F1682_mz196.8781_rt0.43",-2.98585143501535,17.7844014870047,-5.53533253088503,0.00274493045121337,0.082947833545563,-0.992226651940189,1682,0.429,196.8781,"Unknown","[M+H]+","similar chromatogram in higher mz_3665",0.536,TRUE,"null","null","null","null",999,FALSE,FALSE,FALSE,"null","null","null","null","null",1801.35,0,1192926,19,"Exudate vs Soil","Soil","Soil enriched - exploratory",3,0,3,3,TRUE,FALSE,TRUE,TRUE,"Leaf + Exudate","Very early RT","MS/MS available","Unknown","Tier 3: exploratory + >=2-fold"
"F1449_mz180.8948_rt0.43",-2.91148988789328,17.7329259270469,-5.88053462803079,0.00210614991285372,0.082947833545563,-0.739414990925213,1449,0.427,180.89479,"Unknown","[M+H]+","similar chromatogram in higher mz_2309",0.429,FALSE,"null","null","null","null",999,FALSE,FALSE,FALSE,"null","null","null","null","null",187.58,0,887399,17,"Exudate vs Soil","Soil","Soil enriched - exploratory",0,0,3,3,FALSE,FALSE,TRUE,TRUE,"Exudate only","Very early RT","No MS/MS assignment","Unknown","Tier 3: exploratory + >=2-fold"
"F1034_mz150.4944_rt0.44",-2.60113731906855,15.6447028714943,-6.78839129604107,0.00110861688816779,0.082947833545563,-0.146982779343137,1034,0.438,150.49442,"Unknown","[M+H]+","ion correlated with 4226; ion correlated with 808; ion correlated with 1802; ion correlated with 2160; ion correlated with 3219; ion correlated with 1143; ion correlated with 1127; ion correlated with 327; similar chromatogram in higher mz_2795",0.071,FALSE,"null","null","null","null",999,FALSE,FALSE,FALSE,"null","null","null","null","null",2160.65,0,207134,7,"Exudate vs Soil","Soil","Soil enriched - exploratory",0,1,3,3,FALSE,FALSE,TRUE,TRUE,"Exudate only","Very early RT","No MS/MS assignment","Unknown","Tier 3: exploratory + >=2-fold"
"F808_mz136.484_rt0.43",-2.33508567226669,15.7594423844169,-6.50435995454528,0.00134439125059406,0.082947833545563,-0.321771955208685,808,0.433,136.48401,"Unknown","[M+H]+","ion correlated with 4226; ion correlated with 3231; ion correlated with 1802; ion correlated with 2160; ion correlated with 3219; ion correlated with 1143; ion correlated with 1034; ion correlated with 1127; ion correlated with 327; ion correlated with 946; ion correlated with 1503; similar chromatogram in higher mz_1143; similar chromatogram in higher mz_2160; similar chromatogram in higher mz_3219",0.071,FALSE,"null","null","null","null",999,FALSE,FALSE,FALSE,"null","null","null","null","null",3392.49,0,183577,6,"Exudate vs Soil","Soil","Soil enriched - exploratory",0,0,3,3,FALSE,FALSE,TRUE,TRUE,"Exudate only","Very early RT","No MS/MS assignment","Unknown","Tier 3: exploratory + >=2-fold"
"F1744_mz201.0526_rt0.5",-2.27304838192567,17.7523218010417,-5.60985207680143,0.00258961910883976,0.082947833545563,-0.936263700273659,1744,0.501,201.05261,"Unknown","[M+H]+","ion correlated with 946; ion correlated with 574; ion correlated with 904",0.071,TRUE,"null","null","null","null",999,FALSE,FALSE,FALSE,"null","null","null","null","null",87.84,24082.3333333333,25.9474878892734,8,"Exudate vs Soil","Soil","Soil enriched - exploratory",0,1,3,3,FALSE,FALSE,TRUE,TRUE,"Exudate only","Early RT","MS/MS available","Unknown","Tier 3: exploratory + >=2-fold"
"F4226_mz414.3914_rt0.4",-2.26777223848162,15.3814874176334,-8.14641435715457,0.000480077012342757,0.082947833545563,0.574894548342009,4226,0.398,414.39142,"Unknown","[M+2H]2+","ion correlated with 808; ion correlated with 1034; ion correlated with 1127",0.036,FALSE,"null","null","null","null",999,FALSE,FALSE,FALSE,"null","null","null","null","null",141.12,0,158401,9,"Exudate vs Soil","Soil","Soil enriched - exploratory",1,0,3,3,FALSE,FALSE,TRUE,TRUE,"Exudate only","Very early RT","No MS/MS assignment","Unknown","Tier 3: exploratory + >=2-fold"
"F3537_mz337.1051_rt2.67",2.08906200217763,14.2414708002047,6.67829054419197,0.00119369202881885,0.082947833545563,-0.213657830094391,3537,2.671,337.10507,"Unknown","[M+H]+",NA,0.214,TRUE,"null","null","null","null",999,FALSE,FALSE,FALSE,"null","null","null","null","null",923.6,8617.33333333333,21.0754206149681,24,"Exudate vs Soil","Exudate","Exudate enriched - exploratory",3,3,3,3,TRUE,TRUE,TRUE,TRUE,"Leaf + Root + Exudate","RT >= 1 min","MS/MS available","Unknown","Tier 3: exploratory + >=2-fold"
"F1802_mz204.9095_rt0.43",-1.92866115124911,16.3598058108729,-9.51191916854723,0.000232323320501293,0.082947833545563,1.14596321484403,1802,0.433,204.90947,"Unknown","[M+H]+","ion correlated with 371; ion correlated with 4024; ion correlated with 808; ion correlated with 1143; ion correlated with 2056; ion correlated with 1034; ion correlated with 1127; ion correlated with 327; ion correlated with 946; ion correlated with 574; ion correlated with 1503",0.071,FALSE,"null","null","null","null",999,FALSE,FALSE,FALSE,"null","null","null","null","null",67.37,0,208414,8,"Exudate vs Soil","Soil","Soil enriched - exploratory",0,0,3,3,FALSE,FALSE,TRUE,TRUE,"Exudate only","Very early RT","No MS/MS assignment","Unknown","Tier 3: exploratory + >=2-fold"
"F574_mz119.9606_rt0.47",-1.84086748607796,17.4370994134396,-6.26149999417903,0.00159423720542397,0.082947833545563,-0.47864989300628,574,0.474,119.96062,"Unknown","[M+H]+","ion correlated with 2056; ion correlated with 327; ion correlated with 946; ion correlated with 904; ion correlated with 1503; ion correlated with 3866; ion correlated with 1744; found in higher mz's MsMs_904; found in higher mz's MsMs_1158",0.143,FALSE,"null","null","null","null",999,FALSE,FALSE,FALSE,"null","null","null","null","null",137.92,3424.66666666667,133.285589179722,8,"Exudate vs Soil","Soil","Soil enriched - exploratory",1,0,3,3,FALSE,FALSE,TRUE,TRUE,"Exudate only","Very early RT","No MS/MS assignment","Unknown","Tier 3: exploratory + >=2-fold"
"F327_mz101.9501_rt0.47",-1.7624970576454,17.3406144871322,-6.24103305647487,0.00161769920033465,0.082947833545563,-0.492195396673849,327,0.473,101.95007,"Unknown","[M+H]+","ion correlated with 2056; ion correlated with 946; ion correlated with 574; ion correlated with 904; ion correlated with 1503; ion correlated with 3866; ion correlated with 1744; found in higher mz's MsMs_904; found in higher mz's MsMs_1158",0.107,FALSE,"null","null","null","null",999,FALSE,FALSE,FALSE,"null","null","null","null","null",357.05,1816.33333333333,224.937820983125,6,"Exudate vs Soil","Soil","Soil enriched - exploratory",0,0,3,3,FALSE,FALSE,TRUE,TRUE,"Exudate only","Very early RT","No MS/MS assignment","Unknown","Tier 3: exploratory + >=2-fold"
"F1158_mz160.9872_rt0.48",-1.65101509559587,18.2978786102462,-6.00659979344788,0.0019177636519261,0.082947833545563,-0.651073054263695,1158,0.475,160.98715,"Unknown","[M+H]+","ion correlated with 904",0.214,TRUE,"null","null","null","null",999,FALSE,FALSE,FALSE,"null","null","null","null","null",140.8,107298.666666667,7.10565115144813,6,"Exudate vs Soil","Soil","Soil enriched - exploratory",0,0,3,3,FALSE,FALSE,TRUE,TRUE,"Exudate only","Very early RT","MS/MS available","Unknown","Tier 3: exploratory + >=2-fold"
"F2296_mz241.9999_rt0.39",-1.61139311169622,21.7279184829689,-6.78233897260032,0.00111310292016522,0.082947833545563,-0.150613137656638,2296,0.393,241.99988,"Unknown","[M+H]+",NA,0.857,TRUE,"null","null","null","null",999,FALSE,FALSE,FALSE,"null","null","null","null","null",1384.11,0,10563256,24,"Exudate vs Soil","Soil","Soil enriched - exploratory",3,3,3,3,TRUE,TRUE,TRUE,TRUE,"Leaf + Root + Exudate","Very early RT","MS/MS available","Unknown","Tier 3: exploratory + >=2-fold"
"F2922_mz288.0046_rt0.49",1.61118658373413,17.3427169764915,6.70516275718251,0.00117223474156512,0.082947833545563,-0.197260166963181,2922,0.491,288.00458,"Unknown","[M+H]+","ion correlated with 2441; ion correlated with 2532; ion correlated with 1396; ion correlated with 2756; ion correlated with 3675; ion correlated with 4391",0.143,FALSE,"null","null","null","null",999,FALSE,FALSE,FALSE,"null","null","null","null","null",2238.35,0,290154,6,"Exudate vs Soil","Exudate","Exudate enriched - exploratory",0,0,3,3,FALSE,FALSE,TRUE,TRUE,"Exudate only","Very early RT","No MS/MS assignment","Unknown","Tier 3: exploratory + >=2-fold"
"F901_mz142.0865_rt0.96",-1.58500804851727,16.4849692861447,-5.60464412840691,0.00260013137770772,0.082947833545563,-0.940149498706838,901,0.965,142.08653,"Unknown","[M+H]+",NA,0.357,FALSE,"null","null","null","null",999,FALSE,FALSE,FALSE,"null","null","null","null","null",27.75,34727.3333333333,9.09119354993521,24,"Exudate vs Soil","Soil","Soil enriched - exploratory",3,3,3,3,TRUE,TRUE,TRUE,TRUE,"Leaf + Root + Exudate","Early RT","No MS/MS assignment","Unknown","Tier 3: exploratory + >=2-fold"
"F231_mz91.5425_rt0.4",-1.57942794329447,20.5739684343772,-6.18225870015652,0.00168737670633966,0.082947833545563,-0.531380449393495,231,0.399,91.54252,"Unknown","[M+2H]2+","ion correlated with 16; similar chromatogram in higher mz_2177; similar chromatogram in higher mz_3304",0.857,FALSE,"null","null","null","null",999,FALSE,FALSE,FALSE,"null","null","null","null","null",250.37,3080,1184.4699772801,24,"Exudate vs Soil","Soil","Soil enriched - exploratory",3,3,3,3,TRUE,TRUE,TRUE,TRUE,"Leaf + Root + Exudate","Very early RT","No MS/MS assignment","Unknown","Tier 3: exploratory + >=2-fold"
"F2231_mz236.1049_rt0.52",1.57497180355801,19.8375074444652,5.98714642700281,0.00194549540952608,0.082947833545563,-0.664570366712295,2231,0.521,236.1049,"Unknown","[M+H]+","ion correlated with 2176; ion correlated with 2202",0.214,TRUE,"null","null","null","null",999,FALSE,FALSE,FALSE,"null","null","null","null","null",7038.67,77629.6666666667,546.109814849802,19,"Exudate vs Soil","Exudate","Exudate enriched - exploratory",3,3,3,3,TRUE,TRUE,TRUE,TRUE,"Leaf + Root + Exudate","Early RT","MS/MS available","Unknown","Tier 3: exploratory + >=2-fold"
"F3276_mz315.1151_rt0.44",1.49341827876813,14.6328464171406,7.29286690920625,0.000799882601506624,0.082947833545563,0.141965881036464,3276,0.438,315.11511,"Unknown","[M+H]+",NA,0.107,FALSE,"null","null","null","null",999,FALSE,FALSE,FALSE,"null","null","null","null","null",19.8,0,163754,24,"Exudate vs Soil","Exudate","Exudate enriched - exploratory",3,3,3,3,TRUE,TRUE,TRUE,TRUE,"Leaf + Root + Exudate","Very early RT","No MS/MS assignment","Unknown","Tier 3: exploratory + >=2-fold"
"F2223_mz235.0928_rt0.49",1.46700740284241,23.5099805225314,5.73555651195433,0.00235043050798903,0.082947833545563,-0.843609919868459,2223,0.486,235.09285,"Unknown","[M+H]+",NA,0.214,TRUE,"null","null","null","null",999,FALSE,FALSE,FALSE,"null","null","null","null","null",3339.32,0,19496869,21,"Exudate vs Soil","Exudate","Exudate enriched - exploratory",0,3,3,3,FALSE,TRUE,TRUE,TRUE,"Root + Exudate","Very early RT","MS/MS available","Unknown","Tier 3: exploratory + >=2-fold"
"F2534_mz260.0106_rt0.39",-1.44682233748634,16.8410081105234,-7.22696790106876,0.000833800221091115,0.082947833545563,0.105706055426046,2534,0.394,260.01056,"Unknown","[M+H]+",NA,0.179,FALSE,"null","null","null","null",999,FALSE,FALSE,FALSE,"null","null","null","null","null",106.41,0,312930,24,"Exudate vs Soil","Soil","Soil enriched - exploratory",3,3,3,3,TRUE,TRUE,TRUE,TRUE,"Leaf + Root + Exudate","Very early RT","No MS/MS assignment","Unknown","Tier 3: exploratory + >=2-fold"
"F2032_mz220.9814_rt0.39",-1.36731903457287,19.2164459629792,-5.68567743376296,0.00244208946127669,0.082947833545563,-0.88011447677086,2032,0.392,220.98143,"Unknown","[M+H]+","ion correlated with 1735; ion correlated with 772",0.643,FALSE,"null","null","null","null",999,FALSE,FALSE,FALSE,"null","null","null","null","null",181.23,2295.66666666667,776.393904208999,24,"Exudate vs Soil","Soil","Soil enriched - exploratory",3,3,3,3,TRUE,TRUE,TRUE,TRUE,"Leaf + Root + Exudate","Very early RT","No MS/MS assignment","Unknown","Tier 3: exploratory + >=2-fold"
"F2006_mz218.9839_rt0.39",-1.36262955496497,21.059083807086,-5.79744650461558,0.00224227247184447,0.082947833545563,-0.798785021026561,2006,0.391,218.9839,"Unknown","[M+H]+","found in higher mz's MsMs_2296",0.857,TRUE,"null","null","null","null",999,FALSE,FALSE,FALSE,"null","null","null","null","null",696.64,0,6654493,24,"Exudate vs Soil","Soil","Soil enriched - exploratory",3,3,3,3,TRUE,TRUE,TRUE,TRUE,"Leaf + Root + Exudate","Very early RT","MS/MS available","Unknown","Tier 3: exploratory + >=2-fold"
"F233_mz92.5225_rt0.39",-1.3350805398513,19.5606021189694,-6.47310821287693,0.00137380017970044,0.082947833545563,-0.341567257125454,233,0.394,92.52245,"Unknown","[M+H]2+","ion correlated with 273; ion correlated with 452; adduct linked to 1516_[M+H]+",0.679,FALSE,"null","null","null","null",999,FALSE,FALSE,FALSE,"null","null","null","null","null",189.17,2488.66666666667,634.356808140313,24,"Exudate vs Soil","Soil","Soil enriched - exploratory",3,3,3,3,TRUE,TRUE,TRUE,TRUE,"Leaf + Root + Exudate","Very early RT","No MS/MS assignment","Unknown","Tier 3: exploratory + >=2-fold"
"F2239_mz236.9593_rt0.4",-1.33079859814434,18.175667462118,-9.57011914855217,0.000225729140086979,0.082947833545563,1.16746432668555,2239,0.399,236.95926,"Unknown","[M+H]+",NA,0.286,FALSE,"null","null","null","null",999,FALSE,FALSE,FALSE,"null","null","null","null","null",211.99,3643.33333333333,152.361748833806,24,"Exudate vs Soil","Soil","Soil enriched - exploratory",3,3,3,3,TRUE,TRUE,TRUE,TRUE,"Leaf + Root + Exudate","Very early RT","No MS/MS assignment","Unknown","Tier 3: exploratory + >=2-fold"
"F222_mz90.526_rt0.4",-1.30258483774335,25.2498483073928,-5.53161624625901,0.00275295840050209,0.082947833545563,-0.995037982432802,222,0.396,90.52601,"Unknown","[M+2H]2+",NA,0.857,TRUE,"null","null","null","null",999,FALSE,FALSE,FALSE,"null","null","null","null","null",810.78,293752,287.8033756251,24,"Exudate vs Soil","Soil","Soil enriched - exploratory",3,3,3,3,TRUE,TRUE,TRUE,TRUE,"Leaf + Root + Exudate","Very early RT","MS/MS available","Unknown","Tier 3: exploratory + >=2-fold"
"F1974_mz216.951_rt0.39",-1.2946382200302,22.3754389022774,-6.31906951611883,0.00153036814194198,0.082947833545563,-0.440823093390044,1974,0.393,216.95103,"Unknown","[M+H]+","ion correlated with 343",0.857,TRUE,"null","null","null","null",999,FALSE,FALSE,FALSE,"null","null","null","null","null",545.53,814.666666666667,13418.6493665713,24,"Exudate vs Soil","Soil","Soil enriched - exploratory",3,3,3,3,TRUE,TRUE,TRUE,TRUE,"Leaf + Root + Exudate","Very early RT","MS/MS available","Unknown","Tier 3: exploratory + >=2-fold"
"F408_mz108.5367_rt0.41",-1.26083482578635,17.2900948603645,-6.61932537483034,0.00124242692402564,0.082947833545563,-0.249923578606039,408,0.41,108.53668,"Unknown","[M+H]+",NA,0.179,FALSE,"null","null","null","null",999,FALSE,FALSE,FALSE,"null","null","null","null","null",99.67,0,291737,23,"Exudate vs Soil","Soil","Soil enriched - exploratory",3,3,3,3,TRUE,TRUE,TRUE,TRUE,"Leaf + Root + Exudate","Very early RT","No MS/MS assignment","Unknown","Tier 3: exploratory + >=2-fold"
"F2219_mz234.9617_rt0.4",-1.2386713637945,21.0598800973401,-5.92319988601874,0.0020400468450807,0.082947833545563,-0.709284258657867,2219,0.398,234.9617,"Unknown","[M+H]+","ion correlated with 1709; ion correlated with 2507",0.857,FALSE,"null","null","null","null",999,FALSE,FALSE,FALSE,"null","null","null","null","null",3495.13,21151.6666666667,206.970972926975,24,"Exudate vs Soil","Soil","Soil enriched - exploratory",3,3,3,3,TRUE,TRUE,TRUE,TRUE,"Leaf + Root + Exudate","Very early RT","No MS/MS assignment","Unknown","Tier 3: exploratory + >=2-fold"
"F192_mz87.5344_rt0.39",-1.21799499259364,18.0454748127889,-6.0575197858404,0.00184735435917264,0.082947833545563,-0.615973618849437,192,0.39,87.53439,"Unknown","[M+H]+",NA,0.75,FALSE,"null","null","null","null",999,FALSE,FALSE,FALSE,"null","null","null","null","null",493.12,856,670.150525087515,24,"Exudate vs Soil","Soil","Soil enriched - exploratory",3,3,3,3,TRUE,TRUE,TRUE,TRUE,"Leaf + Root + Exudate","Very early RT","No MS/MS assignment","Unknown","Tier 3: exploratory + >=2-fold"
"F371_mz104.908_rt0.39",-1.19392450545356,16.9817118296689,-6.49977383244583,0.00134865997662793,0.082947833545563,-0.324669738418589,371,0.393,104.90804,"Unknown","[M+H]+","ion correlated with 20; ion correlated with 380; ion correlated with 4537; ion correlated with 3828; ion correlated with 1802; ion correlated with 1695",0.107,FALSE,"null","null","null","null",999,FALSE,FALSE,FALSE,"null","null","null","null","null",212.35,0,239396,8,"Exudate vs Soil","Soil","Soil enriched - exploratory",0,1,3,3,FALSE,FALSE,TRUE,TRUE,"Exudate only","Very early RT","No MS/MS assignment","Unknown","Tier 3: exploratory + >=2-fold"
"F1516_mz185.0239_rt0.4",-1.17516878457077,17.8880164991707,-6.94175756241044,0.00100177588559244,0.082947833545563,-0.0563167286323507,1516,0.401,185.02388,"Unknown","[M+H]+","adduct linked to 233_[M+H]2+",0.143,FALSE,"null","null","null","null",999,FALSE,FALSE,FALSE,"null","null","null","null","null",19.53,2009.66666666667,4243.43832891247,24,"Exudate vs Soil","Soil","Soil enriched - exploratory",3,3,3,3,TRUE,TRUE,TRUE,TRUE,"Leaf + Root + Exudate","Very early RT","No MS/MS assignment","Unknown","Tier 3: exploratory + >=2-fold"
"F306_mz99.5314_rt0.41",-1.13397313696546,23.3614645997908,-5.9179057539194,0.00204811493063617,0.082947833545563,-0.713010038540009,306,0.406,99.53137,"Unknown","[M+2H]2+","ion correlated with 142; similar chromatogram in higher mz_4287; similar chromatogram in higher mz_2241; similar chromatogram in higher mz_3740; similar chromatogram in higher mz_4157; similar chromatogram in higher mz_4261; similar chromatogram in higher mz_3168; similar chromatogram in higher mz_4596; similar chromatogram in higher mz_4140",0.857,TRUE,"null","null","null","null",999,FALSE,FALSE,FALSE,"null","null","null","null","null",465.42,129915.333333333,153.389389068349,24,"Exudate vs Soil","Soil","Soil enriched - exploratory",3,3,3,3,TRUE,TRUE,TRUE,TRUE,"Leaf + Root + Exudate","Very early RT","MS/MS available","Unknown","Tier 3: exploratory + >=2-fold"
"F2097_mz225.987_rt0.38",-1.09040722602468,18.3405922734652,-6.15848527204154,0.00171656336505596,0.082947833545563,-0.547351965604349,2097,0.384,225.98697,"Unknown","[M+H]+",NA,0.643,FALSE,"null","null","null","null",999,FALSE,FALSE,FALSE,"null","null","null","null","null",136.94,3931.33333333333,209.468763244893,24,"Exudate vs Soil","Soil","Soil enriched - exploratory",3,3,3,3,TRUE,TRUE,TRUE,TRUE,"Leaf + Root + Exudate","Very early RT","No MS/MS assignment","Unknown","Tier 3: exploratory + >=2-fold"
"F2414_mz250.9391_rt0.4",-1.0892207121779,19.1377793259701,-6.01805245938951,0.00190165542029559,0.082947833545563,-0.643149673431662,2414,0.401,250.93913,"Unknown","[M+H]+","ion correlated with 3606; ion correlated with 4464; ion correlated with 717; ion correlated with 770; ion correlated with 3634; ion correlated with 35; ion correlated with 1170",0.429,FALSE,"null","null","null","null",999,FALSE,FALSE,FALSE,"null","null","null","null","null",130.93,1010.66666666667,1000.60032948929,24,"Exudate vs Soil","Soil","Soil enriched - exploratory",3,3,3,3,TRUE,TRUE,TRUE,TRUE,"Leaf + Root + Exudate","Very early RT","No MS/MS assignment","Unknown","Tier 3: exploratory + >=2-fold"
"F2198_mz232.9286_rt0.4",-1.0665105670183,21.343956719876,-5.54358780342525,0.00272719563631684,0.082947833545563,-0.985988609405317,2198,0.397,232.92859,"Unknown","[M+H]+","ion correlated with 1709; ion correlated with 1936",0.821,TRUE,"null","null","null","null",999,FALSE,FALSE,FALSE,"null","null","null","null","null",958.51,5584,792.939122649955,24,"Exudate vs Soil","Soil","Soil enriched - exploratory",3,3,3,3,TRUE,TRUE,TRUE,TRUE,"Leaf + Root + Exudate","Very early RT","MS/MS available","Unknown","Tier 3: exploratory + >=2-fold"
"F898_mz142.0352_rt0.39",-1.0638208118798,17.5063110353534,-5.91424920951426,0.00205370935648902,0.082947833545563,-0.715585501362102,898,0.394,142.03519,"Unknown","[M+H]+","ion correlated with 1774",0.393,FALSE,"null","null","null","null",999,FALSE,FALSE,FALSE,"null","null","null","null","null",37.66,1782,251.316320807628,24,"Exudate vs Soil","Soil","Soil enriched - exploratory",3,3,3,3,TRUE,TRUE,TRUE,TRUE,"Leaf + Root + Exudate","Very early RT","No MS/MS assignment","Unknown","Tier 3: exploratory + >=2-fold"
"F504_mz115.0868_rt0.79",1.02549206854209,13.3327839297785,6.6446703890128,0.0012211959438275,0.082947833545563,-0.2342873352748,504,0.792,115.08684,"Unknown","[M+H]+","similar chromatogram in higher mz_1813",0.071,FALSE,"null","null","null","null",999,FALSE,FALSE,FALSE,"null","null","null","null","null",16.85,9178,31.9306024621418,19,"Exudate vs Soil","Exudate","Exudate enriched - exploratory",2,0,3,3,TRUE,FALSE,TRUE,TRUE,"Leaf + Exudate","Early RT","No MS/MS assignment","Unknown","Tier 3: exploratory + >=2-fold"
"F3219_mz309.9398_rt0.43",-2.23180587068173,15.2570283980827,-5.45006234954074,0.00293628158012001,0.0830907693331476,-1.05722709570073,3219,0.433,309.93985,"Unknown","[M+H]+","ion correlated with 4553; ion correlated with 3231; ion correlated with 808; ion correlated with 1802; ion correlated with 2160; ion correlated with 1143; ion correlated with 1034; ion correlated with 1127",0.071,FALSE,"null","null","null","null",999,FALSE,FALSE,FALSE,"null","null","null","null","null",1291.84,0,132202,7,"Exudate vs Soil","Soil","Soil enriched - exploratory",0,0,3,3,FALSE,FALSE,TRUE,TRUE,"Exudate only","Very early RT","No MS/MS assignment","Unknown","Tier 3: exploratory + >=2-fold"
"F2056_mz222.9204_rt0.43",-2.07295147649493,16.6408322720984,-5.49255455676822,0.00283903193409535,0.0830907693331476,-1.02470622837168,2056,0.434,222.92035,"Unknown","[M+H]+","ion correlated with 327; ion correlated with 946; ion correlated with 574; ion correlated with 904; ion correlated with 1503",0.107,FALSE,"null","null","null","null",999,FALSE,FALSE,FALSE,"null","null","null","null","null",91.99,0,268088,22,"Exudate vs Soil","Soil","Soil enriched - exploratory",1,3,3,3,FALSE,TRUE,TRUE,TRUE,"Root + Exudate","Very early RT","No MS/MS assignment","Unknown","Tier 3: exploratory + >=2-fold"
"F946_mz145.0096_rt0.47",-1.87106822014781,17.7875845652504,-5.37653138408976,0.0031139771463993,0.0830907693331476,-1.1141173210046,946,0.473,145.00964,"Unknown","[M+H]+","ion correlated with 1776; ion correlated with 327; ion correlated with 574; ion correlated with 904; ion correlated with 1503; ion correlated with 1158; ion correlated with 1744",0.107,TRUE,"null","null","null","null",999,FALSE,FALSE,FALSE,"null","null","null","null","null",44.45,12784.3333333333,48.669047867348,8,"Exudate vs Soil","Soil","Soil enriched - exploratory",0,2,3,3,FALSE,TRUE,TRUE,TRUE,"Root + Exudate","Very early RT","MS/MS available","Unknown","Tier 3: exploratory + >=2-fold"
"F513_mz116.0111_rt0.46",1.69813792654836,17.0160664270353,5.37516269716309,0.00311740260124363,0.0830907693331476,-1.11518369692763,513,0.456,116.01108,"Unknown","[M+H]+",NA,0.071,FALSE,"null","null","null","null",999,FALSE,FALSE,FALSE,"null","null","null","null","null",5.06,39955.6666666667,13.1248435805456,18,"Exudate vs Soil","Exudate","Exudate enriched - exploratory",1,3,3,3,FALSE,TRUE,TRUE,TRUE,"Root + Exudate","Very early RT","No MS/MS assignment","Unknown","Tier 3: exploratory + >=2-fold"
"F16_mz62.024_rt0.39",-1.30614634443827,21.0297774910788,-5.43334487068219,0.00297561157858866,0.0830907693331476,-1.07009261574356,16,0.389,62.02398,"Unknown","[M+2H]2+","ion correlated with 1061; similar chromatogram in higher mz_663; similar chromatogram in higher mz_49; similar chromatogram in higher mz_142; similar chromatogram in higher mz_174; similar chromatogram in higher mz_921; similar chromatogram in higher mz_2420; similar chromatogram in higher mz_373; similar chromatogram in higher mz_343; similar chromatogram in higher mz_64; similar chromatogram in higher mz_1974; similar chromatogram in higher mz_881; similar chromatogram in higher mz_187; similar chromatogram in higher mz_2274; similar chromatogram in higher mz_1246; similar chromatogram in higher mz_37; similar chromatogram in higher mz_54; similar chromatogram in higher mz_58; similar chromatogram in higher mz_69; similar chromatogram in higher mz_192; similar chromatogram in higher mz_202; similar chromatogram in higher mz_217; similar chromatogram in higher mz_237; similar chromatogram in higher mz_323; similar chromatogram in higher mz_371; similar chromatogram in higher mz_380; similar chromatogram in higher mz_427; similar chromatogram in higher mz_455; similar chromatogram in higher mz_497; similar chromatogram in higher mz_772; similar chromatogram in higher mz_844; similar chromatogram in higher mz_898; similar chromatogram in higher mz_1061; similar chromatogram in higher mz_1697; similar chromatogram in higher mz_1709; similar chromatogram in higher mz_1936; similar chromatogram in higher mz_2097; similar chromatogram in higher mz_2613; similar chromatogram in higher mz_3434; similar chromatogram in higher mz_3606; similar chromatogram in higher mz_3719; similar chromatogram in higher mz_3880; similar chromatogram in higher mz_4122; similar chromatogram in higher mz_4385; similar chromatogram in higher mz_4464; similar chromatogram in higher mz_4518; similar chromatogram in higher mz_4553; similar chromatogram in higher mz_4788; similar chromatogram in higher mz_35; similar chromatogram in higher mz_244; similar chromatogram in higher mz_266; similar chromatogram in higher mz_273; similar chromatogram in higher mz_390; similar chromatogram in higher mz_452; similar chromatogram in higher mz_494; similar chromatogram in higher mz_617; similar chromatogram in higher mz_691; similar chromatogram in higher mz_849; similar chromatogram in higher mz_989; similar chromatogram in higher mz_1037; similar chromatogram in higher mz_1181; similar chromatogram in higher mz_1315; similar chromatogram in higher mz_1353; similar chromatogram in higher mz_2006; similar chromatogram in higher mz_2032; similar chromatogram in higher mz_2320; similar chromatogram in higher mz_2549; similar chromatogram in higher mz_2661; similar chromatogram in higher mz_2822; similar chromatogram in higher mz_3457; similar chromatogram in higher mz_4537; similar chromatogram in higher mz_1473; similar chromatogram in higher mz_2461; similar chromatogram in higher mz_4217; similar chromatogram in higher mz_538; similar chromatogram in higher mz_1014; similar chromatogram in higher mz_2405; similar chromatogram in higher mz_249; similar chromatogram in higher mz_2159; similar chromatogram in higher mz_186; similar chromatogram in higher mz_788; similar chromatogram in higher mz_564; similar chromatogram in higher mz_307; similar chromatogram in higher mz_4827; similar chromatogram in higher mz_88; similar chromatogram in higher mz_467",0.786,FALSE,"null","null","null","null",999,FALSE,FALSE,FALSE,"null","null","null","null","null",490.41,29047,153.583207105481,24,"Exudate vs Soil","Soil","Soil enriched - exploratory",3,3,3,3,TRUE,TRUE,TRUE,TRUE,"Leaf + Root + Exudate","Very early RT","No MS/MS assignment","Unknown","Tier 3: exploratory + >=2-fold"
"F3880_mz369.925_rt0.39",-1.21451708000478,18.1093256729447,-5.41439314012843,0.00302094892678306,0.0830907693331476,-1.08472631832345,3880,0.394,369.92505,"Unknown","[M+H]+",NA,0.393,FALSE,"null","null","null","null",999,FALSE,FALSE,FALSE,"null","null","null","null","null",861.1,0,602872,24,"Exudate vs Soil","Soil","Soil enriched - exploratory",3,3,3,3,TRUE,TRUE,TRUE,TRUE,"Leaf + Root + Exudate","Very early RT","No MS/MS assignment","Unknown","Tier 3: exploratory + >=2-fold"
"F4025_mz385.9818_rt0.49",3.2613512275275,14.9180585900284,5.0791921809126,0.00397413762451329,0.0848855043992748,-1.35231254239239,4025,0.486,385.98184,"Unknown","[M+H]+",NA,0.036,FALSE,"null","null","null","null",999,FALSE,FALSE,FALSE,"null","null","null","null","null",2448.41,1873.66666666667,65.3033428165007,8,"Exudate vs Soil","Exudate","Exudate enriched - exploratory",0,0,3,3,FALSE,FALSE,TRUE,TRUE,"Exudate only","Very early RT","No MS/MS assignment","Unknown","Tier 3: exploratory + >=2-fold"
"F1535_mz187.0579_rt0.47",-1.93958339646309,13.5458683279824,-5.15311490816471,0.00373670013119821,0.0848855043992748,-1.29185149742549,1535,0.47,187.05789,"Unknown","[M+H]+",NA,0.071,FALSE,"null","null","null","null",999,FALSE,FALSE,FALSE,"null","null","null","null","null",351.35,12987.3333333333,132.099242910304,11,"Exudate vs Soil","Soil","Soil enriched - exploratory",1,1,3,3,FALSE,FALSE,TRUE,TRUE,"Exudate only","Very early RT","No MS/MS assignment","Unknown","Tier 3: exploratory + >=2-fold"
"F2822_mz280.9941_rt0.4",-1.85343627708982,17.9105304045394,-5.0131170396984,0.00420144480714839,0.0848855043992748,-1.40706607983359,2822,0.396,280.99411,"Unknown","[M+H]+","ion correlated with 2533",0.5,FALSE,"null","null","null","null",999,FALSE,FALSE,FALSE,"null","null","null","null","null",126.55,0,749235,24,"Exudate vs Soil","Soil","Soil enriched - exploratory",3,3,3,3,TRUE,TRUE,TRUE,TRUE,"Leaf + Root + Exudate","Very early RT","No MS/MS assignment","Unknown","Tier 3: exploratory + >=2-fold"
"F904_mz142.9767_rt0.47",-1.73627346910431,18.2073545868199,-5.12661358318608,0.00381985856023878,0.0848855043992748,-1.31343085031926,904,0.474,142.9767,"Unknown","[M+H]+","ion correlated with 1776; ion correlated with 946; ion correlated with 574; ion correlated with 1503; ion correlated with 1158; ion correlated with 1744",0.143,TRUE,"null","null","null","null",999,FALSE,FALSE,FALSE,"null","null","null","null","null",67.87,24706.3333333333,30.5283046868676,6,"Exudate vs Soil","Soil","Soil enriched - exploratory",0,0,3,3,FALSE,FALSE,TRUE,TRUE,"Exudate only","Very early RT","MS/MS available","Unknown","Tier 3: exploratory + >=2-fold"
"F4391_mz443.9871_rt0.49",1.51603084993063,17.2798254820805,5.11971202373101,0.00384186963658102,0.0848855043992748,-1.31906817372232,4391,0.491,443.98709,"Unknown","[M+H]+","ion correlated with 2441; ion correlated with 2786; ion correlated with 810; ion correlated with 2532; ion correlated with 1396; ion correlated with 2756; ion correlated with 3675; ion correlated with 2922",0.143,FALSE,"null","null","null","null",999,FALSE,FALSE,FALSE,"null","null","null","null","null",3112.21,0,269989,6,"Exudate vs Soil","Exudate","Exudate enriched - exploratory",0,0,3,3,FALSE,FALSE,TRUE,TRUE,"Exudate only","Very early RT","No MS/MS assignment","Unknown","Tier 3: exploratory + >=2-fold"
"F2320_mz243.9975_rt0.39",-1.46604575866454,19.8420072757805,-4.9120277820692,0.00457934771070907,0.0848855043992748,-1.49215125568068,2320,0.392,243.99754,"Unknown","[M+H]+","ion correlated with 58",0.821,FALSE,"null","null","null","null",999,FALSE,FALSE,FALSE,"null","null","null","null","null",199.86,2176,1283.18052365641,24,"Exudate vs Soil","Soil","Soil enriched - exploratory",3,3,3,3,TRUE,TRUE,TRUE,TRUE,"Leaf + Root + Exudate","Very early RT","No MS/MS assignment","Unknown","Tier 3: exploratory + >=2-fold"
"F364_mz104.1071_rt0.44",1.43194898603514,15.3994424424024,5.14043986408292,0.00377620553786229,0.0848855043992748,-1.3021591301748,364,0.44,104.1071,"Unknown","[M+H]+","similar chromatogram in higher mz_1380; found in higher mz's MsMs_2511; found in higher mz's MsMs_2042; found in higher mz's MsMs_2316; similar chromatogram in higher mz_4515; similar chromatogram in higher mz_4613; similar chromatogram in higher mz_3095; similar chromatogram in higher mz_1008; similar chromatogram in higher mz_879; similar chromatogram in higher mz_3559; similar chromatogram in higher mz_3973",0.643,TRUE,"null","null","null","null",999,FALSE,FALSE,FALSE,"null","null","null","null","null",15447.05,24680.3333333333,9645.38883636757,24,"Exudate vs Soil","Exudate","Exudate enriched - exploratory",3,3,3,3,TRUE,TRUE,TRUE,TRUE,"Leaf + Root + Exudate","Very early RT","MS/MS available","Unknown","Tier 3: exploratory + >=2-fold"
"F2507_mz257.9776_rt0.4",-1.39879138371247,21.1546024926546,-4.9454210738723,0.00445027503338638,0.0848855043992748,-1.46386715031573,2507,0.397,257.9776,"Unknown","[M+H]+","ion correlated with 2219",0.857,TRUE,"null","null","null","null",999,FALSE,FALSE,FALSE,"null","null","null","null","null",15563.92,0,5058283,24,"Exudate vs Soil","Soil","Soil enriched - exploratory",3,3,3,3,TRUE,TRUE,TRUE,TRUE,"Leaf + Root + Exudate","Very early RT","MS/MS available","Unknown","Tier 3: exploratory + >=2-fold"
"F355_mz103.5607_rt0.39",-1.35819850519359,19.4017272689079,-5.18849469681265,0.00362896638394543,0.0848855043992748,-1.26320872091143,355,0.391,103.5607,"Unknown","[M+H]+","ion correlated with 2593",0.857,FALSE,"null","null","null","null",999,FALSE,FALSE,FALSE,"null","null","null","null","null",291.41,3367,471.04067695962,24,"Exudate vs Soil","Soil","Soil enriched - exploratory",3,3,3,3,TRUE,TRUE,TRUE,TRUE,"Leaf + Root + Exudate","Very early RT","No MS/MS assignment","Unknown","Tier 3: exploratory + >=2-fold"
"F2274_mz239.9668_rt0.39",-1.31745782159422,22.0529121014152,-4.85585797565551,0.00480646629480048,0.0848855043992748,-1.54012557306191,2274,0.39,239.96683,"Unknown","[M+H]+","ion correlated with 1974; ion correlated with 1246",0.857,FALSE,"null","null","null","null",999,FALSE,FALSE,FALSE,"null","null","null","null","null",7020.12,756,13114.9194187583,24,"Exudate vs Soil","Soil","Soil enriched - exploratory",3,3,3,3,TRUE,TRUE,TRUE,TRUE,"Leaf + Root + Exudate","Very early RT","No MS/MS assignment","Unknown","Tier 3: exploratory + >=2-fold"
"F3660_mz348.9416_rt0.4",-1.19590430508008,16.7984054378383,-5.15718162425561,0.003724127832528,0.0848855043992748,-1.2885495220602,3660,0.404,348.94159,"Unknown","[M+H]+",NA,0.214,FALSE,"null","null","null","null",999,FALSE,FALSE,FALSE,"null","null","null","null","null",465.84,0,232030,23,"Exudate vs Soil","Soil","Soil enriched - exploratory",3,3,3,3,TRUE,TRUE,TRUE,TRUE,"Leaf + Root + Exudate","Very early RT","No MS/MS assignment","Unknown","Tier 3: exploratory + >=2-fold"
"F289_mz98.9844_rt0.56",1.19483529704183,17.1858025828718,4.9582432485854,0.00440184838709483,0.0848855043992748,-1.45305345007814,289,0.559,98.98435,"Unknown","[M+H]+","found in higher mz's MsMs_953",0.179,FALSE,"null","null","null","null",999,FALSE,FALSE,FALSE,"null","null","null","null","null",51.47,22701.6666666667,25.9521054795325,21,"Exudate vs Soil","Exudate","Exudate enriched - exploratory",3,1,3,3,TRUE,FALSE,TRUE,TRUE,"Leaf + Exudate","Early RT","No MS/MS assignment","Unknown","Tier 3: exploratory + >=2-fold"
"F3634_mz346.9093_rt0.4",-1.1650883437161,19.0170816850872,-5.0111668341441,0.00420838163450622,0.0848855043992748,-1.40869240950031,3634,0.397,346.90933,"Unknown","[M+H]+","ion correlated with 3434; ion correlated with 4385; ion correlated with 3606; ion correlated with 4464; ion correlated with 717; ion correlated with 770; ion correlated with 1183; ion correlated with 35; ion correlated with 803; ion correlated with 2414",0.607,FALSE,"null","null","null","null",999,FALSE,FALSE,FALSE,"null","null","null","null","null",2566.81,0,952431,24,"Exudate vs Soil","Soil","Soil enriched - exploratory",3,3,3,3,TRUE,TRUE,TRUE,TRUE,"Leaf + Root + Exudate","Very early RT","No MS/MS assignment","Unknown","Tier 3: exploratory + >=2-fold"
"F1094_mz156.0422_rt0.42",1.07909435722361,20.5988047544388,5.21388113361321,0.00355390421111668,0.0848855043992748,-1.24277278032034,1094,0.424,156.04224,"Unknown","[M+H]+","found in higher mz's MsMs_2833",0.5,TRUE,"null","null","null","null",999,FALSE,FALSE,FALSE,"null","null","null","null","null",401.5,46014.3333333333,165.231118612636,24,"Exudate vs Soil","Exudate","Exudate enriched - exploratory",3,3,3,3,TRUE,TRUE,TRUE,TRUE,"Leaf + Root + Exudate","Very early RT","MS/MS available","Unknown","Tier 3: exploratory + >=2-fold"
"F692_mz128.0194_rt0.53",-1.05968907209799,19.7294329022752,-5.05898350128733,0.00404209432171545,0.0848855043992748,-1.36898694506739,692,0.531,128.01942,"Unknown","[M+H]+","ion correlated with 197; ion correlated with 224",0.071,TRUE,"null","null","null","null",999,FALSE,FALSE,FALSE,"null","null","null","null","null",209.73,219843.666666667,7.29003811782258,12,"Exudate vs Soil","Soil","Soil enriched - exploratory",1,1,3,3,FALSE,FALSE,TRUE,TRUE,"Exudate only","Early RT","MS/MS available","Unknown","Tier 3: exploratory + >=2-fold"
"F417_mz109.0469_rt0.41",-1.03211509546206,17.8356004369341,-4.9040434223601,0.00461085438685715,0.0848855043992748,-1.49894010673512,417,0.406,109.04688,"Unknown","[M+H]+","ion correlated with 3810",0.179,FALSE,"null","null","null","null",999,FALSE,FALSE,FALSE,"null","null","null","null","null",49.15,4283.66666666667,91.7042165862766,24,"Exudate vs Soil","Soil","Soil enriched - exploratory",3,3,3,3,TRUE,TRUE,TRUE,TRUE,"Leaf + Root + Exudate","Very early RT","No MS/MS assignment","Unknown","Tier 3: exploratory + >=2-fold"
"F3606_mz344.876_rt0.39",-1.0307425064772,19.2232663020742,-4.81942079911784,0.00496084116619138,0.0848855043992748,-1.57151550389566,3606,0.391,344.87595,"Unknown","[M+H]+","ion correlated with 4464; ion correlated with 770; ion correlated with 3634; ion correlated with 2414",0.286,FALSE,"null","null","null","null",999,FALSE,FALSE,FALSE,"null","null","null","null","null",6072.46,0,1035606,24,"Exudate vs Soil","Soil","Soil enriched - exploratory",3,3,3,3,TRUE,TRUE,TRUE,TRUE,"Leaf + Root + Exudate","Very early RT","No MS/MS assignment","Unknown","Tier 3: exploratory + >=2-fold"
"F35_mz67.5101_rt0.4",-1.02446461344578,18.9934673839631,-4.87587964743147,0.00472403172665899,0.0848855043992748,-1.52296762448693,35,0.399,67.51008,"Unknown","[M+H]+","ion correlated with 3434; ion correlated with 717; ion correlated with 1399; ion correlated with 3634; ion correlated with 2414; ion correlated with 1170; found in higher mz's MsMs_108; found in higher mz's MsMs_222; found in higher mz's MsMs_49; similar chromatogram in higher mz_195; found in higher mz's MsMs_195; found in higher mz's MsMs_142; found in higher mz's MsMs_306; found in higher mz's MsMs_329; similar chromatogram in higher mz_231; similar chromatogram in higher mz_2507; similar chromatogram in higher mz_422; similar chromatogram in higher mz_803; similar chromatogram in higher mz_3810; similar chromatogram in higher mz_3634; similar chromatogram in higher mz_883; similar chromatogram in higher mz_306; similar chromatogram in higher mz_964; similar chromatogram in higher mz_1278; similar chromatogram in higher mz_2239; similar chromatogram in higher mz_3137; similar chromatogram in higher mz_3660; similar chromatogram in higher mz_3828; similar chromatogram in higher mz_4239; found in higher mz's MsMs_615; similar chromatogram in higher mz_2533; similar chromatogram in higher mz_997; similar chromatogram in higher mz_4213",0.714,FALSE,"null","null","null","null",999,FALSE,FALSE,FALSE,"null","null","null","null","null",285.29,8647.33333333333,98.6517248024667,24,"Exudate vs Soil","Soil","Soil enriched - exploratory",3,3,3,3,TRUE,TRUE,TRUE,TRUE,"Leaf + Root + Exudate","Very early RT","No MS/MS assignment","Unknown","Tier 3: exploratory + >=2-fold"
"F1037_mz151.0354_rt0.39",-1.01272444910651,23.9809168275941,-4.86795990709411,0.00475644033553929,0.0848855043992748,-1.52974695547006,1037,0.392,151.03539,"Unknown","[M+H]+",NA,0.857,TRUE,"null","null","null","null",999,FALSE,FALSE,FALSE,"null","null","null","null","null",732.15,92989.3333333333,347.847908922433,24,"Exudate vs Soil","Soil","Soil enriched - exploratory",3,3,3,3,TRUE,TRUE,TRUE,TRUE,"Leaf + Root + Exudate","Very early RT","MS/MS available","Unknown","Tier 3: exploratory + >=2-fold"
"F2160_mz229.9585_rt0.43",-2.33689216363977,15.2912503682049,-4.78842274276566,0.00509674615219739,0.0861474410603119,-1.59838757593884,2160,0.433,229.95854,"Unknown","[M+H]+","ion correlated with 4553; ion correlated with 3231; ion correlated with 808; ion correlated with 1802; ion correlated with 3219; ion correlated with 1143; ion correlated with 1034; ion correlated with 1127",0.071,FALSE,"null","null","null","null",999,FALSE,FALSE,FALSE,"null","null","null","null","null",132.26,0,146954,8,"Exudate vs Soil","Soil","Soil enriched - exploratory",0,0,3,3,FALSE,FALSE,TRUE,TRUE,"Exudate only","Very early RT","No MS/MS assignment","Unknown","Tier 3: exploratory + >=2-fold"
"F4239_mz416.917_rt0.4",-1.57463995827294,16.0523559722901,-4.69619411960007,0.00552755994385416,0.0880597480710558,-1.67926033312434,4239,0.397,416.91699,"Unknown","[M+H]+",NA,0.25,FALSE,"null","null","null","null",999,FALSE,FALSE,FALSE,"null","null","null","null","null",2597.77,0,178893,23,"Exudate vs Soil","Soil","Soil enriched - exploratory",3,3,3,3,TRUE,TRUE,TRUE,TRUE,"Leaf + Root + Exudate","Very early RT","No MS/MS assignment","Unknown","Tier 3: exploratory + >=2-fold"
"F1267_mz168.0507_rt0.39",-1.35918424793171,15.2931670281325,-4.73156106763548,0.00535751377989989,0.0880597480710558,-1.64808445822556,1267,0.388,168.05069,"Unknown","[M+H]+",NA,0.036,FALSE,"null","null","null","null",999,FALSE,FALSE,FALSE,"null","null","null","null","null",12.84,0,112881,24,"Exudate vs Soil","Soil","Soil enriched - exploratory",3,3,3,3,TRUE,TRUE,TRUE,TRUE,"Leaf + Root + Exudate","Very early RT","No MS/MS assignment","Unknown","Tier 3: exploratory + >=2-fold"
"F822_mz137.0812_rt0.51",-2.96654324942537,15.9043232970235,-4.65335267411296,0.00574204474271931,0.0884274890378773,-1.71729934062381,822,0.512,137.08116,"Unknown","[M+H]+",NA,0.107,FALSE,"null","null","null","null",999,FALSE,FALSE,FALSE,"null","null","null","null","null",52.69,5755.66666666667,45.3224088013897,12,"Exudate vs Soil","Soil","Soil enriched - exploratory",1,0,3,3,FALSE,FALSE,TRUE,TRUE,"Exudate only","Early RT","No MS/MS assignment","Unknown","Tier 3: exploratory + >=2-fold"
"F2852_mz284.047_rt0.39",-1.37440857848682,17.514235823968,-4.65550092674829,0.00573106111339501,0.0884274890378773,-1.71538471674242,2852,0.392,284.04697,"Unknown","[M+H]+","ion correlated with 1774; ion correlated with 21",0.536,FALSE,"null","null","null","null",999,FALSE,FALSE,FALSE,"null","null","null","null","null",442.76,0,575493,24,"Exudate vs Soil","Soil","Soil enriched - exploratory",3,3,3,3,TRUE,TRUE,TRUE,TRUE,"Leaf + Root + Exudate","Very early RT","No MS/MS assignment","Unknown","Tier 3: exploratory + >=2-fold"
"F803_mz136.0082_rt0.4",-1.3784856203982,18.6981013560367,-4.63724122586085,0.00582520635614051,0.0887223737319862,-1.73168287441495,803,0.4,136.00822,"Unknown","[M+H]+","ion correlated with 3634; ion correlated with 2533",0.286,FALSE,"null","null","null","null",999,FALSE,FALSE,FALSE,"null","null","null","null","null",73.58,751.666666666667,1408.86138175376,24,"Exudate vs Soil","Soil","Soil enriched - exploratory",3,3,3,3,TRUE,TRUE,TRUE,TRUE,"Leaf + Root + Exudate","Very early RT","No MS/MS assignment","Unknown","Tier 3: exploratory + >=2-fold"
"F2309_mz242.8657_rt0.43",-2.79533903087844,15.6930336920192,-4.58320742384405,0.00611453811560418,0.0921168459589934,-1.78023523008722,2309,0.428,242.86566,"Unknown","[M+H]+","ion correlated with 1143",0.071,FALSE,"null","null","null","null",999,FALSE,FALSE,FALSE,"null","null","null","null","null",102.57,0,222695,15,"Exudate vs Soil","Soil","Soil enriched - exploratory",3,0,3,3,TRUE,FALSE,TRUE,TRUE,"Leaf + Exudate","Very early RT","No MS/MS assignment","Unknown","Tier 3: exploratory + >=2-fold"
"F2078_mz223.9891_rt0.38",-1.00186374205132,20.368866041,-4.52460938071916,0.00644741774554335,0.0950651169715221,-1.83343812831698,2078,0.382,223.98914,"Unknown","[M+H]+",NA,0.786,FALSE,"null","null","null","null",999,FALSE,FALSE,FALSE,"null","null","null","null","null",179.88,59519.3333333333,57.6990216228628,24,"Exudate vs Soil","Soil","Soil enriched - exploratory",3,3,3,3,TRUE,TRUE,TRUE,TRUE,"Leaf + Root + Exudate","Very early RT","No MS/MS assignment","Unknown","Tier 3: exploratory + >=2-fold"
"F2461_mz254.9424_rt0.39",-2.15305598126372,14.6305857720492,-4.47008150959777,0.00677625726691887,0.0971701146778723,-1.88346293905217,2461,0.389,254.94244,"Unknown","[M+H]+","ion correlated with 203; ion correlated with 470; ion correlated with 3384; ion correlated with 2057",0.214,FALSE,"null","null","null","null",999,FALSE,FALSE,FALSE,"null","null","null","null","null",8440.42,813.666666666667,1794.97831423895,14,"Exudate vs Soil","Soil","Soil enriched - exploratory",3,3,3,3,TRUE,TRUE,TRUE,TRUE,"Leaf + Root + Exudate","Very early RT","No MS/MS assignment","Unknown","Tier 3: exploratory + >=2-fold"
"F2613_mz267.0136_rt0.39",-1.93678619234901,17.2127099708173,-4.455001825624,0.00687061416914248,0.0971701146778723,-1.89738583404649,2613,0.392,267.01364,"Unknown","[M+H]+",NA,0.321,FALSE,"null","null","null","null",999,FALSE,FALSE,FALSE,"null","null","null","null","null",101.38,0,572703,24,"Exudate vs Soil","Soil","Soil enriched - exploratory",3,3,3,3,TRUE,TRUE,TRUE,TRUE,"Leaf + Root + Exudate","Very early RT","No MS/MS assignment","Unknown","Tier 3: exploratory + >=2-fold"
"F2532_mz259.9482_rt0.45",1.45546422521778,16.9068210964733,4.45607242375041,0.00686386503832542,0.0971701146778723,-1.89639609464585,2532,0.447,259.94815,"Unknown","[M+H]+","ion correlated with 2441; ion correlated with 2786; ion correlated with 1396; ion correlated with 2756; ion correlated with 3675; ion correlated with 2922; ion correlated with 4391",0.036,FALSE,"null","null","null","null",999,FALSE,FALSE,FALSE,"null","null","null","null","null",153.69,0,210152,8,"Exudate vs Soil","Exudate","Exudate enriched - exploratory",0,2,3,3,FALSE,TRUE,TRUE,TRUE,"Root + Exudate","Very early RT","No MS/MS assignment","Unknown","Tier 3: exploratory + >=2-fold"
"F217_mz89.5452_rt0.39",-1.17353635278613,17.0998914937396,-4.40801142385153,0.0071745897330434,0.0974900134313544,-1.94101874981276,217,0.391,89.54515,"Unknown","[M+H]+",NA,0.536,FALSE,"null","null","null","null",999,FALSE,FALSE,FALSE,"null","null","null","null","null",25.68,0,341181,24,"Exudate vs Soil","Soil","Soil enriched - exploratory",3,3,3,3,TRUE,TRUE,TRUE,TRUE,"Leaf + Root + Exudate","Very early RT","No MS/MS assignment","Unknown","Tier 3: exploratory + >=2-fold"
"F1246_mz167.013_rt0.4",-1.07586402150868,21.9336330390673,-4.41641851288421,0.00711907503848384,0.0974900134313544,-1.93318479473551,1246,0.397,167.01297,"Unknown","[M+H]+","ion correlated with 2274",0.821,TRUE,"null","null","null","null",999,FALSE,FALSE,FALSE,"null","null","null","null","null",52.84,67494.6666666667,119.357766177582,24,"Exudate vs Soil","Soil","Soil enriched - exploratory",3,3,3,3,TRUE,TRUE,TRUE,TRUE,"Leaf + Root + Exudate","Very early RT","MS/MS available","Unknown","Tier 3: exploratory + >=2-fold"
"F2769_mz277.0093_rt0.4",-1.3302051113626,17.5765252206665,-4.39595422827067,0.00725508757508233,0.0976267124180981,-1.95227498586489,2769,0.399,277.00928,"Unknown","[M+H]+",NA,0.143,FALSE,"null","null","null","null",999,FALSE,FALSE,FALSE,"null","null","null","null","null",269.97,0,438441,24,"Exudate vs Soil","Soil","Soil enriched - exploratory",3,3,3,3,TRUE,TRUE,TRUE,TRUE,"Leaf + Root + Exudate","Very early RT","No MS/MS assignment","Unknown","Tier 3: exploratory + >=2-fold"
"F2846_mz283.0269_rt0.39",-3.07229268499804,14.3241819688125,-4.35241807305559,0.007554611494478,0.0981807545272438,-1.99312567003886,2846,0.387,283.02686,"Unknown","[M+H]+",NA,0.036,FALSE,"null","null","null","null",999,FALSE,FALSE,FALSE,"null","null","null","null","null",26.27,0,119925,23,"Exudate vs Soil","Soil","Soil enriched - exploratory",3,3,3,3,TRUE,TRUE,TRUE,TRUE,"Leaf + Root + Exudate","Very early RT","No MS/MS assignment","Unknown","Tier 3: exploratory + >=2-fold"
"F1016_mz149.0599_rt2.67",1.51088585922323,13.4293771261971,4.36083957743558,0.00749556888684422,0.0981807545272438,-1.98519834134677,1016,2.671,149.05994,"Unknown","[M+H]+",NA,0.107,FALSE,"null","null","null","null",999,FALSE,FALSE,FALSE,"null","null","null","null","null",7.01,6201,31.1462431473718,24,"Exudate vs Soil","Exudate","Exudate enriched - exploratory",3,3,3,3,TRUE,TRUE,TRUE,TRUE,"Leaf + Root + Exudate","RT >= 1 min","No MS/MS assignment","Unknown","Tier 3: exploratory + >=2-fold"
"F849_mz139.018_rt0.4",-1.33616136627007,17.4314162269014,-4.36084165903624,0.00749555435925043,0.0981807545272438,-1.98519638339672,849,0.399,139.01799,"Unknown","[M+2H]2+","ion correlated with 237; ion correlated with 494",0.107,FALSE,"null","null","null","null",999,FALSE,FALSE,FALSE,"null","null","null","null","null",28.98,4059.33333333333,108.98070765947,23,"Exudate vs Soil","Soil","Soil enriched - exploratory",2,3,3,3,TRUE,TRUE,TRUE,TRUE,"Leaf + Root + Exudate","Very early RT","No MS/MS assignment","Unknown","Tier 3: exploratory + >=2-fold"
"F1677_mz196.0642_rt0.5",-3.54405677945142,15.5184504804497,-4.30504335509841,0.00789698816290708,0.0987866099511584,-2.03794730896143,1677,0.496,196.06416,"Unknown","[M+H]+",NA,0.107,FALSE,"null","null","null","null",999,FALSE,FALSE,FALSE,"null","null","null","null","null",38.5,1022.66666666667,544.819928362097,17,"Exudate vs Soil","Soil","Soil enriched - exploratory",0,0,3,3,FALSE,FALSE,TRUE,TRUE,"Exudate only","Very early RT","No MS/MS assignment","Unknown","Tier 3: exploratory + >=2-fold"
"F1212_mz165.0068_rt0.62",-2.33807102589588,15.1921183739574,-4.2506935372786,0.00831216953580949,0.0987866099511584,-2.08984460227386,1212,0.616,165.00684,"Unknown","[M+H]+",NA,0.036,FALSE,"null","null","null","null",999,FALSE,FALSE,FALSE,"null","null","null","null","null",33.06,0,263229,23,"Exudate vs Soil","Soil","Soil enriched - exploratory",3,3,3,3,TRUE,TRUE,TRUE,TRUE,"Leaf + Root + Exudate","Early RT","No MS/MS assignment","Unknown","Tier 3: exploratory + >=2-fold"
"F422_mz109.5217_rt0.4",2.20156138379682,13.6626054334586,4.24727366481836,0.00833912941146142,0.0987866099511584,-2.09312724259338,422,0.4,109.52167,"Unknown","[M+H]+","ion correlated with 3029; ion correlated with 538; ion correlated with 2384; ion correlated with 2798",0.143,FALSE,"null","null","null","null",999,FALSE,FALSE,FALSE,"null","null","null","null","null",41.67,865,633.370669745958,19,"Exudate vs Soil","Exudate","Exudate enriched - exploratory",3,3,3,3,TRUE,TRUE,TRUE,TRUE,"Leaf + Root + Exudate","Very early RT","No MS/MS assignment","Unknown","Tier 3: exploratory + >=2-fold"
"F3719_mz353.9471_rt0.39",-1.47446913401995,17.1519206571831,-4.29550327068099,0.00796809343609176,0.0987866099511584,-2.04701998391522,3719,0.391,353.94708,"Unknown","[M+H]+",NA,0.464,FALSE,"null","null","null","null",999,FALSE,FALSE,FALSE,"null","null","null","null","null",1850.14,0,372423,24,"Exudate vs Soil","Soil","Soil enriched - exploratory",3,3,3,3,TRUE,TRUE,TRUE,TRUE,"Leaf + Root + Exudate","Very early RT","No MS/MS assignment","Unknown","Tier 3: exploratory + >=2-fold"
"F2533_mz259.9752_rt0.4",-1.39505481466018,18.4816647316608,-4.27932471469435,0.00809038185245193,0.0987866099511584,-2.0624417781897,2533,0.398,259.97516,"Unknown","[M+H]+","ion correlated with 2822; ion correlated with 803",0.464,FALSE,"null","null","null","null",999,FALSE,FALSE,FALSE,"null","null","null","null","null",151.15,0,875679,24,"Exudate vs Soil","Soil","Soil enriched - exploratory",3,3,3,3,TRUE,TRUE,TRUE,TRUE,"Leaf + Root + Exudate","Very early RT","No MS/MS assignment","Unknown","Tier 3: exploratory + >=2-fold"
"F273_mz97.9915_rt0.4",-1.29884543037853,20.1839423108034,-4.29388820325455,0.00798020441031105,0.0987866099511584,-2.04855747570136,273,0.395,97.99152,"Unknown","[M+H]+","ion correlated with 2479",0.607,FALSE,"null","null","null","null",999,FALSE,FALSE,FALSE,"null","null","null","null","null",72.9,10287.3333333333,272.912911064312,24,"Exudate vs Soil","Soil","Soil enriched - exploratory",3,3,3,3,TRUE,TRUE,TRUE,TRUE,"Leaf + Root + Exudate","Very early RT","No MS/MS assignment","Unknown","Tier 3: exploratory + >=2-fold"
"F147_mz82.5372_rt0.39",-1.23822621827513,25.5076958583798,-4.26199050463921,0.00822382749281383,0.0987866099511584,-2.07901535987697,147,0.391,82.53722,"Unknown","[M+H]+",NA,0.857,TRUE,"null","null","null","null",999,FALSE,FALSE,FALSE,"null","null","null","null","null",4367.84,140271.333333333,772.76399717692,24,"Exudate vs Soil","Soil","Soil enriched - exploratory",3,3,3,3,TRUE,TRUE,TRUE,TRUE,"Leaf + Root + Exudate","Very early RT","MS/MS available","Unknown","Tier 3: exploratory + >=2-fold"
"F1507_mz184.0971_rt0.86",-1.18305551264493,12.8436275223866,-4.28395877522814,0.00805513345678107,0.0987866099511584,-2.05801986009313,1507,0.86,184.09714,"Unknown","[M+H]+","ion correlated with 2779",0.071,TRUE,"null","null","null","null",999,FALSE,FALSE,FALSE,"null","null","null","null","null",983.25,7196.33333333333,716.68710633568,17,"Exudate vs Soil","Soil","Soil enriched - exploratory",0,0,3,3,FALSE,FALSE,TRUE,TRUE,"Exudate only","Early RT","MS/MS available","Unknown","Tier 3: exploratory + >=2-fold"
"F237_mz93.9843_rt0.39",-1.1298687380919,18.1865165572122,-4.31412444787187,0.00782998684096065,0.0987866099511584,-2.02932570734122,237,0.391,93.98428,"Unknown","[M+H]+","ion correlated with 494; ion correlated with 849",0.214,FALSE,"null","null","null","null",999,FALSE,FALSE,FALSE,"null","null","null","null","null",1676.01,0,633311,20,"Exudate vs Soil","Soil","Soil enriched - exploratory",2,3,3,3,TRUE,TRUE,TRUE,TRUE,"Leaf + Root + Exudate","Very early RT","No MS/MS assignment","Unknown","Tier 3: exploratory + >=2-fold"
"F844_mz138.511_rt0.38",-1.92630318426839,15.8093478740177,-4.18938347204534,0.00881123087215802,0.100422152520951,-2.14900261371049,844,0.385,138.51096,"Unknown","[M+H]+",NA,0.071,FALSE,"null","null","null","null",999,FALSE,FALSE,FALSE,"null","null","null","null","null",114.15,0,160287,23,"Exudate vs Soil","Soil","Soil enriched - exploratory",3,3,3,3,TRUE,TRUE,TRUE,TRUE,"Leaf + Root + Exudate","Very early RT","No MS/MS assignment","Unknown","Tier 3: exploratory + >=2-fold"
"F1670_mz195.9491_rt0.85",-1.30501663519351,12.6470267093942,-4.17913609554983,0.00889798780504833,0.100422152520951,-2.15895410498233,1670,0.852,195.94911,"Unknown","[M+H]+",NA,0.143,FALSE,"null","null","null","null",999,FALSE,FALSE,FALSE,"null","null","null","null","null",79.41,10414.6666666667,55.9884468909015,24,"Exudate vs Soil","Soil","Soil enriched - exploratory",3,3,3,3,TRUE,TRUE,TRUE,TRUE,"Leaf + Root + Exudate","Early RT","No MS/MS assignment","Unknown","Tier 3: exploratory + >=2-fold"
"F3828_mz364.9195_rt0.4",-1.27327297181859,16.9040274461471,-4.17737857936389,0.00891296653909004,0.100422152520951,-2.16066271438586,3828,0.404,364.91946,"Unknown","[M+H]+","ion correlated with 20; ion correlated with 371",0.143,FALSE,"null","null","null","null",999,FALSE,FALSE,FALSE,"null","null","null","null","null",180.5,0,272218,15,"Exudate vs Soil","Soil","Soil enriched - exploratory",1,3,3,3,FALSE,TRUE,TRUE,TRUE,"Root + Exudate","Very early RT","No MS/MS assignment","Unknown","Tier 3: exploratory + >=2-fold"
"F2479_mz255.9445_rt0.39",-1.26887939310705,20.5711773846114,-4.16904641048074,0.00898437728181666,0.100422152520951,-2.16877035885041,2479,0.394,255.9445,"Unknown","[M+H]+","ion correlated with 273",0.679,FALSE,"null","null","null","null",999,FALSE,FALSE,FALSE,"null","null","null","null","null",405.9,15550.6666666667,236.485907191083,24,"Exudate vs Soil","Soil","Soil enriched - exploratory",3,3,3,3,TRUE,TRUE,TRUE,TRUE,"Leaf + Root + Exudate","Very early RT","No MS/MS assignment","Unknown","Tier 3: exploratory + >=2-fold"
"F323_mz101.0254_rt0.39",-1.38239615124783,19.7411643833333,-4.1100797707462,0.00950910589914924,0.103478231073659,-2.22649504717431,323,0.393,101.02541,"Unknown","[M+2H]2+",NA,0.25,FALSE,"null","null","null","null",999,FALSE,FALSE,FALSE,"null","null","null","null","null",62.68,13914.6666666667,164.101444415168,24,"Exudate vs Soil","Soil","Soil enriched - exploratory",3,3,3,3,TRUE,TRUE,TRUE,TRUE,"Leaf + Root + Exudate","Very early RT","No MS/MS assignment","Unknown","Tier 3: exploratory + >=2-fold"
"F54_mz71.0293_rt0.39",-1.05535182367724,22.6968106627228,-4.10588127724918,0.00954779969380892,0.103478231073659,-2.23062834768404,54,0.39,71.02927,"Unknown","[M+2H]2+","found in higher mz's MsMs_147; found in higher mz's MsMs_238; found in higher mz's MsMs_69; similar chromatogram in higher mz_645",0.857,TRUE,"null","null","null","null",999,FALSE,FALSE,FALSE,"null","null","null","null","null",1594.45,12554.3333333333,1086.69906547019,24,"Exudate vs Soil","Soil","Soil enriched - exploratory",3,3,3,3,TRUE,TRUE,TRUE,TRUE,"Leaf + Root + Exudate","Very early RT","MS/MS available","Unknown","Tier 3: exploratory + >=2-fold"
"F1061_mz153.033_rt0.39",-1.04225424972834,20.9709577337684,-4.08894449551736,0.00970575038930423,0.103478231073659,-2.24733356925618,1061,0.392,153.03296,"Unknown","[M+H]+","ion correlated with 16; ion correlated with 964; found in higher mz's MsMs_2296; found in higher mz's MsMs_2006; adduct linked to 94_[M+H]2+",0.75,FALSE,"null","null","null","null",999,FALSE,FALSE,FALSE,"null","null","null","null","null",190.68,5676.66666666667,742.700698643809,24,"Exudate vs Soil","Soil","Soil enriched - exploratory",3,3,3,3,TRUE,TRUE,TRUE,TRUE,"Leaf + Root + Exudate","Very early RT","No MS/MS assignment","Unknown","Tier 3: exploratory + >=2-fold"
"F2756_mz275.9257_rt0.45",1.33640558683433,17.980856401652,4.02290100820869,0.0103511962466071,0.106272281465166,-2.31295629394026,2756,0.451,275.92572,"Unknown","[M+H]+","ion correlated with 1396; ion correlated with 2922",0.179,FALSE,"null","null","null","null",999,FALSE,FALSE,FALSE,"null","null","null","null","null",150.64,0,438398,6,"Exudate vs Soil","Exudate","Exudate enriched - exploratory",0,0,3,3,FALSE,FALSE,TRUE,TRUE,"Exudate only","Very early RT","No MS/MS assignment","Unknown","Tier 3: exploratory + >=2-fold"
"F471_mz112.9999_rt0.47",-1.19671283055236,14.6438894592745,-4.0305764265474,0.0102736927358497,0.106272281465166,-2.30529029034815,471,0.471,112.99994,"Unknown","[M+H]+","similar chromatogram in higher mz_5021; similar chromatogram in higher mz_2968",0.179,FALSE,"null","null","null","null",999,FALSE,FALSE,FALSE,"null","null","null","null","null",52.27,702.666666666667,1624.65419232591,13,"Exudate vs Soil","Soil","Soil enriched - exploratory",3,3,3,3,TRUE,TRUE,TRUE,TRUE,"Leaf + Root + Exudate","Very early RT","No MS/MS assignment","Unknown","Tier 3: exploratory + >=2-fold"
"F49_mz70.0127_rt0.39",-1.00871264670184,24.4919282781383,-4.02546464322034,0.0103252347839953,0.106272281465166,-2.31039464691333,49,0.388,70.01273,"Unknown","[M+2H]2+","ion correlated with 142; similar chromatogram in higher mz_99; similar chromatogram in higher mz_1709; similar chromatogram in higher mz_3252; similar chromatogram in higher mz_844",0.857,TRUE,"null","null","null","null",999,FALSE,FALSE,FALSE,"null","null","null","null","null",1630.29,43609.3333333333,1037.49138201191,24,"Exudate vs Soil","Soil","Soil enriched - exploratory",3,3,3,3,TRUE,TRUE,TRUE,TRUE,"Leaf + Root + Exudate","Very early RT","MS/MS available","Unknown","Tier 3: exploratory + >=2-fold"
"F588_mz120.5548_rt0.41",-1.19869556377679,16.7571944037866,-3.95739949801486,0.0110407800836824,0.110911311730303,-2.37880105540163,588,0.409,120.5548,"Unknown","[M+H]+","ion correlated with 528",0.107,FALSE,"null","null","null","null",999,FALSE,FALSE,FALSE,"null","null","null","null","null",126.73,0,204287,23,"Exudate vs Soil","Soil","Soil enriched - exploratory",3,3,3,3,TRUE,TRUE,TRUE,TRUE,"Leaf + Root + Exudate","Very early RT","No MS/MS assignment","Unknown","Tier 3: exploratory + >=2-fold"
"F2593_mz265.016_rt0.39",-1.60093931408821,19.1402088708379,-3.90796014034213,0.0115964540540553,0.112396400831613,-2.429002756923,2593,0.391,265.01596,"Unknown","[M+H]+","ion correlated with 355",0.607,FALSE,"null","null","null","null",999,FALSE,FALSE,FALSE,"null","null","null","null","null",250.11,622.666666666667,3125.54302512026,24,"Exudate vs Soil","Soil","Soil enriched - exploratory",3,3,3,3,TRUE,TRUE,TRUE,TRUE,"Leaf + Root + Exudate","Very early RT","No MS/MS assignment","Unknown","Tier 3: exploratory + >=2-fold"
"F494_mz114.4976_rt0.4",-1.28737226379615,17.6646253582252,-3.912515241604,0.0115439306597086,0.112396400831613,-2.4243592799444,494,0.399,114.49761,"Unknown","[M+H]+","ion correlated with 237; ion correlated with 4537; ion correlated with 1353; ion correlated with 528; ion correlated with 849",0.179,FALSE,"null","null","null","null",999,FALSE,FALSE,FALSE,"null","null","null","null","null",124.88,0,468453,16,"Exudate vs Soil","Soil","Soil enriched - exploratory",0,3,3,3,FALSE,TRUE,TRUE,TRUE,"Root + Exudate","Very early RT","No MS/MS assignment","Unknown","Tier 3: exploratory + >=2-fold"
"F2577_mz263.0879_rt0.48",-1.22224615845189,19.6386973795388,-3.90896644347686,0.0115848270523575,0.112396400831613,-2.42797661301607,2577,0.479,263.08795,"Unknown","[M+H]+",NA,0.286,TRUE,"null","null","null","null",999,FALSE,FALSE,FALSE,"null","null","null","null","null",904.92,0,1752247,22,"Exudate vs Soil","Soil","Soil enriched - exploratory",2,3,3,3,TRUE,TRUE,TRUE,TRUE,"Leaf + Root + Exudate","Very early RT","MS/MS available","Unknown","Tier 3: exploratory + >=2-fold"
"F1143_mz159.4998_rt0.43",-2.5576210406162,16.0263064233246,-3.89580373911161,0.0117379783453282,0.112978041573784,-2.44141304621149,1143,0.434,159.49982,"Unknown","[M+H]+","ion correlated with 4024; ion correlated with 2309; ion correlated with 808; ion correlated with 1802; ion correlated with 2160; ion correlated with 1034; ion correlated with 1127; ion correlated with 327; ion correlated with 946; ion correlated with 574; ion correlated with 1503; similar chromatogram in higher mz_2795",0.107,FALSE,"null","null","null","null",999,FALSE,FALSE,FALSE,"null","null","null","null","null",2300.37,5953.33333333333,39.0253596820243,7,"Exudate vs Soil","Soil","Soil enriched - exploratory",0,0,3,3,FALSE,FALSE,TRUE,TRUE,"Exudate only","Very early RT","No MS/MS assignment","Unknown","Tier 3: exploratory + >=2-fold"
"F1518_mz185.0424_rt0.48",-1.56327532547236,12.2807961173748,-3.87261024925806,0.0120135494941129,0.114832962750624,-2.46516375713125,1518,0.483,185.04243,"Unknown","[M+H]+","ion correlated with 1517",0.036,FALSE,"null","null","null","null",999,FALSE,FALSE,FALSE,"null","null","null","null","null",215.57,31586,269.856554911831,22,"Exudate vs Soil","Soil","Soil enriched - exploratory",3,3,3,3,TRUE,TRUE,TRUE,TRUE,"Leaf + Root + Exudate","Very early RT","No MS/MS assignment","Unknown","Tier 3: exploratory + >=2-fold"
"F1396_mz176.9619_rt0.45",1.14442532358277,17.4862504962916,3.76114301218737,0.0134462850850112,0.124605431186109,-2.58064373184034,1396,0.45,176.96191,"Unknown","[M+H]+","ion correlated with 810; ion correlated with 2532; ion correlated with 2756; ion correlated with 2922; ion correlated with 4391",0.214,FALSE,"null","null","null","null",999,FALSE,FALSE,FALSE,"null","null","null","null","null",89.09,8351.66666666667,30.6984595737888,10,"Exudate vs Soil","Exudate","Exudate enriched - exploratory",0,3,3,3,FALSE,TRUE,TRUE,TRUE,"Root + Exudate","Very early RT","No MS/MS assignment","Unknown","Tier 3: exploratory + >=2-fold"
"F1127_mz158.4834_rt0.44",-3.59485045969307,15.0449408052398,-3.67458801359514,0.0146950030107888,0.130383971654384,-2.67183964837975,1127,0.438,158.48335,"Unknown","[M+H]+","ion correlated with 4226; ion correlated with 3231; ion correlated with 808; ion correlated with 1802; ion correlated with 2160; ion correlated with 3219; ion correlated with 1143; ion correlated with 1034; ion correlated with 327",0.071,FALSE,"null","null","null","null",999,FALSE,FALSE,FALSE,"null","null","null","null","null",170.27,0,168460,6,"Exudate vs Soil","Soil","Soil enriched - exploratory",0,0,3,3,FALSE,FALSE,TRUE,TRUE,"Exudate only","Very early RT","No MS/MS assignment","Unknown","Tier 3: exploratory + >=2-fold"
"F1265_mz168.0199_rt0.5",-1.82547602129114,17.4499470892475,-3.69723775202422,0.014355842654114,0.130383971654384,-2.64784673675321,1265,0.499,168.01991,"Unknown","[M+2H]2+","similar chromatogram in higher mz_2337; similar chromatogram in higher mz_3437",0.393,FALSE,"null","null","null","null",999,FALSE,FALSE,FALSE,"null","null","null","null","null",101.22,7334.33333333333,224.142370262656,24,"Exudate vs Soil","Soil","Soil enriched - exploratory",3,3,3,3,TRUE,TRUE,TRUE,TRUE,"Leaf + Root + Exudate","Very early RT","No MS/MS assignment","Unknown","Tier 3: exploratory + >=2-fold"
"F3640_mz347.1831_rt0.42",1.05762257241504,14.5238908917657,3.66356386276226,0.0148633964800812,0.130383971654384,-2.68355054555179,3640,0.423,347.18307,"Unknown","[M+H]+",NA,0.107,FALSE,"null","null","null","null",999,FALSE,FALSE,FALSE,"null","null","null","null","null",54.42,0,125037,24,"Exudate vs Soil","Exudate","Exudate enriched - exploratory",3,3,3,3,TRUE,TRUE,TRUE,TRUE,"Leaf + Root + Exudate","Very early RT","No MS/MS assignment","Unknown","Tier 3: exploratory + >=2-fold"
"F2549_mz261.031_rt0.39",-1.09718045849056,18.0425376338322,-3.63341943101891,0.0153352514965425,0.132016512883279,-2.71568303304871,2549,0.393,261.03101,"Unknown","[M+H]+","ion correlated with 2097",0.464,FALSE,"null","null","null","null",999,FALSE,FALSE,FALSE,"null","null","null","null","null",133.76,0,706120,24,"Exudate vs Soil","Soil","Soil enriched - exploratory",3,3,3,3,TRUE,TRUE,TRUE,TRUE,"Leaf + Root + Exudate","Very early RT","No MS/MS assignment","Unknown","Tier 3: exploratory + >=2-fold"
"F1503_mz184.0033_rt0.47",-1.72670095439879,17.5529091472348,-3.6257019077811,0.0154587971794475,0.132258598090829,-2.72393546921086,1503,0.474,184.0033,"Unknown","[M+H]+","ion correlated with 327; ion correlated with 946; ion correlated with 574; ion correlated with 904",0.179,FALSE,"null","null","null","null",999,FALSE,FALSE,FALSE,"null","null","null","null","null",60.8,9544,56.0004190675746,6,"Exudate vs Soil","Soil","Soil enriched - exploratory",0,0,3,3,FALSE,FALSE,TRUE,TRUE,"Exudate only","Very early RT","No MS/MS assignment","Unknown","Tier 3: exploratory + >=2-fold"
"F391_mz107.0493_rt0.94",1.37882595611753,12.3235035309757,3.58255158810901,0.0161709126121484,0.135835665942047,-2.77027116584038,391,0.945,107.04929,"Unknown","[M+H]+","ion correlated with 1053; ion correlated with 1015; ion correlated with 2359; ion correlated with 2168; ion correlated with 2068; ion correlated with 2620; found in higher mz's MsMs_1015; found in higher mz's MsMs_4088; found in higher mz's MsMs_3428",0.429,TRUE,"null","null","null","null",999,FALSE,FALSE,FALSE,"null","null","null","null","null",331.72,9690.66666666667,276.814823731728,24,"Exudate vs Soil","Exudate","Exudate enriched - exploratory",3,3,3,3,TRUE,TRUE,TRUE,TRUE,"Leaf + Root + Exudate","Early RT","MS/MS available","Unknown","Tier 3: exploratory + >=2-fold"
"F2758_mz275.9881_rt0.41",-1.76214855322613,16.2486888030368,-3.56424021867487,0.016484390418582,0.136217457613545,-2.79003391940719,2758,0.408,275.98807,"Unknown","[M+H]+",NA,0.036,FALSE,"null","null","null","null",999,FALSE,FALSE,FALSE,"null","null","null","null","null",125.69,0,215304,22,"Exudate vs Soil","Soil","Soil enriched - exploratory",2,3,3,3,TRUE,TRUE,TRUE,TRUE,"Leaf + Root + Exudate","Very early RT","No MS/MS assignment","Unknown","Tier 3: exploratory + >=2-fold"
"F21_mz63.0227_rt0.39",-1.01126695220066,17.930957097187,-3.56742304254818,0.0164294074954312,0.136217457613545,-2.78659456320571,21,0.393,63.02274,"Unknown","[M+H]+","ion correlated with 2852; ion correlated with 2549",0.107,FALSE,"null","null","null","null",999,FALSE,FALSE,FALSE,"null","null","null","null","null",100.45,553.666666666667,1000.59194711538,24,"Exudate vs Soil","Soil","Soil enriched - exploratory",3,3,3,3,TRUE,TRUE,TRUE,TRUE,"Leaf + Root + Exudate","Very early RT","No MS/MS assignment","Unknown","Tier 3: exploratory + >=2-fold"
"F788_mz134.9917_rt0.39",-1.29176129851399,17.43992875654,-3.55114578533439,0.016712817874558,0.136258621024338,-2.80420258176838,788,0.391,134.99173,"Unknown","[M+H]+","found in higher mz's MsMs_2296; found in higher mz's MsMs_2006",0.286,FALSE,"null","null","null","null",999,FALSE,FALSE,FALSE,"null","null","null","null","null",78.83,36500.6666666667,12.0093420391763,24,"Exudate vs Soil","Soil","Soil enriched - exploratory",3,3,3,3,TRUE,TRUE,TRUE,TRUE,"Leaf + Root + Exudate","Very early RT","No MS/MS assignment","Unknown","Tier 3: exploratory + >=2-fold"
"F2608_mz266.124_rt0.47",1.30245976867469,12.8757274026254,3.54239380355447,0.0168675088521239,0.136444395648154,-2.81368943257992,2608,0.468,266.12396,"Unknown","[M+H]+",NA,0.429,TRUE,"null","null","null","null",999,FALSE,FALSE,FALSE,"null","null","null","null","null",1457.06,6927,3895.25129907621,18,"Exudate vs Soil","Exudate","Exudate enriched - exploratory",0,0,3,3,FALSE,FALSE,TRUE,TRUE,"Exudate only","Very early RT","MS/MS available","Unknown","Tier 3: exploratory + >=2-fold"
"F3231_mz310.8517_rt0.42",-2.67790803714835,14.9892429206269,-3.52110530355514,0.0172506551065681,0.138204670391349,-2.83682184490036,3231,0.423,310.85175,"Unknown","[M+H]+","ion correlated with 4518; ion correlated with 4553; ion correlated with 808; ion correlated with 2160; ion correlated with 3219; ion correlated with 1143; ion correlated with 1127",0.071,FALSE,"null","null","null","null",999,FALSE,FALSE,FALSE,"null","null","null","null","null",55.52,0,136247,12,"Exudate vs Soil","Soil","Soil enriched - exploratory",0,0,3,3,FALSE,FALSE,TRUE,TRUE,"Exudate only","Very early RT","No MS/MS assignment","Unknown","Tier 3: exploratory + >=2-fold"
"F88_mz74.9756_rt0.4",-1.3322410349194,16.2361601716091,-3.47895653025333,0.0180389118615561,0.142950646930766,-2.8828566634821,88,0.399,74.97564,"Unknown","[M+H]+","ion correlated with 20",0.107,FALSE,"null","null","null","null",999,FALSE,FALSE,FALSE,"null","null","null","null","null",138.08,0,148847,23,"Exudate vs Soil","Soil","Soil enriched - exploratory",2,3,3,3,TRUE,TRUE,TRUE,TRUE,"Leaf + Root + Exudate","Very early RT","No MS/MS assignment","Unknown","Tier 3: exploratory + >=2-fold"
"F380_mz105.4921_rt0.38",-1.25732495649567,17.1033696539524,-3.39135191704447,0.0198122345881227,0.152554206328545,-2.97953327783342,380,0.385,105.4921,"Unknown","[M+H]+","ion correlated with 237; ion correlated with 371; ion correlated with 4537; ion correlated with 1353; ion correlated with 494",0.143,FALSE,"null","null","null","null",999,FALSE,FALSE,FALSE,"null","null","null","null","null",238.51,0,286721,17,"Exudate vs Soil","Soil","Soil enriched - exploratory",1,3,3,3,FALSE,TRUE,TRUE,TRUE,"Root + Exudate","Very early RT","No MS/MS assignment","Unknown","Tier 3: exploratory + >=2-fold"
"F244_mz95.044_rt0.39",-1.34929619516567,19.776341248827,-3.35592449449688,0.0205850727025803,0.153774563215491,-3.01900825753386,244,0.393,95.04404,"Unknown","[M+H]+",NA,0.107,FALSE,"null","null","null","null",999,FALSE,FALSE,FALSE,"null","null","null","null","null",131.75,38462.3333333333,65.4345003899818,24,"Exudate vs Soil","Soil","Soil enriched - exploratory",3,3,3,3,TRUE,TRUE,TRUE,TRUE,"Leaf + Root + Exudate","Very early RT","No MS/MS assignment","Unknown","Tier 3: exploratory + >=2-fold"
"F617_mz123.0405_rt0.39",-1.3248407400005,20.8879800085723,-3.35045911231949,0.0207073220119166,0.153774563215491,-3.02511735436856,617,0.391,123.0405,"Unknown","[M+H]+",NA,0.821,FALSE,"null","null","null","null",999,FALSE,FALSE,FALSE,"null","null","null","null","null",92.57,61496,86.2093272842578,24,"Exudate vs Soil","Soil","Soil enriched - exploratory",3,3,3,3,TRUE,TRUE,TRUE,TRUE,"Leaf + Root + Exudate","Very early RT","No MS/MS assignment","Unknown","Tier 3: exploratory + >=2-fold"
"F2441_mz252.9188_rt0.45",1.86494375306476,16.8216536989025,3.31174074282116,0.0215973591818569,0.156722198042166,-3.06854302356263,2441,0.447,252.91884,"Unknown","[M+H]+","ion correlated with 2786; ion correlated with 2532; ion correlated with 3675; ion correlated with 2922; ion correlated with 4391",0.107,FALSE,"null","null","null","null",999,FALSE,FALSE,FALSE,"null","null","null","null","null",130.31,3576.66666666667,60.8329451225193,6,"Exudate vs Soil","Exudate","Exudate enriched - exploratory",0,0,3,3,FALSE,FALSE,TRUE,TRUE,"Exudate only","Very early RT","No MS/MS assignment","Unknown","Tier 3: exploratory + >=2-fold"
"F563_mz118.9752_rt0.51",1.85056325154719,13.1181640908173,3.29627354278525,0.0219649823522574,0.158559716355358,-3.08596245806349,563,0.512,118.97524,"Unknown","[M+H]+",NA,0.179,FALSE,"null","null","null","null",999,FALSE,FALSE,FALSE,"null","null","null","null","null",124.65,89838.6666666667,5.09434214285449,17,"Exudate vs Soil","Exudate","Exudate enriched - exploratory",3,2,3,3,TRUE,TRUE,TRUE,TRUE,"Leaf + Root + Exudate","Early RT","No MS/MS assignment","Unknown","Tier 3: exploratory + >=2-fold"
"F266_mz97.5118_rt0.4",-2.68638212626382,16.7483240402012,-3.27282570152483,0.0225358983351802,0.161003892229689,-3.11244755692308,266,0.396,97.51176,"Unknown","[M+H]+",NA,0.429,FALSE,"null","null","null","null",999,FALSE,FALSE,FALSE,"null","null","null","null","null",112.47,21842.6666666667,32.5018693442798,24,"Exudate vs Soil","Soil","Soil enriched - exploratory",3,3,3,3,TRUE,TRUE,TRUE,TRUE,"Leaf + Root + Exudate","Very early RT","No MS/MS assignment","Unknown","Tier 3: exploratory + >=2-fold"
"F1799_mz204.1236_rt0.67",1.2412445835392,13.0510839375129,3.25708451558666,0.0229286005809542,0.16104173190857,-3.13028007682171,1799,0.668,204.12357,"Unknown","[M+H]+",NA,0.036,FALSE,"null","null","null","null",999,FALSE,FALSE,FALSE,"null","null","null","null","null",229.44,16302,70.9571244556217,14,"Exudate vs Soil","Exudate","Exudate enriched - exploratory",0,0,3,3,FALSE,FALSE,TRUE,TRUE,"Exudate only","Early RT","No MS/MS assignment","Unknown","Tier 3: exploratory + >=2-fold"
"F69_mz73.532_rt0.38",-1.11927367798897,23.0912275537246,-3.26006894929093,0.0228535550272383,0.16104173190857,-3.12689591748351,69,0.383,73.53196,"Unknown","[M+2H]2+","similar chromatogram in higher mz_186; similar chromatogram in higher mz_540",0.857,TRUE,"null","null","null","null",999,FALSE,FALSE,FALSE,"null","null","null","null","null",778.78,6402.33333333333,2560.68037480479,24,"Exudate vs Soil","Soil","Soil enriched - exploratory",3,3,3,3,TRUE,TRUE,TRUE,TRUE,"Leaf + Root + Exudate","Very early RT","MS/MS available","Unknown","Tier 3: exploratory + >=2-fold"
"F924_mz144.0481_rt0.92",1.11850362768578,11.8048192897063,3.25401955085842,0.0230059617012242,0.16104173190857,-3.13375711978828,924,0.924,144.04813,"Unknown","[M+H]+","ion correlated with 1049; ion correlated with 2856; ion correlated with 4352; similar chromatogram in higher mz_1419; similar chromatogram in higher mz_2214; similar chromatogram in higher mz_2328; similar chromatogram in higher mz_3524; similar chromatogram in higher mz_3806; similar chromatogram in higher mz_1973",0.357,TRUE,"null","null","null","null",999,FALSE,FALSE,FALSE,"null","null","null","null","null",706.83,2449.66666666667,3129.28033188248,19,"Exudate vs Soil","Exudate","Exudate enriched - exploratory",0,1,3,3,FALSE,FALSE,TRUE,TRUE,"Exudate only","Early RT","MS/MS available","Unknown","Tier 3: exploratory + >=2-fold"
"F1822_mz206.0712_rt0.46",1.03266832178143,13.3776080664737,3.26748751027894,0.022668212504197,0.16104173190857,-3.11849026518508,1822,0.457,206.07124,"Unknown","[M+2H]2+","ion correlated with 3384; ion correlated with 1860; ion correlated with 2989; ion correlated with 2200; ion correlated with 2220; ion correlated with 1711; ion correlated with 245; ion correlated with 851; ion correlated with 2266; ion correlated with 1323; ion correlated with 3203; ion correlated with 2575; ion correlated with 2488; ion correlated with 2556",0.107,FALSE,"null","null","null","null",999,FALSE,FALSE,FALSE,"null","null","null","null","null",341.5,6328.66666666667,239.912159671389,17,"Exudate vs Soil","Exudate","Exudate enriched - exploratory",3,3,3,3,TRUE,TRUE,TRUE,TRUE,"Leaf + Root + Exudate","Very early RT","No MS/MS assignment","Unknown","Tier 3: exploratory + >=2-fold"
"F275_mz98.0138_rt0.4",-1.50523193872025,17.1766391207906,-3.24093726068623,0.0233395039295912,0.161994781956249,-3.14861611775921,275,0.398,98.01379,"Unknown","[M+2H]2+","ion correlated with 470; ion correlated with 1473; ion correlated with 1133; ion correlated with 1657",0.214,FALSE,"null","null","null","null",999,FALSE,FALSE,FALSE,"null","null","null","null","null",194.51,13393.3333333333,293.323221262723,21,"Exudate vs Soil","Soil","Soil enriched - exploratory",3,3,3,3,TRUE,TRUE,TRUE,TRUE,"Leaf + Root + Exudate","Very early RT","No MS/MS assignment","Unknown","Tier 3: exploratory + >=2-fold"
"F5_mz61.0076_rt0.38",-1.0752975107064,22.8006685526103,-3.18240148023083,0.0249004765923411,0.168988626847224,-3.21545309479741,5,0.38,61.00764,"Unknown","[M+2H]2+","ion correlated with 343; similar chromatogram in higher mz_16; similar chromatogram in higher mz_33; similar chromatogram in higher mz_49; similar chromatogram in higher mz_69; similar chromatogram in higher mz_87; similar chromatogram in higher mz_99; similar chromatogram in higher mz_142; similar chromatogram in higher mz_186; similar chromatogram in higher mz_427; similar chromatogram in higher mz_455; similar chromatogram in higher mz_540; similar chromatogram in higher mz_630; similar chromatogram in higher mz_1735; similar chromatogram in higher mz_2097; similar chromatogram in higher mz_3252; similar chromatogram in higher mz_3434; found in higher mz's MsMs_329",0.5,TRUE,"null","null","null","null",999,FALSE,FALSE,FALSE,"null","null","null","null","null",425.73,24247.3333333333,556.791380850918,24,"Exudate vs Soil","Soil","Soil enriched - exploratory",3,3,3,3,TRUE,TRUE,TRUE,TRUE,"Leaf + Root + Exudate","Very early RT","MS/MS available","Unknown","Tier 3: exploratory + >=2-fold"
"F4024_mz385.9019_rt0.4",-1.06300260285806,16.8734300113168,-3.18528051887252,0.0248209979318673,0.168988626847224,-3.21215241659311,4024,0.399,385.90189,"Unknown","[M+H]+","ion correlated with 1353; ion correlated with 494; ion correlated with 1802; ion correlated with 1143; ion correlated with 2056",0.107,FALSE,"null","null","null","null",999,FALSE,FALSE,FALSE,"null","null","null","null","null",2548.65,0,256927,15,"Exudate vs Soil","Soil","Soil enriched - exploratory",1,1,3,3,FALSE,FALSE,TRUE,TRUE,"Exudate only","Very early RT","No MS/MS assignment","Unknown","Tier 3: exploratory + >=2-fold"
"F329_mz102.034_rt0.39",-1.03353410413192,22.1837961453932,-3.17900137072662,0.024994710320116,0.168988626847224,-3.21935292410677,329,0.394,102.03397,"Unknown","[M+2H]2+",NA,0.679,TRUE,"null","null","null","null",999,FALSE,FALSE,FALSE,"null","null","null","null","null",29.92,190837.666666667,57.4595242753041,24,"Exudate vs Soil","Soil","Soil enriched - exploratory",3,3,3,3,TRUE,TRUE,TRUE,TRUE,"Leaf + Root + Exudate","Very early RT","MS/MS available","Unknown","Tier 3: exploratory + >=2-fold"
"F238_mz94.0452_rt0.39",-1.20125409479366,22.6456743032739,-3.1706194547269,0.025228739147778,0.169742876013691,-3.22897491359935,238,0.39,94.04518,"Unknown","[M+H]2+","adduct linked to 1556_[M+H]+",0.857,TRUE,"null","null","null","null",999,FALSE,FALSE,FALSE,"null","null","null","null","null",117.41,71247,235.171331125084,24,"Exudate vs Soil","Soil","Soil enriched - exploratory",3,3,3,3,TRUE,TRUE,TRUE,TRUE,"Leaf + Root + Exudate","Very early RT","MS/MS available","Unknown","Tier 3: exploratory + >=2-fold"
"F652_mz125.0379_rt0.39",-1.29693103108727,17.7143147677701,-3.16453179072848,0.0254002618677384,0.170071318592683,-3.23597049860704,652,0.389,125.03793,"Unknown","[M+H]+","ion correlated with 883",0.071,FALSE,"null","null","null","null",999,FALSE,FALSE,FALSE,"null","null","null","null","null",16.46,9198.66666666667,65.5434617196275,24,"Exudate vs Soil","Soil","Soil enriched - exploratory",3,3,3,3,TRUE,TRUE,TRUE,TRUE,"Leaf + Root + Exudate","Very early RT","No MS/MS assignment","Unknown","Tier 3: exploratory + >=2-fold"
"F1456_mz181.0263_rt0.88",-2.23034085321005,15.5593016927885,-3.14291427410365,0.0260200654832234,0.17338370557571,-3.26086134854268,1456,0.875,181.02628,"Unknown","[M+H]+",NA,0.071,FALSE,"null","null","null","null",999,FALSE,FALSE,FALSE,"null","null","null","null","null",23.95,1241.66666666667,121.963519313305,6,"Exudate vs Soil","Soil","Soil enriched - exploratory",0,0,3,3,FALSE,FALSE,TRUE,TRUE,"Exudate only","Early RT","No MS/MS assignment","Unknown","Tier 3: exploratory + >=2-fold"
"F559_mz118.1228_rt0.58",-1.83318907846713,19.9909377432092,-3.11632039533102,0.0268060728747203,0.176129722860362,-3.29158695366824,559,0.581,118.12277,"Unknown","[M+H]+",NA,0.286,TRUE,"null","null","null","null",999,FALSE,FALSE,FALSE,"null","null","null","null","null",86.98,49441.3333333333,86.2639708212261,23,"Exudate vs Soil","Soil","Soil enriched - exploratory",3,2,3,3,TRUE,TRUE,TRUE,TRUE,"Leaf + Root + Exudate","Early RT","MS/MS available","Unknown","Tier 3: exploratory + >=2-fold"
"F512_mz116.0021_rt0.4",-1.04839543612945,16.8823800722841,-3.06079200851431,0.0285350043635847,0.185678479098255,-3.35611100748457,512,0.398,116.00211,"Unknown","[M+H]+","ion correlated with 528",0.036,FALSE,"null","null","null","null",999,FALSE,FALSE,FALSE,"null","null","null","null","null",6.76,4088.66666666667,57.541119895672,24,"Exudate vs Soil","Soil","Soil enriched - exploratory",3,3,3,3,TRUE,TRUE,TRUE,TRUE,"Leaf + Root + Exudate","Very early RT","No MS/MS assignment","Unknown","Tier 3: exploratory + >=2-fold"
"F87_mz74.5306_rt0.38",-1.09614035307256,20.2658446106322,-3.04727096670074,0.0289747588065999,0.186786119562547,-3.37189704002076,87,0.379,74.53064,"Unknown","[M+H]+",NA,0.036,FALSE,"null","null","null","null",999,FALSE,FALSE,FALSE,"null","null","null","null","null",996.74,1687,1348.39158767773,24,"Exudate vs Soil","Soil","Soil enriched - exploratory",3,3,3,3,TRUE,TRUE,TRUE,TRUE,"Leaf + Root + Exudate","Very early RT","No MS/MS assignment","Unknown","Tier 3: exploratory + >=2-fold"
"F2786_mz277.9588_rt0.45",1.15309278071952,16.7209537043596,2.98396555648212,0.0311375358041377,0.19572989497308,-3.44618851864109,2786,0.447,277.9588,"Unknown","[M+H]+","ion correlated with 2441; ion correlated with 2532; ion correlated with 2756; ion correlated with 3675; ion correlated with 2922; ion correlated with 4391",0.143,FALSE,"null","null","null","null",999,FALSE,FALSE,FALSE,"null","null","null","null","null",55.82,0,158090,6,"Exudate vs Soil","Exudate","Exudate enriched - exploratory",0,0,3,3,FALSE,FALSE,TRUE,TRUE,"Exudate only","Very early RT","No MS/MS assignment","Unknown","Tier 3: exploratory + >=2-fold"
"F3675_mz349.8931_rt0.45",1.74122978874325,16.8626417492359,2.961750054427,0.0319389632238331,0.197622334947468,-3.47240607175573,3675,0.454,349.89313,"Unknown","[M+H]+","ion correlated with 2441; ion correlated with 2532; ion correlated with 2922; ion correlated with 4391",0.143,FALSE,"null","null","null","null",999,FALSE,FALSE,FALSE,"null","null","null","null","null",186.87,951.666666666667,236.593771868439,17,"Exudate vs Soil","Exudate","Exudate enriched - exploratory",2,0,3,3,TRUE,FALSE,TRUE,TRUE,"Leaf + Exudate","Very early RT","No MS/MS assignment","Unknown","Tier 3: exploratory + >=2-fold"
"F586_mz120.5276_rt1",-1.40612201121519,11.9136413932391,-2.92955525210564,0.0331417018320381,0.202354179467863,-3.51053335409976,586,1.005,120.52757,"Unknown","[M+H]+",NA,0.107,FALSE,"null","null","null","null",999,FALSE,FALSE,FALSE,"null","null","null","null","null",40.46,28419.3333333333,11.5238268375928,24,"Exudate vs Soil","Soil","Soil enriched - exploratory",3,3,3,3,TRUE,TRUE,TRUE,TRUE,"Leaf + Root + Exudate","RT >= 1 min","No MS/MS assignment","Unknown","Tier 3: exploratory + >=2-fold"
"F31_mz65.9937_rt0.63",-1.40963808526244,14.1132726213163,-2.85818719571937,0.0359925958513437,0.207469462178147,-3.59559913502339,31,0.629,65.99371,"Unknown","[M+H]+","found in higher mz's MsMs_1136; found in higher mz's MsMs_136",0.25,FALSE,"null","null","null","null",999,FALSE,FALSE,FALSE,"null","null","null","null","null",129.36,1113.33333333333,238.17200119653,24,"Exudate vs Soil","Soil","Soil enriched - exploratory",3,3,3,3,TRUE,TRUE,TRUE,TRUE,"Leaf + Root + Exudate","Early RT","No MS/MS assignment","Unknown","Tier 3: exploratory + >=2-fold"
"F265_mz97.5117_rt0.59",-1.40562562978617,16.6356660192476,-2.86406416671744,0.0357477732935883,0.207469462178147,-3.58856627281192,265,0.587,97.51168,"Unknown","[M+H]+",NA,0.214,FALSE,"null","null","null","null",999,FALSE,FALSE,FALSE,"null","null","null","null","null",113.63,4280,70.6117729502453,24,"Exudate vs Soil","Soil","Soil enriched - exploratory",3,3,3,3,TRUE,TRUE,TRUE,TRUE,"Leaf + Root + Exudate","Early RT","No MS/MS assignment","Unknown","Tier 3: exploratory + >=2-fold"
"F526_mz116.9772_rt0.51",1.22178738705838,14.3265695800318,2.85737176147347,0.0360267125731069,0.207469462178147,-3.59657533978603,526,0.511,116.97725,"Unknown","[M+H]+",NA,0.643,TRUE,"null","null","null","null",999,FALSE,FALSE,FALSE,"null","null","null","null","null",687.47,196725,26.6035653650255,24,"Exudate vs Soil","Exudate","Exudate enriched - exploratory",3,3,3,3,TRUE,TRUE,TRUE,TRUE,"Leaf + Root + Exudate","Early RT","MS/MS available","Unknown","Tier 3: exploratory + >=2-fold"
"F4537_mz474.834_rt0.39",-1.12660823536674,17.562573495353,-2.8580230027528,0.0359994625779493,0.207469462178147,-3.5957956925489,4537,0.393,474.83395,"Unknown","[M+H]+","ion correlated with 380; ion correlated with 237; ion correlated with 1353; ion correlated with 528; ion correlated with 494; ion correlated with 1695",0.179,FALSE,"null","null","null","null",999,FALSE,FALSE,FALSE,"null","null","null","null","null",5072.11,0,377320,13,"Exudate vs Soil","Soil","Soil enriched - exploratory",0,2,3,3,FALSE,TRUE,TRUE,TRUE,"Root + Exudate","Very early RT","No MS/MS assignment","Unknown","Tier 3: exploratory + >=2-fold"
"F645_mz124.5001_rt0.4",-1.18856875750998,16.1896455908858,-2.84696788400761,0.0364651751870297,0.207986554770466,-3.60903874276463,645,0.398,124.50014,"Unknown","[M+H]+","ion correlated with 20",0.071,FALSE,"null","null","null","null",999,FALSE,FALSE,FALSE,"null","null","null","null","null",37.03,0,151996,18,"Exudate vs Soil","Soil","Soil enriched - exploratory",2,2,3,3,TRUE,TRUE,TRUE,TRUE,"Leaf + Root + Exudate","Very early RT","No MS/MS assignment","Unknown","Tier 3: exploratory + >=2-fold"
"F883_mz141.0512_rt0.4",-1.16143910280212,17.5996759260936,-2.82021901066612,0.0376200178121695,0.209055438701001,-3.64115282685766,883,0.4,141.05124,"Unknown","[M+H]+","ion correlated with 652",0.214,FALSE,"null","null","null","null",999,FALSE,FALSE,FALSE,"null","null","null","null","null",28.54,61191.3333333333,9.12290755377852,24,"Exudate vs Soil","Soil","Soil enriched - exploratory",3,3,3,3,TRUE,TRUE,TRUE,TRUE,"Leaf + Root + Exudate","Very early RT","No MS/MS assignment","Unknown","Tier 3: exploratory + >=2-fold"
"F3466_mz331.209_rt0.71",2.13731396882541,11.8983286735681,2.7703683400006,0.0398823882894573,0.216228016024153,-3.70126590890243,3466,0.714,331.20905,"Unknown","[M+H]+","ion correlated with 3923; ion correlated with 2107",0.036,FALSE,"null","null","null","null",999,FALSE,FALSE,FALSE,"null","null","null","null","null",37.44,8184.33333333333,30.3094559374491,19,"Exudate vs Soil","Exudate","Exudate enriched - exploratory",0,2,3,3,FALSE,TRUE,TRUE,TRUE,"Root + Exudate","Early RT","No MS/MS assignment","Unknown","Tier 3: exploratory + >=2-fold"
"F20_mz63.0041_rt0.38",-1.21368800509173,16.7424007693708,-2.76917813277708,0.0399382194099447,0.216228016024153,-3.70270524315032,20,0.379,63.00409,"Unknown","[M+H]+","ion correlated with 371; ion correlated with 645; ion correlated with 3828",0.036,FALSE,"null","null","null","null",999,FALSE,FALSE,FALSE,"null","null","null","null","null",193.27,553.666666666667,383.493389423077,22,"Exudate vs Soil","Soil","Soil enriched - exploratory",3,2,3,3,TRUE,TRUE,TRUE,TRUE,"Leaf + Root + Exudate","Very early RT","No MS/MS assignment","Unknown","Tier 3: exploratory + >=2-fold"
"F179_mz86.0258_rt0.4",-1.12469185425295,16.4186228354049,-2.77440579754874,0.039693640567645,0.216228016024153,-3.69638476409512,179,0.396,86.02583,"Unknown","[M+H]+",NA,0.107,FALSE,"null","null","null","null",999,FALSE,FALSE,FALSE,"null","null","null","null","null",23.1,0,171503,23,"Exudate vs Soil","Soil","Soil enriched - exploratory",3,3,3,3,TRUE,TRUE,TRUE,TRUE,"Leaf + Root + Exudate","Very early RT","No MS/MS assignment","Unknown","Tier 3: exploratory + >=2-fold"
"F5111_mz756.5501_rt9.7",-1.9002669285634,12.9424351528111,-2.70460068191318,0.0431013878030035,0.224580915394597,-3.78107740811544,5111,9.699,756.55005,"Unknown","[M+H]+","ion correlated with 5094",0.107,FALSE,"null","null","null","null",999,FALSE,FALSE,FALSE,"null","null","null","null","null",23.55,3941.33333333333,51.0555508582058,22,"Exudate vs Soil","Soil","Soil enriched - exploratory",2,3,3,3,TRUE,TRUE,TRUE,TRUE,"Leaf + Root + Exudate","RT >= 1 min","No MS/MS assignment","Unknown","Tier 3: exploratory + >=2-fold"
"F997_mz147.5162_rt0.41",-1.18796499358757,16.7831289509815,-2.68184769576721,0.0442811584212586,0.226151869687148,-3.8088171410062,997,0.405,147.51619,"Unknown","[M+H]+",NA,0.107,FALSE,"null","null","null","null",999,FALSE,FALSE,FALSE,"null","null","null","null","null",914.42,0,321469,24,"Exudate vs Soil","Soil","Soil enriched - exploratory",3,3,3,3,TRUE,TRUE,TRUE,TRUE,"Leaf + Root + Exudate","Very early RT","No MS/MS assignment","Unknown","Tier 3: exploratory + >=2-fold"
"F1162_mz161.0922_rt0.48",-1.12312630851101,13.3738983217522,-2.68434791213536,0.0441497899681524,0.226151869687148,-3.80576582546759,1162,0.478,161.09222,"Unknown","[M+H]+","ion correlated with 1812; ion correlated with 1989; similar chromatogram in higher mz_3954; similar chromatogram in higher mz_3787",0.464,FALSE,"null","null","null","null",999,FALSE,FALSE,FALSE,"null","null","null","null","null",203.12,4129.66666666667,298.89388315042,24,"Exudate vs Soil","Soil","Soil enriched - exploratory",3,3,3,3,TRUE,TRUE,TRUE,TRUE,"Leaf + Root + Exudate","Very early RT","No MS/MS assignment","Unknown","Tier 3: exploratory + >=2-fold"
"F1324_mz172.1334_rt0.86",-1.57696527711273,12.8142248160121,-2.65198407966704,0.0458840921868525,0.22923171729109,-3.8453219171708,1324,0.857,172.13336,"Unknown","[M+H]+","ion correlated with 252; ion correlated with 842",0.214,TRUE,"null","null","null","null",999,FALSE,FALSE,FALSE,"null","null","null","null","null",184.87,3550,760.656998028724,16,"Exudate vs Soil","Soil","Soil enriched - exploratory",3,3,3,3,TRUE,TRUE,TRUE,TRUE,"Leaf + Root + Exudate","Early RT","MS/MS available","Unknown","Tier 3: exploratory + >=2-fold"
"F990_mz147.0765_rt0.46",1.2898468218185,15.9468336070719,2.6442526311205,0.0463094378365839,0.22923171729109,-3.85479006733234,990,0.459,147.07654,"Unknown","[M+H]+",NA,0.643,TRUE,"null","null","null","null",999,FALSE,FALSE,FALSE,"null","null","null","null","null",1406.56,847.333333333333,55467.7497053045,24,"Exudate vs Soil","Exudate","Exudate enriched - exploratory",3,3,3,3,TRUE,TRUE,TRUE,TRUE,"Leaf + Root + Exudate","Very early RT","MS/MS available","Unknown","Tier 3: exploratory + >=2-fold"
"F321_mz101.0034_rt0.52",-1.3936736060159,14.5604824884928,-2.61838138346259,0.0477646457125219,0.233104925906885,-3.88652335404839,321,0.517,101.00338,"Unknown","[M+H]+","found in higher mz's MsMs_835",0.643,TRUE,"null","null","null","null",999,FALSE,FALSE,FALSE,"null","null","null","null","null",419.07,137063.333333333,133.314266050249,24,"Exudate vs Soil","Soil","Soil enriched - exploratory",3,3,3,3,TRUE,TRUE,TRUE,TRUE,"Leaf + Root + Exudate","Early RT","MS/MS available","Unknown","Tier 3: exploratory + >=2-fold"
"F1004_mz148.0606_rt0.46",1.03641701862911,16.5590278697473,2.61310685601192,0.048067464882433,0.23375967132299,-3.89300242369966,1004,0.457,148.06058,"Unknown","[M+H]+",NA,0.607,TRUE,"null","null","null","null",999,FALSE,FALSE,FALSE,"null","null","null","null","null",11822.95,6511.33333333333,22656.781440344,24,"Exudate vs Soil","Exudate","Exudate enriched - exploratory",3,3,3,3,TRUE,TRUE,TRUE,TRUE,"Leaf + Root + Exudate","Very early RT","MS/MS available","Unknown","Tier 3: exploratory + >=2-fold"
"F1213_mz165.007_rt0.4",-2.98995561140998,15.5257027175177,-2.60140515150846,0.0487468474433317,0.235411604726334,-3.90738761569356,1213,0.395,165.00699,"Unknown","[M+H]+",NA,0.429,FALSE,"null","null","null","null",999,FALSE,FALSE,FALSE,"null","null","null","null","null",46.42,3017.33333333333,219.412810601877,24,"Exudate vs Soil","Soil","Soil enriched - exploratory",3,3,3,3,TRUE,TRUE,TRUE,TRUE,"Leaf + Root + Exudate","Very early RT","No MS/MS assignment","Unknown","Tier 3: exploratory + >=2-fold"
"F1477_mz182.0814_rt0.84",1.20857697617907,13.7597687017409,2.58387611131951,0.049784391009142,0.235423795162194,-3.92896486669257,1477,0.838,182.08145,"Unknown","[M+H]+","ion correlated with 2631",0.571,TRUE,"null","null","null","null",999,FALSE,FALSE,FALSE,"null","null","null","null","null",6129.55,8056.33333333333,14505.454368691,24,"Exudate vs Soil","Exudate","Exudate enriched - exploratory",3,3,3,3,TRUE,TRUE,TRUE,TRUE,"Leaf + Root + Exudate","Early RT","MS/MS available","Unknown","Tier 3: exploratory + >=2-fold"
"F2177_mz231.0657_rt0.4",1.22891870926718,15.3800113063215,2.54546031060613,0.0521440540511217,0.241791138670653,-3.97636775906764,2177,0.401,231.06567,"Unknown","[M+H]+","ion correlated with 1944; ion correlated with 2058; ion correlated with 1639; ion correlated with 2004; ion correlated with 2763",0.357,FALSE,"null","null","null","null",999,FALSE,FALSE,FALSE,"null","null","null","null","null",75.1,0,874380,24,"Exudate vs Soil","Exudate","Not selected",3,3,3,3,TRUE,TRUE,TRUE,TRUE,"Leaf + Root + Exudate","Very early RT","No MS/MS assignment","Unknown","Tier 4: large effect only"
"F2630_mz268.1043_rt0.51",-1.46610510750255,13.0702735589297,-2.49390533673187,0.0555054401485087,0.247978089705088,-4.04021872933705,2630,0.507,268.10431,"Unknown","[M+H]+",NA,0.25,TRUE,"null","null","null","null",999,FALSE,FALSE,FALSE,"null","null","null","null","null",1037.64,73402.3333333333,107.670859633986,24,"Exudate vs Soil","Soil","Not selected",3,3,3,3,TRUE,TRUE,TRUE,TRUE,"Leaf + Root + Exudate","Early RT","MS/MS available","Unknown","Tier 4: large effect only"
"F131_mz80.5351_rt0.4",-1.23853957215497,16.4490247654815,-2.50971775395664,0.0544499360885761,0.247978089705088,-4.02060754923343,131,0.397,80.5351,"Unknown","[M+H]+",NA,0.179,FALSE,"null","null","null","null",999,FALSE,FALSE,FALSE,"null","null","null","null","null",118.43,0,212713,24,"Exudate vs Soil","Soil","Not selected",3,3,3,3,TRUE,TRUE,TRUE,TRUE,"Leaf + Root + Exudate","Very early RT","No MS/MS assignment","Unknown","Tier 4: large effect only"
"F587_mz120.5276_rt0.94",-1.27224639998589,12.2345452039047,-2.42920967659304,0.0600624769592624,0.257729390295782,-4.12069169727069,587,0.942,120.52758,"Unknown","[M+H]+",NA,0.071,FALSE,"null","null","null","null",999,FALSE,FALSE,FALSE,"null","null","null","null","null",59.01,6609,39.7320726172466,24,"Exudate vs Soil","Soil","Not selected",3,3,3,3,TRUE,TRUE,TRUE,TRUE,"Leaf + Root + Exudate","Early RT","No MS/MS assignment","Unknown","Tier 4: large effect only"
"F2965_mz290.8478_rt0.42",1.09952060671629,16.882402347071,2.40825700948973,0.0616244152594537,0.261197062842822,-4.14682924107367,2965,0.418,290.84775,"Unknown","[M+H]+","ion correlated with 1828; ion correlated with 1657; ion correlated with 1505; ion correlated with 2176; ion correlated with 2202",0.786,TRUE,"null","null","null","null",999,FALSE,FALSE,FALSE,"null","null","null","null","null",18719.76,0,6420465,24,"Exudate vs Soil","Exudate","Not selected",3,3,3,3,TRUE,TRUE,TRUE,TRUE,"Leaf + Root + Exudate","Very early RT","MS/MS available","Unknown","Tier 4: large effect only"
"F1613_mz192.1597_rt0.67",-2.5136281027243,22.5752404140856,-2.3842330434136,0.0634697755794367,0.263045467140934,-4.17683941430815,1613,0.667,192.15973,"Unknown","[M+H]+",NA,0.857,TRUE,"null","null","null","null",999,FALSE,FALSE,FALSE,"null","null","null","null","null",897.99,50527.6666666667,373.831969970842,24,"Exudate vs Soil","Soil","Not selected",3,3,3,3,TRUE,TRUE,TRUE,TRUE,"Leaf + Root + Exudate","Early RT","MS/MS available","Unknown","Tier 4: large effect only"
"F610_mz122.0814_rt0.45",-1.4289103663857,15.7377753879973,-2.38283734086641,0.0635788106004422,0.263045467140934,-4.1785841927839,610,0.446,122.08138,"Unknown","[M+H]+",NA,0.036,FALSE,"null","null","null","null",999,FALSE,FALSE,FALSE,"null","null","null","null","null",23.54,8618.33333333333,27.8921803697115,14,"Exudate vs Soil","Soil","Not selected",0,2,3,3,FALSE,TRUE,TRUE,TRUE,"Root + Exudate","Very early RT","No MS/MS assignment","Unknown","Tier 4: large effect only"
"F4450_mz456.8441_rt0.41",1.03006926620196,16.9330776488675,2.3255814045072,0.0682312743223692,0.275710047261818,-4.25027331502722,4450,0.412,456.84409,"Unknown","[M+H]+",NA,0.536,FALSE,"null","null","null","null",999,FALSE,FALSE,FALSE,"null","null","null","null","null",2685.38,0,222915,22,"Exudate vs Soil","Exudate","Not selected",1,3,3,3,FALSE,TRUE,TRUE,TRUE,"Root + Exudate","Very early RT","No MS/MS assignment","Unknown","Tier 4: large effect only"
"F1698_mz198.0974_rt0.46",2.3449664790639,14.4098135314832,2.26597950137101,0.0734672748940152,0.287287929467329,-4.3251030242432,1698,0.459,198.0974,"Unknown","[M+H]+",NA,0.536,TRUE,"null","null","null","null",999,FALSE,FALSE,FALSE,"null","null","null","null","null",3153.77,22741,718.566660803799,24,"Exudate vs Soil","Exudate","Not selected",3,3,3,3,TRUE,TRUE,TRUE,TRUE,"Leaf + Root + Exudate","Very early RT","MS/MS available","Unknown","Tier 4: large effect only"
"F476_mz113.0348_rt0.47",-1.18448004237069,15.6406306245777,-2.26504865449038,0.0735524001514252,0.287287929467329,-4.32627307689543,476,0.473,113.03477,"Unknown","[M+H]+",NA,0.107,FALSE,"null","null","null","null",999,FALSE,FALSE,FALSE,"null","null","null","null","null",16.17,17335.6666666667,18.370313401269,18,"Exudate vs Soil","Soil","Not selected",1,0,3,3,FALSE,FALSE,TRUE,TRUE,"Exudate only","Very early RT","No MS/MS assignment","Unknown","Tier 4: large effect only"
"F4655_mz512.8859_rt0.39",-1.01732372339372,13.68870492707,-2.24184403343589,0.0757090200505064,0.290974804991221,-4.35545252736098,4655,0.387,512.88586,"Unknown","[M+H]+",NA,0.036,FALSE,"null","null","null","null",999,FALSE,FALSE,FALSE,"null","null","null","null","null",2527.41,0,126372,23,"Exudate vs Soil","Soil","Not selected",3,3,3,3,TRUE,TRUE,TRUE,TRUE,"Leaf + Root + Exudate","Very early RT","No MS/MS assignment","Unknown","Tier 4: large effect only"
"F3558_mz338.8419_rt0.42",1.14750348369458,15.4974629233463,2.2208794162687,0.0777157879344717,0.294883795549827,-4.38183289757123,3558,0.416,338.84189,"Unknown","[M+H]+",NA,0.107,FALSE,"null","null","null","null",999,FALSE,FALSE,FALSE,"null","null","null","null","null",3885.38,0,226012,24,"Exudate vs Soil","Exudate","Not selected",3,3,3,3,TRUE,TRUE,TRUE,TRUE,"Leaf + Root + Exudate","Very early RT","No MS/MS assignment","Unknown","Tier 4: large effect only"
"F1364_mz174.1492_rt0.66",-2.50935353476587,16.2580554646884,-2.18286862221776,0.081500735987653,0.30269217484971,-4.42969761195357,1364,0.663,174.14917,"Unknown","[M+H]+",NA,0.107,FALSE,"null","null","null","null",999,FALSE,FALSE,FALSE,"null","null","null","null","null",37.47,2341,93.2096498719044,16,"Exudate vs Soil","Soil","Not selected",3,2,3,3,TRUE,TRUE,TRUE,TRUE,"Leaf + Root + Exudate","Early RT","No MS/MS assignment","Unknown","Tier 4: large effect only"
"F1832_mz207.1017_rt1.12",1.51434748973457,12.4524248366744,2.18224610438178,0.0815643372825467,0.30269217484971,-4.43048181781766,1832,1.118,207.10173,"Unknown","[M+H]+",NA,0.179,FALSE,"null","null","null","null",999,FALSE,FALSE,FALSE,"null","null","null","null","null",66.74,3548,206.714285714286,24,"Exudate vs Soil","Exudate","Not selected",3,3,3,3,TRUE,TRUE,TRUE,TRUE,"Leaf + Root + Exudate","RT >= 1 min","No MS/MS assignment","Unknown","Tier 4: large effect only"
"F2517_mz259.0648_rt0.42",1.20906507870692,14.5414965034046,2.16738640610779,0.083098326189091,0.305050644207163,-4.44920341688557,2517,0.417,259.06479,"Unknown","[M+H]+",NA,0.071,FALSE,"null","null","null","null",999,FALSE,FALSE,FALSE,"null","null","null","null","null",53.17,0,358160,24,"Exudate vs Soil","Exudate","Not selected",3,3,3,3,TRUE,TRUE,TRUE,TRUE,"Leaf + Root + Exudate","Very early RT","No MS/MS assignment","Unknown","Tier 4: large effect only"
"F4168_mz406.4025_rt0.39",-2.04101838130148,15.426005689932,-2.14115982224771,0.0858811461711899,0.312418027803856,-4.48225492992553,4168,0.393,406.40247,"Unknown","[M+H]+",NA,0.071,FALSE,"null","null","null","null",999,FALSE,FALSE,FALSE,"null","null","null","null","null",103.93,0,169663,10,"Exudate vs Soil","Soil","Not selected",0,0,3,3,FALSE,FALSE,TRUE,TRUE,"Exudate only","Very early RT","No MS/MS assignment","Unknown","Tier 4: large effect only"
"F721_mz130.0082_rt0.44",-1.80060363027317,21.8307187749969,-2.1197963623573,0.0882210909095003,0.315499536074574,-4.50918305389537,721,0.439,130.00816,"Unknown","[M+H]+",NA,0.036,FALSE,"null","null","null","null",999,FALSE,FALSE,FALSE,"null","null","null","null","null",38.2,221735.666666667,43.7511988695299,24,"Exudate vs Soil","Soil","Not selected",3,3,3,3,TRUE,TRUE,TRUE,TRUE,"Leaf + Root + Exudate","Very early RT","No MS/MS assignment","Unknown","Tier 4: large effect only"
"F1878_mz210.08_rt0.5",-8.00215280898708,12.4242024171039,-2.09103441710238,0.0914786328665373,0.31936872834514,-4.54543869013299,1878,0.498,210.07997,"Unknown","[M+H]+",NA,0.036,FALSE,"null","null","null","null",999,FALSE,FALSE,FALSE,"null","null","null","null","null",31.68,673.333333333333,287.878398418191,15,"Exudate vs Soil","Soil","Not selected",0,0,2,3,FALSE,FALSE,TRUE,TRUE,"Exudate only","Very early RT","No MS/MS assignment","Unknown","Tier 4: large effect only"
"F4156_mz404.8284_rt0.41",1.09535554427836,16.3495671080148,2.04131297309028,0.0974132303207,0.329985507669997,-4.60809928430846,4156,0.414,404.8284,"Unknown","[M+H]+","ion correlated with 3384; ion correlated with 1860; ion correlated with 1822",0.286,FALSE,"null","null","null","null",999,FALSE,FALSE,FALSE,"null","null","null","null","null",4026.91,0,684915,24,"Exudate vs Soil","Exudate","Not selected",3,3,3,3,TRUE,TRUE,TRUE,TRUE,"Leaf + Root + Exudate","Very early RT","No MS/MS assignment","Unknown","Tier 4: large effect only"
"F2661_mz270.9202_rt0.4",-1.29751219366654,16.3291679782937,-1.98853470175451,0.104157594527448,0.341282331004829,-4.67455163776702,2661,0.397,270.9202,"Unknown","[M+H]+","ion correlated with 203; ion correlated with 186",0.286,FALSE,"null","null","null","null",999,FALSE,FALSE,FALSE,"null","null","null","null","null",137.31,0,598342,13,"Exudate vs Soil","Soil","Not selected",3,3,3,3,TRUE,TRUE,TRUE,TRUE,"Leaf + Root + Exudate","Very early RT","No MS/MS assignment","Unknown","Tier 4: large effect only"
"F1692_mz197.1289_rt0.94",1.35612436178867,11.9951521164084,1.97502370779808,0.105961514787971,0.344748026986215,-4.69154709930733,1692,0.942,197.12892,"Unknown","[M+H]+","ion correlated with 2214; ion correlated with 2868; ion correlated with 1916; ion correlated with 1499; ion correlated with 855",0.036,FALSE,"null","null","null","null",999,FALSE,FALSE,FALSE,"null","null","null","null","null",90.91,4224.66666666667,105.628776524414,18,"Exudate vs Soil","Exudate","Not selected",0,0,3,3,FALSE,FALSE,TRUE,TRUE,"Exudate only","Early RT","No MS/MS assignment","Unknown","Tier 4: large effect only"
"F2395_mz248.8824_rt0.42",-7.86249589360384,12.7361694568985,-1.9631613958642,0.107572193670746,0.345687723817531,-4.70646188270305,2395,0.424,248.88235,"Unknown","[M+H]+",NA,0.107,FALSE,"null","null","null","null",999,FALSE,FALSE,FALSE,"null","null","null","null","null",79.33,0,170979,13,"Exudate vs Soil","Soil","Not selected",0,0,2,3,FALSE,FALSE,TRUE,TRUE,"Exudate only","Very early RT","No MS/MS assignment","Unknown","Tier 4: large effect only"
"F1285_mz169.095_rt0.41",6.24385717812111,10.0110794917062,1.95742273385988,0.108360536468574,0.345687723817531,-4.71367477000682,1285,0.412,169.09497,"Unknown","[M+H]+","ion correlated with 1831; ion correlated with 1304; ion correlated with 4409",0.357,TRUE,"null","null","null","null",999,FALSE,FALSE,FALSE,"null","null","null","null","null",235.19,54434.6666666667,49.3990275983271,22,"Exudate vs Soil","Exudate","Not selected",2,3,3,2,TRUE,TRUE,TRUE,TRUE,"Leaf + Root + Exudate","Very early RT","MS/MS available","Unknown","Tier 4: large effect only"
"F2179_mz231.0979_rt0.49",1.12176889330923,12.7714904798661,1.9599836833812,0.108007987552071,0.345687723817531,-4.71045613622722,2179,0.491,231.09792,"Unknown","[M+H]+",NA,0.357,FALSE,"null","null","null","null",999,FALSE,FALSE,FALSE,"null","null","null","null","null",96.07,2931.66666666667,190.670152307343,24,"Exudate vs Soil","Exudate","Not selected",3,3,3,3,TRUE,TRUE,TRUE,TRUE,"Leaf + Root + Exudate","Very early RT","No MS/MS assignment","Unknown","Tier 4: large effect only"
"F1707_mz198.8671_rt0.43",-7.3064574019836,12.3371313769054,-1.86313319265502,0.122208192687196,0.363477585975224,-4.83188781479098,1707,0.427,198.86711,"Unknown","[M+H]+","ion correlated with 2819",0.143,FALSE,"null","null","null","null",999,FALSE,FALSE,FALSE,"null","null","null","null","null",1264.03,0,131463,15,"Exudate vs Soil","Soil","Not selected",1,0,2,3,FALSE,FALSE,TRUE,TRUE,"Exudate only","Very early RT","No MS/MS assignment","Unknown","Tier 4: large effect only"
"F1934_mz214.8502_rt0.44",-7.17127141231643,12.135562738171,-1.84702311819269,0.124751200984396,0.36428792191715,-4.85201530460452,1934,0.435,214.85022,"Unknown","[M+H]+",NA,0.143,FALSE,"null","null","null","null",999,FALSE,FALSE,FALSE,"null","null","null","null","null",2845.74,0,321234,15,"Exudate vs Soil","Soil","Not selected",3,0,2,3,TRUE,FALSE,TRUE,TRUE,"Leaf + Exudate","Very early RT","No MS/MS assignment","Unknown","Tier 4: large effect only"
"F2590_mz264.1692_rt0.92",1.70167041752678,11.9108313051942,1.85475998838378,0.123523197715524,0.36428792191715,-4.84235207834722,2590,0.916,264.16922,"Unknown","[M+H]+","ion correlated with 4044; ion correlated with 2237; ion correlated with 4194; ion correlated with 1933; ion correlated with 845; ion correlated with 4393; ion correlated with 4302; ion correlated with 4005; ion correlated with 4390",0.071,FALSE,"null","null","null","null",999,FALSE,FALSE,FALSE,"null","null","null","null","null",19.46,776.333333333333,221.879073756432,16,"Exudate vs Soil","Exudate","Not selected",0,1,3,3,FALSE,FALSE,TRUE,TRUE,"Exudate only","Early RT","No MS/MS assignment","Unknown","Tier 4: large effect only"
"F423_mz109.5218_rt7.93",-1.63573213570957,13.9620197951461,-1.82978386749144,0.127532719266373,0.36672271556679,-4.87352582839249,423,7.931,109.52176,"Unknown","[M+H]+","ion correlated with 2557",0.071,FALSE,"null","null","null","null",999,FALSE,FALSE,FALSE,"null","null","null","null","null",15.73,12454.3333333333,9.43290692073007,24,"Exudate vs Soil","Soil","Not selected",3,3,3,3,TRUE,TRUE,TRUE,TRUE,"Leaf + Root + Exudate","RT >= 1 min","No MS/MS assignment","Unknown","Tier 4: large effect only"
"F2592_mz264.8565_rt0.43",-7.6830066016087,13.1299088487401,-1.82598568779771,0.128154050515046,0.367746405825785,-4.87826099537086,2592,0.426,264.85648,"Unknown","[M+H]+",NA,0.214,FALSE,"null","null","null","null",999,FALSE,FALSE,FALSE,"null","null","null","null","null",117.34,0,223967,14,"Exudate vs Soil","Soil","Not selected",0,0,2,3,FALSE,FALSE,TRUE,TRUE,"Exudate only","Very early RT","No MS/MS assignment","Unknown","Tier 4: large effect only"
"F2511_mz258.1104_rt0.46",1.12374819121813,15.8525130146521,1.82344012624554,0.128572204958519,0.368062967446085,-4.88143368167199,2511,0.455,258.11044,"Unknown","[M+H]+","ion correlated with 992; ion correlated with 582; ion correlated with 1228; ion correlated with 63",0.571,TRUE,"null","null","null","null",999,FALSE,FALSE,FALSE,"null","null","null","null","null",4164.03,1724,21198.5002898551,24,"Exudate vs Soil","Exudate","Not selected",3,3,3,3,TRUE,TRUE,TRUE,TRUE,"Leaf + Root + Exudate","Very early RT","MS/MS available","Unknown","Tier 4: large effect only"
"F1261_mz167.4868_rt0.48",-7.27543176154572,12.4906385898572,-1.80368341519349,0.131865432826397,0.370592185412293,-4.90603363658722,1261,0.481,167.48677,"Unknown","[M+H]+","similar chromatogram in higher mz_1265",0.179,FALSE,"null","null","null","null",999,FALSE,FALSE,FALSE,"null","null","null","null","null",1499.63,0,366336,10,"Exudate vs Soil","Soil","Not selected",0,3,2,3,FALSE,TRUE,TRUE,TRUE,"Root + Exudate","Very early RT","No MS/MS assignment","Unknown","Tier 4: large effect only"
"F1711_mz199.0633_rt0.46",-1.50383890030687,13.2232498329665,-1.80648859901118,0.131392636955214,0.370592185412293,-4.90254343894306,1711,0.462,199.06331,"Unknown","[M+2H]2+","ion correlated with 3384; ion correlated with 1822; ion correlated with 245",0.143,FALSE,"null","null","null","null",999,FALSE,FALSE,FALSE,"null","null","null","null","null",42.44,17199.3333333333,62.2278638010891,23,"Exudate vs Soil","Soil","Not selected",3,3,3,3,TRUE,TRUE,TRUE,TRUE,"Leaf + Root + Exudate","Very early RT","No MS/MS assignment","Unknown","Tier 4: large effect only"
"F1109_mz157.0352_rt0.64",-1.90175350937326,21.3637282363389,-1.75941497514614,0.139560463624696,0.383376983914034,-4.96098560482474,1109,0.642,157.03522,"Unknown","[M+H]+","ion correlated with 1110",0.714,TRUE,"null","null","null","null",999,FALSE,FALSE,FALSE,"null","null","null","null","null",7318.87,282524.666666667,377.634592491302,24,"Exudate vs Soil","Soil","Not selected",3,3,3,3,TRUE,TRUE,TRUE,TRUE,"Leaf + Root + Exudate","Early RT","MS/MS available","Unknown","Tier 4: large effect only"
"F4203_mz410.849_rt0.42",1.5759871163591,15.8250840465488,1.75096729572839,0.141079977782017,0.384158839304273,-4.97144304846112,4203,0.416,410.84897,"Unknown","[M+H]+","ion correlated with 2547; ion correlated with 3417; ion correlated with 3589",0.464,FALSE,"null","null","null","null",999,FALSE,FALSE,FALSE,"null","null","null","null","null",3444.67,0,386085,20,"Exudate vs Soil","Exudate","Not selected",0,2,3,3,FALSE,TRUE,TRUE,TRUE,"Root + Exudate","Very early RT","No MS/MS assignment","Unknown","Tier 4: large effect only"
"F1889_mz211.0869_rt1.82",1.13688778949765,12.3032809087073,1.74679183702283,0.141837213874505,0.384403250818749,-4.97660821829,1889,1.816,211.08687,"Unknown","[M+H]+",NA,0.429,TRUE,"null","null","null","null",999,FALSE,FALSE,FALSE,"null","null","null","null","null",196.53,6165,251.086279597794,24,"Exudate vs Soil","Exudate","Not selected",3,3,3,3,TRUE,TRUE,TRUE,TRUE,"Leaf + Root + Exudate","RT >= 1 min","MS/MS available","Unknown","Tier 4: large effect only"
"F2421_mz251.1647_rt1.17",-1.62254367306954,11.3895648427172,-1.74352764837552,0.142432053178155,0.384405278115699,-4.98064440205094,2421,1.168,251.1647,"Unknown","[M+H]+",NA,0.036,TRUE,"null","null","null","null",999,FALSE,FALSE,FALSE,"null","null","null","null","null",20.64,10062.6666666667,28.5407903017456,23,"Exudate vs Soil","Soil","Not selected",3,2,3,3,TRUE,TRUE,TRUE,TRUE,"Leaf + Root + Exudate","RT >= 1 min","MS/MS available","Unknown","Tier 4: large effect only"
"F3416_mz326.827_rt0.42",-7.20018786510432,12.7099025064464,-1.73716641327396,0.143598537246531,0.384966291341763,-4.98850570059785,3416,0.423,326.827,"Unknown","[M+H]+",NA,0.071,FALSE,"null","null","null","null",999,FALSE,FALSE,FALSE,"null","null","null","null","null",47.97,0,138592,11,"Exudate vs Soil","Soil","Not selected",2,0,2,3,TRUE,FALSE,TRUE,TRUE,"Leaf + Exudate","Very early RT","No MS/MS assignment","Unknown","Tier 4: large effect only"
"F3310_mz317.1461_rt0.47",-2.2142733498103,12.7975967058063,-1.73741552803544,0.143552674822649,0.384966291341763,-4.98819795175765,3310,0.468,317.14609,"Unknown","[M+H]+","ion correlated with 1760; ion correlated with 2409; ion correlated with 2787; ion correlated with 2588; ion correlated with 3447",0.214,FALSE,"null","null","null","null",999,FALSE,FALSE,FALSE,"null","null","null","null","null",284.35,765.333333333333,1299.19312744672,24,"Exudate vs Soil","Soil","Not selected",3,3,3,3,TRUE,TRUE,TRUE,TRUE,"Leaf + Root + Exudate","Very early RT","No MS/MS assignment","Unknown","Tier 4: large effect only"
"F1136_mz159.031_rt0.64",-1.8858979695685,17.6446097923101,-1.7270213802758,0.145478889765017,0.38850431833201,-5.00103077647323,1136,0.641,159.03099,"Unknown","[M+H]+","ion correlated with 1137",0.714,TRUE,"null","null","null","null",999,FALSE,FALSE,FALSE,"null","null","null","null","null",740.12,23308.6666666667,372.240415278354,24,"Exudate vs Soil","Soil","Not selected",3,3,3,3,TRUE,TRUE,TRUE,TRUE,"Leaf + Root + Exudate","Early RT","MS/MS available","Unknown","Tier 4: large effect only"
"F3661_mz349.0082_rt0.44",-5.79247325945419,10.3481875770191,-1.66729090226424,0.157063544473924,0.408846771437699,-5.07444180410816,3661,0.435,349.00824,"Unknown","[M+H]+","ion correlated with 4589; ion correlated with 4630; ion correlated with 4891; ion correlated with 4424; ion correlated with 4701; ion correlated with 4731; ion correlated with 4260; ion correlated with 4493; ion correlated with 4249; ion correlated with 4623; ion correlated with 4824; ion correlated with 3531; ion correlated with 3069; ion correlated with 3273; ion correlated with 4528; ion correlated with 714; ion correlated with 998; ion correlated with 1872; ion correlated with 4124; ion correlated with 4451; ion correlated with 4646; ion correlated with 2129; ion correlated with 977; ion correlated with 3086",0.071,FALSE,"null","null","null","null",999,FALSE,FALSE,FALSE,"null","null","null","null","null",3535.95,0,186733,11,"Exudate vs Soil","Soil","Not selected",3,0,2,3,TRUE,FALSE,TRUE,TRUE,"Leaf + Exudate","Very early RT","No MS/MS assignment","Unknown","Tier 4: large effect only"
"F1977_mz217.0686_rt0.48",-7.73691772335416,13.914708234297,-1.6426905844845,0.162099401645346,0.416465712813778,-5.10449491159841,1977,0.48,217.0686,"Unknown","[M+H]+","ion correlated with 1657; ion correlated with 1901",0.536,TRUE,"null","null","null","null",999,FALSE,FALSE,FALSE,"null","null","null","null","null",129.63,3379.66666666667,1254.25527509367,21,"Exudate vs Soil","Soil","Not selected",3,3,2,3,TRUE,TRUE,TRUE,TRUE,"Leaf + Root + Exudate","Very early RT","MS/MS available","Unknown","Tier 4: large effect only"
"F5114_mz758.5663_rt9.7",-4.98504499622295,8.80635027038707,-1.64211290963885,0.162219570448194,0.416465712813778,-5.10519925178438,5114,9.698,758.56628,"Unknown","[M+H]+","ion correlated with 3953; ion correlated with 5054",0.107,FALSE,"null","null","null","null",999,FALSE,FALSE,FALSE,"null","null","null","null","null",52.85,268,959.171003717472,10,"Exudate vs Soil","Soil","Not selected",1,0,2,3,FALSE,FALSE,TRUE,TRUE,"Exudate only","RT >= 1 min","No MS/MS assignment","Unknown","Tier 4: large effect only"
"F2813_mz280.1395_rt0.68",1.77544497985199,12.7603125545325,1.64192168594868,0.162259368628744,0.416465712813778,-5.10543239035162,2813,0.679,280.13953,"Unknown","[M+H]+",NA,0.429,TRUE,"null","null","null","null",999,FALSE,FALSE,FALSE,"null","null","null","null","null",754.5,17874.6666666667,1780.95203908479,18,"Exudate vs Soil","Exudate","Not selected",0,0,3,3,FALSE,FALSE,TRUE,TRUE,"Exudate only","Early RT","MS/MS available","Unknown","Tier 4: large effect only"
"F1027_mz149.9529_rt0.4",5.84536727011526,10.5485005108158,1.63556764626719,0.163587335351821,0.418324809589712,-5.11317512784389,1027,0.396,149.95294,"Unknown","[M+H]+","ion correlated with 2187; ion correlated with 1165",0.214,FALSE,"null","null","null","null",999,FALSE,FALSE,FALSE,"null","null","null","null","null",51.82,10558.3333333333,18.1397815518656,23,"Exudate vs Soil","Exudate","Not selected",3,3,3,2,TRUE,TRUE,TRUE,TRUE,"Leaf + Root + Exudate","Very early RT","No MS/MS assignment","Unknown","Tier 4: large effect only"
"F315_mz100.5431_rt0.4",-1.03608507158095,15.8180338214524,-1.58388689690475,0.17479651649104,0.439687789213397,-5.17584226297201,315,0.401,100.54313,"Unknown","[M+H]+",NA,0.036,FALSE,"null","null","null","null",999,FALSE,FALSE,FALSE,"null","null","null","null","null",46.67,665,233.376876876877,20,"Exudate vs Soil","Soil","Not selected",2,2,3,3,TRUE,TRUE,TRUE,TRUE,"Leaf + Root + Exudate","Very early RT","No MS/MS assignment","Unknown","Tier 4: large effect only"
"F1551_mz188.0229_rt0.39",-6.40773826518986,12.0123023990623,-1.56564757279739,0.178930837362301,0.443191372759429,-5.19781884050149,1551,0.393,188.02287,"Unknown","[M+H]+",NA,0.143,FALSE,"null","null","null","null",999,FALSE,FALSE,FALSE,"null","null","null","null","null",53.95,0,322558,23,"Exudate vs Soil","Soil","Not selected",3,3,2,3,TRUE,TRUE,TRUE,TRUE,"Leaf + Root + Exudate","Very early RT","No MS/MS assignment","Unknown","Tier 4: large effect only"
"F1304_mz171.0168_rt0.44",-5.96415676709402,11.4063815646079,-1.56372460075625,0.17937227951392,0.443191372759429,-5.20013131350579,1304,0.44,171.01677,"Unknown","[M+H]+","ion correlated with 1285; ion correlated with 1831; ion correlated with 4460; ion correlated with 4903",0.357,FALSE,"null","null","null","null",999,FALSE,FALSE,FALSE,"null","null","null","null","null",107.39,0,2595263,21,"Exudate vs Soil","Soil","Not selected",3,3,2,3,TRUE,TRUE,TRUE,TRUE,"Leaf + Root + Exudate","Very early RT","No MS/MS assignment","Unknown","Tier 4: large effect only"
"F33_mz66.0192_rt0.38",-1.07477849482013,16.6200986328717,-1.55008394470801,0.182534469846249,0.445409815505108,-5.21650948942366,33,0.381,66.01916,"Unknown","[M+H]+","similar chromatogram in higher mz_99",0.179,FALSE,"null","null","null","null",999,FALSE,FALSE,FALSE,"null","null","null","null","null",102.96,628,433.961844197138,24,"Exudate vs Soil","Soil","Not selected",3,3,3,3,TRUE,TRUE,TRUE,TRUE,"Leaf + Root + Exudate","Very early RT","No MS/MS assignment","Unknown","Tier 4: large effect only"
"F1177_mz162.1127_rt0.45",-1.45577678194094,14.3666036398191,-1.53602734267968,0.185850163858157,0.450487554643403,-5.23333937392021,1177,0.451,162.11272,"Unknown","[M+H]+",NA,0.071,FALSE,"null","null","null","null",999,FALSE,FALSE,FALSE,"null","null","null","null","null",181.89,7071.33333333333,141.089220907763,21,"Exudate vs Soil","Soil","Not selected",0,3,3,3,FALSE,TRUE,TRUE,TRUE,"Root + Exudate","Very early RT","No MS/MS assignment","Unknown","Tier 4: large effect only"
"F3114_mz301.2167_rt4.53",4.73382422096937,9.09691993182408,1.53089146166434,0.187076238188694,0.45249038751085,-5.23947614138201,3114,4.532,301.21674,"Unknown","[M+H]+","ion correlated with 3682; ion correlated with 2877; ion correlated with 3526; ion correlated with 3827",0.071,TRUE,"null","null","null","null",999,FALSE,FALSE,FALSE,"null","null","null","null","null",10.01,1757,274.836746302617,23,"Exudate vs Soil","Exudate","Not selected",3,3,3,2,TRUE,TRUE,TRUE,TRUE,"Leaf + Root + Exudate","RT >= 1 min","MS/MS available","Unknown","Tier 4: large effect only"
"F776_mz133.0609_rt0.45",5.60175746117132,10.9441196104703,1.51610692069572,0.190649881787446,0.457163903386506,-5.25710391172955,776,0.454,133.06094,"Unknown","[M+H]+","ion correlated with 387; ion correlated with 783",0.643,TRUE,"null","null","null","null",999,FALSE,FALSE,FALSE,"null","null","null","null","null",905.35,2556.33333333333,5083.35140771637,23,"Exudate vs Soil","Exudate","Not selected",3,3,3,2,TRUE,TRUE,TRUE,TRUE,"Leaf + Root + Exudate","Very early RT","MS/MS available","Unknown","Tier 4: large effect only"
"F5054_mz716.522_rt9.7",-4.82712504973729,8.97808926030569,-1.51376673579951,0.191221595072303,0.457742885613492,-5.25988888172191,5054,9.701,716.52203,"Unknown","[M+H]+","ion correlated with 3953; ion correlated with 5114",0.107,FALSE,"null","null","null","null",999,FALSE,FALSE,FALSE,"null","null","null","null","null",40.99,13498.3333333333,29.6247962862364,19,"Exudate vs Soil","Soil","Not selected",2,2,2,3,TRUE,TRUE,TRUE,TRUE,"Leaf + Root + Exudate","RT >= 1 min","No MS/MS assignment","Unknown","Tier 4: large effect only"
"F3390_mz323.1471_rt1.25",4.83104166035835,9.31645984994295,1.50977516188208,0.192200593214241,0.458502619956863,-5.26463574173512,3390,1.246,323.14713,"Unknown","[M+H]+","ion correlated with 2645; ion correlated with 3799; ion correlated with 3568",0.036,FALSE,"null","null","null","null",999,FALSE,FALSE,FALSE,"null","null","null","null","null",27.96,1089.66666666667,97.0452322738386,22,"Exudate vs Soil","Exudate","Not selected",3,2,3,2,TRUE,TRUE,TRUE,TRUE,"Leaf + Root + Exudate","RT >= 1 min","No MS/MS assignment","Unknown","Tier 4: large effect only"
"F3221_mz310.1138_rt0.47",5.74621833506184,11.3243207675716,1.50632392574268,0.1930509866181,0.459739978441042,-5.26873657245157,3221,0.467,310.11377,"Unknown","[M+H]+","ion correlated with 3541; ion correlated with 3021; ion correlated with 2409; ion correlated with 2026; ion correlated with 3032; ion correlated with 2588; ion correlated with 3427; ion correlated with 2572",0.286,TRUE,"null","null","null","null",999,FALSE,FALSE,FALSE,"null","null","null","null","null",341.2,0,2990509,17,"Exudate vs Soil","Exudate","Not selected",0,0,3,2,FALSE,FALSE,TRUE,TRUE,"Exudate only","Very early RT","MS/MS available","Unknown","Tier 4: large effect only"
"F4169_mz406.8263_rt0.42",5.5957526984766,11.0331080296318,1.50292574351144,0.193891873920282,0.460950492716142,-5.27277121332085,4169,0.416,406.82626,"Unknown","[M+H]+","ion correlated with 4259; ion correlated with 4589; ion correlated with 4630; ion correlated with 4787; ion correlated with 4463; ion correlated with 4731; ion correlated with 1230; ion correlated with 4249; ion correlated with 4623; ion correlated with 3273; ion correlated with 998; ion correlated with 1872; ion correlated with 4124; ion correlated with 1301; ion correlated with 3142; ion correlated with 2129; ion correlated with 977; ion correlated with 3086",0.107,FALSE,"null","null","null","null",999,FALSE,FALSE,FALSE,"null","null","null","null","null",2775.05,0,233037,20,"Exudate vs Soil","Exudate","Not selected",3,2,3,2,TRUE,TRUE,TRUE,TRUE,"Leaf + Root + Exudate","Very early RT","No MS/MS assignment","Unknown","Tier 4: large effect only"
"F4548_mz478.8365_rt0.42",6.42782578125144,12.630964215774,1.49333297782962,0.196284823454379,0.464250452743634,-5.2841435745906,4548,0.415,478.83652,"Unknown","[M+H]+","ion correlated with 4096",0.429,FALSE,"null","null","null","null",999,FALSE,FALSE,FALSE,"null","null","null","null","null",2668.9,0,354932,19,"Exudate vs Soil","Exudate","Not selected",0,2,3,2,FALSE,TRUE,TRUE,TRUE,"Root + Exudate","Very early RT","No MS/MS assignment","Unknown","Tier 4: large effect only"
"F186_mz86.5058_rt0.39",-1.37814012162494,16.7436759562325,-1.48971025135342,0.197195942033473,0.464468618205014,-5.28843173089074,186,0.391,86.50579,"Unknown","[M+H]+","ion correlated with 2661",0.393,FALSE,"null","null","null","null",999,FALSE,FALSE,FALSE,"null","null","null","null","null",732.03,0,485757,13,"Exudate vs Soil","Soil","Not selected",3,3,3,3,TRUE,TRUE,TRUE,TRUE,"Leaf + Root + Exudate","Very early RT","No MS/MS assignment","Unknown","Tier 4: large effect only"
"F1363_mz174.149_rt0.89",-5.43158566667633,10.5093598911296,-1.48305947487567,0.198879271320231,0.467197745847188,-5.29629452552591,1363,0.891,174.14897,"Unknown","[M+H]+","ion correlated with 252; ion correlated with 1324; ion correlated with 1071; ion correlated with 842; ion correlated with 1730; ion correlated with 4880; found in higher mz's MsMs_2403",0.214,FALSE,"null","null","null","null",999,FALSE,FALSE,FALSE,"null","null","null","null","null",86.48,0,1150705,15,"Exudate vs Soil","Soil","Not selected",3,3,2,3,TRUE,TRUE,TRUE,TRUE,"Leaf + Root + Exudate","Early RT","No MS/MS assignment","Unknown","Tier 4: large effect only"
"F22_mz63.9979_rt0.52",-1.42024507308434,13.9076615977785,-1.47811509608724,0.200139690457227,0.469363131935222,-5.30213180162599,22,0.524,63.99794,"Unknown","[M+H]+","found in higher mz's MsMs_109; found in higher mz's MsMs_1108; found in higher mz's MsMs_1135; found in higher mz's MsMs_100",0.643,TRUE,"null","null","null","null",999,FALSE,FALSE,FALSE,"null","null","null","null","null",2525.49,110460,65.3030028697911,24,"Exudate vs Soil","Soil","Not selected",3,3,3,3,TRUE,TRUE,TRUE,TRUE,"Leaf + Root + Exudate","Early RT","MS/MS available","Unknown","Tier 4: large effect only"
"F2252_mz238.0926_rt0.46",1.50158473846324,12.8372056704812,1.46603785243578,0.203250878015269,0.472660598874434,-5.31636032871821,2252,0.455,238.09259,"Unknown","[M+H]+","ion correlated with 2409; ion correlated with 2026; ion correlated with 3221; ion correlated with 2588; ion correlated with 2539",0.429,FALSE,"null","null","null","null",999,FALSE,FALSE,FALSE,"null","null","null","null","null",158.65,2581,557.039891556933,22,"Exudate vs Soil","Exudate","Not selected",1,3,3,3,FALSE,TRUE,TRUE,TRUE,"Root + Exudate","Very early RT","No MS/MS assignment","Unknown","Tier 4: large effect only"
"F3220_mz309.9744_rt0.39",-5.46152476407352,10.932631385173,-1.4518898244588,0.206954693218492,0.476726661680075,-5.33297366365741,3220,0.389,309.9744,"Unknown","[M+H]+",NA,0.214,FALSE,"null","null","null","null",999,FALSE,FALSE,FALSE,"null","null","null","null","null",2317.04,0,200903,23,"Exudate vs Soil","Soil","Not selected",3,3,2,3,TRUE,TRUE,TRUE,TRUE,"Leaf + Root + Exudate","Very early RT","No MS/MS assignment","Unknown","Tier 4: large effect only"
"F3247_mz312.1671_rt0.46",5.23074150950741,10.5066745122271,1.4520960660144,0.206900238775973,0.476726661680075,-5.33273191702568,3247,0.464,312.16714,"Unknown","[M+H]+",NA,0.107,FALSE,"null","null","null","null",999,FALSE,FALSE,FALSE,"null","null","null","null","null",83.8,11296.3333333333,62.6091112947008,14,"Exudate vs Soil","Exudate","Not selected",3,1,3,2,TRUE,FALSE,TRUE,TRUE,"Leaf + Exudate","Very early RT","No MS/MS assignment","Unknown","Tier 4: large effect only"
"F375_mz105.0549_rt0.88",4.81483950123086,9.71697533719902,1.44594650027319,0.208529838361643,0.47881378570392,-5.33993457175088,375,0.878,105.0549,"Unknown","[M+H]+","ion correlated with 3710; ion correlated with 4069; ion correlated with 4342; ion correlated with 3389; ion correlated with 3377; ion correlated with 3860; ion correlated with 1886; ion correlated with 2595",0.036,FALSE,"null","null","null","null",999,FALSE,FALSE,FALSE,"null","null","null","null","null",16.7,3635.33333333333,41.9950499587497,9,"Exudate vs Soil","Exudate","Not selected",3,0,3,2,TRUE,FALSE,TRUE,TRUE,"Leaf + Exudate","Early RT","No MS/MS assignment","Unknown","Tier 4: large effect only"
"F3547_mz337.2354_rt2.38",4.53680660114162,9.2471060591537,1.44341331039405,0.209204688447539,0.479268922625272,-5.34289818510605,3547,2.381,337.23538,"Unknown","[M+H]+",NA,0.25,TRUE,"null","null","null","null",999,FALSE,FALSE,FALSE,"null","null","null","null","null",82.99,12442.3333333333,85.6903830699169,21,"Exudate vs Soil","Exudate","Not selected",2,3,3,2,TRUE,TRUE,TRUE,TRUE,"Leaf + Root + Exudate","RT >= 1 min","MS/MS available","Unknown","Tier 4: large effect only"
"F1592_mz191.1029_rt0.48",5.12103814370925,10.3986940461728,1.44166747487159,0.209671001020474,0.479544566690391,-5.34493950731199,1592,0.476,191.10289,"Unknown","[M+H]+","similar chromatogram in higher mz_3388; similar chromatogram in higher mz_2873; similar chromatogram in higher mz_4065",0.5,FALSE,"null","null","null","null",999,FALSE,FALSE,FALSE,"null","null","null","null","null",107.12,1018,1881.97546614328,23,"Exudate vs Soil","Exudate","Not selected",3,3,3,2,TRUE,TRUE,TRUE,TRUE,"Leaf + Root + Exudate","Very early RT","No MS/MS assignment","Unknown","Tier 4: large effect only"
"F1228_mz166.0534_rt0.46",5.38541240062473,10.9591233078987,1.43554300878512,0.211314718806578,0.480923153146004,-5.35209305127117,1228,0.461,166.05345,"Unknown","[M+H]+","ion correlated with 992; ion correlated with 582; ion correlated with 2511; ion correlated with 63; similar chromatogram in higher mz_1266; similar chromatogram in higher mz_1505; similar chromatogram in higher mz_2215; similar chromatogram in higher mz_2227; similar chromatogram in higher mz_2409; similar chromatogram in higher mz_3511; similar chromatogram in higher mz_4315; similar chromatogram in higher mz_4643; similar chromatogram in higher mz_4669; similar chromatogram in higher mz_4925; similar chromatogram in higher mz_5033",0.464,TRUE,"null","null","null","null",999,FALSE,FALSE,FALSE,"null","null","null","null","null",2691.75,10217.3333333333,3827.21327679008,23,"Exudate vs Soil","Exudate","Not selected",3,3,3,2,TRUE,TRUE,TRUE,TRUE,"Leaf + Root + Exudate","Very early RT","MS/MS available","Unknown","Tier 4: large effect only"
"F3032_mz296.0981_rt0.46",5.50003761851414,11.2469919167378,1.43392127459349,0.211752026721915,0.481128375469795,-5.35398531343312,3032,0.46,296.09814,"Unknown","[M+H]+","ion correlated with 3221; ion correlated with 3427; ion correlated with 2572",0.214,FALSE,"null","null","null","null",999,FALSE,FALSE,FALSE,"null","null","null","null","null",300.23,0,2574992,23,"Exudate vs Soil","Exudate","Not selected",3,3,3,2,TRUE,TRUE,TRUE,TRUE,"Leaf + Root + Exudate","Very early RT","No MS/MS assignment","Unknown","Tier 4: large effect only"
"F3764_mz358.8352_rt0.42",1.54338026963427,14.7079355683767,1.42816678810667,0.213310732793425,0.483876719560863,-5.36069301963754,3764,0.417,358.83517,"Unknown","[M+H]+",NA,0.357,FALSE,"null","null","null","null",999,FALSE,FALSE,FALSE,"null","null","null","null","null",1059.93,0,198312,23,"Exudate vs Soil","Exudate","Not selected",3,2,3,3,TRUE,TRUE,TRUE,TRUE,"Leaf + Root + Exudate","Very early RT","No MS/MS assignment","Unknown","Tier 4: large effect only"
"F2236_mz236.1759_rt0.68",-5.57188387582593,11.5348498677341,-1.41329852552584,0.217388859359166,0.488118333256504,-5.37797499238151,2236,0.677,236.17593,"Unknown","[M+H]+","ion correlated with 5146; ion correlated with 4364",0.036,FALSE,"null","null","null","null",999,FALSE,FALSE,FALSE,"null","null","null","null","null",41.89,17726.3333333333,22.2926366063706,16,"Exudate vs Soil","Soil","Not selected",0,0,2,3,FALSE,FALSE,TRUE,TRUE,"Exudate only","Early RT","No MS/MS assignment","Unknown","Tier 4: large effect only"
"F1599_mz191.1434_rt1.38",4.47322198159162,9.24459842729865,1.41521102724851,0.216860162840245,0.488118333256504,-5.37575603984737,1599,1.379,191.14336,"Unknown","[M+H]+","ion correlated with 2618; ion correlated with 3162; ion correlated with 3382; ion correlated with 1288; ion correlated with 2747; ion correlated with 3870; ion correlated with 4967; ion correlated with 3872; ion correlated with 3655; ion correlated with 3711; ion correlated with 3249; ion correlated with 4926; ion correlated with 4051; ion correlated with 3925; ion correlated with 4972; similar chromatogram in higher mz_3711; similar chromatogram in higher mz_3655; similar chromatogram in higher mz_4657; similar chromatogram in higher mz_5113",0.036,FALSE,"null","null","null","null",999,FALSE,FALSE,FALSE,"null","null","null","null","null",16.4,955.666666666667,210.49756097561,19,"Exudate vs Soil","Exudate","Not selected",3,2,3,2,TRUE,TRUE,TRUE,TRUE,"Leaf + Root + Exudate","RT >= 1 min","No MS/MS assignment","Unknown","Tier 4: large effect only"
"F1985_mz217.105_rt8.02",-1.01917355760856,15.4794830312689,-1.4133582736154,0.217372323930161,0.488118333256504,-5.37790568867654,1985,8.023,217.105,"Unknown","[M+H]+",NA,0.036,FALSE,"null","null","null","null",999,FALSE,FALSE,FALSE,"null","null","null","null","null",34.36,27275.3333333333,7.58903322782877,24,"Exudate vs Soil","Soil","Not selected",3,3,3,3,TRUE,TRUE,TRUE,TRUE,"Leaf + Root + Exudate","RT >= 1 min","No MS/MS assignment","Unknown","Tier 4: large effect only"
"F4518_mz471.3791_rt0.39",-6.37415985031289,13.4187208124267,-1.37773634173439,0.227445183252105,0.500688418237145,-5.41901183005654,4518,0.392,471.37906,"Unknown","[M+H]+","ion correlated with 3231",0.036,FALSE,"null","null","null","null",999,FALSE,FALSE,FALSE,"null","null","null","null","null",129.25,0,189389,5,"Exudate vs Soil","Soil","Not selected",0,0,2,3,FALSE,FALSE,TRUE,TRUE,"Exudate only","Very early RT","No MS/MS assignment","Unknown","Tier 4: large effect only"
"F3694_mz351.217_rt1.44",4.64847473363645,9.85840492757344,1.36931434326117,0.229890288386728,0.500688418237145,-5.42866634027668,3694,1.439,351.21701,"Unknown","[M+H]+",NA,0.036,FALSE,"null","null","null","null",999,FALSE,FALSE,FALSE,"null","null","null","null","null",35.73,4419.66666666667,75.0669582265118,23,"Exudate vs Soil","Exudate","Not selected",3,3,3,2,TRUE,TRUE,TRUE,TRUE,"Leaf + Root + Exudate","RT >= 1 min","No MS/MS assignment","Unknown","Tier 4: large effect only"
"F3589_mz342.8614_rt0.42",1.74271283315803,15.6764021619198,1.37444439937314,0.228397982937236,0.500688418237145,-5.422788520033,3589,0.417,342.86136,"Unknown","[M+H]+","ion correlated with 2547; ion correlated with 4203",0.5,FALSE,"null","null","null","null",999,FALSE,FALSE,FALSE,"null","null","null","null","null",1193.87,0,360648,24,"Exudate vs Soil","Exudate","Not selected",3,3,3,3,TRUE,TRUE,TRUE,TRUE,"Leaf + Root + Exudate","Very early RT","No MS/MS assignment","Unknown","Tier 4: large effect only"
"F440_mz111.0204_rt8.02",-1.25758644914025,16.0052593442745,-1.37546779588933,0.228101375368131,0.500688418237145,-5.42161483508902,440,8.023,111.0204,"Unknown","[M+H]+",NA,0.036,TRUE,"null","null","null","null",999,FALSE,FALSE,FALSE,"null","null","null","null","null",5.07,48985.3333333333,7.30291441830715,24,"Exudate vs Soil","Soil","Not selected",3,3,3,3,TRUE,TRUE,TRUE,TRUE,"Leaf + Root + Exudate","RT >= 1 min","MS/MS available","Unknown","Tier 4: large effect only"
"F4685_mz524.8328_rt0.42",6.20153833595041,13.1600627566288,1.35983403852759,0.232672204781111,0.503094658075849,-5.43950370585219,4685,0.417,524.83282,"Unknown","[M+H]+",NA,0.107,FALSE,"null","null","null","null",999,FALSE,FALSE,FALSE,"null","null","null","null","null",2607.4,0,136610,19,"Exudate vs Soil","Exudate","Not selected",0,2,3,2,FALSE,TRUE,TRUE,TRUE,"Root + Exudate","Very early RT","No MS/MS assignment","Unknown","Tier 4: large effect only"
"F2139_mz228.135_rt0.99",4.53635692382621,9.74210261628492,1.34527042030918,0.237007334973753,0.50929018026918,-5.45608820130145,2139,0.992,228.13499,"Unknown","[M+H]+","ion correlated with 1867; ion correlated with 2082",0.321,FALSE,"null","null","null","null",999,FALSE,FALSE,FALSE,"null","null","null","null","null",128.46,187,5852.60106382979,17,"Exudate vs Soil","Exudate","Not selected",0,0,3,2,FALSE,FALSE,TRUE,TRUE,"Exudate only","Early RT","No MS/MS assignment","Unknown","Tier 4: large effect only"
"F1791_mz203.9713_rt9.71",6.00429091487325,12.8761766004582,1.33667943432551,0.239599894051646,0.513269633934437,-5.46583430018832,1791,9.707,203.97127,"Unknown","[M+H]+",NA,0.071,FALSE,"null","null","null","null",999,FALSE,FALSE,FALSE,"null","null","null","null","null",24.19,17346.3333333333,8.14102071403866,23,"Exudate vs Soil","Exudate","Not selected",3,3,3,2,TRUE,TRUE,TRUE,TRUE,"Leaf + Root + Exudate","RT >= 1 min","No MS/MS assignment","Unknown","Tier 4: large effect only"
"F1786_mz203.1394_rt0.97",4.56434632332355,9.92792855594852,1.3233938278889,0.243661272622365,0.517630516477734,-5.48085100161744,1786,0.969,203.13939,"Unknown","[M+H]+","ion correlated with 1958; ion correlated with 1993; ion correlated with 350; ion correlated with 2018; ion correlated with 2210; ion correlated with 1568; ion correlated with 2580",0.607,TRUE,"null","null","null","null",999,FALSE,FALSE,FALSE,"null","null","null","null","null",856.79,2518.66666666667,3826.93557348856,23,"Exudate vs Soil","Exudate","Not selected",3,3,3,2,TRUE,TRUE,TRUE,TRUE,"Leaf + Root + Exudate","Early RT","MS/MS available","Unknown","Tier 4: large effect only"
"F595_mz121.1011_rt5.77",1.43716764955409,11.3038934162233,1.32269577361751,0.243876426594488,0.517630516477734,-5.48163813110804,595,5.771,121.10114,"Unknown","[M+H]+","ion correlated with 4420; ion correlated with 796; ion correlated with 3908; ion correlated with 4091; ion correlated with 1025; ion correlated with 2876; ion correlated with 3316; ion correlated with 3749; ion correlated with 2473; found in higher mz's MsMs_3153",0.036,FALSE,"null","null","null","null",999,FALSE,FALSE,FALSE,"null","null","null","null","null",9.14,3981.66666666667,27.192333444928,24,"Exudate vs Soil","Exudate","Not selected",3,3,3,3,TRUE,TRUE,TRUE,TRUE,"Leaf + Root + Exudate","RT >= 1 min","No MS/MS assignment","Unknown","Tier 4: large effect only"
"F2833_mz282.1189_rt0.47",4.79107731778635,10.3774194579735,1.31413736269909,0.246528671120464,0.520280275321613,-5.49127317513991,2833,0.466,282.11887,"Unknown","[M+H]+","ion correlated with 2215; ion correlated with 2435; ion correlated with 2814; ion correlated with 2721",0.357,TRUE,"null","null","null","null",999,FALSE,FALSE,FALSE,"null","null","null","null","null",532.66,3647,2081.35334429825,21,"Exudate vs Soil","Exudate","Not selected",3,1,3,2,TRUE,FALSE,TRUE,TRUE,"Leaf + Exudate","Very early RT","MS/MS available","Unknown","Tier 4: large effect only"
"F1163_mz161.0925_rt1",4.16183246743598,9.05469635079688,1.31382375431516,0.24662636427583,0.520280275321613,-5.49162568878306,1163,1.003,161.0925,"Unknown","[M+H]+","ion correlated with 3362",0.071,FALSE,"null","null","null","null",999,FALSE,FALSE,FALSE,"null","null","null","null","null",93.28,2073.33333333333,127.896030853286,20,"Exudate vs Soil","Exudate","Not selected",3,0,3,2,TRUE,FALSE,TRUE,TRUE,"Leaf + Exudate","RT >= 1 min","No MS/MS assignment","Unknown","Tier 4: large effect only"
"F1987_mz217.1051_rt7.9",-1.0653005404806,15.3250515705802,-1.30374911268021,0.249783884925404,0.526140523566277,-5.50292938833134,1987,7.905,217.10512,"Unknown","[M+H]+","ion correlated with 335",0.036,FALSE,"null","null","null","null",999,FALSE,FALSE,FALSE,"null","null","null","null","null",37.19,35278.6666666667,6.30399947089447,24,"Exudate vs Soil","Soil","Not selected",3,3,3,3,TRUE,TRUE,TRUE,TRUE,"Leaf + Root + Exudate","RT >= 1 min","No MS/MS assignment","Unknown","Tier 4: large effect only"
"F859_mz139.9881_rt8.02",-1.31736657566191,14.8322035465619,-1.28922891174833,0.254400432185448,0.532626886720592,-5.51914908472062,859,8.023,139.9881,"Unknown","[M+H]+",NA,0.036,TRUE,"null","null","null","null",999,FALSE,FALSE,FALSE,"null","null","null","null","null",6.93,23784.3333333333,9.59885643814115,24,"Exudate vs Soil","Soil","Not selected",3,3,3,3,TRUE,TRUE,TRUE,TRUE,"Leaf + Root + Exudate","RT >= 1 min","MS/MS available","Unknown","Tier 4: large effect only"
"F1252_mz167.013_rt8.02",-1.73543621569531,14.1440903549898,-1.2813828309279,0.256927587455682,0.53308628175685,-5.52787750768146,1252,8.023,167.01305,"Unknown","[M+H]+",NA,0.036,FALSE,"null","null","null","null",999,FALSE,FALSE,FALSE,"null","null","null","null","null",4.57,8239.66666666667,23.5836501901141,24,"Exudate vs Soil","Soil","Not selected",3,3,3,3,TRUE,TRUE,TRUE,TRUE,"Leaf + Root + Exudate","RT >= 1 min","No MS/MS assignment","Unknown","Tier 4: large effect only"
"F1669_mz195.9489_rt0.66",-5.43481796024315,11.966503240435,-1.26617018364663,0.261893196660422,0.534586112770759,-5.54472743349674,1669,0.665,195.94887,"Unknown","[M+H]+",NA,0.107,FALSE,"null","null","null","null",999,FALSE,FALSE,FALSE,"null","null","null","null","null",54.96,1364.33333333333,306.4365234375,23,"Exudate vs Soil","Soil","Not selected",3,3,2,3,TRUE,TRUE,TRUE,TRUE,"Leaf + Root + Exudate","Early RT","No MS/MS assignment","Unknown","Tier 4: large effect only"
"F2243_mz237.0874_rt0.91",-4.53974815532362,10.0628066619951,-1.26632465204924,0.261842337645193,0.534586112770759,-5.54455683375586,2243,0.91,237.08736,"Unknown","[M+H]+","ion correlated with 824; ion correlated with 1911; ion correlated with 1867",0.321,FALSE,"null","null","null","null",999,FALSE,FALSE,FALSE,"null","null","null","null","null",138.51,0,1333731,21,"Exudate vs Soil","Soil","Not selected",3,1,2,3,TRUE,FALSE,TRUE,TRUE,"Leaf + Exudate","Early RT","No MS/MS assignment","Unknown","Tier 4: large effect only"
"F1630_mz193.1227_rt3.55",4.32255846098245,9.67375050384577,1.271654054979,0.26009314452409,0.534586112770759,-5.53866464011409,1630,3.547,193.12271,"Unknown","[M+H]+","ion correlated with 419; ion correlated with 779; ion correlated with 2157; ion correlated with 3115; ion correlated with 3702; ion correlated with 856; ion correlated with 3318; ion correlated with 3338; ion correlated with 397; ion correlated with 597; ion correlated with 625; ion correlated with 994; ion correlated with 1019; ion correlated with 1190; ion correlated with 1257; ion correlated with 1349; ion correlated with 1752; ion correlated with 2317; ion correlated with 2448; ion correlated with 2474; ion correlated with 2676; ion correlated with 2746; ion correlated with 2954; ion correlated with 3083; ion correlated with 3098; ion correlated with 3118; ion correlated with 3504; ion correlated with 3745; ion correlated with 3906; ion correlated with 5005; ion correlated with 5013; ion correlated with 5038; ion correlated with 5047; ion correlated with 3515",0.107,FALSE,"null","null","null","null",999,FALSE,FALSE,FALSE,"null","null","null","null","null",7.01,2409,245.783817427386,20,"Exudate vs Soil","Exudate","Not selected",3,3,3,2,TRUE,TRUE,TRUE,TRUE,"Leaf + Root + Exudate","RT >= 1 min","No MS/MS assignment","Unknown","Tier 4: large effect only"
"F538_mz117.9459_rt0.4",5.18510650999757,11.6759125053918,1.25973265317238,0.26402080899541,0.535772827624653,-5.55182813193597,538,0.398,117.9459,"Unknown","[M+H]+","ion correlated with 203; ion correlated with 2461; ion correlated with 2186; ion correlated with 3029; ion correlated with 2384; ion correlated with 2405; ion correlated with 422; ion correlated with 3696; ion correlated with 2798; ion correlated with 2366; found in higher mz's MsMs_881",0.214,FALSE,"null","null","null","null",999,FALSE,FALSE,FALSE,"null","null","null","null","null",109.38,29084.6666666667,26.5051858303632,11,"Exudate vs Soil","Exudate","Not selected",3,3,3,2,TRUE,TRUE,TRUE,TRUE,"Leaf + Root + Exudate","Very early RT","No MS/MS assignment","Unknown","Tier 4: large effect only"
"F2454_mz254.1237_rt0.7",4.60506872292933,10.3806061695522,1.26043631265619,0.263787482769832,0.535772827624653,-5.55105285346926,2454,0.7,254.12372,"Unknown","[M+H]+","similar chromatogram in higher mz_2838",0.464,TRUE,"null","null","null","null",999,FALSE,FALSE,FALSE,"null","null","null","null","null",268.8,4987.33333333333,518.831406615436,21,"Exudate vs Soil","Exudate","Not selected",3,1,3,2,TRUE,FALSE,TRUE,TRUE,"Leaf + Exudate","Early RT","MS/MS available","Unknown","Tier 4: large effect only"
"F2369_mz247.1084_rt1.19",-4.17612573101125,9.40018528269339,-1.26182975785615,0.263325985982632,0.535772827624653,-5.5495169514028,2369,1.187,247.10835,"Unknown","[M+H]+","ion correlated with 696; ion correlated with 1097; ion correlated with 2801",0.071,TRUE,"null","null","null","null",999,FALSE,FALSE,FALSE,"null","null","null","null","null",34.91,1053.33333333333,662.188112551375,19,"Exudate vs Soil","Soil","Not selected",2,0,2,3,TRUE,FALSE,TRUE,TRUE,"Leaf + Exudate","RT >= 1 min","MS/MS available","Unknown","Tier 4: large effect only"
"F4582_mz488.7899_rt0.42",5.7421277024998,13.0162935295195,1.25630210506392,0.265161041952114,0.536644957013424,-5.55560477207097,4582,0.416,488.78992,"Unknown","[M+H]+","ion correlated with 4156; ion correlated with 3927; ion correlated with 4463; ion correlated with 4725; ion correlated with 3142; ion correlated with 3708",0.107,FALSE,"null","null","null","null",999,FALSE,FALSE,FALSE,"null","null","null","null","null",8164.36,0,513165,23,"Exudate vs Soil","Exudate","Not selected",3,3,3,2,TRUE,TRUE,TRUE,TRUE,"Leaf + Root + Exudate","Very early RT","No MS/MS assignment","Unknown","Tier 4: large effect only"
"F1731_mz200.1285_rt0.78",4.53240764120587,10.2684839778091,1.2515608971432,0.266744295268857,0.536644957013424,-5.56081586632981,1731,0.776,200.12848,"Unknown","[M+H]+","similar chromatogram in higher mz_4612; similar chromatogram in higher mz_4256",0.071,FALSE,"null","null","null","null",999,FALSE,FALSE,FALSE,"null","null","null","null","null",66.94,9091.33333333333,57.0900758881109,17,"Exudate vs Soil","Exudate","Not selected",3,0,3,2,TRUE,FALSE,TRUE,TRUE,"Leaf + Exudate","Early RT","No MS/MS assignment","Unknown","Tier 4: large effect only"
"F1923_mz213.9154_rt0.4",4.45072549324115,9.79562528849664,1.24916362489948,0.267548099059362,0.536644957013424,-5.56344697889825,1923,0.398,213.91545,"Unknown","[M+H]+","ion correlated with 307; ion correlated with 96; ion correlated with 3084; ion correlated with 3718; ion correlated with 2628; ion correlated with 4695; ion correlated with 4476; ion correlated with 4731; ion correlated with 4260; ion correlated with 3187; ion correlated with 2566; ion correlated with 4528; ion correlated with 2044; ion correlated with 4451; ion correlated with 4646",0.036,FALSE,"null","null","null","null",999,FALSE,FALSE,FALSE,"null","null","null","null","null",26.73,6360.66666666667,17.8582132564841,12,"Exudate vs Soil","Exudate","Not selected",3,3,3,2,TRUE,TRUE,TRUE,TRUE,"Leaf + Root + Exudate","Very early RT","No MS/MS assignment","Unknown","Tier 4: large effect only"
"F2581_mz263.1646_rt1.88",3.94914761968371,8.97021137459551,1.2519385806759,0.266617858812811,0.536644957013424,-5.56040111195464,2581,1.884,263.16461,"Unknown","[M+H]+","ion correlated with 3693; ion correlated with 2401; ion correlated with 3494; ion correlated with 3909; ion correlated with 3995; ion correlated with 3283",0.107,TRUE,"null","null","null","null",999,FALSE,FALSE,FALSE,"null","null","null","null","null",55.36,1241.33333333333,374.642607995707,18,"Exudate vs Soil","Exudate","Not selected",3,2,3,2,TRUE,TRUE,TRUE,TRUE,"Leaf + Root + Exudate","RT >= 1 min","MS/MS available","Unknown","Tier 4: large effect only"
"F777_mz133.061_rt0.53",4.42744769510068,10.1136305000576,1.23466650475759,0.27245604322793,0.54178490088079,-5.57930396840329,777,0.532,133.06096,"Unknown","[M+H]+",NA,0.036,FALSE,"null","null","null","null",999,FALSE,FALSE,FALSE,"null","null","null","null","null",186.12,1195,1713.29347826087,22,"Exudate vs Soil","Exudate","Not selected",3,3,3,2,TRUE,TRUE,TRUE,TRUE,"Leaf + Root + Exudate","Early RT","No MS/MS assignment","Unknown","Tier 4: large effect only"
"F2291_mz241.1801_rt2.7",3.87670187207538,8.91828880140057,1.2294106394787,0.274255454040576,0.543029788406593,-5.58502958013797,2291,2.701,241.1801,"Unknown","[M+H]+","ion correlated with 3944; ion correlated with 3988; similar chromatogram in higher mz_3988; similar chromatogram in higher mz_3944; similar chromatogram in higher mz_3218",0.107,TRUE,"null","null","null","null",999,FALSE,FALSE,FALSE,"null","null","null","null","null",46.9,1100.66666666667,437.846596066566,16,"Exudate vs Soil","Exudate","Not selected",3,3,3,2,TRUE,TRUE,TRUE,TRUE,"Leaf + Root + Exudate","RT >= 1 min","MS/MS available","Unknown","Tier 4: large effect only"
"F4423_mz450.8245_rt0.41",5.8147935105957,13.6555764418535,1.20165396031009,0.283937302692059,0.543948388122962,-5.61505642133653,4423,0.41,450.82449,"Unknown","[M+H]+",NA,0.107,FALSE,"null","null","null","null",999,FALSE,FALSE,FALSE,"null","null","null","null","null",3674.23,0,208597,21,"Exudate vs Soil","Exudate","Not selected",3,3,3,2,TRUE,TRUE,TRUE,TRUE,"Leaf + Root + Exudate","Very early RT","No MS/MS assignment","Unknown","Tier 4: large effect only"
"F4096_mz394.8753_rt0.42",5.59056212651548,13.0387774237781,1.20306934296642,0.283436265054834,0.543948388122962,-5.61353398939873,4096,0.415,394.87531,"Unknown","[M+H]+","ion correlated with 4548; ion correlated with 3417",0.429,FALSE,"null","null","null","null",999,FALSE,FALSE,FALSE,"null","null","null","null","null",4443.8,0,497481,17,"Exudate vs Soil","Exudate","Not selected",0,0,3,2,FALSE,FALSE,TRUE,TRUE,"Exudate only","Very early RT","No MS/MS assignment","Unknown","Tier 4: large effect only"
"F4707_mz534.7866_rt0.41",5.58547200809034,13.0976293887875,1.20080059756754,0.284239771776838,0.543948388122962,-5.61597386710796,4707,0.41,534.78656,"Unknown","[M+H]+",NA,0.107,FALSE,"null","null","null","null",999,FALSE,FALSE,FALSE,"null","null","null","null","null",2623.42,0,146589,17,"Exudate vs Soil","Exudate","Not selected",3,3,3,2,TRUE,TRUE,TRUE,TRUE,"Leaf + Root + Exudate","Very early RT","No MS/MS assignment","Unknown","Tier 4: large effect only"
"F4298_mz426.8231_rt0.42",5.54155751751287,13.0298324683888,1.19946087231893,0.284715211299175,0.543948388122962,-5.61741350055779,4298,0.418,426.82312,"Unknown","[M+H]+",NA,0.357,FALSE,"null","null","null","null",999,FALSE,FALSE,FALSE,"null","null","null","null","null",3063.81,0,227759,22,"Exudate vs Soil","Exudate","Not selected",3,2,3,2,TRUE,TRUE,TRUE,TRUE,"Leaf + Root + Exudate","Very early RT","No MS/MS assignment","Unknown","Tier 4: large effect only"
"F2989_mz292.8458_rt0.42",5.38303443338581,12.5593566241381,1.20735407420329,0.281924323341988,0.543948388122962,-5.60891941960993,2989,0.419,292.84579,"Unknown","[M+H]+","ion correlated with 2200; ion correlated with 1822; ion correlated with 2220",0.357,FALSE,"null","null","null","null",999,FALSE,FALSE,FALSE,"null","null","null","null","null",3317.82,0,1775201,23,"Exudate vs Soil","Exudate","Not selected",3,3,3,2,TRUE,TRUE,TRUE,TRUE,"Leaf + Root + Exudate","Very early RT","No MS/MS assignment","Unknown","Tier 4: large effect only"
"F2796_mz278.881_rt0.44",-4.92809107875466,11.4006595660713,-1.2197903434975,0.277576922850397,0.543948388122962,-5.59547711669967,2796,0.441,278.88104,"Unknown","[M+H]+","ion correlated with 4047",0.179,FALSE,"null","null","null","null",999,FALSE,FALSE,FALSE,"null","null","null","null","null",59.28,0,166712,15,"Exudate vs Soil","Soil","Not selected",0,0,2,3,FALSE,FALSE,TRUE,TRUE,"Exudate only","Very early RT","No MS/MS assignment","Unknown","Tier 4: large effect only"
"F1401_mz177.0396_rt0.62",4.50747170159321,10.3965353217064,1.20624657973807,0.282314426879853,0.543948388122962,-5.61011299868493,1401,0.623,177.03958,"Unknown","[M+H]+","ion correlated with 1506; ion correlated with 2355; ion correlated with 4170; ion correlated with 2201; similar chromatogram in higher mz_3368",0.107,FALSE,"null","null","null","null",999,FALSE,FALSE,FALSE,"null","null","null","null","null",125.73,18817.3333333333,48.76191657072,8,"Exudate vs Soil","Exudate","Not selected",3,0,3,2,TRUE,FALSE,TRUE,TRUE,"Leaf + Exudate","Early RT","No MS/MS assignment","Unknown","Tier 4: large effect only"
"F4015_mz384.9268_rt0.39",-4.4872228912896,10.4395260018083,-1.21424542306681,0.279507778192604,0.543948388122962,-5.60147948944445,4015,0.387,384.92682,"Unknown","[M+H]+","ion correlated with 4296",0.036,FALSE,"null","null","null","null",999,FALSE,FALSE,FALSE,"null","null","null","null","null",2181.86,0,109094,20,"Exudate vs Soil","Soil","Not selected",3,3,2,3,TRUE,TRUE,TRUE,TRUE,"Leaf + Root + Exudate","Very early RT","No MS/MS assignment","Unknown","Tier 4: large effect only"
"F813_mz137.0016_rt0.51",-4.38497217859841,9.69481000415476,-1.21038415914744,0.280859479601946,0.543948388122962,-5.60565086370442,813,0.51,137.00163,"Unknown","[M+H]+","found in higher mz's MsMs_2087",0.5,TRUE,"null","null","null","null",999,FALSE,FALSE,FALSE,"null","null","null","null","null",230.3,0,2218619,23,"Exudate vs Soil","Soil","Not selected",3,3,2,3,TRUE,TRUE,TRUE,TRUE,"Leaf + Root + Exudate","Early RT","MS/MS available","Unknown","Tier 4: large effect only"
"F1099_mz156.1384_rt0.5",4.37028060109798,10.1065706863593,1.22024674138226,0.277418532203067,0.543948388122962,-5.59498243296831,1099,0.499,156.13838,"Unknown","[M+H]+","found in higher mz's MsMs_1942",0.214,TRUE,"null","null","null","null",999,FALSE,FALSE,FALSE,"null","null","null","null","null",6034.52,7618.33333333333,11987.6998425059,12,"Exudate vs Soil","Exudate","Not selected",3,3,3,2,TRUE,TRUE,TRUE,TRUE,"Leaf + Root + Exudate","Very early RT","MS/MS available","Unknown","Tier 4: large effect only"
"F711_mz129.1025_rt1.08",4.26050490243254,9.87395630022287,1.2089781178881,0.281353145800262,0.543948388122962,-5.60716809756422,711,1.081,129.10252,"Unknown","[M+H]+","ion correlated with 3543; ion correlated with 3921; ion correlated with 2671",0.036,FALSE,"null","null","null","null",999,FALSE,FALSE,FALSE,"null","null","null","null","null",99.86,4929.66666666667,81.9337479718767,19,"Exudate vs Soil","Exudate","Not selected",2,0,3,2,TRUE,FALSE,TRUE,TRUE,"Leaf + Exudate","RT >= 1 min","No MS/MS assignment","Unknown","Tier 4: large effect only"
"F1321_mz172.0606_rt0.77",4.22726594523543,9.75796673201841,1.22469285042783,0.275879791039573,0.543948388122962,-5.59015834075313,1321,0.773,172.06061,"Unknown","[M+H]+","ion correlated with 2134",0.036,FALSE,"null","null","null","null",999,FALSE,FALSE,FALSE,"null","null","null","null","null",88.36,0,350722,19,"Exudate vs Soil","Exudate","Not selected",2,0,3,2,TRUE,FALSE,TRUE,TRUE,"Leaf + Exudate","Early RT","No MS/MS assignment","Unknown","Tier 4: large effect only"
"F2389_mz248.1134_rt0.47",4.18873573343544,9.86020305642834,1.19625799289864,0.285854730829814,0.543948388122962,-5.62085176395574,2389,0.468,248.11342,"Unknown","[M+H]+","ion correlated with 2539",0.429,FALSE,"null","null","null","null",999,FALSE,FALSE,FALSE,"null","null","null","null","null",118.85,0,1897805,18,"Exudate vs Soil","Exudate","Not selected",1,0,3,2,FALSE,FALSE,TRUE,TRUE,"Exudate only","Very early RT","No MS/MS assignment","Unknown","Tier 4: large effect only"
"F1237_mz166.1229_rt0.91",4.12064937845716,9.54589240257652,1.21835584768805,0.278075288377443,0.543948388122962,-5.59703132221113,1237,0.909,166.12294,"Unknown","[M+H]+","ion correlated with 2105; ion correlated with 2456; found in higher mz's MsMs_1899; similar chromatogram in higher mz_2237",0.429,TRUE,"null","null","null","null",999,FALSE,FALSE,FALSE,"null","null","null","null","null",1382.98,5390.33333333333,1715.23729442315,18,"Exudate vs Soil","Exudate","Not selected",0,1,3,2,FALSE,FALSE,TRUE,TRUE,"Exudate only","Early RT","MS/MS available","Unknown","Tier 4: large effect only"
"F1578_mz190.0502_rt1.03",-4.11190804832398,9.49175830011411,-1.22351589876564,0.276286367685169,0.543948388122962,-5.59143623329126,1578,1.032,190.05022,"Unknown","[M+H]+","ion correlated with 650; ion correlated with 885",0.107,TRUE,"null","null","null","null",999,FALSE,FALSE,FALSE,"null","null","null","null","null",1425.28,625.666666666667,6774.55372340426,20,"Exudate vs Soil","Soil","Not selected",2,1,2,3,TRUE,FALSE,TRUE,TRUE,"Leaf + Exudate","RT >= 1 min","MS/MS available","Unknown","Tier 4: large effect only"
"F2557_mz261.1313_rt7.93",-1.72514522862975,13.0957572784766,-1.2010622535502,0.284146998778235,0.543948388122962,-5.61569259889948,2557,7.931,261.13126,"Unknown","[M+H]+","ion correlated with 423",0.071,FALSE,"null","null","null","null",999,FALSE,FALSE,FALSE,"null","null","null","null","null",30.11,5798.66666666667,20.2465084200241,23,"Exudate vs Soil","Soil","Not selected",3,3,3,3,TRUE,TRUE,TRUE,TRUE,"Leaf + Root + Exudate","RT >= 1 min","No MS/MS assignment","Unknown","Tier 4: large effect only"
"F1464_mz181.1225_rt4.3",-1.08900312210339,11.324614229776,-1.2020313341711,0.283803636881979,0.543948388122962,-5.6146505984907,1464,4.298,181.12254,"Unknown","[M+H]+",NA,0.107,TRUE,"null","null","null","null",999,FALSE,FALSE,FALSE,"null","null","null","null","null",4.98,5294,71.0698772426818,24,"Exudate vs Soil","Soil","Not selected",3,3,3,3,TRUE,TRUE,TRUE,TRUE,"Leaf + Root + Exudate","RT >= 1 min","MS/MS available","Unknown","Tier 4: large effect only"
"F4474_mz460.2702_rt2.39",-1.04549002502268,13.3072912480843,-1.21405545518254,0.279574142606888,0.543948388122962,-5.60168487683243,4474,2.393,460.27023,"Unknown","[M+H]+","ion correlated with 4230; ion correlated with 4403; ion correlated with 4350",0.036,FALSE,"null","null","null","null",999,FALSE,FALSE,FALSE,"null","null","null","null","null",2893.1,0,144656,19,"Exudate vs Soil","Soil","Not selected",2,1,3,3,TRUE,FALSE,TRUE,TRUE,"Leaf + Exudate","RT >= 1 min","No MS/MS assignment","Unknown","Tier 4: large effect only"
"F954_mz145.1013_rt1.42",3.68035402657233,8.7611934590257,1.18026077333654,0.291607434000609,0.550637470742294,-5.63795068935304,954,1.42,145.10132,"Unknown","[M+H]+","ion correlated with 4319; ion correlated with 3763; ion correlated with 1594; ion correlated with 4332; found in higher mz's MsMs_1594; similar chromatogram in higher mz_3249",0.036,FALSE,"null","null","null","null",999,FALSE,FALSE,FALSE,"null","null","null","null","null",56.59,827.333333333333,341.780281690141,14,"Exudate vs Soil","Exudate","Not selected",3,1,3,2,TRUE,FALSE,TRUE,TRUE,"Leaf + Exudate","RT >= 1 min","No MS/MS assignment","Unknown","Tier 4: large effect only"
"F2621_mz267.1456_rt0.8",4.6365047884764,11.045555616195,1.17273869729741,0.294347883609865,0.553549751266312,-5.64594762369815,2621,0.8,267.14557,"Unknown","[M+H]+","ion correlated with 2277; ion correlated with 2115; ion correlated with 1286",0.036,FALSE,"null","null","null","null",999,FALSE,FALSE,FALSE,"null","null","null","null","null",83.2,2274,196.798681318681,16,"Exudate vs Soil","Exudate","Not selected",0,0,3,2,FALSE,FALSE,TRUE,TRUE,"Exudate only","Early RT","No MS/MS assignment","Unknown","Tier 4: large effect only"
"F1762_mz202.0712_rt0.9",-4.181621119484,9.94131948389101,-1.17355533174823,0.294049263683811,0.553549751266312,-5.64508078797371,1762,0.899,202.0712,"Unknown","[M+H]+",NA,0.25,FALSE,"null","null","null","null",999,FALSE,FALSE,FALSE,"null","null","null","null","null",63.29,3174.33333333333,108.29603191266,19,"Exudate vs Soil","Soil","Not selected",3,0,2,3,TRUE,FALSE,TRUE,TRUE,"Leaf + Exudate","Early RT","No MS/MS assignment","Unknown","Tier 4: large effect only"
"F4146_mz403.2303_rt0.91",3.92019697718711,9.41287232109431,1.1673093023218,0.29634010723839,0.556541177008684,-5.65170235629003,4146,0.914,403.23032,"Unknown","[M+H]+","ion correlated with 4846; ion correlated with 3912; ion correlated with 4194; ion correlated with 1933; ion correlated with 845; ion correlated with 3524; ion correlated with 4393; ion correlated with 4302; ion correlated with 2515; ion correlated with 4390",0.107,FALSE,"null","null","null","null",999,FALSE,FALSE,FALSE,"null","null","null","null","null",52.42,738.666666666667,270.916629112213,18,"Exudate vs Soil","Exudate","Not selected",1,1,3,2,FALSE,FALSE,TRUE,TRUE,"Exudate only","Early RT","No MS/MS assignment","Unknown","Tier 4: large effect only"
"F1296_mz170.0425_rt0.44",5.11752535137608,11.8485130254735,1.14449325021671,0.304842989571916,0.55931037239263,-5.67572313978408,1296,0.444,170.04253,"Unknown","[M+H]+","ion correlated with 1285; ion correlated with 1304; ion correlated with 2655; ion correlated with 1266; ion correlated with 4460; ion correlated with 4903",0.179,FALSE,"null","null","null","null",999,FALSE,FALSE,FALSE,"null","null","null","null","null",195.77,5332.33333333333,356.4721875,23,"Exudate vs Soil","Exudate","Not selected",3,3,3,2,TRUE,TRUE,TRUE,TRUE,"Leaf + Root + Exudate","Very early RT","No MS/MS assignment","Unknown","Tier 4: large effect only"
"F4769_mz562.7982_rt0.42",4.81136790215834,11.5666298606571,1.15140106348764,0.302246226994395,0.55931037239263,-5.66847857187651,4769,0.417,562.79816,"Unknown","[M+H]+",NA,0.036,FALSE,"null","null","null","null",999,FALSE,FALSE,FALSE,"null","null","null","null","null",2223.9,0,111196,18,"Exudate vs Soil","Exudate","Not selected",0,1,3,2,FALSE,FALSE,TRUE,TRUE,"Exudate only","Very early RT","No MS/MS assignment","Unknown","Tier 4: large effect only"
"F5086_mz739.6367_rt0.53",-4.20459418343819,10.2569336886684,-1.14337004497898,0.305267070304319,0.55931037239263,-5.67689877644413,5086,0.527,739.63672,"Unknown","[M+H]+",NA,0.071,FALSE,"null","null","null","null",999,FALSE,FALSE,FALSE,"null","null","null","null","null",15.43,1734.66666666667,75.0466679469944,17,"Exudate vs Soil","Soil","Not selected",2,3,2,3,TRUE,TRUE,TRUE,TRUE,"Leaf + Root + Exudate","Early RT","No MS/MS assignment","Unknown","Tier 4: large effect only"
"F3584_mz342.203_rt1.12",-4.09320540516658,9.81583299339584,-1.14555856177978,0.304441245811384,0.55931037239263,-5.67460749675364,3584,1.121,342.20303,"Unknown","[M+H]+","ion correlated with 3629; ion correlated with 4585; ion correlated with 4081; ion correlated with 4127; ion correlated with 3431; ion correlated with 4361; ion correlated with 4335; ion correlated with 3958; ion correlated with 3759; ion correlated with 2671; ion correlated with 1123; ion correlated with 3738",0.036,FALSE,"null","null","null","null",999,FALSE,FALSE,FALSE,"null","null","null","null","null",98.32,0,198106,19,"Exudate vs Soil","Soil","Not selected",3,0,2,3,TRUE,FALSE,TRUE,TRUE,"Leaf + Exudate","RT >= 1 min","No MS/MS assignment","Unknown","Tier 4: large effect only"
"F3001_mz293.2116_rt1.71",4.03536120631215,9.67390413967611,1.16100313016261,0.298669033856223,0.55931037239263,-5.65836790156745,3001,1.71,293.21158,"Unknown","[M+H]+","ion correlated with 2119; ion correlated with 3353; ion correlated with 3109; ion correlated with 3737; ion correlated with 3814; ion correlated with 3259; ion correlated with 3612; ion correlated with 4145; ion correlated with 2561",0.071,FALSE,"null","null","null","null",999,FALSE,FALSE,FALSE,"null","null","null","null","null",75.89,692.333333333333,246.132692307692,22,"Exudate vs Soil","Exudate","Not selected",3,3,3,2,TRUE,TRUE,TRUE,TRUE,"Leaf + Root + Exudate","RT >= 1 min","No MS/MS assignment","Unknown","Tier 4: large effect only"
"F2391_mz248.1497_rt0.9",4.02806735397482,9.82082258343289,1.14546291735296,0.304477295625659,0.55931037239263,-5.67470768391919,2391,0.895,248.1497,"Unknown","[M+H]+","ion correlated with 4305; ion correlated with 2513; ion correlated with 3690",0.107,FALSE,"null","null","null","null",999,FALSE,FALSE,FALSE,"null","null","null","null","null",102.91,2852,312.571678934455,14,"Exudate vs Soil","Exudate","Not selected",0,0,3,2,FALSE,FALSE,TRUE,TRUE,"Exudate only","Early RT","No MS/MS assignment","Unknown","Tier 4: large effect only"
"F300_mz99.0918_rt0.73",3.99581412338623,9.59586333069249,1.15969099389131,0.299155647084799,0.55931037239263,-5.65975229788441,300,0.732,99.09181,"Unknown","[M+H]+",NA,0.179,FALSE,"null","null","null","null",999,FALSE,FALSE,FALSE,"null","null","null","null","null",30.83,1085.33333333333,1191.67382632709,19,"Exudate vs Soil","Exudate","Not selected",2,0,3,2,TRUE,FALSE,TRUE,TRUE,"Leaf + Exudate","Early RT","No MS/MS assignment","Unknown","Tier 4: large effect only"
"F3000_mz293.2116_rt1.37",3.888990979284,9.40201189869204,1.14986214303944,0.30282304140499,0.55931037239263,-5.67009463694844,3000,1.368,293.21155,"Unknown","[M+H]+","ion correlated with 4842; ion correlated with 2121; ion correlated with 2648; ion correlated with 2910; ion correlated with 3571; ion correlated with 3726; ion correlated with 3611; ion correlated with 3795; ion correlated with 4977",0.107,TRUE,"null","null","null","null",999,FALSE,FALSE,FALSE,"null","null","null","null","null",63.94,3086,410.701976028507,22,"Exudate vs Soil","Exudate","Not selected",3,3,3,2,TRUE,TRUE,TRUE,TRUE,"Leaf + Root + Exudate","RT >= 1 min","MS/MS available","Unknown","Tier 4: large effect only"
"F2091_mz225.1238_rt1.01",3.8419709453096,9.2670794725473,1.15456353819897,0.301063913843173,0.55931037239263,-5.66515376449951,2091,1.01,225.12379,"Unknown","[M+H]+","ion correlated with 2828",0.429,TRUE,"null","null","null","null",999,FALSE,FALSE,FALSE,"null","null","null","null","null",101.71,0,856477,17,"Exudate vs Soil","Exudate","Not selected",0,0,3,2,FALSE,FALSE,TRUE,TRUE,"Exudate only","RT >= 1 min","MS/MS available","Unknown","Tier 4: large effect only"
"F3026_mz295.2271_rt3.94",-3.76163831082331,9.15004911069686,-1.14585609032787,0.304329126844504,0.55931037239263,-5.67429580657393,3026,3.945,295.22711,"Unknown","[M+H]+",NA,0.107,TRUE,"null","null","null","null",999,FALSE,FALSE,FALSE,"null","null","null","null","null",110.85,3177,253.558842039018,23,"Exudate vs Soil","Soil","Not selected",3,3,2,3,TRUE,TRUE,TRUE,TRUE,"Leaf + Root + Exudate","RT >= 1 min","MS/MS available","Unknown","Tier 4: large effect only"
"F2128_mz227.1645_rt1.07",4.24303978908935,10.2867022532794,1.14153889334851,0.305959556477812,0.559445838097952,-5.67881400572975,2128,1.073,227.16451,"Unknown","[M+H]+","ion correlated with 3937; ion correlated with 4037; ion correlated with 4247; ion correlated with 4207; ion correlated with 3309; ion correlated with 4550; ion correlated with 4658; ion correlated with 4668; ion correlated with 4694; ion correlated with 4152; ion correlated with 4052; ion correlated with 1020; ion correlated with 3741; ion correlated with 4035; ion correlated with 2094; ion correlated with 4486; ion correlated with 3491; ion correlated with 1040; ion correlated with 3638; ion correlated with 4167; ion correlated with 4019; ion correlated with 1747; ion correlated with 1764; ion correlated with 3971; ion correlated with 4724; ion correlated with 3194; ion correlated with 4640; ion correlated with 4223; similar chromatogram in higher mz_3699",0.071,FALSE,"null","null","null","null",999,FALSE,FALSE,FALSE,"null","null","null","null","null",56.27,8746,54.4580999199726,16,"Exudate vs Soil","Exudate","Not selected",3,2,3,2,TRUE,TRUE,TRUE,TRUE,"Leaf + Root + Exudate","RT >= 1 min","No MS/MS assignment","Unknown","Tier 4: large effect only"
"F4835_mz592.8188_rt0.42",5.26830926444794,12.8878830918716,1.13992993437339,0.306569153885328,0.559821933181904,-5.68049540394889,4835,0.417,592.81879,"Unknown","[M+H]+","ion correlated with 4645",0.071,FALSE,"null","null","null","null",999,FALSE,FALSE,FALSE,"null","null","null","null","null",2276.91,0,117010,18,"Exudate vs Soil","Exudate","Not selected",0,1,3,2,FALSE,FALSE,TRUE,TRUE,"Exudate only","Very early RT","No MS/MS assignment","Unknown","Tier 4: large effect only"
"F5148_mz784.5856_rt8.75",4.16697044965842,10.1854415758011,1.13848455522241,0.30711768300772,0.560006843978708,-5.68200470921915,5148,8.746,784.58557,"Unknown","[M+H]+","ion correlated with 5137; ion correlated with 5115",0.036,FALSE,"null","null","null","null",999,FALSE,FALSE,FALSE,"null","null","null","null","null",17.01,0,390075,15,"Exudate vs Soil","Exudate","Not selected",2,1,3,2,TRUE,FALSE,TRUE,TRUE,"Leaf + Exudate","RT >= 1 min","No MS/MS assignment","Unknown","Tier 4: large effect only"
"F3384_mz322.8645_rt0.41",5.6027319585261,13.8822648345505,1.12289929446973,0.313087178162518,0.561637046673494,-5.69820960829576,3384,0.413,322.86447,"Unknown","[M+H]+","ion correlated with 2461; ion correlated with 1860; ion correlated with 2989; ion correlated with 2200; ion correlated with 1822; ion correlated with 2220; ion correlated with 1711",0.321,FALSE,"null","null","null","null",999,FALSE,FALSE,FALSE,"null","null","null","null","null",6208.16,0,1057583,23,"Exudate vs Soil","Exudate","Not selected",3,3,3,2,TRUE,TRUE,TRUE,TRUE,"Leaf + Root + Exudate","Very early RT","No MS/MS assignment","Unknown","Tier 4: large effect only"
"F3294_mz316.1871_rt0.98",3.98504174465853,9.8361173627832,1.12282280166172,0.313116724734236,0.561637046673494,-5.69828882528688,3294,0.975,316.18713,"Unknown","[M+H]+","ion correlated with 2349; ion correlated with 647; ion correlated with 3025; ion correlated with 3806; ion correlated with 3628; ion correlated with 62; ion correlated with 2688; ion correlated with 3480; ion correlated with 3900; ion correlated with 4443; ion correlated with 3785; ion correlated with 2332; ion correlated with 916; ion correlated with 3465; ion correlated with 3477; ion correlated with 4312; ion correlated with 1581; ion correlated with 3913; ion correlated with 3451; ion correlated with 2698; ion correlated with 61; ion correlated with 3613; ion correlated with 761; ion correlated with 3479; ion correlated with 4022",0.357,FALSE,"null","null","null","null",999,FALSE,FALSE,FALSE,"null","null","null","null","null",114.87,929.333333333333,719.015406664278,18,"Exudate vs Soil","Exudate","Not selected",1,0,3,2,FALSE,FALSE,TRUE,TRUE,"Exudate only","Early RT","No MS/MS assignment","Unknown","Tier 4: large effect only"
"F3479_mz332.2184_rt1.03",3.87842439303657,9.57522550439987,1.12687727476989,0.31155396764042,0.561637046673494,-5.69408566634481,3479,1.027,332.21835,"Unknown","[M+H]+","ion correlated with 3465; ion correlated with 3594; ion correlated with 3294; ion correlated with 3920; ion correlated with 4312; ion correlated with 1581; ion correlated with 4454; ion correlated with 3913; ion correlated with 3451; ion correlated with 2698; ion correlated with 1750; ion correlated with 3613; ion correlated with 1836; ion correlated with 623; ion correlated with 2985; ion correlated with 3379; ion correlated with 4022; ion correlated with 3786; ion correlated with 3587; ion correlated with 3776; ion correlated with 3129; ion correlated with 3453; ion correlated with 3160; ion correlated with 2526; ion correlated with 2633; ion correlated with 4127; ion correlated with 2433; ion correlated with 3603",0.214,FALSE,"null","null","null","null",999,FALSE,FALSE,FALSE,"null","null","null","null","null",114.44,2039,277.771078431373,21,"Exudate vs Soil","Exudate","Not selected",1,3,3,2,FALSE,TRUE,TRUE,TRUE,"Root + Exudate","RT >= 1 min","No MS/MS assignment","Unknown","Tier 4: large effect only"
"F3375_mz321.2428_rt2.29",3.68324759725768,9.03738960969884,1.12873738354149,0.310839288217706,0.561637046673494,-5.69215442431756,3375,2.293,321.24283,"Unknown","[M+H]+","ion correlated with 3154; ion correlated with 3596; ion correlated with 3282",0.107,TRUE,"null","null","null","null",999,FALSE,FALSE,FALSE,"null","null","null","null","null",51.56,6698,37.7069711897298,15,"Exudate vs Soil","Exudate","Not selected",3,2,3,2,TRUE,TRUE,TRUE,TRUE,"Leaf + Root + Exudate","RT >= 1 min","MS/MS available","Unknown","Tier 4: large effect only"
"F564_mz118.984_rt0.4",1.25279282780981,16.6549033613607,1.13061862708302,0.310117945922575,0.561637046673494,-5.69019937861211,564,0.397,118.98398,"Unknown","[M+H]+",NA,0.25,FALSE,"null","null","null","null",999,FALSE,FALSE,FALSE,"null","null","null","null","null",125.6,0,194686,24,"Exudate vs Soil","Exudate","Not selected",3,3,3,3,TRUE,TRUE,TRUE,TRUE,"Leaf + Root + Exudate","Very early RT","No MS/MS assignment","Unknown","Tier 4: large effect only"
"F1406_mz177.0761_rt0.46",4.29766415203896,10.6555526885396,1.11724596682469,0.315277422636609,0.563291717733628,-5.70405584396865,1406,0.462,177.07613,"Unknown","[M+H]+",NA,0.143,FALSE,"null","null","null","null",999,FALSE,FALSE,FALSE,"null","null","null","null","null",75.3,10337.3333333333,54.2813799774303,14,"Exudate vs Soil","Exudate","Not selected",3,3,3,2,TRUE,TRUE,TRUE,TRUE,"Leaf + Root + Exudate","Very early RT","No MS/MS assignment","Unknown","Tier 4: large effect only"
"F1585_mz190.1441_rt0.93",-4.0557085864072,10.0537873803493,-1.11805299766868,0.314963944123044,0.563291717733628,-5.70322232266155,1585,0.934,190.1441,"Unknown","[M+H]+","similar chromatogram in higher mz_3580; similar chromatogram in higher mz_3753",0.107,FALSE,"null","null","null","null",999,FALSE,FALSE,FALSE,"null","null","null","null","null",63.28,6064.33333333333,48.8110024181139,16,"Exudate vs Soil","Soil","Not selected",3,2,2,3,TRUE,TRUE,TRUE,TRUE,"Leaf + Root + Exudate","Early RT","No MS/MS assignment","Unknown","Tier 4: large effect only"
"F4274_mz423.2891_rt1.77",4.12156267763471,10.2557748306836,1.11353937516154,0.316720678116376,0.564235038392413,-5.70787960121948,4274,1.768,423.28906,"Unknown","[M+H]+",NA,0.214,TRUE,"null","null","null","null",999,FALSE,FALSE,FALSE,"null","null","null","null","null",3685.64,1635.33333333333,605.297209207578,23,"Exudate vs Soil","Exudate","Not selected",3,3,3,2,TRUE,TRUE,TRUE,TRUE,"Leaf + Root + Exudate","RT >= 1 min","MS/MS available","Unknown","Tier 4: large effect only"
"F817_mz137.046_rt0.71",4.47643468243639,11.0334758700723,1.10492615899666,0.320096626385245,0.565104349333645,-5.7167363520526,817,0.706,137.04601,"Unknown","[M+H]+","ion correlated with 2321; ion correlated with 1679; ion correlated with 458; ion correlated with 2363; ion correlated with 2371; ion correlated with 2730; ion correlated with 518; ion correlated with 1006",0.357,TRUE,"null","null","null","null",999,FALSE,FALSE,FALSE,"null","null","null","null","null",454.29,0,5926001,15,"Exudate vs Soil","Exudate","Not selected",0,0,3,2,FALSE,FALSE,TRUE,TRUE,"Exudate only","Early RT","MS/MS available","Unknown","Tier 4: large effect only"
"F1297_mz170.0812_rt0.68",4.26923174098749,10.7001369058937,1.10428132062326,0.320350621013728,0.565104349333645,-5.71739779678196,1297,0.677,170.08119,"Unknown","[M+H]+",NA,0.036,FALSE,"null","null","null","null",999,FALSE,FALSE,FALSE,"null","null","null","null","null",157.16,14675.3333333333,66.5675804583343,21,"Exudate vs Soil","Exudate","Not selected",3,1,3,2,TRUE,FALSE,TRUE,TRUE,"Leaf + Exudate","Early RT","No MS/MS assignment","Unknown","Tier 4: large effect only"
"F3552_mz338.1828_rt0.87",4.24139985643185,10.5543265217034,1.10955605692118,0.318278079802895,0.565104349333645,-5.71198055707615,3552,0.868,338.1828,"Unknown","[M+H]+","ion correlated with 4791; ion correlated with 712; ion correlated with 971; ion correlated with 3473; ion correlated with 4524; ion correlated with 3798; ion correlated with 2727; ion correlated with 3363; ion correlated with 4054; ion correlated with 601; ion correlated with 3616; ion correlated with 1545; ion correlated with 3614; ion correlated with 2349; ion correlated with 3501; ion correlated with 647; ion correlated with 3806; ion correlated with 3628; ion correlated with 2248; ion correlated with 3443",0.25,FALSE,"null","null","null","null",999,FALSE,FALSE,FALSE,"null","null","null","null","null",37.3,6456.33333333333,98.0784121412348,16,"Exudate vs Soil","Exudate","Not selected",0,0,3,2,FALSE,FALSE,TRUE,TRUE,"Exudate only","Early RT","No MS/MS assignment","Unknown","Tier 4: large effect only"
"F3692_mz351.2149_rt1.37",-3.96480718895781,9.99309741362683,-1.09859069259626,0.322599666370279,0.566695991874786,-5.72322508525663,3692,1.369,351.2149,"Unknown","[M+H]+",NA,0.143,FALSE,"null","null","null","null",999,FALSE,FALSE,FALSE,"null","null","null","null","null",48.29,4052.33333333333,49.0655427631579,23,"Exudate vs Soil","Soil","Not selected",3,3,2,3,TRUE,TRUE,TRUE,TRUE,"Leaf + Root + Exudate","RT >= 1 min","No MS/MS assignment","Unknown","Tier 4: large effect only"
"F1114_mz157.1335_rt0.95",-3.95968697813954,9.98992812359792,-1.09008779908427,0.325985579417726,0.569195533032829,-5.73189884525578,1114,0.949,157.13351,"Unknown","[M+H]+","ion correlated with 278; ion correlated with 1929; ion correlated with 1904; ion correlated with 3191; ion correlated with 1654; ion correlated with 2793; similar chromatogram in higher mz_4505",0.143,FALSE,"null","null","null","null",999,FALSE,FALSE,FALSE,"null","null","null","null","null",51.3,3487.33333333333,741.903010033445,21,"Exudate vs Soil","Soil","Not selected",3,3,2,3,TRUE,TRUE,TRUE,TRUE,"Leaf + Root + Exudate","Early RT","No MS/MS assignment","Unknown","Tier 4: large effect only"
"F3401_mz324.156_rt0.97",3.69034853253512,9.36535188378244,1.08986192469198,0.32607594027999,0.569195533032829,-5.73212871048525,3401,0.973,324.15604,"Unknown","[M+H]+",NA,0.071,FALSE,"null","null","null","null",999,FALSE,FALSE,FALSE,"null","null","null","null","null",30.53,2181.66666666667,224.269700671961,23,"Exudate vs Soil","Exudate","Not selected",3,3,3,2,TRUE,TRUE,TRUE,TRUE,"Leaf + Root + Exudate","Early RT","No MS/MS assignment","Unknown","Tier 4: large effect only"
"F741_mz131.0856_rt3.54",-3.62652295772512,9.14973384370805,-1.09042131546733,0.325852195890835,0.569195533032829,-5.73155938411261,741,3.544,131.08559,"Unknown","[M+H]+","ion correlated with 1041; ion correlated with 779; ion correlated with 2014; ion correlated with 2157; ion correlated with 3115; ion correlated with 3702; ion correlated with 376; ion correlated with 1141; ion correlated with 1166; ion correlated with 1379; ion correlated with 1521; ion correlated with 1546; ion correlated with 1693; ion correlated with 1893; ion correlated with 1991; ion correlated with 2138; ion correlated with 2293; ion correlated with 2563; ion correlated with 3959; ion correlated with 3318; ion correlated with 3338; ion correlated with 956; ion correlated with 397; ion correlated with 597; ion correlated with 1019; ion correlated with 1190; ion correlated with 1257; ion correlated with 1349; ion correlated with 1630; ion correlated with 1752; ion correlated with 2317; ion correlated with 2448; ion correlated with 2474; ion correlated with 2676; ion correlated with 2746; ion correlated with 2954; ion correlated with 3083; ion correlated with 3098; ion correlated with 3118; ion correlated with 3504; ion correlated with 3745; ion correlated with 5013; ion correlated with 5038; ion correlated with 5047; ion correlated with 4092; ion correlated with 3515; ion correlated with 4188; ion correlated with 3942; ion correlated with 4987; found in higher mz's MsMs_3115; found in higher mz's MsMs_3702; found in higher mz's MsMs_3318; found in higher mz's MsMs_2676; found in higher mz's MsMs_5005; found in higher mz's MsMs_3847; found in higher mz's MsMs_3976; found in higher mz's MsMs_2474; found in higher mz's MsMs_2746; found in higher mz's MsMs_2954; found in higher mz's MsMs_3083; found in higher mz's MsMs_3504",0.036,FALSE,"null","null","null","null",999,FALSE,FALSE,FALSE,"null","null","null","null","null",20.63,989.666666666667,141.689434724092,19,"Exudate vs Soil","Soil","Not selected",3,2,2,3,TRUE,TRUE,TRUE,TRUE,"Leaf + Root + Exudate","RT >= 1 min","No MS/MS assignment","Unknown","Tier 4: large effect only"
"F1969_mz216.1235_rt0.68",4.48071975341652,11.3861897961854,1.08476622599278,0.328120205854233,0.570738051838689,-5.73730685524413,1969,0.677,216.12349,"Unknown","[M+H]+","found in higher mz's MsMs_2813",0.071,FALSE,"null","null","null","null",999,FALSE,FALSE,FALSE,"null","null","null","null","null",55.04,28613.3333333333,11.4880188250644,15,"Exudate vs Soil","Exudate","Not selected",1,1,3,2,FALSE,FALSE,TRUE,TRUE,"Exudate only","Early RT","No MS/MS assignment","Unknown","Tier 4: large effect only"
"F3163_mz304.2402_rt3.91",4.30620658775542,10.9723359649321,1.08458038289334,0.328194969203056,0.570738051838689,-5.73749542989746,3163,3.907,304.24023,"Unknown","[M+H]+","ion correlated with 2914; ion correlated with 3705",0.107,FALSE,"null","null","null","null",999,FALSE,FALSE,FALSE,"null","null","null","null","null",34.48,16279.6666666667,52.491646533721,21,"Exudate vs Soil","Exudate","Not selected",3,3,3,2,TRUE,TRUE,TRUE,TRUE,"Leaf + Root + Exudate","RT >= 1 min","No MS/MS assignment","Unknown","Tier 4: large effect only"
"F1141_mz159.1171_rt3.54",-3.72681953880733,9.52004725986512,-1.07776051266648,0.330948688681009,0.572652787155903,-5.74440206503113,1141,3.544,159.11714,"Unknown","[M+H]+","ion correlated with 1041; ion correlated with 779; ion correlated with 2014; ion correlated with 2157; ion correlated with 3115; ion correlated with 3702; ion correlated with 376; ion correlated with 741; ion correlated with 1166; ion correlated with 1379; ion correlated with 1521; ion correlated with 1546; ion correlated with 1693; ion correlated with 1893; ion correlated with 1991; ion correlated with 2293; ion correlated with 2563; ion correlated with 3959; ion correlated with 3318; ion correlated with 3338; ion correlated with 956; ion correlated with 397; ion correlated with 597; ion correlated with 625; ion correlated with 1019; ion correlated with 1190; ion correlated with 1257; ion correlated with 1349; ion correlated with 1630; ion correlated with 1752; ion correlated with 2317; ion correlated with 2448; ion correlated with 2474; ion correlated with 2676; ion correlated with 2746; ion correlated with 2954; ion correlated with 3083; ion correlated with 3098; ion correlated with 3118; ion correlated with 3504; ion correlated with 3745; ion correlated with 3906; ion correlated with 5013; ion correlated with 5038; ion correlated with 5047; ion correlated with 4092; ion correlated with 4188; ion correlated with 3942; ion correlated with 4987; found in higher mz's MsMs_3115; found in higher mz's MsMs_3318; found in higher mz's MsMs_2676; found in higher mz's MsMs_2954; found in higher mz's MsMs_3083; found in higher mz's MsMs_3504",0.036,FALSE,"null","null","null","null",999,FALSE,FALSE,FALSE,"null","null","null","null","null",16.3,2222.33333333333,63.8046476761619,20,"Exudate vs Soil","Soil","Not selected",3,2,2,3,TRUE,TRUE,TRUE,TRUE,"Leaf + Root + Exudate","RT >= 1 min","No MS/MS assignment","Unknown","Tier 4: large effect only"
"F40_mz69.0337_rt0.47",-1.43368908283655,15.4760449285625,-1.0711539087699,0.333635151981833,0.575147164983607,-5.75106754919358,40,0.474,69.03374,"Unknown","[M+H]+","found in higher mz's MsMs_1621; found in higher mz's MsMs_3408; found in higher mz's MsMs_1901; found in higher mz's MsMs_1657; found in higher mz's MsMs_3782; found in higher mz's MsMs_2608; found in higher mz's MsMs_1698",0.214,FALSE,"null","null","null","null",999,FALSE,FALSE,FALSE,"null","null","null","null","null",19.02,32761,26.6278005005799,24,"Exudate vs Soil","Soil","Not selected",3,3,3,3,TRUE,TRUE,TRUE,TRUE,"Leaf + Root + Exudate","Very early RT","No MS/MS assignment","Unknown","Tier 4: large effect only"
"F657_mz125.1076_rt0.94",3.68290614919535,9.48153602533072,1.06857295475966,0.334689706545457,0.576248364313047,-5.75366472792279,657,0.942,125.10762,"Unknown","[M+H]+","ion correlated with 2788; similar chromatogram in higher mz_3428; similar chromatogram in higher mz_3223; similar chromatogram in higher mz_1287; similar chromatogram in higher mz_670",0.036,FALSE,"null","null","null","null",999,FALSE,FALSE,FALSE,"null","null","null","null","null",61.21,2209.33333333333,54.7017041170261,18,"Exudate vs Soil","Exudate","Not selected",0,1,3,2,FALSE,FALSE,TRUE,TRUE,"Exudate only","Early RT","No MS/MS assignment","Unknown","Tier 4: large effect only"
"F3960_mz378.9011_rt0.42",4.76908983506058,12.3173714292028,1.06261406553409,0.337135325131978,0.577209568918043,-5.75964643279416,3960,0.417,378.90106,"Unknown","[M+H]+","ion correlated with 4482; ion correlated with 3232; ion correlated with 2334",0.107,FALSE,"null","null","null","null",999,FALSE,FALSE,FALSE,"null","null","null","null","null",248.31,0,359531,18,"Exudate vs Soil","Exudate","Not selected",0,1,3,2,FALSE,FALSE,TRUE,TRUE,"Exudate only","Very early RT","No MS/MS assignment","Unknown","Tier 4: large effect only"
"F2802_mz279.1346_rt0.94",3.88096148430709,10.0381452697025,1.06004928907977,0.338192625941483,0.577971614740931,-5.76221470720883,2802,0.935,279.13464,"Unknown","[M+H]+","ion correlated with 47; ion correlated with 2643; ion correlated with 818; ion correlated with 4011; ion correlated with 2204; ion correlated with 2835; ion correlated with 2264; ion correlated with 2963; ion correlated with 3334; ion correlated with 3381; ion correlated with 1273; ion correlated with 2829; ion correlated with 3902; ion correlated with 3778; ion correlated with 3743; ion correlated with 1446; ion correlated with 2994; ion correlated with 3132; ion correlated with 2444; ion correlated with 3393; ion correlated with 2891; similar chromatogram in higher mz_2880",0.357,FALSE,"null","null","null","null",999,FALSE,FALSE,FALSE,"null","null","null","null","null",78.96,0,1442850,20,"Exudate vs Soil","Exudate","Not selected",3,0,3,2,TRUE,FALSE,TRUE,TRUE,"Leaf + Exudate","Early RT","No MS/MS assignment","Unknown","Tier 4: large effect only"
"F3160_mz304.1662_rt1.06",3.74418924448286,9.67495675731312,1.05776079960081,0.339138410806318,0.578162161596011,-5.76450309040472,3160,1.057,304.16623,"Unknown","[M+H]+","ion correlated with 1544; ion correlated with 2698; ion correlated with 61; ion correlated with 3613; ion correlated with 761; ion correlated with 1392; ion correlated with 3479; ion correlated with 4022; ion correlated with 3786; ion correlated with 3587; ion correlated with 3129; ion correlated with 2526; ion correlated with 2633; ion correlated with 3603; ion correlated with 3335; ion correlated with 3569",0.107,FALSE,"null","null","null","null",999,FALSE,FALSE,FALSE,"null","null","null","null","null",392.74,2309.66666666667,339.100403923832,19,"Exudate vs Soil","Exudate","Not selected",0,2,3,2,FALSE,TRUE,TRUE,TRUE,"Root + Exudate","RT >= 1 min","No MS/MS assignment","Unknown","Tier 4: large effect only"
"F4697_mz530.8503_rt0.42",-4.16522541666638,10.8692331546535,-1.05071929139237,0.342062623463082,0.580292284112402,-5.771525080259,4697,0.417,530.85028,"Unknown","[M+H]+","ion correlated with 4405; ion correlated with 2397",0.071,FALSE,"null","null","null","null",999,FALSE,FALSE,FALSE,"null","null","null","null","null",3597.39,0,180047,19,"Exudate vs Soil","Soil","Not selected",1,1,2,3,FALSE,FALSE,TRUE,TRUE,"Exudate only","Very early RT","No MS/MS assignment","Unknown","Tier 4: large effect only"
"F137_mz81.0171_rt0.54",1.5341119601368,19.5042157918104,1.04958165594814,0.342537063850656,0.580386760998789,-5.7726568316141,137,0.544,81.0171,"Unknown","[M+H]+","ion correlated with 135; found in higher mz's MsMs_3781; found in higher mz's MsMs_2721",0.286,TRUE,"null","null","null","null",999,FALSE,FALSE,FALSE,"null","null","null","null","null",2532.71,1396171,59.4158434634128,24,"Exudate vs Soil","Exudate","Not selected",3,3,3,3,TRUE,TRUE,TRUE,TRUE,"Leaf + Root + Exudate","Early RT","MS/MS available","Unknown","Tier 4: large effect only"
"F1880_mz210.0974_rt0.6",-4.21681955227586,10.6314214928744,-1.04552400218402,0.34423381160937,0.580571171785703,-5.77668727856646,1880,0.597,210.0974,"Unknown","[M+H]+","ion correlated with 2175; ion correlated with 1620; ion correlated with 1941",0.107,TRUE,"null","null","null","null",999,FALSE,FALSE,FALSE,"null","null","null","null","null",386.04,4023.33333333333,1414.27698169469,14,"Exudate vs Soil","Soil","Not selected",3,3,2,3,TRUE,TRUE,TRUE,TRUE,"Leaf + Root + Exudate","Early RT","MS/MS available","Unknown","Tier 4: large effect only"
"F1024_mz149.1326_rt1.44",-3.61636506120687,9.48962858594282,-1.04225504259711,0.345605924035455,0.581193956963757,-5.77992722692497,1024,1.44,149.13264,"Unknown","[M+H]+","ion correlated with 2784; ion correlated with 3877; similar chromatogram in higher mz_3713; similar chromatogram in higher mz_3657; similar chromatogram in higher mz_1919; similar chromatogram in higher mz_3027; similar chromatogram in higher mz_2784; similar chromatogram in higher mz_3262; similar chromatogram in higher mz_3809; similar chromatogram in higher mz_3877",0.179,FALSE,"null","null","null","null",999,FALSE,FALSE,FALSE,"null","null","null","null","null",25.84,590.666666666667,365.327323943662,21,"Exudate vs Soil","Soil","Not selected",2,3,2,3,TRUE,TRUE,TRUE,TRUE,"Leaf + Root + Exudate","RT >= 1 min","No MS/MS assignment","Unknown","Tier 4: large effect only"
"F1470_mz181.1589_rt1.19",-3.69287073833568,9.68069361802819,-1.03824665462926,0.347294704466823,0.581503154039898,-5.7838913601629,1470,1.192,181.15889,"Unknown","[M+H]+","ion correlated with 955; ion correlated with 4038; ion correlated with 1195; ion correlated with 1625; ion correlated with 4061; ion correlated with 4111; ion correlated with 4432; ion correlated with 4076; ion correlated with 1665; ion correlated with 1408; ion correlated with 1431; ion correlated with 4039",0.036,FALSE,"null","null","null","null",999,FALSE,FALSE,FALSE,"null","null","null","null","null",1.81,1000,251.627372627373,16,"Exudate vs Soil","Soil","Not selected",3,1,2,3,TRUE,FALSE,TRUE,TRUE,"Leaf + Exudate","RT >= 1 min","No MS/MS assignment","Unknown","Tier 4: large effect only"
"F1629_mz193.1227_rt2.07",3.62553305101622,9.18314109085043,1.03801741784192,0.347391494621238,0.581503154039898,-5.78411777601246,1629,2.074,193.12267,"Unknown","[M+H]+","ion correlated with 378; ion correlated with 742; ion correlated with 957; ion correlated with 1018; ion correlated with 1658; ion correlated with 420; ion correlated with 628; ion correlated with 995; ion correlated with 1570; ion correlated with 1694; ion correlated with 1719; ion correlated with 2318; ion correlated with 2447; ion correlated with 2950; ion correlated with 4946; ion correlated with 596; ion correlated with 2394; ion correlated with 56; ion correlated with 1140; ion correlated with 1468; ion correlated with 2582; ion correlated with 3907; ion correlated with 3941; ion correlated with 5004; ion correlated with 5039; ion correlated with 4118; ion correlated with 3777; ion correlated with 3979; similar chromatogram in higher mz_3979",0.107,FALSE,"null","null","null","null",999,FALSE,FALSE,FALSE,"null","null","null","null","null",10.38,2139.66666666667,290.191840548116,16,"Exudate vs Soil","Exudate","Not selected",3,2,3,2,TRUE,TRUE,TRUE,TRUE,"Leaf + Root + Exudate","RT >= 1 min","No MS/MS assignment","Unknown","Tier 4: large effect only"
"F1598_mz191.1432_rt1.16",-3.62322617749232,9.44364021285621,-1.03934797475345,0.346830013400677,0.581503154039898,-5.78280315456889,1598,1.163,191.1432,"Unknown","[M+H]+","ion correlated with 4678; ion correlated with 3680; ion correlated with 3971; ion correlated with 4684; ion correlated with 4639; ion correlated with 4709; ion correlated with 1870; ion correlated with 4719; ion correlated with 798; ion correlated with 4952; ion correlated with 4743; ion correlated with 4792; ion correlated with 4871",0.107,TRUE,"null","null","null","null",999,FALSE,FALSE,FALSE,"null","null","null","null","null",54.55,848.666666666667,1781.37269517458,13,"Exudate vs Soil","Soil","Not selected",3,1,2,3,TRUE,FALSE,TRUE,TRUE,"Leaf + Exudate","RT >= 1 min","MS/MS available","Unknown","Tier 4: large effect only"
"F1203_mz164.074_rt0.55",-3.99853391311915,10.5726565655178,-1.02673589797352,0.352183002050576,0.586689472165983,-5.79522143436458,1203,0.546,164.07396,"Unknown","[M+H]+","ion correlated with 1620; ion correlated with 1506",0.107,FALSE,"null","null","null","null",999,FALSE,FALSE,FALSE,"null","null","null","null","null",185.33,7307.66666666667,273.951746784639,14,"Exudate vs Soil","Soil","Not selected",3,1,2,3,TRUE,FALSE,TRUE,TRUE,"Leaf + Exudate","Early RT","No MS/MS assignment","Unknown","Tier 4: large effect only"
"F2444_mz253.1188_rt0.99",-3.94967790237634,10.6629056796943,-1.00688076708064,0.360750398993992,0.587984795523652,-5.8145751906873,2444,0.988,253.1188,"Unknown","[M+H]+","ion correlated with 3381; ion correlated with 1273; ion correlated with 2802; ion correlated with 2829; ion correlated with 3902; ion correlated with 3778; ion correlated with 3743; ion correlated with 1446; ion correlated with 2994; ion correlated with 3132; ion correlated with 2245; ion correlated with 2926; ion correlated with 1544; ion correlated with 2620; ion correlated with 3432; ion correlated with 1374; ion correlated with 3627; ion correlated with 1392; similar chromatogram in higher mz_2754",0.357,TRUE,"null","null","null","null",999,FALSE,FALSE,FALSE,"null","null","null","null","null",290.88,2845.33333333333,599.95748916735,23,"Exudate vs Soil","Soil","Not selected",3,3,2,3,TRUE,TRUE,TRUE,TRUE,"Leaf + Root + Exudate","Early RT","MS/MS available","Unknown","Tier 4: large effect only"
"F1680_mz196.1005_rt0.5",-3.80608254732174,10.2170656003882,-1.0144865483443,0.35744821210717,0.587984795523652,-5.80719013591606,1680,0.503,196.10046,"Unknown","[M+H]+","ion correlated with 968; ion correlated with 2322; ion correlated with 4472",0.357,TRUE,"null","null","null","null",999,FALSE,FALSE,FALSE,"null","null","null","null","null",656.58,3809.33333333333,1372.65024932202,18,"Exudate vs Soil","Soil","Not selected",1,0,2,3,FALSE,FALSE,TRUE,TRUE,"Exudate only","Early RT","MS/MS available","Unknown","Tier 4: large effect only"
"F3100_mz301.1191_rt1.05",3.54452980154166,9.3935417842552,1.0167494210786,0.356470623547112,0.587984795523652,-5.8049860331277,3100,1.052,301.11908,"Unknown","[M+H]+",NA,0.429,TRUE,"null","null","null","null",999,FALSE,FALSE,FALSE,"null","null","null","null","null",133.54,2972.33333333333,848.568834080717,23,"Exudate vs Soil","Exudate","Not selected",3,3,3,2,TRUE,TRUE,TRUE,TRUE,"Leaf + Root + Exudate","RT >= 1 min","MS/MS available","Unknown","Tier 4: large effect only"
"F2540_mz260.1498_rt1.03",-1.26860127591638,12.5046886056928,-1.0115747706234,0.358709425188868,0.587984795523652,-5.81002164396882,2540,1.034,260.14978,"Unknown","[M+H]+",NA,0.036,FALSE,"null","null","null","null",999,FALSE,FALSE,FALSE,"null","null","null","null","null",62.46,5025.66666666667,22.2103448275862,21,"Exudate vs Soil","Soil","Not selected",2,1,3,3,TRUE,FALSE,TRUE,TRUE,"Leaf + Exudate","RT >= 1 min","No MS/MS assignment","Unknown","Tier 4: large effect only"
"F2695_mz273.0948_rt0.91",3.68561159257206,10.0171702312797,0.998089160115702,0.364598994882236,0.589129590490064,-5.82306676081793,2695,0.914,273.09485,"Unknown","[M+H]+","ion correlated with 3710; ion correlated with 3389; ion correlated with 1536; ion correlated with 3141; ion correlated with 3860; ion correlated with 1886; ion correlated with 5102; ion correlated with 4002",0.107,FALSE,"null","null","null","null",999,FALSE,FALSE,FALSE,"null","null","null","null","null",36.91,960.666666666667,164.913691507799,9,"Exudate vs Soil","Exudate","Not selected",3,0,3,2,TRUE,FALSE,TRUE,TRUE,"Leaf + Exudate","Early RT","No MS/MS assignment","Unknown","Tier 4: large effect only"
"F379_mz105.0701_rt1.26",-3.56707460188463,9.6267751777587,-1.00066542277915,0.363467704158661,0.589129590490064,-5.82058343560798,379,1.256,105.07012,"Unknown","[M+H]+","ion correlated with 1003; ion correlated with 1754; ion correlated with 2021; ion correlated with 3568; ion correlated with 1272; ion correlated with 1996; similar chromatogram in higher mz_1207; found in higher mz's MsMs_1207",0.071,TRUE,"null","null","null","null",999,FALSE,FALSE,FALSE,"null","null","null","null","null",34.38,1761.66666666667,124.631051437216,20,"Exudate vs Soil","Soil","Not selected",3,0,2,3,TRUE,FALSE,TRUE,TRUE,"Leaf + Exudate","RT >= 1 min","MS/MS available","Unknown","Tier 4: large effect only"
"F2289_mz241.1549_rt0.77",-3.54061843348811,9.71406116079535,-0.98629762701425,0.369814138899601,0.592557683832192,-5.83437939692974,2289,0.772,241.15492,"Unknown","[M+H]+",NA,0.321,FALSE,"null","null","null","null",999,FALSE,FALSE,FALSE,"null","null","null","null","null",85.92,2287.66666666667,325.111564229537,23,"Exudate vs Soil","Soil","Not selected",3,3,2,3,TRUE,TRUE,TRUE,TRUE,"Leaf + Root + Exudate","Early RT","No MS/MS assignment","Unknown","Tier 4: large effect only"
"F2579_mz263.1283_rt1.34",-3.38308137887385,9.26807770605692,-0.989748873841465,0.36828139205054,0.592557683832192,-5.83107745240728,2579,1.336,263.12833,"Unknown","[M+H]+","ion correlated with 3843; ion correlated with 3857",0.071,FALSE,"null","null","null","null",999,FALSE,FALSE,FALSE,"null","null","null","null","null",44.25,694,375.880575539568,16,"Exudate vs Soil","Soil","Not selected",3,1,2,3,TRUE,FALSE,TRUE,TRUE,"Leaf + Exudate","RT >= 1 min","No MS/MS assignment","Unknown","Tier 4: large effect only"
"F2865_mz285.0973_rt1.06",-3.5427613035595,9.74071996873856,-0.983290279005088,0.371154024760238,0.593394709445636,-5.83725044443344,2865,1.058,285.09729,"Unknown","[M+H]+","ion correlated with 1458; ion correlated with 792; ion correlated with 4165; ion correlated with 4759; ion correlated with 799; ion correlated with 4338; ion correlated with 1439; ion correlated with 3188; ion correlated with 3125; ion correlated with 4678",0.143,TRUE,"null","null","null","null",999,FALSE,FALSE,FALSE,"null","null","null","null","null",60.13,5801,293.34160634264,19,"Exudate vs Soil","Soil","Not selected",3,2,2,3,TRUE,TRUE,TRUE,TRUE,"Leaf + Root + Exudate","RT >= 1 min","MS/MS available","Unknown","Tier 4: large effect only"
"F3414_mz326.2079_rt1.3",-3.64854290628761,10.1044008301925,-0.970383056376572,0.376950033948919,0.597022974978131,-5.84950657556611,3414,1.301,326.20795,"Unknown","[M+H]+","ion correlated with 2603; ion correlated with 2002; ion correlated with 4805; ion correlated with 4899; ion correlated with 4573; ion correlated with 4641; ion correlated with 4619; ion correlated with 4680; similar chromatogram in higher mz_4020",0.036,FALSE,"null","null","null","null",999,FALSE,FALSE,FALSE,"null","null","null","null","null",68.64,3498,117.592740783081,20,"Exudate vs Soil","Soil","Not selected",3,3,2,3,TRUE,TRUE,TRUE,TRUE,"Leaf + Root + Exudate","RT >= 1 min","No MS/MS assignment","Unknown","Tier 4: large effect only"
"F3505_mz334.2957_rt1.51",3.46774534110661,9.62453380214289,0.971663820492072,0.37637161184138,0.597022974978131,-5.84829523876541,3505,1.513,334.29572,"Unknown","[M+H]+","ion correlated with 3050; ion correlated with 3110; ion correlated with 4134; ion correlated with 4120; ion correlated with 4012",0.071,FALSE,"null","null","null","null",999,FALSE,FALSE,FALSE,"null","null","null","null","null",35.5,1032,118.705711519845,16,"Exudate vs Soil","Exudate","Not selected",3,3,3,2,TRUE,TRUE,TRUE,TRUE,"Leaf + Root + Exudate","RT >= 1 min","No MS/MS assignment","Unknown","Tier 4: large effect only"
"F2976_mz291.196_rt2.54",3.3656175783017,9.38644697888569,0.970386627157549,0.376948420293525,0.597022974978131,-5.84950319983313,2976,2.536,291.19598,"Unknown","[M+H]+","ion correlated with 3670",0.107,TRUE,"null","null","null","null",999,FALSE,FALSE,FALSE,"null","null","null","null","null",70.22,782,434.39846743295,19,"Exudate vs Soil","Exudate","Not selected",3,3,3,2,TRUE,TRUE,TRUE,TRUE,"Leaf + Root + Exudate","RT >= 1 min","MS/MS available","Unknown","Tier 4: large effect only"
"F958_mz145.1015_rt1.21",-3.30920411956996,9.15772140304847,-0.973202852436576,0.375677510742012,0.597022974978131,-5.84683822363824,958,1.207,145.10153,"Unknown","[M+H]+","ion correlated with 2645; ion correlated with 1754; ion correlated with 2021",0.071,FALSE,"null","null","null","null",999,FALSE,FALSE,FALSE,"null","null","null","null","null",50.86,703.666666666667,269.526017029328,16,"Exudate vs Soil","Soil","Not selected",3,1,2,3,TRUE,FALSE,TRUE,TRUE,"Leaf + Exudate","RT >= 1 min","No MS/MS assignment","Unknown","Tier 4: large effect only"
"F1405_mz177.0548_rt1",-3.48818845415119,9.65662702673887,-0.967702840717218,0.378162831241105,0.597643881528131,-5.85203804442414,1405,0.995,177.05484,"Unknown","[M+H]+","ion correlated with 1114; ion correlated with 3191; ion correlated with 4029; ion correlated with 1654; ion correlated with 4201; ion correlated with 3171; ion correlated with 3624; ion correlated with 2793; ion correlated with 3937; ion correlated with 4037; ion correlated with 3608; ion correlated with 1217; ion correlated with 4207; ion correlated with 3309; ion correlated with 4550; ion correlated with 4658; ion correlated with 4257; ion correlated with 4759",0.036,FALSE,"null","null","null","null",999,FALSE,FALSE,FALSE,"null","null","null","null","null",108.38,3433.33333333333,307.527225080074,21,"Exudate vs Soil","Soil","Not selected",3,2,2,3,TRUE,TRUE,TRUE,TRUE,"Leaf + Root + Exudate","Early RT","No MS/MS assignment","Unknown","Tier 4: large effect only"
"F1033_mz150.0916_rt0.91",-3.63421336367149,10.1056756725956,-0.964440997888586,0.379643110081793,0.599299943705428,-5.85511252897338,1033,0.913,150.09161,"Unknown","[M+H]+","ion correlated with 593; ion correlated with 2490; similar chromatogram in higher mz_1911; similar chromatogram in higher mz_3206",0.357,TRUE,"null","null","null","null",999,FALSE,FALSE,FALSE,"null","null","null","null","null",342.86,9395.33333333333,218.351236297847,17,"Exudate vs Soil","Soil","Not selected",0,0,2,3,FALSE,FALSE,TRUE,TRUE,"Exudate only","Early RT","MS/MS available","Unknown","Tier 4: large effect only"
"F791_mz135.0556_rt0.93",3.50636877788691,9.81028564168463,0.960552186906326,0.38141408553633,0.600045315043535,-5.85876884823985,791,0.933,135.05556,"Unknown","[M+H]+",NA,0.214,FALSE,"null","null","null","null",999,FALSE,FALSE,FALSE,"null","null","null","null","null",49.96,17197.3333333333,16.8254094388991,19,"Exudate vs Soil","Exudate","Not selected",1,1,3,2,FALSE,FALSE,TRUE,TRUE,"Exudate only","Early RT","No MS/MS assignment","Unknown","Tier 4: large effect only"
"F2582_mz263.1649_rt2.08",-3.16515809581703,8.87210287427654,-0.962331011214747,0.380603171031327,0.600045315043535,-5.85709760426114,2582,2.08,263.16492,"Unknown","[M+H]+","ion correlated with 378; ion correlated with 742; ion correlated with 957; ion correlated with 1018; ion correlated with 1629; ion correlated with 1658; ion correlated with 420; ion correlated with 628; ion correlated with 995; ion correlated with 1570; ion correlated with 1694; ion correlated with 1719; ion correlated with 2318; ion correlated with 2447; ion correlated with 2950; ion correlated with 4946; ion correlated with 596; ion correlated with 1191; ion correlated with 2158; ion correlated with 2394; ion correlated with 56; ion correlated with 1140; ion correlated with 1468; ion correlated with 3907; ion correlated with 3941; ion correlated with 5039; ion correlated with 4118; ion correlated with 3777; ion correlated with 3851; ion correlated with 3979",0.107,FALSE,"null","null","null","null",999,FALSE,FALSE,FALSE,"null","null","null","null","null",64.79,1759.33333333333,300.644764249195,17,"Exudate vs Soil","Soil","Not selected",3,3,2,3,TRUE,TRUE,TRUE,TRUE,"Leaf + Root + Exudate","RT >= 1 min","No MS/MS assignment","Unknown","Tier 4: large effect only"
"F2035_mz221.0925_rt0.93",-3.56463443055045,10.0578283809978,-0.955969484114395,0.383509681325289,0.600500785557051,-5.86306478187817,2035,0.927,221.09251,"Unknown","[M+H]+",NA,0.464,TRUE,"null","null","null","null",999,FALSE,FALSE,FALSE,"null","null","null","null","null",117.18,1369.33333333333,1156.51350036487,21,"Exudate vs Soil","Soil","Not selected",3,1,2,3,TRUE,FALSE,TRUE,TRUE,"Leaf + Exudate","Early RT","MS/MS available","Unknown","Tier 4: large effect only"
"F3863_mz367.2462_rt1.78",3.13630718135451,8.6856035333372,0.952294079039464,0.385197130803889,0.601219846052017,-5.86650014299592,3863,1.779,367.24615,"Unknown","[M+H]+","ion correlated with 2126; ion correlated with 3807",0.071,FALSE,"null","null","null","null",999,FALSE,FALSE,FALSE,"null","null","null","null","null",24.61,974.666666666667,158.138025281859,20,"Exudate vs Soil","Exudate","Not selected",3,3,3,2,TRUE,TRUE,TRUE,TRUE,"Leaf + Root + Exudate","RT >= 1 min","No MS/MS assignment","Unknown","Tier 4: large effect only"
"F3587_mz342.2394_rt1.04",-3.61157741294224,10.2523350066241,-0.947662718517083,0.387332037974724,0.602658872582701,-5.87081622138388,3587,1.037,342.23935,"Unknown","[M+H]+","ion correlated with 3132; ion correlated with 4312; ion correlated with 3393; ion correlated with 2891; ion correlated with 3913; ion correlated with 1544; ion correlated with 2698; ion correlated with 61; ion correlated with 3613; ion correlated with 761; ion correlated with 3432; ion correlated with 1392; ion correlated with 3479; ion correlated with 4022; ion correlated with 3786; ion correlated with 3129; ion correlated with 3160; ion correlated with 2526; ion correlated with 2908; ion correlated with 2633; ion correlated with 3603; ion correlated with 3335; ion correlated with 3569",0.357,FALSE,"null","null","null","null",999,FALSE,FALSE,FALSE,"null","null","null","null","null",195.16,4329,198.632563510393,23,"Exudate vs Soil","Soil","Not selected",3,3,2,3,TRUE,TRUE,TRUE,TRUE,"Leaf + Root + Exudate","RT >= 1 min","No MS/MS assignment","Unknown","Tier 4: large effect only"
"F3178_mz305.2479_rt5.39",-3.15558948246725,8.8741820511145,-0.946330970533941,0.387947698996023,0.602658872582701,-5.87205465694528,3178,5.389,305.24789,"Unknown","[M+H]+","ion correlated with 5052; ion correlated with 2913; ion correlated with 3425",0.107,TRUE,"null","null","null","null",999,FALSE,FALSE,FALSE,"null","null","null","null","null",17.96,3002.33333333333,163.067813540511,18,"Exudate vs Soil","Soil","Not selected",3,3,2,3,TRUE,TRUE,TRUE,TRUE,"Leaf + Root + Exudate","RT >= 1 min","MS/MS available","Unknown","Tier 4: large effect only"
"F2107_mz226.1554_rt0.74",-3.43741902257576,9.89881129338901,-0.927589512786217,0.396695715512127,0.610292780408601,-5.88935604622598,2107,0.742,226.15543,"Unknown","[M+H]+","ion correlated with 790; ion correlated with 4592; ion correlated with 3923; ion correlated with 3615; ion correlated with 4520; ion correlated with 2538; ion correlated with 3644; ion correlated with 2304; ion correlated with 3325; ion correlated with 2182",0.036,FALSE,"null","null","null","null",999,FALSE,FALSE,FALSE,"null","null","null","null","null",64.52,2990.33333333333,145.84131936706,16,"Exudate vs Soil","Soil","Not selected",0,0,2,3,FALSE,FALSE,TRUE,TRUE,"Exudate only","Early RT","No MS/MS assignment","Unknown","Tier 4: large effect only"
"F985_mz146.9963_rt0.38",-1.1733016570978,14.9213716399364,-0.927291058552203,0.39683629558537,0.610292780408601,-5.88962963563479,985,0.383,146.99631,"Unknown","[M+H]+",NA,0.143,FALSE,"null","null","null","null",999,FALSE,FALSE,FALSE,"null","null","null","null","null",5.13,0,372938,24,"Exudate vs Soil","Soil","Not selected",3,3,3,3,TRUE,TRUE,TRUE,TRUE,"Leaf + Root + Exudate","Very early RT","No MS/MS assignment","Unknown","Tier 4: large effect only"
"F5125_mz768.563_rt7.9",-3.33638304383609,9.68353402785947,-0.916698253655051,0.401851619631426,0.614753139965957,-5.89930025982382,5125,7.896,768.56299,"Unknown","[M+H]+",NA,0.036,FALSE,"null","null","null","null",999,FALSE,FALSE,FALSE,"null","null","null","null","null",45.26,4900,29.959600081616,23,"Exudate vs Soil","Soil","Not selected",3,3,2,3,TRUE,TRUE,TRUE,TRUE,"Leaf + Root + Exudate","RT >= 1 min","No MS/MS assignment","Unknown","Tier 4: large effect only"
"F5153_mz792.5624_rt8.96",-3.29169822921916,9.60949066365498,-0.912313912289743,0.403942164377315,0.616590131968015,-5.90328020011543,5153,8.962,792.56244,"Unknown","[M+H]+","ion correlated with 4885; ion correlated with 4822; ion correlated with 5135; ion correlated with 5126",0.107,TRUE,"null","null","null","null",999,FALSE,FALSE,FALSE,"null","null","null","null","null",117.71,9502.66666666667,47.772824523868,22,"Exudate vs Soil","Soil","Not selected",3,3,2,3,TRUE,TRUE,TRUE,TRUE,"Leaf + Root + Exudate","RT >= 1 min","MS/MS available","Unknown","Tier 4: large effect only"
"F3862_mz367.2458_rt1.94",3.14193629336793,9.21218885586676,0.913062777158881,0.403584479653287,0.616590131968015,-5.90260135547378,3862,1.943,367.24576,"Unknown","[M+H]+","ion correlated with 3808; ion correlated with 2127; ion correlated with 3216",0.107,FALSE,"null","null","null","null",999,FALSE,FALSE,FALSE,"null","null","null","null","null",38.64,1003,257.378486055777,15,"Exudate vs Soil","Exudate","Not selected",1,3,3,2,FALSE,TRUE,TRUE,TRUE,"Root + Exudate","RT >= 1 min","No MS/MS assignment","Unknown","Tier 4: large effect only"
"F3586_mz342.228_rt2.1",-3.10878373661026,9.10259966371886,-0.910645894368313,0.404739773804962,0.617127971940239,-5.9047908502117,3586,2.103,342.22797,"Unknown","[M+H]+","ion correlated with 1547; ion correlated with 532; ion correlated with 3926; ion correlated with 4888; ion correlated with 2562; ion correlated with 3472",0.071,FALSE,"null","null","null","null",999,FALSE,FALSE,FALSE,"null","null","null","null","null",31.16,0,138537,15,"Exudate vs Soil","Soil","Not selected",3,0,2,3,TRUE,FALSE,TRUE,TRUE,"Leaf + Exudate","RT >= 1 min","No MS/MS assignment","Unknown","Tier 4: large effect only"
"F1390_mz176.0921_rt0.66",3.70666099758294,10.740060806451,0.906893634623511,0.406538585053422,0.618996428332981,-5.90818200077345,1390,0.659,176.09213,"Unknown","[M+H]+","ion correlated with 917; ion correlated with 1979; ion correlated with 1386",0.071,FALSE,"null","null","null","null",999,FALSE,FALSE,FALSE,"null","null","null","null","null",69.79,7640,53.7461065305588,17,"Exudate vs Soil","Exudate","Not selected",0,1,3,2,FALSE,FALSE,TRUE,TRUE,"Exudate only","Early RT","No MS/MS assignment","Unknown","Tier 4: large effect only"
"F3573_mz340.9327_rt0.41",3.934334015729,11.6519988669127,0.898072080399415,0.410792490849215,0.620454457500239,-5.91611563055864,3573,0.408,340.93274,"Unknown","[M+H]+",NA,0.071,FALSE,"null","null","null","null",999,FALSE,FALSE,FALSE,"null","null","null","null","null",97.93,0,129853,21,"Exudate vs Soil","Exudate","Not selected",3,1,3,2,TRUE,FALSE,TRUE,TRUE,"Leaf + Exudate","Very early RT","No MS/MS assignment","Unknown","Tier 4: large effect only"
"F1286_mz169.0974_rt0.82",-3.330829543583,9.58577004740282,-0.897746098306142,0.410950354967691,0.620454457500239,-5.91640774889919,1286,0.82,169.0974,"Unknown","[M+H]+","ion correlated with 2277; ion correlated with 2115; ion correlated with 2621",0.036,FALSE,"null","null","null","null",999,FALSE,FALSE,FALSE,"null","null","null","null","null",36.78,3039,121.795065789474,17,"Exudate vs Soil","Soil","Not selected",0,1,2,3,FALSE,FALSE,TRUE,TRUE,"Exudate only","Early RT","No MS/MS assignment","Unknown","Tier 4: large effect only"
"F2780_mz277.1803_rt1.61",-3.02985790422183,8.95976734299369,-0.899793469475199,0.409959661721041,0.620454457500239,-5.91457181619042,2780,1.608,277.18033,"Unknown","[M+H]+",NA,0.107,TRUE,"null","null","null","null",999,FALSE,FALSE,FALSE,"null","null","null","null","null",6492.7,1303.66666666667,36070.6824220746,21,"Exudate vs Soil","Soil","Not selected",3,3,2,3,TRUE,TRUE,TRUE,TRUE,"Leaf + Root + Exudate","RT >= 1 min","MS/MS available","Unknown","Tier 4: large effect only"
"F1195_mz163.1482_rt1.18",-3.47925909995378,10.3517546301145,-0.895919117090838,0.411835995586776,0.621115005313679,-5.9180435453822,1195,1.182,163.14822,"Unknown","[M+H]+","ion correlated with 955; ion correlated with 4038; ion correlated with 1625; ion correlated with 4061; ion correlated with 4111; ion correlated with 4432; ion correlated with 4076; ion correlated with 1408; ion correlated with 1470; ion correlated with 1431; ion correlated with 4620",0.036,FALSE,"null","null","null","null",999,FALSE,FALSE,FALSE,"null","null","null","null","null",10.69,2761.33333333333,61.0755400024134,15,"Exudate vs Soil","Soil","Not selected",3,2,2,3,TRUE,TRUE,TRUE,TRUE,"Leaf + Root + Exudate","RT >= 1 min","No MS/MS assignment","Unknown","Tier 4: large effect only"
"F3845_mz366.2126_rt1.09",-3.33402067429337,10.0628006367836,-0.877695367991457,0.420752266675863,0.629085913282358,-5.93422981121164,3845,1.088,366.21255,"Unknown","[M+H]+",NA,0.143,FALSE,"null","null","null","null",999,FALSE,FALSE,FALSE,"null","null","null","null","null",63.35,3357.33333333333,109.571612903226,23,"Exudate vs Soil","Soil","Not selected",3,3,2,3,TRUE,TRUE,TRUE,TRUE,"Leaf + Root + Exudate","RT >= 1 min","No MS/MS assignment","Unknown","Tier 4: large effect only"
"F988_mz147.0442_rt0.83",3.13530535336752,9.43792034095332,0.86926113053069,0.424929480512128,0.633518503262828,-5.94163995699621,988,0.831,147.04424,"Unknown","[M+H]+","ion correlated with 2017; ion correlated with 1914; ion correlated with 2165; ion correlated with 566; ion correlated with 2541; ion correlated with 1813; ion correlated with 2192; ion correlated with 2209; ion correlated with 47",0.321,TRUE,"null","null","null","null",999,FALSE,FALSE,FALSE,"null","null","null","null","null",230.33,4577.66666666667,563.040987186954,17,"Exudate vs Soil","Exudate","Not selected",1,0,3,2,FALSE,FALSE,TRUE,TRUE,"Exudate only","Early RT","MS/MS available","Unknown","Tier 4: large effect only"
"F1474_mz182.0274_rt1.18",-3.18031793114444,9.84154463732178,-0.855819228102017,0.431653107589134,0.640560222777077,-5.95334210638278,1474,1.184,182.0274,"Unknown","[M+H]+",NA,0.25,TRUE,"null","null","null","null",999,FALSE,FALSE,FALSE,"null","null","null","null","null",100.57,12288.3333333333,66.2247477487252,21,"Exudate vs Soil","Soil","Not selected",2,3,2,3,TRUE,TRUE,TRUE,TRUE,"Leaf + Root + Exudate","RT >= 1 min","MS/MS available","Unknown","Tier 4: large effect only"
"F3570_mz340.1972_rt0.9",3.30953331809808,10.2450167619591,0.840998874326603,0.439160683398268,0.645153379525378,-5.96608898384232,3570,0.902,340.19724,"Unknown","[M+H]+","ion correlated with 1857; ion correlated with 2501",0.25,FALSE,"null","null","null","null",999,FALSE,FALSE,FALSE,"null","null","null","null","null",75.61,5006.33333333333,64.7176807349221,17,"Exudate vs Soil","Exudate","Not selected",0,0,3,2,FALSE,FALSE,TRUE,TRUE,"Exudate only","Early RT","No MS/MS assignment","Unknown","Tier 4: large effect only"
"F3712_mz353.2302_rt1.66",-3.12017803296298,9.75217922416373,-0.84194217364741,0.438679882123106,0.645153379525378,-5.96528255961678,3712,1.663,353.23016,"Unknown","[M+H]+",NA,0.143,TRUE,"null","null","null","null",999,FALSE,FALSE,FALSE,"null","null","null","null","null",47.81,2886.33333333333,98.0925883167859,21,"Exudate vs Soil","Soil","Not selected",3,3,2,3,TRUE,TRUE,TRUE,TRUE,"Leaf + Root + Exudate","RT >= 1 min","MS/MS available","Unknown","Tier 4: large effect only"
"F3297_mz316.2851_rt2.14",-2.77303464451252,8.68190656393867,-0.82476339320255,0.447498833932799,0.652190729580294,-5.97986311292835,3297,2.145,316.28513,"Unknown","[M+H]+",NA,0.214,TRUE,"null","null","null","null",999,FALSE,FALSE,FALSE,"null","null","null","null","null",88.16,2889.66666666667,768.434155904059,21,"Exudate vs Soil","Soil","Not selected",3,3,2,3,TRUE,TRUE,TRUE,TRUE,"Leaf + Root + Exudate","RT >= 1 min","MS/MS available","Unknown","Tier 4: large effect only"
"F2325_mz244.1186_rt0.94",3.00330773834538,9.58430237759809,0.821768562881564,0.449049891807537,0.653763813072738,-5.98238197230785,2325,0.941,244.11855,"Unknown","[M+H]+","ion correlated with 4305; ion correlated with 638; ion correlated with 2634; ion correlated with 1726; ion correlated with 1095; ion correlated with 1111; ion correlated with 1552; ion correlated with 4067",0.143,FALSE,"null","null","null","null",999,FALSE,FALSE,FALSE,"null","null","null","null","null",95.95,3432,197.004369356248,17,"Exudate vs Soil","Exudate","Not selected",0,1,3,2,FALSE,FALSE,TRUE,TRUE,"Exudate only","Early RT","No MS/MS assignment","Unknown","Tier 4: large effect only"
"F505_mz115.087_rt0.46",4.75085094500624,14.87684812101,0.815697276871001,0.452206688438238,0.655992720720846,-5.98746718889481,505,0.463,115.08695,"Unknown","[M+H]+","ion correlated with 4479; ion correlated with 2382; ion correlated with 2322; similar chromatogram in higher mz_4315; similar chromatogram in higher mz_4625; similar chromatogram in higher mz_4255; similar chromatogram in higher mz_4669",0.607,TRUE,"null","null","null","null",999,FALSE,FALSE,FALSE,"null","null","null","null","null",121.05,11432.6666666667,290.753884726393,22,"Exudate vs Soil","Exudate","Not selected",3,2,3,2,TRUE,TRUE,TRUE,TRUE,"Leaf + Root + Exudate","Very early RT","MS/MS available","Unknown","Tier 4: large effect only"
"F3206_mz308.1247_rt0.92",-2.90203635802974,9.27769682275056,-0.807947325540355,0.456260449332536,0.655992720720846,-5.99391702905676,3206,0.92,308.12473,"Unknown","[M+H]+",NA,0.036,FALSE,"null","null","null","null",999,FALSE,FALSE,FALSE,"null","null","null","null","null",22.88,804.666666666667,222.680182043856,17,"Exudate vs Soil","Soil","Not selected",1,0,2,3,FALSE,FALSE,TRUE,TRUE,"Exudate only","Early RT","No MS/MS assignment","Unknown","Tier 4: large effect only"
"F101_mz78.6814_rt0.64",4.14488965560424,12.957358278722,0.806999047524368,0.456758322066198,0.656028014905441,-5.99470302260646,101,0.641,78.6814,"Unknown","[M+H]+","ion correlated with 122",0.25,FALSE,"null","null","null","null",999,FALSE,FALSE,FALSE,"null","null","null","null","null",508.35,7858.66666666667,145.549811272743,23,"Exudate vs Soil","Exudate","Not selected",3,3,3,2,TRUE,TRUE,TRUE,TRUE,"Leaf + Root + Exudate","Early RT","No MS/MS assignment","Unknown","Tier 4: large effect only"
"F5160_mz796.5945_rt9.58",-3.08735577226316,10.022724479111,-0.797760980377036,0.461629750239131,0.660287754212007,-6.00232335412052,5160,9.582,796.59448,"Unknown","[M+H]+",NA,0.036,TRUE,"null","null","null","null",999,FALSE,FALSE,FALSE,"null","null","null","null","null",58.28,2476.66666666667,47.9769944840576,17,"Exudate vs Soil","Soil","Not selected",3,3,2,3,TRUE,TRUE,TRUE,TRUE,"Leaf + Root + Exudate","RT >= 1 min","MS/MS available","Unknown","Tier 4: large effect only"
"F103_mz78.952_rt0.64",3.40875545830736,11.3686657583581,0.767237583495018,0.477998109517254,0.673277824990767,-6.02702100458567,103,0.64,78.95203,"Unknown","[M+H]+",NA,0.214,FALSE,"null","null","null","null",999,FALSE,FALSE,FALSE,"null","null","null","null","null",162.21,0,270125,23,"Exudate vs Soil","Exudate","Not selected",3,3,3,2,TRUE,TRUE,TRUE,TRUE,"Leaf + Root + Exudate","Early RT","No MS/MS assignment","Unknown","Tier 4: large effect only"
"F1140_mz159.117_rt2.08",-2.74004356286081,9.33288341431063,-0.763864654277849,0.479832498016757,0.675175474366726,-6.02970426279598,1140,2.08,159.11703,"Unknown","[M+H]+","ion correlated with 378; ion correlated with 742; ion correlated with 957; ion correlated with 1018; ion correlated with 1629; ion correlated with 1658; ion correlated with 2022; ion correlated with 797; ion correlated with 2911; ion correlated with 420; ion correlated with 628; ion correlated with 995; ion correlated with 1351; ion correlated with 1570; ion correlated with 1694; ion correlated with 1719; ion correlated with 1894; ion correlated with 2137; ion correlated with 2318; ion correlated with 2447; ion correlated with 4946; ion correlated with 596; ion correlated with 1191; ion correlated with 2158; ion correlated with 2500; ion correlated with 2394; ion correlated with 56; ion correlated with 1167; ion correlated with 1258; ion correlated with 1468; ion correlated with 2582; ion correlated with 3907; ion correlated with 3941; ion correlated with 5039; ion correlated with 2347; ion correlated with 4118; ion correlated with 3777; ion correlated with 3979; ion correlated with 3997; found in higher mz's MsMs_3323; found in higher mz's MsMs_1751; found in higher mz's MsMs_3520; found in higher mz's MsMs_3703; found in higher mz's MsMs_2674; found in higher mz's MsMs_5004; found in higher mz's MsMs_2381; found in higher mz's MsMs_2950; found in higher mz's MsMs_3851",0.107,FALSE,"null","null","null","null",999,FALSE,FALSE,FALSE,"null","null","null","null","null",36.08,1910.66666666667,177.708805579773,19,"Exudate vs Soil","Soil","Not selected",3,3,2,3,TRUE,TRUE,TRUE,TRUE,"Leaf + Root + Exudate","RT >= 1 min","No MS/MS assignment","Unknown","Tier 4: large effect only"
"F3792_mz360.3115_rt2.84",2.02475657246921,9.80419557777499,0.496737921686283,0.640692922962097,0.806780778651402,-6.21050237571212,3792,2.841,360.31146,"Unknown","[M+H]+","ion correlated with 1920; ion correlated with 2709; ion correlated with 3525; ion correlated with 3826; ion correlated with 3993",0.107,FALSE,"null","null","null","null",999,FALSE,FALSE,FALSE,"null","null","null","null","null",12.34,9924,20.3899244332494,21,"Exudate vs Soil","Exudate","Not selected",3,3,3,2,TRUE,TRUE,TRUE,TRUE,"Leaf + Root + Exudate","RT >= 1 min","No MS/MS assignment","Unknown","Tier 4: large effect only"
"F1701_mz198.1126_rt0.49",1.4896208227817,7.71631361502292,0.300022927667499,0.776377790129583,0.904253985965115,-6.29882874567299,1701,0.493,198.11264,"Unknown","[M+H]+","ion correlated with 2738",0.143,TRUE,"null","null","null","null",999,FALSE,FALSE,FALSE,"null","null","null","null","null",489.82,6481.66666666667,606.395824763472,22,"Exudate vs Soil","Exudate","Not selected",3,3,2,2,TRUE,TRUE,TRUE,TRUE,"Leaf + Root + Exudate","Very early RT","MS/MS available","Unknown","Tier 4: large effect only"
"F1863_mz209.0488_rt0.42",-1.43481578731692,8.75767332650477,-0.256127397384107,0.808179212928656,0.92803346240192,-6.31284115366184,1863,0.417,209.04877,"Unknown","[M+H]+","ion correlated with 4213; ion correlated with 3367; ion correlated with 4047; ion correlated with 3532; ion correlated with 4157",0.036,FALSE,"null","null","null","null",999,FALSE,FALSE,FALSE,"null","null","null","null","null",20.74,0,155951,15,"Exudate vs Soil","Soil","Not selected",0,0,2,2,FALSE,FALSE,TRUE,TRUE,"Exudate only","Very early RT","No MS/MS assignment","Unknown","Tier 4: large effect only"
"F3516_mz335.222_rt2.63",1.11905862097639,6.99914413790682,0.248940755298873,0.81342821132662,0.931745042065038,-6.31493058391341,3516,2.627,335.22198,"Unknown","[M+H]+","ion correlated with 2781; ion correlated with 3077; ion correlated with 3317; ion correlated with 1918",0.071,TRUE,"null","null","null","null",999,FALSE,FALSE,FALSE,"null","null","null","null","null",34.55,1330.66666666667,701.295619524405,17,"Exudate vs Soil","Exudate","Not selected",3,3,2,2,TRUE,TRUE,TRUE,TRUE,"Leaf + Root + Exudate","RT >= 1 min","MS/MS available","Unknown","Tier 4: large effect only"
"F1204_mz164.0741_rt0.42",-1.19528786487666,8.85200116383479,-0.209104151326578,0.842718555386314,0.948172620422793,-6.32545800953043,1204,0.417,164.07411,"Unknown","[M+H]+",NA,0.214,TRUE,"null","null","null","null",999,FALSE,FALSE,FALSE,"null","null","null","null","null",563.03,10545.6666666667,790.477718078382,17,"Exudate vs Soil","Soil","Not selected",3,3,2,2,TRUE,TRUE,TRUE,TRUE,"Leaf + Root + Exudate","Very early RT","MS/MS available","Unknown","Tier 4: large effect only"
"F785_mz134.1177_rt0.48",1.38786469240457,10.7381743891,0.197004275008718,0.851675373799109,0.954882984807662,-6.32829980953739,785,0.484,134.11771,"Unknown","[M+H]+",NA,0.429,FALSE,"null","null","null","null",999,FALSE,FALSE,FALSE,"null","null","null","null","null",125.45,71380.3333333333,7.96093283024507,21,"Exudate vs Soil","Exudate","Not selected",2,3,2,2,TRUE,TRUE,TRUE,TRUE,"Leaf + Root + Exudate","Very early RT","No MS/MS assignment","Unknown","Tier 4: large effect only"
"F2057_mz222.9884_rt0.44",-1.08760092808362,9.94210958331651,-0.171574130363337,0.870581171816893,0.966102284748615,-6.33372845671118,2057,0.438,222.98842,"Unknown","[M+H]+","ion correlated with 2461",0.214,FALSE,"null","null","null","null",999,FALSE,FALSE,FALSE,"null","null","null","null","null",149.3,0,2264753,15,"Exudate vs Soil","Soil","Not selected",3,3,2,2,TRUE,TRUE,TRUE,TRUE,"Leaf + Root + Exudate","Very early RT","No MS/MS assignment","Unknown","Tier 4: large effect only"
"F3720_mz354.0124_rt0.52",0.960200041509797,16.3819176360353,6.68370111435849,0.0011893345788675,0.082947833545563,-0.21034975004125,3720,0.515,354.01239,"Unknown","[M+H]+",NA,0.107,FALSE,"null","null","null","null",999,FALSE,FALSE,FALSE,"null","null","null","null","null",1501.51,0,113243,6,"Exudate vs Soil","Exudate","Not selected",0,0,3,3,FALSE,FALSE,TRUE,TRUE,"Exudate only","Early RT","No MS/MS assignment","Unknown","Tier 5: low priority"
"F723_mz130.017_rt0.39",-0.924062961555457,22.3475337809701,-5.81702260716787,0.00220928969665892,0.082947833545563,-0.784714109245619,723,0.394,130.01697,"Unknown","[M+H]+",NA,0.321,FALSE,"null","null","null","null",999,FALSE,FALSE,FALSE,"null","null","null","null","null",950.49,171398,59.6954708020467,24,"Exudate vs Soil","Soil","Not selected",3,3,3,3,TRUE,TRUE,TRUE,TRUE,"Leaf + Root + Exudate","Very early RT","No MS/MS assignment","Unknown","Tier 5: low priority"
"F717_mz129.9793_rt0.39",-0.922596361956312,19.0585647656655,-6.01268374910858,0.00190918658000239,0.082947833545563,-0.646861845635944,717,0.393,129.97932,"Unknown","[M+H]+","ion correlated with 3434; ion correlated with 3606; ion correlated with 3634; ion correlated with 35; ion correlated with 2414; ion correlated with 1170",0.429,FALSE,"null","null","null","null",999,FALSE,FALSE,FALSE,"null","null","null","null","null",59.66,40799,21.608112745098,24,"Exudate vs Soil","Soil","Not selected",3,3,3,3,TRUE,TRUE,TRUE,TRUE,"Leaf + Root + Exudate","Very early RT","No MS/MS assignment","Unknown","Tier 5: low priority"
"F691_mz128.0194_rt0.4",-0.884211774859345,25.0646220154319,-5.57344119980341,0.00266417660863943,0.082947833545563,-0.963510278234505,691,0.395,128.01941,"Unknown","[M+H]+","ion correlated with 427; found in higher mz's MsMs_1037; found in higher mz's MsMs_964; found in higher mz's MsMs_1285",0.857,TRUE,"null","null","null","null",999,FALSE,FALSE,FALSE,"null","null","null","null","null",6753.87,274398.666666667,232.88126321825,24,"Exudate vs Soil","Soil","Not selected",3,3,3,3,TRUE,TRUE,TRUE,TRUE,"Leaf + Root + Exudate","Very early RT","MS/MS available","Unknown","Tier 5: low priority"
"F3354_mz319.2272_rt2.82",0.834682120388456,12.347765518551,5.90438223110887,0.00206889574263163,0.082947833545563,-0.72254400229484,3354,2.821,319.22717,"Unknown","[M+H]+","ion correlated with 2673; ion correlated with 3576; ion correlated with 3108; similar chromatogram in higher mz_4962",0.107,TRUE,"null","null","null","null",999,FALSE,FALSE,FALSE,"null","null","null","null","null",74.29,6651,193.172579675286,21,"Exudate vs Soil","Exudate","Not selected",3,3,3,3,TRUE,TRUE,TRUE,TRUE,"Leaf + Root + Exudate","RT >= 1 min","MS/MS available","Unknown","Tier 5: low priority"
"F3866_mz367.9921_rt0.5",-0.823857429125806,17.5387939756895,-5.59964569589025,0.00261026798831875,0.082947833545563,-0.943882530095395,3866,0.496,367.99213,"Unknown","[M+H]+","ion correlated with 1695; ion correlated with 327; ion correlated with 574; ion correlated with 4008; ion correlated with 3597; ion correlated with 786",0.214,FALSE,"null","null","null","null",999,FALSE,FALSE,FALSE,"null","null","null","null","null",4097.13,0,296667,6,"Exudate vs Soil","Soil","Not selected",0,0,3,3,FALSE,FALSE,TRUE,TRUE,"Exudate only","Very early RT","No MS/MS assignment","Unknown","Tier 5: low priority"
"F1170_mz162.0076_rt0.4",-0.809407310927858,18.951978021959,-5.83320502115313,0.00218245576390015,0.082947833545563,-0.773121238703665,1170,0.401,162.00763,"Unknown","[M+H]+","ion correlated with 717; ion correlated with 3634; ion correlated with 35; ion correlated with 2414",0.286,FALSE,"null","null","null","null",999,FALSE,FALSE,FALSE,"null","null","null","null","null",218.43,9116.66666666667,91.1340620772859,24,"Exudate vs Soil","Soil","Not selected",3,3,3,3,TRUE,TRUE,TRUE,TRUE,"Leaf + Root + Exudate","Very early RT","No MS/MS assignment","Unknown","Tier 5: low priority"
"F195_mz88.0233_rt0.4",-0.982072257295236,23.9340464647187,-5.30865351145508,0.00328931773841743,0.0848855043992748,-1.16733290321915,195,0.402,88.02334,"Unknown","[M+2H]2+","ion correlated with 142; ion correlated with 49; ion correlated with 174; found in higher mz's MsMs_306; found in higher mz's MsMs_615; found in higher mz's MsMs_329; similar chromatogram in higher mz_2864; similar chromatogram in higher mz_2611; similar chromatogram in higher mz_1577; similar chromatogram in higher mz_3067",0.857,TRUE,"null","null","null","null",999,FALSE,FALSE,FALSE,"null","null","null","null","null",820.26,247678.666666667,105.782785291216,24,"Exudate vs Soil","Soil","Not selected",3,3,3,3,TRUE,TRUE,TRUE,TRUE,"Leaf + Root + Exudate","Very early RT","MS/MS available","Unknown","Tier 5: low priority"
"F1936_mz214.9177_rt0.39",-0.974968987021756,22.0018778724749,-5.03396515799215,0.00412811880632742,0.0848855043992748,-1.38971719437903,1936,0.393,214.91771,"Unknown","[M+H]+",NA,0.857,FALSE,"null","null","null","null",999,FALSE,FALSE,FALSE,"null","null","null","null","null",626.87,2391,2905.63670568562,24,"Exudate vs Soil","Soil","Not selected",3,3,3,3,TRUE,TRUE,TRUE,TRUE,"Leaf + Root + Exudate","Very early RT","No MS/MS assignment","Unknown","Tier 5: low priority"
"F452_mz111.5494_rt0.4",-0.968839234941413,19.5722942671533,-4.88359873396337,0.00469269232098148,0.0848855043992748,-1.51636966175226,452,0.396,111.54935,"Unknown","[M+H]+","ion correlated with 233",0.857,FALSE,"null","null","null","null",999,FALSE,FALSE,FALSE,"null","null","null","null","null",30.76,14329.3333333333,98.3028075643739,24,"Exudate vs Soil","Soil","Not selected",3,3,3,3,TRUE,TRUE,TRUE,TRUE,"Leaf + Root + Exudate","Very early RT","No MS/MS assignment","Unknown","Tier 5: low priority"
"F4464_mz458.856_rt0.39",-0.964482062089294,19.0236059302594,-4.8212662153965,0.004952884685028,0.0848855043992748,-1.5699205964688,4464,0.392,458.85596,"Unknown","[M+H]+","ion correlated with 4385; ion correlated with 3606; ion correlated with 770; ion correlated with 3634; ion correlated with 2414",0.393,FALSE,"null","null","null","null",999,FALSE,FALSE,FALSE,"null","null","null","null","null",6300.05,0,985812,24,"Exudate vs Soil","Soil","Not selected",3,3,3,3,TRUE,TRUE,TRUE,TRUE,"Leaf + Root + Exudate","Very early RT","No MS/MS assignment","Unknown","Tier 5: low priority"
"F663_mz125.9864_rt0.39",-0.863860391562691,24.9744448900019,-4.87893262662266,0.00471160750950421,0.0848855043992748,-1.52035692833768,663,0.394,125.98639,"Unknown","[M+H]+","ion correlated with 222",0.857,TRUE,"null","null","null","null",999,FALSE,FALSE,FALSE,"null","null","null","null","null",936.84,345436.333333333,160.462959996603,24,"Exudate vs Soil","Soil","Not selected",3,3,3,3,TRUE,TRUE,TRUE,TRUE,"Leaf + Root + Exudate","Very early RT","MS/MS available","Unknown","Tier 5: low priority"
"F921_mz143.9971_rt0.4",-0.802940865727637,23.0077491172257,-4.86395906738579,0.00477291104738573,0.0848855043992748,-1.53317549088084,921,0.398,143.99707,"Unknown","[M+H]+","ion correlated with 306",0.857,TRUE,"null","null","null","null",999,FALSE,FALSE,FALSE,"null","null","null","null","null",591.37,162936.333333333,78.3333797042626,24,"Exudate vs Soil","Soil","Not selected",3,3,3,3,TRUE,TRUE,TRUE,TRUE,"Leaf + Root + Exudate","Very early RT","MS/MS available","Unknown","Tier 5: low priority"
"F427_mz110.0088_rt0.39",-0.75515688708509,25.1104798763764,-4.83514068066889,0.00489354015697357,0.0848855043992748,-1.5579470425383,427,0.389,110.00883,"Unknown","[M+H]+","ion correlated with 691",0.857,TRUE,"null","null","null","null",999,FALSE,FALSE,FALSE,"null","null","null","null","null",764.28,116999.333333333,486.6793399449,24,"Exudate vs Soil","Soil","Not selected",3,3,3,3,TRUE,TRUE,TRUE,TRUE,"Leaf + Root + Exudate","Very early RT","MS/MS available","Unknown","Tier 5: low priority"
"F1517_mz185.0325_rt0.44",-0.746164761749194,18.2285903927671,-4.97623512284785,0.00433493234111106,0.0848855043992748,-1.43792334873028,1517,0.439,185.03252,"Unknown","[M+H]+","ion correlated with 1518",0.321,TRUE,"null","null","null","null",999,FALSE,FALSE,FALSE,"null","null","null","null","null",99.06,51260.3333333333,166.44397336524,24,"Exudate vs Soil","Soil","Not selected",3,3,3,3,TRUE,TRUE,TRUE,TRUE,"Leaf + Root + Exudate","Very early RT","MS/MS available","Unknown","Tier 5: low priority"
"F1482_mz182.9031_rt0.4",0.732562910884093,17.8370021212713,4.8490782757174,0.00483476028010173,0.0848855043992748,-1.54595006283118,1482,0.398,182.90306,"Unknown","[M+H]+",NA,0.214,FALSE,"null","null","null","null",999,FALSE,FALSE,FALSE,"null","null","null","null","null",93.44,0,302125,19,"Exudate vs Soil","Exudate","Not selected",1,0,3,3,FALSE,FALSE,TRUE,TRUE,"Exudate only","Very early RT","No MS/MS assignment","Unknown","Tier 5: low priority"
"F773_mz133.028_rt0.47",0.692723894653942,16.3793949247402,4.90491452969174,0.00460740466458265,0.0848855043992748,-1.49819894079983,773,0.466,133.028,"Unknown","[M+H]+",NA,0.036,FALSE,"null","null","null","null",999,FALSE,FALSE,FALSE,"null","null","null","null","null",17,928.666666666667,743.588024381499,11,"Exudate vs Soil","Exudate","Not selected",1,1,3,3,FALSE,FALSE,TRUE,TRUE,"Exudate only","Very early RT","No MS/MS assignment","Unknown","Tier 5: low priority"
"F249_mz95.5232_rt0.39",-0.927440215233819,18.1675970076723,-4.72245337749966,0.005400713432039,0.0880597480710558,-1.65609334644108,249,0.393,95.52324,"Unknown","[M+H]+",NA,0.429,FALSE,"null","null","null","null",999,FALSE,FALSE,FALSE,"null","null","null","null","null",91.67,1882.33333333333,268.245663716814,24,"Exudate vs Soil","Soil","Not selected",3,3,3,3,TRUE,TRUE,TRUE,TRUE,"Leaf + Root + Exudate","Very early RT","No MS/MS assignment","Unknown","Tier 5: low priority"
"F1278_mz169.0461_rt0.4",-0.826924328916057,19.5093563995023,-4.73816614699289,0.00532643667054541,0.0880597480710558,-1.64228470367094,1278,0.399,169.0461,"Unknown","[M+H]+",NA,0.357,FALSE,"null","null","null","null",999,FALSE,FALSE,FALSE,"null","null","null","null","null",116.3,206319,7.1308889104304,24,"Exudate vs Soil","Soil","Not selected",3,3,3,3,TRUE,TRUE,TRUE,TRUE,"Leaf + Root + Exudate","Very early RT","No MS/MS assignment","Unknown","Tier 5: low priority"
"F1709_mz198.9403_rt0.38",-0.818279424677442,21.2219814094503,-4.70747461818443,0.00547264781481301,0.0880597480710558,-1.66929441196163,1709,0.384,198.94032,"Unknown","[M+H]+","ion correlated with 2198; ion correlated with 2219",0.821,FALSE,"null","null","null","null",999,FALSE,FALSE,FALSE,"null","null","null","null","null",156.47,0,3702283,24,"Exudate vs Soil","Soil","Not selected",3,3,3,3,TRUE,TRUE,TRUE,TRUE,"Leaf + Root + Exudate","Very early RT","No MS/MS assignment","Unknown","Tier 5: low priority"
"F4788_mz572.8366_rt0.39",-0.993386081684888,17.1260247865638,-4.65832122747566,0.00571667858550483,0.0884274890378773,-1.71287228597495,4788,0.394,572.83661,"Unknown","[M+H]+",NA,0.143,FALSE,"null","null","null","null",999,FALSE,FALSE,FALSE,"null","null","null","null","null",3920.13,0,296327,22,"Exudate vs Soil","Soil","Not selected",2,3,3,3,TRUE,TRUE,TRUE,TRUE,"Leaf + Root + Exudate","Very early RT","No MS/MS assignment","Unknown","Tier 5: low priority"
"F455_mz112.0063_rt0.39",-0.777132264796808,22.1369263042769,-4.56501476497483,0.00621569651263268,0.0926339286721387,-1.79669149730081,455,0.386,112.00633,"Unknown","[M+H]+","ion correlated with 373",0.286,FALSE,"null","null","null","null",999,FALSE,FALSE,FALSE,"null","null","null","null","null",151.7,10622,747.970064953403,24,"Exudate vs Soil","Soil","Not selected",3,3,3,3,TRUE,TRUE,TRUE,TRUE,"Leaf + Root + Exudate","Very early RT","No MS/MS assignment","Unknown","Tier 5: low priority"
"F3810_mz362.8869_rt0.4",-0.898982625561993,18.295733113922,-4.47576345890929,0.00674109551418673,0.0971701146778723,-1.87822683279395,3810,0.4,362.8869,"Unknown","[M+H]+","ion correlated with 770; ion correlated with 1776",0.214,FALSE,"null","null","null","null",999,FALSE,FALSE,FALSE,"null","null","null","null","null",280.27,0,534948,19,"Exudate vs Soil","Soil","Not selected",2,2,3,3,TRUE,TRUE,TRUE,TRUE,"Leaf + Root + Exudate","Very early RT","No MS/MS assignment","Unknown","Tier 5: low priority"
"F964_mz146.03_rt0.4",-0.828226166617161,20.9454882808307,-4.43379314671328,0.0070059188147201,0.0974900134313544,-1.91703272433915,964,0.399,146.02997,"Unknown","[M+H]+","ion correlated with 2006; ion correlated with 1061; found in higher mz's MsMs_1285",0.5,TRUE,"null","null","null","null",999,FALSE,FALSE,FALSE,"null","null","null","null","null",304.22,23259,179.917497850387,24,"Exudate vs Soil","Soil","Not selected",3,3,3,3,TRUE,TRUE,TRUE,TRUE,"Leaf + Root + Exudate","Very early RT","MS/MS available","Unknown","Tier 5: low priority"
"F174_mz84.9599_rt0.39",-0.771364059394217,23.964333334948,-4.41748334426045,0.00711207929048614,0.0974900134313544,-1.93219341394393,174,0.393,84.95986,"Unknown","[M+H]+","ion correlated with 142; ion correlated with 49; ion correlated with 195; found in higher mz's MsMs_663; found in higher mz's MsMs_1974; found in higher mz's MsMs_1246; found in higher mz's MsMs_921; found in higher mz's MsMs_343; found in higher mz's MsMs_2006; found in higher mz's MsMs_2507",0.857,TRUE,"null","null","null","null",999,FALSE,FALSE,FALSE,"null","null","null","null","null",181.52,155291.333333333,155.602498084258,24,"Exudate vs Soil","Soil","Not selected",3,3,3,3,TRUE,TRUE,TRUE,TRUE,"Leaf + Root + Exudate","Very early RT","MS/MS available","Unknown","Tier 5: low priority"
"F37_mz68.9822_rt0.39",-0.716690523165056,18.8546747604769,-4.3488752915768,0.0075796109194914,0.0981807545272438,-1.99646419243815,37,0.389,68.9822,"Unknown","[M+H]+","ion correlated with 202; similar chromatogram in higher mz_691; found in higher mz's MsMs_691; found in higher mz's MsMs_427; found in higher mz's MsMs_1037; found in higher mz's MsMs_964; similar chromatogram in higher mz_131; similar chromatogram in higher mz_186; similar chromatogram in higher mz_222; similar chromatogram in higher mz_238; similar chromatogram in higher mz_266; similar chromatogram in higher mz_343; similar chromatogram in higher mz_538; similar chromatogram in higher mz_1551; similar chromatogram in higher mz_2692; similar chromatogram in higher mz_2822; similar chromatogram in higher mz_3029; similar chromatogram in higher mz_3328; similar chromatogram in higher mz_3457; similar chromatogram in higher mz_3880",0.75,FALSE,"null","null","null","null",999,FALSE,FALSE,FALSE,"null","null","null","null","null",167.67,1823.33333333333,443.138863511785,24,"Exudate vs Soil","Soil","Not selected",3,3,3,3,TRUE,TRUE,TRUE,TRUE,"Leaf + Root + Exudate","Very early RT","No MS/MS assignment","Unknown","Tier 5: low priority"
"F770_mz132.9028_rt0.39",-0.908702628079354,19.1433827828195,-4.26862116965519,0.00817248283047698,0.0987866099511584,-2.07266951219129,770,0.394,132.90283,"Unknown","[M+H]+","ion correlated with 3606; ion correlated with 4464; ion correlated with 3634; ion correlated with 2414",0.143,FALSE,"null","null","null","null",999,FALSE,FALSE,FALSE,"null","null","null","null","null",207.28,0,927825,23,"Exudate vs Soil","Soil","Not selected",3,3,3,3,TRUE,TRUE,TRUE,TRUE,"Leaf + Root + Exudate","Very early RT","No MS/MS assignment","Unknown","Tier 5: low priority"
"F4385_mz442.8785_rt0.39",-0.910523252685943,18.5680213955955,-4.23169739043144,0.00846321085251253,0.0994068664540878,-2.10810413184639,4385,0.391,442.87854,"Unknown","[M+H]+","ion correlated with 4464; ion correlated with 3634; ion correlated with 2414",0.643,FALSE,"null","null","null","null",999,FALSE,FALSE,FALSE,"null","null","null","null","null",4114.22,0,683782,24,"Exudate vs Soil","Soil","Not selected",3,3,3,3,TRUE,TRUE,TRUE,TRUE,"Leaf + Root + Exudate","Very early RT","No MS/MS assignment","Unknown","Tier 5: low priority"
"F1842_mz207.986_rt0.44",0.650757647608183,17.8145691055839,4.21708736031776,0.00858154318381444,0.0999497382585446,-2.12219024290476,1842,0.445,207.98599,"Unknown","[M+H]+",NA,0.429,FALSE,"null","null","null","null",999,FALSE,FALSE,FALSE,"null","null","null","null","null",68.58,3798,71.5306659647276,17,"Exudate vs Soil","Exudate","Not selected",3,1,3,3,TRUE,FALSE,TRUE,TRUE,"Leaf + Exudate","Very early RT","No MS/MS assignment","Unknown","Tier 5: low priority"
"F343_mz102.9705_rt0.4",-0.777378513303398,22.727046887378,-4.1702817526508,0.0089737480990314,0.100422152520951,-2.16756753977869,343,0.396,102.97046,"Unknown","[M+H]+","ion correlated with 5; ion correlated with 1974; found in higher mz's MsMs_1246; found in higher mz's MsMs_2507",0.857,TRUE,"null","null","null","null",999,FALSE,FALSE,FALSE,"null","null","null","null","null",421.21,122203.666666667,91.7602273781143,24,"Exudate vs Soil","Soil","Not selected",3,3,3,3,TRUE,TRUE,TRUE,TRUE,"Leaf + Root + Exudate","Very early RT","MS/MS available","Unknown","Tier 5: low priority"
"F3278_mz315.1821_rt0.96",0.772620740483453,13.6096541203257,4.14074247689981,0.00923194885446518,0.10236384889831,-2.19640218967481,3278,0.961,315.18213,"Unknown","[M+H]+",NA,0.179,FALSE,"null","null","null","null",999,FALSE,FALSE,FALSE,"null","null","null","null","null",26.02,7945.66666666667,25.9676174496644,24,"Exudate vs Soil","Exudate","Not selected",3,3,3,3,TRUE,TRUE,TRUE,TRUE,"Leaf + Root + Exudate","Early RT","No MS/MS assignment","Unknown","Tier 5: low priority"
"F1335_mz173.0786_rt0.91",0.544954516127297,16.6370534852299,4.09429155485862,0.00965556023530022,0.103478231073659,-2.2420541718338,1335,0.912,173.07861,"Unknown","[M+H]+",NA,0.071,FALSE,"null","null","null","null",999,FALSE,FALSE,FALSE,"null","null","null","null","null",16.2,67195.6666666667,6.19789672106751,16,"Exudate vs Soil","Exudate","Not selected",3,3,3,3,TRUE,TRUE,TRUE,TRUE,"Leaf + Root + Exudate","Early RT","No MS/MS assignment","Unknown","Tier 5: low priority"
"F545_mz118.0863_rt0.65",0.489787566893652,22.3561522279212,4.09779577110853,0.0096228306453355,0.103478231073659,-2.23859702300354,545,0.654,118.08631,"Unknown","[M+H]+",NA,0.357,TRUE,"null","null","null","null",999,FALSE,FALSE,FALSE,"null","null","null","null","null",556.45,5296999.33333333,37.1691637927655,24,"Exudate vs Soil","Exudate","Not selected",3,3,3,3,TRUE,TRUE,TRUE,TRUE,"Leaf + Root + Exudate","Early RT","MS/MS available","Unknown","Tier 5: low priority"
"F1093_mz156.0144_rt0.39",-0.775887710267744,19.8339940321317,-4.06090727714625,0.00997390874527222,0.10552547725914,-2.27509830798508,1093,0.393,156.01439,"Unknown","[M+H]+",NA,0.071,FALSE,"null","null","null","null",999,FALSE,FALSE,FALSE,"null","null","null","null","null",259.19,19428.6666666667,99.9614163907427,24,"Exudate vs Soil","Soil","Not selected",3,3,3,3,TRUE,TRUE,TRUE,TRUE,"Leaf + Root + Exudate","Very early RT","No MS/MS assignment","Unknown","Tier 5: low priority"
"F262_mz97.0288_rt0.4",-0.815171614119087,18.9925931161399,-4.0401002836777,0.0101784540196548,0.106272281465166,-2.29579256781179,262,0.404,97.02875,"Unknown","[M+H]+","ion correlated with 35; similar chromatogram in higher mz_2670",0.179,FALSE,"null","null","null","null",999,FALSE,FALSE,FALSE,"null","null","null","null","null",69.04,118697,7.01592276196735,24,"Exudate vs Soil","Soil","Not selected",3,3,3,3,TRUE,TRUE,TRUE,TRUE,"Leaf + Root + Exudate","Very early RT","No MS/MS assignment","Unknown","Tier 5: low priority"
"F2795_mz278.8625_rt0.44",-0.846832017413746,17.163536101859,-4.00430141870131,0.0105418236871657,0.107433585517732,-2.33157621941525,2795,0.445,278.86246,"Unknown","[M+H]+",NA,0.143,FALSE,"null","null","null","null",999,FALSE,FALSE,FALSE,"null","null","null","null","null",82.07,0,263947,19,"Exudate vs Soil","Soil","Not selected",2,0,3,3,TRUE,FALSE,TRUE,TRUE,"Leaf + Exudate","Very early RT","No MS/MS assignment","Unknown","Tier 5: low priority"
"F2245_mz237.1237_rt0.99",0.85939108208147,13.4510644364751,3.94989295238076,0.0111231402096047,0.110911311730303,-2.38639544122864,2245,0.989,237.12372,"Unknown","[M+H]+","ion correlated with 2620",0.429,FALSE,"null","null","null","null",999,FALSE,FALSE,FALSE,"null","null","null","null","null",204.41,9947.33333333333,207.940257999665,24,"Exudate vs Soil","Exudate","Not selected",3,3,3,3,TRUE,TRUE,TRUE,TRUE,"Leaf + Root + Exudate","Early RT","No MS/MS assignment","Unknown","Tier 5: low priority"
"F197_mz88.0234_rt0.52",-0.59729449725016,19.7200538974013,-3.95340576449454,0.0110845105746817,0.110911311730303,-2.38284027976935,197,0.516,88.02336,"Unknown","[M+H]+","ion correlated with 305; ion correlated with 224; ion correlated with 692; found in higher mz's MsMs_2992",0.071,TRUE,"null","null","null","null",999,FALSE,FALSE,FALSE,"null","null","null","null","null",65.93,122862.333333333,10.0277679806831,7,"Exudate vs Soil","Soil","Not selected",0,0,3,3,FALSE,FALSE,TRUE,TRUE,"Exudate only","Early RT","MS/MS available","Unknown","Tier 5: low priority"
"F1735_mz200.9733_rt0.38",-0.940170544859573,19.6067340700519,-3.91857872382693,0.0114744392080052,0.112396400831613,-2.41818387178375,1735,0.385,200.97325,"Unknown","[M+H]+",NA,0.786,FALSE,"null","null","null","null",999,FALSE,FALSE,FALSE,"null","null","null","null","null",96.63,118014,15.4696352158624,24,"Exudate vs Soil","Soil","Not selected",3,3,3,3,TRUE,TRUE,TRUE,TRUE,"Leaf + Root + Exudate","Very early RT","No MS/MS assignment","Unknown","Tier 5: low priority"
"F1963_mz215.9837_rt5.78",0.570769004767767,12.6600106892544,3.84525990105096,0.0123481285158152,0.117222644677533,-2.49329405240168,1963,5.78,215.98367,"Unknown","[M+H]+","ion correlated with 1369; ion correlated with 4504; ion correlated with 1025; ion correlated with 4273; ion correlated with 5067; ion correlated with 4359; ion correlated with 4389; ion correlated with 3749; ion correlated with 3775; ion correlated with 3577; ion correlated with 3357; ion correlated with 2473",0.107,FALSE,"null","null","null","null",999,FALSE,FALSE,FALSE,"null","null","null","null","null",39.07,10729.3333333333,15.9246683855736,24,"Exudate vs Soil","Exudate","Not selected",3,3,3,3,TRUE,TRUE,TRUE,TRUE,"Leaf + Root + Exudate","RT >= 1 min","No MS/MS assignment","Unknown","Tier 5: low priority"
"F302_mz99.5313_rt0.66",-0.535041316715299,18.2136679876067,-3.77863237338431,0.0132090125877359,0.124542118684367,-2.56237852565812,302,0.655,99.5313,"Unknown","[M+H]+","ion correlated with 196",0.036,FALSE,"null","null","null","null",999,FALSE,FALSE,FALSE,"null","null","null","null","null",22.44,64433.3333333333,6.84628795207524,9,"Exudate vs Soil","Soil","Not selected",0,1,3,3,FALSE,FALSE,TRUE,TRUE,"Exudate only","Early RT","No MS/MS assignment","Unknown","Tier 5: low priority"
"F1357_mz174.025_rt0.4",-0.673346161621588,17.9340745358152,-3.76059912636338,0.0134537418947514,0.124605431186109,-2.58121261783214,1357,0.4,174.02496,"Unknown","[M+H]+",NA,0.5,FALSE,"null","null","null","null",999,FALSE,FALSE,FALSE,"null","null","null","null","null",54.94,32499,17.4473538461538,24,"Exudate vs Soil","Soil","Not selected",3,3,3,3,TRUE,TRUE,TRUE,TRUE,"Leaf + Root + Exudate","Very early RT","No MS/MS assignment","Unknown","Tier 5: low priority"
"F1794_mz204.0872_rt0.49",-0.571590123634673,15.5978118423213,-3.75829125282359,0.0134854362755529,0.124605431186109,-2.58362716042627,1794,0.486,204.08719,"Unknown","[M+H]+",NA,0.143,FALSE,"null","null","null","null",999,FALSE,FALSE,FALSE,"null","null","null","null","null",101.33,21690.6666666667,28.6489742604687,24,"Exudate vs Soil","Soil","Not selected",3,3,3,3,TRUE,TRUE,TRUE,TRUE,"Leaf + Root + Exudate","Very early RT","No MS/MS assignment","Unknown","Tier 5: low priority"
"F1315_mz171.9921_rt0.4",-0.721047365249575,19.5773361994218,-3.70048870351636,0.0143079026280652,0.130383971654384,-2.64441048359024,1315,0.397,171.99205,"Unknown","[M+H]+","ion correlated with 590",0.786,FALSE,"null","null","null","null",999,FALSE,FALSE,FALSE,"null","null","null","null","null",125.67,86997,14.5982091542334,24,"Exudate vs Soil","Soil","Not selected",3,3,3,3,TRUE,TRUE,TRUE,TRUE,"Leaf + Root + Exudate","Very early RT","No MS/MS assignment","Unknown","Tier 5: low priority"
"F3018_mz294.8364_rt0.43",-0.653850777175174,16.9797123375761,-3.68447759390278,0.0145457979942907,0.130383971654384,-2.66135237917944,3018,0.432,294.8364,"Unknown","[M+H]+",NA,0.25,FALSE,"null","null","null","null",999,FALSE,FALSE,FALSE,"null","null","null","null","null",87.13,0,187700,18,"Exudate vs Soil","Soil","Not selected",3,0,3,3,TRUE,FALSE,TRUE,TRUE,"Leaf + Exudate","Very early RT","No MS/MS assignment","Unknown","Tier 5: low priority"
"F2521_mz259.0947_rt0.41",0.599947054542469,17.3567858538132,3.66912871597662,0.0147781188299478,0.130383971654384,-2.67763633209673,2521,0.414,259.09467,"Unknown","[M+H]+",NA,0.643,FALSE,"null","null","null","null",999,FALSE,FALSE,FALSE,"null","null","null","null","null",53.53,1096.33333333333,299.547995139733,24,"Exudate vs Soil","Exudate","Not selected",3,3,3,3,TRUE,TRUE,TRUE,TRUE,"Leaf + Root + Exudate","Very early RT","No MS/MS assignment","Unknown","Tier 5: low priority"
"F760_mz132.0658_rt0.49",0.546994642947293,17.1977538128707,3.68152827051764,0.0145901122751982,0.130383971654384,-2.66447812922914,760,0.486,132.06575,"Unknown","[M+H]+","found in higher mz's MsMs_2223; found in higher mz's MsMs_2992",0.321,FALSE,"null","null","null","null",999,FALSE,FALSE,FALSE,"null","null","null","null","null",19.9,29624,16.6756455696203,24,"Exudate vs Soil","Exudate","Not selected",3,3,3,3,TRUE,TRUE,TRUE,TRUE,"Leaf + Root + Exudate","Very early RT","No MS/MS assignment","Unknown","Tier 5: low priority"
"F1040_mz151.1118_rt1.1",0.435093389058498,15.4765310114116,3.68246648735157,0.0145759985863019,0.130383971654384,-2.66348362113848,1040,1.1,151.1118,"Unknown","[M+H]+","ion correlated with 4550; ion correlated with 1020; ion correlated with 2128; ion correlated with 4486",0.071,FALSE,"null","null","null","null",999,FALSE,FALSE,FALSE,"null","null","null","null","null",37.62,47121,5.35654259157082,24,"Exudate vs Soil","Exudate","Not selected",3,3,3,3,TRUE,TRUE,TRUE,TRUE,"Leaf + Root + Exudate","RT >= 1 min","No MS/MS assignment","Unknown","Tier 5: low priority"
"F900_mz142.0713_rt0.39",-0.986486839106657,16.7507670058518,-3.65215529082187,0.0150399936332681,0.131103340727733,-2.69569254593877,900,0.393,142.0713,"Unknown","[M+H]+",NA,0.071,FALSE,"null","null","null","null",999,FALSE,FALSE,FALSE,"null","null","null","null","null",26.41,0,219255,24,"Exudate vs Soil","Soil","Not selected",3,3,3,3,TRUE,TRUE,TRUE,TRUE,"Leaf + Root + Exudate","Very early RT","No MS/MS assignment","Unknown","Tier 5: low priority"
"F2667_mz271.1159_rt1.04",0.512630333250112,14.2435650790405,3.6357233076772,0.0152985892938977,0.132016512883279,-2.71322151968188,2667,1.044,271.11588,"Unknown","[M+H]+",NA,0.071,FALSE,"null","null","null","null",999,FALSE,FALSE,FALSE,"null","null","null","null","null",5.81,26576,7.77341310155398,24,"Exudate vs Soil","Exudate","Not selected",3,3,3,3,TRUE,TRUE,TRUE,TRUE,"Leaf + Root + Exudate","RT >= 1 min","No MS/MS assignment","Unknown","Tier 5: low priority"
"F634_mz124.0395_rt0.5",0.540143158027862,17.5435267477429,3.6018100324275,0.0158485511080703,0.134761299606046,-2.74955029132584,634,0.499,124.03953,"Unknown","[M+H]+","found in higher mz's MsMs_2482; found in higher mz's MsMs_3427",0.143,FALSE,"null","null","null","null",999,FALSE,FALSE,FALSE,"null","null","null","null","null",71.5,187739.333333333,15.5056398820356,24,"Exudate vs Soil","Exudate","Not selected",3,3,3,3,TRUE,TRUE,TRUE,TRUE,"Leaf + Root + Exudate","Very early RT","No MS/MS assignment","Unknown","Tier 5: low priority"
"F2261_mz238.903_rt0.42",-0.923824033566029,16.5145929076053,-3.59384134845528,0.0159810370684594,0.135059252298078,-2.75811612870554,2261,0.418,238.90303,"Unknown","[M+H]+",NA,0.214,FALSE,"null","null","null","null",999,FALSE,FALSE,FALSE,"null","null","null","null","null",2374.34,0,526775,24,"Exudate vs Soil","Soil","Not selected",3,3,3,3,TRUE,TRUE,TRUE,TRUE,"Leaf + Root + Exudate","Very early RT","No MS/MS assignment","Unknown","Tier 5: low priority"
"F1774_mz202.9707_rt0.38",-0.956806368138833,17.5472555788102,-3.55704360639254,0.0166094879774092,0.136217457613545,-2.79781717168688,1774,0.384,202.97069,"Unknown","[M+H]+","ion correlated with 2852; ion correlated with 898",0.25,FALSE,"null","null","null","null",999,FALSE,FALSE,FALSE,"null","null","null","null","null",161.82,4173,111.591039770005,24,"Exudate vs Soil","Soil","Not selected",3,3,3,3,TRUE,TRUE,TRUE,TRUE,"Leaf + Root + Exudate","Very early RT","No MS/MS assignment","Unknown","Tier 5: low priority"
"F224_mz90.5261_rt0.52",-0.763701815705683,20.0933217205135,-3.55713419895413,0.0166079064955331,0.136217457613545,-2.79771913750015,224,0.518,90.52607,"Unknown","[M+H]+","ion correlated with 197; ion correlated with 692",0.036,TRUE,"null","null","null","null",999,FALSE,FALSE,FALSE,"null","null","null","null","null",28.33,325513.333333333,5.68659751797924,10,"Exudate vs Soil","Soil","Not selected",0,0,3,3,FALSE,FALSE,TRUE,TRUE,"Exudate only","Early RT","MS/MS available","Unknown","Tier 5: low priority"
"F724_mz130.05_rt0.76",0.514096506380197,15.5520255042258,3.53874445453156,0.0169324935436381,0.136444395648154,-2.81764919622425,724,0.759,130.05005,"Unknown","[M+H]+","found in higher mz's MsMs_2722; similar chromatogram in higher mz_3818; similar chromatogram in higher mz_4437",0.429,TRUE,"null","null","null","null",999,FALSE,FALSE,FALSE,"null","null","null","null","null",6479.39,30006.3333333333,2740.10729599431,24,"Exudate vs Soil","Exudate","Not selected",3,3,3,3,TRUE,TRUE,TRUE,TRUE,"Leaf + Root + Exudate","Early RT","MS/MS available","Unknown","Tier 5: low priority"
"F3434_mz328.8984_rt0.39",-0.757277926068418,19.4229624423626,-3.47841391832782,0.01804932410742,0.142950646930766,-2.8834513377573,3434,0.388,328.89838,"Unknown","[M+H]+","ion correlated with 717; ion correlated with 947; ion correlated with 35",0.714,FALSE,"null","null","null","null",999,FALSE,FALSE,FALSE,"null","null","null","null","null",334.39,0,1141674,24,"Exudate vs Soil","Soil","Not selected",3,3,3,3,TRUE,TRUE,TRUE,TRUE,"Leaf + Root + Exudate","Very early RT","No MS/MS assignment","Unknown","Tier 5: low priority"
"F338_mz102.1028_rt0.83",0.907450185001035,13.2602631726748,3.44601355460841,0.0186836561586239,0.146302527886174,-2.91905392964801,338,0.829,102.10278,"Unknown","[M+H]+","ion correlated with 3644; ion correlated with 671; ion correlated with 3325; ion correlated with 1652; ion correlated with 1859; similar chromatogram in higher mz_3621",0.321,FALSE,"null","null","null","null",999,FALSE,FALSE,FALSE,"null","null","null","null","null",30.78,5768.66666666667,126.605407591426,19,"Exudate vs Soil","Exudate","Not selected",0,1,3,3,FALSE,FALSE,TRUE,TRUE,"Exudate only","Early RT","No MS/MS assignment","Unknown","Tier 5: low priority"
"F336_mz102.0552_rt0.45",0.476665866999303,17.5547696869949,3.45129807162266,0.0185784840994872,0.146302527886174,-2.91323458996781,336,0.451,102.05521,"Unknown","[M+H]+","ion correlated with 387; ion correlated with 783; ion correlated with 4587; found in higher mz's MsMs_1228; found in higher mz's MsMs_4587; found in higher mz's MsMs_2435; found in higher mz's MsMs_2215",0.357,FALSE,"null","null","null","null",999,FALSE,FALSE,FALSE,"null","null","null","null","null",58.12,214017.333333333,40.5225938587816,24,"Exudate vs Soil","Exudate","Not selected",3,3,3,3,TRUE,TRUE,TRUE,TRUE,"Leaf + Root + Exudate","Very early RT","No MS/MS assignment","Unknown","Tier 5: low priority"
"F142_mz81.5208_rt0.38",-0.902019654324811,24.0944254723461,-3.42623568318574,0.0190833356766218,0.147956888423399,-2.94087670955741,142,0.383,81.52076,"Unknown","[M+2H]2+","ion correlated with 49; ion correlated with 174; ion correlated with 195",0.857,TRUE,"null","null","null","null",999,FALSE,FALSE,FALSE,"null","null","null","null","null",486.47,41752.3333333333,788.565615519719,24,"Exudate vs Soil","Soil","Not selected",3,3,3,3,TRUE,TRUE,TRUE,TRUE,"Leaf + Root + Exudate","Very early RT","MS/MS available","Unknown","Tier 5: low priority"
"F1183_mz163.0282_rt0.4",-0.618077019219182,18.6765192135289,-3.4250097080907,0.0191084293129787,0.147956888423399,-2.94223168850836,1183,0.399,163.02815,"Unknown","[M+H]+","ion correlated with 3634; ion correlated with 35",0.214,FALSE,"null","null","null","null",999,FALSE,FALSE,FALSE,"null","null","null","null","null",48.99,20742.3333333333,28.1733890406556,24,"Exudate vs Soil","Soil","Not selected",3,3,3,3,TRUE,TRUE,TRUE,TRUE,"Leaf + Root + Exudate","Very early RT","No MS/MS assignment","Unknown","Tier 5: low priority"
"F7_mz61.011_rt0.52",-0.907665352484954,15.0783344270866,-3.35972038651681,0.0205006488180267,0.153774563215491,-3.01476831423654,7,0.524,61.011,"Unknown","[M+H]+","found in higher mz's MsMs_109; found in higher mz's MsMs_2175",0.25,TRUE,"null","null","null","null",999,FALSE,FALSE,FALSE,"null","null","null","null","null",136.84,30825.6666666667,57.43089316609,24,"Exudate vs Soil","Soil","Not selected",3,3,3,3,TRUE,TRUE,TRUE,TRUE,"Leaf + Root + Exudate","Early RT","MS/MS available","Unknown","Tier 5: low priority"
"F1050_mz152.0569_rt0.64",0.422140491431797,17.8203492163837,3.34881187921849,0.0207443287662562,0.153774563215491,-3.02695960842591,1050,0.645,152.05687,"Unknown","[M+H]+","ion correlated with 2321; ion correlated with 1679; ion correlated with 458; ion correlated with 2363",0.25,TRUE,"null","null","null","null",999,FALSE,FALSE,FALSE,"null","null","null","null","null",206.09,277926,17.7908083777395,24,"Exudate vs Soil","Exudate","Not selected",3,3,3,3,TRUE,TRUE,TRUE,TRUE,"Leaf + Root + Exudate","Early RT","MS/MS available","Unknown","Tier 5: low priority"
"F4189_mz408.369_rt6.45",0.402464230432248,15.2873622996,3.37542436377175,0.020155534077921,0.153774563215491,-2.99725368645637,4189,6.448,408.36896,"Unknown","[M+H]+","ion correlated with 4606; ion correlated with 4433",0.143,FALSE,"null","null","null","null",999,FALSE,FALSE,FALSE,"null","null","null","null","null",48.8,37034.3333333333,8.45870610048062,24,"Exudate vs Soil","Exudate","Not selected",3,3,3,3,TRUE,TRUE,TRUE,TRUE,"Leaf + Root + Exudate","RT >= 1 min","No MS/MS assignment","Unknown","Tier 5: low priority"
"F856_mz139.1119_rt3.54",0.369996923246011,14.2461728455037,3.36249138192704,0.0204392678541915,0.153774563215491,-3.0116747316606,856,3.544,139.11194,"Unknown","[M+H]+","ion correlated with 1041; ion correlated with 419; ion correlated with 779; ion correlated with 2157; ion correlated with 376; ion correlated with 1379; ion correlated with 2563; ion correlated with 956; ion correlated with 397; ion correlated with 597; ion correlated with 625; ion correlated with 994; ion correlated with 1019; ion correlated with 1190; ion correlated with 1257; ion correlated with 1349; ion correlated with 1630; ion correlated with 1752; ion correlated with 2317; ion correlated with 2448; ion correlated with 2474; ion correlated with 2954; ion correlated with 3083; ion correlated with 3098; ion correlated with 3118; ion correlated with 3504; ion correlated with 5005; ion correlated with 5038; ion correlated with 5047; ion correlated with 3515",0.036,FALSE,"null","null","null","null",999,FALSE,FALSE,FALSE,"null","null","null","null","null",10.08,20489.6666666667,10.5933107756377,24,"Exudate vs Soil","Exudate","Not selected",3,3,3,3,TRUE,TRUE,TRUE,TRUE,"Leaf + Root + Exudate","RT >= 1 min","No MS/MS assignment","Unknown","Tier 5: low priority"
"F2375_mz247.1658_rt1.07",0.367329766248962,16.194885974242,3.34867702603542,0.0207473617036773,0.153774563215491,-3.02711044798202,2375,1.074,247.1658,"Unknown","[M+H]+",NA,0.036,TRUE,"null","null","null","null",999,FALSE,FALSE,FALSE,"null","null","null","null","null",606.91,83009.6666666667,143.412039416621,24,"Exudate vs Soil","Exudate","Not selected",3,3,3,3,TRUE,TRUE,TRUE,TRUE,"Leaf + Root + Exudate","RT >= 1 min","MS/MS available","Unknown","Tier 5: low priority"
"F290_mz98.9844_rt0.46",0.95193484392395,21.4694087979746,3.32826622522533,0.0212122736363818,0.155842895617468,-3.04997693858737,290,0.464,98.98443,"Unknown","[M+H]+","found in higher mz's MsMs_2511; similar chromatogram in higher mz_3032; similar chromatogram in higher mz_3021; similar chromatogram in higher mz_2409; similar chromatogram in higher mz_3207; similar chromatogram in higher mz_3310; similar chromatogram in higher mz_4027; similar chromatogram in higher mz_4560; similar chromatogram in higher mz_3476; similar chromatogram in higher mz_1206; similar chromatogram in higher mz_2397; similar chromatogram in higher mz_3359; similar chromatogram in higher mz_3936; similar chromatogram in higher mz_3813; similar chromatogram in higher mz_4220; similar chromatogram in higher mz_4355; similar chromatogram in higher mz_3195; similar chromatogram in higher mz_809; similar chromatogram in higher mz_2030; similar chromatogram in higher mz_4108; similar chromatogram in higher mz_3182; similar chromatogram in higher mz_1457; similar chromatogram in higher mz_3676; similar chromatogram in higher mz_1864; similar chromatogram in higher mz_4610",0.857,TRUE,"null","null","null","null",999,FALSE,FALSE,FALSE,"null","null","null","null","null",98.65,27792.6666666667,144.809393027188,24,"Exudate vs Soil","Exudate","Not selected",3,3,3,3,TRUE,TRUE,TRUE,TRUE,"Leaf + Root + Exudate","Very early RT","MS/MS available","Unknown","Tier 5: low priority"
"F4008_mz383.966_rt0.49",-0.5792286414017,17.4246124726229,-3.32657584443746,0.0212513039478366,0.155842895617468,-3.05187390280774,4008,0.493,383.966,"Unknown","[M+H]+","ion correlated with 1695; ion correlated with 1924; ion correlated with 834; ion correlated with 327; ion correlated with 3597; ion correlated with 3866; ion correlated with 786",0.214,FALSE,"null","null","null","null",999,FALSE,FALSE,FALSE,"null","null","null","null","null",3696.68,0,259031,6,"Exudate vs Soil","Soil","Not selected",0,0,3,3,FALSE,FALSE,TRUE,TRUE,"Exudate only","Very early RT","No MS/MS assignment","Unknown","Tier 5: low priority"
"F2180_mz231.1_rt0.42",0.603775634481127,17.7383795511649,3.3175175876109,0.0214618494522381,0.156558543898958,-3.06204752466665,2180,0.418,231.09995,"Unknown","[M+H]+",NA,0.214,FALSE,"null","null","null","null",999,FALSE,FALSE,FALSE,"null","null","null","null","null",41.15,946.666666666667,460.081603939501,24,"Exudate vs Soil","Exudate","Not selected",3,3,3,3,TRUE,TRUE,TRUE,TRUE,"Leaf + Root + Exudate","Very early RT","No MS/MS assignment","Unknown","Tier 5: low priority"
"F590_mz120.9811_rt0.4",-0.645834238124309,19.8953871525122,-3.27813034010457,0.0224052818558317,0.160900107006128,-3.10644761680372,590,0.398,120.98114,"Unknown","[M+H]+","ion correlated with 1315",0.786,FALSE,"null","null","null","null",999,FALSE,FALSE,FALSE,"null","null","null","null","null",163.57,25383.3333333333,61.9635339382559,24,"Exudate vs Soil","Soil","Not selected",3,3,3,3,TRUE,TRUE,TRUE,TRUE,"Leaf + Root + Exudate","Very early RT","No MS/MS assignment","Unknown","Tier 5: low priority"
"F528_mz117.0226_rt0.4",-0.965907690879617,17.3151394966804,-3.23952368965915,0.0233758704121571,0.161994781956249,-3.150223392262,528,0.396,117.02264,"Unknown","[M+H]+","ion correlated with 4537; ion correlated with 1353; ion correlated with 512; ion correlated with 494; ion correlated with 588",0.107,FALSE,"null","null","null","null",999,FALSE,FALSE,FALSE,"null","null","null","null","null",36.1,652.333333333333,446.09387755102,22,"Exudate vs Soil","Soil","Not selected",2,2,3,3,TRUE,TRUE,TRUE,TRUE,"Leaf + Root + Exudate","Very early RT","No MS/MS assignment","Unknown","Tier 5: low priority"
"F888_mz141.066_rt0.77",-0.66359467130858,11.8729354003187,-3.18580976741065,0.0248064187096668,0.168988626847224,-3.21154580833539,888,0.771,141.06602,"Unknown","[M+H]+","ion correlated with 2774",0.036,FALSE,"null","null","null","null",999,FALSE,FALSE,FALSE,"null","null","null","null","null",10.61,1870.33333333333,71.6387602422515,17,"Exudate vs Soil","Soil","Not selected",0,0,3,3,FALSE,FALSE,TRUE,TRUE,"Exudate only","Early RT","No MS/MS assignment","Unknown","Tier 5: low priority"
"F1002_mz148.0276_rt0.41",-0.63965807024763,18.2377905508504,-3.19257610922786,0.0246208759790268,0.168988626847224,-3.20379453332108,1002,0.406,148.02765,"Unknown","[M+H]+",NA,0.25,FALSE,"null","null","null","null",999,FALSE,FALSE,FALSE,"null","null","null","null","null",44.23,105466.666666667,5.30465893180532,24,"Exudate vs Soil","Soil","Not selected",3,3,3,3,TRUE,TRUE,TRUE,TRUE,"Leaf + Root + Exudate","Very early RT","No MS/MS assignment","Unknown","Tier 5: low priority"
"F2145_mz228.2689_rt2.66",0.356819189357903,15.0995630481976,3.13658073488959,0.0262048748194319,0.17377969617097,-3.26816842685452,2145,2.658,228.26892,"Unknown","[M+H]+",NA,0.5,TRUE,"null","null","null","null",999,FALSE,FALSE,FALSE,"null","null","null","null","null",37.43,42265,10.3843041688355,24,"Exudate vs Soil","Exudate","Not selected",3,3,3,3,TRUE,TRUE,TRUE,TRUE,"Leaf + Root + Exudate","RT >= 1 min","MS/MS available","Unknown","Tier 5: low priority"
"F873_mz140.0684_rt0.44",0.897455217964485,17.485433230719,3.11607666095459,0.0268133993676309,0.176129722860362,-3.29186908771146,873,0.443,140.06836,"Unknown","[M+H]+","ion correlated with 2790; found in higher mz's MsMs_2833; similar chromatogram in higher mz_4732; similar chromatogram in higher mz_4563",0.75,TRUE,"null","null","null","null",999,FALSE,FALSE,FALSE,"null","null","null","null","null",63.69,391610,24.8209932815983,24,"Exudate vs Soil","Exudate","Not selected",3,3,3,3,TRUE,TRUE,TRUE,TRUE,"Leaf + Root + Exudate","Very early RT","MS/MS available","Unknown","Tier 5: low priority"
"F1408_mz177.1276_rt1.19",0.56981408494564,12.22398152404,3.0805928048604,0.0279044852657171,0.18243215367115,-3.33304571302461,1408,1.192,177.12762,"Unknown","[M+H]+","ion correlated with 4543; ion correlated with 3574; ion correlated with 955; ion correlated with 1195; ion correlated with 3744; ion correlated with 4111; ion correlated with 4432; ion correlated with 4076; ion correlated with 1470; similar chromatogram in higher mz_3011; similar chromatogram in higher mz_2777; similar chromatogram in higher mz_4792; similar chromatogram in higher mz_2522; similar chromatogram in higher mz_4937; similar chromatogram in higher mz_4806; similar chromatogram in higher mz_3274; similar chromatogram in higher mz_4593; similar chromatogram in higher mz_4673",0.036,FALSE,"null","null","null","null",999,FALSE,FALSE,FALSE,"null","null","null","null","null",23.79,2087,68.9516283524904,24,"Exudate vs Soil","Exudate","Not selected",3,3,3,3,TRUE,TRUE,TRUE,TRUE,"Leaf + Root + Exudate","RT >= 1 min","No MS/MS assignment","Unknown","Tier 5: low priority"
"F806_mz136.0759_rt0.85",0.399850249587077,14.3983322732831,3.05595155144173,0.028691566085301,0.185824815860875,-3.36175898931129,806,0.848,136.07594,"Unknown","[M+H]+","ion correlated with 1214; ion correlated with 2544; ion correlated with 2928; found in higher mz's MsMs_1477; found in higher mz's MsMs_3267",0.5,TRUE,"null","null","null","null",999,FALSE,FALSE,FALSE,"null","null","null","null","null",839,29914.3333333333,657.794408664453,24,"Exudate vs Soil","Exudate","Not selected",3,3,3,3,TRUE,TRUE,TRUE,TRUE,"Leaf + Root + Exudate","Early RT","MS/MS available","Unknown","Tier 5: low priority"
"F1579_mz190.0712_rt0.78",0.658246272414423,13.4228383279121,3.03826982262227,0.0292717308493579,0.187826939616713,-3.38242204292995,1579,0.785,190.07124,"Unknown","[M+H]+","ion correlated with 2748; similar chromatogram in higher mz_4345",0.357,TRUE,"null","null","null","null",999,FALSE,FALSE,FALSE,"null","null","null","null","null",197.82,11344.6666666667,117.201045920616,21,"Exudate vs Soil","Exudate","Not selected",3,0,3,3,TRUE,FALSE,TRUE,TRUE,"Leaf + Exudate","Early RT","MS/MS available","Unknown","Tier 5: low priority"
"F1438_mz180.0868_rt0.46",0.763357008767628,16.2238935189175,3.0259725659748,0.0296829920316345,0.189588142653665,-3.39682177723021,1438,0.463,180.08681,"Unknown","[M+H]+",NA,0.643,TRUE,"null","null","null","null",999,FALSE,FALSE,FALSE,"null","null","null","null","null",952.36,91837.6666666667,135.498951059104,24,"Exudate vs Soil","Exudate","Not selected",3,3,3,3,TRUE,TRUE,TRUE,TRUE,"Leaf + Root + Exudate","Very early RT","MS/MS available","Unknown","Tier 5: low priority"
"F369_mz104.5285_rt0.4",-0.655599644317481,17.4285930075105,-3.01896407475526,0.0299202793718876,0.190227097290992,-3.40503911735768,369,0.4,104.52849,"Unknown","[M+H]+",NA,0.143,FALSE,"null","null","null","null",999,FALSE,FALSE,FALSE,"null","null","null","null","null",87.67,710,434.06188466948,24,"Exudate vs Soil","Soil","Not selected",3,3,3,3,TRUE,TRUE,TRUE,TRUE,"Leaf + Root + Exudate","Very early RT","No MS/MS assignment","Unknown","Tier 5: low priority"
"F1334_mz173.0786_rt8.09",0.38935752659806,16.5588834209276,3.01203567823968,0.0301569495828198,0.190856311058394,-3.41317008182205,1334,8.087,173.07858,"Unknown","[M+H]+",NA,0.071,TRUE,"null","null","null","null",999,FALSE,FALSE,FALSE,"null","null","null","null","null",6.85,94104,5.45943361139153,24,"Exudate vs Soil","Exudate","Not selected",3,3,3,3,TRUE,TRUE,TRUE,TRUE,"Leaf + Root + Exudate","RT >= 1 min","MS/MS available","Unknown","Tier 5: low priority"
"F202_mz88.9905_rt0.39",-0.692398080421653,18.8445378238632,-2.97799533715063,0.0313506758181989,0.19572989497308,-3.45322684522997,202,0.389,88.99046,"Unknown","[M+H]+","ion correlated with 37",0.643,FALSE,"null","null","null","null",999,FALSE,FALSE,FALSE,"null","null","null","null","null",1368.73,1626,513.845728334358,24,"Exudate vs Soil","Soil","Not selected",3,3,3,3,TRUE,TRUE,TRUE,TRUE,"Leaf + Root + Exudate","Very early RT","No MS/MS assignment","Unknown","Tier 5: low priority"
"F3432_mz328.2236_rt1.01",0.403014478145701,14.0245582846429,2.9814307353939,0.0312278312719362,0.19572989497308,-3.44917616671593,3432,1.011,328.22357,"Unknown","[M+H]+","ion correlated with 3902; ion correlated with 3778; ion correlated with 3743; ion correlated with 1446; ion correlated with 916; ion correlated with 3477; ion correlated with 3132; ion correlated with 2444; ion correlated with 3393; ion correlated with 2891; ion correlated with 2926; ion correlated with 1544; ion correlated with 2620; ion correlated with 1374; ion correlated with 3627; ion correlated with 1392; ion correlated with 3786; ion correlated with 2908",0.357,FALSE,"null","null","null","null",999,FALSE,FALSE,FALSE,"null","null","null","null","null",299.25,12712,114.151970423975,24,"Exudate vs Soil","Exudate","Not selected",3,3,3,3,TRUE,TRUE,TRUE,TRUE,"Leaf + Root + Exudate","RT >= 1 min","No MS/MS assignment","Unknown","Tier 5: low priority"
"F841_mz138.1279_rt0.5",0.683147753394137,14.8389498666699,2.96176910181758,0.0319382662643214,0.197622334947468,-3.47238356083323,841,0.5,138.12794,"Unknown","[M+H]+","ion correlated with 2991; ion correlated with 245; ion correlated with 851; ion correlated with 251; ion correlated with 1072; ion correlated with 1323; found in higher mz's MsMs_2231; found in higher mz's MsMs_1942; similar chromatogram in higher mz_2488; similar chromatogram in higher mz_2453; similar chromatogram in higher mz_2266; similar chromatogram in higher mz_3169; similar chromatogram in higher mz_4016; similar chromatogram in higher mz_4299",0.214,FALSE,"null","null","null","null",999,FALSE,FALSE,FALSE,"null","null","null","null","null",283.45,26013.3333333333,59.4159758082083,12,"Exudate vs Soil","Exudate","Not selected",3,3,3,3,TRUE,TRUE,TRUE,TRUE,"Leaf + Root + Exudate","Early RT","No MS/MS assignment","Unknown","Tier 5: low priority"
"F5142_mz782.5701_rt8.86",0.83268373715122,14.124467005574,2.95003129586747,0.0323710078687213,0.198523083655079,-3.48626615817068,5142,8.857,782.57013,"Unknown","[M+H]+","ion correlated with 5141",0.036,TRUE,"null","null","null","null",999,FALSE,FALSE,FALSE,"null","null","null","null","null",257.38,31338.6666666667,70.7430944809028,24,"Exudate vs Soil","Exudate","Not selected",3,3,3,3,TRUE,TRUE,TRUE,TRUE,"Leaf + Root + Exudate","RT >= 1 min","MS/MS available","Unknown","Tier 5: low priority"
"F4022_mz385.245_rt1.03",0.432576033588256,15.5387721216539,2.95213259791709,0.0322930585439447,0.198523083655079,-3.48377936468957,4022,1.034,385.245,"Unknown","[M+H]+","ion correlated with 3294; ion correlated with 3477; ion correlated with 4312; ion correlated with 2891; ion correlated with 3913; ion correlated with 3451; ion correlated with 1544; ion correlated with 2698; ion correlated with 61; ion correlated with 3613; ion correlated with 761; ion correlated with 1392; ion correlated with 3479; ion correlated with 3786; ion correlated with 3587; ion correlated with 3129; ion correlated with 3160; ion correlated with 2526; ion correlated with 2633; ion correlated with 3603; ion correlated with 3335; ion correlated with 3569",0.357,FALSE,"null","null","null","null",999,FALSE,FALSE,FALSE,"null","null","null","null","null",138.01,40613.6666666667,14.6196447917009,24,"Exudate vs Soil","Exudate","Not selected",3,3,3,3,TRUE,TRUE,TRUE,TRUE,"Leaf + Root + Exudate","RT >= 1 min","No MS/MS assignment","Unknown","Tier 5: low priority"
"F1868_mz209.1331_rt1.36",0.344977555171776,13.8872638612238,2.91908706725656,0.0335436231567073,0.203909919715774,-3.52296392952639,1868,1.361,209.13306,"Unknown","[M+H]+","ion correlated with 2898; ion correlated with 4842; ion correlated with 4908; ion correlated with 3162; ion correlated with 3382; ion correlated with 3571; ion correlated with 3726; ion correlated with 1288; ion correlated with 3870; ion correlated with 3795; ion correlated with 4977; ion correlated with 3872; ion correlated with 2752; ion correlated with 3000; ion correlated with 3655; ion correlated with 3711; ion correlated with 5151; found in higher mz's MsMs_2910; found in higher mz's MsMs_2423; found in higher mz's MsMs_3571",0.107,FALSE,"null","null","null","null",999,FALSE,FALSE,FALSE,"null","null","null","null","null",17.94,14064.6666666667,17.3207573998152,24,"Exudate vs Soil","Exudate","Not selected",3,3,3,3,TRUE,TRUE,TRUE,TRUE,"Leaf + Root + Exudate","RT >= 1 min","No MS/MS assignment","Unknown","Tier 5: low priority"
"F1883_mz210.1161_rt0.89",0.536870240550184,14.6881357043151,2.90706527577079,0.0340119292748211,0.20554487948658,-3.5372593880882,1883,0.892,210.1161,"Unknown","[M+H]+",NA,0.357,TRUE,"null","null","null","null",999,FALSE,FALSE,FALSE,"null","null","null","null","null",275.54,14159.6666666667,163.919542394426,22,"Exudate vs Soil","Exudate","Not selected",3,1,3,3,TRUE,FALSE,TRUE,TRUE,"Leaf + Exudate","Early RT","MS/MS available","Unknown","Tier 5: low priority"
"F3103_mz301.1627_rt0.42",-0.490711922329552,16.9321102531992,-2.90459198313032,0.0341091791355796,0.20554487948658,-3.54020309508384,3103,0.421,301.16272,"Unknown","[M+H]+",NA,0.107,FALSE,"null","null","null","null",999,FALSE,FALSE,FALSE,"null","null","null","null","null",28.58,29960,5.72914789225994,21,"Exudate vs Soil","Soil","Not selected",0,3,3,3,FALSE,TRUE,TRUE,TRUE,"Root + Exudate","Very early RT","No MS/MS assignment","Unknown","Tier 5: low priority"
"F390_mz107.001_rt0.39",-0.794933261698603,19.1807740930531,-2.87785719706777,0.0351804435238437,0.207469462178147,-3.57207987324972,390,0.392,107.00104,"Unknown","[M+H]+","ion correlated with 772",0.571,FALSE,"null","null","null","null",999,FALSE,FALSE,FALSE,"null","null","null","null","null",128.41,83429,13.7518758240441,24,"Exudate vs Soil","Soil","Not selected",3,3,3,3,TRUE,TRUE,TRUE,TRUE,"Leaf + Root + Exudate","Very early RT","No MS/MS assignment","Unknown","Tier 5: low priority"
"F5141_mz782.5701_rt8.81",0.782599053401575,14.3927993923264,2.86686295316929,0.0356318345961441,0.207469462178147,-3.58521875471398,5141,8.806,782.57013,"Unknown","[M+H]+","ion correlated with 5142",0.071,TRUE,"null","null","null","null",999,FALSE,FALSE,FALSE,"null","null","null","null","null",287.42,30123,73.5979617580667,24,"Exudate vs Soil","Exudate","Not selected",3,3,3,3,TRUE,TRUE,TRUE,TRUE,"Leaf + Root + Exudate","RT >= 1 min","MS/MS available","Unknown","Tier 5: low priority"
"F1776_mz202.9976_rt0.45",-0.765631892450649,18.5110572332791,-2.8912933113093,0.0346374357798743,0.207469462178147,-3.55604652224354,1776,0.449,202.99757,"Unknown","[M+H]+","ion correlated with 3810; ion correlated with 946; ion correlated with 904",0.214,FALSE,"null","null","null","null",999,FALSE,FALSE,FALSE,"null","null","null","null","null",287.99,7918,88.0719787852001,10,"Exudate vs Soil","Soil","Not selected",3,0,3,3,TRUE,FALSE,TRUE,TRUE,"Leaf + Exudate","Very early RT","No MS/MS assignment","Unknown","Tier 5: low priority"
"F581_mz120.0558_rt0.6",0.679071440323598,15.8056636168716,2.88281683834362,0.0349789059921196,0.207469462178147,-3.56615846990504,581,0.601,120.05576,"Unknown","[M+H]+",NA,0.036,FALSE,"null","null","null","null",999,FALSE,FALSE,FALSE,"null","null","null","null","null",39.56,60247.6666666667,21.8160346563686,22,"Exudate vs Soil","Exudate","Not selected",3,1,3,3,TRUE,FALSE,TRUE,TRUE,"Leaf + Exudate","Early RT","No MS/MS assignment","Unknown","Tier 5: low priority"
"F881_mz140.9619_rt0.4",-0.48464016727859,18.6817162938163,-2.87371163272514,0.0353498948056005,0.207469462178147,-3.57703206411218,881,0.396,140.96194,"Unknown","[M+H]+",NA,0.429,TRUE,"null","null","null","null",999,FALSE,FALSE,FALSE,"null","null","null","null","null",229.33,230588,50.7944437939364,23,"Exudate vs Soil","Soil","Not selected",3,3,3,3,TRUE,TRUE,TRUE,TRUE,"Leaf + Root + Exudate","Very early RT","MS/MS available","Unknown","Tier 5: low priority"
"F627_mz123.117_rt5.78",0.454225816791738,13.0970170236484,2.86525343450453,0.0356984570037924,0.207469462178147,-3.58714369930814,627,5.777,123.11695,"Unknown","[M+H]+","ion correlated with 150; ion correlated with 4359; ion correlated with 4389; ion correlated with 4132; ion correlated with 4235; ion correlated with 3788; ion correlated with 3775; ion correlated with 3357; found in higher mz's MsMs_3153; found in higher mz's MsMs_2504; found in higher mz's MsMs_3357",0.214,FALSE,"null","null","null","null",999,FALSE,FALSE,FALSE,"null","null","null","null","null",9.95,5685,46.1953921913472,24,"Exudate vs Soil","Exudate","Not selected",3,3,3,3,TRUE,TRUE,TRUE,TRUE,"Leaf + Root + Exudate","RT >= 1 min","No MS/MS assignment","Unknown","Tier 5: low priority"
"F582_mz120.0655_rt0.45",0.419150327066103,16.360100132865,2.8562158221905,0.0360751373628668,0.207469462178147,-3.59795934579914,582,0.453,120.06554,"Unknown","[M+H]+","ion correlated with 992; ion correlated with 2511; ion correlated with 1228",0.571,TRUE,"null","null","null","null",999,FALSE,FALSE,FALSE,"null","null","null","null","null",1820.67,64534,467.869171767258,24,"Exudate vs Soil","Exudate","Not selected",3,3,3,3,TRUE,TRUE,TRUE,TRUE,"Leaf + Root + Exudate","Very early RT","MS/MS available","Unknown","Tier 5: low priority"
"F650_mz125.0236_rt1.02",-0.512109360715398,13.9444085900085,-2.85018533296883,0.0363289467205725,0.207986554770466,-3.6051827338655,650,1.019,125.02357,"Unknown","[M+H]+","ion correlated with 1578; ion correlated with 885; similar chromatogram in higher mz_966; similar chromatogram in higher mz_2975; similar chromatogram in higher mz_3144; similar chromatogram in higher mz_4033; similar chromatogram in higher mz_4175; similar chromatogram in higher mz_4321; found in higher mz's MsMs_1504",0.107,TRUE,"null","null","null","null",999,FALSE,FALSE,FALSE,"null","null","null","null","null",304.95,13448,237.297048107666,24,"Exudate vs Soil","Soil","Not selected",3,3,3,3,TRUE,TRUE,TRUE,TRUE,"Leaf + Root + Exudate","RT >= 1 min","MS/MS available","Unknown","Tier 5: low priority"
"F2897_mz286.959_rt0.39",-0.970475968799602,16.3556483270326,-2.83365980440682,0.0370347215783834,0.208659041087965,-3.62500357713318,2897,0.394,286.95905,"Unknown","[M+H]+","ion correlated with 2640",0.429,FALSE,"null","null","null","null",999,FALSE,FALSE,FALSE,"null","null","null","null","null",172.68,0,508983,24,"Exudate vs Soil","Soil","Not selected",3,3,3,3,TRUE,TRUE,TRUE,TRUE,"Leaf + Root + Exudate","Very early RT","No MS/MS assignment","Unknown","Tier 5: low priority"
"F566_mz119.0493_rt0.82",0.710425396956286,14.1926180989806,2.8338148680685,0.0370280285441353,0.208659041087965,-3.6248174139152,566,0.816,119.04933,"Unknown","[M+H]+","ion correlated with 1006; ion correlated with 2017; ion correlated with 2541; ion correlated with 1813; ion correlated with 988; ion correlated with 618; ion correlated with 2192; ion correlated with 2209; ion correlated with 2436; found in higher mz's MsMs_1477; found in higher mz's MsMs_1214; found in higher mz's MsMs_806; found in higher mz's MsMs_988",0.143,TRUE,"null","null","null","null",999,FALSE,FALSE,FALSE,"null","null","null","null","null",114.7,19342.3333333333,151.013941064966,18,"Exudate vs Soil","Exudate","Not selected",1,0,3,3,FALSE,FALSE,TRUE,TRUE,"Exudate only","Early RT","MS/MS available","Unknown","Tier 5: low priority"
"F2456_mz254.1615_rt0.9",0.365940992656882,17.0676505166266,2.83461841358691,0.0369933665600955,0.208659041087965,-3.62385276339133,2456,0.896,254.16148,"Unknown","[M+H]+","ion correlated with 2105; ion correlated with 1237; ion correlated with 2305",0.607,TRUE,"null","null","null","null",999,FALSE,FALSE,FALSE,"null","null","null","null","null",1039.04,49676.3333333333,160.773364109721,24,"Exudate vs Soil","Exudate","Not selected",3,3,3,3,TRUE,TRUE,TRUE,TRUE,"Leaf + Root + Exudate","Early RT","MS/MS available","Unknown","Tier 5: low priority"
"F810_mz136.9313_rt0.45",0.79625587825359,17.3837672085598,2.82918849346053,0.0372282978908306,0.208900489379316,-3.63037310274777,810,0.447,136.9313,"Unknown","[M+H]+","ion correlated with 1396; ion correlated with 4391",0.214,FALSE,"null","null","null","null",999,FALSE,FALSE,FALSE,"null","null","null","null","null",865.59,0,233813,12,"Exudate vs Soil","Exudate","Not selected",3,0,3,3,TRUE,FALSE,TRUE,TRUE,"Leaf + Exudate","Very early RT","No MS/MS assignment","Unknown","Tier 5: low priority"
"F1879_mz210.0974_rt0.48",0.574276964326563,13.9441234184533,2.81820934588869,0.0377084124641056,0.209055438701001,-3.64356962117924,1879,0.478,210.09737,"Unknown","[M+H]+","ion correlated with 1657; ion correlated with 1621; ion correlated with 1901; ion correlated with 3203; ion correlated with 2771",0.214,TRUE,"null","null","null","null",999,FALSE,FALSE,FALSE,"null","null","null","null","null",1078.43,5455.33333333333,2077.97238682876,15,"Exudate vs Soil","Exudate","Not selected",3,3,3,3,TRUE,TRUE,TRUE,TRUE,"Leaf + Root + Exudate","Very early RT","MS/MS available","Unknown","Tier 5: low priority"
"F1075_mz154.1227_rt0.83",0.31456456189854,16.2572200569882,2.82303343666491,0.0374966131538866,0.209055438701001,-3.63776918088078,1075,0.829,154.12271,"Unknown","[M+H]+","ion correlated with 1077",0.107,TRUE,"null","null","null","null",999,FALSE,FALSE,FALSE,"null","null","null","null","null",14195.71,88058,6971.56952724878,24,"Exudate vs Soil","Exudate","Not selected",3,3,3,3,TRUE,TRUE,TRUE,TRUE,"Leaf + Root + Exudate","Early RT","MS/MS available","Unknown","Tier 5: low priority"
"F4122_mz398.9058_rt0.39",-0.638825487523915,17.4052545354003,-2.79395613758794,0.0387935968383137,0.214137608801475,-3.67278008893526,4122,0.388,398.90576,"Unknown","[M+H]+","ion correlated with 3457",0.679,FALSE,"null","null","null","null",999,FALSE,FALSE,FALSE,"null","null","null","null","null",3159.1,0,331340,24,"Exudate vs Soil","Soil","Not selected",3,3,3,3,TRUE,TRUE,TRUE,TRUE,"Leaf + Root + Exudate","Very early RT","No MS/MS assignment","Unknown","Tier 5: low priority"
"F3993_mz382.2354_rt2.83",0.362206588691029,14.0626150348696,2.79087097077537,0.0389341106911773,0.214137608801475,-3.67650162105633,3993,2.827,382.23544,"Unknown","[M+H]+","ion correlated with 2673; ion correlated with 3076; ion correlated with 2709; ion correlated with 3525; ion correlated with 3576; ion correlated with 3681; ion correlated with 3826; ion correlated with 3792",0.071,FALSE,"null","null","null","null",999,FALSE,FALSE,FALSE,"null","null","null","null","null",7.71,16992,8.390572588713,24,"Exudate vs Soil","Exudate","Not selected",3,3,3,3,TRUE,TRUE,TRUE,TRUE,"Leaf + Root + Exudate","RT >= 1 min","No MS/MS assignment","Unknown","Tier 5: low priority"
"F947_mz145.0175_rt0.39",-0.618552424732723,19.5824859796085,-2.77692952533057,0.0395761621180122,0.216228016024153,-3.693334773477,947,0.393,145.0175,"Unknown","[M+H]+","ion correlated with 3434; ion correlated with 734; ion correlated with 590",0.25,FALSE,"null","null","null","null",999,FALSE,FALSE,FALSE,"null","null","null","null","null",8.05,8687,136.635819521179,24,"Exudate vs Soil","Soil","Not selected",3,3,3,3,TRUE,TRUE,TRUE,TRUE,"Leaf + Root + Exudate","Very early RT","No MS/MS assignment","Unknown","Tier 5: low priority"
"F139_mz81.0172_rt0.86",-0.91919013354728,19.2449353912889,-2.72799294577049,0.0419245988228909,0.224263832783985,-3.75262601431291,139,0.858,81.01715,"Unknown","[M+H]+",NA,0.036,TRUE,"null","null","null","null",999,FALSE,FALSE,FALSE,"null","null","null","null","null",14.05,1153499.33333333,20.4469407753386,24,"Exudate vs Soil","Soil","Not selected",3,3,3,3,TRUE,TRUE,TRUE,TRUE,"Leaf + Root + Exudate","Early RT","MS/MS available","Unknown","Tier 5: low priority"
"F1512_mz184.9699_rt0.45",0.855903493884545,17.3621350063915,2.72039550306462,0.0423028560888891,0.224263832783985,-3.76185895657259,1512,0.447,184.96994,"Unknown","[M+H]+",NA,0.143,FALSE,"null","null","null","null",999,FALSE,FALSE,FALSE,"null","null","null","null","null",16.94,5219.33333333333,45.3654939020497,18,"Exudate vs Soil","Exudate","Not selected",3,2,3,3,TRUE,TRUE,TRUE,TRUE,"Leaf + Root + Exudate","Very early RT","No MS/MS assignment","Unknown","Tier 5: low priority"
"F119_mz79.0214_rt2.18",-0.740158883993356,18.7186483495373,-2.71216459462115,0.0427169205302828,0.224263832783985,-3.77187003163594,119,2.176,79.02142,"Unknown","[M+H]+","ion correlated with 114",0.107,TRUE,"null","null","null","null",999,FALSE,FALSE,FALSE,"null","null","null","null","null",39.97,2051736.33333333,6.16137884446547,24,"Exudate vs Soil","Soil","Not selected",3,3,3,3,TRUE,TRUE,TRUE,TRUE,"Leaf + Root + Exudate","RT >= 1 min","MS/MS available","Unknown","Tier 5: low priority"
"F115_mz79.0214_rt2.67",-0.68154948846432,18.3740940355432,-2.71720116807028,0.0424630206991795,0.224263832783985,-3.7657431353148,115,2.674,79.02139,"Unknown","[M+H]+",NA,0.036,TRUE,"null","null","null","null",999,FALSE,FALSE,FALSE,"null","null","null","null","null",22.9,1401393,5.33001497080764,24,"Exudate vs Soil","Soil","Not selected",3,3,3,3,TRUE,TRUE,TRUE,TRUE,"Leaf + Root + Exudate","RT >= 1 min","MS/MS available","Unknown","Tier 5: low priority"
"F630_mz124.0245_rt0.39",-0.659066488613995,17.1539686799704,-2.72346610889346,0.0421495254150848,0.224263832783985,-3.75812645329109,630,0.39,124.02448,"Unknown","[M+H]+",NA,0.071,FALSE,"null","null","null","null",999,FALSE,FALSE,FALSE,"null","null","null","null","null",6.32,19234.3333333333,13.8344886147021,24,"Exudate vs Soil","Soil","Not selected",3,3,3,3,TRUE,TRUE,TRUE,TRUE,"Leaf + Root + Exudate","Very early RT","No MS/MS assignment","Unknown","Tier 5: low priority"
"F1695_mz197.9921_rt0.45",-0.479094944910881,17.469011150501,-2.71505271662663,0.042571121950602,0.224263832783985,-3.76835629257799,1695,0.447,197.99211,"Unknown","[M+H]+","ion correlated with 371; ion correlated with 4537; ion correlated with 1353; ion correlated with 1924; ion correlated with 834; ion correlated with 4008; ion correlated with 3597; ion correlated with 3866",0.214,FALSE,"null","null","null","null",999,FALSE,FALSE,FALSE,"null","null","null","null","null",173.11,13392,17.6765474501605,7,"Exudate vs Soil","Soil","Not selected",0,0,3,3,FALSE,FALSE,TRUE,TRUE,"Exudate only","Very early RT","No MS/MS assignment","Unknown","Tier 5: low priority"
"F1128_mz158.9222_rt0.44",-0.383294018801674,18.5934312555496,-2.71970589968733,0.042337376266929,0.224263832783985,-3.76269737571138,1128,0.438,158.92224,"Unknown","[M+H]+","similar chromatogram in higher mz_1776",0.321,FALSE,"null","null","null","null",999,FALSE,FALSE,FALSE,"null","null","null","null","null",94.98,0,819959,22,"Exudate vs Soil","Soil","Not selected",3,1,3,3,TRUE,FALSE,TRUE,TRUE,"Leaf + Exudate","Very early RT","No MS/MS assignment","Unknown","Tier 5: low priority"
"F2235_mz236.1649_rt1.15",0.377258184981996,15.1985721114039,2.72830260826457,0.0419092611467754,0.224263832783985,-3.75224984768108,2235,1.146,236.1649,"Unknown","[M+H]+","ion correlated with 1539",0.107,FALSE,"null","null","null","null",999,FALSE,FALSE,FALSE,"null","null","null","null","null",26.31,45709.6666666667,5.12696525974973,24,"Exudate vs Soil","Exudate","Not selected",3,3,3,3,TRUE,TRUE,TRUE,TRUE,"Leaf + Root + Exudate","RT >= 1 min","No MS/MS assignment","Unknown","Tier 5: low priority"
"F2246_mz237.135_rt0.82",0.608980045110263,13.8801615297023,2.70706927362828,0.0429754922355886,0.224580915394597,-3.77807165659901,2246,0.821,237.13503,"Unknown","[M+H]+",NA,0.071,FALSE,"null","null","null","null",999,FALSE,FALSE,FALSE,"null","null","null","null","null",161.22,8593,129.921922271352,19,"Exudate vs Soil","Exudate","Not selected",0,1,3,3,FALSE,FALSE,TRUE,TRUE,"Exudate only","Early RT","No MS/MS assignment","Unknown","Tier 5: low priority"
"F1556_mz188.0773_rt0.4",-0.617931647628491,16.8136443897669,-2.68806683557924,0.0439551830038955,0.226151869687148,-3.80122859578813,1556,0.404,188.07729,"Unknown","[M+H]+","adduct linked to 238_[M+H]2+",0.179,FALSE,"null","null","null","null",999,FALSE,FALSE,FALSE,"null","null","null","null","null",48.39,694,282.228776978417,24,"Exudate vs Soil","Soil","Not selected",3,3,3,3,TRUE,TRUE,TRUE,TRUE,"Leaf + Root + Exudate","Very early RT","No MS/MS assignment","Unknown","Tier 5: low priority"
"F697_mz128.1072_rt0.69",0.380907284275591,15.540468420769,2.67993598344307,0.0443818965042599,0.226151869687148,-3.81115075080125,697,0.686,128.10719,"Unknown","[M+H]+","ion correlated with 1619; ion correlated with 695; ion correlated with 2081",0.214,FALSE,"null","null","null","null",999,FALSE,FALSE,FALSE,"null","null","null","null","null",74.64,102656.666666667,17.5533407149328,23,"Exudate vs Soil","Exudate","Not selected",3,2,3,3,TRUE,TRUE,TRUE,TRUE,"Leaf + Root + Exudate","Early RT","No MS/MS assignment","Unknown","Tier 5: low priority"
"F2282_mz240.1444_rt0.92",0.342572658639798,16.0799574258796,2.69357212727395,0.0436688353655887,0.226151869687148,-3.79451506136152,2282,0.917,240.14444,"Unknown","[M+H]+","ion correlated with 2069; ion correlated with 1929",0.5,TRUE,"null","null","null","null",999,FALSE,FALSE,FALSE,"null","null","null","null","null",129.1,61396.3333333333,53.5055322706741,24,"Exudate vs Soil","Exudate","Not selected",3,3,3,3,TRUE,TRUE,TRUE,TRUE,"Leaf + Root + Exudate","Early RT","MS/MS available","Unknown","Tier 5: low priority"
"F613_mz122.0967_rt0.91",0.290628952015046,18.2558092830023,2.6825160585698,0.044245998510247,0.226151869687148,-3.80800138220295,613,0.913,122.0967,"Unknown","[M+H]+",NA,0.286,TRUE,"null","null","null","null",999,FALSE,FALSE,FALSE,"null","null","null","null","null",31.82,106699.333333333,6.47562175688298,24,"Exudate vs Soil","Exudate","Not selected",3,3,3,3,TRUE,TRUE,TRUE,TRUE,"Leaf + Root + Exudate","Early RT","MS/MS available","Unknown","Tier 5: low priority"
"F58_mz72.0281_rt0.39",-0.898055075395366,19.8168606769671,-2.66693203124564,0.045073895492058,0.228836700190448,-3.82703636395792,58,0.391,72.02808,"Unknown","[M+H]+","ion correlated with 2320; found in higher mz's MsMs_134; similar chromatogram in higher mz_1790",0.179,FALSE,"null","null","null","null",999,FALSE,FALSE,FALSE,"null","null","null","null","null",94.44,981.333333333333,1968.42449949101,24,"Exudate vs Soil","Soil","Not selected",3,3,3,3,TRUE,TRUE,TRUE,TRUE,"Leaf + Root + Exudate","Very early RT","No MS/MS assignment","Unknown","Tier 5: low priority"
"F2736_mz274.9753_rt0.4",-0.780657754891551,16.2450925226905,-2.64777920597576,0.0461148865045927,0.22923171729109,-3.85047045028793,2736,0.403,274.97534,"Unknown","[M+H]+","ion correlated with 4827",0.071,FALSE,"null","null","null","null",999,FALSE,FALSE,FALSE,"null","null","null","null","null",117.17,0,139795,14,"Exudate vs Soil","Soil","Not selected",0,1,3,3,FALSE,FALSE,TRUE,TRUE,"Exudate only","Very early RT","No MS/MS assignment","Unknown","Tier 5: low priority"
"F3879_mz369.2616_rt2.44",-0.770568223121711,11.8973512007318,-2.64571827902524,0.0462284724524652,0.22923171729109,-3.85299465276025,3879,2.438,369.26157,"Unknown","[M+H]+","ion correlated with 3446",0.107,TRUE,"null","null","null","null",999,FALSE,FALSE,FALSE,"null","null","null","null","null",101.53,4004.33333333333,257.104693741678,23,"Exudate vs Soil","Soil","Not selected",3,3,3,3,TRUE,TRUE,TRUE,TRUE,"Leaf + Root + Exudate","RT >= 1 min","MS/MS available","Unknown","Tier 5: low priority"
"F1430_mz179.1183_rt1.24",0.685320972957014,13.2280848843656,2.65101321213269,0.0459372672108982,0.22923171729109,-3.84651048164637,1430,1.243,179.11829,"Unknown","[M+H]+","ion correlated with 1609",0.107,TRUE,"null","null","null","null",999,FALSE,FALSE,FALSE,"null","null","null","null","null",33.05,13946.6666666667,16.7861052027818,24,"Exudate vs Soil","Exudate","Not selected",3,3,3,3,TRUE,TRUE,TRUE,TRUE,"Leaf + Root + Exudate","RT >= 1 min","MS/MS available","Unknown","Tier 5: low priority"
"F605_mz122.0713_rt0.58",-0.561535340530374,12.5846488889273,-2.64876847939045,0.0460604730027957,0.22923171729109,-3.8492589759288,605,0.579,122.07134,"Unknown","[M+H]+","found in higher mz's MsMs_2597",0.286,FALSE,"null","null","null","null",999,FALSE,FALSE,FALSE,"null","null","null","null","null",62.39,6265.66666666667,132.374361702128,16,"Exudate vs Soil","Soil","Not selected",0,0,3,3,FALSE,FALSE,TRUE,TRUE,"Exudate only","Early RT","No MS/MS assignment","Unknown","Tier 5: low priority"
"F2113_mz227.082_rt1.07",0.407506304159969,14.665756635797,2.65044288452778,0.0459685360937204,0.22923171729109,-3.84720874540302,2113,1.07,227.08199,"Unknown","[M+H]+","ion correlated with 1063; ion correlated with 1222; ion correlated with 2123",0.321,TRUE,"null","null","null","null",999,FALSE,FALSE,FALSE,"null","null","null","null","null",48.68,39153,13.3501302548909,24,"Exudate vs Soil","Exudate","Not selected",3,3,3,3,TRUE,TRUE,TRUE,TRUE,"Leaf + Root + Exudate","RT >= 1 min","MS/MS available","Unknown","Tier 5: low priority"
"F114_mz79.0214_rt2.13",-0.718753955496204,18.7863026484135,-2.63435044791555,0.0468605667765653,0.23031470054014,-3.86692679559716,114,2.128,79.02139,"Unknown","[M+H]+","ion correlated with 119",0.036,TRUE,"null","null","null","null",999,FALSE,FALSE,FALSE,"null","null","null","null","null",20.19,2055375.66666667,6.15046925705426,24,"Exudate vs Soil","Soil","Not selected",3,3,3,3,TRUE,TRUE,TRUE,TRUE,"Leaf + Root + Exudate","RT >= 1 min","MS/MS available","Unknown","Tier 5: low priority"
"F695_mz128.1072_rt0.71",0.387811982346232,15.5370160717337,2.63507121569544,0.0468202078416926,0.23031470054014,-3.86604299276999,695,0.714,128.10716,"Unknown","[M+H]+","ion correlated with 697; ion correlated with 1619; ion correlated with 2081; ion correlated with 2232",0.071,TRUE,"null","null","null","null",999,FALSE,FALSE,FALSE,"null","null","null","null","null",147.38,102656.666666667,17.5533407149328,23,"Exudate vs Soil","Exudate","Not selected",3,2,3,3,TRUE,TRUE,TRUE,TRUE,"Leaf + Root + Exudate","Early RT","MS/MS available","Unknown","Tier 5: low priority"
"F836_mz138.0551_rt0.48",-0.631535898664873,15.3069960834646,-2.61886907945434,0.0477367525083707,0.233104925906885,-3.88592444235126,836,0.477,138.05513,"Unknown","[M+H]2+","adduct linked to 2760_[M+H]+; found in higher mz's MsMs_2833; similar chromatogram in higher mz_2924",0.464,TRUE,"null","null","null","null",999,FALSE,FALSE,FALSE,"null","null","null","null","null",903.67,76787.3333333333,319.302841143403,24,"Exudate vs Soil","Soil","Not selected",3,3,3,3,TRUE,TRUE,TRUE,TRUE,"Leaf + Root + Exudate","Very early RT","MS/MS available","Unknown","Tier 5: low priority"
"F1697_mz198.0616_rt0.39",-0.861512017782395,17.5142966266575,-2.60766870059937,0.0483818914379846,0.234466089276387,-3.89968577469769,1697,0.393,198.06158,"Unknown","[M+H]+",NA,0.179,FALSE,"null","null","null","null",999,FALSE,FALSE,FALSE,"null","null","null","null","null",110.21,0,345853,24,"Exudate vs Soil","Soil","Not selected",3,3,3,3,TRUE,TRUE,TRUE,TRUE,"Leaf + Root + Exudate","Very early RT","No MS/MS assignment","Unknown","Tier 5: low priority"
"F187_mz86.9929_rt0.39",-0.761633167145754,21.7522483579368,-2.58572512883848,0.0496738111608139,0.235423795162194,-3.9266872462244,187,0.389,86.99292,"Unknown","[M+H]+","found in higher mz's MsMs_691; found in higher mz's MsMs_427; found in higher mz's MsMs_1037; found in higher mz's MsMs_615; found in higher mz's MsMs_964",0.857,FALSE,"null","null","null","null",999,FALSE,FALSE,FALSE,"null","null","null","null","null",422.41,17556.6666666667,394.851840601447,24,"Exudate vs Soil","Soil","Not selected",3,3,3,3,TRUE,TRUE,TRUE,TRUE,"Leaf + Root + Exudate","Very early RT","No MS/MS assignment","Unknown","Tier 5: low priority"
"F50_mz70.0128_rt0.59",-0.708036081879251,17.8057367901916,-2.58169685558906,0.0499150678957557,0.235423795162194,-3.93164975018846,50,0.587,70.0128,"Unknown","[M+H]+","ion correlated with 786",0.036,FALSE,"null","null","null","null",999,FALSE,FALSE,FALSE,"null","null","null","null","null",53.84,24221.6666666667,17.7326883910387,12,"Exudate vs Soil","Soil","Not selected",0,1,3,3,FALSE,FALSE,TRUE,TRUE,"Exudate only","Early RT","No MS/MS assignment","Unknown","Tier 5: low priority"
"F1275_mz168.9213_rt0.41",-0.461094874746189,17.0376638480316,-2.58690946489354,0.049603124124805,0.235423795162194,-3.92522857569917,1275,0.414,168.92134,"Unknown","[M+H]+",NA,0.357,FALSE,"null","null","null","null",999,FALSE,FALSE,FALSE,"null","null","null","null","null",76.71,21990,8.34227638579419,24,"Exudate vs Soil","Soil","Not selected",3,3,3,3,TRUE,TRUE,TRUE,TRUE,"Leaf + Root + Exudate","Very early RT","No MS/MS assignment","Unknown","Tier 5: low priority"
"F51_mz70.0653_rt0.48",0.445747705488243,16.4633675768552,2.58994984960147,0.04942216439364,0.235423795162194,-3.92148462893496,51,0.482,70.06532,"Unknown","[M+H]+","ion correlated with 1096; ion correlated with 4326; ion correlated with 4472; similar chromatogram in higher mz_519; found in higher mz's MsMs_519; found in higher mz's MsMs_2176; found in higher mz's MsMs_279; similar chromatogram in higher mz_785; similar chromatogram in higher mz_912; similar chromatogram in higher mz_2322; similar chromatogram in higher mz_3101; similar chromatogram in higher mz_459; found in higher mz's MsMs_1612; found in higher mz's MsMs_1942; similar chromatogram in higher mz_1389; similar chromatogram in higher mz_2364; similar chromatogram in higher mz_2584; similar chromatogram in higher mz_3643; similar chromatogram in higher mz_525; similar chromatogram in higher mz_5034; similar chromatogram in higher mz_3496",0.464,TRUE,"null","null","null","null",999,FALSE,FALSE,FALSE,"null","null","null","null","null",618.29,202394.666666667,45.0350946248849,24,"Exudate vs Soil","Exudate","Not selected",3,3,3,3,TRUE,TRUE,TRUE,TRUE,"Leaf + Root + Exudate","Very early RT","MS/MS available","Unknown","Tier 5: low priority"
"F4433_mz452.3954_rt6.42",0.404634217116972,14.5039442245851,2.58130873271722,0.0499383807919806,0.235423795162194,-3.93212797862429,4433,6.418,452.39545,"Unknown","[M+H]+","ion correlated with 4606; ion correlated with 4189",0.036,FALSE,"null","null","null","null",999,FALSE,FALSE,FALSE,"null","null","null","null","null",80.73,22543.3333333333,14.7275146747889,24,"Exudate vs Soil","Exudate","Not selected",3,3,3,3,TRUE,TRUE,TRUE,TRUE,"Leaf + Root + Exudate","RT >= 1 min","No MS/MS assignment","Unknown","Tier 5: low priority"
"F1399_mz177.0075_rt0.4",-0.372884060913357,18.8651364792215,-2.59465005464609,0.0491438401933641,0.235423795162194,-3.91569875974839,1399,0.396,177.00754,"Unknown","[M+H]+","ion correlated with 717; ion correlated with 35",0.286,FALSE,"null","null","null","null",999,FALSE,FALSE,FALSE,"null","null","null","null","null",160.49,54517.6666666667,11.5223837706963,24,"Exudate vs Soil","Soil","Not selected",3,3,3,3,TRUE,TRUE,TRUE,TRUE,"Leaf + Root + Exudate","Very early RT","No MS/MS assignment","Unknown","Tier 5: low priority"
"F1407_mz177.0912_rt1.19",-0.599020247980381,12.6350274350593,-2.57089860209033,0.0505681555978636,0.237584622571658,-3.94496093447053,1407,1.186,177.09123,"Unknown","[M+H]+","ion correlated with 3991; ion correlated with 3574; ion correlated with 4950; ion correlated with 1221; ion correlated with 4111; ion correlated with 4229; ion correlated with 2037",0.036,FALSE,"null","null","null","null",999,FALSE,FALSE,FALSE,"null","null","null","null","null",14.18,3568.33333333333,45.0204519985058,22,"Exudate vs Soil","Soil","Not selected",3,3,3,3,TRUE,TRUE,TRUE,TRUE,"Leaf + Root + Exudate","RT >= 1 min","No MS/MS assignment","Unknown","Tier 5: low priority"
"F1828_mz206.8862_rt0.42",0.848697017987131,17.215748440779,2.55790711019745,0.0513663495558104,0.240519461095788,-3.9609921666001,1828,0.417,206.8862,"Unknown","[M+H]+","ion correlated with 3366; ion correlated with 2965; ion correlated with 1505",0.786,TRUE,"null","null","null","null",999,FALSE,FALSE,FALSE,"null","null","null","null","null",474.82,0,4489221,24,"Exudate vs Soil","Exudate","Not selected",3,3,3,3,TRUE,TRUE,TRUE,TRUE,"Leaf + Root + Exudate","Very early RT","MS/MS available","Unknown","Tier 5: low priority"
"F3074_mz299.1103_rt1.51",0.472503147037015,13.6429102174581,2.55113264020934,0.0517880447416719,0.241677542127802,-3.9693587208064,3074,1.513,299.11035,"Unknown","[M+H]+",NA,0.036,TRUE,"null","null","null","null",999,FALSE,FALSE,FALSE,"null","null","null","null","null",25.63,11780.6666666667,41.0111755552412,24,"Exudate vs Soil","Exudate","Not selected",3,3,3,3,TRUE,TRUE,TRUE,TRUE,"Leaf + Root + Exudate","RT >= 1 min","MS/MS available","Unknown","Tier 5: low priority"
"F373_mz105.0035_rt0.39",-0.793508581758571,21.9026736978219,-2.54242364243357,0.0523357443010072,0.241791138670653,-3.98012138362971,373,0.392,105.00348,"Unknown","[M+H]+","ion correlated with 455; found in higher mz's MsMs_691; found in higher mz's MsMs_427; found in higher mz's MsMs_1037; found in higher mz's MsMs_615; found in higher mz's MsMs_964",0.857,TRUE,"null","null","null","null",999,FALSE,FALSE,FALSE,"null","null","null","null","null",512.67,46697.6666666667,174.760128768844,24,"Exudate vs Soil","Soil","Not selected",3,3,3,3,TRUE,TRUE,TRUE,TRUE,"Leaf + Root + Exudate","Very early RT","MS/MS available","Unknown","Tier 5: low priority"
"F863_mz140.0111_rt0.4",-0.555655120286389,17.5153917403491,-2.54405041918593,0.0522329578721142,0.241791138670653,-3.97811040854979,863,0.402,140.01105,"Unknown","[M+H]+",NA,0.214,FALSE,"null","null","null","null",999,FALSE,FALSE,FALSE,"null","null","null","null","null",6.03,0,648332,24,"Exudate vs Soil","Soil","Not selected",3,3,3,3,TRUE,TRUE,TRUE,TRUE,"Leaf + Root + Exudate","Very early RT","No MS/MS assignment","Unknown","Tier 5: low priority"
"F47_mz69.0701_rt0.88",0.318333613730913,14.9060443294383,2.53690561081873,0.0526860500967419,0.242600881840811,-3.98694461637021,47,0.878,69.07006,"Unknown","[M+H]+","ion correlated with 988; ion correlated with 2643; ion correlated with 818; ion correlated with 4011; ion correlated with 2204; ion correlated with 2264; ion correlated with 2963; ion correlated with 3334; ion correlated with 3381; ion correlated with 1273; ion correlated with 2802; similar chromatogram in higher mz_2856; found in higher mz's MsMs_4447; similar chromatogram in higher mz_4828; similar chromatogram in higher mz_2901",0.286,FALSE,"null","null","null","null",999,FALSE,FALSE,FALSE,"null","null","null","null","null",30.08,36052,38.5856655479433,21,"Exudate vs Soil","Exudate","Not selected",3,0,3,3,TRUE,FALSE,TRUE,TRUE,"Leaf + Exudate","Early RT","No MS/MS assignment","Unknown","Tier 5: low priority"
"F3252_mz312.9204_rt0.38",-0.470796977227994,18.032684527653,-2.51823805130599,0.0538903045697504,0.247324377926073,-4.01005025154478,3252,0.384,312.92041,"Unknown","[M+H]+",NA,0.75,FALSE,"null","null","null","null",999,FALSE,FALSE,FALSE,"null","null","null","null","null",383.06,0,434104,24,"Exudate vs Soil","Soil","Not selected",3,3,3,3,TRUE,TRUE,TRUE,TRUE,"Leaf + Root + Exudate","Very early RT","No MS/MS assignment","Unknown","Tier 5: low priority"
"F267_mz97.5118_rt0.71",-0.879911423525974,14.063453437441,-2.50550617174212,0.0547289060541592,0.247978089705088,-4.0258286017866,267,0.713,97.5118,"Unknown","[M+H]+",NA,0.214,FALSE,"null","null","null","null",999,FALSE,FALSE,FALSE,"null","null","null","null","null",66.84,17899.6666666667,15.2696547614614,24,"Exudate vs Soil","Soil","Not selected",3,3,3,3,TRUE,TRUE,TRUE,TRUE,"Leaf + Root + Exudate","Early RT","No MS/MS assignment","Unknown","Tier 5: low priority"
"F140_mz81.0172_rt0.93",-0.879095477749308,18.537675486589,-2.49248160864161,0.055601567584722,0.247978089705088,-4.04198564695277,140,0.929,81.0172,"Unknown","[M+H]+","found in higher mz's MsMs_4588",0.214,TRUE,"null","null","null","null",999,FALSE,FALSE,FALSE,"null","null","null","null","null",216.96,1014418,16.8424201439445,24,"Exudate vs Soil","Soil","Not selected",3,3,3,3,TRUE,TRUE,TRUE,TRUE,"Leaf + Root + Exudate","Early RT","MS/MS available","Unknown","Tier 5: low priority"
"F99_mz78.5291_rt0.38",-0.791411719226594,16.8382518586152,-2.48659691431515,0.0560008240098792,0.247978089705088,-4.0492908393142,99,0.379,78.52912,"Unknown","[M+H]+","found in higher mz's MsMs_134",0.286,FALSE,"null","null","null","null",999,FALSE,FALSE,FALSE,"null","null","null","null","null",147.8,0,244085,24,"Exudate vs Soil","Soil","Not selected",3,3,3,3,TRUE,TRUE,TRUE,TRUE,"Leaf + Root + Exudate","Very early RT","No MS/MS assignment","Unknown","Tier 5: low priority"
"F3631_mz346.2593_rt1.36",-0.641942481596633,11.2012092152451,-2.4962189598908,0.0553496155925718,0.247978089705088,-4.0373478107345,3631,1.362,346.25928,"Unknown","[M+H]+",NA,0.25,FALSE,"null","null","null","null",999,FALSE,FALSE,FALSE,"null","null","null","null","null",72.2,0,230604,23,"Exudate vs Soil","Soil","Not selected",2,3,3,3,TRUE,TRUE,TRUE,TRUE,"Leaf + Root + Exudate","RT >= 1 min","No MS/MS assignment","Unknown","Tier 5: low priority"
"F3073_mz299.0822_rt0.88",0.636356824402574,14.603569337122,2.50888208354056,0.054505165996294,0.247978089705088,-4.02164338570429,3073,0.877,299.08221,"Unknown","[M+H]+",NA,0.179,FALSE,"null","null","null","null",999,FALSE,FALSE,FALSE,"null","null","null","null","null",29.15,36271.6666666667,8.35047510522156,20,"Exudate vs Soil","Exudate","Not selected",1,1,3,3,FALSE,FALSE,TRUE,TRUE,"Exudate only","Early RT","No MS/MS assignment","Unknown","Tier 5: low priority"
"F447_mz111.0443_rt0.66",-0.459497122604624,17.0788486262307,-2.49691140693423,0.0553030716284724,0.247978089705088,-4.03648866741143,447,0.663,111.0443,"Unknown","[M+H]+","found in higher mz's MsMs_967",0.286,FALSE,"null","null","null","null",999,FALSE,FALSE,FALSE,"null","null","null","null","null",9.29,137306.666666667,8.08749450746863,22,"Exudate vs Soil","Soil","Not selected",3,1,3,3,TRUE,FALSE,TRUE,TRUE,"Leaf + Exudate","Early RT","No MS/MS assignment","Unknown","Tier 5: low priority"
"F522_mz116.1072_rt0.74",0.452764760998012,14.4807529997143,2.48908227151242,0.0558318204525007,0.247978089705088,-4.04620515498066,522,0.742,116.10715,"Unknown","[M+H]+","ion correlated with 1619; ion correlated with 2416; ion correlated with 2174; similar chromatogram in higher mz_1298; similar chromatogram in higher mz_2081; similar chromatogram in higher mz_560; similar chromatogram in higher mz_1371",0.107,FALSE,"null","null","null","null",999,FALSE,FALSE,FALSE,"null","null","null","null","null",153.97,46051.3333333333,30.5695042596466,13,"Exudate vs Soil","Exudate","Not selected",3,0,3,3,TRUE,FALSE,TRUE,TRUE,"Leaf + Exudate","Early RT","No MS/MS assignment","Unknown","Tier 5: low priority"
"F2491_mz256.264_rt6.08",0.371579036037279,15.2055250199623,2.49045586883026,0.0557386552213149,0.247978089705088,-4.04450001578945,2491,6.08,256.26395,"Unknown","[M+H]+",NA,0.321,TRUE,"null","null","null","null",999,FALSE,FALSE,FALSE,"null","null","null","null","null",69.26,48719,18.9220853858785,24,"Exudate vs Soil","Exudate","Not selected",3,3,3,3,TRUE,TRUE,TRUE,TRUE,"Leaf + Root + Exudate","RT >= 1 min","MS/MS available","Unknown","Tier 5: low priority"
"F491_mz114.0915_rt0.89",0.33761890520222,17.620655086907,2.50472231448129,0.0547810000287002,0.247978089705088,-4.02680052803025,491,0.887,114.09153,"Unknown","[M+H]+","found in higher mz's MsMs_2513",0.5,TRUE,"null","null","null","null",999,FALSE,FALSE,FALSE,"null","null","null","null","null",53.73,219991.666666667,6.27725469636867,24,"Exudate vs Soil","Exudate","Not selected",3,3,3,3,TRUE,TRUE,TRUE,TRUE,"Leaf + Root + Exudate","Early RT","MS/MS available","Unknown","Tier 5: low priority"
"F4667_mz518.8094_rt0.41",0.56602757365522,16.5165434006101,2.47768046186691,0.0566117505920866,0.249596077853266,-4.06036567233399,4667,0.409,518.80945,"Unknown","[M+H]+",NA,0.179,FALSE,"null","null","null","null",999,FALSE,FALSE,FALSE,"null","null","null","null","null",3903.74,0,302390,24,"Exudate vs Soil","Exudate","Not selected",3,3,3,3,TRUE,TRUE,TRUE,TRUE,"Leaf + Root + Exudate","Very early RT","No MS/MS assignment","Unknown","Tier 5: low priority"
"F311_mz100.1122_rt0.51",-0.563440849356324,14.9343704982402,-2.47601913125474,0.0567263813302877,0.249596077853266,-4.06242995342883,311,0.511,100.11218,"Unknown","[M+H]+","ion correlated with 279; similar chromatogram in higher mz_841; similar chromatogram in higher mz_1265; similar chromatogram in higher mz_2231; similar chromatogram in higher mz_2480; similar chromatogram in higher mz_4513; similar chromatogram in higher mz_4757",0.107,FALSE,"null","null","null","null",999,FALSE,FALSE,FALSE,"null","null","null","null","null",235.08,40562.6666666667,98.8978642627639,13,"Exudate vs Soil","Soil","Not selected",3,3,3,3,TRUE,TRUE,TRUE,TRUE,"Leaf + Root + Exudate","Early RT","No MS/MS assignment","Unknown","Tier 5: low priority"
"F2905_mz287.1258_rt0.42",0.514794928797225,16.1308416173131,2.45973354506356,0.0578635753236939,0.253794036071645,-4.08267856716258,2905,0.415,287.12576,"Unknown","[M+H]+",NA,0.107,FALSE,"null","null","null","null",999,FALSE,FALSE,FALSE,"null","null","null","null","null",31.39,0,227345,24,"Exudate vs Soil","Exudate","Not selected",3,3,3,3,TRUE,TRUE,TRUE,TRUE,"Leaf + Root + Exudate","Very early RT","No MS/MS assignment","Unknown","Tier 5: low priority"
"F1945_mz215.0932_rt0.75",-0.799645416278274,12.3382955821613,-2.45553522296514,0.0581607491355238,0.254292739122511,-4.08790230132481,1945,0.75,215.09322,"Unknown","[M+H]+",NA,0.107,FALSE,"null","null","null","null",999,FALSE,FALSE,FALSE,"null","null","null","null","null",23.7,6517.66666666667,41.6267641644508,18,"Exudate vs Soil","Soil","Not selected",0,0,3,3,FALSE,FALSE,TRUE,TRUE,"Exudate only","Early RT","No MS/MS assignment","Unknown","Tier 5: low priority"
"F2764_mz276.872_rt0.42",0.873669895868153,16.5052238151125,2.45271200217365,0.0583615226121888,0.254368145724823,-4.09141592892979,2764,0.416,276.87198,"Unknown","[M+H]+",NA,0.643,FALSE,"null","null","null","null",999,FALSE,FALSE,FALSE,"null","null","null","null","null",749.14,0,409401,24,"Exudate vs Soil","Exudate","Not selected",3,3,3,3,TRUE,TRUE,TRUE,TRUE,"Leaf + Root + Exudate","Very early RT","No MS/MS assignment","Unknown","Tier 5: low priority"
"F3529_mz336.8443_rt0.41",0.837540823364651,18.0081831137397,2.44478370168663,0.058929391132472,0.254883467584181,-4.10128669368677,3529,0.414,336.84427,"Unknown","[M+H]+","ion correlated with 2238",0.821,FALSE,"null","null","null","null",999,FALSE,FALSE,FALSE,"null","null","null","null","null",4915.65,0,1163026,24,"Exudate vs Soil","Exudate","Not selected",3,3,3,3,TRUE,TRUE,TRUE,TRUE,"Leaf + Root + Exudate","Very early RT","No MS/MS assignment","Unknown","Tier 5: low priority"
"F1139_mz159.1132_rt0.9",0.764090697048658,12.3276196512707,2.44728140327215,0.0587498455782792,0.254883467584181,-4.09817647127703,1139,0.896,159.11322,"Unknown","[M+H]+","similar chromatogram in higher mz_3932",0.25,FALSE,"null","null","null","null",999,FALSE,FALSE,FALSE,"null","null","null","null","null",41.8,1511,216.399470899471,18,"Exudate vs Soil","Exudate","Not selected",0,0,3,3,FALSE,FALSE,TRUE,TRUE,"Exudate only","Early RT","No MS/MS assignment","Unknown","Tier 5: low priority"
"F489_mz114.0552_rt1",0.308683255130092,15.2030697842021,2.4433675921623,0.0590314524491502,0.254883467584181,-4.10305031409878,489,1.005,114.05519,"Unknown","[M+H]+",NA,0.107,FALSE,"null","null","null","null",999,FALSE,FALSE,FALSE,"null","null","null","null","null",32.68,44203,15.2383494706361,24,"Exudate vs Soil","Exudate","Not selected",3,3,3,3,TRUE,TRUE,TRUE,TRUE,"Leaf + Root + Exudate","RT >= 1 min","No MS/MS assignment","Unknown","Tier 5: low priority"
"F827_mz137.1327_rt1.21",0.301122613336661,16.6195146005687,2.43818036413598,0.0594069505990876,0.255708178665638,-4.10951190888375,827,1.21,137.13268,"Unknown","[M+H]+","ion correlated with 1189; ion correlated with 4590; ion correlated with 4895; ion correlated with 4673; ion correlated with 4062; ion correlated with 4909; ion correlated with 4954; ion correlated with 1690; ion correlated with 3495; ion correlated with 3284; ion correlated with 4031; similar chromatogram in higher mz_4500; similar chromatogram in higher mz_3904; similar chromatogram in higher mz_4516; similar chromatogram in higher mz_4544; similar chromatogram in higher mz_4871",0.107,FALSE,"null","null","null","null",999,FALSE,FALSE,FALSE,"null","null","null","null","null",55.14,95199,7.53531512605042,24,"Exudate vs Soil","Exudate","Not selected",3,3,3,3,TRUE,TRUE,TRUE,TRUE,"Leaf + Root + Exudate","RT >= 1 min","No MS/MS assignment","Unknown","Tier 5: low priority"
"F2143_mz228.1963_rt1.68",0.363154843484419,14.5602495056466,2.42422874365576,0.0604298480287006,0.258505461011663,-4.12690204470822,2143,1.682,228.19626,"Unknown","[M+H]+",NA,0.143,FALSE,"null","null","null","null",999,FALSE,FALSE,FALSE,"null","null","null","null","null",39.13,26842,9.41869388667437,24,"Exudate vs Soil","Exudate","Not selected",3,3,3,3,TRUE,TRUE,TRUE,TRUE,"Leaf + Root + Exudate","RT >= 1 min","No MS/MS assignment","Unknown","Tier 5: low priority"
"F540_mz117.9975_rt0.38",-0.840716268495722,17.2264736898251,-2.42040380803937,0.0607136159171174,0.258920220495768,-4.1316724143815,540,0.38,117.99747,"Unknown","[M+H]+",NA,0.143,FALSE,"null","null","null","null",999,FALSE,FALSE,FALSE,"null","null","null","null","null",77.33,0,296601,23,"Exudate vs Soil","Soil","Not selected",3,3,3,3,TRUE,TRUE,TRUE,TRUE,"Leaf + Root + Exudate","Very early RT","No MS/MS assignment","Unknown","Tier 5: low priority"
"F1218_mz165.0608_rt0.4",-0.621553754984864,17.2368076824843,-2.4165348206259,0.0610021257236283,0.259352595867941,-4.13649890277119,1218,0.396,165.06081,"Unknown","[M+H]+",NA,0.107,FALSE,"null","null","null","null",999,FALSE,FALSE,FALSE,"null","null","null","null","null",31.83,12296.3333333333,24.8598612165239,24,"Exudate vs Soil","Soil","Not selected",3,3,3,3,TRUE,TRUE,TRUE,TRUE,"Leaf + Root + Exudate","Very early RT","No MS/MS assignment","Unknown","Tier 5: low priority"
"F991_mz147.113_rt0.53",0.757226068436271,14.190963008003,2.39849942087792,0.0623668122552802,0.263045467140934,-4.15901301533021,991,0.532,147.11295,"Unknown","[M+H]+","ion correlated with 4460; ion correlated with 1541; ion correlated with 4903; ion correlated with 2372; ion correlated with 774; ion correlated with 632",0.107,FALSE,"null","null","null","null",999,FALSE,FALSE,FALSE,"null","null","null","null","null",270.03,28807,69.3120313801722,19,"Exudate vs Soil","Exudate","Not selected",3,0,3,3,TRUE,FALSE,TRUE,TRUE,"Leaf + Exudate","Early RT","No MS/MS assignment","Unknown","Tier 5: low priority"
"F121_mz79.0214_rt0.93",-0.701192037396549,23.1744960782447,-2.38725875370707,0.0632340964570555,0.263045467140934,-4.17305743083127,121,0.928,79.02144,"Unknown","[M+H]+",NA,0.143,TRUE,"null","null","null","null",999,FALSE,FALSE,FALSE,"null","null","null","null","null",3649.46,22151213,14.5980059151611,24,"Exudate vs Soil","Soil","Not selected",3,3,3,3,TRUE,TRUE,TRUE,TRUE,"Leaf + Root + Exudate","Early RT","MS/MS available","Unknown","Tier 5: low priority"
"F2990_mz292.9424_rt0.47",-0.524577632405107,16.5806441528197,-2.38911059112316,0.0630903209475662,0.263045467140934,-4.1707430547802,2990,0.473,292.94244,"Unknown","[M+H]+",NA,0.107,FALSE,"null","null","null","null",999,FALSE,FALSE,FALSE,"null","null","null","null","null",1819.39,0,151853,17,"Exudate vs Soil","Soil","Not selected",3,0,3,3,TRUE,FALSE,TRUE,TRUE,"Leaf + Exudate","Very early RT","No MS/MS assignment","Unknown","Tier 5: low priority"
"F1080_mz154.9419_rt0.44",0.498357337858629,18.5037165269905,2.39272041105635,0.0628110746133028,0.263045467140934,-4.1662323179556,1080,0.445,154.94191,"Unknown","[M+H]+","ion correlated with 1326; ion correlated with 1411",0.214,FALSE,"null","null","null","null",999,FALSE,FALSE,FALSE,"null","null","null","null","null",61.98,0,435745,19,"Exudate vs Soil","Exudate","Not selected",3,1,3,3,TRUE,FALSE,TRUE,TRUE,"Leaf + Exudate","Very early RT","No MS/MS assignment","Unknown","Tier 5: low priority"
"F228_mz90.9768_rt0.42",-0.498325647787308,19.2473422963397,-2.38751341018573,0.0632143040379457,0.263045467140934,-4.17273915335112,228,0.416,90.97684,"Unknown","[M+H]+","ion correlated with 2310; found in higher mz's MsMs_2310; similar chromatogram in higher mz_615; similar chromatogram in higher mz_648; similar chromatogram in higher mz_1057; similar chromatogram in higher mz_1828; similar chromatogram in higher mz_2148; similar chromatogram in higher mz_2334; similar chromatogram in higher mz_2440; similar chromatogram in higher mz_2516; similar chromatogram in higher mz_2547; similar chromatogram in higher mz_2735; similar chromatogram in higher mz_2764; similar chromatogram in higher mz_2965; similar chromatogram in higher mz_3232; similar chromatogram in higher mz_3417; similar chromatogram in higher mz_3462; similar chromatogram in higher mz_3573; similar chromatogram in higher mz_3589; similar chromatogram in higher mz_3691; similar chromatogram in higher mz_3740; similar chromatogram in higher mz_3960; similar chromatogram in higher mz_4096; similar chromatogram in higher mz_4203; similar chromatogram in higher mz_4287; similar chromatogram in higher mz_4298; similar chromatogram in higher mz_4367; similar chromatogram in higher mz_4405; similar chromatogram in higher mz_4482; similar chromatogram in higher mz_4548; similar chromatogram in higher mz_4601; similar chromatogram in higher mz_4645; similar chromatogram in higher mz_4697; similar chromatogram in higher mz_4737; similar chromatogram in higher mz_4769; similar chromatogram in higher mz_4835; similar chromatogram in higher mz_4886; similar chromatogram in higher mz_1761; similar chromatogram in higher mz_408; similar chromatogram in higher mz_2844; similar chromatogram in higher mz_4046; similar chromatogram in higher mz_2395; similar chromatogram in higher mz_3507; similar chromatogram in higher mz_1275; similar chromatogram in higher mz_4340; similar chromatogram in higher mz_4622; similar chromatogram in higher mz_3231; similar chromatogram in higher mz_4248; similar chromatogram in higher mz_2393",0.679,TRUE,"null","null","null","null",999,FALSE,FALSE,FALSE,"null","null","null","null","null",131.83,59068.3333333333,62.0118053361022,22,"Exudate vs Soil","Soil","Not selected",1,3,3,3,FALSE,TRUE,TRUE,TRUE,"Root + Exudate","Very early RT","MS/MS available","Unknown","Tier 5: low priority"
"F2423_mz251.18_rt1.36",0.30317433952224,17.8924875347533,2.39264300730116,0.0628170482862679,0.263045467140934,-4.16632902966008,2423,1.358,251.17998,"Unknown","[M+H]+","ion correlated with 3080; ion correlated with 2648; ion correlated with 2910; ion correlated with 3611",0.107,TRUE,"null","null","null","null",999,FALSE,FALSE,FALSE,"null","null","null","null","null",61.59,357025.666666667,6.70779306867834,24,"Exudate vs Soil","Exudate","Not selected",3,3,3,3,TRUE,TRUE,TRUE,TRUE,"Leaf + Root + Exudate","RT >= 1 min","MS/MS available","Unknown","Tier 5: low priority"
"F1824_mz206.1026_rt0.45",-0.960796863586887,14.6715845455897,-2.3649728736006,0.0649924827261028,0.267730295839993,-4.20092877726928,1824,0.448,206.10257,"Unknown","[M+H]+",NA,0.25,FALSE,"null","null","null","null",999,FALSE,FALSE,FALSE,"null","null","null","null","null",79.36,27237,17.6487260444967,22,"Exudate vs Soil","Soil","Not selected",3,1,3,3,TRUE,FALSE,TRUE,TRUE,"Leaf + Exudate","Very early RT","No MS/MS assignment","Unknown","Tier 5: low priority"
"F4526_mz472.8161_rt0.41",0.92322404804435,16.6469245896923,2.36366283141723,0.0650974817446448,0.267730295839993,-4.20256821974044,4526,0.413,472.81613,"Unknown","[M+H]+",NA,0.571,FALSE,"null","null","null","null",999,FALSE,FALSE,FALSE,"null","null","null","null","null",1141.45,0,168245,24,"Exudate vs Soil","Exudate","Not selected",3,3,3,3,TRUE,TRUE,TRUE,TRUE,"Leaf + Root + Exudate","Very early RT","No MS/MS assignment","Unknown","Tier 5: low priority"
"F1496_mz183.0921_rt1.08",-0.492258243716409,15.7515653184991,-2.35383754535868,0.0658908467185582,0.270191460212786,-4.21486764382109,1496,1.081,183.0921,"Unknown","[M+H]+",NA,0.429,TRUE,"null","null","null","null",999,FALSE,FALSE,FALSE,"null","null","null","null","null",171.92,54469.6666666667,73.945285535946,24,"Exudate vs Soil","Soil","Not selected",3,3,3,3,TRUE,TRUE,TRUE,TRUE,"Leaf + Root + Exudate","RT >= 1 min","MS/MS available","Unknown","Tier 5: low priority"
"F1554_mz188.0709_rt1.01",0.354840463778657,15.4122515326435,2.34023104198406,0.0670068474370982,0.273957199256101,-4.23191077176785,1554,1.006,188.07086,"Unknown","[M+H]+","ion correlated with 2155; ion correlated with 1810; similar chromatogram in higher mz_4802; similar chromatogram in higher mz_4029; similar chromatogram in higher mz_3460; similar chromatogram in higher mz_4729",0.571,TRUE,"null","null","null","null",999,FALSE,FALSE,FALSE,"null","null","null","null","null",6184.02,37676.3333333333,1332.12668093991,24,"Exudate vs Soil","Exudate","Not selected",3,3,3,3,TRUE,TRUE,TRUE,TRUE,"Leaf + Root + Exudate","RT >= 1 min","MS/MS available","Unknown","Tier 5: low priority"
"F1179_mz162.9737_rt0.62",-0.938262430791879,17.0092819475976,-2.33550446173724,0.0673992856370788,0.274751205567621,-4.23783386994994,1179,0.622,162.97372,"Unknown","[M+H]+",NA,0.321,FALSE,"null","null","null","null",999,FALSE,FALSE,FALSE,"null","null","null","null","null",21.74,43223.6666666667,8.07902123787344,24,"Exudate vs Soil","Soil","Not selected",3,3,3,3,TRUE,TRUE,TRUE,TRUE,"Leaf + Root + Exudate","Early RT","No MS/MS assignment","Unknown","Tier 5: low priority"
"F1124_mz158.1178_rt0.94",-0.797681618348857,12.9937365437069,-2.32617000815402,0.0681816154392996,0.275710047261818,-4.2495352840844,1124,0.935,158.1178,"Unknown","[M+H]+","similar chromatogram in higher mz_1348; similar chromatogram in higher mz_1797",0.107,FALSE,"null","null","null","null",999,FALSE,FALSE,FALSE,"null","null","null","null","null",6.27,8009,20.0903870162297,19,"Exudate vs Soil","Soil","Not selected",1,2,3,3,FALSE,TRUE,TRUE,TRUE,"Root + Exudate","Early RT","No MS/MS assignment","Unknown","Tier 5: low priority"
"F117_mz79.0214_rt2.48",-0.759286693572503,18.5410176418234,-2.32592027215592,0.0682026802190863,0.275710047261818,-4.24984841743467,117,2.476,79.0214,"Unknown","[M+H]+",NA,0.036,TRUE,"null","null","null","null",999,FALSE,FALSE,FALSE,"null","null","null","null","null",44.35,1603353.66666667,5.72455376893114,24,"Exudate vs Soil","Soil","Not selected",3,3,3,3,TRUE,TRUE,TRUE,TRUE,"Leaf + Root + Exudate","RT >= 1 min","MS/MS available","Unknown","Tier 5: low priority"
"F3735_mz355.2847_rt5.57",0.684288826066071,12.9359985332494,2.31603694729983,0.0690419837363286,0.277368665097251,-4.26224360106751,3735,5.566,355.28467,"Unknown","[M+H]+","ion correlated with 4502",0.107,FALSE,"null","null","null","null",999,FALSE,FALSE,FALSE,"null","null","null","null","null",36.25,9364.33333333333,28.5209282460137,24,"Exudate vs Soil","Exudate","Not selected",3,3,3,3,TRUE,TRUE,TRUE,TRUE,"Leaf + Root + Exudate","RT >= 1 min","No MS/MS assignment","Unknown","Tier 5: low priority"
"F1460_mz181.1225_rt1.75",0.379680578446774,14.4509121085934,2.31609805138758,0.0690367606137217,0.277368665097251,-4.2621669501421,1460,1.754,181.12251,"Unknown","[M+H]+",NA,0.179,TRUE,"null","null","null","null",999,FALSE,FALSE,FALSE,"null","null","null","null","null",12.31,23672.6666666667,39.5983019107025,24,"Exudate vs Soil","Exudate","Not selected",3,3,3,3,TRUE,TRUE,TRUE,TRUE,"Leaf + Root + Exudate","RT >= 1 min","MS/MS available","Unknown","Tier 5: low priority"
"F632_mz124.0395_rt0.55",0.267550248012182,17.6685979128615,2.3077210162741,0.0697568117276379,0.279430465475451,-4.27267731363741,632,0.549,124.03947,"Unknown","[M+H]+","ion correlated with 4903; ion correlated with 991",0.25,FALSE,"null","null","null","null",999,FALSE,FALSE,FALSE,"null","null","null","null","null",51.35,156541.333333333,11.836446797139,22,"Exudate vs Soil","Exudate","Not selected",2,2,3,3,TRUE,TRUE,TRUE,TRUE,"Leaf + Root + Exudate","Early RT","No MS/MS assignment","Unknown","Tier 5: low priority"
"F94_mz76.5154_rt0.4",-0.895561435241513,17.1705600373734,-2.30011486769064,0.0704176136591671,0.281264589428258,-4.28222378663657,94,0.399,76.51539,"Unknown","[M+H]2+","found in higher mz's MsMs_108; found in higher mz's MsMs_222; found in higher mz's MsMs_195; found in higher mz's MsMs_142; found in higher mz's MsMs_306; found in higher mz's MsMs_329; adduct linked to 1061_[M+H]+; found in higher mz's MsMs_615",0.214,FALSE,"null","null","null","null",999,FALSE,FALSE,FALSE,"null","null","null","null","null",220.44,668,506.807174887892,24,"Exudate vs Soil","Soil","Not selected",3,3,3,3,TRUE,TRUE,TRUE,TRUE,"Leaf + Root + Exudate","Very early RT","No MS/MS assignment","Unknown","Tier 5: low priority"
"F120_mz79.0214_rt2.97",-0.649903988747688,18.2569701287547,-2.29766280526292,0.0706320768430806,0.281310512943993,-4.28530202290767,120,2.971,79.02142,"Unknown","[M+H]+",NA,0.036,TRUE,"null","null","null","null",999,FALSE,FALSE,FALSE,"null","null","null","null","null",21.93,1132114.66666667,5.42298740381946,24,"Exudate vs Soil","Soil","Not selected",3,3,3,3,TRUE,TRUE,TRUE,TRUE,"Leaf + Root + Exudate","RT >= 1 min","MS/MS available","Unknown","Tier 5: low priority"
"F669_mz126.0551_rt0.49",0.273167158872944,16.9121163578889,2.29054575004449,0.0712585433014722,0.282992381134213,-4.29423829248605,669,0.488,126.05509,"Unknown","[M+H]+","similar chromatogram in higher mz_2630; similar chromatogram in higher mz_2960; similar chromatogram in higher mz_2050; similar chromatogram in higher mz_2885",0.429,TRUE,"null","null","null","null",999,FALSE,FALSE,FALSE,"null","null","null","null","null",289.11,121919.333333333,66.0222686399042,22,"Exudate vs Soil","Exudate","Not selected",1,3,3,3,FALSE,TRUE,TRUE,TRUE,"Root + Exudate","Very early RT","MS/MS available","Unknown","Tier 5: low priority"
"F3013_mz294.1555_rt1.04",0.316611733687501,14.7816834562576,2.28712695711055,0.0715616003306669,0.283383937309441,-4.29853188600639,3013,1.045,294.15549,"Unknown","[M+H]+","ion correlated with 1436",0.071,TRUE,"null","null","null","null",999,FALSE,FALSE,FALSE,"null","null","null","null","null",100.16,38101.6666666667,50.7278930608531,24,"Exudate vs Soil","Exudate","Not selected",3,3,3,3,TRUE,TRUE,TRUE,TRUE,"Leaf + Root + Exudate","RT >= 1 min","MS/MS available","Unknown","Tier 5: low priority"
"F1462_mz181.1225_rt7.32",0.925409701853227,10.9321954458972,2.26470505116964,0.0735838491781399,0.287287929467329,-4.32670498783532,1462,7.325,181.12253,"Unknown","[M+H]+","ion correlated with 4851; found in higher mz's MsMs_4854; found in higher mz's MsMs_4851",0.107,TRUE,"null","null","null","null",999,FALSE,FALSE,FALSE,"null","null","null","null","null",3.86,2246.33333333333,118.77588252744,23,"Exudate vs Soil","Exudate","Not selected",3,3,3,3,TRUE,TRUE,TRUE,TRUE,"Leaf + Root + Exudate","RT >= 1 min","MS/MS available","Unknown","Tier 5: low priority"
"F4140_mz402.9017_rt0.41",-0.498453364128977,15.815894829955,-2.27326072484913,0.0728050520633296,0.287287929467329,-4.31595203536544,4140,0.408,402.90167,"Unknown","[M+H]+",NA,0.036,FALSE,"null","null","null","null",999,FALSE,FALSE,FALSE,"null","null","null","null","null",2127.32,0,106367,23,"Exudate vs Soil","Soil","Not selected",2,3,3,3,TRUE,TRUE,TRUE,TRUE,"Leaf + Root + Exudate","Very early RT","No MS/MS assignment","Unknown","Tier 5: low priority"
"F1079_mz154.1229_rt0.59",0.342974853730942,16.1718298844282,2.26662055448981,0.073408712581063,0.287287929467329,-4.3242972578053,1079,0.59,154.12289,"Unknown","[M+H]+",NA,0.036,FALSE,"null","null","null","null",999,FALSE,FALSE,FALSE,"null","null","null","null","null",29.38,91015.3333333333,754.668513709993,21,"Exudate vs Soil","Exudate","Not selected",3,3,3,3,TRUE,TRUE,TRUE,TRUE,"Leaf + Root + Exudate","Early RT","No MS/MS assignment","Unknown","Tier 5: low priority"
"F676_mz127.0391_rt0.47",0.251647916982503,19.0464153346869,2.2577533211286,0.0742232314342197,0.288970221257945,-4.33544444313561,676,0.473,127.03914,"Unknown","[M+H]+","found in higher mz's MsMs_1438; found in higher mz's MsMs_3782",0.643,TRUE,"null","null","null","null",999,FALSE,FALSE,FALSE,"null","null","null","null","null",432.2,781006.666666667,6.45575096787355,24,"Exudate vs Soil","Exudate","Not selected",3,3,3,3,TRUE,TRUE,TRUE,TRUE,"Leaf + Root + Exudate","Very early RT","MS/MS available","Unknown","Tier 5: low priority"
"F786_mz134.1178_rt0.54",-0.903578181837017,17.8287076056339,-2.25217616957691,0.0747404976668278,0.290168990941802,-4.34245730572957,786,0.545,134.11778,"Unknown","[M+H]+","ion correlated with 3866; ion correlated with 50",0.179,FALSE,"null","null","null","null",999,FALSE,FALSE,FALSE,"null","null","null","null","null",67.84,23440,15.8841346358944,12,"Exudate vs Soil","Soil","Not selected",0,0,3,3,FALSE,FALSE,TRUE,TRUE,"Exudate only","Early RT","No MS/MS assignment","Unknown","Tier 5: low priority"
"F1402_mz177.0547_rt1.23",-0.629394245436711,11.1080158493064,-2.24787533150974,0.0751420295367169,0.290912997033211,-4.34786616382235,1402,1.227,177.05466,"Unknown","[M+H]+","ion correlated with 4341; ion correlated with 4388; ion correlated with 4166; ion correlated with 4952; ion correlated with 4960; ion correlated with 3635; ion correlated with 1381; ion correlated with 1635; ion correlated with 3816; ion correlated with 4062; ion correlated with 4516; ion correlated with 3846; ion correlated with 2872; ion correlated with 3642; ion correlated with 4381; ion correlated with 4942; ion correlated with 2624; ion correlated with 4954; ion correlated with 3886; ion correlated with 3934; ion correlated with 3495; ion correlated with 4031; ion correlated with 3321; found in higher mz's MsMs_4909; similar chromatogram in higher mz_4954; found in higher mz's MsMs_4954; similar chromatogram in higher mz_4942; similar chromatogram in higher mz_3563; similar chromatogram in higher mz_3642; similar chromatogram in higher mz_4265; similar chromatogram in higher mz_4381; similar chromatogram in higher mz_4402; similar chromatogram in higher mz_4636; similar chromatogram in higher mz_4825",0.071,FALSE,"null","null","null","null",999,FALSE,FALSE,FALSE,"null","null","null","null","null",31.34,3404.66666666667,105.350004893804,24,"Exudate vs Soil","Soil","Not selected",3,3,3,3,TRUE,TRUE,TRUE,TRUE,"Leaf + Root + Exudate","RT >= 1 min","No MS/MS assignment","Unknown","Tier 5: low priority"
"F1298_mz170.0813_rt0.75",0.807079108997592,12.7385381725854,2.24324767598048,0.0755766581552176,0.290974804991221,-4.35368685436344,1298,0.75,170.0813,"Unknown","[M+H]+","similar chromatogram in higher mz_2446; similar chromatogram in higher mz_4568",0.536,TRUE,"null","null","null","null",999,FALSE,FALSE,FALSE,"null","null","null","null","null",405.48,14144.6666666667,282.545184626623,24,"Exudate vs Soil","Exudate","Not selected",3,3,3,3,TRUE,TRUE,TRUE,TRUE,"Leaf + Root + Exudate","Early RT","MS/MS available","Unknown","Tier 5: low priority"
"F2120_mz227.1282_rt1.18",0.387674429107934,14.6091765337603,2.24100974752579,0.075787809958031,0.290974804991221,-4.35650202960305,2120,1.178,227.12816,"Unknown","[M+H]+","ion correlated with 2619; ion correlated with 1003; ion correlated with 2021",0.036,FALSE,"null","null","null","null",999,FALSE,FALSE,FALSE,"null","null","null","null","null",108.27,20288.6666666667,23.348584665429,24,"Exudate vs Soil","Exudate","Not selected",3,3,3,3,TRUE,TRUE,TRUE,TRUE,"Leaf + Root + Exudate","RT >= 1 min","No MS/MS assignment","Unknown","Tier 5: low priority"
"F1062_mz153.0408_rt0.75",-0.749860870950549,14.8657820353777,-2.22991660823382,0.0768438357930227,0.293403736664268,-4.37045924952054,1062,0.749,153.04083,"Unknown","[M+H]+","similar chromatogram in higher mz_3448",0.429,TRUE,"null","null","null","null",999,FALSE,FALSE,FALSE,"null","null","null","null","null",157.68,14715,459.11518075564,19,"Exudate vs Soil","Soil","Not selected",1,0,3,3,FALSE,FALSE,TRUE,TRUE,"Exudate only","Early RT","MS/MS available","Unknown","Tier 5: low priority"
"F1869_mz209.1538_rt1.06",0.665403499488898,12.9073328696726,2.23204138245767,0.0766403514463404,0.293403736664268,-4.36778554723762,1869,1.056,209.15376,"Unknown","[M+H]+",NA,0.143,FALSE,"null","null","null","null",999,FALSE,FALSE,FALSE,"null","null","null","null","null",51.26,15082.6666666667,34.0588937261055,19,"Exudate vs Soil","Exudate","Not selected",3,3,3,3,TRUE,TRUE,TRUE,TRUE,"Leaf + Root + Exudate","RT >= 1 min","No MS/MS assignment","Unknown","Tier 5: low priority"
"F3335_mz318.1819_rt1.09",0.870528831438047,12.3012485297702,2.21929500956285,0.0778697468767941,0.294883795549827,-4.38382721225768,3335,1.091,318.18188,"Unknown","[M+H]+","ion correlated with 4022; ion correlated with 3786; ion correlated with 3587; ion correlated with 3129; ion correlated with 3160; ion correlated with 2526; ion correlated with 2908; ion correlated with 2633; ion correlated with 3603; ion correlated with 3569; ion correlated with 2190; ion correlated with 2499; ion correlated with 807",0.286,TRUE,"null","null","null","null",999,FALSE,FALSE,FALSE,"null","null","null","null","null",3338.87,2879.33333333333,317.937507232959,24,"Exudate vs Soil","Exudate","Not selected",3,3,3,3,TRUE,TRUE,TRUE,TRUE,"Leaf + Root + Exudate","RT >= 1 min","MS/MS available","Unknown","Tier 5: low priority"
"F1053_mz152.1072_rt0.9",0.681062432226081,13.9180364601116,2.22341615833658,0.0774699669191524,0.294883795549827,-4.37864003538332,1053,0.899,152.10725,"Unknown","[M+H]+","ion correlated with 1377; ion correlated with 2835; ion correlated with 391",0.5,FALSE,"null","null","null","null",999,FALSE,FALSE,FALSE,"null","null","null","null","null",356.76,12159.6666666667,179.232690093745,23,"Exudate vs Soil","Exudate","Not selected",3,2,3,3,TRUE,TRUE,TRUE,TRUE,"Leaf + Root + Exudate","Early RT","No MS/MS assignment","Unknown","Tier 5: low priority"
"F518_mz116.0708_rt0.73",0.265930419618284,16.5722623640206,2.21021784080233,0.0787580976614265,0.297435213511545,-4.39525428885315,518,0.733,116.07078,"Unknown","[M+H]+","ion correlated with 2363; ion correlated with 817; ion correlated with 2371; ion correlated with 2730",0.036,TRUE,"null","null","null","null",999,FALSE,FALSE,FALSE,"null","null","null","null","null",96.91,136756.333333333,38.164234946572,24,"Exudate vs Soil","Exudate","Not selected",3,3,3,3,TRUE,TRUE,TRUE,TRUE,"Leaf + Root + Exudate","Early RT","MS/MS available","Unknown","Tier 5: low priority"
"F1159_mz161.0296_rt0.39",-0.436295916258301,18.5170551587349,-2.19967433122399,0.0798035703517447,0.300564533987821,-4.40853036155935,1159,0.39,161.02963,"Unknown","[M+H]+",NA,0.786,FALSE,"null","null","null","null",999,FALSE,FALSE,FALSE,"null","null","null","null","null",134.82,12193.6666666667,75.1731904657774,24,"Exudate vs Soil","Soil","Not selected",3,3,3,3,TRUE,TRUE,TRUE,TRUE,"Leaf + Root + Exudate","Very early RT","No MS/MS assignment","Unknown","Tier 5: low priority"
"F3052_mz297.2428_rt2.49",0.388203787750255,13.4857817085724,2.19425956375539,0.0803462386588552,0.30178831106009,-4.41534964929383,3052,2.493,297.24277,"Unknown","[M+H]+",NA,0.179,FALSE,"null","null","null","null",999,FALSE,FALSE,FALSE,"null","null","null","null","null",25.11,10529.6666666667,19.9091858698405,24,"Exudate vs Soil","Exudate","Not selected",3,3,3,3,TRUE,TRUE,TRUE,TRUE,"Leaf + Root + Exudate","RT >= 1 min","No MS/MS assignment","Unknown","Tier 5: low priority"
"F2144_mz228.2327_rt4.53",0.485282773342236,14.0457952826371,2.18834357195866,0.0809436446052581,0.302393238336625,-4.42280101556149,2144,4.526,228.23265,"Unknown","[M+H]+",NA,0.286,TRUE,"null","null","null","null",999,FALSE,FALSE,FALSE,"null","null","null","null","null",46.64,20057,33.1226941868581,24,"Exudate vs Soil","Exudate","Not selected",3,3,3,3,TRUE,TRUE,TRUE,TRUE,"Leaf + Root + Exudate","RT >= 1 min","MS/MS available","Unknown","Tier 5: low priority"
"F1809_mz205.0823_rt0.47",0.450161966965025,15.7767897330214,2.1900283344151,0.0807730335747198,0.302393238336625,-4.42067892105628,1809,0.467,205.08235,"Unknown","[M+H]+","ion correlated with 1270; ion correlated with 2326; ion correlated with 1344",0.179,FALSE,"null","null","null","null",999,FALSE,FALSE,FALSE,"null","null","null","null","null",83.11,4967.66666666667,161.568093385214,19,"Exudate vs Soil","Exudate","Not selected",0,1,3,3,FALSE,FALSE,TRUE,TRUE,"Exudate only","Very early RT","No MS/MS assignment","Unknown","Tier 5: low priority"
"F626_mz123.1169_rt1.05",0.617523178984014,14.4876845130572,2.18112666791133,0.0816788408324613,0.30269217484971,-4.43189202940835,626,1.054,123.11687,"Unknown","[M+H]+",NA,0.036,FALSE,"null","null","null","null",999,FALSE,FALSE,FALSE,"null","null","null","null","null",4.55,22725.6666666667,5.21924317981813,22,"Exudate vs Soil","Exudate","Not selected",3,3,3,3,TRUE,TRUE,TRUE,TRUE,"Leaf + Root + Exudate","RT >= 1 min","No MS/MS assignment","Unknown","Tier 5: low priority"
"F519_mz116.0708_rt0.48",0.625716752966044,17.2234728090658,2.1666729361688,0.0831727475978183,0.305050644207163,-4.4501024164195,519,0.481,116.07079,"Unknown","[M+H]+","found in higher mz's MsMs_2176",0.643,TRUE,"null","null","null","null",999,FALSE,FALSE,FALSE,"null","null","null","null","null",2474.98,142517.666666667,1617.08894975161,24,"Exudate vs Soil","Exudate","Not selected",3,3,3,3,TRUE,TRUE,TRUE,TRUE,"Leaf + Root + Exudate","Very early RT","MS/MS available","Unknown","Tier 5: low priority"
"F1366_mz174.8962_rt0.44",-0.463815107965705,18.4105130065824,-2.16641274202639,0.0831999058682947,0.305050644207163,-4.45043027324263,1366,0.442,174.89624,"Unknown","[M+H]+","ion correlated with 1828; similar chromatogram in higher mz_1711; similar chromatogram in higher mz_2756; similar chromatogram in higher mz_4602",0.536,FALSE,"null","null","null","null",999,FALSE,FALSE,FALSE,"null","null","null","null","null",260.2,0,2908737,24,"Exudate vs Soil","Soil","Not selected",3,3,3,3,TRUE,TRUE,TRUE,TRUE,"Leaf + Root + Exudate","Very early RT","No MS/MS assignment","Unknown","Tier 5: low priority"
"F1870_mz209.1539_rt1.17",0.438419611426511,14.3504422998366,2.16653149347912,0.0831875097832454,0.305050644207163,-4.45028064069682,1870,1.167,209.15385,"Unknown","[M+H]+","ion correlated with 3680; ion correlated with 1764; ion correlated with 3971; ion correlated with 4724; ion correlated with 4684; ion correlated with 4647; ion correlated with 4639; ion correlated with 4709; ion correlated with 3143; ion correlated with 4250; ion correlated with 1598; ion correlated with 798; ion correlated with 4952; ion correlated with 4960; ion correlated with 4792; ion correlated with 4062; ion correlated with 4100; ion correlated with 4871",0.107,FALSE,"null","null","null","null",999,FALSE,FALSE,FALSE,"null","null","null","null","null",55.1,31347,24.7126451448258,24,"Exudate vs Soil","Exudate","Not selected",3,3,3,3,TRUE,TRUE,TRUE,TRUE,"Leaf + Root + Exudate","RT >= 1 min","No MS/MS assignment","Unknown","Tier 5: low priority"
"F1867_mz209.1288_rt0.93",0.276010786173399,15.2106825205729,2.16434826543257,0.083415724498207,0.305050644207163,-4.45303165169161,1867,0.934,209.1288,"Unknown","[M+H]+","ion correlated with 2034; ion correlated with 2243; ion correlated with 824; ion correlated with 1911; ion correlated with 1348; ion correlated with 2082; ion correlated with 2139",0.429,FALSE,"null","null","null","null",999,FALSE,FALSE,FALSE,"null","null","null","null","null",118.53,19632,54.6347985534559,23,"Exudate vs Soil","Exudate","Not selected",2,3,3,3,TRUE,TRUE,TRUE,TRUE,"Leaf + Root + Exudate","Early RT","No MS/MS assignment","Unknown","Tier 5: low priority"
"F2735_mz274.8739_rt0.42",0.82154417997727,18.7634257034562,2.15464947172598,0.0844376310671565,0.307975149102839,-4.4652536907916,2735,0.417,274.87387,"Unknown","[M+H]+",NA,0.857,TRUE,"null","null","null","null",999,FALSE,FALSE,FALSE,"null","null","null","null","null",5650.38,0,2075143,24,"Exudate vs Soil","Exudate","Not selected",3,3,3,3,TRUE,TRUE,TRUE,TRUE,"Leaf + Root + Exudate","Very early RT","MS/MS available","Unknown","Tier 5: low priority"
"F346_mz102.9992_rt0.51",-0.495826632337091,13.9350124886293,-2.13725528122796,0.0863038426912567,0.313133837618015,-4.48717625869778,346,0.511,102.99917,"Unknown","[M+H]+",NA,0.286,FALSE,"null","null","null","null",999,FALSE,FALSE,FALSE,"null","null","null","null","null",264,8471,69.8258970727101,23,"Exudate vs Soil","Soil","Not selected",2,3,3,3,TRUE,TRUE,TRUE,TRUE,"Leaf + Root + Exudate","Early RT","No MS/MS assignment","Unknown","Tier 5: low priority"
"F4827_mz588.8113_rt0.39",-0.830393880365069,16.2848150402174,-2.11684804287833,0.0885492925923589,0.315499536074574,-4.51289952875923,4827,0.393,588.81134,"Unknown","[M+H]+","ion correlated with 2736",0.071,FALSE,"null","null","null","null",999,FALSE,FALSE,FALSE,"null","null","null","null","null",2971.3,0,155650,8,"Exudate vs Soil","Soil","Not selected",0,0,3,3,FALSE,FALSE,TRUE,TRUE,"Exudate only","Very early RT","No MS/MS assignment","Unknown","Tier 5: low priority"
"F1566_mz189.0526_rt0.41",0.653925210509596,16.8611357210616,2.11691009655905,0.0885423715746789,0.315499536074574,-4.51282130735537,1566,0.412,189.05261,"Unknown","[M+H]+",NA,0.321,FALSE,"null","null","null","null",999,FALSE,FALSE,FALSE,"null","null","null","null","null",30.05,7721.33333333333,26.683515345103,24,"Exudate vs Soil","Exudate","Not selected",3,3,3,3,TRUE,TRUE,TRUE,TRUE,"Leaf + Root + Exudate","Very early RT","No MS/MS assignment","Unknown","Tier 5: low priority"
"F2130_mz227.1757_rt1.28",0.59782345267042,11.0473080200925,2.12467711940923,0.0876806042623881,0.315499536074574,-4.50303073306717,2130,1.279,227.17575,"Unknown","[M+H]+",NA,0.036,TRUE,"null","null","null","null",999,FALSE,FALSE,FALSE,"null","null","null","null","null",43.59,588,453.174872665535,21,"Exudate vs Soil","Exudate","Not selected",2,1,3,3,TRUE,FALSE,TRUE,TRUE,"Leaf + Exudate","RT >= 1 min","MS/MS available","Unknown","Tier 5: low priority"
"F1440_mz180.0868_rt0.56",-0.509076785448755,16.475617593444,-2.11879794537552,0.0883320883309062,0.315499536074574,-4.5104415955829,1440,0.565,180.08685,"Unknown","[M+H]+","ion correlated with 1185; ion correlated with 1699",0.393,TRUE,"null","null","null","null",999,FALSE,FALSE,FALSE,"null","null","null","null","null",187.63,88954,38.3981001630038,24,"Exudate vs Soil","Soil","Not selected",3,3,3,3,TRUE,TRUE,TRUE,TRUE,"Leaf + Root + Exudate","Early RT","MS/MS available","Unknown","Tier 5: low priority"
"F3274_mz315.0846_rt1.2",-0.359731102200179,15.9828338075678,-2.12309815164364,0.0878550713087404,0.315499536074574,-4.50502105179512,3274,1.195,315.08456,"Unknown","[M+H]+","similar chromatogram in higher mz_4673; similar chromatogram in higher mz_4726; similar chromatogram in higher mz_4656; similar chromatogram in higher mz_4062; similar chromatogram in higher mz_4490; similar chromatogram in higher mz_4593; similar chromatogram in higher mz_4789; similar chromatogram in higher mz_4792; similar chromatogram in higher mz_4806; similar chromatogram in higher mz_4895; similar chromatogram in higher mz_4937",0.536,FALSE,"null","null","null","null",999,FALSE,FALSE,FALSE,"null","null","null","null","null",64.18,48160.6666666667,7.57315984358238,24,"Exudate vs Soil","Soil","Not selected",3,3,3,3,TRUE,TRUE,TRUE,TRUE,"Leaf + Root + Exudate","RT >= 1 min","No MS/MS assignment","Unknown","Tier 5: low priority"
"F584_mz120.081_rt1.11",0.32643049430193,14.5478141976016,2.12482849483869,0.0876638974369166,0.315499536074574,-4.50283992209984,584,1.108,120.08097,"Unknown","[M+H]+","ion correlated with 183; ion correlated with 2806; found in higher mz's MsMs_1233; found in higher mz's MsMs_2775",0.179,TRUE,"null","null","null","null",999,FALSE,FALSE,FALSE,"null","null","null","null","null",398.2,22686.6666666667,179.522383673949,24,"Exudate vs Soil","Exudate","Not selected",3,3,3,3,TRUE,TRUE,TRUE,TRUE,"Leaf + Root + Exudate","RT >= 1 min","MS/MS available","Unknown","Tier 5: low priority"
"F628_mz123.117_rt2.08",0.431016590175939,13.7959328182992,2.10548896885993,0.0898259046238735,0.317839395557052,-4.52721823015642,628,2.077,123.11702,"Unknown","[M+H]+","ion correlated with 2751; ion correlated with 378; ion correlated with 742; ion correlated with 957; ion correlated with 1018; ion correlated with 1629; ion correlated with 1658; ion correlated with 420; ion correlated with 995; ion correlated with 1570; ion correlated with 1694; ion correlated with 1719; ion correlated with 2318; ion correlated with 2447; ion correlated with 2950; ion correlated with 4946; ion correlated with 596; ion correlated with 1191; ion correlated with 2394; ion correlated with 56; ion correlated with 1140; ion correlated with 1258; ion correlated with 1468; ion correlated with 2582; ion correlated with 3907; ion correlated with 3941; ion correlated with 5039; ion correlated with 4118; ion correlated with 3777; ion correlated with 3979; found in higher mz's MsMs_5012",0.107,FALSE,"null","null","null","null",999,FALSE,FALSE,FALSE,"null","null","null","null","null",13.56,11751.3333333333,34.7976004765011,24,"Exudate vs Soil","Exudate","Not selected",3,3,3,3,TRUE,TRUE,TRUE,TRUE,"Leaf + Root + Exudate","RT >= 1 min","No MS/MS assignment","Unknown","Tier 5: low priority"
"F1681_mz196.1337_rt1.08",0.414440150430524,14.0787326645146,2.10789835050567,0.089553502340123,0.317839395557052,-4.52418107530979,1681,1.083,196.13374,"Unknown","[M+H]+","ion correlated with 3362; ion correlated with 3431; ion correlated with 1749; ion correlated with 1636; similar chromatogram in higher mz_4361",0.179,FALSE,"null","null","null","null",999,FALSE,FALSE,FALSE,"null","null","null","null","null",27.24,10657.6666666667,19.3223042281711,24,"Exudate vs Soil","Exudate","Not selected",3,3,3,3,TRUE,TRUE,TRUE,TRUE,"Leaf + Root + Exudate","RT >= 1 min","No MS/MS assignment","Unknown","Tier 5: low priority"
"F547_mz118.0863_rt0.51",0.244837140751163,22.6629608047544,2.10488813816198,0.0898939704605804,0.317839395557052,-4.52797560873906,547,0.512,118.08634,"Unknown","[M+H]+","ion correlated with 552; found in higher mz's MsMs_2372",0.143,TRUE,"null","null","null","null",999,FALSE,FALSE,FALSE,"null","null","null","null","null",463.22,5041950,103.441373587328,24,"Exudate vs Soil","Exudate","Not selected",3,3,3,3,TRUE,TRUE,TRUE,TRUE,"Leaf + Root + Exudate","Early RT","MS/MS available","Unknown","Tier 5: low priority"
"F2636_mz268.1395_rt0.9",0.29777396058202,15.6560871657684,2.1028368463558,0.090126765096086,0.317851644842685,-4.53056136586659,2636,0.898,268.13947,"Unknown","[M+H]+",NA,0.071,FALSE,"null","null","null","null",999,FALSE,FALSE,FALSE,"null","null","null","null","null",37.08,43416,8.02501324366032,24,"Exudate vs Soil","Exudate","Not selected",3,3,3,3,TRUE,TRUE,TRUE,TRUE,"Leaf + Root + Exudate","Early RT","No MS/MS assignment","Unknown","Tier 5: low priority"
"F1583_mz190.1077_rt0.92",-0.954248883480908,13.1298777752651,-2.0963117906875,0.0908715234185463,0.318050331964912,-4.53878646382018,1583,0.918,190.10768,"Unknown","[M+H]+","ion correlated with 1911; ion correlated with 1287; ion correlated with 1043",0.429,TRUE,"null","null","null","null",999,FALSE,FALSE,FALSE,"null","null","null","null","null",534.85,12889.3333333333,210.142277158594,21,"Exudate vs Soil","Soil","Not selected",3,0,3,3,TRUE,FALSE,TRUE,TRUE,"Leaf + Exudate","Early RT","MS/MS available","Unknown","Tier 5: low priority"
"F2814_mz280.1395_rt0.5",0.855191856198763,13.1948228548617,2.1001570179277,0.0904318517152865,0.318050331964912,-4.53393941306268,2814,0.503,280.13953,"Unknown","[M+H]+","ion correlated with 2215; ion correlated with 2435",0.393,TRUE,"null","null","null","null",999,FALSE,FALSE,FALSE,"null","null","null","null","null",458.34,20472.3333333333,907.467909475741,19,"Exudate vs Soil","Exudate","Not selected",0,1,3,3,FALSE,FALSE,TRUE,TRUE,"Exudate only","Early RT","MS/MS available","Unknown","Tier 5: low priority"
"F1174_mz162.0764_rt0.77",0.331165364890107,15.3626598378034,2.09788587010338,0.0906912670592727,0.318050331964912,-4.53680228462542,1174,0.772,162.07639,"Unknown","[M+H]+","ion correlated with 1051; ion correlated with 1988",0.071,FALSE,"null","null","null","null",999,FALSE,FALSE,FALSE,"null","null","null","null","null",149.96,38671.6666666667,13.7448757951352,22,"Exudate vs Soil","Exudate","Not selected",3,1,3,3,TRUE,FALSE,TRUE,TRUE,"Leaf + Exudate","Early RT","No MS/MS assignment","Unknown","Tier 5: low priority"
"F734_mz130.9654_rt0.39",-0.640554828881662,19.5684398808544,-2.08240464362478,0.0924806551132016,0.322055748710798,-4.55631632143887,734,0.39,130.96538,"Unknown","[M+H]+","ion correlated with 947; ion correlated with 590",0.5,FALSE,"null","null","null","null",999,FALSE,FALSE,FALSE,"null","null","null","null","null",187.06,212996.666666667,6.16273887194382,24,"Exudate vs Soil","Soil","Not selected",3,3,3,3,TRUE,TRUE,TRUE,TRUE,"Leaf + Root + Exudate","Very early RT","No MS/MS assignment","Unknown","Tier 5: low priority"
"F3121_mz302.0275_rt0.53",-0.365104021211232,16.4555061247831,-2.07593394956706,0.0932395817083241,0.323884862776284,-4.5644720859404,3121,0.533,302.0275,"Unknown","[M+H]+",NA,0.107,FALSE,"null","null","null","null",999,FALSE,FALSE,FALSE,"null","null","null","null","null",70.71,0,204869,10,"Exudate vs Soil","Soil","Not selected",3,1,3,3,TRUE,FALSE,TRUE,TRUE,"Leaf + Exudate","Early RT","No MS/MS assignment","Unknown","Tier 5: low priority"
"F1705_mz198.1128_rt0.96",0.916829409913472,11.5790799226581,2.07366120234147,0.0935077021080056,0.324004187804239,-4.5673365929892,1705,0.957,198.11284,"Unknown","[M+H]+","found in higher mz's MsMs_4082",0.107,FALSE,"null","null","null","null",999,FALSE,FALSE,FALSE,"null","null","null","null","null",135.92,5147,80.0048562548563,22,"Exudate vs Soil","Exudate","Not selected",3,1,3,3,TRUE,FALSE,TRUE,TRUE,"Leaf + Exudate","Early RT","No MS/MS assignment","Unknown","Tier 5: low priority"
"F1940_mz215.0488_rt0.98",0.861640650602434,12.0327798397951,2.06677150908186,0.0943254732809993,0.325142183282977,-4.57601980079042,1940,0.982,215.04881,"Unknown","[M+H]+",NA,0.071,FALSE,"null","null","null","null",999,FALSE,FALSE,FALSE,"null","null","null","null","null",52.48,3475.66666666667,86.7385426653883,21,"Exudate vs Soil","Exudate","Not selected",3,0,3,3,TRUE,FALSE,TRUE,TRUE,"Leaf + Exudate","Early RT","No MS/MS assignment","Unknown","Tier 5: low priority"
"F989_mz147.0504_rt0.4",-0.50074119473974,19.7347750864736,-2.06795464223576,0.0941845069099532,0.325142183282977,-4.57452871859516,989,0.396,147.05043,"Unknown","[M+H]+","ion correlated with 1093",0.464,FALSE,"null","null","null","null",999,FALSE,FALSE,FALSE,"null","null","null","null","null",15.5,14242.3333333333,119.958506903815,24,"Exudate vs Soil","Soil","Not selected",3,3,3,3,TRUE,TRUE,TRUE,TRUE,"Leaf + Root + Exudate","Very early RT","No MS/MS assignment","Unknown","Tier 5: low priority"
"F1433_mz179.9816_rt0.44",-0.295385147858061,18.8616662771197,-2.06497540044573,0.094539898891082,0.325142183282977,-4.57828336921369,1433,0.444,179.9816,"Unknown","[M+H]+","ion correlated with 770; ion correlated with 1671; ion correlated with 1411",0.321,FALSE,"null","null","null","null",999,FALSE,FALSE,FALSE,"null","null","null","null","null",105.61,10518.3333333333,58.3358260979783,16,"Exudate vs Soil","Soil","Not selected",3,0,3,3,TRUE,FALSE,TRUE,TRUE,"Leaf + Exudate","Very early RT","No MS/MS assignment","Unknown","Tier 5: low priority"
"F1983_mz217.1049_rt7.82",0.272020408360101,14.4902499332501,2.05761339726635,0.0954241822187526,0.327371080582156,-4.58756093229865,1983,7.815,217.1049,"Unknown","[M+H]+",NA,0.071,FALSE,"null","null","null","null",999,FALSE,FALSE,FALSE,"null","null","null","null","null",20.93,23695.6666666667,9.73782529188353,24,"Exudate vs Soil","Exudate","Not selected",3,3,3,3,TRUE,TRUE,TRUE,TRUE,"Leaf + Root + Exudate","RT >= 1 min","No MS/MS assignment","Unknown","Tier 5: low priority"
"F3618_mz346.01_rt0.49",-0.304093163864247,21.3625848744545,-2.05337467669823,0.0959372621002012,0.328318630298466,-4.59290215232351,3618,0.494,346.00998,"Unknown","[M+H]+",NA,0.214,TRUE,"null","null","null","null",999,FALSE,FALSE,FALSE,"null","null","null","null","null",20359.32,0,3583379,8,"Exudate vs Soil","Soil","Not selected",0,2,3,3,FALSE,TRUE,TRUE,TRUE,"Root + Exudate","Very early RT","MS/MS available","Unknown","Tier 5: low priority"
"F64_mz72.081_rt0.39",-0.905376917407264,15.1441464062833,-2.04739017074224,0.096666611878978,0.328603309341861,-4.6004426868569,64,0.393,72.08096,"Unknown","[M+H]+","found in higher mz's MsMs_2420",0.357,TRUE,"null","null","null","null",999,FALSE,FALSE,FALSE,"null","null","null","null","null",198.43,59794.3333333333,135.058265416476,24,"Exudate vs Soil","Soil","Not selected",3,3,3,3,TRUE,TRUE,TRUE,TRUE,"Leaf + Root + Exudate","Very early RT","MS/MS available","Unknown","Tier 5: low priority"
"F1049_mz152.0568_rt0.88",0.284043859808428,18.2969769941054,2.05018530696552,0.0963252366701356,0.328603309341861,-4.59692087286168,1049,0.879,152.05684,"Unknown","[M+H]+","ion correlated with 2856; ion correlated with 1569; ion correlated with 924; found in higher mz's MsMs_2856; similar chromatogram in higher mz_4744; similar chromatogram in higher mz_4791; similar chromatogram in higher mz_4846; similar chromatogram in higher mz_4883; similar chromatogram in higher mz_4316",0.393,TRUE,"null","null","null","null",999,FALSE,FALSE,FALSE,"null","null","null","null","null",286.07,289834,22.1681370434903,24,"Exudate vs Soil","Exudate","Not selected",3,3,3,3,TRUE,TRUE,TRUE,TRUE,"Leaf + Root + Exudate","Early RT","MS/MS available","Unknown","Tier 5: low priority"
"F2381_mz247.1696_rt2.08",0.27693055510737,17.2387539192686,2.04685833396645,0.0967317101092923,0.328603309341861,-4.60111277285167,2381,2.077,247.16963,"Unknown","[M+H]+","ion correlated with 3520; ion correlated with 1751; ion correlated with 2674; ion correlated with 2950; ion correlated with 3323; ion correlated with 3503; ion correlated with 3746; ion correlated with 5004; ion correlated with 5012; ion correlated with 3703; ion correlated with 3079",0.107,TRUE,"null","null","null","null",999,FALSE,FALSE,FALSE,"null","null","null","null","null",119.54,162984,68.9884713317176,24,"Exudate vs Soil","Exudate","Not selected",3,3,3,3,TRUE,TRUE,TRUE,TRUE,"Leaf + Root + Exudate","RT >= 1 min","MS/MS available","Unknown","Tier 5: low priority"
"F2435_mz252.1081_rt0.46",0.398378898292871,13.3263967771272,2.03968098417974,0.0976147605661608,0.329985507669997,-4.61015527507574,2435,0.458,252.10809,"Unknown","[M+H]+","ion correlated with 2215; ion correlated with 2814",0.429,TRUE,"null","null","null","null",999,FALSE,FALSE,FALSE,"null","null","null","null","null",634.51,72008,227.451693538308,23,"Exudate vs Soil","Exudate","Not selected",2,3,3,3,TRUE,TRUE,TRUE,TRUE,"Leaf + Root + Exudate","Very early RT","MS/MS available","Unknown","Tier 5: low priority"
"F2114_mz227.103_rt0.96",0.821256077226318,12.7706462628882,2.0317856535841,0.0985959414463901,0.332491422979797,-4.62010099331813,2114,0.957,227.10303,"Unknown","[M+H]+","ion correlated with 1120",0.429,TRUE,"null","null","null","null",999,FALSE,FALSE,FALSE,"null","null","null","null","null",1044.2,199.333333333333,76432.1281198003,22,"Exudate vs Soil","Exudate","Not selected",3,1,3,3,TRUE,FALSE,TRUE,TRUE,"Leaf + Exudate","Early RT","MS/MS available","Unknown","Tier 5: low priority"
"F3846_mz366.2492_rt1.21",0.277081510489847,14.7201939552721,2.02727298977428,0.0991613939388506,0.333586631066133,-4.62578488416692,3846,1.212,366.24918,"Unknown","[M+H]+","ion correlated with 4166; ion correlated with 1381; ion correlated with 1635; ion correlated with 3816; ion correlated with 2872; ion correlated with 3642; ion correlated with 4381; ion correlated with 1402; ion correlated with 3886; ion correlated with 3495",0.071,FALSE,"null","null","null","null",999,FALSE,FALSE,FALSE,"null","null","null","null","null",15.43,29959,8.71498664886515,24,"Exudate vs Soil","Exudate","Not selected",3,3,3,3,TRUE,TRUE,TRUE,TRUE,"Leaf + Root + Exudate","RT >= 1 min","No MS/MS assignment","Unknown","Tier 5: low priority"
"F1077_mz154.1228_rt0.86",0.227930238217591,16.2388677717759,2.01616025335804,0.100568417557206,0.337500791124181,-4.63977945615875,1077,0.863,154.12282,"Unknown","[M+H]+","ion correlated with 1075",0.143,TRUE,"null","null","null","null",999,FALSE,FALSE,FALSE,"null","null","null","null","null",28138.63,83837,7322.56782127436,24,"Exudate vs Soil","Exudate","Not selected",3,3,3,3,TRUE,TRUE,TRUE,TRUE,"Leaf + Root + Exudate","Early RT","MS/MS available","Unknown","Tier 5: low priority"
"F2119_mz227.1281_rt1.66",0.676686076082069,12.6728026455815,2.01327757576765,0.100936813340749,0.337918896836419,-4.64340909223379,2119,1.657,227.12814,"Unknown","[M+H]+","ion correlated with 4748; ion correlated with 3469; ion correlated with 2185; ion correlated with 2279; ion correlated with 4161; ion correlated with 2023; ion correlated with 1898; ion correlated with 3884; ion correlated with 3747; ion correlated with 4992; ion correlated with 3671; ion correlated with 3320; ion correlated with 3704; ion correlated with 4982; ion correlated with 2951; ion correlated with 3353; ion correlated with 2677; ion correlated with 3109; ion correlated with 3259; ion correlated with 3612; ion correlated with 4145; ion correlated with 3001; ion correlated with 2561",0.107,FALSE,"null","null","null","null",999,FALSE,FALSE,FALSE,"null","null","null","null","null",18.32,3635.66666666667,54.7044912923923,24,"Exudate vs Soil","Exudate","Not selected",3,3,3,3,TRUE,TRUE,TRUE,TRUE,"Leaf + Root + Exudate","RT >= 1 min","No MS/MS assignment","Unknown","Tier 5: low priority"
"F1666_mz195.1382_rt1.44",0.350735514945382,14.6245411044937,2.01031590844068,0.101316777177458,0.338373622091464,-4.64713791197535,1666,1.442,195.1382,"Unknown","[M+H]+","ion correlated with 1919; ion correlated with 3027",0.143,TRUE,"null","null","null","null",999,FALSE,FALSE,FALSE,"null","null","null","null","null",49.63,22228,31.9022898016105,24,"Exudate vs Soil","Exudate","Not selected",3,3,3,3,TRUE,TRUE,TRUE,TRUE,"Leaf + Root + Exudate","RT >= 1 min","MS/MS available","Unknown","Tier 5: low priority"
"F1927_mz214.1079_rt1",-0.820253662173655,12.8398367488316,-2.00629916079752,0.101834497573398,0.338471495531725,-4.65219464680732,1927,0.996,214.10785,"Unknown","[M+H]+","ion correlated with 4067; ion correlated with 4082; ion correlated with 2281; ion correlated with 3351; ion correlated with 4175; ion correlated with 2250; ion correlated with 1606; similar chromatogram in higher mz_4495",0.071,FALSE,"null","null","null","null",999,FALSE,FALSE,FALSE,"null","null","null","null","null",97.89,9194.33333333333,71.7437830783731,23,"Exudate vs Soil","Soil","Not selected",3,2,3,3,TRUE,TRUE,TRUE,TRUE,"Leaf + Root + Exudate","Early RT","No MS/MS assignment","Unknown","Tier 5: low priority"
"F631_mz124.0394_rt0.67",0.265791992455167,17.3123561190846,2.00788546576602,0.101629707678106,0.338471495531725,-4.65019769171011,631,0.671,124.03944,"Unknown","[M+H]+","ion correlated with 60; ion correlated with 726; ion correlated with 967; ion correlated with 622; ion correlated with 775",0.357,TRUE,"null","null","null","null",999,FALSE,FALSE,FALSE,"null","null","null","null","null",275.94,166114,93.0290702224363,24,"Exudate vs Soil","Exudate","Not selected",3,3,3,3,TRUE,TRUE,TRUE,TRUE,"Leaf + Root + Exudate","Early RT","MS/MS available","Unknown","Tier 5: low priority"
"F820_mz137.06_rt1.15",0.348828166945427,13.5272858181974,1.99908630507209,0.102771131884211,0.34076743730028,-4.66127360656095,820,1.154,137.05997,"Unknown","[M+H]+","ion correlated with 3463; ion correlated with 4722; ion correlated with 4603; ion correlated with 3140; ion correlated with 4639; ion correlated with 4719; ion correlated with 4929; ion correlated with 4590; ion correlated with 4743; ion correlated with 4895; found in higher mz's MsMs_4750; found in higher mz's MsMs_4719; found in higher mz's MsMs_4684; similar chromatogram in higher mz_4761",0.214,TRUE,"null","null","null","null",999,FALSE,FALSE,FALSE,"null","null","null","null","null",162.98,11833.3333333333,283.836098357885,24,"Exudate vs Soil","Exudate","Not selected",3,3,3,3,TRUE,TRUE,TRUE,TRUE,"Leaf + Root + Exudate","RT >= 1 min","MS/MS available","Unknown","Tier 5: low priority"
"F2037_mz221.1175_rt1.18",-0.903070631105537,12.4799524792565,-1.99056322304878,0.10388953943381,0.341282331004829,-4.67199930375113,2037,1.184,221.11755,"Unknown","[M+H]+","ion correlated with 3991; ion correlated with 4153; ion correlated with 3574; ion correlated with 4709; ion correlated with 1598; ion correlated with 3733; ion correlated with 1221; ion correlated with 4111; ion correlated with 4797; ion correlated with 1407; ion correlated with 4789; ion correlated with 2013",0.071,FALSE,"null","null","null","null",999,FALSE,FALSE,FALSE,"null","null","null","null","null",13.88,4718.66666666667,51.0928031640653,23,"Exudate vs Soil","Soil","Not selected",3,3,3,3,TRUE,TRUE,TRUE,TRUE,"Leaf + Root + Exudate","RT >= 1 min","No MS/MS assignment","Unknown","Tier 5: low priority"
"F2053_mz222.1129_rt1.18",0.38810610035141,14.4257429488375,1.98873645870361,0.10413090138924,0.341282331004829,-4.67429778975508,2053,1.179,222.11288,"Unknown","[M+H]+",NA,0.107,TRUE,"null","null","null","null",999,FALSE,FALSE,FALSE,"null","null","null","null","null",453.87,21574.3333333333,150.442820504898,24,"Exudate vs Soil","Exudate","Not selected",3,3,3,3,TRUE,TRUE,TRUE,TRUE,"Leaf + Root + Exudate","RT >= 1 min","MS/MS available","Unknown","Tier 5: low priority"
"F420_mz109.1014_rt2.08",0.382853677817598,14.5668936596024,1.99396292192806,0.103441908863288,0.341282331004829,-4.66772135620495,420,2.077,109.10136,"Unknown","[M+H]+","ion correlated with 2751; ion correlated with 378; ion correlated with 742; ion correlated with 957; ion correlated with 1018; ion correlated with 1629; ion correlated with 1658; ion correlated with 628; ion correlated with 995; ion correlated with 1570; ion correlated with 1694; ion correlated with 1719; ion correlated with 2318; ion correlated with 2447; ion correlated with 596; ion correlated with 1191; ion correlated with 2158; ion correlated with 2394; ion correlated with 56; ion correlated with 1140; ion correlated with 1258; ion correlated with 1468; ion correlated with 2582; ion correlated with 3907; ion correlated with 3941; ion correlated with 5039; ion correlated with 4118; ion correlated with 3777; ion correlated with 3979; ion correlated with 3997; found in higher mz's MsMs_3323; found in higher mz's MsMs_3520; found in higher mz's MsMs_3703; found in higher mz's MsMs_2674; found in higher mz's MsMs_5004; found in higher mz's MsMs_2950; found in higher mz's MsMs_3851",0.107,FALSE,"null","null","null","null",999,FALSE,FALSE,FALSE,"null","null","null","null","null",13.74,23026.3333333333,10.9584117425668,24,"Exudate vs Soil","Exudate","Not selected",3,3,3,3,TRUE,TRUE,TRUE,TRUE,"Leaf + Root + Exudate","RT >= 1 min","No MS/MS assignment","Unknown","Tier 5: low priority"
"F3597_mz344.0147_rt0.49",-0.355459957862082,17.2050719528006,-1.99003179191352,0.103959694598953,0.341282331004829,-4.67266797904591,3597,0.494,344.01474,"Unknown","[M+H]+","ion correlated with 1695; ion correlated with 1924; ion correlated with 834; ion correlated with 2650; ion correlated with 4008; ion correlated with 3866",0.214,FALSE,"null","null","null","null",999,FALSE,FALSE,FALSE,"null","null","null","null","null",1521.52,0,204381,6,"Exudate vs Soil","Soil","Not selected",0,0,3,3,FALSE,FALSE,TRUE,TRUE,"Exudate only","Very early RT","No MS/MS assignment","Unknown","Tier 5: low priority"
"F1048_mz152.0568_rt0.48",0.291106350079231,18.1267591018083,1.98079903498557,0.105186461508659,0.343840650120286,-4.68428328437599,1048,0.484,152.05682,"Unknown","[M+H]+",NA,0.286,TRUE,"null","null","null","null",999,FALSE,FALSE,FALSE,"null","null","null","null","null",107.64,521345,5.46643687685338,22,"Exudate vs Soil","Exudate","Not selected",3,3,3,3,TRUE,TRUE,TRUE,TRUE,"Leaf + Root + Exudate","Very early RT","MS/MS available","Unknown","Tier 5: low priority"
"F4878_mz610.6256_rt7.6",0.31242740818623,14.9008211730821,1.97724407357924,0.105662836932981,0.344585157621438,-4.68875464910404,4878,7.598,610.62555,"Unknown","[M+H]+",NA,0.036,TRUE,"null","null","null","null",999,FALSE,FALSE,FALSE,"null","null","null","null","null",18.26,20598.3333333333,15.8654649017768,22,"Exudate vs Soil","Exudate","Not selected",2,2,3,3,TRUE,TRUE,TRUE,TRUE,"Leaf + Root + Exudate","RT >= 1 min","MS/MS available","Unknown","Tier 5: low priority"
"F109_mz79.0213_rt0.52",-0.742637020318789,22.693231885721,-1.95985707418828,0.108025388891974,0.345687723817531,-4.71061526817377,109,0.517,79.02129,"Unknown","[M+H]+","ion correlated with 111; found in higher mz's MsMs_1135; found in higher mz's MsMs_1108",0.5,TRUE,"null","null","null","null",999,FALSE,FALSE,FALSE,"null","null","null","null","null",43539.84,29560208.6666667,51.8656262011854,24,"Exudate vs Soil","Soil","Not selected",3,3,3,3,TRUE,TRUE,TRUE,TRUE,"Leaf + Root + Exudate","Early RT","MS/MS available","Unknown","Tier 5: low priority"
"F1331_mz173.0129_rt0.4",-0.590112559562579,16.8908192938269,-1.95644779367402,0.108495064834507,0.345687723817531,-4.71489999796639,1331,0.395,173.01286,"Unknown","[M+H]+",NA,0.071,FALSE,"null","null","null","null",999,FALSE,FALSE,FALSE,"null","null","null","null","null",17.3,0,200774,24,"Exudate vs Soil","Soil","Not selected",3,3,3,3,TRUE,TRUE,TRUE,TRUE,"Leaf + Root + Exudate","Very early RT","No MS/MS assignment","Unknown","Tier 5: low priority"
"F2419_mz251.1508_rt0.91",0.322925314354609,14.6786145257415,1.96012660541167,0.107988347662554,0.345687723817531,-4.71027650009862,2419,0.913,251.1508,"Unknown","[M+H]+","ion correlated with 593; ion correlated with 2142",0.429,TRUE,"null","null","null","null",999,FALSE,FALSE,FALSE,"null","null","null","null","null",96.36,15010.3333333333,149.570990806946,20,"Exudate vs Soil","Exudate","Not selected",0,2,3,3,FALSE,TRUE,TRUE,TRUE,"Root + Exudate","Early RT","MS/MS available","Unknown","Tier 5: low priority"
"F1076_mz154.1228_rt1.54",0.278737872873458,15.5523120244237,1.97029939038703,0.106599953138068,0.345687723817531,-4.69748790251826,1076,1.539,154.12279,"Unknown","[M+H]+","ion correlated with 5127",0.036,TRUE,"null","null","null","null",999,FALSE,FALSE,FALSE,"null","null","null","null","null",28.04,51217.3333333333,69.0817675962383,24,"Exudate vs Soil","Exudate","Not selected",3,3,3,3,TRUE,TRUE,TRUE,TRUE,"Leaf + Root + Exudate","RT >= 1 min","MS/MS available","Unknown","Tier 5: low priority"
"F1231_mz166.0864_rt0.95",0.242621497736948,18.1870914525322,1.95656714628562,0.108478586472829,0.345687723817531,-4.71475000767855,1231,0.952,166.08643,"Unknown","[M+H]+","ion correlated with 762; similar chromatogram in higher mz_2114; similar chromatogram in higher mz_4435",0.964,TRUE,"null","null","null","null",999,FALSE,FALSE,FALSE,"null","null","null","null","null",21733.08,296004.666666667,1864.25577325659,24,"Exudate vs Soil","Exudate","Not selected",3,3,3,3,TRUE,TRUE,TRUE,TRUE,"Leaf + Root + Exudate","Early RT","MS/MS available","Unknown","Tier 5: low priority"
"F681_mz127.0392_rt0.97",0.238336555513107,17.6325494504157,1.95890784659192,0.108155945096453,0.345687723817531,-4.7118083026239,681,0.966,127.0392,"Unknown","[M+H]+",NA,0.107,TRUE,"null","null","null","null",999,FALSE,FALSE,FALSE,"null","null","null","null","null",158.07,303423.333333333,10.5105677088082,24,"Exudate vs Soil","Exudate","Not selected",3,3,3,3,TRUE,TRUE,TRUE,TRUE,"Leaf + Root + Exudate","Early RT","MS/MS available","Unknown","Tier 5: low priority"
"F1713_mz199.0872_rt1.06",0.515846023609556,15.3917901435184,1.9513029742282,0.10920786520411,0.347160782506643,-4.72136476949008,1713,1.056,199.08716,"Unknown","[M+H]+",NA,0.214,TRUE,"null","null","null","null",999,FALSE,FALSE,FALSE,"null","null","null","null","null",30.01,106933,11.8842931153796,24,"Exudate vs Soil","Exudate","Not selected",3,3,3,3,TRUE,TRUE,TRUE,TRUE,"Leaf + Root + Exudate","RT >= 1 min","MS/MS available","Unknown","Tier 5: low priority"
"F1445_mz180.1023_rt0.91",0.960963089835936,12.7553431021367,1.94768243240875,0.10971240191975,0.347936234520103,-4.72591333752697,1445,0.91,180.10228,"Unknown","[M+H]+",NA,0.143,TRUE,"null","null","null","null",999,FALSE,FALSE,FALSE,"null","null","null","null","null",313,10851.6666666667,161.715553780945,21,"Exudate vs Soil","Exudate","Not selected",3,0,3,3,TRUE,FALSE,TRUE,TRUE,"Leaf + Exudate","Early RT","MS/MS available","Unknown","Tier 5: low priority"
"F1648_mz194.1179_rt1.29",0.252369285677475,17.1932701928326,1.9459557529486,0.109953874978214,0.347936234520103,-4.72808234797477,1648,1.295,194.11792,"Unknown","[M+H]+","ion correlated with 2051; ion correlated with 2484; ion correlated with 3213; similar chromatogram in higher mz_3843; similar chromatogram in higher mz_3972; similar chromatogram in higher mz_2051",0.179,TRUE,"null","null","null","null",999,FALSE,FALSE,FALSE,"null","null","null","null","null",100.06,158381.333333333,12.913896120569,24,"Exudate vs Soil","Exudate","Not selected",3,3,3,3,TRUE,TRUE,TRUE,TRUE,"Leaf + Root + Exudate","RT >= 1 min","MS/MS available","Unknown","Tier 5: low priority"
"F1958_mz215.1394_rt0.91",0.722107559330364,12.6213921180279,1.94328051039527,0.110329095165709,0.348328305010644,-4.73144258684845,1958,0.91,215.13939,"Unknown","[M+H]+","ion correlated with 2544; ion correlated with 2928; ion correlated with 1993; ion correlated with 350; ion correlated with 765; ion correlated with 1568",0.357,TRUE,"null","null","null","null",999,FALSE,FALSE,FALSE,"null","null","null","null","null",571.36,2258.66666666667,7600.34887151497,22,"Exudate vs Soil","Exudate","Not selected",3,1,3,3,TRUE,FALSE,TRUE,TRUE,"Leaf + Exudate","Early RT","MS/MS available","Unknown","Tier 5: low priority"
"F2071_mz223.1446_rt0.97",0.312803376127821,14.4545214529596,1.94081810125981,0.110675640859973,0.348628268708914,-4.73453513386268,2071,0.971,223.14462,"Unknown","[M+H]+","ion correlated with 1780; ion correlated with 928; ion correlated with 2214; ion correlated with 655; ion correlated with 1916; ion correlated with 1499; ion correlated with 855; ion correlated with 2123",0.071,FALSE,"null","null","null","null",999,FALSE,FALSE,FALSE,"null","null","null","null","null",69.03,21499.3333333333,16.6823925210462,24,"Exudate vs Soil","Exudate","Not selected",3,3,3,3,TRUE,TRUE,TRUE,TRUE,"Leaf + Root + Exudate","Early RT","No MS/MS assignment","Unknown","Tier 5: low priority"
"F855_mz139.087_rt0.99",0.686459337546116,11.5031068249007,1.93530837521728,0.111455152918982,0.350287623459656,-4.74145352714395,855,0.989,139.08698,"Unknown","[M+H]+","ion correlated with 4009; ion correlated with 1692; ion correlated with 2868; ion correlated with 1916; ion correlated with 2082; ion correlated with 1499; ion correlated with 2828; ion correlated with 1063; ion correlated with 1222; ion correlated with 2123",0.393,FALSE,"null","null","null","null",999,FALSE,FALSE,FALSE,"null","null","null","null","null",28.9,8695.33333333333,69.653608800644,21,"Exudate vs Soil","Exudate","Not selected",2,1,3,3,TRUE,FALSE,TRUE,TRUE,"Leaf + Exudate","Early RT","No MS/MS assignment","Unknown","Tier 5: low priority"
"F497_mz114.9878_rt0.39",-0.533107726544642,18.147018438969,-1.93023821159786,0.112177515358997,0.351760263094048,-4.7478183573518,497,0.388,114.98779,"Unknown","[M+H]+","ion correlated with 1372",0.607,FALSE,"null","null","null","null",999,FALSE,FALSE,FALSE,"null","null","null","null","null",133.05,0,584149,24,"Exudate vs Soil","Soil","Not selected",3,3,3,3,TRUE,TRUE,TRUE,TRUE,"Leaf + Root + Exudate","Very early RT","No MS/MS assignment","Unknown","Tier 5: low priority"
"F1687_mz197.0811_rt1.01",0.250105735712418,14.2686848681851,1.92274898998428,0.11325343202635,0.354332408100501,-4.75721700509259,1687,1.012,197.0811,"Unknown","[M+H]+","ion correlated with 4687; similar chromatogram in higher mz_2036",0.107,TRUE,"null","null","null","null",999,FALSE,FALSE,FALSE,"null","null","null","null","null",112.9,24007.3333333333,72.8248385977091,21,"Exudate vs Soil","Exudate","Not selected",3,3,3,3,TRUE,TRUE,TRUE,TRUE,"Leaf + Root + Exudate","RT >= 1 min","MS/MS available","Unknown","Tier 5: low priority"
"F905_mz143.0317_rt0.71",0.214196842965603,17.113297107775,1.91521121612551,0.114347135524953,0.35694849062519,-4.76667288667314,905,0.707,143.03168,"Unknown","[M+H]+","ion correlated with 348; ion correlated with 839; ion correlated with 592",0.107,FALSE,"null","null","null","null",999,FALSE,FALSE,FALSE,"null","null","null","null","null",176.67,153614.333333333,10.5666339731711,24,"Exudate vs Soil","Exudate","Not selected",3,3,3,3,TRUE,TRUE,TRUE,TRUE,"Leaf + Root + Exudate","Early RT","No MS/MS assignment","Unknown","Tier 5: low priority"
"F2335_mz244.9472_rt0.39",0.857788750420302,15.3475700997936,1.90553319116254,0.115767449200398,0.358956788795867,-4.77880793210738,2335,0.39,244.94716,"Unknown","[M+H]+",NA,0.036,FALSE,"null","null","null","null",999,FALSE,FALSE,FALSE,"null","null","null","null","null",27.26,4107.33333333333,41.4313995943205,24,"Exudate vs Soil","Exudate","Not selected",3,3,3,3,TRUE,TRUE,TRUE,TRUE,"Leaf + Root + Exudate","Very early RT","No MS/MS assignment","Unknown","Tier 5: low priority"
"F60_mz72.0809_rt0.66",0.377206117743537,15.6067225192177,1.90665425179568,0.115601994918838,0.358956788795867,-4.77740259970683,60,0.657,72.08092,"Unknown","[M+H]+","ion correlated with 804; ion correlated with 1031; found in higher mz's MsMs_545; found in higher mz's MsMs_2363; found in higher mz's MsMs_1679; found in higher mz's MsMs_967; found in higher mz's MsMs_4471",0.464,TRUE,"null","null","null","null",999,FALSE,FALSE,FALSE,"null","null","null","null","null",973.34,59461.6666666667,515.43499002175,23,"Exudate vs Soil","Exudate","Not selected",3,2,3,3,TRUE,TRUE,TRUE,TRUE,"Leaf + Root + Exudate","Early RT","MS/MS available","Unknown","Tier 5: low priority"
"F3209_mz308.1723_rt0.92",0.290307607674999,14.0991478600609,1.90557295753904,0.115761575998312,0.358956788795867,-4.77875808356044,3209,0.919,308.1723,"Unknown","[M+H]+",NA,0.107,FALSE,"null","null","null","null",999,FALSE,FALSE,FALSE,"null","null","null","null","null",19.69,23693.6666666667,6.93877665860109,18,"Exudate vs Soil","Exudate","Not selected",0,0,3,3,FALSE,FALSE,TRUE,TRUE,"Exudate only","Early RT","No MS/MS assignment","Unknown","Tier 5: low priority"
"F861_mz139.9881_rt7.71",0.223293939356107,14.3561639625431,1.90345701326091,0.116074514195335,0.359105528291818,-4.78141033494806,861,7.709,139.98814,"Unknown","[M+H]+",NA,0.036,FALSE,"null","null","null","null",999,FALSE,FALSE,FALSE,"null","null","null","null","null",4.61,36436.6666666667,5.73738713602225,24,"Exudate vs Soil","Exudate","Not selected",3,3,3,3,TRUE,TRUE,TRUE,TRUE,"Leaf + Root + Exudate","RT >= 1 min","No MS/MS assignment","Unknown","Tier 5: low priority"
"F3437_mz329.0036_rt0.52",0.718339689128278,13.1065467063051,1.89016746623036,0.118060084125526,0.359902324237212,-4.79806063194205,3437,0.518,329.0036,"Unknown","[M+H]+","ion correlated with 2920",0.107,FALSE,"null","null","null","null",999,FALSE,FALSE,FALSE,"null","null","null","null","null",122.46,12957.3333333333,26.3608745980707,9,"Exudate vs Soil","Exudate","Not selected",0,3,3,3,FALSE,TRUE,TRUE,TRUE,"Root + Exudate","Early RT","No MS/MS assignment","Unknown","Tier 5: low priority"
"F1205_mz164.0821_rt0.78",0.712148378023636,13.5568410403977,1.88170878163889,0.119342129724939,0.359902324237212,-4.80865126444907,1205,0.783,164.08209,"Unknown","[M+H]+","ion correlated with 3448",0.214,FALSE,"null","null","null","null",999,FALSE,FALSE,FALSE,"null","null","null","null","null",65.75,17196.3333333333,26.9449333229958,20,"Exudate vs Soil","Exudate","Not selected",2,0,3,3,TRUE,FALSE,TRUE,TRUE,"Leaf + Exudate","Early RT","No MS/MS assignment","Unknown","Tier 5: low priority"
"F912_mz143.0817_rt0.48",0.628229640530866,15.3725481613265,1.88091059759314,0.119463846666368,0.359902324237212,-4.80965032665496,912,0.483,143.08171,"Unknown","[M+H]+","ion correlated with 746",0.321,FALSE,"null","null","null","null",999,FALSE,FALSE,FALSE,"null","null","null","null","null",59.16,4980.66666666667,110.779391100703,24,"Exudate vs Soil","Exudate","Not selected",3,3,3,3,TRUE,TRUE,TRUE,TRUE,"Leaf + Root + Exudate","Very early RT","No MS/MS assignment","Unknown","Tier 5: low priority"
"F3457_mz330.9316_rt0.4",-0.52308806770267,17.6200599792192,-1.87931353174953,0.119707771625797,0.359902324237212,-4.81164916722776,3457,0.396,330.93164,"Unknown","[M+H]+","ion correlated with 4122",0.679,FALSE,"null","null","null","null",999,FALSE,FALSE,FALSE,"null","null","null","null","null",362.58,0,366294,24,"Exudate vs Soil","Soil","Not selected",3,3,3,3,TRUE,TRUE,TRUE,TRUE,"Leaf + Root + Exudate","Very early RT","No MS/MS assignment","Unknown","Tier 5: low priority"
"F116_mz79.0214_rt3.61",-0.514613314105996,17.8865641236358,-1.88066459148599,0.119501386526719,0.359902324237212,-4.80995823433489,116,3.608,79.02139,"Unknown","[M+H]+",NA,0.036,TRUE,"null","null","null","null",999,FALSE,FALSE,FALSE,"null","null","null","null","null",10.72,729746,5.15050147516879,24,"Exudate vs Soil","Soil","Not selected",3,3,3,3,TRUE,TRUE,TRUE,TRUE,"Leaf + Root + Exudate","RT >= 1 min","MS/MS available","Unknown","Tier 5: low priority"
"F5081_mz739.5496_rt0.68",-0.514265942454887,12.655396376698,-1.89585701793285,0.117205753250461,0.359902324237212,-4.79093390531952,5081,0.677,739.54962,"Unknown","[M+H]+",NA,0.036,FALSE,"null","null","null","null",999,FALSE,FALSE,FALSE,"null","null","null","null","null",37.92,925,142.375809935205,16,"Exudate vs Soil","Soil","Not selected",2,1,3,3,TRUE,FALSE,TRUE,TRUE,"Leaf + Exudate","Early RT","No MS/MS assignment","Unknown","Tier 5: low priority"
"F1095_mz156.0658_rt0.92",-0.469971826208477,14.2311372619701,-1.8908025452016,0.117964403830842,0.359902324237212,-4.7972652569497,1095,0.923,156.06584,"Unknown","[M+H]+","ion correlated with 3332; ion correlated with 4305; ion correlated with 1358; ion correlated with 638; ion correlated with 1726; ion correlated with 1111; ion correlated with 2325; ion correlated with 1552; ion correlated with 4067",0.071,FALSE,"null","null","null","null",999,FALSE,FALSE,FALSE,"null","null","null","null","null",141.33,20668.6666666667,39.467012852973,20,"Exudate vs Soil","Soil","Not selected",2,0,3,3,TRUE,FALSE,TRUE,TRUE,"Leaf + Exudate","Early RT","No MS/MS assignment","Unknown","Tier 5: low priority"
"F1173_mz162.0764_rt0.5",-0.421347986569226,14.9247124996944,-1.88295368018944,0.119152547632592,0.359902324237212,-4.80709295967611,1173,0.495,162.07639,"Unknown","[M+H]+",NA,0.107,FALSE,"null","null","null","null",999,FALSE,FALSE,FALSE,"null","null","null","null","null",306.59,18314.3333333333,195.146161686019,24,"Exudate vs Soil","Soil","Not selected",3,3,3,3,TRUE,TRUE,TRUE,TRUE,"Leaf + Root + Exudate","Very early RT","No MS/MS assignment","Unknown","Tier 5: low priority"
"F903_mz142.9389_rt0.44",-0.419515451492572,18.7892968669075,-1.8909485582431,0.117942416996,0.359902324237212,-4.79708238528294,903,0.437,142.93892,"Unknown","[M+H]+","similar chromatogram in higher mz_4328; similar chromatogram in higher mz_1356",0.393,FALSE,"null","null","null","null",999,FALSE,FALSE,FALSE,"null","null","null","null","null",51.19,593.333333333333,1075.41671340437,19,"Exudate vs Soil","Soil","Not selected",0,1,3,3,FALSE,FALSE,TRUE,TRUE,"Exudate only","Very early RT","No MS/MS assignment","Unknown","Tier 5: low priority"
"F1458_mz181.0862_rt1",-0.37590293684732,13.7804723559273,-1.89751255318229,0.116958363703302,0.359902324237212,-4.78885971830133,1458,1.004,181.08617,"Unknown","[M+H]+","ion correlated with 3171; ion correlated with 1714; ion correlated with 3311; ion correlated with 1088; ion correlated with 4165; ion correlated with 4759; ion correlated with 2865; ion correlated with 1837",0.143,TRUE,"null","null","null","null",999,FALSE,FALSE,FALSE,"null","null","null","null","null",38.56,16425.3333333333,142.904259420849,19,"Exudate vs Soil","Soil","Not selected",3,3,3,3,TRUE,TRUE,TRUE,TRUE,"Leaf + Root + Exudate","RT >= 1 min","MS/MS available","Unknown","Tier 5: low priority"
"F4606_mz496.4216_rt6.4",0.335707845352106,14.0042238237851,1.88048641750576,0.119528582989299,0.359902324237212,-4.81018123844508,4606,6.398,496.4216,"Unknown","[M+H]+","ion correlated with 4433; ion correlated with 4189",0.036,FALSE,"null","null","null","null",999,FALSE,FALSE,FALSE,"null","null","null","null","null",137.86,17691.6666666667,18.282772523456,24,"Exudate vs Soil","Exudate","Not selected",3,3,3,3,TRUE,TRUE,TRUE,TRUE,"Leaf + Root + Exudate","RT >= 1 min","No MS/MS assignment","Unknown","Tier 5: low priority"
"F133_mz80.948_rt5.69",0.24188591822876,16.283454762597,1.88191069767699,0.119311359363554,0.359902324237212,-4.80839852414668,133,5.692,80.94802,"Unknown","[M+H]+","ion correlated with 3789; ion correlated with 4236",0.036,TRUE,"null","null","null","null",999,FALSE,FALSE,FALSE,"null","null","null","null","null",20.01,68713.3333333333,6.46338221525834,24,"Exudate vs Soil","Exudate","Not selected",3,3,3,3,TRUE,TRUE,TRUE,TRUE,"Leaf + Root + Exudate","RT >= 1 min","MS/MS available","Unknown","Tier 5: low priority"
"F3566_mz339.2168_rt1.18",0.220670007635722,14.2704304981055,1.88026223557306,0.119562811174616,0.359902324237212,-4.81046182280072,3566,1.177,339.21683,"Unknown","[M+H]+","ion correlated with 5140; ion correlated with 4543; ion correlated with 4333; ion correlated with 3143; ion correlated with 4110; ion correlated with 3772; ion correlated with 4353; ion correlated with 4341; ion correlated with 4388; ion correlated with 4166; ion correlated with 4952; ion correlated with 4041; ion correlated with 3635; ion correlated with 4797; ion correlated with 4789; ion correlated with 4792; ion correlated with 4937; ion correlated with 1381; ion correlated with 1635; ion correlated with 2013; ion correlated with 4871; ion correlated with 4381",0.071,FALSE,"null","null","null","null",999,FALSE,FALSE,FALSE,"null","null","null","null","null",23.29,27295,7.64976553341149,23,"Exudate vs Soil","Exudate","Not selected",3,3,3,3,TRUE,TRUE,TRUE,TRUE,"Leaf + Root + Exudate","RT >= 1 min","No MS/MS assignment","Unknown","Tier 5: low priority"
"F135_mz81.017_rt0.52",-0.815679964870781,17.7252216500658,-1.87470566507981,0.120414429188168,0.36069864711062,-4.81741504879058,135,0.517,81.01697,"Unknown","[M+H]+","ion correlated with 137; found in higher mz's MsMs_1135",0.429,TRUE,"null","null","null","null",999,FALSE,FALSE,FALSE,"null","null","null","null","null",4666.81,1396171,59.4158434634128,24,"Exudate vs Soil","Soil","Not selected",3,3,3,3,TRUE,TRUE,TRUE,TRUE,"Leaf + Root + Exudate","Early RT","MS/MS available","Unknown","Tier 5: low priority"
"F3994_mz382.2357_rt5.7",0.316143438798557,14.0205044703357,1.87419423255304,0.120493126704341,0.36069864711062,-4.8180549006912,3994,5.695,382.23569,"Unknown","[M+H]+","ion correlated with 3789; ion correlated with 3356; ion correlated with 4236; ion correlated with 4383",0.107,FALSE,"null","null","null","null",999,FALSE,FALSE,FALSE,"null","null","null","null","null",26.57,15880.6666666667,25.5963689789065,24,"Exudate vs Soil","Exudate","Not selected",3,3,3,3,TRUE,TRUE,TRUE,TRUE,"Leaf + Root + Exudate","RT >= 1 min","No MS/MS assignment","Unknown","Tier 5: low priority"
"F5143_mz782.5704_rt8.94",0.790813530013335,14.1638970736979,1.87026072073024,0.12110017692863,0.361734580222158,-4.82297536117817,5143,8.938,782.57037,"Unknown","[M+H]+",NA,0.107,TRUE,"null","null","null","null",999,FALSE,FALSE,FALSE,"null","null","null","null","null",190.08,33545,47.2011566207596,24,"Exudate vs Soil","Exudate","Not selected",3,3,3,3,TRUE,TRUE,TRUE,TRUE,"Leaf + Root + Exudate","RT >= 1 min","MS/MS available","Unknown","Tier 5: low priority"
"F772_mz132.9984_rt0.39",-0.667498344224674,19.2636495208277,-1.86796289926775,0.121456252005559,0.362017989848827,-4.82584910635864,772,0.392,132.99841,"Unknown","[M+H]+","ion correlated with 2032; ion correlated with 390",0.714,FALSE,"null","null","null","null",999,FALSE,FALSE,FALSE,"null","null","null","null","null",141.7,8975.66666666667,151.578759747494,24,"Exudate vs Soil","Soil","Not selected",3,3,3,3,TRUE,TRUE,TRUE,TRUE,"Leaf + Root + Exudate","Very early RT","No MS/MS assignment","Unknown","Tier 5: low priority"
"F1235_mz166.1139_rt0.65",0.856533668265844,15.3287361597871,1.84586093096107,0.1249367451934,0.36428792191715,-4.85346636465062,1235,0.647,166.11395,"Unknown","[M+H]+",NA,0.071,FALSE,"null","null","null","null",999,FALSE,FALSE,FALSE,"null","null","null","null","null",106.76,51187,10.003301555052,14,"Exudate vs Soil","Exudate","Not selected",0,0,3,3,FALSE,FALSE,TRUE,TRUE,"Exudate only","Early RT","No MS/MS assignment","Unknown","Tier 5: low priority"
"F2092_mz225.139_rt1.18",-0.516783552995998,14.1928817406702,-1.84150529501053,0.125634651281672,0.36428792191715,-4.85890346728259,2092,1.179,225.13902,"Unknown","[M+H]+",NA,0.25,FALSE,"null","null","null","null",999,FALSE,FALSE,FALSE,"null","null","null","null","null",58.35,21026,23.228801065297,24,"Exudate vs Soil","Soil","Not selected",3,3,3,3,TRUE,TRUE,TRUE,TRUE,"Leaf + Root + Exudate","RT >= 1 min","No MS/MS assignment","Unknown","Tier 5: low priority"
"F3099_mz301.1051_rt0.41",0.394062871340536,16.5866784798614,1.85898410795006,0.122857993256143,0.36428792191715,-4.83707385919877,3099,0.408,301.10507,"Unknown","[M+H]+",NA,0.071,FALSE,"null","null","null","null",999,FALSE,FALSE,FALSE,"null","null","null","null","null",21.56,0,113847,24,"Exudate vs Soil","Exudate","Not selected",3,3,3,3,TRUE,TRUE,TRUE,TRUE,"Leaf + Root + Exudate","Very early RT","No MS/MS assignment","Unknown","Tier 5: low priority"
"F56_mz71.0491_rt2.08",0.375752214595313,12.38374980394,1.84679119705541,0.124788204778727,0.36428792191715,-4.8523048823795,56,2.08,71.04913,"Unknown","[M+H]+","ion correlated with 378; ion correlated with 742; ion correlated with 957; ion correlated with 1018; ion correlated with 1629; ion correlated with 1658; ion correlated with 420; ion correlated with 628; ion correlated with 995; ion correlated with 1570; ion correlated with 1694; ion correlated with 1719; ion correlated with 1894; ion correlated with 2318; ion correlated with 2447; ion correlated with 2950; ion correlated with 4946; ion correlated with 596; ion correlated with 1191; ion correlated with 2158; ion correlated with 2394; ion correlated with 1140; ion correlated with 1258; ion correlated with 1468; ion correlated with 2582; ion correlated with 3907; ion correlated with 3941; ion correlated with 5039; ion correlated with 2347; ion correlated with 4118; ion correlated with 3777; ion correlated with 3979; ion correlated with 3997; similar chromatogram in higher mz_1751; similar chromatogram in higher mz_3520; similar chromatogram in higher mz_3703; similar chromatogram in higher mz_2674; found in higher mz's MsMs_2674; similar chromatogram in higher mz_3746; similar chromatogram in higher mz_5004; similar chromatogram in higher mz_2381; similar chromatogram in higher mz_2950; similar chromatogram in higher mz_3851; similar chromatogram in higher mz_1018; similar chromatogram in higher mz_2447; similar chromatogram in higher mz_2318; similar chromatogram in higher mz_742; similar chromatogram in higher mz_1629; similar chromatogram in higher mz_2582; similar chromatogram in higher mz_596; similar chromatogram in higher mz_3777; similar chromatogram in higher mz_378; similar chromatogram in higher mz_532; similar chromatogram in higher mz_628; similar chromatogram in higher mz_995; similar chromatogram in higher mz_1140; similar chromatogram in higher mz_1167; similar chromatogram in higher mz_1258; similar chromatogram in higher mz_1351; similar chromatogram in higher mz_1468; similar chromatogram in higher mz_1497; similar chromatogram in higher mz_1570; similar chromatogram in higher mz_1694; similar chromatogram in higher mz_1719; similar chromatogram in higher mz_1838; similar chromatogram in higher mz_1894; similar chromatogram in higher mz_2022; similar chromatogram in higher mz_2158; similar chromatogram in higher mz_2394; similar chromatogram in higher mz_3079; similar chromatogram in higher mz_3509; similar chromatogram in higher mz_3522; similar chromatogram in higher mz_3630; similar chromatogram in higher mz_3824; similar chromatogram in higher mz_4888; similar chromatogram in higher mz_5046; similar chromatogram in higher mz_2137; similar chromatogram in higher mz_1547",0.107,FALSE,"null","null","null","null",999,FALSE,FALSE,FALSE,"null","null","null","null","null",70.93,3865.33333333333,114.616346236745,24,"Exudate vs Soil","Exudate","Not selected",3,3,3,3,TRUE,TRUE,TRUE,TRUE,"Leaf + Root + Exudate","RT >= 1 min","No MS/MS assignment","Unknown","Tier 5: low priority"
"F842_mz138.128_rt0.88",0.36036916311359,14.1464618309609,1.84842117212668,0.124528375449021,0.36428792191715,-4.85026957865472,842,0.884,138.12798,"Unknown","[M+H]+","ion correlated with 252; ion correlated with 1324; ion correlated with 1929; ion correlated with 1904; found in higher mz's MsMs_1100; found in higher mz's MsMs_2233; found in higher mz's MsMs_4514; found in higher mz's MsMs_4069",0.214,TRUE,"null","null","null","null",999,FALSE,FALSE,FALSE,"null","null","null","null","null",220.41,22207,95.6653007925072,14,"Exudate vs Soil","Exudate","Not selected",3,3,3,3,TRUE,TRUE,TRUE,TRUE,"Leaf + Root + Exudate","Early RT","MS/MS available","Unknown","Tier 5: low priority"
"F2436_mz252.1095_rt0.88",0.298022084820973,15.9412116911435,1.84364372742013,0.125291510198986,0.36428792191715,-4.85623431229815,2436,0.875,252.10945,"Unknown","[M+H]+","ion correlated with 2541; ion correlated with 1813; ion correlated with 618; ion correlated with 2209; similar chromatogram in higher mz_4744",0.357,TRUE,"null","null","null","null",999,FALSE,FALSE,FALSE,"null","null","null","null","null",216.67,23924,198.560710553814,24,"Exudate vs Soil","Exudate","Not selected",3,3,3,3,TRUE,TRUE,TRUE,TRUE,"Leaf + Root + Exudate","Early RT","MS/MS available","Unknown","Tier 5: low priority"
"F4774_mz565.5676_rt7.35",0.250178844860963,16.755158252846,1.84617691697576,0.124886269710579,0.36428792191715,-4.85307185018413,4774,7.351,565.56763,"Unknown","[M+H]+",NA,0.036,TRUE,"null","null","null","null",999,FALSE,FALSE,FALSE,"null","null","null","null","null",68.83,63938.3333333333,22.7685201597347,24,"Exudate vs Soil","Exudate","Not selected",3,3,3,3,TRUE,TRUE,TRUE,TRUE,"Leaf + Root + Exudate","RT >= 1 min","MS/MS available","Unknown","Tier 5: low priority"
"F1290_mz169.1226_rt1.22",0.249086525630368,15.5543777405352,1.85097383460218,0.124122579725102,0.36428792191715,-4.84708163115312,1290,1.221,169.12256,"Unknown","[M+H]+",NA,0.036,FALSE,"null","null","null","null",999,FALSE,FALSE,FALSE,"null","null","null","null","null",50.22,35808,5.0221731966824,24,"Exudate vs Soil","Exudate","Not selected",3,3,3,3,TRUE,TRUE,TRUE,TRUE,"Leaf + Root + Exudate","RT >= 1 min","No MS/MS assignment","Unknown","Tier 5: low priority"
"F1519_mz185.0713_rt1.15",0.244814821285148,16.7313272438629,1.8421227076173,0.125535479935331,0.36428792191715,-4.85813286949888,1519,1.146,185.0713,"Unknown","[M+H]+","ion correlated with 2418; ion correlated with 523",0.107,TRUE,"null","null","null","null",999,FALSE,FALSE,FALSE,"null","null","null","null","null",210.27,102161.666666667,25.8002858186944,22,"Exudate vs Soil","Exudate","Not selected",1,3,3,3,FALSE,TRUE,TRUE,TRUE,"Root + Exudate","RT >= 1 min","MS/MS available","Unknown","Tier 5: low priority"
"F682_mz127.0392_rt0.52",0.242866153917303,19.1031515106926,1.84684577586983,0.124779495531739,0.36428792191715,-4.85223673549264,682,0.522,127.03921,"Unknown","[M+H]+",NA,0.107,TRUE,"null","null","null","null",999,FALSE,FALSE,FALSE,"null","null","null","null","null",48,693344.333333333,7.27197654271368,24,"Exudate vs Soil","Exudate","Not selected",3,3,3,3,TRUE,TRUE,TRUE,TRUE,"Leaf + Root + Exudate","Early RT","MS/MS available","Unknown","Tier 5: low priority"
"F1607_mz192.0869_rt0.48",0.393275235736502,13.7026986971515,1.83857976924248,0.126105655561502,0.364890268493197,-4.86255432721642,1607,0.478,192.0869,"Unknown","[M+H]+",NA,0.429,FALSE,"null","null","null","null",999,FALSE,FALSE,FALSE,"null","null","null","null","null",144.22,5450.33333333333,213.939770086829,22,"Exudate vs Soil","Exudate","Not selected",3,1,3,3,TRUE,FALSE,TRUE,TRUE,"Leaf + Exudate","Very early RT","No MS/MS assignment","Unknown","Tier 5: low priority"
"F694_mz128.1071_rt0.49",0.337239207120732,15.5321275277688,1.83535506061649,0.12662692738925,0.365635252836459,-4.86657755607734,694,0.489,128.1071,"Unknown","[M+H]+","ion correlated with 1822; ion correlated with 1926; ion correlated with 2556",0.107,FALSE,"null","null","null","null",999,FALSE,FALSE,FALSE,"null","null","null","null","null",150.98,120654.666666667,8.07207010583838,19,"Exudate vs Soil","Exudate","Not selected",3,3,3,3,TRUE,TRUE,TRUE,TRUE,"Leaf + Root + Exudate","Very early RT","No MS/MS assignment","Unknown","Tier 5: low priority"
"F27_mz64.0161_rt5.78",0.266890850228717,16.1067734397746,1.83277953451517,0.127044846435326,0.366079328813643,-4.86979009223198,27,5.779,64.01605,"Unknown","[M+H]+","ion correlated with 132; ion correlated with 3113; ion correlated with 606; ion correlated with 4371; similar chromatogram in higher mz_4371; similar chromatogram in higher mz_132; similar chromatogram in higher mz_4389; similar chromatogram in higher mz_150; similar chromatogram in higher mz_4273",0.179,TRUE,"null","null","null","null",999,FALSE,FALSE,FALSE,"null","null","null","null","null",21.35,82350.3333333333,7.07510099006695,24,"Exudate vs Soil","Exudate","Not selected",3,3,3,3,TRUE,TRUE,TRUE,TRUE,"Leaf + Root + Exudate","RT >= 1 min","MS/MS available","Unknown","Tier 5: low priority"
"F1714_mz199.0968_rt1",0.399190078173478,15.5456133989532,1.82208436703137,0.128795482836473,0.368062967446085,-4.88312316463768,1714,1.005,199.09677,"Unknown","[M+H]+","ion correlated with 1458; ion correlated with 3311; ion correlated with 1088; ion correlated with 1837",0.107,TRUE,"null","null","null","null",999,FALSE,FALSE,FALSE,"null","null","null","null","null",84.71,109497.666666667,24.510307583654,24,"Exudate vs Soil","Exudate","Not selected",3,3,3,3,TRUE,TRUE,TRUE,TRUE,"Leaf + Root + Exudate","RT >= 1 min","MS/MS available","Unknown","Tier 5: low priority"
"F1678_mz196.0973_rt0.96",-0.607826805284247,11.6749858323954,-1.81751055214858,0.129551669681469,0.368973517092557,-4.88882137758985,1678,0.958,196.09729,"Unknown","[M+H]+","ion correlated with 1797; ion correlated with 2082",0.429,FALSE,"null","null","null","null",999,FALSE,FALSE,FALSE,"null","null","null","null","null",98.36,3825.66666666667,307.2143728223,24,"Exudate vs Soil","Soil","Not selected",3,3,3,3,TRUE,TRUE,TRUE,TRUE,"Leaf + Root + Exudate","Early RT","No MS/MS assignment","Unknown","Tier 5: low priority"
"F236_mz93.0701_rt0.95",0.486934256283522,12.1212990911929,1.81693866327166,0.129646538834109,0.368973517092557,-4.88953369637439,236,0.952,93.07007,"Unknown","[M+H]+","found in higher mz's MsMs_583; found in higher mz's MsMs_1015",0.214,FALSE,"null","null","null","null",999,FALSE,FALSE,FALSE,"null","null","null","null","null",81.77,1520.33333333333,250.572304995618,19,"Exudate vs Soil","Exudate","Not selected",3,0,3,3,TRUE,FALSE,TRUE,TRUE,"Leaf + Exudate","Early RT","No MS/MS assignment","Unknown","Tier 5: low priority"
"F312_mz100.1122_rt0.82",0.40172835232371,14.4797084460778,1.81230305196445,0.130418155441133,0.369680854364754,-4.89530627579868,312,0.824,100.11221,"Unknown","[M+H]+","similar chromatogram in higher mz_2104",0.107,TRUE,"null","null","null","null",999,FALSE,FALSE,FALSE,"null","null","null","null","null",688.66,27934.6666666667,472.186547663083,19,"Exudate vs Soil","Exudate","Not selected",3,3,3,3,TRUE,TRUE,TRUE,TRUE,"Leaf + Root + Exudate","Early RT","MS/MS available","Unknown","Tier 5: low priority"
"F3053_mz297.243_rt2.38",0.35625199241188,13.5639380343236,1.81224093709861,0.130428526539946,0.369680854364754,-4.89538360930964,3053,2.381,297.24298,"Unknown","[M+H]+","ion correlated with 2808; ion correlated with 3290",0.214,TRUE,"null","null","null","null",999,FALSE,FALSE,FALSE,"null","null","null","null","null",40.27,11354,27.9985909291061,24,"Exudate vs Soil","Exudate","Not selected",3,3,3,3,TRUE,TRUE,TRUE,TRUE,"Leaf + Root + Exudate","RT >= 1 min","MS/MS available","Unknown","Tier 5: low priority"
"F594_mz121.065_rt1.2",-0.914582128044265,12.3582148474134,-1.80374059271257,0.131855778594319,0.370592185412293,-4.90596250558574,594,1.201,121.06503,"Unknown","[M+H]+","ion correlated with 3105",0.036,FALSE,"null","null","null","null",999,FALSE,FALSE,FALSE,"null","null","null","null","null",23.45,5081.33333333333,28.827310290549,24,"Exudate vs Soil","Soil","Not selected",3,3,3,3,TRUE,TRUE,TRUE,TRUE,"Leaf + Root + Exudate","RT >= 1 min","No MS/MS assignment","Unknown","Tier 5: low priority"
"F3056_mz298.0974_rt0.97",0.553368584396518,12.104424802292,1.80082091184946,0.132349680533572,0.370592185412293,-4.90959421584774,3056,0.973,298.09741,"Unknown","[M+H]+","ion correlated with 3580; ion correlated with 4037; ion correlated with 4687; ion correlated with 3662",0.214,TRUE,"null","null","null","null",999,FALSE,FALSE,FALSE,"null","null","null","null","null",37.11,2699.66666666667,229.857319180449,16,"Exudate vs Soil","Exudate","Not selected",3,3,3,3,TRUE,TRUE,TRUE,TRUE,"Leaf + Root + Exudate","Early RT","MS/MS available","Unknown","Tier 5: low priority"
"F1151_mz160.0607_rt0.49",0.351142955041503,17.8994076739098,1.80079335019442,0.132354351932962,0.370592185412293,-4.90962849431187,1151,0.494,160.06065,"Unknown","[M+H]+","similar chromatogram in higher mz_4391; similar chromatogram in higher mz_4025",0.214,FALSE,"null","null","null","null",999,FALSE,FALSE,FALSE,"null","null","null","null","null",81.6,6636,45.1765858068404,15,"Exudate vs Soil","Exudate","Not selected",1,0,3,3,FALSE,FALSE,TRUE,TRUE,"Exudate only","Very early RT","No MS/MS assignment","Unknown","Tier 5: low priority"
"F3467_mz331.2093_rt8.68",0.272208951445068,15.2036156862497,1.8037401567629,0.131855852200227,0.370592185412293,-4.90596304792508,3467,8.675,331.20935,"Unknown","[M+H]+","ion correlated with 1982",0.036,FALSE,"null","null","null","null",999,FALSE,FALSE,FALSE,"null","null","null","null","null",40.95,40218,5.04584897685174,24,"Exudate vs Soil","Exudate","Not selected",3,3,3,3,TRUE,TRUE,TRUE,TRUE,"Leaf + Root + Exudate","RT >= 1 min","No MS/MS assignment","Unknown","Tier 5: low priority"
"F246_mz95.0493_rt0.83",-0.230161910009051,15.5432726879752,-1.78612032940346,0.134865301772603,0.376861508582313,-4.92786453902391,246,0.828,95.04926,"Unknown","[M+H]+","ion correlated with 3644; ion correlated with 3325; ion correlated with 2072; similar chromatogram in higher mz_1477; found in higher mz's MsMs_1477; similar chromatogram in higher mz_1214; found in higher mz's MsMs_1214; similar chromatogram in higher mz_1813; found in higher mz's MsMs_1900; similar chromatogram in higher mz_338; similar chromatogram in higher mz_1792; similar chromatogram in higher mz_1481; similar chromatogram in higher mz_1501; similar chromatogram in higher mz_3812; similar chromatogram in higher mz_5003",0.25,FALSE,"null","null","null","null",999,FALSE,FALSE,FALSE,"null","null","null","null","null",19.05,37991.3333333333,10.3069742140958,21,"Exudate vs Soil","Soil","Not selected",3,0,3,3,TRUE,FALSE,TRUE,TRUE,"Leaf + Exudate","Early RT","No MS/MS assignment","Unknown","Tier 5: low priority"
"F419_mz109.1014_rt3.54",0.266016045306174,14.4178768968318,1.77798895085996,0.136277648174413,0.379360147156889,-4.93795911373594,419,3.543,109.10136,"Unknown","[M+H]+","ion correlated with 779; ion correlated with 3115; ion correlated with 3702; ion correlated with 3318; ion correlated with 3338; ion correlated with 397; ion correlated with 597; ion correlated with 625; ion correlated with 994; ion correlated with 1019; ion correlated with 1190; ion correlated with 1257; ion correlated with 1630; ion correlated with 2317; ion correlated with 2448; ion correlated with 2474; ion correlated with 2676; ion correlated with 2746; ion correlated with 2954; ion correlated with 3083; ion correlated with 3504; ion correlated with 3745; ion correlated with 3906; ion correlated with 5005; ion correlated with 5013; ion correlated with 5038; ion correlated with 5047; ion correlated with 3515; found in higher mz's MsMs_3115; found in higher mz's MsMs_3702; found in higher mz's MsMs_3318; found in higher mz's MsMs_2676; found in higher mz's MsMs_5005; found in higher mz's MsMs_3847; found in higher mz's MsMs_3515; found in higher mz's MsMs_2474; found in higher mz's MsMs_2954; found in higher mz's MsMs_3083; found in higher mz's MsMs_3504",0.107,FALSE,"null","null","null","null",999,FALSE,FALSE,FALSE,"null","null","null","null","null",23.38,20606.6666666667,26.9569092408974,24,"Exudate vs Soil","Exudate","Not selected",3,3,3,3,TRUE,TRUE,TRUE,TRUE,"Leaf + Root + Exudate","RT >= 1 min","No MS/MS assignment","Unknown","Tier 5: low priority"
"F585_mz120.081_rt1.17",0.265115286566305,14.5421651719862,1.77625591567838,0.136580601321275,0.379360147156889,-4.94010948685919,585,1.173,120.08098,"Unknown","[M+H]+","found in higher mz's MsMs_3024",0.036,TRUE,"null","null","null","null",999,FALSE,FALSE,FALSE,"null","null","null","null","null",288.04,19340.6666666667,182.814545454545,24,"Exudate vs Soil","Exudate","Not selected",3,3,3,3,TRUE,TRUE,TRUE,TRUE,"Leaf + Root + Exudate","RT >= 1 min","MS/MS available","Unknown","Tier 5: low priority"
"F2083_mz224.1131_rt0.44",0.231619394264424,14.7679823445266,1.77696109818346,0.136457245271012,0.379360147156889,-4.93923453318069,2083,0.444,224.11311,"Unknown","[M+H]+","ion correlated with 2997",0.321,FALSE,"null","null","null","null",999,FALSE,FALSE,FALSE,"null","null","null","null","null",104.16,48016.3333333333,25.3372254463666,19,"Exudate vs Soil","Exudate","Not selected",0,1,3,3,FALSE,FALSE,TRUE,TRUE,"Exudate only","Very early RT","No MS/MS assignment","Unknown","Tier 5: low priority"
"F3744_mz357.1905_rt1.18",0.452662340097552,10.920159335612,1.77199339205672,0.13732865357139,0.380675027699894,-4.94539684556313,3744,1.182,357.19046,"Unknown","[M+H]+","ion correlated with 1408",0.036,FALSE,"null","null","null","null",999,FALSE,FALSE,FALSE,"null","null","null","null","null",23.9,566.666666666667,248.052260716383,22,"Exudate vs Soil","Exudate","Not selected",3,1,3,3,TRUE,FALSE,TRUE,TRUE,"Leaf + Exudate","RT >= 1 min","No MS/MS assignment","Unknown","Tier 5: low priority"
"F2031_mz220.9355_rt0.41",-0.311397666423732,18.6443685164615,-1.76494121982179,0.138575431254074,0.382600692665632,-4.9541393731664,2031,0.408,220.93546,"Unknown","[M+H]+",NA,0.179,FALSE,"null","null","null","null",999,FALSE,FALSE,FALSE,"null","null","null","null","null",95.94,20968.6666666667,26.2835365369025,24,"Exudate vs Soil","Soil","Not selected",3,3,3,3,TRUE,TRUE,TRUE,TRUE,"Leaf + Root + Exudate","Very early RT","No MS/MS assignment","Unknown","Tier 5: low priority"
"F870_mz140.0683_rt5.72",0.197502177537119,17.9701233176937,1.76562449870268,0.138454130631439,0.382600692665632,-4.95329260399388,870,5.717,140.06834,"Unknown","[M+H]+",NA,0.143,TRUE,"null","null","null","null",999,FALSE,FALSE,FALSE,"null","null","null","null","null",16.42,311750.333333333,8.44173454484023,24,"Exudate vs Soil","Exudate","Not selected",3,3,3,3,TRUE,TRUE,TRUE,TRUE,"Leaf + Root + Exudate","RT >= 1 min","MS/MS available","Unknown","Tier 5: low priority"
"F52_mz70.0654_rt0.67",0.267672356045143,16.1467116956863,1.76222968228054,0.139057867748593,0.383169393040856,-4.95749909522545,52,0.666,70.06535,"Unknown","[M+H]+","ion correlated with 2015; ion correlated with 530; ion correlated with 2509; found in higher mz's MsMs_458; similar chromatogram in higher mz_3688; similar chromatogram in higher mz_1021",0.321,FALSE,"null","null","null","null",999,FALSE,FALSE,FALSE,"null","null","null","null","null",77,187364.333333333,6.34397505052518,24,"Exudate vs Soil","Exudate","Not selected",3,3,3,3,TRUE,TRUE,TRUE,TRUE,"Leaf + Root + Exudate","Early RT","No MS/MS assignment","Unknown","Tier 5: low priority"
"F2314_mz243.1344_rt1.09",0.803446729782662,11.9624932532223,1.75769240337822,0.139868955872343,0.383376983914034,-4.9631187835599,2314,1.091,243.13443,"Unknown","[M+H]+",NA,0.464,TRUE,"null","null","null","null",999,FALSE,FALSE,FALSE,"null","null","null","null","null",268.73,3434.66666666667,1744.90006791501,19,"Exudate vs Soil","Exudate","Not selected",0,1,3,3,FALSE,FALSE,TRUE,TRUE,"Exudate only","RT >= 1 min","MS/MS available","Unknown","Tier 5: low priority"
"F2514_mz258.2796_rt2.86",0.269558679094199,15.7428904782599,1.75716789812369,0.139963025873378,0.383376983914034,-4.96376823410856,2514,2.859,258.2796,"Unknown","[M+H]+",NA,0.643,TRUE,"null","null","null","null",999,FALSE,FALSE,FALSE,"null","null","null","null","null",1642.29,58234.6666666667,421.680602379985,24,"Exudate vs Soil","Exudate","Not selected",3,3,3,3,TRUE,TRUE,TRUE,TRUE,"Leaf + Root + Exudate","RT >= 1 min","MS/MS available","Unknown","Tier 5: low priority"
"F2640_mz268.9482_rt0.39",-0.442110446044731,16.4422978114453,-1.75167056151084,0.140952841327949,0.384158839304273,-4.97057284682795,2640,0.387,268.94818,"Unknown","[M+H]+","ion correlated with 2897",0.464,FALSE,"null","null","null","null",999,FALSE,FALSE,FALSE,"null","null","null","null","null",177.04,0,563869,24,"Exudate vs Soil","Soil","Not selected",3,3,3,3,TRUE,TRUE,TRUE,TRUE,"Leaf + Root + Exudate","Very early RT","No MS/MS assignment","Unknown","Tier 5: low priority"
"F2150_mz229.1188_rt1.01",0.42764217584243,12.9476084783432,1.75135133453051,0.141010536815706,0.384158839304273,-4.97096785801206,2150,1.011,229.1188,"Unknown","[M+H]+","ion correlated with 1043; ion correlated with 2373; ion correlated with 2975; ion correlated with 2181",0.071,TRUE,"null","null","null","null",999,FALSE,FALSE,FALSE,"null","null","null","null","null",296.24,3973.66666666667,580.580761489433,20,"Exudate vs Soil","Exudate","Not selected",0,2,3,3,FALSE,TRUE,TRUE,TRUE,"Root + Exudate","RT >= 1 min","MS/MS available","Unknown","Tier 5: low priority"
"F2943_mz289.1422_rt0.42",0.564446615080398,16.457070521189,1.74899112935662,0.1414378516552,0.384378161557072,-4.97388793200624,2943,0.415,289.14215,"Unknown","[M+H]+",NA,0.25,FALSE,"null","null","null","null",999,FALSE,FALSE,FALSE,"null","null","null","null","null",20.2,0,248020,24,"Exudate vs Soil","Exudate","Not selected",3,3,3,3,TRUE,TRUE,TRUE,TRUE,"Leaf + Root + Exudate","Very early RT","No MS/MS assignment","Unknown","Tier 5: low priority"
"F71_mz74.0601_rt0.45",0.206232279686619,17.2634701362405,1.74588740398544,0.142001778080231,0.384403250818749,-4.97772670553519,71,0.451,74.06015,"Unknown","[M+H]+","ion correlated with 1085; ion correlated with 93; ion correlated with 4479; similar chromatogram in higher mz_218; found in higher mz's MsMs_2435; similar chromatogram in higher mz_783; found in higher mz's MsMs_2215; similar chromatogram in higher mz_754; similar chromatogram in higher mz_1778; similar chromatogram in higher mz_1971; similar chromatogram in higher mz_2009; similar chromatogram in higher mz_2042; similar chromatogram in higher mz_2252; similar chromatogram in higher mz_2655; similar chromatogram in higher mz_3021; similar chromatogram in higher mz_3352; similar chromatogram in higher mz_4001; similar chromatogram in higher mz_4617; similar chromatogram in higher mz_3378; similar chromatogram in higher mz_4569; similar chromatogram in higher mz_3949",0.393,FALSE,"null","null","null","null",999,FALSE,FALSE,FALSE,"null","null","null","null","null",29.38,259343.333333333,12.9204789514069,24,"Exudate vs Soil","Exudate","Not selected",3,3,3,3,TRUE,TRUE,TRUE,TRUE,"Leaf + Root + Exudate","Very early RT","No MS/MS assignment","Unknown","Tier 5: low priority"
"F552_mz118.0864_rt0.47",0.234656585980558,22.6201737074113,1.74284252752325,0.142557224351709,0.384405278115699,-4.98149136395177,552,0.465,118.08639,"Unknown","[M+H]+","ion correlated with 547; found in higher mz's MsMs_2227",0.464,TRUE,"null","null","null","null",999,FALSE,FALSE,FALSE,"null","null","null","null","null",1668.43,5914958,88.1741254673109,24,"Exudate vs Soil","Exudate","Not selected",3,3,3,3,TRUE,TRUE,TRUE,TRUE,"Leaf + Root + Exudate","Very early RT","MS/MS available","Unknown","Tier 5: low priority"
"F2007_mz219.0101_rt0.64",0.380573985912758,15.985181292438,1.73734400411001,0.143565840975088,0.384966291341763,-4.98828631117934,2007,0.639,219.01012,"Unknown","[M+H]+",NA,0.071,FALSE,"null","null","null","null",999,FALSE,FALSE,FALSE,"null","null","null","null","null",56.64,50206.6666666667,5.88220922435485,24,"Exudate vs Soil","Exudate","Not selected",3,3,3,3,TRUE,TRUE,TRUE,TRUE,"Leaf + Root + Exudate","Early RT","No MS/MS assignment","Unknown","Tier 5: low priority"
"F1353_mz173.9295_rt0.39",-0.616578035332902,17.6097556306882,-1.72805633262456,0.145285930459524,0.38850431833201,-4.99975372617959,1353,0.394,173.92946,"Unknown","[M+H]+","ion correlated with 380; ion correlated with 4537; ion correlated with 528; ion correlated with 494; ion correlated with 1695",0.214,FALSE,"null","null","null","null",999,FALSE,FALSE,FALSE,"null","null","null","null","null",175.32,0,342499,13,"Exudate vs Soil","Soil","Not selected",0,3,3,3,FALSE,TRUE,TRUE,TRUE,"Root + Exudate","Very early RT","No MS/MS assignment","Unknown","Tier 5: low priority"
"F309_mz100.0759_rt0.97",-0.313058028427187,17.2696330421636,-1.71838304535111,0.147099566110601,0.392076920440948,-5.01168344252786,309,0.968,100.07587,"Unknown","[M+H]+","ion correlated with 1120; similar chromatogram in higher mz_2868; similar chromatogram in higher mz_3900; similar chromatogram in higher mz_4467; similar chromatogram in higher mz_4696; similar chromatogram in higher mz_1120; similar chromatogram in higher mz_2994; similar chromatogram in higher mz_2178; similar chromatogram in higher mz_4753; similar chromatogram in higher mz_4607",0.357,TRUE,"null","null","null","null",999,FALSE,FALSE,FALSE,"null","null","null","null","null",444.67,182151,42.7413094558391,24,"Exudate vs Soil","Soil","Not selected",3,3,3,3,TRUE,TRUE,TRUE,TRUE,"Leaf + Root + Exudate","Early RT","MS/MS available","Unknown","Tier 5: low priority"
"F1747_mz201.1125_rt1.12",-0.357194048056799,13.7304820805669,-1.71550149275184,0.147644227351285,0.392773318827027,-5.01523436824027,1747,1.117,201.11246,"Unknown","[M+H]+","ion correlated with 1020; ion correlated with 4035; ion correlated with 2094; ion correlated with 2128; ion correlated with 4486; ion correlated with 4167; ion correlated with 1764; ion correlated with 3971; ion correlated with 4684; ion correlated with 4647; ion correlated with 4543; ion correlated with 3898; ion correlated with 3143; ion correlated with 3772; ion correlated with 4341; ion correlated with 4388; ion correlated with 4166; ion correlated with 4952",0.107,FALSE,"null","null","null","null",999,FALSE,FALSE,FALSE,"null","null","null","null","null",20.67,19791,14.6685529506871,24,"Exudate vs Soil","Soil","Not selected",3,3,3,3,TRUE,TRUE,TRUE,TRUE,"Leaf + Root + Exudate","RT >= 1 min","No MS/MS assignment","Unknown","Tier 5: low priority"
"F2178_mz231.0771_rt0.97",0.24131470041074,14.8808542072278,1.69853537517859,0.150892539528631,0.400645708403607,-5.03611486975386,2178,0.968,231.07715,"Unknown","[M+H]+",NA,0.25,FALSE,"null","null","null","null",999,FALSE,FALSE,FALSE,"null","null","null","null","null",93.76,13065,34.734654829328,23,"Exudate vs Soil","Exudate","Not selected",2,3,3,3,TRUE,TRUE,TRUE,TRUE,"Leaf + Root + Exudate","Early RT","No MS/MS assignment","Unknown","Tier 5: low priority"
"F3868_mz368.2187_rt1.05",0.605867402618517,13.2870993072751,1.69648505344121,0.151289929285896,0.400932776271993,-5.03863506600285,3868,1.048,368.21872,"Unknown","[M+H]+","ion correlated with 3969; ion correlated with 4335",0.071,FALSE,"null","null","null","null",999,FALSE,FALSE,FALSE,"null","null","null","null","null",15.02,8545,17.9473437865668,24,"Exudate vs Soil","Exudate","Not selected",3,3,3,3,TRUE,TRUE,TRUE,TRUE,"Leaf + Root + Exudate","RT >= 1 min","No MS/MS assignment","Unknown","Tier 5: low priority"
"F1379_mz175.112_rt3.54",0.704188545625419,11.9653471076793,1.69177943681019,0.152205943632086,0.40259053029403,-5.04441642569571,1379,3.544,175.11198,"Unknown","[M+H]+","ion correlated with 1041; ion correlated with 779; ion correlated with 2014; ion correlated with 2157; ion correlated with 376; ion correlated with 741; ion correlated with 856; ion correlated with 1141; ion correlated with 1546; ion correlated with 1893; ion correlated with 2293; ion correlated with 2563; ion correlated with 3959; ion correlated with 3338; ion correlated with 956; ion correlated with 397; ion correlated with 597; ion correlated with 625; ion correlated with 1019; ion correlated with 1190; ion correlated with 1257; ion correlated with 1349; ion correlated with 1630; ion correlated with 1752; ion correlated with 2317; ion correlated with 2448; ion correlated with 2474; ion correlated with 2746; ion correlated with 2954; ion correlated with 3083; ion correlated with 3098; ion correlated with 3118; ion correlated with 3504; ion correlated with 5005; ion correlated with 5013; ion correlated with 5038; ion correlated with 5047; ion correlated with 4092; ion correlated with 3515; ion correlated with 3942; ion correlated with 4987",0.036,FALSE,"null","null","null","null",999,FALSE,FALSE,FALSE,"null","null","null","null","null",31.25,5372,42.1487064954402,24,"Exudate vs Soil","Exudate","Not selected",3,3,3,3,TRUE,TRUE,TRUE,TRUE,"Leaf + Root + Exudate","RT >= 1 min","No MS/MS assignment","Unknown","Tier 5: low priority"
"F2994_mz293.1614_rt0.98",0.446722727450206,13.2013308377072,1.68774546531528,0.152995644543713,0.403007283217883,-5.04936962777138,2994,0.975,293.16138,"Unknown","[M+H]+","ion correlated with 1273; ion correlated with 2802; ion correlated with 2829; ion correlated with 3902; ion correlated with 3743; ion correlated with 2444; ion correlated with 2926; ion correlated with 2620; ion correlated with 1374",0.357,TRUE,"null","null","null","null",999,FALSE,FALSE,FALSE,"null","null","null","null","null",126.88,6375.66666666667,237.966806063774,21,"Exudate vs Soil","Exudate","Not selected",2,1,3,3,TRUE,FALSE,TRUE,TRUE,"Leaf + Exudate","Early RT","MS/MS available","Unknown","Tier 5: low priority"
"F4046_mz388.8576_rt0.41",0.438434902668327,17.3514895137096,1.6887883289781,0.152791097551037,0.403007283217883,-5.04808938900407,4046,0.414,388.85764,"Unknown","[M+H]+",NA,0.643,FALSE,"null","null","null","null",999,FALSE,FALSE,FALSE,"null","null","null","null","null",582.42,0,212815,24,"Exudate vs Soil","Exudate","Not selected",3,3,3,3,TRUE,TRUE,TRUE,TRUE,"Leaf + Root + Exudate","Very early RT","No MS/MS assignment","Unknown","Tier 5: low priority"
"F2856_mz284.0995_rt0.88",0.249116454186616,12.9239844854931,1.68652276767344,0.153235814037391,0.403007283217883,-5.05087039777902,2856,0.88,284.09949,"Unknown","[M+H]+","ion correlated with 1049; ion correlated with 924; similar chromatogram in higher mz_4400",0.464,TRUE,"null","null","null","null",999,FALSE,FALSE,FALSE,"null","null","null","null","null",1270.15,0,9523319,24,"Exudate vs Soil","Exudate","Not selected",3,3,3,3,TRUE,TRUE,TRUE,TRUE,"Leaf + Root + Exudate","Early RT","MS/MS available","Unknown","Tier 5: low priority"
"F3869_mz368.2282_rt1.15",0.404562771893606,13.8118704254095,1.68426256684178,0.153680772112979,0.40341202679657,-5.05364395095529,3869,1.149,368.22821,"Unknown","[M+H]+",NA,0.107,FALSE,"null","null","null","null",999,FALSE,FALSE,FALSE,"null","null","null","null","null",24.3,12491.6666666667,31.2686642830461,24,"Exudate vs Soil","Exudate","Not selected",3,3,3,3,TRUE,TRUE,TRUE,TRUE,"Leaf + Root + Exudate","RT >= 1 min","No MS/MS assignment","Unknown","Tier 5: low priority"
"F1394_mz176.8941_rt0.44",-0.685831954988339,15.2018858892499,-1.66650763344261,0.15722145125049,0.408846771437699,-5.07540041807054,1394,0.443,176.8941,"Unknown","[M+H]+",NA,0.179,FALSE,"null","null","null","null",999,FALSE,FALSE,FALSE,"null","null","null","null","null",1536,0,360448,17,"Exudate vs Soil","Soil","Not selected",3,0,3,3,TRUE,FALSE,TRUE,TRUE,"Leaf + Exudate","Very early RT","No MS/MS assignment","Unknown","Tier 5: low priority"
"F3366_mz320.8667_rt0.41",0.521826404468457,18.9575651785367,1.66648474853738,0.157226067226763,0.408846771437699,-5.07542842439376,3366,0.413,320.86673,"Unknown","[M+H]+","ion correlated with 1828; ion correlated with 2965",0.857,TRUE,"null","null","null","null",999,FALSE,FALSE,FALSE,"null","null","null","null","null",413,0,3099647,24,"Exudate vs Soil","Exudate","Not selected",3,3,3,3,TRUE,TRUE,TRUE,TRUE,"Leaf + Root + Exudate","Very early RT","MS/MS available","Unknown","Tier 5: low priority"
"F612_mz122.0966_rt0.99",0.314681080928388,14.5373415905378,1.66943985217575,0.156631130728499,0.408846771437699,-5.07181121359682,612,0.988,122.09656,"Unknown","[M+H]+","ion correlated with 377",0.143,TRUE,"null","null","null","null",999,FALSE,FALSE,FALSE,"null","null","null","null","null",154.83,163438.333333333,54.6279700112988,24,"Exudate vs Soil","Exudate","Not selected",3,3,3,3,TRUE,TRUE,TRUE,TRUE,"Leaf + Root + Exudate","Early RT","MS/MS available","Unknown","Tier 5: low priority"
"F1443_mz180.1021_rt1.03",0.226970091397646,15.9413079012932,1.66748655699797,0.157024125293095,0.408846771437699,-5.07420233211531,1443,1.033,180.1021,"Unknown","[M+H]+",NA,0.071,FALSE,"null","null","null","null",999,FALSE,FALSE,FALSE,"null","null","null","null","null",82.67,34936.6666666667,35.1442759962982,24,"Exudate vs Soil","Exudate","Not selected",3,3,3,3,TRUE,TRUE,TRUE,TRUE,"Leaf + Root + Exudate","RT >= 1 min","No MS/MS assignment","Unknown","Tier 5: low priority"
"F2635_mz268.1392_rt0.72",0.244187005755752,15.6393021893761,1.65998366519889,0.158542861179993,0.410729730084992,-5.08338051524443,2635,0.72,268.13925,"Unknown","[M+H]+",NA,0.107,FALSE,"null","null","null","null",999,FALSE,FALSE,FALSE,"null","null","null","null","null",31.28,47204.6666666667,5.28904721890733,20,"Exudate vs Soil","Exudate","Not selected",3,3,3,3,TRUE,TRUE,TRUE,TRUE,"Leaf + Root + Exudate","Early RT","No MS/MS assignment","Unknown","Tier 5: low priority"
"F363_mz104.0708_rt0.66",0.220452021023771,15.7180062614142,1.66043940032265,0.158450194011731,0.410729730084992,-5.08282331536697,363,0.659,104.07083,"Unknown","[M+H]+",NA,0.036,FALSE,"null","null","null","null",999,FALSE,FALSE,FALSE,"null","null","null","null","null",12.03,51840.6666666667,8.87490757113004,23,"Exudate vs Soil","Exudate","Not selected",3,2,3,3,TRUE,TRUE,TRUE,TRUE,"Leaf + Root + Exudate","Early RT","No MS/MS assignment","Unknown","Tier 5: low priority"
"F521_mz116.1072_rt0.9",0.351500231773305,14.4058815034864,1.64712078103674,0.161180767722251,0.416008461942346,-5.0990911736331,521,0.901,116.10715,"Unknown","[M+H]+","ion correlated with 4069; ion correlated with 4514; ion correlated with 1730; ion correlated with 4880; ion correlated with 278; ion correlated with 1929; ion correlated with 1904; ion correlated with 1114",0.107,TRUE,"null","null","null","null",999,FALSE,FALSE,FALSE,"null","null","null","null","null",113.32,40129.6666666667,38.2226393780318,13,"Exudate vs Soil","Exudate","Not selected",3,2,3,3,TRUE,TRUE,TRUE,TRUE,"Leaf + Root + Exudate","Early RT","MS/MS available","Unknown","Tier 5: low priority"
"F583_mz120.0809_rt0.95",0.208263836610054,17.1527816539195,1.64778969492542,0.161042514908546,0.416008461942346,-5.09827493727043,583,0.954,120.08092,"Unknown","[M+H]+","found in higher mz's MsMs_1231; found in higher mz's MsMs_4074; found in higher mz's MsMs_3428; found in higher mz's MsMs_3223; found in higher mz's MsMs_3381; found in higher mz's MsMs_4588; similar chromatogram in higher mz_4002",0.679,TRUE,"null","null","null","null",999,FALSE,FALSE,FALSE,"null","null","null","null","null",11317.66,127630,2099.5415925598,24,"Exudate vs Soil","Exudate","Not selected",3,3,3,3,TRUE,TRUE,TRUE,TRUE,"Leaf + Root + Exudate","Early RT","MS/MS available","Unknown","Tier 5: low priority"
"F994_mz147.1169_rt3.55",0.229914107945441,13.9507647362139,1.6367905974257,0.163330906265965,0.418324809589712,-5.11168551232872,994,3.547,147.11693,"Unknown","[M+H]+","ion correlated with 419; ion correlated with 779; ion correlated with 2157; ion correlated with 3115; ion correlated with 3702; ion correlated with 3318; ion correlated with 3338; ion correlated with 397; ion correlated with 597; ion correlated with 625; ion correlated with 1019; ion correlated with 1190; ion correlated with 1257; ion correlated with 1349; ion correlated with 1630; ion correlated with 1752; ion correlated with 2317; ion correlated with 2448; ion correlated with 2474; ion correlated with 2676; ion correlated with 2746; ion correlated with 2954; ion correlated with 3083; ion correlated with 3504; ion correlated with 3745; ion correlated with 3906; ion correlated with 5013; ion correlated with 5038; ion correlated with 5047; ion correlated with 3515; found in higher mz's MsMs_3115; found in higher mz's MsMs_3702; found in higher mz's MsMs_3318; found in higher mz's MsMs_2676; found in higher mz's MsMs_5005; found in higher mz's MsMs_3847; found in higher mz's MsMs_3515; found in higher mz's MsMs_3976; found in higher mz's MsMs_2746; found in higher mz's MsMs_2954; found in higher mz's MsMs_3504",0.107,FALSE,"null","null","null","null",999,FALSE,FALSE,FALSE,"null","null","null","null","null",18.57,17551.6666666667,23.813931406434,24,"Exudate vs Soil","Exudate","Not selected",3,3,3,3,TRUE,TRUE,TRUE,TRUE,"Leaf + Root + Exudate","RT >= 1 min","No MS/MS assignment","Unknown","Tier 5: low priority"
"F2458_mz254.1619_rt0.76",0.207028806918658,15.1338255119708,1.63349142880854,0.164023594925666,0.418667960528496,-5.11570338680892,2458,0.755,254.1619,"Unknown","[M+H]+",NA,0.036,FALSE,"null","null","null","null",999,FALSE,FALSE,FALSE,"null","null","null","null","null",80.62,24953,13.5381501963613,16,"Exudate vs Soil","Exudate","Not selected",1,2,3,3,FALSE,TRUE,TRUE,TRUE,"Root + Exudate","Early RT","No MS/MS assignment","Unknown","Tier 5: low priority"
"F2292_mz241.1802_rt1.2",0.219625738965804,14.0730841292906,1.62787352926943,0.165209847135032,0.420920676708004,-5.12254012623044,2292,1.201,241.18018,"Unknown","[M+H]+",NA,0.036,FALSE,"null","null","null","null",999,FALSE,FALSE,FALSE,"null","null","null","null","null",14.53,17136.3333333333,8.91042947171866,24,"Exudate vs Soil","Exudate","Not selected",3,3,3,3,TRUE,TRUE,TRUE,TRUE,"Leaf + Root + Exudate","RT >= 1 min","No MS/MS assignment","Unknown","Tier 5: low priority"
"F1625_mz193.1226_rt1.18",0.364715727462684,13.8020315657696,1.62079646610462,0.166716343589668,0.423979545349137,-5.13114352889399,1625,1.182,193.12259,"Unknown","[M+H]+","ion correlated with 4061; ion correlated with 4076; ion correlated with 1665",0.036,FALSE,"null","null","null","null",999,FALSE,FALSE,FALSE,"null","null","null","null","null",30.82,10859.3333333333,173.831681041098,24,"Exudate vs Soil","Exudate","Not selected",3,3,3,3,TRUE,TRUE,TRUE,TRUE,"Leaf + Root + Exudate","RT >= 1 min","No MS/MS assignment","Unknown","Tier 5: low priority"
"F2343_mz245.0999_rt0.93",-0.932075923320922,13.1566020132747,-1.61897345329308,0.167106611585679,0.424193706332877,-5.13335805836614,2343,0.929,245.0999,"Unknown","[M+H]+",NA,0.5,TRUE,"null","null","null","null",999,FALSE,FALSE,FALSE,"null","null","null","null","null",225.45,7351.66666666667,479.051636594433,24,"Exudate vs Soil","Soil","Not selected",3,3,3,3,TRUE,TRUE,TRUE,TRUE,"Leaf + Root + Exudate","Early RT","MS/MS available","Unknown","Tier 5: low priority"
"F620_mz123.0443_rt0.55",-0.212247882542284,16.2705872434007,-1.6135252427495,0.168278362953418,0.426387223132427,-5.13997224142862,620,0.55,123.04429,"Unknown","[M+H]+","found in higher mz's MsMs_1476",0.036,FALSE,"null","null","null","null",999,FALSE,FALSE,FALSE,"null","null","null","null","null",24.6,61898.6666666667,7.68151147825244,12,"Exudate vs Soil","Soil","Not selected",0,0,3,3,FALSE,FALSE,TRUE,TRUE,"Exudate only","Early RT","No MS/MS assignment","Unknown","Tier 5: low priority"
"F1810_mz205.0975_rt1.01",0.234478157766411,16.1827602216785,1.60160807195357,0.170869836376503,0.432163491273418,-5.15441800744057,1810,1.006,205.09747,"Unknown","[M+H]+","similar chromatogram in higher mz_4785",0.643,TRUE,"null","null","null","null",999,FALSE,FALSE,FALSE,"null","null","null","null","null",5198.17,71626,1011.79768802267,24,"Exudate vs Soil","Exudate","Not selected",3,3,3,3,TRUE,TRUE,TRUE,TRUE,"Leaf + Root + Exudate","RT >= 1 min","MS/MS available","Unknown","Tier 5: low priority"
"F490_mz114.0552_rt0.87",0.201065032823703,15.6886332724779,1.59810317775007,0.171639483801893,0.433319352549042,-5.15866077614137,490,0.87,114.05521,"Unknown","[M+H]+","ion correlated with 2520",0.071,FALSE,"null","null","null","null",999,FALSE,FALSE,FALSE,"null","null","null","null","null",22.61,67943,5.89408924997056,23,"Exudate vs Soil","Exudate","Not selected",3,2,3,3,TRUE,TRUE,TRUE,TRUE,"Leaf + Root + Exudate","Early RT","No MS/MS assignment","Unknown","Tier 5: low priority"
"F2848_mz283.1086_rt1.07",-0.390210826210158,12.4537202592547,-1.59160398596893,0.173075727658356,0.436150833699056,-5.16652111910258,2848,1.07,283.10861,"Unknown","[M+H]+","ion correlated with 3678; ion correlated with 3734; ion correlated with 3233",0.321,FALSE,"null","null","null","null",999,FALSE,FALSE,FALSE,"null","null","null","null","null",51.14,556,591.694793536804,21,"Exudate vs Soil","Soil","Not selected",1,2,3,3,FALSE,TRUE,TRUE,TRUE,"Root + Exudate","RT >= 1 min","No MS/MS assignment","Unknown","Tier 5: low priority"
"F1373_mz175.0603_rt0.48",0.777864686267115,13.1318575330468,1.58137468876881,0.175360328864126,0.439792868060646,-5.17887376293311,1373,0.476,175.0603,"Unknown","[M+H]+","ion correlated with 2903",0.107,FALSE,"null","null","null","null",999,FALSE,FALSE,FALSE,"null","null","null","null","null",67.92,16881.3333333333,37.1734752305171,24,"Exudate vs Soil","Exudate","Not selected",3,3,3,3,TRUE,TRUE,TRUE,TRUE,"Leaf + Root + Exudate","Very early RT","No MS/MS assignment","Unknown","Tier 5: low priority"
"F277_mz98.0965_rt0.66",0.186669656842571,15.1599475703935,1.58087399919066,0.175472912003995,0.439792868060646,-5.1794777775919,277,0.658,98.09654,"Unknown","[M+H]+","ion correlated with 1941; found in higher mz's MsMs_1613",0.107,TRUE,"null","null","null","null",999,FALSE,FALSE,FALSE,"null","null","null","null","null",550.15,44893,159.573862876999,10,"Exudate vs Soil","Exudate","Not selected",3,1,3,3,TRUE,FALSE,TRUE,TRUE,"Leaf + Exudate","Early RT","MS/MS available","Unknown","Tier 5: low priority"
"F2589_mz264.145_rt0.91",0.288636805389738,14.2690146876855,1.5777919633686,0.17616749565241,0.439942610764396,-5.18319458056903,2589,0.91,264.14496,"Unknown","[M+H]+",NA,0.036,FALSE,"null","null","null","null",999,FALSE,FALSE,FALSE,"null","null","null","null","null",27.29,26259.6666666667,7.02263207331624,16,"Exudate vs Soil","Exudate","Not selected",0,0,3,3,FALSE,FALSE,TRUE,TRUE,"Exudate only","Early RT","No MS/MS assignment","Unknown","Tier 5: low priority"
"F2169_mz230.2482_rt2.01",0.211321748461173,16.9015141232918,1.57816800674957,0.176082603815536,0.439942610764396,-5.18274120469865,2169,2.008,230.24815,"Unknown","[M+H]+","similar chromatogram in higher mz_4469",0.964,TRUE,"null","null","null","null",999,FALSE,FALSE,FALSE,"null","null","null","null","null",824.39,128880.666666667,270.242912749421,24,"Exudate vs Soil","Exudate","Not selected",3,3,3,3,TRUE,TRUE,TRUE,TRUE,"Leaf + Root + Exudate","RT >= 1 min","MS/MS available","Unknown","Tier 5: low priority"
"F656_mz125.102_rt0.86",0.417161836672116,14.5885951318213,1.57637765554294,0.176487136549666,0.439948149744312,-5.18489944717043,656,0.859,125.10196,"Unknown","[M+H]+","ion correlated with 2403; ion correlated with 1429",0.107,FALSE,"null","null","null","null",999,FALSE,FALSE,FALSE,"null","null","null","null","null",33.07,45920,14.6724809999782,14,"Exudate vs Soil","Exudate","Not selected",3,0,3,3,TRUE,FALSE,TRUE,TRUE,"Leaf + Exudate","Early RT","No MS/MS assignment","Unknown","Tier 5: low priority"
"F5158_mz794.5785_rt8.26",-0.640407732483811,13.0267672713288,-1.57279777734761,0.177298759477032,0.441177882648415,-5.18921272394113,5158,8.256,794.57855,"Unknown","[M+H]+","ion correlated with 5167",0.071,TRUE,"null","null","null","null",999,FALSE,FALSE,FALSE,"null","null","null","null","null",355.92,18992.6666666667,54.1234095575718,24,"Exudate vs Soil","Soil","Not selected",3,3,3,3,TRUE,TRUE,TRUE,TRUE,"Leaf + Root + Exudate","RT >= 1 min","MS/MS available","Unknown","Tier 5: low priority"
"F1468_mz181.1226_rt2.08",-0.564185521736693,12.1293587585201,-1.56227071249138,0.179706747107359,0.443191372759429,-5.20187910700739,1468,2.08,181.12262,"Unknown","[M+H]+","ion correlated with 378; ion correlated with 742; ion correlated with 957; ion correlated with 1018; ion correlated with 1629; ion correlated with 1658; ion correlated with 2022; ion correlated with 2911; ion correlated with 420; ion correlated with 628; ion correlated with 995; ion correlated with 1351; ion correlated with 1570; ion correlated with 1694; ion correlated with 1719; ion correlated with 1894; ion correlated with 2137; ion correlated with 2318; ion correlated with 2447; ion correlated with 4946; ion correlated with 596; ion correlated with 1191; ion correlated with 2158; ion correlated with 2500; ion correlated with 2394; ion correlated with 56; ion correlated with 1140; ion correlated with 1167; ion correlated with 1258; ion correlated with 2582; ion correlated with 3907; ion correlated with 3941; ion correlated with 5039; ion correlated with 2347; ion correlated with 4118; ion correlated with 3777; ion correlated with 3979; ion correlated with 3997",0.107,FALSE,"null","null","null","null",999,FALSE,FALSE,FALSE,"null","null","null","null","null",5.2,9000,38.2616375958227,24,"Exudate vs Soil","Soil","Not selected",3,3,3,3,TRUE,TRUE,TRUE,TRUE,"Leaf + Root + Exudate","RT >= 1 min","No MS/MS assignment","Unknown","Tier 5: low priority"
"F393_mz107.0704_rt0.74",-0.412217412176395,15.9660729605139,-1.56415575057075,0.17927321082651,0.443191372759429,-5.19961290977207,393,0.743,107.07037,"Unknown","[M+H]+","ion correlated with 643; similar chromatogram in higher mz_2232; similar chromatogram in higher mz_2962; similar chromatogram in higher mz_3010; similar chromatogram in higher mz_2269; similar chromatogram in higher mz_4867",0.429,TRUE,"null","null","null","null",999,FALSE,FALSE,FALSE,"null","null","null","null","null",2125.55,64835.3333333333,388.822064788776,20,"Exudate vs Soil","Soil","Not selected",1,1,3,3,FALSE,FALSE,TRUE,TRUE,"Exudate only","Early RT","MS/MS available","Unknown","Tier 5: low priority"
"F2148_mz229.0841_rt0.42",0.37056506151345,17.3038069971091,1.56256911253877,0.179638050175499,0.443191372759429,-5.20152042601659,2148,0.415,229.08414,"Unknown","[M+H]+",NA,0.857,FALSE,"null","null","null","null",999,FALSE,FALSE,FALSE,"null","null","null","null","null",31.73,1699.66666666667,210.41219129753,24,"Exudate vs Soil","Exudate","Not selected",3,3,3,3,TRUE,TRUE,TRUE,TRUE,"Leaf + Root + Exudate","Very early RT","No MS/MS assignment","Unknown","Tier 5: low priority"
"F1924_mz213.9698_rt0.45",-0.273848846076411,17.0237025387229,-1.5567628564169,0.180979389701998,0.443503564925777,-5.20849580426282,1924,0.447,213.9698,"Unknown","[M+H]+","ion correlated with 1695; ion correlated with 834; ion correlated with 2650; ion correlated with 4008; ion correlated with 3597; ion correlated with 3866",0.214,FALSE,"null","null","null","null",999,FALSE,FALSE,FALSE,"null","null","null","null","null",77.34,0,174012,6,"Exudate vs Soil","Soil","Not selected",0,0,3,3,FALSE,FALSE,TRUE,TRUE,"Exudate only","Very early RT","No MS/MS assignment","Unknown","Tier 5: low priority"
"F618_mz123.0442_rt0.83",-0.186828763329146,16.3606580705866,-1.55674650491751,0.18098318099659,0.443503564925777,-5.20851543679927,618,0.833,123.0442,"Unknown","[M+H]+","ion correlated with 2017; ion correlated with 474; ion correlated with 2209; ion correlated with 2019; ion correlated with 1377; found in higher mz's MsMs_1477; found in higher mz's MsMs_1214",0.357,TRUE,"null","null","null","null",999,FALSE,FALSE,FALSE,"null","null","null","null","null",120.23,71358.3333333333,67.406585450163,23,"Exudate vs Soil","Soil","Not selected",3,2,3,3,TRUE,TRUE,TRUE,TRUE,"Leaf + Root + Exudate","Early RT","MS/MS available","Unknown","Tier 5: low priority"
"F62_mz72.0809_rt0.93",0.185814063376032,15.7569482261982,1.55618556711992,0.181113288418463,0.443503564925777,-5.20918889142675,62,0.926,72.08094,"Unknown","[M+H]+","ion correlated with 1859; ion correlated with 2643; ion correlated with 712; ion correlated with 818; ion correlated with 398; ion correlated with 4011; ion correlated with 3478; ion correlated with 2727; ion correlated with 4054; ion correlated with 3651; ion correlated with 3312; ion correlated with 2963; ion correlated with 3025; ion correlated with 3806; ion correlated with 3628; ion correlated with 3334; ion correlated with 2829; ion correlated with 3778; ion correlated with 3900; ion correlated with 1446; ion correlated with 3785; ion correlated with 916; ion correlated with 3477; ion correlated with 3132",0.036,FALSE,"null","null","null","null",999,FALSE,FALSE,FALSE,"null","null","null","null","null",14.44,53468.6666666667,16.2476045608413,24,"Exudate vs Soil","Exudate","Not selected",3,3,3,3,TRUE,TRUE,TRUE,TRUE,"Leaf + Root + Exudate","Early RT","No MS/MS assignment","Unknown","Tier 5: low priority"
"F1046_mz152.0475_rt0.94",0.176289367703798,17.6528984801915,1.55877793946252,0.180512763629201,0.443503564925777,-5.20607588854795,1046,0.937,152.0475,"Unknown","[M+H]+",NA,0.036,FALSE,"null","null","null","null",999,FALSE,FALSE,FALSE,"null","null","null","null","null",18.63,314216,13.9210768354354,24,"Exudate vs Soil","Exudate","Not selected",3,3,3,3,TRUE,TRUE,TRUE,TRUE,"Leaf + Root + Exudate","Early RT","No MS/MS assignment","Unknown","Tier 5: low priority"
"F1511_mz184.9602_rt0.38",-0.89943961060819,15.4437115864845,-1.55131441080161,0.182246994997158,0.445409815505108,-5.21503393220702,1511,0.378,184.96016,"Unknown","[M+H]+",NA,0.036,FALSE,"null","null","null","null",999,FALSE,FALSE,FALSE,"null","null","null","null","null",8.59,4735,34.46875,23,"Exudate vs Soil","Soil","Not selected",3,3,3,3,TRUE,TRUE,TRUE,TRUE,"Leaf + Root + Exudate","Very early RT","No MS/MS assignment","Unknown","Tier 5: low priority"
"F2440_mz252.8828_rt0.42",0.412660863784438,17.88597421351,1.53680946894703,0.185664138432033,0.450487554643403,-5.23240423813533,2440,0.417,252.8828,"Unknown","[M+H]+",NA,0.75,FALSE,"null","null","null","null",999,FALSE,FALSE,FALSE,"null","null","null","null","null",92.36,0,650121,24,"Exudate vs Soil","Exudate","Not selected",3,3,3,3,TRUE,TRUE,TRUE,TRUE,"Leaf + Root + Exudate","Very early RT","No MS/MS assignment","Unknown","Tier 5: low priority"
"F218_mz90.0551_rt0.45",0.272626695610756,16.8668426049095,1.53575282968712,0.185915498741722,0.450487554643403,-5.233667553945,218,0.448,90.05509,"Unknown","[M+H]+","similar chromatogram in higher mz_1698; similar chromatogram in higher mz_2959",0.607,TRUE,"null","null","null","null",999,FALSE,FALSE,FALSE,"null","null","null","null","null",3716.96,129928.333333333,423.929651502868,24,"Exudate vs Soil","Exudate","Not selected",3,3,3,3,TRUE,TRUE,TRUE,TRUE,"Leaf + Root + Exudate","Very early RT","MS/MS available","Unknown","Tier 5: low priority"
"F1665_mz195.1382_rt1.18",0.213558517892992,14.6618828336416,1.53901962993505,0.185139443236275,0.450487554643403,-5.22976086256583,1665,1.184,195.1382,"Unknown","[M+H]+","ion correlated with 4038; ion correlated with 798; ion correlated with 1625; ion correlated with 4061; ion correlated with 4076; similar chromatogram in higher mz_4929; similar chromatogram in higher mz_4590; similar chromatogram in higher mz_4743; similar chromatogram in higher mz_2005; similar chromatogram in higher mz_4365; similar chromatogram in higher mz_4656; similar chromatogram in higher mz_4789; similar chromatogram in higher mz_4797; similar chromatogram in higher mz_4807; similar chromatogram in higher mz_4952; similar chromatogram in higher mz_4960",0.071,FALSE,"null","null","null","null",999,FALSE,FALSE,FALSE,"null","null","null","null","null",42.81,25691,60.4472598474233,24,"Exudate vs Soil","Exudate","Not selected",3,3,3,3,TRUE,TRUE,TRUE,TRUE,"Leaf + Root + Exudate","RT >= 1 min","No MS/MS assignment","Unknown","Tier 5: low priority"
"F1100_mz156.1384_rt0.88",-0.739286511317321,12.3699363089273,-1.52820178476884,0.187721481110201,0.45249038751085,-5.24268729482596,1100,0.885,156.13843,"Unknown","[M+H]+","found in higher mz's MsMs_4069",0.25,TRUE,"null","null","null","null",999,FALSE,FALSE,FALSE,"null","null","null","null","null",8831.42,3834.66666666667,43856.0781263579,17,"Exudate vs Soil","Soil","Not selected",3,3,3,3,TRUE,TRUE,TRUE,TRUE,"Leaf + Root + Exudate","Early RT","MS/MS available","Unknown","Tier 5: low priority"
"F3228_mz310.1767_rt0.86",0.237485830775562,14.6052959971113,1.52848775997999,0.187652773841315,0.45249038751085,-5.24234596291172,3228,0.865,310.1767,"Unknown","[M+H]+",NA,0.179,FALSE,"null","null","null","null",999,FALSE,FALSE,FALSE,"null","null","null","null","null",49.91,24630,43.4195525963217,19,"Exudate vs Soil","Exudate","Not selected",0,2,3,3,FALSE,TRUE,TRUE,TRUE,"Root + Exudate","Early RT","No MS/MS assignment","Unknown","Tier 5: low priority"
"F1469_mz181.1261_rt0.74",0.293836805831919,13.800451517859,1.52283361481639,0.189015774020077,0.45481920623581,-5.24909066397241,1469,0.743,181.12614,"Unknown","[M+H]+",NA,0.036,FALSE,"null","null","null","null",999,FALSE,FALSE,FALSE,"null","null","null","null","null",69.96,40445.3333333333,5.78438094924138,15,"Exudate vs Soil","Exudate","Not selected",0,0,3,3,FALSE,FALSE,TRUE,TRUE,"Exudate only","Early RT","No MS/MS assignment","Unknown","Tier 5: low priority"
"F2213_mz233.9666_rt9.71",0.60345765510537,16.2256661632359,1.5188173598822,0.18998979141194,0.456370625471316,-5.25387650298134,2213,9.706,233.96657,"Unknown","[M+H]+",NA,0.036,FALSE,"null","null","null","null",999,FALSE,FALSE,FALSE,"null","null","null","null","null",42.99,22829.6666666667,5.21079834141214,23,"Exudate vs Soil","Exudate","Not selected",3,3,3,3,TRUE,TRUE,TRUE,TRUE,"Leaf + Root + Exudate","RT >= 1 min","No MS/MS assignment","Unknown","Tier 5: low priority"
"F1495_mz183.0655_rt0.95",0.672328437753641,12.7527609983224,1.51172095481425,0.191722749314777,0.45815125956945,-5.26232229794502,1495,0.947,183.06548,"Unknown","[M+H]+","ion correlated with 1017; ion correlated with 3170; ion correlated with 1429; ion correlated with 4088; ion correlated with 4123; ion correlated with 3955; ion correlated with 1458; ion correlated with 792",0.071,FALSE,"null","null","null","null",999,FALSE,FALSE,FALSE,"null","null","null","null","null",38.67,9145,41.591296741745,19,"Exudate vs Soil","Exudate","Not selected",3,2,3,3,TRUE,TRUE,TRUE,TRUE,"Leaf + Root + Exudate","Early RT","No MS/MS assignment","Unknown","Tier 5: low priority"
"F798_mz135.117_rt1.17",0.183048443749004,14.6799826644746,1.49885370147178,0.194904187249208,0.46256370467021,-5.27760177377571,798,1.172,135.117,"Unknown","[M+H]+","ion correlated with 4684; ion correlated with 4709; ion correlated with 1598; ion correlated with 1870; ion correlated with 3772; ion correlated with 4719; ion correlated with 4743; ion correlated with 1665; ion correlated with 4871",0.036,FALSE,"null","null","null","null",999,FALSE,FALSE,FALSE,"null","null","null","null","null",143.69,21687,47.5196883068978,24,"Exudate vs Soil","Exudate","Not selected",3,3,3,3,TRUE,TRUE,TRUE,TRUE,"Leaf + Root + Exudate","RT >= 1 min","No MS/MS assignment","Unknown","Tier 5: low priority"
"F2190_mz232.1184_rt1.12",-0.718547442171539,12.2402230560598,-1.49519453748202,0.195818225288453,0.463938564529567,-5.28193865641829,2190,1.122,232.11841,"Unknown","[M+H]+","ion correlated with 1378; ion correlated with 3569; ion correlated with 2499",0.286,TRUE,"null","null","null","null",999,FALSE,FALSE,FALSE,"null","null","null","null","null",183.08,659.666666666667,1979.00252270434,22,"Exudate vs Soil","Soil","Not selected",2,2,3,3,TRUE,TRUE,TRUE,TRUE,"Leaf + Root + Exudate","RT >= 1 min","MS/MS available","Unknown","Tier 5: low priority"
"F2094_mz225.149_rt1.07",-0.812668314259912,12.6176878532532,-1.49199068647736,0.196621934903043,0.46425553965182,-5.28573284853632,2094,1.068,225.14903,"Unknown","[M+H]+","ion correlated with 3937; ion correlated with 4207; ion correlated with 3309; ion correlated with 4550; ion correlated with 4658; ion correlated with 4759; ion correlated with 4694; ion correlated with 4152; ion correlated with 4052; ion correlated with 1020; ion correlated with 1837; ion correlated with 4035; ion correlated with 2128; ion correlated with 799; ion correlated with 4338; ion correlated with 4486; ion correlated with 2012; ion correlated with 3463; ion correlated with 1764; ion correlated with 3971",0.107,FALSE,"null","null","null","null",999,FALSE,FALSE,FALSE,"null","null","null","null","null",94.61,8569.66666666667,79.5929915992533,20,"Exudate vs Soil","Soil","Not selected",3,3,3,3,TRUE,TRUE,TRUE,TRUE,"Leaf + Root + Exudate","RT >= 1 min","No MS/MS assignment","Unknown","Tier 5: low priority"
"F568_mz119.0856_rt2.07",0.187556935445567,17.6059324742541,1.48897083804051,0.197382407014974,0.464468618205014,-5.28930650943037,568,2.074,119.08565,"Unknown","[M+H]+","ion correlated with 1018; ion correlated with 2950; ion correlated with 3907; ion correlated with 4118; ion correlated with 3851; found in higher mz's MsMs_3323; found in higher mz's MsMs_1751; found in higher mz's MsMs_3520; found in higher mz's MsMs_3703; found in higher mz's MsMs_2674; found in higher mz's MsMs_5012; found in higher mz's MsMs_5004; found in higher mz's MsMs_2381; found in higher mz's MsMs_2950; found in higher mz's MsMs_3851; found in higher mz's MsMs_3979",0.107,FALSE,"null","null","null","null",999,FALSE,FALSE,FALSE,"null","null","null","null","null",27.73,201589.333333333,5.88788152871087,24,"Exudate vs Soil","Exudate","Not selected",3,3,3,3,TRUE,TRUE,TRUE,TRUE,"Leaf + Root + Exudate","RT >= 1 min","No MS/MS assignment","Unknown","Tier 5: low priority"
"F840_mz138.1279_rt1.13",0.384803545679248,13.2592642478236,1.47577288308427,0.20073945295286,0.469974462487608,-5.30489454015389,840,1.127,138.12793,"Unknown","[M+H]+","ion correlated with 3364; ion correlated with 3130; ion correlated with 986; found in higher mz's MsMs_3130; similar chromatogram in higher mz_4415; similar chromatogram in higher mz_2899; similar chromatogram in higher mz_5140",0.071,FALSE,"null","null","null","null",999,FALSE,FALSE,FALSE,"null","null","null","null","null",139.66,8422.66666666667,102.985319140517,21,"Exudate vs Soil","Exudate","Not selected",3,3,3,3,TRUE,TRUE,TRUE,TRUE,"Leaf + Root + Exudate","RT >= 1 min","No MS/MS assignment","Unknown","Tier 5: low priority"
"F2600_mz265.1553_rt1.04",0.380158782819863,14.0103027611468,1.47269769125631,0.201529537999765,0.470235588666117,-5.3085194479278,2600,1.036,265.15527,"Unknown","[M+H]+","ion correlated with 2168; ion correlated with 2068; ion correlated with 183; ion correlated with 2806",0.357,TRUE,"null","null","null","null",999,FALSE,FALSE,FALSE,"null","null","null","null","null",594.73,16679.6666666667,345.888393749251,24,"Exudate vs Soil","Exudate","Not selected",3,3,3,3,TRUE,TRUE,TRUE,TRUE,"Leaf + Root + Exudate","RT >= 1 min","MS/MS available","Unknown","Tier 5: low priority"
"F1481_mz182.1464_rt0.81",0.256840352938893,14.3662076816118,1.47295539539426,0.201463213220203,0.470235588666117,-5.30821578246632,1481,0.813,182.14642,"Unknown","[M+H]+","ion correlated with 3149; ion correlated with 2849; ion correlated with 2182; ion correlated with 3499; ion correlated with 5003; ion correlated with 3812; ion correlated with 1959",0.143,FALSE,"null","null","null","null",999,FALSE,FALSE,FALSE,"null","null","null","null","null",45.88,15924.3333333333,12.1760088747488,14,"Exudate vs Soil","Exudate","Not selected",0,0,3,3,FALSE,FALSE,TRUE,TRUE,"Exudate only","Early RT","No MS/MS assignment","Unknown","Tier 5: low priority"
"F1369_mz174.957_rt5.77",0.837387109073283,12.9073131859626,1.47074609111326,0.202032500495043,0.470616883506101,-5.31081848613348,1369,5.772,174.957,"Unknown","[M+H]+","ion correlated with 4420; ion correlated with 4504; ion correlated with 1025; ion correlated with 4273; ion correlated with 5067; ion correlated with 4359; ion correlated with 4389; ion correlated with 2876; ion correlated with 3316; ion correlated with 3749; ion correlated with 1963; ion correlated with 3775; ion correlated with 4997; ion correlated with 2473",0.036,FALSE,"null","null","null","null",999,FALSE,FALSE,FALSE,"null","null","null","null","null",20.21,11701,11.892582464536,24,"Exudate vs Soil","Exudate","Not selected",3,3,3,3,TRUE,TRUE,TRUE,TRUE,"Leaf + Root + Exudate","RT >= 1 min","No MS/MS assignment","Unknown","Tier 5: low priority"
"F4645_mz508.857_rt0.41",0.681888886134703,15.440884230518,1.46349536311834,0.20391174862326,0.473403155095206,-5.31935025472356,4645,0.412,508.85696,"Unknown","[M+H]+","ion correlated with 4835",0.071,FALSE,"null","null","null","null",999,FALSE,FALSE,FALSE,"null","null","null","null","null",2988.91,0,154016,18,"Exudate vs Soil","Exudate","Not selected",0,0,3,3,FALSE,FALSE,TRUE,TRUE,"Exudate only","Very early RT","No MS/MS assignment","Unknown","Tier 5: low priority"
"F995_mz147.117_rt2.08",0.210481361187911,14.2845418370595,1.45914229002014,0.205048044052409,0.475245132201738,-5.32446493855415,995,2.077,147.11696,"Unknown","[M+H]+","ion correlated with 378; ion correlated with 742; ion correlated with 957; ion correlated with 1018; ion correlated with 1629; ion correlated with 1658; ion correlated with 420; ion correlated with 628; ion correlated with 1570; ion correlated with 1719; ion correlated with 2318; ion correlated with 2447; ion correlated with 4946; ion correlated with 596; ion correlated with 2394; ion correlated with 56; ion correlated with 1140; ion correlated with 1468; ion correlated with 2582; ion correlated with 3907; ion correlated with 3941; ion correlated with 5039; ion correlated with 4118; ion correlated with 3777; ion correlated with 3979; found in higher mz's MsMs_3323; found in higher mz's MsMs_3520; found in higher mz's MsMs_3703; found in higher mz's MsMs_5004; found in higher mz's MsMs_2950; found in higher mz's MsMs_3851",0.107,FALSE,"null","null","null","null",999,FALSE,FALSE,FALSE,"null","null","null","null","null",23.96,19195.3333333333,21.9801350952439,24,"Exudate vs Soil","Exudate","Not selected",3,3,3,3,TRUE,TRUE,TRUE,TRUE,"Leaf + Root + Exudate","RT >= 1 min","No MS/MS assignment","Unknown","Tier 5: low priority"
"F1006_mz148.097_rt0.76",0.233261364413653,14.2979660157087,1.45708304984516,0.20558769058834,0.475700399257828,-5.32688248817584,1006,0.759,148.09697,"Unknown","[M+H]+","ion correlated with 817; ion correlated with 2371; ion correlated with 2730; ion correlated with 1376; ion correlated with 2017; ion correlated with 474",0.357,TRUE,"null","null","null","null",999,FALSE,FALSE,FALSE,"null","null","null","null","null",373.79,17523.3333333333,266.638559716965,19,"Exudate vs Soil","Exudate","Not selected",1,0,3,3,FALSE,FALSE,TRUE,TRUE,"Exudate only","Early RT","MS/MS available","Unknown","Tier 5: low priority"
"F1411_mz177.9579_rt0.44",0.199576105211997,19.0996218805259,1.45147941501341,0.207063095477204,0.476726661680075,-5.33345468780002,1411,0.445,177.9579,"Unknown","[M+H]+","ion correlated with 1433; ion correlated with 1671",0.214,FALSE,"null","null","null","null",999,FALSE,FALSE,FALSE,"null","null","null","null","null",185.42,17745.3333333333,33.2687315689626,20,"Exudate vs Soil","Exudate","Not selected",3,1,3,3,TRUE,FALSE,TRUE,TRUE,"Leaf + Exudate","Very early RT","No MS/MS assignment","Unknown","Tier 5: low priority"
"F4810_mz582.5939_rt9.16",-0.198119539838613,17.7414356040156,-1.44545522311862,0.208660553077322,0.47881378570392,-5.3405094782257,4810,9.162,582.59387,"Unknown","[M+H]+","ion correlated with 4764",0.107,TRUE,"null","null","null","null",999,FALSE,FALSE,FALSE,"null","null","null","null","null",1057.83,129427.333333333,9.64621090178606,24,"Exudate vs Soil","Soil","Not selected",3,3,3,3,TRUE,TRUE,TRUE,TRUE,"Leaf + Root + Exudate","RT >= 1 min","MS/MS available","Unknown","Tier 5: low priority"
"F3024_mz295.1634_rt1.17",-0.165227304735133,15.6744665631363,-1.43944128710909,0.210267058225108,0.480115556342668,-5.34754110984998,3024,1.173,295.16339,"Unknown","[M+H]+",NA,0.036,TRUE,"null","null","null","null",999,FALSE,FALSE,FALSE,"null","null","null","null","null",339.48,81992.3333333333,21.4945889909749,24,"Exudate vs Soil","Soil","Not selected",3,3,3,3,TRUE,TRUE,TRUE,TRUE,"Leaf + Root + Exudate","RT >= 1 min","MS/MS available","Unknown","Tier 5: low priority"
"F902_mz142.1229_rt0.93",0.537482860374231,13.1731201440078,1.43659372132594,0.211031850185518,0.480923153146004,-5.35086662382778,902,0.931,142.12294,"Unknown","[M+H]+","ion correlated with 1967; ion correlated with 2944; ion correlated with 2434; found in higher mz's MsMs_1559",0.25,FALSE,"null","null","null","null",999,FALSE,FALSE,FALSE,"null","null","null","null","null",49.99,7887,44.865238336714,18,"Exudate vs Soil","Exudate","Not selected",0,0,3,3,FALSE,FALSE,TRUE,TRUE,"Exudate only","Early RT","No MS/MS assignment","Unknown","Tier 5: low priority"
"F1938_mz215.0164_rt0.74",0.989913489131023,12.8014964109934,1.42505446199852,0.214158316916726,0.485005600076115,-5.36431650403804,1938,0.736,215.01642,"Unknown","[M+H]+",NA,0.179,TRUE,"null","null","null","null",999,FALSE,FALSE,FALSE,"null","null","null","null","null",27.05,15222.3333333333,138.449901467046,22,"Exudate vs Soil","Exudate","Not selected",3,3,3,3,TRUE,TRUE,TRUE,TRUE,"Leaf + Root + Exudate","Early RT","MS/MS available","Unknown","Tier 5: low priority"
"F2072_mz223.1605_rt0.86",0.453818453913303,14.2950762443067,1.42292824517178,0.214739197077123,0.485527776751863,-5.36679013788956,2072,0.864,223.16049,"Unknown","[M+2H]2+","ion correlated with 246; ion correlated with 1756; ion correlated with 1652; ion correlated with 3147; ion correlated with 601; ion correlated with 3614; ion correlated with 3501; ion correlated with 647; ion correlated with 2055",0.071,FALSE,"null","null","null","null",999,FALSE,FALSE,FALSE,"null","null","null","null","null",59.41,26479.6666666667,15.3050149794819,20,"Exudate vs Soil","Exudate","Not selected",0,2,3,3,FALSE,TRUE,TRUE,TRUE,"Root + Exudate","Early RT","No MS/MS assignment","Unknown","Tier 5: low priority"
"F1185_mz163.0602_rt0.56",-0.409878230222463,16.0070836292248,-1.41766651989869,0.216183153179422,0.487996498870813,-5.37290533592526,1185,0.559,163.0602,"Unknown","[M+H]+","ion correlated with 1440; ion correlated with 1699",0.179,TRUE,"null","null","null","null",999,FALSE,FALSE,FALSE,"null","null","null","null","null",126.67,52425,63.6856521573265,23,"Exudate vs Soil","Soil","Not selected",3,2,3,3,TRUE,TRUE,TRUE,TRUE,"Leaf + Root + Exudate","Early RT","MS/MS available","Unknown","Tier 5: low priority"
"F350_mz103.0543_rt0.96",0.364381292067985,13.7963410807932,1.41237053359913,0.21764583690658,0.488118333256504,-5.37905124906411,350,0.955,103.05433,"Unknown","[M+H]+","ion correlated with 2544; ion correlated with 2928; ion correlated with 1958; ion correlated with 1993; ion correlated with 765; ion correlated with 1568; ion correlated with 2183; found in higher mz's MsMs_1231; found in higher mz's MsMs_583; found in higher mz's MsMs_4074; found in higher mz's MsMs_3428; found in higher mz's MsMs_1015; found in higher mz's MsMs_737; similar chromatogram in higher mz_3783; found in higher mz's MsMs_3783; found in higher mz's MsMs_4588; similar chromatogram in higher mz_3835; similar chromatogram in higher mz_5037; similar chromatogram in higher mz_3982",0.5,TRUE,"null","null","null","null",999,FALSE,FALSE,FALSE,"null","null","null","null","null",799.31,12547.6666666667,1187.69431015247,24,"Exudate vs Soil","Exudate","Not selected",3,3,3,3,TRUE,TRUE,TRUE,TRUE,"Leaf + Root + Exudate","Early RT","MS/MS available","Unknown","Tier 5: low priority"
"F319_mz101.0033_rt0.64",-0.957035860431418,19.3772838973481,-1.40674946224272,0.219208590229861,0.48934563972717,-5.38556432144177,319,0.638,101.00331,"Unknown","[M+H]+","ion correlated with 320",0.464,TRUE,"null","null","null","null",999,FALSE,FALSE,FALSE,"null","null","null","null","null",147.25,118086,50.1691041350868,24,"Exudate vs Soil","Soil","Not selected",3,3,3,3,TRUE,TRUE,TRUE,TRUE,"Leaf + Root + Exudate","Early RT","MS/MS available","Unknown","Tier 5: low priority"
"F644_mz124.097_rt0.57",-0.306504096354918,15.4804709204656,-1.40659290774462,0.219252267150485,0.48934563972717,-5.3857455694794,644,0.571,124.09702,"Unknown","[M+H]+","ion correlated with 394",0.036,FALSE,"null","null","null","null",999,FALSE,FALSE,FALSE,"null","null","null","null","null",46.54,57017,22.0838507138097,17,"Exudate vs Soil","Soil","Not selected",0,0,3,3,FALSE,FALSE,TRUE,TRUE,"Exudate only","Early RT","No MS/MS assignment","Unknown","Tier 5: low priority"
"F416_mz109.0286_rt0.76",-0.218250105511675,16.714564782878,-1.40773798998971,0.218932992879101,0.48934563972717,-5.38441968379864,416,0.76,109.02863,"Unknown","[M+H]+","similar chromatogram in higher mz_951; found in higher mz's MsMs_673",0.071,FALSE,"null","null","null","null",999,FALSE,FALSE,FALSE,"null","null","null","null","null",44.32,186161.333333333,5.12424819199014,24,"Exudate vs Soil","Soil","Not selected",3,3,3,3,TRUE,TRUE,TRUE,TRUE,"Leaf + Root + Exudate","Early RT","No MS/MS assignment","Unknown","Tier 5: low priority"
"F696_mz128.1072_rt1.14",0.247153283782643,15.2036153297575,1.40397816705592,0.219982971672813,0.490187136235561,-5.38877152907425,696,1.141,128.10716,"Unknown","[M+H]+",NA,0.357,TRUE,"null","null","null","null",999,FALSE,FALSE,FALSE,"null","null","null","null","null",59.21,80065.3333333333,10.8490293465002,24,"Exudate vs Soil","Exudate","Not selected",3,3,3,3,TRUE,TRUE,TRUE,TRUE,"Leaf + Root + Exudate","RT >= 1 min","MS/MS available","Unknown","Tier 5: low priority"
"F2413_mz250.1806_rt0.94",0.809658121264479,13.3835960714091,1.40039938875836,0.220986826194198,0.491633613330912,-5.39290943132834,2413,0.943,250.18059,"Unknown","[M+H]+","ion correlated with 1686; ion correlated with 3389; ion correlated with 3170; ion correlated with 1429; ion correlated with 2553; ion correlated with 3955; ion correlated with 4029",0.107,FALSE,"null","null","null","null",999,FALSE,FALSE,FALSE,"null","null","null","null","null",22.58,11798.6666666667,35.6347354445041,12,"Exudate vs Soil","Exudate","Not selected",3,2,3,3,TRUE,TRUE,TRUE,TRUE,"Leaf + Root + Exudate","Early RT","No MS/MS assignment","Unknown","Tier 5: low priority"
"F3417_mz326.8874_rt0.42",0.620017025664958,16.2857589422893,1.39594918053239,0.222241173335029,0.493631836926843,-5.39804889029868,3417,0.415,326.88745,"Unknown","[M+H]+","ion correlated with 2547; ion correlated with 1367; ion correlated with 4203",0.5,FALSE,"null","null","null","null",999,FALSE,FALSE,FALSE,"null","null","null","null","null",144.43,1866.33333333333,303.226526240628,19,"Exudate vs Soil","Exudate","Not selected",0,1,3,3,FALSE,FALSE,TRUE,TRUE,"Exudate only","Very early RT","No MS/MS assignment","Unknown","Tier 5: low priority"
"F925_mz144.0658_rt0.47",0.182033971616749,16.5589310432306,1.39236827035897,0.223255388129346,0.495091148715637,-5.40217953272547,925,0.471,144.06575,"Unknown","[M+H]+","ion correlated with 1541; ion correlated with 4903",0.429,FALSE,"null","null","null","null",999,FALSE,FALSE,FALSE,"null","null","null","null","null",123.27,83452,21.094640096821,24,"Exudate vs Soil","Exudate","Not selected",3,3,3,3,TRUE,TRUE,TRUE,TRUE,"Leaf + Root + Exudate","Very early RT","No MS/MS assignment","Unknown","Tier 5: low priority"
"F2026_mz220.082_rt0.46",0.641566917784804,13.1516292576839,1.37029243682752,0.229605060438692,0.500688418237145,-5.42754640088839,2026,0.456,220.08199,"Unknown","[M+H]+","ion correlated with 1999; ion correlated with 3541; ion correlated with 3021; ion correlated with 2833; ion correlated with 3221; ion correlated with 2572",0.143,FALSE,"null","null","null","null",999,FALSE,FALSE,FALSE,"null","null","null","null","null",1419.69,0,3309041,19,"Exudate vs Soil","Exudate","Not selected",0,1,3,3,FALSE,FALSE,TRUE,TRUE,"Exudate only","Very early RT","No MS/MS assignment","Unknown","Tier 5: low priority"
"F2516_mz258.9_rt0.42",0.537836622255274,18.7526164132072,1.37061169463062,0.229512031755199,0.500688418237145,-5.42718076957931,2516,0.416,258.89999,"Unknown","[M+H]+",NA,0.75,TRUE,"null","null","null","null",999,FALSE,FALSE,FALSE,"null","null","null","null","null",1156.86,0,2693151,24,"Exudate vs Soil","Exudate","Not selected",3,3,3,3,TRUE,TRUE,TRUE,TRUE,"Leaf + Root + Exudate","Very early RT","MS/MS available","Unknown","Tier 5: low priority"
"F3410_mz325.2377_rt2.36",0.427368908362372,12.4587690536573,1.37999339730006,0.226794080327772,0.500688418237145,-5.41642021372404,3410,2.355,325.2377,"Unknown","[M+H]+","ion correlated with 4628; ion correlated with 4648; similar chromatogram in higher mz_4628; similar chromatogram in higher mz_4648",0.036,FALSE,"null","null","null","null",999,FALSE,FALSE,FALSE,"null","null","null","null","null",26.59,4865,35.0665844636252,24,"Exudate vs Soil","Exudate","Not selected",3,3,3,3,TRUE,TRUE,TRUE,TRUE,"Leaf + Root + Exudate","RT >= 1 min","No MS/MS assignment","Unknown","Tier 5: low priority"
"F2666_mz271.1082_rt1.28",0.360077188672556,14.2208649336755,1.36827324704862,0.230194254958315,0.500688418237145,-5.42985804371512,2666,1.276,271.10822,"Unknown","[M+H]+",NA,0.071,FALSE,"null","null","null","null",999,FALSE,FALSE,FALSE,"null","null","null","null","null",62.26,25597,6.53101804828502,24,"Exudate vs Soil","Exudate","Not selected",3,3,3,3,TRUE,TRUE,TRUE,TRUE,"Leaf + Root + Exudate","RT >= 1 min","No MS/MS assignment","Unknown","Tier 5: low priority"
"F2216_mz234.1338_rt0.93",-0.356265850320123,13.5333825612313,-1.38112881266514,0.226467206658596,0.500688418237145,-5.41511582230815,2216,0.928,234.13385,"Unknown","[M+H]+",NA,0.143,FALSE,"null","null","null","null",999,FALSE,FALSE,FALSE,"null","null","null","null","null",71.82,18750.3333333333,20.0925978597078,22,"Exudate vs Soil","Soil","Not selected",3,1,3,3,TRUE,FALSE,TRUE,TRUE,"Leaf + Exudate","Early RT","No MS/MS assignment","Unknown","Tier 5: low priority"
"F615_mz122.9247_rt0.42",0.334931416370164,21.2666920681044,1.37082062345852,0.229451171077835,0.500688418237145,-5.42694147332141,615,0.418,122.92467,"Unknown","[M+H]+","similar chromatogram in higher mz_1676; similar chromatogram in higher mz_2415; similar chromatogram in higher mz_2442; similar chromatogram in higher mz_3508; similar chromatogram in higher mz_4142; similar chromatogram in higher mz_4260; found in higher mz's MsMs_2965; similar chromatogram in higher mz_1909; found in higher mz's MsMs_2516; similar chromatogram in higher mz_4249; similar chromatogram in higher mz_2312; similar chromatogram in higher mz_4413; similar chromatogram in higher mz_3829; similar chromatogram in higher mz_3769; similar chromatogram in higher mz_2823; similar chromatogram in higher mz_2764; similar chromatogram in higher mz_2967; similar chromatogram in higher mz_4701; similar chromatogram in higher mz_3928; similar chromatogram in higher mz_4493; similar chromatogram in higher mz_4288; similar chromatogram in higher mz_4424; similar chromatogram in higher mz_4891; similar chromatogram in higher mz_4270; similar chromatogram in higher mz_3609",0.857,TRUE,"null","null","null","null",999,FALSE,FALSE,FALSE,"null","null","null","null","null",535.46,0,15231889,24,"Exudate vs Soil","Exudate","Not selected",3,3,3,3,TRUE,TRUE,TRUE,TRUE,"Leaf + Root + Exudate","Very early RT","MS/MS available","Unknown","Tier 5: low priority"
"F643_mz124.097_rt0.74",-0.321182033123181,15.697362918554,-1.37474732122096,0.228310150300041,0.500688418237145,-5.42244115189879,643,0.743,124.09695,"Unknown","[M+H]+","ion correlated with 393",0.357,TRUE,"null","null","null","null",999,FALSE,FALSE,FALSE,"null","null","null","null","null",346.13,50122.3333333333,410.750475493782,18,"Exudate vs Soil","Soil","Not selected",0,0,3,3,FALSE,FALSE,TRUE,TRUE,"Exudate only","Early RT","MS/MS available","Unknown","Tier 5: low priority"
"F348_mz103.0391_rt0.71",-0.233420477992633,16.2203914825721,-1.36731070925418,0.230475621093289,0.500688418237145,-5.43095947925717,348,0.707,103.03911,"Unknown","[M+H]+","ion correlated with 905; ion correlated with 839; ion correlated with 592; found in higher mz's MsMs_839; found in higher mz's MsMs_592; similar chromatogram in higher mz_784",0.107,TRUE,"null","null","null","null",999,FALSE,FALSE,FALSE,"null","null","null","null","null",212.43,105044.333333333,26.1211699075955,23,"Exudate vs Soil","Soil","Not selected",3,2,3,3,TRUE,TRUE,TRUE,TRUE,"Leaf + Root + Exudate","Early RT","MS/MS available","Unknown","Tier 5: low priority"
"F226_mz90.9767_rt5.82",0.201756212999615,16.4477008329366,1.37852751949119,0.227216748378314,0.500688418237145,-5.41810358041277,226,5.815,90.97672,"Unknown","[M+H]+",NA,0.214,TRUE,"null","null","null","null",999,FALSE,FALSE,FALSE,"null","null","null","null","null",29.01,110261.666666667,10.1412838434284,24,"Exudate vs Soil","Exudate","Not selected",3,3,3,3,TRUE,TRUE,TRUE,TRUE,"Leaf + Root + Exudate","RT >= 1 min","MS/MS available","Unknown","Tier 5: low priority"
"F597_mz121.1013_rt3.55",0.363299659201332,12.1236725189121,1.36570008309124,0.230947157454697,0.500927637296103,-5.43280178155659,597,3.547,121.10133,"Unknown","[M+H]+","ion correlated with 1041; ion correlated with 419; ion correlated with 779; ion correlated with 2157; ion correlated with 3115; ion correlated with 3702; ion correlated with 856; ion correlated with 3318; ion correlated with 3338; ion correlated with 397; ion correlated with 625; ion correlated with 994; ion correlated with 1019; ion correlated with 1190; ion correlated with 1257; ion correlated with 1349; ion correlated with 1630; ion correlated with 1752; ion correlated with 2317; ion correlated with 2448; ion correlated with 2474; ion correlated with 2676; ion correlated with 2746; ion correlated with 2954; ion correlated with 3083; ion correlated with 3098; ion correlated with 3118; ion correlated with 3504; ion correlated with 3745; ion correlated with 3906; ion correlated with 5005; ion correlated with 5013; ion correlated with 5038; ion correlated with 5047; ion correlated with 3515; ion correlated with 4188; found in higher mz's MsMs_3702; found in higher mz's MsMs_3318; found in higher mz's MsMs_2676; found in higher mz's MsMs_5005; found in higher mz's MsMs_3847; found in higher mz's MsMs_3976; found in higher mz's MsMs_2954; found in higher mz's MsMs_3083; found in higher mz's MsMs_3504",0.107,FALSE,"null","null","null","null",999,FALSE,FALSE,FALSE,"null","null","null","null","null",29.39,5251,89.1519421172887,24,"Exudate vs Soil","Exudate","Not selected",3,3,3,3,TRUE,TRUE,TRUE,TRUE,"Leaf + Root + Exudate","RT >= 1 min","No MS/MS assignment","Unknown","Tier 5: low priority"
"F913_mz143.0817_rt0.87",0.493360825748111,11.9687777386334,1.36372259974021,0.231527336502352,0.501401388112906,-5.4350624347313,913,0.87,143.08173,"Unknown","[M+H]+","ion correlated with 448",0.071,FALSE,"null","null","null","null",999,FALSE,FALSE,FALSE,"null","null","null","null","null",54.66,2287,122.695804195804,18,"Exudate vs Soil","Exudate","Not selected",0,0,3,3,FALSE,FALSE,TRUE,TRUE,"Exudate only","Early RT","No MS/MS assignment","Unknown","Tier 5: low priority"
"F1064_mz153.1275_rt1.16",0.202421281502298,17.8705093964557,1.35704023075883,0.233498032511655,0.504093883272826,-5.44269122759988,1064,1.163,153.12753,"Unknown","[M+H]+","ion correlated with 4709; ion correlated with 4719; ion correlated with 4743",0.107,TRUE,"null","null","null","null",999,FALSE,FALSE,FALSE,"null","null","null","null","null",68.95,226023.666666667,8.05016119184632,24,"Exudate vs Soil","Exudate","Not selected",3,3,3,3,TRUE,TRUE,TRUE,TRUE,"Leaf + Root + Exudate","RT >= 1 min","MS/MS available","Unknown","Tier 5: low priority"
"F2147_mz229.0612_rt1.23",0.331685470600725,13.4852776129901,1.35527303057475,0.234021820941142,0.504438948405012,-5.4447059969216,2147,1.227,229.06122,"Unknown","[M+H]+","ion correlated with 1580; ion correlated with 2837",0.179,FALSE,"null","null","null","null",999,FALSE,FALSE,FALSE,"null","null","null","null","null",36.61,17671.3333333333,14.511552898127,22,"Exudate vs Soil","Exudate","Not selected",1,3,3,3,FALSE,TRUE,TRUE,TRUE,"Root + Exudate","RT >= 1 min","No MS/MS assignment","Unknown","Tier 5: low priority"
"F1609_mz192.1023_rt1.21",0.49414533644747,11.7021009276026,1.34988280768646,0.23562625920937,0.507108688298427,-5.45084425668078,1609,1.213,192.10234,"Unknown","[M+H]+","ion correlated with 1387; ion correlated with 1430",0.071,FALSE,"null","null","null","null",999,FALSE,FALSE,FALSE,"null","null","null","null","null",55.11,1198.66666666667,241.48041122534,24,"Exudate vs Soil","Exudate","Not selected",3,3,3,3,TRUE,TRUE,TRUE,TRUE,"Leaf + Root + Exudate","RT >= 1 min","No MS/MS assignment","Unknown","Tier 5: low priority"
"F1153_mz160.0969_rt0.48",-0.262321670912287,15.5941059451744,-1.34171555388755,0.238076918198583,0.510796607775906,-5.46012440770631,1153,0.481,160.09691,"Unknown","[M+H]+","similar chromatogram in higher mz_2814",0.179,FALSE,"null","null","null","null",999,FALSE,FALSE,FALSE,"null","null","null","null","null",115.11,27185.3333333333,24.6204220257728,24,"Exudate vs Soil","Soil","Not selected",3,3,3,3,TRUE,TRUE,TRUE,TRUE,"Leaf + Root + Exudate","Very early RT","No MS/MS assignment","Unknown","Tier 5: low priority"
"F3341_mz318.3008_rt2.46",0.312432948118269,13.8158517006341,1.33371840804967,0.240499575980887,0.514401870848009,-5.4691869941875,3341,2.455,318.30075,"Unknown","[M+H]+",NA,0.214,TRUE,"null","null","null","null",999,FALSE,FALSE,FALSE,"null","null","null","null","null",255.06,19211.3333333333,249.064125474955,24,"Exudate vs Soil","Exudate","Not selected",3,3,3,3,TRUE,TRUE,TRUE,TRUE,"Leaf + Root + Exudate","RT >= 1 min","MS/MS available","Unknown","Tier 5: low priority"
"F2580_mz263.1396_rt1.02",0.274184890380983,14.4390122678519,1.32966691966943,0.241735684891588,0.516249089768476,-5.47376897369111,2580,1.021,263.13959,"Unknown","[M+H]+","ion correlated with 1568; ion correlated with 2183; ion correlated with 2351; ion correlated with 766",0.357,TRUE,"null","null","null","null",999,FALSE,FALSE,FALSE,"null","null","null","null","null",2179.31,42979,376.974336900884,24,"Exudate vs Soil","Exudate","Not selected",3,3,3,3,TRUE,TRUE,TRUE,TRUE,"Leaf + Root + Exudate","RT >= 1 min","MS/MS available","Unknown","Tier 5: low priority"
"F1586_mz190.9121_rt0.42",0.390282700961922,18.1346050891347,1.32742109395154,0.242423431193431,0.516921347129377,-5.47630615063767,1586,0.418,190.91214,"Unknown","[M+H]+",NA,0.857,FALSE,"null","null","null","null",999,FALSE,FALSE,FALSE,"null","null","null","null","null",92.21,0,1171261,24,"Exudate vs Soil","Exudate","Not selected",3,3,3,3,TRUE,TRUE,TRUE,TRUE,"Leaf + Root + Exudate","Very early RT","No MS/MS assignment","Unknown","Tier 5: low priority"
"F2859_mz284.171_rt0.78",0.234856037847987,14.6824049929784,1.32275725572825,0.243857469520904,0.517630516477734,-5.48156881117294,2859,0.777,284.17099,"Unknown","[M+H]+",NA,0.071,FALSE,"null","null","null","null",999,FALSE,FALSE,FALSE,"null","null","null","null","null",45.7,21021,12.458043953953,17,"Exudate vs Soil","Exudate","Not selected",3,2,3,3,TRUE,TRUE,TRUE,TRUE,"Leaf + Root + Exudate","Early RT","No MS/MS assignment","Unknown","Tier 5: low priority"
"F1359_mz174.1128_rt1.14",0.432730744868044,13.1011472616252,1.31744838980227,0.245499428830245,0.520278606053088,-5.48754902968203,1359,1.143,174.11275,"Unknown","[M+H]+","ion correlated with 1850; similar chromatogram in higher mz_1892",0.429,TRUE,"null","null","null","null",999,FALSE,FALSE,FALSE,"null","null","null","null","null",251.68,10240.3333333333,386.001399557349,23,"Exudate vs Soil","Exudate","Not selected",2,3,3,3,TRUE,TRUE,TRUE,TRUE,"Leaf + Root + Exudate","RT >= 1 min","MS/MS available","Unknown","Tier 5: low priority"
"F1543_mz187.1331_rt1.1",0.700977038216035,14.1138365671942,1.31613684576337,0.245906648607463,0.520280275321613,-5.48902473128138,1543,1.1,187.13312,"Unknown","[M+H]+",NA,0.071,FALSE,"null","null","null","null",999,FALSE,FALSE,FALSE,"null","null","null","null","null",22.64,17847.6666666667,13.3209950323087,23,"Exudate vs Soil","Exudate","Not selected",3,2,3,3,TRUE,TRUE,TRUE,TRUE,"Leaf + Root + Exudate","RT >= 1 min","No MS/MS assignment","Unknown","Tier 5: low priority"
"F1702_mz198.1126_rt0.9",-0.657203575475974,12.5825161285747,-1.30164325846051,0.250448592147324,0.526740134622445,-5.5052870192706,1702,0.899,198.11264,"Unknown","[M+H]+",NA,0.393,FALSE,"null","null","null","null",999,FALSE,FALSE,FALSE,"null","null","null","null","null",235.25,6059.66666666667,215.20190298097,24,"Exudate vs Soil","Soil","Not selected",3,3,3,3,TRUE,TRUE,TRUE,TRUE,"Leaf + Root + Exudate","Early RT","No MS/MS assignment","Unknown","Tier 5: low priority"
"F807_mz136.0759_rt1.14",-0.217102122136191,13.6733085462988,-1.2928470810283,0.253242772423514,0.531809822089379,-5.51511546944526,807,1.139,136.07594,"Unknown","[M+H]+","ion correlated with 3603; ion correlated with 3335; ion correlated with 3569; ion correlated with 2499; ion correlated with 1811",0.179,TRUE,"null","null","null","null",999,FALSE,FALSE,FALSE,"null","null","null","null","null",83.46,20258.3333333333,42.2637796571128,24,"Exudate vs Soil","Soil","Not selected",3,3,3,3,TRUE,TRUE,TRUE,TRUE,"Leaf + Root + Exudate","RT >= 1 min","MS/MS available","Unknown","Tier 5: low priority"
"F2864_mz284.939_rt0.4",-0.334354917990446,17.6470489630767,-1.29078402418282,0.25390226679181,0.532388111608848,-5.51741606946537,2864,0.4,284.93896,"Unknown","[M+H]+",NA,0.679,FALSE,"null","null","null","null",999,FALSE,FALSE,FALSE,"null","null","null","null","null",62.87,0,329682,24,"Exudate vs Soil","Soil","Not selected",3,3,3,3,TRUE,TRUE,TRUE,TRUE,"Leaf + Root + Exudate","Very early RT","No MS/MS assignment","Unknown","Tier 5: low priority"
"F5112_mz756.5552_rt9.07",-0.601008320879168,13.3487235007549,-1.2854853443073,0.255603338770937,0.53308628175685,-5.52331682277833,5112,9.072,756.55524,"Unknown","[M+H]+",NA,0.071,TRUE,"null","null","null","null",999,FALSE,FALSE,FALSE,"null","null","null","null","null",37.33,15654.3333333333,15.5630668994592,24,"Exudate vs Soil","Soil","Not selected",3,3,3,3,TRUE,TRUE,TRUE,TRUE,"Leaf + Root + Exudate","RT >= 1 min","MS/MS available","Unknown","Tier 5: low priority"
"F1041_mz151.112_rt3.54",0.446890153656814,12.0826534651078,1.28195774070717,0.256741633606121,0.53308628175685,-5.52723881354924,1041,3.542,151.11203,"Unknown","[M+H]+","ion correlated with 779; ion correlated with 2014; ion correlated with 2157; ion correlated with 3115; ion correlated with 3702; ion correlated with 376; ion correlated with 741; ion correlated with 856; ion correlated with 1141; ion correlated with 1379; ion correlated with 1893; ion correlated with 2293; ion correlated with 2563; ion correlated with 3959; ion correlated with 3318; ion correlated with 3338; ion correlated with 956; ion correlated with 397; ion correlated with 597; ion correlated with 625; ion correlated with 994; ion correlated with 1019; ion correlated with 1190; ion correlated with 1257; ion correlated with 1349; ion correlated with 1630; ion correlated with 1752; ion correlated with 2317; ion correlated with 2448; ion correlated with 2474; ion correlated with 2676; ion correlated with 2746; ion correlated with 2954; ion correlated with 3083; ion correlated with 3098; ion correlated with 3118; ion correlated with 3504; ion correlated with 3745; ion correlated with 3906; ion correlated with 5005; ion correlated with 5013; ion correlated with 5038; ion correlated with 5047; ion correlated with 4092; ion correlated with 3515; ion correlated with 4188; ion correlated with 3942; ion correlated with 4987",0.071,FALSE,"null","null","null","null",999,FALSE,FALSE,FALSE,"null","null","null","null","null",35.74,3655.66666666667,64.646581586144,24,"Exudate vs Soil","Exudate","Not selected",3,3,3,3,TRUE,TRUE,TRUE,TRUE,"Leaf + Root + Exudate","RT >= 1 min","No MS/MS assignment","Unknown","Tier 5: low priority"
"F395_mz107.0856_rt2.07",0.349655046508022,12.7445982319512,1.28263893956856,0.25652146068455,0.53308628175685,-5.52648185959227,395,2.071,107.08565,"Unknown","[M+H]+","ion correlated with 2751; ion correlated with 2502; ion correlated with 378; ion correlated with 742; ion correlated with 957; ion correlated with 1497; ion correlated with 1629; ion correlated with 1658; ion correlated with 2022; ion correlated with 1838; ion correlated with 2911; ion correlated with 1351; ion correlated with 1570; ion correlated with 1694; ion correlated with 1719; ion correlated with 1894; ion correlated with 2137; ion correlated with 596; ion correlated with 1191; ion correlated with 2158; ion correlated with 4919; ion correlated with 532; ion correlated with 2500; ion correlated with 3522; ion correlated with 3926; ion correlated with 2562; ion correlated with 2394; ion correlated with 56; ion correlated with 1140; ion correlated with 1167; ion correlated with 1258; ion correlated with 1468; ion correlated with 2582; ion correlated with 3941; ion correlated with 3509; ion correlated with 2347; ion correlated with 3824; ion correlated with 3777; ion correlated with 3979; ion correlated with 3997; ion correlated with 5027; ion correlated with 4470; ion correlated with 3472",0.071,FALSE,"null","null","null","null",999,FALSE,FALSE,FALSE,"null","null","null","null","null",16.55,2921,41.652977412731,24,"Exudate vs Soil","Exudate","Not selected",3,3,3,3,TRUE,TRUE,TRUE,TRUE,"Leaf + Root + Exudate","RT >= 1 min","No MS/MS assignment","Unknown","Tier 5: low priority"
"F2469_mz255.1597_rt1.17",-0.204308873814306,14.2215397322863,-1.28456826560169,0.25589881675942,0.53308628175685,-5.52433692839519,2469,1.172,255.15971,"Unknown","[M+H]+",NA,0.036,FALSE,"null","null","null","null",999,FALSE,FALSE,FALSE,"null","null","null","null","null",18.17,14665.3333333333,8.51098888611105,24,"Exudate vs Soil","Soil","Not selected",3,3,3,3,TRUE,TRUE,TRUE,TRUE,"Leaf + Root + Exudate","RT >= 1 min","No MS/MS assignment","Unknown","Tier 5: low priority"
"F764_mz132.1021_rt1.14",0.146890011275093,17.111939641627,1.28598353794539,0.255442954875106,0.53308628175685,-5.52276251471453,764,1.143,132.10213,"Unknown","[M+H]+","ion correlated with 1233",0.071,TRUE,"null","null","null","null",999,FALSE,FALSE,FALSE,"null","null","null","null","null",74.02,109969.666666667,106.653986517617,24,"Exudate vs Soil","Exudate","Not selected",3,3,3,3,TRUE,TRUE,TRUE,TRUE,"Leaf + Root + Exudate","RT >= 1 min","MS/MS available","Unknown","Tier 5: low priority"
"F3494_mz333.2064_rt1.88",-0.662434858419326,12.1697206936515,-1.2707333300209,0.260394574601197,0.534586112770759,-5.5396834583059,3494,1.884,333.20636,"Unknown","[M+H]+","ion correlated with 3909; ion correlated with 3283",0.107,TRUE,"null","null","null","null",999,FALSE,FALSE,FALSE,"null","null","null","null","null",121.48,6899,271.015797101449,24,"Exudate vs Soil","Soil","Not selected",3,3,3,3,TRUE,TRUE,TRUE,TRUE,"Leaf + Root + Exudate","RT >= 1 min","MS/MS available","Unknown","Tier 5: low priority"
"F1716_mz199.1081_rt0.92",-0.610005093160473,12.8240430858081,-1.2671376709739,0.261574798430836,0.534586112770759,-5.5436587419907,1716,0.925,199.10808,"Unknown","[M+H]+","ion correlated with 1043",0.429,TRUE,"null","null","null","null",999,FALSE,FALSE,FALSE,"null","null","null","null","null",224,2738.33333333333,1698.62277926503,21,"Exudate vs Soil","Soil","Not selected",3,0,3,3,TRUE,FALSE,TRUE,TRUE,"Leaf + Exudate","Early RT","MS/MS available","Unknown","Tier 5: low priority"
"F2547_mz260.8982_rt0.42",0.497488810990534,15.9072873061469,1.27111944527981,0.260268127953751,0.534586112770759,-5.53925625046836,2547,0.415,260.89819,"Unknown","[M+H]+","ion correlated with 3417; ion correlated with 4203; ion correlated with 3589",0.429,FALSE,"null","null","null","null",999,FALSE,FALSE,FALSE,"null","null","null","null","null",715.54,2289.66666666667,167.95983701979,20,"Exudate vs Soil","Exudate","Not selected",0,2,3,3,FALSE,TRUE,TRUE,TRUE,"Root + Exudate","Very early RT","No MS/MS assignment","Unknown","Tier 5: low priority"
"F1188_mz163.0756_rt1.02",0.396667565279988,13.6064121803259,1.27708397691113,0.258321969680441,0.534586112770759,-5.53264892554606,1188,1.021,163.07556,"Unknown","[M+H]+","ion correlated with 738; found in higher mz's MsMs_4759; found in higher mz's MsMs_3780; similar chromatogram in higher mz_4378",0.214,TRUE,"null","null","null","null",999,FALSE,FALSE,FALSE,"null","null","null","null","null",145.12,15839.6666666667,232.051155254408,24,"Exudate vs Soil","Exudate","Not selected",3,3,3,3,TRUE,TRUE,TRUE,TRUE,"Leaf + Root + Exudate","RT >= 1 min","MS/MS available","Unknown","Tier 5: low priority"
"F648_mz124.9228_rt0.42",0.330529915919559,18.1782884537499,1.2675812347715,0.261428940806939,0.534586112770759,-5.54316864537584,648,0.418,124.92282,"Unknown","[M+H]+","similar chromatogram in higher mz_2965; similar chromatogram in higher mz_1828; similar chromatogram in higher mz_1860; similar chromatogram in higher mz_2238; similar chromatogram in higher mz_2261; similar chromatogram in higher mz_2440; similar chromatogram in higher mz_2628; similar chromatogram in higher mz_2735; similar chromatogram in higher mz_3018; similar chromatogram in higher mz_3366; similar chromatogram in higher mz_3384; similar chromatogram in higher mz_3405; similar chromatogram in higher mz_3558; similar chromatogram in higher mz_3764; similar chromatogram in higher mz_3829; similar chromatogram in higher mz_3927; similar chromatogram in higher mz_3946; similar chromatogram in higher mz_4046; similar chromatogram in higher mz_4156; similar chromatogram in higher mz_4169; similar chromatogram in higher mz_4259; similar chromatogram in higher mz_4384; similar chromatogram in higher mz_4413; similar chromatogram in higher mz_4424; similar chromatogram in higher mz_4463; similar chromatogram in higher mz_4476; similar chromatogram in higher mz_4526; similar chromatogram in higher mz_4582; similar chromatogram in higher mz_4589; similar chromatogram in higher mz_4630; similar chromatogram in higher mz_4689; similar chromatogram in higher mz_4695; similar chromatogram in higher mz_4701; similar chromatogram in higher mz_4725; similar chromatogram in higher mz_4731; similar chromatogram in higher mz_4787; similar chromatogram in higher mz_4795",0.857,FALSE,"null","null","null","null",999,FALSE,FALSE,FALSE,"null","null","null","null","null",93.76,0,2190479,24,"Exudate vs Soil","Exudate","Not selected",3,3,3,3,TRUE,TRUE,TRUE,TRUE,"Leaf + Root + Exudate","Very early RT","No MS/MS assignment","Unknown","Tier 5: low priority"
"F1187_mz163.0603_rt0.69",-0.306309964376375,15.85329536979,-1.27363280386447,0.259446415955568,0.534586112770759,-5.53647386123804,1187,0.692,163.0603,"Unknown","[M+H]+","ion correlated with 4471; ion correlated with 1256; ion correlated with 1567; ion correlated with 2015; ion correlated with 2543; ion correlated with 1700; ion correlated with 1441; ion correlated with 361; ion correlated with 530; ion correlated with 1376; ion correlated with 2929",0.214,FALSE,"null","null","null","null",999,FALSE,FALSE,FALSE,"null","null","null","null","null",69.7,74431.6666666667,26.4969816120162,23,"Exudate vs Soil","Soil","Not selected",3,2,3,3,TRUE,TRUE,TRUE,TRUE,"Leaf + Root + Exudate","Early RT","No MS/MS assignment","Unknown","Tier 5: low priority"
"F245_mz95.0493_rt0.48",-0.243428844928812,16.3274346212221,-1.27277308804412,0.259727221819966,0.534586112770759,-5.53742590230998,245,0.48,95.04926,"Unknown","[M+H]+","ion correlated with 2200; ion correlated with 1822; ion correlated with 2220; ion correlated with 1711; ion correlated with 851; ion correlated with 1323; ion correlated with 841; ion correlated with 2575; ion correlated with 2488; ion correlated with 2556; found in higher mz's MsMs_1621",0.107,FALSE,"null","null","null","null",999,FALSE,FALSE,FALSE,"null","null","null","null","null",57.05,38317.3333333333,31.0206080640251,13,"Exudate vs Soil","Soil","Not selected",3,3,3,3,TRUE,TRUE,TRUE,TRUE,"Leaf + Root + Exudate","Very early RT","No MS/MS assignment","Unknown","Tier 5: low priority"
"F1606_mz192.0693_rt1.05",0.239617029625619,13.7924654061772,1.26756966820789,0.26143274330945,0.534586112770759,-5.5431814264165,1606,1.055,192.06927,"Unknown","[M+H]+","ion correlated with 1927; ion correlated with 1765; ion correlated with 3243; ion correlated with 1504; ion correlated with 4175; ion correlated with 1578; ion correlated with 2486; ion correlated with 2587; ion correlated with 2253",0.071,TRUE,"null","null","null","null",999,FALSE,FALSE,FALSE,"null","null","null","null","null",153.58,13005.6666666667,83.0873141978473,23,"Exudate vs Soil","Exudate","Not selected",2,3,3,3,TRUE,TRUE,TRUE,TRUE,"Leaf + Root + Exudate","RT >= 1 min","MS/MS available","Unknown","Tier 5: low priority"
"F459_mz112.0507_rt0.48",-0.416169095449883,15.3834476222709,-1.26111649004058,0.263562121851345,0.535772827624653,-5.55030324380533,459,0.481,112.05074,"Unknown","[M+H]+","ion correlated with 4326; ion correlated with 51; ion correlated with 4472; ion correlated with 1032; found in higher mz's MsMs_2833; similar chromatogram in higher mz_4897; similar chromatogram in higher mz_4840; similar chromatogram in higher mz_4932; similar chromatogram in higher mz_4863; similar chromatogram in higher mz_4831; similar chromatogram in higher mz_4187",0.393,FALSE,"null","null","null","null",999,FALSE,FALSE,FALSE,"null","null","null","null","null",147.55,45348.3333333333,139.68776461249,24,"Exudate vs Soil","Soil","Not selected",3,3,3,3,TRUE,TRUE,TRUE,TRUE,"Leaf + Root + Exudate","Very early RT","No MS/MS assignment","Unknown","Tier 5: low priority"
"F653_mz125.071_rt0.64",0.685448568496005,13.817403626149,1.25023861015105,0.267187385065195,0.536644957013424,-5.56226744709171,653,0.642,125.07095,"Unknown","[M+H]+","similar chromatogram in higher mz_2353",0.036,FALSE,"null","null","null","null",999,FALSE,FALSE,FALSE,"null","null","null","null","null",12.85,52421.6666666667,6.97131647887682,21,"Exudate vs Soil","Exudate","Not selected",0,3,3,3,FALSE,TRUE,TRUE,TRUE,"Root + Exudate","Early RT","No MS/MS assignment","Unknown","Tier 5: low priority"
"F3601_mz344.1822_rt0.94",0.621124413946946,12.5739594992044,1.25118903344202,0.266868836748365,0.536644957013424,-5.56122416854961,3601,0.938,344.18225,"Unknown","[M+H]+","ion correlated with 971; ion correlated with 3147; ion correlated with 3798; ion correlated with 3931; ion correlated with 3614; ion correlated with 4059; ion correlated with 2328; ion correlated with 4137; ion correlated with 3501; ion correlated with 4252; ion correlated with 2248; ion correlated with 3443; ion correlated with 3595; ion correlated with 4224; ion correlated with 4036; ion correlated with 4637; ion correlated with 3721; ion correlated with 4467; ion correlated with 3465; ion correlated with 2432; ion correlated with 3269; ion correlated with 4231; ion correlated with 3920; ion correlated with 3652; ion correlated with 4454; ion correlated with 3155; ion correlated with 4150; ion correlated with 4138",0.071,FALSE,"null","null","null","null",999,FALSE,FALSE,FALSE,"null","null","null","null","null",170.09,5505.66666666667,68.901210653753,18,"Exudate vs Soil","Exudate","Not selected",0,0,3,3,FALSE,FALSE,TRUE,TRUE,"Exudate only","Early RT","No MS/MS assignment","Unknown","Tier 5: low priority"
"F792_mz135.0807_rt1",-0.315512699637187,13.5169503178958,-1.25198952689025,0.2666008078141,0.536644957013424,-5.56034516042306,792,1.005,135.08067,"Unknown","[M+H]+","ion correlated with 4843; ion correlated with 3955; ion correlated with 4029; ion correlated with 3171; ion correlated with 1458; ion correlated with 3937; ion correlated with 3803; ion correlated with 4550; ion correlated with 4165; ion correlated with 4912; ion correlated with 4759; ion correlated with 2865; ion correlated with 4035; found in higher mz's MsMs_1714",0.107,FALSE,"null","null","null","null",999,FALSE,FALSE,FALSE,"null","null","null","null","null",131.12,14171.6666666667,68.9503974787149,16,"Exudate vs Soil","Soil","Not selected",3,3,3,3,TRUE,TRUE,TRUE,TRUE,"Leaf + Root + Exudate","RT >= 1 min","No MS/MS assignment","Unknown","Tier 5: low priority"
"F654_mz125.0711_rt0.48",0.277004194495308,14.6549476289846,1.24938400392025,0.267474114248146,0.536644957013424,-5.56320520855865,654,0.484,125.07111,"Unknown","[M+H]+",NA,0.107,FALSE,"null","null","null","null",999,FALSE,FALSE,FALSE,"null","null","null","null","null",30.46,58652,6.54510425724174,21,"Exudate vs Soil","Exudate","Not selected",0,3,3,3,FALSE,TRUE,TRUE,TRUE,"Root + Exudate","Very early RT","No MS/MS assignment","Unknown","Tier 5: low priority"
"F4020_mz385.1474_rt1.29",-0.248480665936998,15.8108311458834,-1.24744203080196,0.268126707005694,0.537028346690596,-5.56533494510863,4020,1.293,385.14743,"Unknown","[M+H]+",NA,0.571,TRUE,"null","null","null","null",999,FALSE,FALSE,FALSE,"null","null","null","null","null",96.19,38261.3333333333,11.7425928023208,24,"Exudate vs Soil","Soil","Not selected",3,3,3,3,TRUE,TRUE,TRUE,TRUE,"Leaf + Root + Exudate","RT >= 1 min","MS/MS available","Unknown","Tier 5: low priority"
"F1346_mz173.116_rt0.86",0.175679116125475,15.2861164896,1.24492629039546,0.268974264041255,0.537948528082511,-5.56809144960583,1346,0.86,173.11603,"Unknown","[M+H]+",NA,0.036,FALSE,"null","null","null","null",999,FALSE,FALSE,FALSE,"null","null","null","null","null",98.01,50347.3333333333,7.36936012446622,20,"Exudate vs Soil","Exudate","Not selected",1,1,3,3,FALSE,FALSE,TRUE,TRUE,"Exudate only","Early RT","No MS/MS assignment","Unknown","Tier 5: low priority"
"F3740_mz356.907_rt0.41",0.43061329900604,16.2067460318036,1.23686927979076,0.27170507928004,0.541067873393873,-5.5769006124261,3740,0.408,356.90701,"Unknown","[M+H]+",NA,0.179,FALSE,"null","null","null","null",999,FALSE,FALSE,FALSE,"null","null","null","null","null",141.78,0,255575,20,"Exudate vs Soil","Exudate","Not selected",0,2,3,3,FALSE,TRUE,TRUE,TRUE,"Root + Exudate","Very early RT","No MS/MS assignment","Unknown","Tier 5: low priority"
"F1919_mz213.1488_rt1.44",0.28419415535035,14.1241198862172,1.23753827270664,0.271477379616363,0.541067873393873,-5.57617027061789,1919,1.438,213.14877,"Unknown","[M+H]+","ion correlated with 3027; ion correlated with 1666",0.179,TRUE,"null","null","null","null",999,FALSE,FALSE,FALSE,"null","null","null","null","null",39.57,19956,32.025655158591,24,"Exudate vs Soil","Exudate","Not selected",3,3,3,3,TRUE,TRUE,TRUE,TRUE,"Leaf + Root + Exudate","RT >= 1 min","MS/MS available","Unknown","Tier 5: low priority"
"F3701_mz352.235_rt1.12",0.178337844335208,15.2497754222935,1.23817524516919,0.271260739235848,0.541067873393873,-5.57547469914345,3701,1.123,352.23495,"Unknown","[M+H]+",NA,0.321,FALSE,"null","null","null","null",999,FALSE,FALSE,FALSE,"null","null","null","null","null",29.34,47873.6666666667,6.76441263298613,24,"Exudate vs Soil","Exudate","Not selected",3,3,3,3,TRUE,TRUE,TRUE,TRUE,"Leaf + Root + Exudate","RT >= 1 min","No MS/MS assignment","Unknown","Tier 5: low priority"
"F2105_mz226.1553_rt0.88",0.428862519629246,13.1248242898969,1.228264524682,0.27464926527635,0.543029788406593,-5.58627646683476,2105,0.88,226.1553,"Unknown","[M+H]+","ion correlated with 2456; ion correlated with 1237; similar chromatogram in higher mz_2163; similar chromatogram in higher mz_4791; similar chromatogram in higher mz_4790; similar chromatogram in higher mz_4742; similar chromatogram in higher mz_2916; similar chromatogram in higher mz_4776",0.429,TRUE,"null","null","null","null",999,FALSE,FALSE,FALSE,"null","null","null","null","null",922.4,3681.66666666667,2195.10065170167,18,"Exudate vs Soil","Exudate","Not selected",0,0,3,3,FALSE,FALSE,TRUE,TRUE,"Exudate only","Early RT","MS/MS available","Unknown","Tier 5: low priority"
"F1910_mz213.0761_rt0.97",0.367481809602039,12.8873589522769,1.22850276150492,0.274567363762875,0.543029788406593,-5.58601733226793,1910,0.966,213.07605,"Unknown","[M+H]+","similar chromatogram in higher mz_4414; found in higher mz's MsMs_4414",0.107,FALSE,"null","null","null","null",999,FALSE,FALSE,FALSE,"null","null","null","null","null",54.87,5392,85.1895049137771,21,"Exudate vs Soil","Exudate","Not selected",3,2,3,3,TRUE,TRUE,TRUE,TRUE,"Leaf + Root + Exudate","Early RT","No MS/MS assignment","Unknown","Tier 5: low priority"
"F819_mz137.0599_rt1.08",-0.178496415923911,13.9724487736075,-1.23042127032753,0.273908619434156,0.543029788406593,-5.58392959469461,819,1.084,137.05995,"Unknown","[M+H]+","ion correlated with 1217; ion correlated with 3309; ion correlated with 4658; ion correlated with 1837; ion correlated with 1403; ion correlated with 4557; ion correlated with 392; ion correlated with 4649; ion correlated with 3918; ion correlated with 3463; ion correlated with 4722; ion correlated with 4603; ion correlated with 3140; ion correlated with 4494; ion correlated with 3971; ion correlated with 4724; ion correlated with 2899; ion correlated with 3305; found in higher mz's MsMs_3918; found in higher mz's MsMs_4722; found in higher mz's MsMs_4649; found in higher mz's MsMs_3463; found in higher mz's MsMs_3664; found in higher mz's MsMs_4693",0.107,TRUE,"null","null","null","null",999,FALSE,FALSE,FALSE,"null","null","null","null","null",177.21,15959,124.062468671679,24,"Exudate vs Soil","Soil","Not selected",3,3,3,3,TRUE,TRUE,TRUE,TRUE,"Leaf + Root + Exudate","RT >= 1 min","MS/MS available","Unknown","Tier 5: low priority"
"F24_mz63.998_rt0.64",-0.806671650837035,19.3756322113635,-1.22261855528603,0.276596717195125,0.543948388122962,-5.59241011047717,24,0.64,63.99801,"Unknown","[M+H]+","ion correlated with 23; ion correlated with 1136; found in higher mz's MsMs_110; found in higher mz's MsMs_1109; found in higher mz's MsMs_1136",0.714,TRUE,"null","null","null","null",999,FALSE,FALSE,FALSE,"null","null","null","null","null",2375.66,104429,60.5567461457436,24,"Exudate vs Soil","Soil","Not selected",3,3,3,3,TRUE,TRUE,TRUE,TRUE,"Leaf + Root + Exudate","Early RT","MS/MS available","Unknown","Tier 5: low priority"
"F2988_mz292.2023_rt0.92",-0.701523463230089,12.130474887087,-1.20903693356529,0.28133247979069,0.543948388122962,-5.60710464919433,2988,0.917,292.2023,"Unknown","[M+H]+","ion correlated with 4541",0.036,FALSE,"null","null","null","null",999,FALSE,FALSE,FALSE,"null","null","null","null","null",37.03,0,163487,10,"Exudate vs Soil","Soil","Not selected",1,0,3,3,FALSE,FALSE,TRUE,TRUE,"Exudate only","Early RT","No MS/MS assignment","Unknown","Tier 5: low priority"
"F345_mz102.9991_rt0.64",-0.68731188027278,14.5704944419434,-1.19830189653898,0.285127081093662,0.543948388122962,-5.61865821615246,345,0.638,102.99911,"Unknown","[M+H]+",NA,0.071,FALSE,"null","null","null","null",999,FALSE,FALSE,FALSE,"null","null","null","null","null",125.66,6996.33333333333,32.557402820122,24,"Exudate vs Soil","Soil","Not selected",3,3,3,3,TRUE,TRUE,TRUE,TRUE,"Leaf + Root + Exudate","Early RT","No MS/MS assignment","Unknown","Tier 5: low priority"
"F2400_mz249.1238_rt0.99",0.682416663341666,12.5143971205089,1.21171235585946,0.280393859976303,0.543948388122962,-5.60421678055769,2400,0.991,249.12378,"Unknown","[M+H]+","ion correlated with 1748; ion correlated with 2370",0.143,FALSE,"null","null","null","null",999,FALSE,FALSE,FALSE,"null","null","null","null","null",26.42,12525.3333333333,23.0133585247079,20,"Exudate vs Soil","Exudate","Not selected",1,1,3,3,FALSE,FALSE,TRUE,TRUE,"Exudate only","Early RT","No MS/MS assignment","Unknown","Tier 5: low priority"
"F4999_mz685.4362_rt8.98",0.376012404189786,17.0884592976666,1.21439357779972,0.279456030849974,0.543948388122962,-5.60131929748625,4999,8.976,685.43616,"Unknown","[M+H]+",NA,0.214,TRUE,"null","null","null","null",999,FALSE,FALSE,FALSE,"null","null","null","null","null",1892.75,75177.3333333333,7.6363092202984,23,"Exudate vs Soil","Exudate","Not selected",3,2,3,3,TRUE,TRUE,TRUE,TRUE,"Leaf + Root + Exudate","RT >= 1 min","MS/MS available","Unknown","Tier 5: low priority"
"F2244_mz237.1235_rt1.42",-0.370037276125507,11.5345382567371,-1.19556246653085,0.286102723623116,0.543948388122962,-5.62159775776067,2244,1.418,237.12352,"Unknown","[M+H]+",NA,0.036,FALSE,"null","null","null","null",999,FALSE,FALSE,FALSE,"null","null","null","null","null",21.97,1916.33333333333,65.711578581363,22,"Exudate vs Soil","Soil","Not selected",1,3,3,3,FALSE,TRUE,TRUE,TRUE,"Root + Exudate","RT >= 1 min","No MS/MS assignment","Unknown","Tier 5: low priority"
"F1436_mz180.0659_rt1.06",0.245336589011433,11.5617754299595,1.21357572479942,0.279741797334625,0.543948388122962,-5.60220347168289,1436,1.057,180.06589,"Unknown","[M+H]+","ion correlated with 2250; ion correlated with 3013; found in higher mz's MsMs_2941",0.107,TRUE,"null","null","null","null",999,FALSE,FALSE,FALSE,"null","null","null","null","null",226.45,2111,551.848484848485,19,"Exudate vs Soil","Exudate","Not selected",1,0,3,3,FALSE,FALSE,TRUE,TRUE,"Exudate only","RT >= 1 min","MS/MS available","Unknown","Tier 5: low priority"
"F2992_mz293.0985_rt0.5",0.203979138583515,23.5770508621362,1.19968699858966,0.284634914048105,0.543948388122962,-5.61717057111547,2992,0.501,293.09851,"Unknown","[M+H]+","similar chromatogram in higher mz_3618; similar chromatogram in higher mz_3866; similar chromatogram in higher mz_3597",0.214,TRUE,"null","null","null","null",999,FALSE,FALSE,FALSE,"null","null","null","null","null",81850.98,0,14378532,7,"Exudate vs Soil","Exudate","Not selected",0,0,3,3,FALSE,FALSE,TRUE,TRUE,"Exudate only","Early RT","MS/MS available","Unknown","Tier 5: low priority"
"F1982_mz217.1048_rt8.68",0.194563099506324,14.7699395807305,1.20772073335377,0.28179527808679,0.543948388122962,-5.6085241332107,1982,8.675,217.10481,"Unknown","[M+H]+","ion correlated with 3467",0.036,FALSE,"null","null","null","null",999,FALSE,FALSE,FALSE,"null","null","null","null","null",16.91,32545.6666666667,6.10756861941827,24,"Exudate vs Soil","Exudate","Not selected",3,3,3,3,TRUE,TRUE,TRUE,TRUE,"Leaf + Root + Exudate","RT >= 1 min","No MS/MS assignment","Unknown","Tier 5: low priority"
"F4211_mz412.2979_rt5.49",0.181163997214582,14.1591733310181,1.19607112726454,0.285921339646274,0.543948388122962,-5.62105221131852,4211,5.494,412.29791,"Unknown","[M+H]+",NA,0.036,FALSE,"null","null","null","null",999,FALSE,FALSE,FALSE,"null","null","null","null","null",25.06,14031.3333333333,11.2754590588403,24,"Exudate vs Soil","Exudate","Not selected",3,3,3,3,TRUE,TRUE,TRUE,TRUE,"Leaf + Root + Exudate","RT >= 1 min","No MS/MS assignment","Unknown","Tier 5: low priority"
"F774_mz133.0319_rt0.54",-0.188784512043997,15.9386407213912,-1.19395872992024,0.286675275895148,0.544290318343391,-5.62331697822156,774,0.536,133.03189,"Unknown","[M+H]+","ion correlated with 2364; ion correlated with 2372; ion correlated with 991",0.107,FALSE,"null","null","null","null",999,FALSE,FALSE,FALSE,"null","null","null","null","null",288.44,26119,104.340658499234,19,"Exudate vs Soil","Soil","Not selected",3,0,3,3,TRUE,FALSE,TRUE,TRUE,"Leaf + Exudate","Early RT","No MS/MS assignment","Unknown","Tier 5: low priority"
"F761_mz132.0812_rt1.01",0.573504951060035,11.5753156536793,1.1883141473464,0.288698607490021,0.546634248608154,-5.62935818150096,761,1.007,132.08116,"Unknown","[M+H]+","ion correlated with 95; ion correlated with 3778; ion correlated with 3900; ion correlated with 3785; ion correlated with 916; ion correlated with 3393; ion correlated with 2698; ion correlated with 61; ion correlated with 3197; ion correlated with 1392; ion correlated with 2672; ion correlated with 4022; ion correlated with 3786; ion correlated with 3587; ion correlated with 3129; ion correlated with 3160; ion correlated with 2526; ion correlated with 2633; found in higher mz's MsMs_1810",0.286,TRUE,"null","null","null","null",999,FALSE,FALSE,FALSE,"null","null","null","null","null",42.52,1693.33333333333,456.878221522723,24,"Exudate vs Soil","Exudate","Not selected",3,3,3,3,TRUE,TRUE,TRUE,TRUE,"Leaf + Root + Exudate","RT >= 1 min","MS/MS available","Unknown","Tier 5: low priority"
"F3246_mz312.1658_rt0.98",0.338643909066732,14.1751879562586,1.1893968170109,0.288309533294957,0.546634248608154,-5.62820062903577,3246,0.976,312.16583,"Unknown","[M+H]+","ion correlated with 3430; ion correlated with 3226; similar chromatogram in higher mz_4058",0.107,FALSE,"null","null","null","null",999,FALSE,FALSE,FALSE,"null","null","null","null","null",39.14,9354.33333333333,28.5188127984038,23,"Exudate vs Soil","Exudate","Not selected",3,3,3,3,TRUE,TRUE,TRUE,TRUE,"Leaf + Root + Exudate","Early RT","No MS/MS assignment","Unknown","Tier 5: low priority"
"F2866_mz285.1202_rt0.46",0.514605431548482,12.9376297460326,1.18314410539931,0.290563006554894,0.54941381594145,-5.63487796591139,2866,0.455,285.12024,"Unknown","[M+H]+",NA,0.036,FALSE,"null","null","null","null",999,FALSE,FALSE,FALSE,"null","null","null","null","null",16.73,734.666666666667,236.898051653829,19,"Exudate vs Soil","Exudate","Not selected",2,1,3,3,TRUE,FALSE,TRUE,TRUE,"Leaf + Exudate","Very early RT","No MS/MS assignment","Unknown","Tier 5: low priority"
"F668_mz126.0551_rt0.62",0.176037712312446,16.6012341886796,1.17830002977846,0.292319579780471,0.551231207586032,-5.64003789732091,668,0.623,126.05506,"Unknown","[M+H]+",NA,0.429,TRUE,"null","null","null","null",999,FALSE,FALSE,FALSE,"null","null","null","null","null",135.68,109893.333333333,52.6810693908997,24,"Exudate vs Soil","Exudate","Not selected",3,3,3,3,TRUE,TRUE,TRUE,TRUE,"Leaf + Root + Exudate","Early RT","MS/MS available","Unknown","Tier 5: low priority"
"F3551_mz338.1714_rt0.98",0.828510589893609,12.7607795578273,1.15071425472774,0.302503535310091,0.55931037239263,-5.66919995959768,3551,0.975,338.17142,"Unknown","[M+H]+",NA,0.036,FALSE,"null","null","null","null",999,FALSE,FALSE,FALSE,"null","null","null","null","null",64.84,6429.33333333333,28.3103519776061,21,"Exudate vs Soil","Exudate","Not selected",2,1,3,3,TRUE,FALSE,TRUE,TRUE,"Leaf + Exudate","Early RT","No MS/MS assignment","Unknown","Tier 5: low priority"
"F1778_mz203.0528_rt0.45",-0.812276833289767,13.812313532687,-1.14968287193014,0.302890298362177,0.55931037239263,-5.67028281581939,1778,0.452,203.05275,"Unknown","[M+H]+",NA,0.643,TRUE,"null","null","null","null",999,FALSE,FALSE,FALSE,"null","null","null","null","null",6055.85,15943,3585.44562217762,24,"Exudate vs Soil","Soil","Not selected",3,3,3,3,TRUE,TRUE,TRUE,TRUE,"Leaf + Root + Exudate","Very early RT","MS/MS available","Unknown","Tier 5: low priority"
"F3186_mz306.8904_rt0.41",0.467500142071696,15.8612121707635,1.15226487869151,0.301922878157977,0.55931037239263,-5.66757092326235,3186,0.409,306.89038,"Unknown","[M+H]+",NA,0.071,FALSE,"null","null","null","null",999,FALSE,FALSE,FALSE,"null","null","null","null","null",43.18,8469,13.7667060212515,24,"Exudate vs Soil","Exudate","Not selected",3,3,3,3,TRUE,TRUE,TRUE,TRUE,"Leaf + Root + Exudate","Very early RT","No MS/MS assignment","Unknown","Tier 5: low priority"
"F2823_mz281.0501_rt0.42",0.312867802901085,15.1387281932201,1.14798228573257,0.303528959795964,0.55931037239263,-5.67206708151515,2823,0.421,281.05008,"Unknown","[M+H]+",NA,0.214,FALSE,"null","null","null","null",999,FALSE,FALSE,FALSE,"null","null","null","null","null",25.56,26381,18.5776286862255,22,"Exudate vs Soil","Exudate","Not selected",3,3,3,3,TRUE,TRUE,TRUE,TRUE,"Leaf + Root + Exudate","Very early RT","No MS/MS assignment","Unknown","Tier 5: low priority"
"F1326_mz172.9526_rt0.44",0.293264229070554,18.4814738881408,1.14280150413775,0.305481927778659,0.55931037239263,-5.67749360797088,1326,0.445,172.95256,"Unknown","[M+H]+","ion correlated with 1080; ion correlated with 1411",0.214,FALSE,"null","null","null","null",999,FALSE,FALSE,FALSE,"null","null","null","null","null",38.84,22723.6666666667,21.6982280634846,12,"Exudate vs Soil","Exudate","Not selected",3,0,3,3,TRUE,FALSE,TRUE,TRUE,"Leaf + Exudate","Very early RT","No MS/MS assignment","Unknown","Tier 5: low priority"
"F1525_mz186.0764_rt0.91",-0.230464782224221,14.8209544358254,-1.16213509500465,0.29824980048868,0.55931037239263,-5.6571729008721,1525,0.913,186.07639,"Unknown","[M+H]+","ion correlated with 1640; ion correlated with 2001; ion correlated with 1797; ion correlated with 1348; ion correlated with 4009; ion correlated with 1678; ion correlated with 2082; similar chromatogram in higher mz_2963",0.429,FALSE,"null","null","null","null",999,FALSE,FALSE,FALSE,"null","null","null","null","null",80.67,14374,58.7650086956522,23,"Exudate vs Soil","Soil","Not selected",3,2,3,3,TRUE,TRUE,TRUE,TRUE,"Leaf + Root + Exudate","Early RT","No MS/MS assignment","Unknown","Tier 5: low priority"
"F1389_mz176.0919_rt0.49",0.188428162630502,14.9252930695788,1.1476441372812,0.303656093848704,0.55931037239263,-5.67242169184979,1389,0.489,176.09193,"Unknown","[M+H]+",NA,0.357,FALSE,"null","null","null","null",999,FALSE,FALSE,FALSE,"null","null","null","null","null",534.22,10820,270.118565751779,21,"Exudate vs Soil","Exudate","Not selected",1,2,3,3,FALSE,TRUE,TRUE,TRUE,"Root + Exudate","Very early RT","No MS/MS assignment","Unknown","Tier 5: low priority"
"F184_mz86.0966_rt1.14",0.152747871819383,15.4569857837831,1.14938601535973,0.30300169865433,0.55931037239263,-5.67059438657516,184,1.143,86.0966,"Unknown","[M+H]+","ion correlated with 584; ion correlated with 2345; found in higher mz's MsMs_1359; found in higher mz's MsMs_696",0.071,FALSE,"null","null","null","null",999,FALSE,FALSE,FALSE,"null","null","null","null","null",49.49,47254,49.0365675589885,24,"Exudate vs Soil","Exudate","Not selected",3,3,3,3,TRUE,TRUE,TRUE,TRUE,"Leaf + Root + Exudate","RT >= 1 min","No MS/MS assignment","Unknown","Tier 5: low priority"
"F531_mz117.0551_rt0.46",-0.127302493748807,16.8394223036591,-1.15421998619622,0.301192155439754,0.55931037239263,-5.66551519837801,531,0.464,117.05507,"Unknown","[M+H]+","similar chromatogram in higher mz_1535",0.179,FALSE,"null","null","null","null",999,FALSE,FALSE,FALSE,"null","null","null","null","null",35.67,176431.666666667,19.0492501388632,24,"Exudate vs Soil","Soil","Not selected",3,3,3,3,TRUE,TRUE,TRUE,TRUE,"Leaf + Root + Exudate","Very early RT","No MS/MS assignment","Unknown","Tier 5: low priority"
"F405_mz108.0444_rt0.62",0.885498275210349,14.3927171210934,1.13753501924727,0.307478505243721,0.560006843978708,-5.68299564852001,405,0.621,108.04443,"Unknown","[M+H]+","found in higher mz's MsMs_668",0.429,TRUE,"null","null","null","null",999,FALSE,FALSE,FALSE,"null","null","null","null","null",132.65,67580,50.3863363963244,19,"Exudate vs Soil","Exudate","Not selected",1,0,3,3,FALSE,FALSE,TRUE,TRUE,"Exudate only","Early RT","MS/MS available","Unknown","Tier 5: low priority"
"F834_mz137.9712_rt0.46",0.176314814577672,17.3921028576856,1.13418871339098,0.308753059646936,0.561590210853877,-5.68648410893297,834,0.463,137.97121,"Unknown","[M+H]+","ion correlated with 1695; ion correlated with 1924; ion correlated with 4008; ion correlated with 3597; found in higher mz's MsMs_904; found in higher mz's MsMs_1158",0.214,FALSE,"null","null","null","null",999,FALSE,FALSE,FALSE,"null","null","null","null","null",40.96,5860,33.677870670534,10,"Exudate vs Soil","Exudate","Not selected",0,0,3,3,FALSE,FALSE,TRUE,TRUE,"Exudate only","Very early RT","No MS/MS assignment","Unknown","Tier 5: low priority"
"F3999_mz382.928_rt0.38",-0.628316178652591,14.213135075465,-1.12999237414754,0.310357913126743,0.561637046673494,-5.69085040724116,3999,0.379,382.92804,"Unknown","[M+H]+","ion correlated with 4279; ion correlated with 4135",0.179,FALSE,"null","null","null","null",999,FALSE,FALSE,FALSE,"null","null","null","null","null",2265.76,0,187829,23,"Exudate vs Soil","Soil","Not selected",3,3,3,3,TRUE,TRUE,TRUE,TRUE,"Leaf + Root + Exudate","Very early RT","No MS/MS assignment","Unknown","Tier 5: low priority"
"F203_mz89.0084_rt0.38",-0.541950472215067,15.2926804109962,-1.12614783659201,0.311834619289979,0.561637046673494,-5.69484249887488,203,0.378,89.00842,"Unknown","[M+H]+","ion correlated with 2461; ion correlated with 2661; ion correlated with 538; ion correlated with 3508",0.107,FALSE,"null","null","null","null",999,FALSE,FALSE,FALSE,"null","null","null","null","null",94.02,841.666666666667,1152.5352056962,17,"Exudate vs Soil","Soil","Not selected",3,3,3,3,TRUE,TRUE,TRUE,TRUE,"Leaf + Root + Exudate","Very early RT","No MS/MS assignment","Unknown","Tier 5: low priority"
"F3308_mz317.1368_rt0.42",0.229993603075365,16.5756314531632,1.12585151364142,0.311948692695495,0.561637046673494,-5.69514986972003,3308,0.415,317.13681,"Unknown","[M+H]+","similar chromatogram in higher mz_3640",0.321,FALSE,"null","null","null","null",999,FALSE,FALSE,FALSE,"null","null","null","null","null",52.62,0,306581,24,"Exudate vs Soil","Exudate","Not selected",3,3,3,3,TRUE,TRUE,TRUE,TRUE,"Leaf + Root + Exudate","Very early RT","No MS/MS assignment","Unknown","Tier 5: low priority"
"F475_mz113.0347_rt0.68",0.174350646777984,13.835526182031,1.12251343829011,0.313236246088464,0.561637046673494,-5.69860917436948,475,0.682,113.03474,"Unknown","[M+H]+","ion correlated with 4902; ion correlated with 2742",0.143,FALSE,"null","null","null","null",999,FALSE,FALSE,FALSE,"null","null","null","null","null",40.86,16484.3333333333,39.6238879003559,17,"Exudate vs Soil","Exudate","Not selected",0,0,3,3,FALSE,FALSE,TRUE,TRUE,"Exudate only","Early RT","No MS/MS assignment","Unknown","Tier 5: low priority"
"F63_mz72.081_rt0.5",0.164697186330351,15.6278785379718,1.12515345362425,0.312217564025188,0.561637046673494,-5.69587377141313,63,0.503,72.08095,"Unknown","[M+H]+","ion correlated with 2511; ion correlated with 1228; found in higher mz's MsMs_4472; found in higher mz's MsMs_2372; found in higher mz's MsMs_1680",0.429,TRUE,"null","null","null","null",999,FALSE,FALSE,FALSE,"null","null","null","null","null",1441.41,69589.6666666667,516.688842373498,24,"Exudate vs Soil","Exudate","Not selected",3,3,3,3,TRUE,TRUE,TRUE,TRUE,"Leaf + Root + Exudate","Early RT","MS/MS available","Unknown","Tier 5: low priority"
"F182_mz86.0965_rt0.89",0.148849399651686,16.6056954035421,1.13074481640364,0.310069612420471,0.561637046673494,-5.69006817197482,182,0.89,86.09652,"Unknown","[M+H]+","similar chromatogram in higher mz_762; found in higher mz's MsMs_762; similar chromatogram in higher mz_769; similar chromatogram in higher mz_2691; found in higher mz's MsMs_4447; found in higher mz's MsMs_3012; found in higher mz's MsMs_2761; found in higher mz's MsMs_2559; found in higher mz's MsMs_1883; similar chromatogram in higher mz_2233; similar chromatogram in higher mz_4447; found in higher mz's MsMs_4352; similar chromatogram in higher mz_4514; similar chromatogram in higher mz_2153; similar chromatogram in higher mz_3822; similar chromatogram in higher mz_4069; found in higher mz's MsMs_1859; similar chromatogram in higher mz_4558; similar chromatogram in higher mz_4269; similar chromatogram in higher mz_3874; similar chromatogram in higher mz_4894; similar chromatogram in higher mz_4853; similar chromatogram in higher mz_2508; similar chromatogram in higher mz_4814; similar chromatogram in higher mz_2720",0.5,TRUE,"null","null","null","null",999,FALSE,FALSE,FALSE,"null","null","null","null","null",10755.83,74089,2438.41318666487,24,"Exudate vs Soil","Exudate","Not selected",3,3,3,3,TRUE,TRUE,TRUE,TRUE,"Leaf + Root + Exudate","Early RT","MS/MS available","Unknown","Tier 5: low priority"
"F1441_mz180.0869_rt0.69",-0.3499179104241,16.190459835788,-1.1169863215977,0.31537833546991,0.563291717733628,-5.70432393754224,1441,0.694,180.0869,"Unknown","[M+H]+","ion correlated with 4471; ion correlated with 1567; ion correlated with 2015; ion correlated with 2543; ion correlated with 1187; ion correlated with 1700; ion correlated with 361; ion correlated with 530; ion correlated with 1376; ion correlated with 2929",0.179,FALSE,"null","null","null","null",999,FALSE,FALSE,FALSE,"null","null","null","null","null",157.77,103776.333333333,18.6025882337826,24,"Exudate vs Soil","Soil","Not selected",3,3,3,3,TRUE,TRUE,TRUE,TRUE,"Leaf + Root + Exudate","Early RT","No MS/MS assignment","Unknown","Tier 5: low priority"
"F1655_mz195.0664_rt1.17",0.579197909659156,11.7442819747347,1.11537904253284,0.316003640592519,0.563682169705574,-5.70598270718237,1655,1.17,195.06644,"Unknown","[M+H]+","ion correlated with 1966",0.143,FALSE,"null","null","null","null",999,FALSE,FALSE,FALSE,"null","null","null","null","null",47.6,3603.33333333333,38.18043096273,23,"Exudate vs Soil","Exudate","Not selected",3,2,3,3,TRUE,TRUE,TRUE,TRUE,"Leaf + Root + Exudate","RT >= 1 min","No MS/MS assignment","Unknown","Tier 5: low priority"
"F709_mz129.066_rt0.47",-0.593797072681158,14.1472814008206,-1.110935969583,0.317737809260473,0.565104349333645,-5.71056086545765,709,0.473,129.06604,"Unknown","[M+H]+","similar chromatogram in higher mz_3427; similar chromatogram in higher mz_4004; similar chromatogram in higher mz_4551; similar chromatogram in higher mz_4507",0.536,TRUE,"null","null","null","null",999,FALSE,FALSE,FALSE,"null","null","null","null","null",721.4,4010.33333333333,1821.32881834801,24,"Exudate vs Soil","Soil","Not selected",3,3,3,3,TRUE,TRUE,TRUE,TRUE,"Leaf + Root + Exudate","Very early RT","MS/MS available","Unknown","Tier 5: low priority"
"F1628_mz193.1226_rt1.07",0.553320510085378,12.9446079887542,1.10523783972644,0.31997392136036,0.565104349333645,-5.71641656316847,1628,1.073,193.12263,"Unknown","[M+H]+","ion correlated with 3311; ion correlated with 1088; ion correlated with 4912; ion correlated with 4881; ion correlated with 4938; ion correlated with 4215; ion correlated with 4844; ion correlated with 4348; found in higher mz's MsMs_4722",0.036,FALSE,"null","null","null","null",999,FALSE,FALSE,FALSE,"null","null","null","null","null",20.35,8095.66666666667,83.0754219843557,22,"Exudate vs Soil","Exudate","Not selected",3,3,3,3,TRUE,TRUE,TRUE,TRUE,"Leaf + Root + Exudate","RT >= 1 min","No MS/MS assignment","Unknown","Tier 5: low priority"
"F470_mz112.9669_rt0.4",-0.521183863762282,16.946701915432,-1.10397729996286,0.320470431873193,0.565104349333645,-5.7177095678809,470,0.397,112.96694,"Unknown","[M+H]+","ion correlated with 275; ion correlated with 1473; ion correlated with 2692; ion correlated with 1657",0.321,FALSE,"null","null","null","null",999,FALSE,FALSE,FALSE,"null","null","null","null","null",102.04,19572.3333333333,160.999403950954,17,"Exudate vs Soil","Soil","Not selected",3,3,3,3,TRUE,TRUE,TRUE,TRUE,"Leaf + Root + Exudate","Very early RT","No MS/MS assignment","Unknown","Tier 5: low priority"
"F278_mz98.0966_rt0.92",0.251176006249653,14.2363537986515,1.10625952252989,0.31957198253187,0.565104349333645,-5.71536792984579,278,0.92,98.09656,"Unknown","[M+H]+","ion correlated with 3191; similar chromatogram in higher mz_1509; similar chromatogram in higher mz_2343; similar chromatogram in higher mz_3430; similar chromatogram in higher mz_3616; found in higher mz's MsMs_1730; found in higher mz's MsMs_1929",0.214,TRUE,"null","null","null","null",999,FALSE,FALSE,FALSE,"null","null","null","null","null",207.05,19514,264.618242377658,14,"Exudate vs Soil","Exudate","Not selected",3,3,3,3,TRUE,TRUE,TRUE,TRUE,"Leaf + Root + Exudate","Early RT","MS/MS available","Unknown","Tier 5: low priority"
"F2926_mz288.1926_rt1",0.139427193079135,14.3276116413995,1.10460531607335,0.320222981021154,0.565104349333645,-5.71706548599395,2926,0.997,288.19263,"Unknown","[M+H]+","ion correlated with 2829; ion correlated with 3902; ion correlated with 3778; ion correlated with 3743; ion correlated with 1446; ion correlated with 2994; ion correlated with 3132; ion correlated with 2444; ion correlated with 1544; ion correlated with 2620; ion correlated with 3432; ion correlated with 1374; ion correlated with 3627; ion correlated with 1392",0.036,TRUE,"null","null","null","null",999,FALSE,FALSE,FALSE,"null","null","null","null","null",451.42,19189.6666666667,97.1153859515042,24,"Exudate vs Soil","Exudate","Not selected",3,3,3,3,TRUE,TRUE,TRUE,TRUE,"Leaf + Root + Exudate","Early RT","MS/MS available","Unknown","Tier 5: low priority"
"F1874_mz209.9569_rt0.43",-0.638230369574127,13.6141368654096,-1.10075155966534,0.321744047471928,0.566629288178007,-5.72101442109173,1874,0.434,209.95694,"Unknown","[M+H]+",NA,0.286,FALSE,"null","null","null","null",999,FALSE,FALSE,FALSE,"null","null","null","null","null",85.29,3424.66666666667,125.689111608446,22,"Exudate vs Soil","Soil","Not selected",3,3,3,3,TRUE,TRUE,TRUE,TRUE,"Leaf + Root + Exudate","Very early RT","No MS/MS assignment","Unknown","Tier 5: low priority"
"F313_mz100.1122_rt0.94",-0.954351014579866,18.6481076870227,-1.09939175400013,0.322282248275023,0.566695991874786,-5.72240586345805,313,0.94,100.11221,"Unknown","[M+H]+","similar chromatogram in higher mz_3650; similar chromatogram in higher mz_3707",0.607,TRUE,"null","null","null","null",999,FALSE,FALSE,FALSE,"null","null","null","null","null",159.74,691537.666666667,7.22737171601877,24,"Exudate vs Soil","Soil","Not selected",3,3,3,3,TRUE,TRUE,TRUE,TRUE,"Leaf + Root + Exudate","Early RT","MS/MS available","Unknown","Tier 5: low priority"
"F110_mz79.0213_rt0.64",-0.669630363749471,27.0861554280465,-1.09277267661327,0.324913147181146,0.569195533032829,-5.72916435178955,110,0.64,79.02131,"Unknown","[M+H]+","found in higher mz's MsMs_1136; found in higher mz's MsMs_1109; found in higher mz's MsMs_2718",0.786,TRUE,"null","null","null","null",999,FALSE,FALSE,FALSE,"null","null","null","null","null",29911.11,26594188.3333333,43.9364404891053,24,"Exudate vs Soil","Soil","Not selected",3,3,3,3,TRUE,TRUE,TRUE,TRUE,"Leaf + Root + Exudate","Early RT","MS/MS available","Unknown","Tier 5: low priority"
"F3543_mz337.224_rt1.05",0.176357812620583,14.6925802120637,1.09187227393887,0.325272459630312,0.569195533032829,-5.7300818411799,3543,1.055,337.224,"Unknown","[M+H]+","ion correlated with 2985; ion correlated with 3776; ion correlated with 3921; ion correlated with 3374; ion correlated with 711",0.25,FALSE,"null","null","null","null",999,FALSE,FALSE,FALSE,"null","null","null","null","null",31.08,30571,7.97929477953683,24,"Exudate vs Soil","Exudate","Not selected",3,3,3,3,TRUE,TRUE,TRUE,TRUE,"Leaf + Root + Exudate","RT >= 1 min","No MS/MS assignment","Unknown","Tier 5: low priority"
"F1057_mz152.9473_rt0.41",0.154866501775521,18.6570348160129,1.08805408726945,0.32679994135781,0.56974178455588,-5.73396746239836,1057,0.41,152.94733,"Unknown","[M+H]+",NA,0.571,FALSE,"null","null","null","null",999,FALSE,FALSE,FALSE,"null","null","null","null","null",105.28,22427.6666666667,20.5514668727521,22,"Exudate vs Soil","Exudate","Not selected",1,3,3,3,FALSE,TRUE,TRUE,TRUE,"Root + Exudate","Very early RT","No MS/MS assignment","Unknown","Tier 5: low priority"
"F4775_mz565.5676_rt7.75",0.196079381547137,16.6467844782475,1.08333758501772,0.328695314170423,0.570891861453893,-5.73875599515403,4775,7.747,565.56763,"Unknown","[M+H]+",NA,0.036,TRUE,"null","null","null","null",999,FALSE,FALSE,FALSE,"null","null","null","null","null",92.69,60687,21.324199182705,24,"Exudate vs Soil","Exudate","Not selected",3,3,3,3,TRUE,TRUE,TRUE,TRUE,"Leaf + Root + Exudate","RT >= 1 min","MS/MS available","Unknown","Tier 5: low priority"
"F2327_mz244.1549_rt1.13",0.187140501071178,13.6316198954801,1.08210884682949,0.329190642636855,0.571036584098475,-5.74000144437589,2327,1.132,244.15486,"Unknown","[M+H]+",NA,0.036,FALSE,"null","null","null","null",999,FALSE,FALSE,FALSE,"null","null","null","null","null",25.64,9075.33333333333,17.2325094568291,23,"Exudate vs Soil","Exudate","Not selected",3,2,3,3,TRUE,TRUE,TRUE,TRUE,"Leaf + Root + Exudate","RT >= 1 min","No MS/MS assignment","Unknown","Tier 5: low priority"
"F2331_mz244.264_rt2.03",-0.283021657946394,13.7036476231918,-1.07980993557831,0.330119099580685,0.571931340023537,-5.74232933209172,2331,2.033,244.26398,"Unknown","[M+H]+",NA,0.214,TRUE,"null","null","null","null",999,FALSE,FALSE,FALSE,"null","null","null","null","null",140.7,22708.6666666667,37.6727678374848,24,"Exudate vs Soil","Soil","Not selected",3,3,3,3,TRUE,TRUE,TRUE,TRUE,"Leaf + Root + Exudate","RT >= 1 min","MS/MS available","Unknown","Tier 5: low priority"
"F704_mz129.0184_rt0.73",-0.375690858973987,15.5317125070127,-1.07240225643264,0.333126107953639,0.575147164983607,-5.74980998440774,704,0.733,129.01836,"Unknown","[M+H]+","ion correlated with 1617; ion correlated with 847; ion correlated with 1371; ion correlated with 2174; found in higher mz's MsMs_1877; similar chromatogram in higher mz_4351",0.107,FALSE,"null","null","null","null",999,FALSE,FALSE,FALSE,"null","null","null","null","null",104.01,31748.6666666667,21.6254553853584,19,"Exudate vs Soil","Soil","Not selected",3,1,3,3,TRUE,FALSE,TRUE,TRUE,"Leaf + Exudate","Early RT","No MS/MS assignment","Unknown","Tier 5: low priority"
"F1834_mz207.1019_rt1.22",0.349021011724831,13.0289813907925,1.07134179837951,0.333558492958352,0.575147164983607,-5.75087832932482,1834,1.222,207.1019,"Unknown","[M+H]+",NA,0.036,FALSE,"null","null","null","null",999,FALSE,FALSE,FALSE,"null","null","null","null","null",44.21,7686.66666666667,22.6551185882149,23,"Exudate vs Soil","Exudate","Not selected",3,3,3,3,TRUE,TRUE,TRUE,TRUE,"Leaf + Root + Exudate","RT >= 1 min","No MS/MS assignment","Unknown","Tier 5: low priority"
"F2001_mz218.1028_rt0.92",-0.582582693539484,12.4920067492744,-1.06464011189126,0.336302101207235,0.57687464390251,-5.757614928657,2001,0.916,218.10281,"Unknown","[M+H]+","ion correlated with 2520; ion correlated with 1525; ion correlated with 1623; ion correlated with 928; ion correlated with 1797; ion correlated with 4009; ion correlated with 1678",0.357,FALSE,"null","null","null","null",999,FALSE,FALSE,FALSE,"null","null","null","null","null",192.61,2161.33333333333,398.39602281486,19,"Exudate vs Soil","Soil","Not selected",1,0,3,3,FALSE,FALSE,TRUE,TRUE,"Exudate only","Early RT","No MS/MS assignment","Unknown","Tier 5: low priority"
"F2625_mz267.196_rt1.53",0.26742028081946,12.6668556800031,1.06540743253201,0.335986994436321,0.57687464390251,-5.75684492153339,2625,1.529,267.19604,"Unknown","[M+H]+","ion correlated with 4332",0.036,FALSE,"null","null","null","null",999,FALSE,FALSE,FALSE,"null","null","null","null","null",18.36,8392.33333333333,13.2103653693407,23,"Exudate vs Soil","Exudate","Not selected",3,3,3,3,TRUE,TRUE,TRUE,TRUE,"Leaf + Root + Exudate","RT >= 1 min","No MS/MS assignment","Unknown","Tier 5: low priority"
"F93_mz76.0395_rt0.45",-0.134489769112037,18.4891284895576,-1.06498750710882,0.336159409199899,0.57687464390251,-5.75726635928296,93,0.45,76.03948,"Unknown","[M+H]+","ion correlated with 1085; ion correlated with 71; ion correlated with 4479; similar chromatogram in higher mz_1085; similar chromatogram in higher mz_1096; similar chromatogram in higher mz_1366; similar chromatogram in higher mz_1380; similar chromatogram in higher mz_1524; similar chromatogram in higher mz_1824; similar chromatogram in higher mz_2004; similar chromatogram in higher mz_2812; similar chromatogram in higher mz_3030; similar chromatogram in higher mz_3541; similar chromatogram in higher mz_4608; similar chromatogram in higher mz_4613; similar chromatogram in higher mz_2796; similar chromatogram in higher mz_3019",0.571,TRUE,"null","null","null","null",999,FALSE,FALSE,FALSE,"null","null","null","null","null",146.37,276661,10.1243466757271,24,"Exudate vs Soil","Soil","Not selected",3,3,3,3,TRUE,TRUE,TRUE,TRUE,"Leaf + Root + Exudate","Very early RT","MS/MS available","Unknown","Tier 5: low priority"
"F4112_mz397.2083_rt1.03",0.623510370042717,12.3054146881988,1.0621406642387,0.337330267549506,0.577209568918043,-5.76012076687487,4112,1.031,397.20825,"Unknown","[M+H]+","ion correlated with 1164; ion correlated with 3756",0.214,FALSE,"null","null","null","null",999,FALSE,FALSE,FALSE,"null","null","null","null","null",47.28,2274.33333333333,64.4890125988866,19,"Exudate vs Soil","Exudate","Not selected",0,1,3,3,FALSE,FALSE,TRUE,TRUE,"Exudate only","RT >= 1 min","No MS/MS assignment","Unknown","Tier 5: low priority"
"F1273_mz168.1022_rt0.93",-0.326284695434247,12.8706904555868,-1.05810385820259,0.338996488729004,0.578162161596011,-5.76416024205878,1273,0.932,168.10219,"Unknown","[M+H]+","ion correlated with 47; ion correlated with 2643; ion correlated with 4011; ion correlated with 2204; ion correlated with 2835; ion correlated with 2264; ion correlated with 2963; ion correlated with 3334; ion correlated with 3381; ion correlated with 2802; ion correlated with 2829; ion correlated with 3902; ion correlated with 3161; ion correlated with 3743; ion correlated with 1446; ion correlated with 2994; ion correlated with 3132; ion correlated with 2444; ion correlated with 3393",0.036,FALSE,"null","null","null","null",999,FALSE,FALSE,FALSE,"null","null","null","null","null",81.32,12451.3333333333,111.980780041224,24,"Exudate vs Soil","Soil","Not selected",3,3,3,3,TRUE,TRUE,TRUE,TRUE,"Leaf + Root + Exudate","Early RT","No MS/MS assignment","Unknown","Tier 5: low priority"
"F389_mz106.9998_rt0.5",-0.966139783085513,13.5117534788599,-1.05554644945654,0.340055694564313,0.5790137502041,-5.7667144312464,389,0.501,106.99983,"Unknown","[M+H]+",NA,0.071,FALSE,"null","null","null","null",999,FALSE,FALSE,FALSE,"null","null","null","null","null",82.11,648.333333333333,483.4681724846,20,"Exudate vs Soil","Soil","Not selected",1,3,3,3,FALSE,TRUE,TRUE,TRUE,"Root + Exudate","Early RT","No MS/MS assignment","Unknown","Tier 5: low priority"
"F928_mz144.1021_rt0.92",-0.255320146652046,14.381932816815,-1.0530505253191,0.341092143775587,0.579905310890208,-5.76920352585584,928,0.92,144.10207,"Unknown","[M+H]+","ion correlated with 2520; ion correlated with 1525; ion correlated with 1623; ion correlated with 2001; ion correlated with 4009; ion correlated with 1916; ion correlated with 2255",0.179,FALSE,"null","null","null","null",999,FALSE,FALSE,FALSE,"null","null","null","null","null",61.24,29696,20.1487018890797,23,"Exudate vs Soil","Soil","Not selected",3,2,3,3,TRUE,TRUE,TRUE,TRUE,"Leaf + Root + Exudate","Early RT","No MS/MS assignment","Unknown","Tier 5: low priority"
"F706_mz129.0523_rt0.74",0.157108455593193,16.5377657841747,1.05227167741379,0.341416113770858,0.579905310890208,-5.76997949504237,706,0.741,129.05234,"Unknown","[M+H]+",NA,0.429,TRUE,"null","null","null","null",999,FALSE,FALSE,FALSE,"null","null","null","null","null",360.96,155803.333333333,30.458491740709,24,"Exudate vs Soil","Exudate","Not selected",3,3,3,3,TRUE,TRUE,TRUE,TRUE,"Leaf + Root + Exudate","Early RT","MS/MS available","Unknown","Tier 5: low priority"
"F2510_mz258.1103_rt0.55",-0.858373744674918,12.5973792767481,-1.04531492665487,0.344321430885893,0.580571171785703,-5.77689468840763,2510,0.549,258.11029,"Unknown","[M+H]+",NA,0.036,FALSE,"null","null","null","null",999,FALSE,FALSE,FALSE,"null","null","null","null","null",58.38,0,3567189,21,"Exudate vs Soil","Soil","Not selected",3,1,3,3,TRUE,FALSE,TRUE,TRUE,"Leaf + Exudate","Early RT","No MS/MS assignment","Unknown","Tier 5: low priority"
"F4969_mz663.455_rt8.94",0.488208635970472,18.7882685471327,1.04557661670813,0.344211764908429,0.580571171785703,-5.77663507913891,4969,8.939,663.45496,"Unknown","[M+H]+","ion correlated with 4990; ion correlated with 4968",0.464,TRUE,"null","null","null","null",999,FALSE,FALSE,FALSE,"null","null","null","null","null",2891.11,236371.666666667,8.77418285814209,24,"Exudate vs Soil","Exudate","Not selected",3,3,3,3,TRUE,TRUE,TRUE,TRUE,"Leaf + Root + Exudate","RT >= 1 min","MS/MS available","Unknown","Tier 5: low priority"
"F683_mz127.0393_rt1.05",0.157487032447296,17.0415778895865,1.04607934944997,0.344001168485951,0.580571171785703,-5.77613622996631,683,1.048,127.03927,"Unknown","[M+H]+",NA,0.179,TRUE,"null","null","null","null",999,FALSE,FALSE,FALSE,"null","null","null","null","null",160.03,189590.666666667,14.1861562129137,24,"Exudate vs Soil","Exudate","Not selected",3,3,3,3,TRUE,TRUE,TRUE,TRUE,"Leaf + Root + Exudate","RT >= 1 min","MS/MS available","Unknown","Tier 5: low priority"
"F1215_mz165.0548_rt0.96",-0.269999060220499,12.1370862824759,-1.04277179066174,0.345388717321216,0.581193956963757,-5.77941548729584,1215,0.962,165.05482,"Unknown","[M+H]+",NA,0.25,TRUE,"null","null","null","null",999,FALSE,FALSE,FALSE,"null","null","null","null","null",109.83,3694.33333333333,443.207919898972,23,"Exudate vs Soil","Soil","Not selected",3,2,3,3,TRUE,TRUE,TRUE,TRUE,"Leaf + Root + Exudate","Early RT","MS/MS available","Unknown","Tier 5: low priority"
"F1700_mz198.0976_rt0.69",-0.255103701367271,13.9558167944472,-1.04143991580965,0.345948783906998,0.581193956963757,-5.78073413029355,1700,0.693,198.09758,"Unknown","[M+H]+","ion correlated with 4471; ion correlated with 1187; ion correlated with 1441; ion correlated with 361",0.357,FALSE,"null","null","null","null",999,FALSE,FALSE,FALSE,"null","null","null","null","null",191.32,20539.3333333333,86.9845669495789,22,"Exudate vs Soil","Soil","Not selected",3,3,3,3,TRUE,TRUE,TRUE,TRUE,"Leaf + Root + Exudate","Early RT","No MS/MS assignment","Unknown","Tier 5: low priority"
"F328_mz101.9647_rt9.67",0.771019282093411,17.0672833079179,1.03673247247811,0.347934455317261,0.581709475355517,-5.78538632680839,328,9.673,101.96474,"Unknown","[M+H]+",NA,0.036,FALSE,"null","null","null","null",999,FALSE,FALSE,FALSE,"null","null","null","null","null",273.54,74663,5.39433997642773,24,"Exudate vs Soil","Exudate","Not selected",3,3,3,3,TRUE,TRUE,TRUE,TRUE,"Leaf + Root + Exudate","RT >= 1 min","No MS/MS assignment","Unknown","Tier 5: low priority"
"F260_mz97.0287_rt0.94",-0.192870145923473,14.9309602583594,-1.02712482491002,0.352016897074771,0.586689472165983,-5.79483991865963,260,0.94,97.02866,"Unknown","[M+H]+","similar chromatogram in higher mz_886; similar chromatogram in higher mz_2802; similar chromatogram in higher mz_3443",0.214,FALSE,"null","null","null","null",999,FALSE,FALSE,FALSE,"null","null","null","null","null",83.81,56925,17.4074939395004,24,"Exudate vs Soil","Soil","Not selected",3,3,3,3,TRUE,TRUE,TRUE,TRUE,"Leaf + Root + Exudate","Early RT","No MS/MS assignment","Unknown","Tier 5: low priority"
"F868_mz140.0683_rt5.8",0.135690438115496,18.0321094812852,1.02695170213994,0.35209082714599,0.586689472165983,-5.79500975381098,868,5.8,140.06833,"Unknown","[M+H]+","ion correlated with 2504",0.107,TRUE,"null","null","null","null",999,FALSE,FALSE,FALSE,"null","null","null","null","null",27.18,318640.666666667,8.24000523053587,24,"Exudate vs Soil","Exudate","Not selected",3,3,3,3,TRUE,TRUE,TRUE,TRUE,"Leaf + Root + Exudate","RT >= 1 min","MS/MS available","Unknown","Tier 5: low priority"
"F884_mz141.0547_rt0.46",-0.237228876997604,15.5951050176318,-1.02529523299074,0.352798861756702,0.587009870822075,-5.79663384619101,884,0.461,141.0547,"Unknown","[M+H]+",NA,0.107,FALSE,"null","null","null","null",999,FALSE,FALSE,FALSE,"null","null","null","null","null",20.4,62531.6666666667,6.66382903868911,17,"Exudate vs Soil","Soil","Not selected",3,3,3,3,TRUE,TRUE,TRUE,TRUE,"Leaf + Root + Exudate","Very early RT","No MS/MS assignment","Unknown","Tier 5: low priority"
"F1164_mz161.1078_rt1.03",-0.808723931095064,11.026263299746,-1.00975065299436,0.359501414761971,0.587984795523652,-5.81179280365465,1164,1.035,161.1078,"Unknown","[M+H]+","ion correlated with 4334; ion correlated with 4112",0.143,FALSE,"null","null","null","null",999,FALSE,FALSE,FALSE,"null","null","null","null","null",77.45,1394.33333333333,130.675585284281,21,"Exudate vs Soil","Soil","Not selected",3,0,3,3,TRUE,FALSE,TRUE,TRUE,"Leaf + Exudate","RT >= 1 min","No MS/MS assignment","Unknown","Tier 5: low priority"
"F8_mz61.011_rt0.64",-0.729663339470266,17.4380404670562,-1.01480750402757,0.357309419321029,0.587984795523652,-5.80687770785007,8,0.639,61.01101,"Unknown","[M+H]+","found in higher mz's MsMs_110; found in higher mz's MsMs_319; found in higher mz's MsMs_3120",0.5,TRUE,"null","null","null","null",999,FALSE,FALSE,FALSE,"null","null","null","null","null",91.09,23237.6666666667,64.9634947501291,24,"Exudate vs Soil","Soil","Not selected",3,3,3,3,TRUE,TRUE,TRUE,TRUE,"Leaf + Root + Exudate","Early RT","MS/MS available","Unknown","Tier 5: low priority"
"F136_mz81.017_rt0.64",-0.586872179144876,22.8268519867217,-1.01960442585433,0.355240413757462,0.587984795523652,-5.80220068587394,136,0.635,81.01698,"Unknown","[M+H]+","found in higher mz's MsMs_1136; found in higher mz's MsMs_405",0.821,TRUE,"null","null","null","null",999,FALSE,FALSE,FALSE,"null","null","null","null","null",3052.17,1221214,52.9924583304332,24,"Exudate vs Soil","Soil","Not selected",3,3,3,3,TRUE,TRUE,TRUE,TRUE,"Leaf + Root + Exudate","Early RT","MS/MS available","Unknown","Tier 5: low priority"
"F3693_mz351.2169_rt1.88",0.455064996245602,11.5377660712214,1.00935599078028,0.359672959406051,0.587984795523652,-5.81217573656476,3693,1.883,351.21692,"Unknown","[M+H]+","ion correlated with 3998; ion correlated with 3871; ion correlated with 4050; ion correlated with 4105; ion correlated with 2401; ion correlated with 2581; ion correlated with 3494; ion correlated with 3909; ion correlated with 3995; ion correlated with 3283",0.071,FALSE,"null","null","null","null",999,FALSE,FALSE,FALSE,"null","null","null","null","null",21.7,1673.66666666667,136.888734076433,22,"Exudate vs Soil","Exudate","Not selected",3,2,3,3,TRUE,TRUE,TRUE,TRUE,"Leaf + Root + Exudate","RT >= 1 min","No MS/MS assignment","Unknown","Tier 5: low priority"
"F4367_mz440.8693_rt0.41",0.452851244679159,16.6698997742816,1.008081397027,0.360227442193419,0.587984795523652,-5.81341178909704,4367,0.413,440.86929,"Unknown","[M+H]+",NA,0.429,FALSE,"null","null","null","null",999,FALSE,FALSE,FALSE,"null","null","null","null","null",2513.21,0,285083,21,"Exudate vs Soil","Exudate","Not selected",0,3,3,3,FALSE,TRUE,TRUE,TRUE,"Root + Exudate","Very early RT","No MS/MS assignment","Unknown","Tier 5: low priority"
"F1287_mz169.0974_rt0.95",0.401204322392536,12.3005246191629,1.01376616250819,0.357759896642978,0.587984795523652,-5.80789115016829,1287,0.948,169.09741,"Unknown","[M+2H]2+","ion correlated with 1583; ion correlated with 926",0.107,TRUE,"null","null","null","null",999,FALSE,FALSE,FALSE,"null","null","null","null","null",393.58,6014.66666666667,476.469717958663,21,"Exudate vs Soil","Exudate","Not selected",3,0,3,3,TRUE,FALSE,TRUE,TRUE,"Leaf + Exudate","Early RT","MS/MS available","Unknown","Tier 5: low priority"
"F460_mz112.0508_rt0.86",-0.382215135760536,15.1809643882374,-1.00971272832447,0.359517896213834,0.587984795523652,-5.81182960540582,460,0.864,112.05077,"Unknown","[M+H]+","ion correlated with 1623; ion correlated with 1780; ion correlated with 1498",0.036,TRUE,"null","null","null","null",999,FALSE,FALSE,FALSE,"null","null","null","null","null",18.6,21363.6666666667,39.1558648235404,19,"Exudate vs Soil","Soil","Not selected",0,1,3,3,FALSE,FALSE,TRUE,TRUE,"Exudate only","Early RT","MS/MS available","Unknown","Tier 5: low priority"
"F2669_mz271.1521_rt0.48",-0.365965583220587,15.5963763766652,-1.01471412046115,0.357349797096131,0.587984795523652,-5.80696861681672,2669,0.48,271.15213,"Unknown","[M+H]+",NA,0.357,FALSE,"null","null","null","null",999,FALSE,FALSE,FALSE,"null","null","null","null","null",25.77,31196.3333333333,10.0808295580819,21,"Exudate vs Soil","Soil","Not selected",0,3,3,3,FALSE,TRUE,TRUE,TRUE,"Root + Exudate","Very early RT","No MS/MS assignment","Unknown","Tier 5: low priority"
"F3067_mz298.8794_rt0.41",0.228105156881105,16.9442916596453,1.01707720194798,0.356329203496955,0.587984795523652,-5.80466650390919,3067,0.41,298.87936,"Unknown","[M+H]+",NA,0.214,FALSE,"null","null","null","null",999,FALSE,FALSE,FALSE,"null","null","null","null","null",73.52,2072,72.1953690303907,20,"Exudate vs Soil","Exudate","Not selected",3,3,3,3,TRUE,TRUE,TRUE,TRUE,"Leaf + Root + Exudate","Very early RT","No MS/MS assignment","Unknown","Tier 5: low priority"
"F2052_mz222.1129_rt0.99",0.212698961803482,14.5039702516036,1.00674276017002,0.360810550917791,0.587984795523652,-5.81470886088783,2052,0.99,222.11285,"Unknown","[M+H]+",NA,0.429,TRUE,"null","null","null","null",999,FALSE,FALSE,FALSE,"null","null","null","null","null",55.47,27155.3333333333,24.967435466251,23,"Exudate vs Soil","Exudate","Not selected",3,2,3,3,TRUE,TRUE,TRUE,TRUE,"Leaf + Root + Exudate","Early RT","MS/MS available","Unknown","Tier 5: low priority"
"F2330_mz244.2639_rt1.89",0.18624450884158,13.2973356542957,1.00723941917227,0.360594115283359,0.587984795523652,-5.81422775338646,2330,1.893,244.26393,"Unknown","[M+H]+","ion correlated with 2935",0.214,TRUE,"null","null","null","null",999,FALSE,FALSE,FALSE,"null","null","null","null","null",89.36,22272.3333333333,30.6050733313379,24,"Exudate vs Soil","Exudate","Not selected",3,3,3,3,TRUE,TRUE,TRUE,TRUE,"Leaf + Root + Exudate","RT >= 1 min","MS/MS available","Unknown","Tier 5: low priority"
"F2498_mz257.1388_rt1.04",0.165805807699276,15.2919015551238,1.02188313950403,0.354261074690911,0.587984795523652,-5.79997398491062,2498,1.036,257.13885,"Unknown","[M+H]+","similar chromatogram in higher mz_2969; similar chromatogram in higher mz_4267",0.143,FALSE,"null","null","null","null",999,FALSE,FALSE,FALSE,"null","null","null","null","null",19.73,91436,7.27362008814812,24,"Exudate vs Soil","Exudate","Not selected",3,3,3,3,TRUE,TRUE,TRUE,TRUE,"Leaf + Root + Exudate","RT >= 1 min","No MS/MS assignment","Unknown","Tier 5: low priority"
"F1795_mz204.0872_rt1.03",-0.164813235500483,13.7627264925509,-1.00626015055691,0.361020967525706,0.587984795523652,-5.8151762117796,1795,1.034,204.08723,"Unknown","[M+H]+","similar chromatogram in higher mz_4489; similar chromatogram in higher mz_3662",0.071,FALSE,"null","null","null","null",999,FALSE,FALSE,FALSE,"null","null","null","null","null",14.94,12620.3333333333,12.3252429748574,24,"Exudate vs Soil","Soil","Not selected",3,3,3,3,TRUE,TRUE,TRUE,TRUE,"Leaf + Root + Exudate","RT >= 1 min","No MS/MS assignment","Unknown","Tier 5: low priority"
"F886_mz141.0549_rt0.94",0.139081474441021,15.2551983236469,1.01646311901989,0.356594186042031,0.587984795523652,-5.80526507368581,886,0.942,141.05487,"Unknown","[M+H]+",NA,0.25,FALSE,"null","null","null","null",999,FALSE,FALSE,FALSE,"null","null","null","null","null",62.69,50610.6666666667,16.8357229887707,24,"Exudate vs Soil","Exudate","Not selected",3,3,3,3,TRUE,TRUE,TRUE,TRUE,"Leaf + Root + Exudate","Early RT","No MS/MS assignment","Unknown","Tier 5: low priority"
"F1558_mz188.092_rt0.49",0.360598410694823,14.7071128467454,1.00400714344126,0.36200462287073,0.588894844247455,-5.8173560638569,1558,0.492,188.09203,"Unknown","[M+H]+","ion correlated with 2140",0.286,FALSE,"null","null","null","null",999,FALSE,FALSE,FALSE,"null","null","null","null","null",143.1,17403,39.0616524936796,21,"Exudate vs Soil","Exudate","Not selected",1,2,3,3,FALSE,TRUE,TRUE,TRUE,"Root + Exudate","Very early RT","No MS/MS assignment","Unknown","Tier 5: low priority"
"F1780_mz203.0818_rt0.91",0.462619685567851,11.8562689226585,0.997861124838596,0.364699270303373,0.589129590490064,-5.82328636876968,1780,0.914,203.08177,"Unknown","[M+H]+","ion correlated with 460; ion correlated with 1623; ion correlated with 655; ion correlated with 1916",0.179,FALSE,"null","null","null","null",999,FALSE,FALSE,FALSE,"null","null","null","null","null",227.01,2274.66666666667,287.059616229676,20,"Exudate vs Soil","Exudate","Not selected",2,0,3,3,TRUE,FALSE,TRUE,TRUE,"Leaf + Exudate","Early RT","No MS/MS assignment","Unknown","Tier 5: low priority"
"F762_mz132.1021_rt0.9",0.136897935942848,18.4518283477954,0.999757226714011,0.363866179545114,0.589129590490064,-5.82145934487154,762,0.897,132.10208,"Unknown","[M+H]+","similar chromatogram in higher mz_4718; similar chromatogram in higher mz_1762",0.929,TRUE,"null","null","null","null",999,FALSE,FALSE,FALSE,"null","null","null","null","null",18576.29,243925.666666667,3637.65591161278,24,"Exudate vs Soil","Exudate","Not selected",3,3,3,3,TRUE,TRUE,TRUE,TRUE,"Leaf + Root + Exudate","Early RT","MS/MS available","Unknown","Tier 5: low priority"
"F2256_mz238.1342_rt1.58",0.118920643833567,14.8673199435261,1.00021792670454,0.363663999977655,0.589129590490064,-5.82101508769632,2256,1.579,238.13422,"Unknown","[M+H]+",NA,0.25,TRUE,"null","null","null","null",999,FALSE,FALSE,FALSE,"null","null","null","null","null",23.89,31259.6666666667,10.1641466379476,24,"Exudate vs Soil","Exudate","Not selected",3,3,3,3,TRUE,TRUE,TRUE,TRUE,"Leaf + Root + Exudate","RT >= 1 min","MS/MS available","Unknown","Tier 5: low priority"
"F1734_mz200.2375_rt1.86",0.113786278387544,15.5829799413313,1.00049709904759,0.363541529680701,0.589129590490064,-5.82074581443749,1734,1.859,200.23752,"Unknown","[M+H]+","similar chromatogram in higher mz_2935",0.679,TRUE,"null","null","null","null",999,FALSE,FALSE,FALSE,"null","null","null","null","null",111.63,82326.6666666667,14.9145001882721,24,"Exudate vs Soil","Exudate","Not selected",3,3,3,3,TRUE,TRUE,TRUE,TRUE,"Leaf + Root + Exudate","RT >= 1 min","MS/MS available","Unknown","Tier 5: low priority"
"F3238_mz311.2584_rt6.12",0.329646281937499,12.6638027040214,0.995730479852895,0.365637296284532,0.589957267346172,-5.82533668981437,3238,6.118,311.25839,"Unknown","[M+H]+",NA,0.071,FALSE,"null","null","null","null",999,FALSE,FALSE,FALSE,"null","null","null","null","null",31.92,5568.66666666667,41.9613980489557,24,"Exudate vs Soil","Exudate","Not selected",3,3,3,3,TRUE,TRUE,TRUE,TRUE,"Leaf + Root + Exudate","RT >= 1 min","No MS/MS assignment","Unknown","Tier 5: low priority"
"F320_mz101.0033_rt0.6",-0.421429596435197,19.6450870293462,-0.987784883891593,0.369152983932006,0.592557683832192,-5.83295741026039,320,0.598,101.00331,"Unknown","[M+H]+","ion correlated with 319",0.143,TRUE,"null","null","null","null",999,FALSE,FALSE,FALSE,"null","null","null","null","null",40.33,120087.333333333,49.3330104228832,24,"Exudate vs Soil","Soil","Not selected",3,3,3,3,TRUE,TRUE,TRUE,TRUE,"Leaf + Root + Exudate","Early RT","MS/MS available","Unknown","Tier 5: low priority"
"F1172_mz162.0763_rt0.45",-0.313752369365985,14.7150483485014,-0.987844368488247,0.369126560529594,0.592557683832192,-5.83290050687796,1172,0.447,162.07628,"Unknown","[M+H]+",NA,0.393,TRUE,"null","null","null","null",999,FALSE,FALSE,FALSE,"null","null","null","null","null",720.36,50039,77.5632494004796,24,"Exudate vs Soil","Soil","Not selected",3,3,3,3,TRUE,TRUE,TRUE,TRUE,"Leaf + Root + Exudate","Very early RT","MS/MS available","Unknown","Tier 5: low priority"
"F488_mz114.0552_rt1.27",0.188280957927598,14.4028137618093,0.988994382795066,0.368616023892404,0.592557683832192,-5.8317999519868,488,1.271,114.05518,"Unknown","[M+H]+","ion correlated with 1768; ion correlated with 2603; ion correlated with 2002; ion correlated with 4899; ion correlated with 4573; ion correlated with 4641",0.036,TRUE,"null","null","null","null",999,FALSE,FALSE,FALSE,"null","null","null","null","null",41.17,27677.3333333333,21.2939483350394,24,"Exudate vs Soil","Exudate","Not selected",3,3,3,3,TRUE,TRUE,TRUE,TRUE,"Leaf + Root + Exudate","RT >= 1 min","MS/MS available","Unknown","Tier 5: low priority"
"F4566_mz482.4055_rt5.73",0.142675391133066,14.9798333020224,0.986794275404281,0.369593247142601,0.592557683832192,-5.83390470158347,4566,5.733,482.40552,"Unknown","[M+H]+","ion correlated with 4094",0.071,FALSE,"null","null","null","null",999,FALSE,FALSE,FALSE,"null","null","null","null","null",59.25,31689.6666666667,10.2604973073039,24,"Exudate vs Soil","Exudate","Not selected",3,3,3,3,TRUE,TRUE,TRUE,TRUE,"Leaf + Root + Exudate","RT >= 1 min","No MS/MS assignment","Unknown","Tier 5: low priority"
"F3175_mz305.1767_rt1.34",0.260266867720586,10.9799308374512,0.981344665800058,0.372022993734768,0.593394709445636,-5.83910479026868,3175,1.341,305.17673,"Unknown","[M+H]+","ion correlated with 1888",0.643,TRUE,"null","null","null","null",999,FALSE,FALSE,FALSE,"null","null","null","null","null",514.84,1118,4207.87578194817,24,"Exudate vs Soil","Exudate","Not selected",3,3,3,3,TRUE,TRUE,TRUE,TRUE,"Leaf + Root + Exudate","RT >= 1 min","MS/MS available","Unknown","Tier 5: low priority"
"F1686_mz197.0809_rt0.9",0.2426351504507,13.6409152382017,0.981445118861206,0.37197808749206,0.593394709445636,-5.83900910889127,1686,0.902,197.08087,"Unknown","[M+H]+","ion correlated with 4069; ion correlated with 4514; ion correlated with 3268; ion correlated with 3389; ion correlated with 3170; ion correlated with 2663; ion correlated with 1393; ion correlated with 3860; ion correlated with 2553; ion correlated with 2902; ion correlated with 2413; ion correlated with 4002",0.071,FALSE,"null","null","null","null",999,FALSE,FALSE,FALSE,"null","null","null","null","null",47.72,11890.3333333333,28.8965072601895,14,"Exudate vs Soil","Exudate","Not selected",3,1,3,3,TRUE,FALSE,TRUE,TRUE,"Leaf + Exudate","Early RT","No MS/MS assignment","Unknown","Tier 5: low priority"
"F2455_mz254.1604_rt1.07",0.132336707134762,14.9690488049959,0.98128635278343,0.372049063858772,0.593394709445636,-5.83916033034781,2455,1.075,254.1604,"Unknown","[M+H]+","ion correlated with 2828; ion correlated with 1222",0.357,FALSE,"null","null","null","null",999,FALSE,FALSE,FALSE,"null","null","null","null","null",108.91,29854.3333333333,24.8652055467476,24,"Exudate vs Soil","Exudate","Not selected",3,3,3,3,TRUE,TRUE,TRUE,TRUE,"Leaf + Root + Exudate","RT >= 1 min","No MS/MS assignment","Unknown","Tier 5: low priority"
"F1052_mz152.1072_rt0.49",0.655991016191102,12.8217401965657,0.969522262190684,0.377339196306524,0.597022974978131,-5.85032010796692,1052,0.494,152.10718,"Unknown","[M+H]+",NA,0.036,FALSE,"null","null","null","null",999,FALSE,FALSE,FALSE,"null","null","null","null","null",45.47,22096,7.57491967235371,12,"Exudate vs Soil","Exudate","Not selected",1,0,3,3,FALSE,FALSE,TRUE,TRUE,"Exudate only","Very early RT","No MS/MS assignment","Unknown","Tier 5: low priority"
"F279_mz98.0966_rt0.49",0.124166233813177,15.1886694846456,0.973724935272504,0.375442290281645,0.597022974978131,-5.84634361390895,279,0.486,98.09657,"Unknown","[M+H]+",NA,0.107,TRUE,"null","null","null","null",999,FALSE,FALSE,FALSE,"null","null","null","null","null",693.24,51386.6666666667,216.043882124764,17,"Exudate vs Soil","Exudate","Not selected",3,3,3,3,TRUE,TRUE,TRUE,TRUE,"Leaf + Root + Exudate","Very early RT","MS/MS available","Unknown","Tier 5: low priority"
"F132_mz80.948_rt5.77",0.123884650604602,16.3036287342247,0.972180906260268,0.376138289985082,0.597022974978131,-5.84780588074398,132,5.772,80.94801,"Unknown","[M+H]+","ion correlated with 3113; ion correlated with 27; ion correlated with 606; ion correlated with 4371; similar chromatogram in higher mz_5067",0.214,TRUE,"null","null","null","null",999,FALSE,FALSE,FALSE,"null","null","null","null","null",26.19,68207.3333333333,8.19571411117899,24,"Exudate vs Soil","Exudate","Not selected",3,3,3,3,TRUE,TRUE,TRUE,TRUE,"Leaf + Root + Exudate","RT >= 1 min","MS/MS available","Unknown","Tier 5: low priority"
"F1849_mz208.0821_rt0.47",0.576795612957813,13.003240091063,0.961030416885095,0.381195936264942,0.600045315043535,-5.85831974553667,1849,0.466,208.08205,"Unknown","[M+H]+",NA,0.036,FALSE,"null","null","null","null",999,FALSE,FALSE,FALSE,"null","null","null","null","null",21.98,7269.66666666667,25.74633229415,18,"Exudate vs Soil","Exudate","Not selected",0,0,3,3,FALSE,FALSE,TRUE,TRUE,"Exudate only","Very early RT","No MS/MS assignment","Unknown","Tier 5: low priority"
"F3232_mz310.9135_rt0.42",0.983284819361712,14.8684184912297,0.95423956474463,0.384303172286511,0.600500785557051,-5.8646828358775,3232,0.416,310.91354,"Unknown","[M+H]+","ion correlated with 4482; ion correlated with 4096; ion correlated with 3960",0.357,FALSE,"null","null","null","null",999,FALSE,FALSE,FALSE,"null","null","null","null","null",88.3,0,385392,18,"Exudate vs Soil","Exudate","Not selected",0,0,3,3,FALSE,FALSE,TRUE,TRUE,"Exudate only","Very early RT","No MS/MS assignment","Unknown","Tier 5: low priority"
"F2838_mz282.1544_rt0.71",0.188827011665525,14.7259224246808,0.956211154450959,0.383398936288934,0.600500785557051,-5.86283858125075,2838,0.71,282.15436,"Unknown","[M+H]+",NA,0.107,FALSE,"null","null","null","null",999,FALSE,FALSE,FALSE,"null","null","null","null","null",20.56,22520,9.84938501842725,21,"Exudate vs Soil","Exudate","Not selected",3,2,3,3,TRUE,TRUE,TRUE,TRUE,"Leaf + Root + Exudate","Early RT","No MS/MS assignment","Unknown","Tier 5: low priority"
"F2224_mz235.1193_rt0.81",0.188075608558751,14.2250355644646,0.954624453979694,0.384126513619858,0.600500785557051,-5.86432300722384,2224,0.807,235.11928,"Unknown","[M+H]+","similar chromatogram in higher mz_3211",0.429,TRUE,"null","null","null","null",999,FALSE,FALSE,FALSE,"null","null","null","null","null",497.58,16909,583.18042578356,19,"Exudate vs Soil","Exudate","Not selected",0,1,3,3,FALSE,FALSE,TRUE,TRUE,"Exudate only","Early RT","MS/MS available","Unknown","Tier 5: low priority"
"F625_mz123.1169_rt3.55",0.152375030955796,13.6842187987416,0.957861029963032,0.382643577121681,0.600500785557051,-5.86129328406241,625,3.547,123.11687,"Unknown","[M+H]+","ion correlated with 419; ion correlated with 779; ion correlated with 2157; ion correlated with 3115; ion correlated with 3702; ion correlated with 3318; ion correlated with 3338; ion correlated with 397; ion correlated with 597; ion correlated with 994; ion correlated with 1019; ion correlated with 1190; ion correlated with 1257; ion correlated with 1349; ion correlated with 1630; ion correlated with 1752; ion correlated with 2317; ion correlated with 2448; ion correlated with 2474; ion correlated with 2676; ion correlated with 2746; ion correlated with 2954; ion correlated with 3083; ion correlated with 3098; ion correlated with 3118; ion correlated with 3504; ion correlated with 3745; ion correlated with 3906; ion correlated with 5013; ion correlated with 5038; ion correlated with 5047; ion correlated with 3515; found in higher mz's MsMs_3115; found in higher mz's MsMs_3702; found in higher mz's MsMs_3318; found in higher mz's MsMs_5005; found in higher mz's MsMs_3847; found in higher mz's MsMs_3515; found in higher mz's MsMs_3976; found in higher mz's MsMs_2954; found in higher mz's MsMs_3504",0.107,FALSE,"null","null","null","null",999,FALSE,FALSE,FALSE,"null","null","null","null","null",11.53,10985.3333333333,40.078612821991,24,"Exudate vs Soil","Exudate","Not selected",3,3,3,3,TRUE,TRUE,TRUE,TRUE,"Leaf + Root + Exudate","RT >= 1 min","No MS/MS assignment","Unknown","Tier 5: low priority"
"F2699_mz273.1604_rt1.16",0.13020228936668,15.9879504986417,0.95623302561942,0.383388915142957,0.600500785557051,-5.86281810818227,2699,1.164,273.16043,"Unknown","[M+H]+",NA,0.143,TRUE,"null","null","null","null",999,FALSE,FALSE,FALSE,"null","null","null","null","null",31.55,101557.666666667,5.04168690674684,24,"Exudate vs Soil","Exudate","Not selected",3,3,3,3,TRUE,TRUE,TRUE,TRUE,"Leaf + Root + Exudate","RT >= 1 min","MS/MS available","Unknown","Tier 5: low priority"
"F474_mz113.0347_rt0.8",0.240908987267026,14.0204980915815,0.946282974539127,0.387969902078581,0.602658872582701,-5.8720992677991,474,0.795,113.03468,"Unknown","[M+H]+","ion correlated with 1006; ion correlated with 618; similar chromatogram in higher mz_2224; similar chromatogram in higher mz_1579; similar chromatogram in higher mz_2277; similar chromatogram in higher mz_2614",0.464,TRUE,"null","null","null","null",999,FALSE,FALSE,FALSE,"null","null","null","null","null",192.34,15123,282.924953715948,24,"Exudate vs Soil","Exudate","Not selected",3,3,3,3,TRUE,TRUE,TRUE,TRUE,"Leaf + Root + Exudate","Early RT","MS/MS available","Unknown","Tier 5: low priority"
"F2233_mz236.105_rt0.91",0.211562801709533,14.2415754060344,0.949076010999087,0.386679543400061,0.602658872582701,-5.86950065724917,2233,0.912,236.10497,"Unknown","[M+H]+",NA,0.607,TRUE,"null","null","null","null",999,FALSE,FALSE,FALSE,"null","null","null","null","null",2064.43,41453.6666666667,1384.22063458879,24,"Exudate vs Soil","Exudate","Not selected",3,3,3,3,TRUE,TRUE,TRUE,TRUE,"Leaf + Root + Exudate","Early RT","MS/MS available","Unknown","Tier 5: low priority"
"F3905_mz372.8828_rt0.41",0.107715895789999,17.3785541074078,0.945584361695276,0.388293198568797,0.602658872582701,-5.87274843291479,3905,0.412,372.88278,"Unknown","[M+H]+",NA,0.643,FALSE,"null","null","null","null",999,FALSE,FALSE,FALSE,"null","null","null","null","null",2678.94,0,287542,22,"Exudate vs Soil","Exudate","Not selected",1,3,3,3,FALSE,TRUE,TRUE,TRUE,"Root + Exudate","Very early RT","No MS/MS assignment","Unknown","Tier 5: low priority"
"F621_mz123.0553_rt0.49",0.203604690281183,16.0328945341989,0.942844985137281,0.389562996624304,0.603953370605464,-5.87529075613391,621,0.492,123.05533,"Unknown","[M+H]+","similar chromatogram in higher mz_2790; similar chromatogram in higher mz_1607; similar chromatogram in higher mz_1236; similar chromatogram in higher mz_3687; similar chromatogram in higher mz_4399; similar chromatogram in higher mz_3915; similar chromatogram in higher mz_1500; similar chromatogram in higher mz_1884; similar chromatogram in higher mz_3859",0.143,FALSE,"null","null","null","null",999,FALSE,FALSE,FALSE,"null","null","null","null","null",23.25,55721,12.8865439144324,20,"Exudate vs Soil","Exudate","Not selected",3,3,3,3,TRUE,TRUE,TRUE,TRUE,"Leaf + Root + Exudate","Very early RT","No MS/MS assignment","Unknown","Tier 5: low priority"
"F1014_mz149.0481_rt0.4",-0.633252956859735,16.6132821168923,-0.936144466295827,0.392683032390843,0.608110260216433,-5.88148797102265,1014,0.398,149.04814,"Unknown","[M+H]+",NA,0.036,FALSE,"null","null","null","null",999,FALSE,FALSE,FALSE,"null","null","null","null","null",46.14,15891,21.1417694437453,24,"Exudate vs Soil","Soil","Not selected",3,3,3,3,TRUE,TRUE,TRUE,TRUE,"Leaf + Root + Exudate","Very early RT","No MS/MS assignment","Unknown","Tier 5: low priority"
"F1944_mz215.0882_rt0.4",0.5137248431046,14.5753202565469,0.928493462855225,0.396270173527356,0.610292780408601,-5.88852703398123,1944,0.402,215.08818,"Unknown","[M+H]+","ion correlated with 2177; ion correlated with 2058; ion correlated with 1590; ion correlated with 1226; ion correlated with 1471; ion correlated with 1616; ion correlated with 2004",0.357,FALSE,"null","null","null","null",999,FALSE,FALSE,FALSE,"null","null","null","null","null",95.07,20173,39.5813918905522,24,"Exudate vs Soil","Exudate","Not selected",3,3,3,3,TRUE,TRUE,TRUE,TRUE,"Leaf + Root + Exudate","Very early RT","No MS/MS assignment","Unknown","Tier 5: low priority"
"F1571_mz189.1278_rt1.06",0.423564210361188,11.5982383509227,0.931304937993176,0.394948984206748,0.610292780408601,-5.88594506085256,1571,1.059,189.12776,"Unknown","[M+H]+",NA,0.071,FALSE,"null","null","null","null",999,FALSE,FALSE,FALSE,"null","null","null","null","null",64.18,2740,160.947099598687,22,"Exudate vs Soil","Exudate","Not selected",3,1,3,3,TRUE,FALSE,TRUE,TRUE,"Leaf + Exudate","RT >= 1 min","No MS/MS assignment","Unknown","Tier 5: low priority"
"F3485_mz332.3316_rt3.83",-0.389751570084829,11.7410799674058,-0.92992824566175,0.395595488073784,0.610292780408601,-5.88721004769645,3485,3.829,332.33157,"Unknown","[M+H]+",NA,0.143,TRUE,"null","null","null","null",999,FALSE,FALSE,FALSE,"null","null","null","null","null",10.26,7173.33333333333,44.083399154393,24,"Exudate vs Soil","Soil","Not selected",3,3,3,3,TRUE,TRUE,TRUE,TRUE,"Leaf + Root + Exudate","RT >= 1 min","MS/MS available","Unknown","Tier 5: low priority"
"F3864_mz367.2635_rt4.71",0.252390628095362,12.7199525557288,0.924706585078058,0.398055319977905,0.610292780408601,-5.89199623705629,3864,4.709,367.26346,"Unknown","[M+H]+","ion correlated with 5097; ion correlated with 5103; ion correlated with 1819; ion correlated with 5096",0.107,FALSE,"null","null","null","null",999,FALSE,FALSE,FALSE,"null","null","null","null","null",21.46,6368.33333333333,28.9951852627172,24,"Exudate vs Soil","Exudate","Not selected",3,3,3,3,TRUE,TRUE,TRUE,TRUE,"Leaf + Root + Exudate","RT >= 1 min","No MS/MS assignment","Unknown","Tier 5: low priority"
"F1647_mz194.1179_rt0.77",0.213992497672956,17.944159744987,0.925267881626842,0.397790317869933,0.610292780408601,-5.89148264767049,1647,0.77,194.1179,"Unknown","[M+H]+",NA,0.036,TRUE,"null","null","null","null",999,FALSE,FALSE,FALSE,"null","null","null","null","null",16.45,22246,15.2174225738302,14,"Exudate vs Soil","Exudate","Not selected",0,0,3,3,FALSE,FALSE,TRUE,TRUE,"Exudate only","Early RT","MS/MS available","Unknown","Tier 5: low priority"
"F2793_mz278.1603_rt1",0.17917681167175,13.609737503205,0.93036024838295,0.395392525489101,0.610292780408601,-5.8868132371542,2793,1.005,278.16031,"Unknown","[M+H]+","ion correlated with 1114; ion correlated with 3191; ion correlated with 1654; ion correlated with 3608; ion correlated with 1217; ion correlated with 4207; ion correlated with 3309; ion correlated with 4658; ion correlated with 1837",0.107,TRUE,"null","null","null","null",999,FALSE,FALSE,FALSE,"null","null","null","null","null",294.78,17873.6666666667,93.8581978218708,24,"Exudate vs Soil","Exudate","Not selected",3,3,3,3,TRUE,TRUE,TRUE,TRUE,"Leaf + Root + Exudate","RT >= 1 min","MS/MS available","Unknown","Tier 5: low priority"
"F2069_mz223.1179_rt0.92",0.129403902191372,16.2602595299405,0.925851965871696,0.397514706833722,0.610292780408601,-5.89094797773881,2069,0.924,223.11787,"Unknown","[M+H]+","ion correlated with 2282",0.107,TRUE,"null","null","null","null",999,FALSE,FALSE,FALSE,"null","null","null","null","null",76.96,66972.3333333333,28.4609844714314,24,"Exudate vs Soil","Exudate","Not selected",3,3,3,3,TRUE,TRUE,TRUE,TRUE,"Leaf + Root + Exudate","Early RT","MS/MS available","Unknown","Tier 5: low priority"
"F4512_mz471.1844_rt1.41",-0.189981921002689,13.9696982849948,-0.922446549063132,0.399123766602218,0.611254740895772,-5.89406199030283,4512,1.414,471.18442,"Unknown","[M+H]+",NA,0.357,FALSE,"null","null","null","null",999,FALSE,FALSE,FALSE,"null","null","null","null","null",2032.95,14303.6666666667,12.0353730717248,24,"Exudate vs Soil","Soil","Not selected",3,3,3,3,TRUE,TRUE,TRUE,TRUE,"Leaf + Root + Exudate","RT >= 1 min","No MS/MS assignment","Unknown","Tier 5: low priority"
"F2840_mz282.182_rt1.03",0.312706958774775,14.0064926352816,0.905294785775953,0.407306984083354,0.618996428332981,-5.90962398314371,2840,1.035,282.18198,"Unknown","[M+H]+","ion correlated with 1825",0.036,FALSE,"null","null","null","null",999,FALSE,FALSE,FALSE,"null","null","null","null","null",23.98,14846.6666666667,8.51783669712413,23,"Exudate vs Soil","Exudate","Not selected",2,3,3,3,TRUE,TRUE,TRUE,TRUE,"Leaf + Root + Exudate","RT >= 1 min","No MS/MS assignment","Unknown","Tier 5: low priority"
"F1699_mz198.0976_rt0.57",-0.234719048097797,14.5445190553894,-0.904370706637754,0.407751615489186,0.618996428332981,-5.91045658036272,1699,0.569,198.09756,"Unknown","[M+H]+","ion correlated with 1440",0.429,TRUE,"null","null","null","null",999,FALSE,FALSE,FALSE,"null","null","null","null","null",445.3,20751.6666666667,186.992884448585,24,"Exudate vs Soil","Soil","Not selected",3,3,3,3,TRUE,TRUE,TRUE,TRUE,"Leaf + Root + Exudate","Early RT","MS/MS available","Unknown","Tier 5: low priority"
"F2287_mz241.0975_rt1.41",0.195777305210997,14.0328101598409,0.905830414077207,0.407049435858208,0.618996428332981,-5.90914110631676,2287,1.408,241.09746,"Unknown","[M+H]+",NA,0.036,FALSE,"null","null","null","null",999,FALSE,FALSE,FALSE,"null","null","null","null","null",31.13,21353,9.78491149199213,24,"Exudate vs Soil","Exudate","Not selected",3,3,3,3,TRUE,TRUE,TRUE,TRUE,"Leaf + Root + Exudate","RT >= 1 min","No MS/MS assignment","Unknown","Tier 5: low priority"
"F2159_mz229.8934_rt0.39",0.71133637642842,14.3085483109161,0.898467273821686,0.410601173649922,0.620454457500239,-5.91576138982113,2159,0.391,229.89339,"Unknown","[M+H]+","ion correlated with 2186; ion correlated with 3029; ion correlated with 254; ion correlated with 801; ion correlated with 538; ion correlated with 2384; ion correlated with 2405; ion correlated with 3696",0.107,FALSE,"null","null","null","null",999,FALSE,FALSE,FALSE,"null","null","null","null","null",3375.77,0,311559,12,"Exudate vs Soil","Exudate","Not selected",3,3,3,3,TRUE,TRUE,TRUE,TRUE,"Leaf + Root + Exudate","Very early RT","No MS/MS assignment","Unknown","Tier 5: low priority"
"F3091_mz300.1922_rt1",0.137151520187917,16.9701934173529,0.900798692484004,0.409473938386649,0.620454457500239,-5.91366932103772,3091,1,300.1922,"Unknown","[M+H]+","ion correlated with 3778; ion correlated with 3132; ion correlated with 2891; ion correlated with 1544; ion correlated with 3432; ion correlated with 1392; similar chromatogram in higher mz_3451",0.821,TRUE,"null","null","null","null",999,FALSE,FALSE,FALSE,"null","null","null","null","null",64.2,85198.6666666667,8.98604454634017,24,"Exudate vs Soil","Exudate","Not selected",3,3,3,3,TRUE,TRUE,TRUE,TRUE,"Leaf + Root + Exudate","RT >= 1 min","MS/MS available","Unknown","Tier 5: low priority"
"F3012_mz294.1553_rt0.9",0.148456896833533,14.7805983987248,0.894026222447071,0.41275517108817,0.62182463818283,-5.91973585892673,3012,0.896,294.15533,"Unknown","[M+H]+",NA,0.429,TRUE,"null","null","null","null",999,FALSE,FALSE,FALSE,"null","null","null","null","null",5124.73,39732.6666666667,5066.51980268622,18,"Exudate vs Soil","Exudate","Not selected",0,0,3,3,FALSE,FALSE,TRUE,TRUE,"Exudate only","Early RT","MS/MS available","Unknown","Tier 5: low priority"
"F396_mz107.0857_rt1.17",0.237723896130357,14.1526610395907,0.892282478936236,0.413603345803152,0.621879844277424,-5.92129257119635,396,1.172,107.08566,"Unknown","[M+H]+","ion correlated with 4684; ion correlated with 4543; ion correlated with 3574; ion correlated with 955; ion correlated with 4038; ion correlated with 1598; ion correlated with 3772; ion correlated with 798; ion correlated with 4111; ion correlated with 4076; ion correlated with 4797; ion correlated with 2013; ion correlated with 4871; found in higher mz's MsMs_1598",0.036,FALSE,"null","null","null","null",999,FALSE,FALSE,FALSE,"null","null","null","null","null",40.29,17110,17.1984103792882,24,"Exudate vs Soil","Exudate","Not selected",3,3,3,3,TRUE,TRUE,TRUE,TRUE,"Leaf + Root + Exudate","RT >= 1 min","No MS/MS assignment","Unknown","Tier 5: low priority"
"F415_mz109.0286_rt0.47",0.116740597662713,16.810802426169,0.892106151654033,0.41368918933895,0.621879844277424,-5.92144986532489,415,0.468,109.02859,"Unknown","[M+H]+","found in higher mz's MsMs_1901; similar chromatogram in higher mz_1383; similar chromatogram in higher mz_2641; similar chromatogram in higher mz_4097; similar chromatogram in higher mz_4441; similar chromatogram in higher mz_3422; similar chromatogram in higher mz_3086; similar chromatogram in higher mz_3008",0.607,FALSE,"null","null","null","null",999,FALSE,FALSE,FALSE,"null","null","null","null","null",99.43,190091.666666667,14.5144420791263,24,"Exudate vs Soil","Exudate","Not selected",3,3,3,3,TRUE,TRUE,TRUE,TRUE,"Leaf + Root + Exudate","Very early RT","No MS/MS assignment","Unknown","Tier 5: low priority"
"F1284_mz169.0763_rt1.06",-0.269281183666459,15.3737300491861,-0.890385137031764,0.414527786071896,0.62246534289886,-5.92298394550558,1284,1.063,169.07634,"Unknown","[M+H]+","similar chromatogram in higher mz_1713; similar chromatogram in higher mz_1981; similar chromatogram in higher mz_1436; found in higher mz's MsMs_3100; similar chromatogram in higher mz_2324; similar chromatogram in higher mz_4372",0.429,TRUE,"null","null","null","null",999,FALSE,FALSE,FALSE,"null","null","null","null","null",425.89,43226.6666666667,166.7609786942,24,"Exudate vs Soil","Soil","Not selected",3,3,3,3,TRUE,TRUE,TRUE,TRUE,"Leaf + Root + Exudate","RT >= 1 min","MS/MS available","Unknown","Tier 5: low priority"
"F2085_mz224.1396_rt0.72",0.477805132992945,13.9279271376257,0.887640666629576,0.415867837832735,0.623643053294855,-5.92542593754738,2085,0.723,224.13963,"Unknown","[M+H]+","ion correlated with 1386; ion correlated with 1891; ion correlated with 1688; ion correlated with 2116; ion correlated with 2277",0.071,FALSE,"null","null","null","null",999,FALSE,FALSE,FALSE,"null","null","null","null","null",28.15,30164,7.89113210674623,20,"Exudate vs Soil","Exudate","Not selected",1,2,3,3,FALSE,TRUE,TRUE,TRUE,"Root + Exudate","Early RT","No MS/MS assignment","Unknown","Tier 5: low priority"
"F2127_mz227.1644_rt1.95",0.458596705808637,12.1914315492953,0.886936940680668,0.416211994442814,0.623643053294855,-5.92605123484031,2127,1.946,227.16443,"Unknown","[M+H]+","ion correlated with 3808; ion correlated with 3862; ion correlated with 3216; similar chromatogram in higher mz_3216; similar chromatogram in higher mz_3862",0.071,FALSE,"null","null","null","null",999,FALSE,FALSE,FALSE,"null","null","null","null","null",18.31,3667.33333333333,48.8758746024534,23,"Exudate vs Soil","Exudate","Not selected",3,3,3,3,TRUE,TRUE,TRUE,TRUE,"Leaf + Root + Exudate","RT >= 1 min","No MS/MS assignment","Unknown","Tier 5: low priority"
"F2036_mz221.0926_rt1.04",-0.312852993228903,11.6050672265634,-0.879411890741902,0.41990605165306,0.628498690703177,-5.93271538648648,2036,1.037,221.09259,"Unknown","[M+H]+","found in higher mz's MsMs_4687",0.179,FALSE,"null","null","null","null",999,FALSE,FALSE,FALSE,"null","null","null","null","null",44.37,6048.33333333333,57.8314965836456,22,"Exudate vs Soil","Soil","Not selected",3,1,3,3,TRUE,FALSE,TRUE,TRUE,"Leaf + Exudate","RT >= 1 min","No MS/MS assignment","Unknown","Tier 5: low priority"
"F1439_mz180.0868_rt1.07",-0.449785041152132,12.1983266386777,-0.876235508492585,0.421472995676498,0.629484452594425,-5.93551611276838,1439,1.075,180.08684,"Unknown","[M+H]+","ion correlated with 4165; ion correlated with 2865; ion correlated with 4338; ion correlated with 3188; ion correlated with 3125; ion correlated with 4678",0.071,FALSE,"null","null","null","null",999,FALSE,FALSE,FALSE,"null","null","null","null","null",180.53,4501.33333333333,320.242392833346,24,"Exudate vs Soil","Soil","Not selected",3,3,3,3,TRUE,TRUE,TRUE,TRUE,"Leaf + Root + Exudate","RT >= 1 min","No MS/MS assignment","Unknown","Tier 5: low priority"
"F377_mz105.0701_rt1",0.191679399943356,12.0276541019536,0.868941984138221,0.425088173185015,0.633518503262828,-5.94191933470181,377,0.996,105.07007,"Unknown","[M+H]+","ion correlated with 612; similar chromatogram in higher mz_612; found in higher mz's MsMs_612; similar chromatogram in higher mz_1554; similar chromatogram in higher mz_1810; similar chromatogram in higher mz_2793; similar chromatogram in higher mz_3825; similar chromatogram in higher mz_4729; found in higher mz's MsMs_1714; found in higher mz's MsMs_1458; similar chromatogram in higher mz_4272",0.286,TRUE,"null","null","null","null",999,FALSE,FALSE,FALSE,"null","null","null","null","null",133.07,3496.66666666667,2693.39502525493,22,"Exudate vs Soil","Exudate","Not selected",3,1,3,3,TRUE,FALSE,TRUE,TRUE,"Leaf + Exudate","Early RT","MS/MS available","Unknown","Tier 5: low priority"
"F1943_mz215.0821_rt1.04",0.154775756926729,14.2647964689539,0.863040985097959,0.428030664755122,0.637218583620407,-5.94707157126458,1943,1.042,215.08211,"Unknown","[M+H]+","ion correlated with 2288",0.214,TRUE,"null","null","null","null",999,FALSE,FALSE,FALSE,"null","null","null","null","null",90.88,16855,79.5115092548647,23,"Exudate vs Soil","Exudate","Not selected",2,3,3,3,TRUE,TRUE,TRUE,TRUE,"Leaf + Root + Exudate","RT >= 1 min","MS/MS available","Unknown","Tier 5: low priority"
"F2815_mz280.1396_rt1.02",-0.158196623060462,13.6402500707489,-0.859645229334533,0.429731050996529,0.639063558670804,-5.95002484768295,2815,1.025,280.13959,"Unknown","[M+H]+",NA,0.143,FALSE,"null","null","null","null",999,FALSE,FALSE,FALSE,"null","null","null","null","null",32.28,14208.6666666667,58.4570362898496,24,"Exudate vs Soil","Soil","Not selected",3,3,3,3,TRUE,TRUE,TRUE,TRUE,"Leaf + Root + Exudate","RT >= 1 min","No MS/MS assignment","Unknown","Tier 5: low priority"
"F2121_mz227.1282_rt1.35",0.522570831747104,12.9266697815743,0.855801964631424,0.431661795147035,0.640560222777077,-5.95335704977631,2121,1.351,227.12817,"Unknown","[M+H]+","ion correlated with 3726; ion correlated with 3795; ion correlated with 4977; ion correlated with 3000; ion correlated with 5113",0.107,FALSE,"null","null","null","null",999,FALSE,FALSE,FALSE,"null","null","null","null","null",110.41,7814.33333333333,149.020003412096,24,"Exudate vs Soil","Exudate","Not selected",3,3,3,3,TRUE,TRUE,TRUE,TRUE,"Leaf + Root + Exudate","RT >= 1 min","No MS/MS assignment","Unknown","Tier 5: low priority"
"F342_mz102.5308_rt0.73",0.234671613177181,14.8902550688605,0.850371787007807,0.43440111347543,0.643792173383107,-5.95804646907936,342,0.726,102.53078,"Unknown","[M+H]+","similar chromatogram in higher mz_393; similar chromatogram in higher mz_929; similar chromatogram in higher mz_1062; similar chromatogram in higher mz_1891; similar chromatogram in higher mz_1298; similar chromatogram in higher mz_2722; similar chromatogram in higher mz_3010; similar chromatogram in higher mz_3244; similar chromatogram in higher mz_4865",0.036,FALSE,"null","null","null","null",999,FALSE,FALSE,FALSE,"null","null","null","null","null",9.25,16714,6.17774454083159,14,"Exudate vs Soil","Exudate","Not selected",0,0,3,3,FALSE,FALSE,TRUE,TRUE,"Exudate only","Early RT","No MS/MS assignment","Unknown","Tier 5: low priority"
"F1097_mz156.1021_rt1.14",-0.176170381752492,13.8980822106367,-0.849645036752687,0.434768740466514,0.643792173383107,-5.95867241443307,1097,1.142,156.10214,"Unknown","[M+H]+","ion correlated with 696; ion correlated with 2801; ion correlated with 2369",0.25,FALSE,"null","null","null","null",999,FALSE,FALSE,FALSE,"null","null","null","null","null",60.74,17108,33.8732246186218,24,"Exudate vs Soil","Soil","Not selected",3,3,3,3,TRUE,TRUE,TRUE,TRUE,"Leaf + Root + Exudate","RT >= 1 min","No MS/MS assignment","Unknown","Tier 5: low priority"
"F360_mz104.0304_rt0.39",-0.521956485405451,16.4452029941992,-0.847653128459857,0.435777569618043,0.644288319884068,-5.96038601128237,360,0.393,104.03045,"Unknown","[M+H]+",NA,0.071,FALSE,"null","null","null","null",999,FALSE,FALSE,FALSE,"null","null","null","null","null",17.33,2070,86.3906325446644,24,"Exudate vs Soil","Soil","Not selected",3,3,3,3,TRUE,TRUE,TRUE,TRUE,"Leaf + Root + Exudate","Very early RT","No MS/MS assignment","Unknown","Tier 5: low priority"
"F3164_mz304.3001_rt2.83",0.198053414401815,14.1947654994693,0.84714834285695,0.43603350941649,0.644288319884068,-5.96081979684668,3164,2.827,304.30014,"Unknown","[M+H]+",NA,0.321,FALSE,"null","null","null","null",999,FALSE,FALSE,FALSE,"null","null","null","null","null",35.59,21493.6666666667,10.1302803796291,24,"Exudate vs Soil","Exudate","Not selected",3,3,3,3,TRUE,TRUE,TRUE,TRUE,"Leaf + Root + Exudate","RT >= 1 min","No MS/MS assignment","Unknown","Tier 5: low priority"
"F799_mz135.117_rt1.07",0.121274215252056,15.0319661401813,0.845222596417729,0.437010969994905,0.645044946126664,-5.96247292812934,799,1.074,135.11702,"Unknown","[M+H]+","ion correlated with 3937; ion correlated with 1217; ion correlated with 3309; ion correlated with 4550; ion correlated with 4658; ion correlated with 4165; ion correlated with 4759; ion correlated with 2865; ion correlated with 1837; ion correlated with 4035; ion correlated with 4338; ion correlated with 4649; ion correlated with 2012; ion correlated with 3463; ion correlated with 3491; ion correlated with 4678; ion correlated with 3680; ion correlated with 3971; ion correlated with 4724; ion correlated with 4684",0.107,FALSE,"null","null","null","null",999,FALSE,FALSE,FALSE,"null","null","null","null","null",128.89,28574,42.5315485564304,24,"Exudate vs Soil","Exudate","Not selected",3,3,3,3,TRUE,TRUE,TRUE,TRUE,"Leaf + Root + Exudate","RT >= 1 min","No MS/MS assignment","Unknown","Tier 5: low priority"
"F1257_mz167.1068_rt3.55",-0.240338842307627,12.457603535553,-0.842111942477207,0.438593393279046,0.645153379525378,-5.96513735358908,1257,3.547,167.10684,"Unknown","[M+H]+","ion correlated with 419; ion correlated with 779; ion correlated with 3115; ion correlated with 3702; ion correlated with 3318; ion correlated with 3338; ion correlated with 397; ion correlated with 597; ion correlated with 625; ion correlated with 994; ion correlated with 1019; ion correlated with 1190; ion correlated with 1630; ion correlated with 2317; ion correlated with 2448; ion correlated with 2474; ion correlated with 2676; ion correlated with 2746; ion correlated with 2954; ion correlated with 3083; ion correlated with 3504; ion correlated with 3745; ion correlated with 3906; ion correlated with 5005; ion correlated with 5013; ion correlated with 5038; ion correlated with 5047; ion correlated with 3515; found in higher mz's MsMs_2448; found in higher mz's MsMs_3083",0.107,FALSE,"null","null","null","null",999,FALSE,FALSE,FALSE,"null","null","null","null","null",41.31,7839.33333333333,97.2856596233153,24,"Exudate vs Soil","Soil","Not selected",3,3,3,3,TRUE,TRUE,TRUE,TRUE,"Leaf + Root + Exudate","RT >= 1 min","No MS/MS assignment","Unknown","Tier 5: low priority"
"F1798_mz204.1234_rt1.14",-0.202824989332808,14.0652499891438,-0.840506463284099,0.439411825593042,0.645153379525378,-5.96650967873174,1798,1.142,204.12343,"Unknown","[M+H]+","ion correlated with 3603; ion correlated with 3335; ion correlated with 2499; ion correlated with 2525; ion correlated with 1555; ion correlated with 2858; ion correlated with 1560",0.107,TRUE,"null","null","null","null",999,FALSE,FALSE,FALSE,"null","null","null","null","null",140.52,17211,27.2260632117128,23,"Exudate vs Soil","Soil","Not selected",3,2,3,3,TRUE,TRUE,TRUE,TRUE,"Leaf + Root + Exudate","RT >= 1 min","MS/MS available","Unknown","Tier 5: low priority"
"F4765_mz559.5183_rt9.1",0.199664469588279,18.3865717419063,0.842754734687884,0.438266040156927,0.645153379525378,-5.96458736665714,4765,9.095,559.51831,"Unknown","[M+H]+",NA,0.143,TRUE,"null","null","null","null",999,FALSE,FALSE,FALSE,"null","null","null","null","null",194.03,243658.666666667,8.52887565853465,24,"Exudate vs Soil","Exudate","Not selected",3,3,3,3,TRUE,TRUE,TRUE,TRUE,"Leaf + Root + Exudate","RT >= 1 min","MS/MS available","Unknown","Tier 5: low priority"
"F4991_mz680.4813_rt8.93",0.430482240330384,18.5100503094665,0.835828805193555,0.44180300479297,0.646001317106993,-5.97049694803824,4991,8.934,680.48126,"Unknown","[M+H]+",NA,0.429,TRUE,"null","null","null","null",999,FALSE,FALSE,FALSE,"null","null","null","null","null",1298.47,194108.666666667,6.17226859730496,24,"Exudate vs Soil","Exudate","Not selected",3,3,3,3,TRUE,TRUE,TRUE,TRUE,"Leaf + Root + Exudate","RT >= 1 min","MS/MS available","Unknown","Tier 5: low priority"
"F1020_mz149.0965_rt1.06",0.396425892667357,13.3256926367181,0.837239742215628,0.441080706243615,0.646001317106993,-5.96929599586117,1020,1.061,149.0965,"Unknown","[M+H]+","ion correlated with 3171; ion correlated with 3624; ion correlated with 3535; ion correlated with 792; ion correlated with 3937; ion correlated with 3565; ion correlated with 567; ion correlated with 3309; ion correlated with 4550; ion correlated with 4658; ion correlated with 4565; ion correlated with 4759; ion correlated with 4694; ion correlated with 4152; ion correlated with 1837; ion correlated with 4035; ion correlated with 2094; ion correlated with 2128; ion correlated with 799; ion correlated with 4338; ion correlated with 4486; ion correlated with 2012; ion correlated with 4283; ion correlated with 3491; ion correlated with 4167; ion correlated with 1747; ion correlated with 1764; ion correlated with 3971; found in higher mz's MsMs_1837; similar chromatogram in higher mz_4035",0.107,TRUE,"null","null","null","null",999,FALSE,FALSE,FALSE,"null","null","null","null","null",11.28,11299.6666666667,34.5951271311427,21,"Exudate vs Soil","Exudate","Not selected",3,3,3,3,TRUE,TRUE,TRUE,TRUE,"Leaf + Root + Exudate","RT >= 1 min","MS/MS available","Unknown","Tier 5: low priority"
"F624_mz123.0556_rt0.6",0.32892866817837,15.3020280227113,0.835729814314543,0.44185371473119,0.646001317106993,-5.97058114990872,624,0.6,123.0556,"Unknown","[M+H]+","similar chromatogram in higher mz_1330; found in higher mz's MsMs_2463",0.107,FALSE,"null","null","null","null",999,FALSE,FALSE,FALSE,"null","null","null","null","null",28.01,49524,11.3555174154467,22,"Exudate vs Soil","Exudate","Not selected",3,3,3,3,TRUE,TRUE,TRUE,TRUE,"Leaf + Root + Exudate","Early RT","No MS/MS assignment","Unknown","Tier 5: low priority"
"F622_mz123.0554_rt0.69",0.118438032762717,15.6155966468917,0.837301352066413,0.441049186879679,0.646001317106993,-5.96924352089004,622,0.686,123.0554,"Unknown","[M+H]+","ion correlated with 804; ion correlated with 631; ion correlated with 775; similar chromatogram in higher mz_2888; similar chromatogram in higher mz_4186",0.357,TRUE,"null","null","null","null",999,FALSE,FALSE,FALSE,"null","null","null","null","null",479.21,46195.6666666667,389.224597734324,21,"Exudate vs Soil","Exudate","Not selected",3,0,3,3,TRUE,FALSE,TRUE,TRUE,"Leaf + Exudate","Early RT","MS/MS available","Unknown","Tier 5: low priority"
"F2068_mz223.1081_rt1",-0.197827645468214,15.8924217624477,-0.833160451860612,0.443171465074016,0.647245153416845,-5.97276405845847,2068,0.996,223.10815,"Unknown","[M+H]+","ion correlated with 391; ion correlated with 520; ion correlated with 1015; ion correlated with 2359; ion correlated with 2168; ion correlated with 2600; ion correlated with 183; similar chromatogram in higher mz_3091",0.357,TRUE,"null","null","null","null",999,FALSE,FALSE,FALSE,"null","null","null","null","null",200.46,45324.6666666667,78.180648197857,24,"Exudate vs Soil","Soil","Not selected",3,3,3,3,TRUE,TRUE,TRUE,TRUE,"Leaf + Root + Exudate","Early RT","MS/MS available","Unknown","Tier 5: low priority"
"F4440_mz454.2934_rt3.86",0.254819206328873,13.2478398734814,0.825505063339638,0.447115338962237,0.652190729580294,-5.97923825551013,4440,3.862,454.2934,"Unknown","[M+H]+",NA,0.107,TRUE,"null","null","null","null",999,FALSE,FALSE,FALSE,"null","null","null","null","null",31.63,7412.33333333333,30.6561151079137,24,"Exudate vs Soil","Exudate","Not selected",3,3,3,3,TRUE,TRUE,TRUE,TRUE,"Leaf + Root + Exudate","RT >= 1 min","MS/MS available","Unknown","Tier 5: low priority"
"F3706_mz352.8832_rt0.42",-0.631793814845039,14.4721810834912,-0.811608704488977,0.454341922791779,0.655992720720846,-5.99087567901502,3706,0.416,352.88318,"Unknown","[M+H]+",NA,0.036,FALSE,"null","null","null","null",999,FALSE,FALSE,FALSE,"null","null","null","null","null",2876.59,0,143831,19,"Exudate vs Soil","Soil","Not selected",3,3,3,3,TRUE,TRUE,TRUE,TRUE,"Leaf + Root + Exudate","Very early RT","No MS/MS assignment","Unknown","Tier 5: low priority"
"F5085_mz739.6208_rt0.49",0.504057242004666,11.952185543813,0.808168041086349,0.456144625536858,0.655992720720846,-5.99373398540563,5085,0.494,739.62079,"Unknown","[M+H]+",NA,0.036,FALSE,"null","null","null","null",999,FALSE,FALSE,FALSE,"null","null","null","null","null",23.63,8903,21.0558176100629,17,"Exudate vs Soil","Exudate","Not selected",2,2,3,3,TRUE,TRUE,TRUE,TRUE,"Leaf + Root + Exudate","Very early RT","No MS/MS assignment","Unknown","Tier 5: low priority"
"F1461_mz181.1225_rt7.01",0.463621848354268,11.2975175156911,0.810415935407724,0.454966258902437,0.655992720720846,-5.99186760496966,1461,7.012,181.12253,"Unknown","[M+H]+","ion correlated with 4901; ion correlated with 4940",0.107,TRUE,"null","null","null","null",999,FALSE,FALSE,FALSE,"null","null","null","null","null",5.44,2700.66666666667,139.699691548427,23,"Exudate vs Soil","Exudate","Not selected",3,3,3,3,TRUE,TRUE,TRUE,TRUE,"Leaf + Root + Exudate","RT >= 1 min","MS/MS available","Unknown","Tier 5: low priority"
"F1272_mz168.1022_rt1.23",-0.421867826982988,13.3418581978809,-0.812770820249642,0.453734248102861,0.655992720720846,-5.98990818333856,1272,1.227,168.10216,"Unknown","[M+H]+","ion correlated with 1939; ion correlated with 2619; ion correlated with 2102; ion correlated with 1003; ion correlated with 1754; ion correlated with 2021; ion correlated with 1996; ion correlated with 379",0.071,TRUE,"null","null","null","null",999,FALSE,FALSE,FALSE,"null","null","null","null","null",64.15,8470.33333333333,37.2166915873141,24,"Exudate vs Soil","Soil","Not selected",3,3,3,3,TRUE,TRUE,TRUE,TRUE,"Leaf + Root + Exudate","RT >= 1 min","MS/MS available","Unknown","Tier 5: low priority"
"F1214_mz165.0548_rt0.83",0.397595963663754,12.2934443668066,0.813767597486814,0.453213514311086,0.655992720720846,-5.98907750308577,1214,0.833,165.05482,"Unknown","[M+H]+","ion correlated with 806",0.357,TRUE,"null","null","null","null",999,FALSE,FALSE,FALSE,"null","null","null","null","null",1207.12,10033.6666666667,2076.01146027106,24,"Exudate vs Soil","Exudate","Not selected",3,3,3,3,TRUE,TRUE,TRUE,TRUE,"Leaf + Root + Exudate","Early RT","MS/MS available","Unknown","Tier 5: low priority"
"F2935_mz288.2902_rt1.87",-0.393896824545739,11.2475207756998,-0.814055610642448,0.453063134584443,0.655992720720846,-5.98883733946097,2935,1.869,288.29022,"Unknown","[M+H]+","ion correlated with 2330",0.25,TRUE,"null","null","null","null",999,FALSE,FALSE,FALSE,"null","null","null","null","null",234.72,6005.33333333333,146.646373272657,22,"Exudate vs Soil","Soil","Not selected",3,3,3,3,TRUE,TRUE,TRUE,TRUE,"Leaf + Root + Exudate","RT >= 1 min","MS/MS available","Unknown","Tier 5: low priority"
"F1414_mz178.0712_rt0.46",-0.370549695265173,13.878523588402,-0.808026724607224,0.456218780953816,0.655992720720846,-5.9938511862499,1414,0.458,178.07117,"Unknown","[M+H]+",NA,0.429,FALSE,"null","null","null","null",999,FALSE,FALSE,FALSE,"null","null","null","null","null",215.21,3033.66666666667,549.474516695958,20,"Exudate vs Soil","Soil","Not selected",1,1,3,3,FALSE,FALSE,TRUE,TRUE,"Exudate only","Very early RT","No MS/MS assignment","Unknown","Tier 5: low priority"
"F804_mz136.0619_rt0.64",-0.33738310747911,14.9256313895034,-0.817227108010429,0.451409679109105,0.655992720720846,-5.98618850265901,804,0.643,136.06194,"Unknown","[M+H]+","ion correlated with 60; similar chromatogram in higher mz_2494; similar chromatogram in higher mz_2718; similar chromatogram in higher mz_2874",0.571,TRUE,"null","null","null","null",999,FALSE,FALSE,FALSE,"null","null","null","null","null",1217.92,26421.6666666667,1000.89984609174,22,"Exudate vs Soil","Soil","Not selected",3,3,3,3,TRUE,TRUE,TRUE,TRUE,"Leaf + Root + Exudate","Early RT","MS/MS available","Unknown","Tier 5: low priority"
"F2658_mz270.1931_rt0.96",0.285734078803114,13.0175155968588,0.810441907997233,0.454952657135584,0.655992720720846,-5.99184601751045,2658,0.963,270.19312,"Unknown","[M+H]+",NA,0.429,TRUE,"null","null","null","null",999,FALSE,FALSE,FALSE,"null","null","null","null","null",1774.95,3214.33333333333,1829.35714285714,19,"Exudate vs Soil","Exudate","Not selected",0,1,3,3,FALSE,FALSE,TRUE,TRUE,"Exudate only","Early RT","MS/MS available","Unknown","Tier 5: low priority"
"F2269_mz239.1503_rt0.76",0.146321316657434,15.0319600955403,0.808168939672883,0.456144154034929,0.655992720720846,-5.99373324011301,2269,0.763,239.1503,"Unknown","[M+H]+","ion correlated with 2399; ion correlated with 2115",0.071,FALSE,"null","null","null","null",999,FALSE,FALSE,FALSE,"null","null","null","null","null",25.57,23268.6666666667,9.1425460900457,21,"Exudate vs Soil","Exudate","Not selected",2,1,3,3,TRUE,FALSE,TRUE,TRUE,"Leaf + Exudate","Early RT","No MS/MS assignment","Unknown","Tier 5: low priority"
"F2619_mz267.1208_rt1.18",0.252572327431358,14.1420038782567,0.801210337079587,0.459806337957153,0.659039901146447,-5.9994858553824,2619,1.178,267.12082,"Unknown","[M+H]+","ion correlated with 2418; ion correlated with 523; ion correlated with 2799; ion correlated with 2120; ion correlated with 2102; ion correlated with 1003; ion correlated with 1754; ion correlated with 2021; ion correlated with 1272; ion correlated with 1996",0.071,FALSE,"null","null","null","null",999,FALSE,FALSE,FALSE,"null","null","null","null","null",128.98,12766,41.4609540220882,24,"Exudate vs Soil","Exudate","Not selected",3,3,3,3,TRUE,TRUE,TRUE,TRUE,"Leaf + Root + Exudate","RT >= 1 min","No MS/MS assignment","Unknown","Tier 5: low priority"
"F4287_mz424.8945_rt0.41",0.205503863184067,15.5893203085345,0.802093200442313,0.459340495904529,0.659039901146447,-5.99875809688725,4287,0.408,424.89453,"Unknown","[M+H]+","ion correlated with 2334; ion correlated with 3960",0.107,FALSE,"null","null","null","null",999,FALSE,FALSE,FALSE,"null","null","null","null","null",3602.94,0,210867,19,"Exudate vs Soil","Exudate","Not selected",0,1,3,3,FALSE,FALSE,TRUE,TRUE,"Exudate only","Very early RT","No MS/MS assignment","Unknown","Tier 5: low priority"
"F1186_mz163.0602_rt0.47",-0.149654719145998,16.1082679747652,-0.80002084194154,0.460434528687243,0.659258529711281,-6.00046540918484,1186,0.473,163.06023,"Unknown","[M+H]+","ion correlated with 1575",0.607,FALSE,"null","null","null","null",999,FALSE,FALSE,FALSE,"null","null","null","null","null",197.54,63156,70.9386132970217,24,"Exudate vs Soil","Soil","Not selected",3,3,3,3,TRUE,TRUE,TRUE,TRUE,"Leaf + Root + Exudate","Very early RT","No MS/MS assignment","Unknown","Tier 5: low priority"
"F4622_mz502.84_rt0.41",0.304887001786818,16.5229406581302,0.793292692033148,0.463999751744002,0.661591255272847,-6.005985125719,4622,0.412,502.84003,"Unknown","[M+H]+",NA,0.071,FALSE,"null","null","null","null",999,FALSE,FALSE,FALSE,"null","null","null","null","null",1518.95,0,146262,23,"Exudate vs Soil","Exudate","Not selected",2,3,3,3,TRUE,TRUE,TRUE,TRUE,"Leaf + Root + Exudate","Very early RT","No MS/MS assignment","Unknown","Tier 5: low priority"
"F3166_mz304.8961_rt0.41",0.185098526069753,18.7482030432745,0.793445636981999,0.463918480602379,0.661591255272847,-6.0058600473164,3166,0.413,304.89606,"Unknown","[M+H]+",NA,0.857,FALSE,"null","null","null","null",999,FALSE,FALSE,FALSE,"null","null","null","null","null",195.24,88693.3333333333,6.67600711056325,24,"Exudate vs Soil","Exudate","Not selected",3,3,3,3,TRUE,TRUE,TRUE,TRUE,"Leaf + Root + Exudate","Very early RT","No MS/MS assignment","Unknown","Tier 5: low priority"
"F3698_mz352.1875_rt1.01",0.166714529378656,13.9845427771017,0.793778216454725,0.463741792445995,0.661591255272847,-6.00558800000542,3698,1.013,352.18747,"Unknown","[M+H]+","ion correlated with 3362; ion correlated with 3629",0.036,FALSE,"null","null","null","null",999,FALSE,FALSE,FALSE,"null","null","null","null","null",58.64,19303.3333333333,9.98962236458136,24,"Exudate vs Soil","Exudate","Not selected",3,3,3,3,TRUE,TRUE,TRUE,TRUE,"Leaf + Root + Exudate","RT >= 1 min","No MS/MS assignment","Unknown","Tier 5: low priority"
"F1111_mz157.0498_rt0.92",0.151597154363246,14.0658971125003,0.792444921424506,0.464450426681443,0.661591255272847,-6.00667809747961,1111,0.923,157.04982,"Unknown","[M+H]+","ion correlated with 1358; ion correlated with 638; ion correlated with 1726; ion correlated with 670",0.036,TRUE,"null","null","null","null",999,FALSE,FALSE,FALSE,"null","null","null","null","null",387.76,50596.3333333333,52.0791280172868,18,"Exudate vs Soil","Exudate","Not selected",3,1,3,3,TRUE,FALSE,TRUE,TRUE,"Leaf + Exudate","Early RT","MS/MS available","Unknown","Tier 5: low priority"
"F3381_mz322.188_rt0.93",0.152498714730594,13.7857537192118,0.788253010447414,0.466683595151178,0.66408979761759,-6.01009622515622,3381,0.93,322.18799,"Unknown","[M+H]+","ion correlated with 47; ion correlated with 2643; ion correlated with 1273; ion correlated with 2802; ion correlated with 2829; ion correlated with 3778; ion correlated with 3743; ion correlated with 1446; ion correlated with 3132; ion correlated with 2444",0.357,TRUE,"null","null","null","null",999,FALSE,FALSE,FALSE,"null","null","null","null","null",120.85,15481.3333333333,124.574698042931,19,"Exudate vs Soil","Exudate","Not selected",0,2,3,3,FALSE,TRUE,TRUE,TRUE,"Root + Exudate","Early RT","MS/MS available","Unknown","Tier 5: low priority"
"F1896_mz211.1696_rt1.17",-0.229858829856493,12.8497318289891,-0.786283431158527,0.467735581305111,0.664222864435332,-6.01169742700304,1896,1.169,211.16957,"Unknown","[M+H]+","ion correlated with 986; ion correlated with 3305; ion correlated with 2871; ion correlated with 4726; ion correlated with 3816; ion correlated with 4516; ion correlated with 2872",0.071,FALSE,"null","null","null","null",999,FALSE,FALSE,FALSE,"null","null","null","null","null",120.82,15176.3333333333,72.7745102345603,19,"Exudate vs Soil","Soil","Not selected",3,3,3,3,TRUE,TRUE,TRUE,TRUE,"Leaf + Root + Exudate","RT >= 1 min","No MS/MS assignment","Unknown","Tier 5: low priority"
"F1078_mz154.1228_rt0.5",0.0924711517735673,16.3213874118822,0.786390650992784,0.467678268496159,0.664222864435332,-6.01161034023578,1078,0.497,154.12285,"Unknown","[M+H]+",NA,0.214,TRUE,"null","null","null","null",999,FALSE,FALSE,FALSE,"null","null","null","null","null",23290.13,103532,5662.79428781162,18,"Exudate vs Soil","Exudate","Not selected",3,3,3,3,TRUE,TRUE,TRUE,TRUE,"Leaf + Root + Exudate","Very early RT","MS/MS available","Unknown","Tier 5: low priority"
"F743_mz131.1011_rt0.67",0.161966540508636,14.693229541795,0.783994358409019,0.468960403820872,0.665280572871779,-6.01355448904748,743,0.672,131.10106,"Unknown","[M+H]+","similar chromatogram in higher mz_967",0.143,FALSE,"null","null","null","null",999,FALSE,FALSE,FALSE,"null","null","null","null","null",82.71,38387.6666666667,15.8065661740444,21,"Exudate vs Soil","Exudate","Not selected",1,2,3,3,FALSE,TRUE,TRUE,TRUE,"Root + Exudate","Early RT","No MS/MS assignment","Unknown","Tier 5: low priority"
"F3699_mz352.1971_rt1.08",0.257602225907403,14.1568446298419,0.781570910228169,0.470259691195196,0.666441648258222,-6.01551601404087,3699,1.081,352.19708,"Unknown","[M+H]+",NA,0.107,FALSE,"null","null","null","null",999,FALSE,FALSE,FALSE,"null","null","null","null","null",24.92,17102.3333333333,12.6930812707075,24,"Exudate vs Soil","Exudate","Not selected",3,3,3,3,TRUE,TRUE,TRUE,TRUE,"Leaf + Root + Exudate","RT >= 1 min","No MS/MS assignment","Unknown","Tier 5: low priority"
"F2362_mz246.1707_rt1.04",-0.687704339740598,13.1534090372877,-0.775986035432684,0.473263955669043,0.669475560125988,-6.02001849306731,2362,1.04,246.17073,"Unknown","[M+H]+",NA,0.036,FALSE,"null","null","null","null",999,FALSE,FALSE,FALSE,"null","null","null","null","null",61.62,6622.33333333333,33.3502767991948,15,"Exudate vs Soil","Soil","Not selected",1,0,3,3,FALSE,FALSE,TRUE,TRUE,"Exudate only","RT >= 1 min","No MS/MS assignment","Unknown","Tier 5: low priority"
"F458_mz112.0507_rt0.66",0.382416034586371,14.3476262814948,0.775795758307991,0.47336655766484,0.669475560125988,-6.02017145226672,458,0.659,112.05067,"Unknown","[M+H]+","ion correlated with 1050; ion correlated with 2321; ion correlated with 1679; ion correlated with 817; similar chromatogram in higher mz_967; similar chromatogram in higher mz_1679; similar chromatogram in higher mz_2583; similar chromatogram in higher mz_4364; found in higher mz's MsMs_2321; similar chromatogram in higher mz_2626",0.393,TRUE,"null","null","null","null",999,FALSE,FALSE,FALSE,"null","null","null","null","null",101.07,14888.6666666667,399.185632093846,23,"Exudate vs Soil","Exudate","Not selected",3,2,3,3,TRUE,TRUE,TRUE,TRUE,"Leaf + Root + Exudate","Early RT","MS/MS available","Unknown","Tier 5: low priority"
"F2166_mz230.1392_rt1.18",-0.116116908167628,14.7859871188203,-0.773252103152619,0.474739716619698,0.670733177609482,-6.02221343957879,2166,1.182,230.13921,"Unknown","[M+H]+","ion correlated with 2194; ion correlated with 2707; ion correlated with 2946; ion correlated with 3235; ion correlated with 2392; ion correlated with 2358; ion correlated with 1768",0.036,TRUE,"null","null","null","null",999,FALSE,FALSE,FALSE,"null","null","null","null","null",381.39,25106.6666666667,77.8999907066898,24,"Exudate vs Soil","Soil","Not selected",3,3,3,3,TRUE,TRUE,TRUE,TRUE,"Leaf + Root + Exudate","RT >= 1 min","MS/MS available","Unknown","Tier 5: low priority"
"F247_mz95.0493_rt0.61",0.173973337382208,14.5578452960328,0.772136802232782,0.475342711864922,0.670901220615868,-6.02310713461439,247,0.606,95.0493,"Unknown","[M+H]+","ion correlated with 1506; ion correlated with 4170; ion correlated with 1401; ion correlated with 3534; found in higher mz's MsMs_1880; found in higher mz's MsMs_1620",0.036,FALSE,"null","null","null","null",999,FALSE,FALSE,FALSE,"null","null","null","null","null",19.07,25265.6666666667,15.0162664907652,9,"Exudate vs Soil","Exudate","Not selected",3,0,3,3,TRUE,FALSE,TRUE,TRUE,"Leaf + Exudate","Early RT","No MS/MS assignment","Unknown","Tier 5: low priority"
"F520_mz116.0709_rt0.95",-0.203371380295007,16.5784491189296,-0.769730342119638,0.47664568013994,0.672055862333629,-6.02503202261323,520,0.947,116.07089,"Unknown","[M+H]+","ion correlated with 2559; ion correlated with 1785; ion correlated with 2359; ion correlated with 2068; ion correlated with 2560; found in higher mz's MsMs_2114; found in higher mz's MsMs_4074; similar chromatogram in higher mz_2653",0.143,TRUE,"null","null","null","null",999,FALSE,FALSE,FALSE,"null","null","null","null","null",31.55,111299.666666667,27.5032764104438,24,"Exudate vs Soil","Soil","Not selected",3,3,3,3,TRUE,TRUE,TRUE,TRUE,"Leaf + Root + Exudate","Early RT","MS/MS available","Unknown","Tier 5: low priority"
"F3025_mz295.1853_rt0.92",0.23690498420876,13.3960190360358,0.761954883581022,0.480873395694617,0.675953880763427,-6.03121944075529,3025,0.922,295.18533,"Unknown","[M+H]+","ion correlated with 1859; ion correlated with 47; ion correlated with 2643; ion correlated with 748; ion correlated with 398; ion correlated with 4011; ion correlated with 3478; ion correlated with 2727; ion correlated with 4054; ion correlated with 3312; ion correlated with 2963; ion correlated with 3628; ion correlated with 3334; ion correlated with 62; ion correlated with 3381; ion correlated with 2802; ion correlated with 2829; ion correlated with 3778; ion correlated with 3900; ion correlated with 1446; ion correlated with 3785; ion correlated with 916; ion correlated with 3477; ion correlated with 3132",0.036,FALSE,"null","null","null","null",999,FALSE,FALSE,FALSE,"null","null","null","null","null",211.1,11027,100.926913311571,17,"Exudate vs Soil","Exudate","Not selected",0,0,3,3,FALSE,FALSE,TRUE,TRUE,"Exudate only","Early RT","No MS/MS assignment","Unknown","Tier 5: low priority"
"F150_mz82.945_rt5.78",0.102239528603254,14.6848721018851,0.757180444957325,0.483482780791437,0.678933266643295,-6.03499439330501,150,5.777,82.94504,"Unknown","[M+H]+","ion correlated with 4359; ion correlated with 627; ion correlated with 4389; ion correlated with 3788; ion correlated with 3775; ion correlated with 3577; ion correlated with 3357",0.107,FALSE,"null","null","null","null",999,FALSE,FALSE,FALSE,"null","null","null","null","null",36.13,21507.6666666667,8.00072838855655,24,"Exudate vs Soil","Exudate","Not selected",3,3,3,3,TRUE,TRUE,TRUE,TRUE,"Leaf + Root + Exudate","RT >= 1 min","No MS/MS assignment","Unknown","Tier 5: low priority"
"F2884_mz286.0448_rt0.39",-0.536619873707054,14.8364475275356,-0.755817121643061,0.48422975061299,0.679293961892312,-6.03606889938447,2884,0.391,286.04483,"Unknown","[M+H]+",NA,0.107,FALSE,"null","null","null","null",999,FALSE,FALSE,FALSE,"null","null","null","null","null",72.65,0,131223,23,"Exudate vs Soil","Soil","Not selected",3,3,3,3,TRUE,TRUE,TRUE,TRUE,"Leaf + Root + Exudate","Very early RT","No MS/MS assignment","Unknown","Tier 5: low priority"
"F3930_mz375.178_rt0.42",0.246573255765915,14.4545712034892,0.750808676722373,0.486981019727439,0.682462783965855,-6.04000323607042,3930,0.417,375.17804,"Unknown","[M+H]+","similar chromatogram in higher mz_3946",0.071,FALSE,"null","null","null","null",999,FALSE,FALSE,FALSE,"null","null","null","null","null",4.22,0,106519,24,"Exudate vs Soil","Exudate","Not selected",3,3,3,3,TRUE,TRUE,TRUE,TRUE,"Leaf + Root + Exudate","Very early RT","No MS/MS assignment","Unknown","Tier 5: low priority"
"F930_mz144.1022_rt0.49",0.417728724011306,15.0436231943379,0.749807363820373,0.4875324094816,0.68254537327424,-6.04078733598728,930,0.49,144.10216,"Unknown","[M+H]+","similar chromatogram in higher mz_2372; similar chromatogram in higher mz_3648",0.321,FALSE,"null","null","null","null",999,FALSE,FALSE,FALSE,"null","null","null","null","null",91.88,36742.3333333333,21.6150775650912,24,"Exudate vs Soil","Exudate","Not selected",3,3,3,3,TRUE,TRUE,TRUE,TRUE,"Leaf + Root + Exudate","Very early RT","No MS/MS assignment","Unknown","Tier 5: low priority"
"F5016_mz694.4965_rt9.04",0.183137088446422,17.1152021948194,0.743654621407163,0.490930330467046,0.686608918291953,-6.04558722543017,5016,9.036,694.49652,"Unknown","[M+H]+",NA,0.071,TRUE,"null","null","null","null",999,FALSE,FALSE,FALSE,"null","null","null","null","null",169.63,96310,7.62600326027141,24,"Exudate vs Soil","Exudate","Not selected",3,3,3,3,TRUE,TRUE,TRUE,TRUE,"Leaf + Root + Exudate","RT >= 1 min","MS/MS available","Unknown","Tier 5: low priority"
"F1133_mz158.9725_rt0.41",-0.267499568907732,17.2474966561737,-0.74006120268929,0.492922634297631,0.688700374129553,-6.04837604175784,1133,0.405,158.97252,"Unknown","[M+H]+","ion correlated with 275",0.321,TRUE,"null","null","null","null",999,FALSE,FALSE,FALSE,"null","null","null","null","null",213.43,163216.333333333,25.8869809579048,24,"Exudate vs Soil","Soil","Not selected",3,3,3,3,TRUE,TRUE,TRUE,TRUE,"Leaf + Root + Exudate","Very early RT","MS/MS available","Unknown","Tier 5: low priority"
"F4968_mz663.4544_rt8.99",0.35126237748879,18.785726799348,0.736175731227821,0.495083323598403,0.691022645022545,-6.05137944554219,4968,8.988,663.45441,"Unknown","[M+H]+","ion correlated with 4969; ion correlated with 4990",0.393,TRUE,"null","null","null","null",999,FALSE,FALSE,FALSE,"null","null","null","null","null",6151.11,212019.666666667,9.78195679037578,24,"Exudate vs Soil","Exudate","Not selected",3,3,3,3,TRUE,TRUE,TRUE,TRUE,"Leaf + Root + Exudate","RT >= 1 min","MS/MS available","Unknown","Tier 5: low priority"
"F4990_mz680.4811_rt8.98",0.36579457555684,18.5423941418532,0.733713114320189,0.496456244548304,0.691546085370803,-6.05327649290886,4990,8.983,680.48114,"Unknown","[M+H]+","ion correlated with 4969; ion correlated with 4968",0.464,TRUE,"null","null","null","null",999,FALSE,FALSE,FALSE,"null","null","null","null","null",4050.37,178361.666666667,11.3485800466465,24,"Exudate vs Soil","Exudate","Not selected",3,3,3,3,TRUE,TRUE,TRUE,TRUE,"Leaf + Root + Exudate","RT >= 1 min","MS/MS available","Unknown","Tier 5: low priority"
"F3413_mz326.1815_rt1.03",-0.133526041388548,12.5031939179012,-0.733768586541771,0.49642528886522,0.691546085370803,-6.05323381629393,3413,1.026,326.18146,"Unknown","[M+H]+","similar chromatogram in higher mz_4112",0.429,FALSE,"null","null","null","null",999,FALSE,FALSE,FALSE,"null","null","null","null","null",52.13,4016.33333333333,122.30227348158,24,"Exudate vs Soil","Soil","Not selected",3,3,3,3,TRUE,TRUE,TRUE,TRUE,"Leaf + Root + Exudate","RT >= 1 min","No MS/MS assignment","Unknown","Tier 5: low priority"
"F1917_mz213.1486_rt1.18",0.102537680438097,14.6134222466254,0.726839965492317,0.500302295959346,0.696203797389211,-6.05854429699972,1917,1.182,213.14861,"Unknown","[M+H]+",NA,0.036,FALSE,"null","null","null","null",999,FALSE,FALSE,FALSE,"null","null","null","null","null",14.26,23954.6666666667,11.3105597840455,24,"Exudate vs Soil","Exudate","Not selected",3,3,3,3,TRUE,TRUE,TRUE,TRUE,"Leaf + Root + Exudate","RT >= 1 min","No MS/MS assignment","Unknown","Tier 5: low priority"
"F2051_mz222.1129_rt1.29",0.143445707498576,14.2635167712529,0.723179970036642,0.502358885161446,0.698364508358841,-6.06133324538697,2051,1.291,222.11285,"Unknown","[M+H]+","ion correlated with 1648; ion correlated with 2484; ion correlated with 3213; similar chromatogram in higher mz_3843",0.321,TRUE,"null","null","null","null",999,FALSE,FALSE,FALSE,"null","null","null","null","null",178.52,16442.6666666667,176.864263850317,24,"Exudate vs Soil","Exudate","Not selected",3,3,3,3,TRUE,TRUE,TRUE,TRUE,"Leaf + Root + Exudate","RT >= 1 min","MS/MS available","Unknown","Tier 5: low priority"
"F3137_mz302.9369_rt0.4",-0.307966945907426,16.4351446760718,-0.720575565581272,0.503825936946987,0.699001750358883,-6.06331094532112,3137,0.402,302.93689,"Unknown","[M+H]+",NA,0.143,FALSE,"null","null","null","null",999,FALSE,FALSE,FALSE,"null","null","null","null","null",75.8,0,164236,24,"Exudate vs Soil","Soil","Not selected",3,3,3,3,TRUE,TRUE,TRUE,TRUE,"Leaf + Root + Exudate","Very early RT","No MS/MS assignment","Unknown","Tier 5: low priority"
"F797_mz135.117_rt2.07",0.196219063777741,13.851572485215,0.720719272711449,0.503744909037668,0.699001750358883,-6.06320196817467,797,2.074,135.11699,"Unknown","[M+H]+","ion correlated with 2751; ion correlated with 378; ion correlated with 742; ion correlated with 957; ion correlated with 1497; ion correlated with 1629; ion correlated with 1658; ion correlated with 2022; ion correlated with 1838; ion correlated with 2911; ion correlated with 628; ion correlated with 995; ion correlated with 1351; ion correlated with 1570; ion correlated with 1694; ion correlated with 1719; ion correlated with 1894; ion correlated with 2137; ion correlated with 2318; ion correlated with 2447; ion correlated with 596; ion correlated with 1191; ion correlated with 2158; ion correlated with 532; ion correlated with 2500; ion correlated with 4888; ion correlated with 2562; ion correlated with 2394; ion correlated with 56; ion correlated with 1140; ion correlated with 1167; ion correlated with 1258; ion correlated with 1468; ion correlated with 2582; ion correlated with 5039; ion correlated with 2347; ion correlated with 3777; ion correlated with 3997; found in higher mz's MsMs_3520; found in higher mz's MsMs_5004; found in higher mz's MsMs_2950; found in higher mz's MsMs_3851",0.071,FALSE,"null","null","null","null",999,FALSE,FALSE,FALSE,"null","null","null","null","null",15.72,14552.6666666667,9.34328118916195,24,"Exudate vs Soil","Exudate","Not selected",3,3,3,3,TRUE,TRUE,TRUE,TRUE,"Leaf + Root + Exudate","RT >= 1 min","No MS/MS assignment","Unknown","Tier 5: low priority"
"F2238_mz236.9052_rt0.41",0.142580863605404,18.140258266733,0.719009941361023,0.504709290870805,0.699527077146936,-6.0644970702587,2238,0.413,236.90521,"Unknown","[M+H]+","ion correlated with 2220",0.714,FALSE,"null","null","null","null",999,FALSE,FALSE,FALSE,"null","null","null","null","null",197.67,15040,124.025264277641,24,"Exudate vs Soil","Exudate","Not selected",3,3,3,3,TRUE,TRUE,TRUE,TRUE,"Leaf + Root + Exudate","Very early RT","No MS/MS assignment","Unknown","Tier 5: low priority"
"F2560_mz261.145_rt1",0.374493432055688,11.6687452092814,0.714215178455872,0.507421319337155,0.699811905159573,-6.06811668475453,2560,1.004,261.14502,"Unknown","[M+2H]2+","ion correlated with 520; ion correlated with 2975; similar chromatogram in higher mz_3243; similar chromatogram in higher mz_3007",0.429,TRUE,"null","null","null","null",999,FALSE,FALSE,FALSE,"null","null","null","null","null",637.21,0,3391935,24,"Exudate vs Soil","Exudate","Not selected",3,3,3,3,TRUE,TRUE,TRUE,TRUE,"Leaf + Root + Exudate","RT >= 1 min","MS/MS available","Unknown","Tier 5: low priority"
"F1169_mz161.9699_rt9.7",0.310837353465901,16.0571467572289,0.713651238389458,0.507740963714113,0.699811905159573,-6.06854112561382,1169,9.7,161.96985,"Unknown","[M+H]+",NA,0.179,FALSE,"null","null","null","null",999,FALSE,FALSE,FALSE,"null","null","null","null","null",77.97,14440.6666666667,8.46474321984997,23,"Exudate vs Soil","Exudate","Not selected",3,3,3,3,TRUE,TRUE,TRUE,TRUE,"Leaf + Root + Exudate","RT >= 1 min","No MS/MS assignment","Unknown","Tier 5: low priority"
"F23_mz63.998_rt0.6",-0.290919899827035,19.6335080868685,-0.715705099305085,0.506577498899771,0.699811905159573,-6.06699401804981,23,0.599,63.99798,"Unknown","[M+H]+","ion correlated with 24",0.143,TRUE,"null","null","null","null",999,FALSE,FALSE,FALSE,"null","null","null","null","null",896.33,103403.333333333,61.1574079745207,24,"Exudate vs Soil","Soil","Not selected",3,3,3,3,TRUE,TRUE,TRUE,TRUE,"Leaf + Root + Exudate","Early RT","MS/MS available","Unknown","Tier 5: low priority"
"F3027_mz295.2272_rt1.44",0.265789319333933,13.0198539045265,0.71355970161189,0.507792860502352,0.699811905159573,-6.06860999385135,3027,1.44,295.22723,"Unknown","[M+H]+","ion correlated with 1919; ion correlated with 1666",0.357,TRUE,"null","null","null","null",999,FALSE,FALSE,FALSE,"null","null","null","null","null",84.06,18603.6666666667,35.7894076754936,24,"Exudate vs Soil","Exudate","Not selected",3,3,3,3,TRUE,TRUE,TRUE,TRUE,"Leaf + Root + Exudate","RT >= 1 min","MS/MS available","Unknown","Tier 5: low priority"
"F1206_mz164.0922_rt0.45",0.185993887648381,14.6813359232773,0.71656462725472,0.506091148684708,0.699811905159573,-6.0663454996488,1206,0.449,164.09218,"Unknown","[M+H]+","found in higher mz's MsMs_3427",0.214,FALSE,"null","null","null","null",999,FALSE,FALSE,FALSE,"null","null","null","null","null",53.76,50984,7.94086496028244,20,"Exudate vs Soil","Exudate","Not selected",0,2,3,3,FALSE,TRUE,TRUE,TRUE,"Root + Exudate","Very early RT","No MS/MS assignment","Unknown","Tier 5: low priority"
"F4764_mz559.5179_rt9.15",0.120568930655094,18.0032268888371,0.713292655838434,0.507944283254351,0.699811905159573,-6.06881086658773,4764,9.15,559.51794,"Unknown","[M+H]+",NA,0.107,TRUE,"null","null","null","null",999,FALSE,FALSE,FALSE,"null","null","null","null","null",411.91,198568.666666667,10.4655612052193,24,"Exudate vs Soil","Exudate","Not selected",3,3,3,3,TRUE,TRUE,TRUE,TRUE,"Leaf + Root + Exudate","RT >= 1 min","MS/MS available","Unknown","Tier 5: low priority"
"F2620_mz267.1344_rt1",0.415668920789431,12.0386350558432,0.708397870383281,0.510725337285527,0.702944704545919,-6.07248197612913,2620,0.999,267.13443,"Unknown","[M+H]+","ion correlated with 391; ion correlated with 2359; ion correlated with 1446; ion correlated with 2444; ion correlated with 2245; ion correlated with 2068; ion correlated with 2926; ion correlated with 3627; ion correlated with 183",0.357,TRUE,"null","null","null","null",999,FALSE,FALSE,FALSE,"null","null","null","null","null",251.64,5752.33333333333,399.605388180765,24,"Exudate vs Soil","Exudate","Not selected",3,3,3,3,TRUE,TRUE,TRUE,TRUE,"Leaf + Root + Exudate","Early RT","MS/MS available","Unknown","Tier 5: low priority"
"F1568_mz189.1237_rt0.97",0.288095380753857,12.719151302478,0.70521256091912,0.512540789782892,0.704743585951476,-6.07485997918177,1568,0.969,189.12367,"Unknown","[M+H]+","ion correlated with 1958; ion correlated with 1993; ion correlated with 350; ion correlated with 765; ion correlated with 2210; ion correlated with 1786; ion correlated with 2580",0.357,TRUE,"null","null","null","null",999,FALSE,FALSE,FALSE,"null","null","null","null","null",1373.06,2952,4107.05621401964,24,"Exudate vs Soil","Exudate","Not selected",3,3,3,3,TRUE,TRUE,TRUE,TRUE,"Leaf + Root + Exudate","Early RT","MS/MS available","Unknown","Tier 5: low priority"
"F1544_mz187.1443_rt1",0.340502371122238,11.1526302811331,0.699208157831385,0.515975096699938,0.708762620442135,-6.07931892254347,1544,0.998,187.14432,"Unknown","[M+H]+","ion correlated with 2829; ion correlated with 3778; ion correlated with 3743; ion correlated with 1446; ion correlated with 3785; ion correlated with 916; ion correlated with 3477; ion correlated with 3132; ion correlated with 2444; ion correlated with 3393; ion correlated with 2891; ion correlated with 2926; ion correlated with 2620; ion correlated with 3091; ion correlated with 3432; ion correlated with 3627; ion correlated with 1392; ion correlated with 2672; ion correlated with 3786; ion correlated with 3129",0.321,FALSE,"null","null","null","null",999,FALSE,FALSE,FALSE,"null","null","null","null","null",169.19,0,1523875,18,"Exudate vs Soil","Exudate","Not selected",0,0,3,3,FALSE,FALSE,TRUE,TRUE,"Exudate only","Early RT","No MS/MS assignment","Unknown","Tier 5: low priority"
"F966_mz146.0602_rt1.02",0.181864700125867,14.430300749261,0.693668499013803,0.519157611119609,0.712428167338395,-6.08340519955192,966,1.018,146.06024,"Unknown","[M+H]+","ion correlated with 1043; ion correlated with 1981; ion correlated with 2181; ion correlated with 1691; found in higher mz's MsMs_1810; found in higher mz's MsMs_1554; similar chromatogram in higher mz_2985; similar chromatogram in higher mz_4178; similar chromatogram in higher mz_2196",0.429,TRUE,"null","null","null","null",999,FALSE,FALSE,FALSE,"null","null","null","null","null",395.56,19105,177.085051816183,24,"Exudate vs Soil","Exudate","Not selected",3,3,3,3,TRUE,TRUE,TRUE,TRUE,"Leaf + Root + Exudate","RT >= 1 min","MS/MS available","Unknown","Tier 5: low priority"
"F1476_mz182.0814_rt0.52",0.369084392671557,12.7586460802785,0.692661836473344,0.519737377932894,0.712518304465866,-6.08414490632735,1476,0.518,182.08141,"Unknown","[M+H]+",NA,0.393,TRUE,"null","null","null","null",999,FALSE,FALSE,FALSE,"null","null","null","null","null",575.01,11555,1018.96659743856,24,"Exudate vs Soil","Exudate","Not selected",3,3,3,3,TRUE,TRUE,TRUE,TRUE,"Leaf + Root + Exudate","Early RT","MS/MS available","Unknown","Tier 5: low priority"
"F705_mz129.0522_rt0.57",0.197080492454676,16.1017048361397,0.691670707479033,0.52030863155336,0.71259660408395,-6.08487234120044,705,0.571,129.05222,"Unknown","[M+H]+",NA,0.036,FALSE,"null","null","null","null",999,FALSE,FALSE,FALSE,"null","null","null","null","null",211.73,170828,6.1189142358733,23,"Exudate vs Soil","Exudate","Not selected",3,3,3,3,TRUE,TRUE,TRUE,TRUE,"Leaf + Root + Exudate","Early RT","No MS/MS assignment","Unknown","Tier 5: low priority"
"F2618_mz267.1208_rt1.35",0.390820349632919,11.420116249197,0.687923889755094,0.522472051199121,0.714148188325426,-6.08761459991663,2618,1.352,267.12079,"Unknown","[M+H]+","ion correlated with 2996; ion correlated with 2121; ion correlated with 3162; ion correlated with 3382; ion correlated with 2747; ion correlated with 3870; ion correlated with 3872; ion correlated with 1599; ion correlated with 3711; ion correlated with 3249",0.071,FALSE,"null","null","null","null",999,FALSE,FALSE,FALSE,"null","null","null","null","null",47.76,1679,170.369047619048,13,"Exudate vs Soil","Exudate","Not selected",3,0,3,3,TRUE,FALSE,TRUE,TRUE,"Leaf + Exudate","RT >= 1 min","No MS/MS assignment","Unknown","Tier 5: low priority"
"F596_mz121.1012_rt2.08",0.210014920427388,12.4767873942983,0.688732487095173,0.522004646700955,0.714148188325426,-6.08702382749077,596,2.077,121.10123,"Unknown","[M+H]+","ion correlated with 2751; ion correlated with 378; ion correlated with 742; ion correlated with 957; ion correlated with 1018; ion correlated with 1629; ion correlated with 1658; ion correlated with 420; ion correlated with 628; ion correlated with 995; ion correlated with 1570; ion correlated with 1694; ion correlated with 1719; ion correlated with 2318; ion correlated with 2447; ion correlated with 2950; ion correlated with 4946; ion correlated with 1191; ion correlated with 2158; ion correlated with 2394; ion correlated with 56; ion correlated with 1140; ion correlated with 1258; ion correlated with 1468; ion correlated with 2582; ion correlated with 3907; ion correlated with 3941; ion correlated with 5039; ion correlated with 4118; ion correlated with 3777; ion correlated with 3851; ion correlated with 3979; ion correlated with 3997; found in higher mz's MsMs_3323; found in higher mz's MsMs_3520; found in higher mz's MsMs_3703; found in higher mz's MsMs_2674; found in higher mz's MsMs_5012; found in higher mz's MsMs_5004; found in higher mz's MsMs_2381; found in higher mz's MsMs_2950; found in higher mz's MsMs_3851; found in higher mz's MsMs_4118; found in higher mz's MsMs_3979",0.107,FALSE,"null","null","null","null",999,FALSE,FALSE,FALSE,"null","null","null","null","null",38.21,5324,84.0540845070422,24,"Exudate vs Soil","Exudate","Not selected",3,3,3,3,TRUE,TRUE,TRUE,TRUE,"Leaf + Root + Exudate","RT >= 1 min","No MS/MS assignment","Unknown","Tier 5: low priority"
"F3277_mz315.1348_rt1.08",-0.429549844009451,12.4138375392295,-0.685225118002565,0.524034124115243,0.714873322857999,-6.08958224108253,3277,1.076,315.13477,"Unknown","[M+H]+","ion correlated with 2867",0.357,FALSE,"null","null","null","null",999,FALSE,FALSE,FALSE,"null","null","null","null","null",44.3,6101,123.70190101606,24,"Exudate vs Soil","Soil","Not selected",3,3,3,3,TRUE,TRUE,TRUE,TRUE,"Leaf + Root + Exudate","RT >= 1 min","No MS/MS assignment","Unknown","Tier 5: low priority"
"F1120_mz158.0814_rt0.97",0.096221322095305,15.3315634103777,0.685310353671359,0.523984740378393,0.714873322857999,-6.08952019383786,1120,0.974,158.08145,"Unknown","[M+H]+","ion correlated with 2114; ion correlated with 309; similar chromatogram in higher mz_4843; similar chromatogram in higher mz_3246; similar chromatogram in higher mz_3674",0.5,TRUE,"null","null","null","null",999,FALSE,FALSE,FALSE,"null","null","null","null","null",337.88,41592.6666666667,218.29227206065,24,"Exudate vs Soil","Exudate","Not selected",3,3,3,3,TRUE,TRUE,TRUE,TRUE,"Leaf + Root + Exudate","Early RT","MS/MS available","Unknown","Tier 5: low priority"
"F2009_mz219.0268_rt0.45",0.359208034308689,13.3960235624756,0.679214440318526,0.527524562880413,0.718927280385695,-6.09394171112047,2009,0.45,219.02676,"Unknown","[M+H]+",NA,0.643,TRUE,"null","null","null","null",999,FALSE,FALSE,FALSE,"null","null","null","null","null",4144.05,97434.3333333333,408.695692185586,24,"Exudate vs Soil","Exudate","Not selected",3,3,3,3,TRUE,TRUE,TRUE,TRUE,"Leaf + Root + Exudate","Very early RT","MS/MS available","Unknown","Tier 5: low priority"
"F2081_mz224.077_rt0.75",0.206842943271412,14.4579666760714,0.676121706190458,0.529326656098512,0.719967365409752,-6.09617250795556,2081,0.746,224.07698,"Unknown","[M+H]+","ion correlated with 697; ion correlated with 1619; ion correlated with 3204; ion correlated with 695; ion correlated with 250; ion correlated with 2174; ion correlated with 1574; ion correlated with 3475; ion correlated with 2265; ion correlated with 2555; ion correlated with 2770",0.107,FALSE,"null","null","null","null",999,FALSE,FALSE,FALSE,"null","null","null","null","null",103.4,34346.6666666667,39.138117096746,18,"Exudate vs Soil","Exudate","Not selected",3,3,3,3,TRUE,TRUE,TRUE,TRUE,"Leaf + Root + Exudate","Early RT","No MS/MS assignment","Unknown","Tier 5: low priority"
"F4714_mz537.5361_rt9.12",-0.0999771597539276,19.880905281017,-0.676964141704001,0.528835368892281,0.719967365409752,-6.09556568891408,4714,9.124,537.53607,"Unknown","[M+H]+",NA,0.214,TRUE,"null","null","null","null",999,FALSE,FALSE,FALSE,"null","null","null","null","null",778.09,706723,8.17150825499063,24,"Exudate vs Soil","Soil","Not selected",3,3,3,3,TRUE,TRUE,TRUE,TRUE,"Leaf + Root + Exudate","RT >= 1 min","MS/MS available","Unknown","Tier 5: low priority"
"F1727_mz200.0923_rt1.07",0.690522518510584,11.3198954615335,0.67489203778499,0.530044320805537,0.720236694741641,-6.09705713736751,1727,1.074,200.09227,"Unknown","[M+H]+","ion correlated with 2388",0.071,FALSE,"null","null","null","null",999,FALSE,FALSE,FALSE,"null","null","null","null","null",100.8,3263.66666666667,179.867061466204,23,"Exudate vs Soil","Exudate","Not selected",3,2,3,3,TRUE,TRUE,TRUE,TRUE,"Leaf + Root + Exudate","RT >= 1 min","No MS/MS assignment","Unknown","Tier 5: low priority"
"F1271_mz168.1021_rt0.74",0.275912492222318,13.15773176546,0.67222491442038,0.531603173559768,0.721226838498128,-6.09897130708128,1271,0.742,168.1021,"Unknown","[M+H]+",NA,0.036,FALSE,"null","null","null","null",999,FALSE,FALSE,FALSE,"null","null","null","null","null",26.06,8299.33333333333,19.1304365286535,17,"Exudate vs Soil","Exudate","Not selected",0,0,3,3,FALSE,FALSE,TRUE,TRUE,"Exudate only","Early RT","No MS/MS assignment","Unknown","Tier 5: low priority"
"F1659_mz195.1133_rt1.11",0.11070541782092,17.4047788325846,0.671865067227664,0.531813729397609,0.721226838498128,-6.09922908637275,1659,1.111,195.11328,"Unknown","[M+H]+","ion correlated with 2149; ion correlated with 2775",0.321,TRUE,"null","null","null","null",999,FALSE,FALSE,FALSE,"null","null","null","null","null",85.4,169504.666666667,7.66585581209674,24,"Exudate vs Soil","Exudate","Not selected",3,3,3,3,TRUE,TRUE,TRUE,TRUE,"Leaf + Root + Exudate","RT >= 1 min","MS/MS available","Unknown","Tier 5: low priority"
"F2776_mz277.1286_rt1.51",-0.277907792582525,12.0546538382983,-0.669479725325344,0.533210872088957,0.722414729926974,-6.10093495616185,2776,1.513,277.12857,"Unknown","[M+H]+","ion correlated with 3074",0.036,TRUE,"null","null","null","null",999,FALSE,FALSE,FALSE,"null","null","null","null","null",48.19,4362.66666666667,53.548315636697,24,"Exudate vs Soil","Soil","Not selected",3,3,3,3,TRUE,TRUE,TRUE,TRUE,"Leaf + Root + Exudate","RT >= 1 min","MS/MS available","Unknown","Tier 5: low priority"
"F406_mz108.0446_rt0.49",0.105428207246018,15.3373435179361,0.667706582724568,0.534251032707254,0.723117120441654,-6.10219975730061,406,0.488,108.04455,"Unknown","[M+H]+","ion correlated with 669; found in higher mz's MsMs_669; similar chromatogram in higher mz_2889",0.429,TRUE,"null","null","null","null",999,FALSE,FALSE,FALSE,"null","null","null","null","null",216.98,72411.3333333333,69.0730538536253,21,"Exudate vs Soil","Exudate","Not selected",0,3,3,3,FALSE,TRUE,TRUE,TRUE,"Root + Exudate","Very early RT","MS/MS available","Unknown","Tier 5: low priority"
"F1372_mz175.0455_rt0.39",-0.33277620847423,17.9684199886515,-0.66466197388176,0.53604023038212,0.724272386256639,-6.10436501815744,1372,0.394,175.04552,"Unknown","[M+H]+","ion correlated with 497",0.393,FALSE,"null","null","null","null",999,FALSE,FALSE,FALSE,"null","null","null","null","null",55.31,1777.33333333333,263.831302717901,24,"Exudate vs Soil","Soil","Not selected",3,3,3,3,TRUE,TRUE,TRUE,TRUE,"Leaf + Root + Exudate","Very early RT","No MS/MS assignment","Unknown","Tier 5: low priority"
"F362_mz104.0707_rt0.55",0.109100483172953,16.0852627470049,0.664475933988937,0.536149688527642,0.724272386256639,-6.10449705944899,362,0.549,104.07069,"Unknown","[M+H]+",NA,0.036,FALSE,"null","null","null","null",999,FALSE,FALSE,FALSE,"null","null","null","null","null",72.61,50847,27.5598450283197,24,"Exudate vs Soil","Exudate","Not selected",3,3,3,3,TRUE,TRUE,TRUE,TRUE,"Leaf + Root + Exudate","Early RT","No MS/MS assignment","Unknown","Tier 5: low priority"
"F1538_mz187.0869_rt1.26",-0.309365530395677,12.8033101470193,-0.663345948071929,0.536814846140046,0.724464826436323,-6.10529840407609,1538,1.264,187.08687,"Unknown","[M+H]+","ion correlated with 2130; ion correlated with 1175",0.179,FALSE,"null","null","null","null",999,FALSE,FALSE,FALSE,"null","null","null","null","null",16.64,6633,30.0795899909557,24,"Exudate vs Soil","Soil","Not selected",3,3,3,3,TRUE,TRUE,TRUE,TRUE,"Leaf + Root + Exudate","RT >= 1 min","No MS/MS assignment","Unknown","Tier 5: low priority"
"F1233_mz166.0865_rt1.1",0.12575539748276,14.3386075713328,0.661342830332682,0.537995319384103,0.725351666017867,-6.10671615513461,1233,1.105,166.08655,"Unknown","[M+H]+","ion correlated with 764",0.357,TRUE,"null","null","null","null",999,FALSE,FALSE,FALSE,"null","null","null","null","null",699.68,25679.6666666667,332.069105163417,24,"Exudate vs Soil","Exudate","Not selected",3,3,3,3,TRUE,TRUE,TRUE,TRUE,"Leaf + Root + Exudate","RT >= 1 min","MS/MS available","Unknown","Tier 5: low priority"
"F1986_mz217.105_rt7.71",0.0939858502319143,14.4913275258898,0.646032272521507,0.547075072147322,0.73687662779027,-6.11743424918969,1986,7.709,217.10503,"Unknown","[M+H]+",NA,0.036,FALSE,"null","null","null","null",999,FALSE,FALSE,FALSE,"null","null","null","null","null",23.11,22488.6666666667,7.27760897597415,24,"Exudate vs Soil","Exudate","Not selected",3,3,3,3,TRUE,TRUE,TRUE,TRUE,"Leaf + Root + Exudate","RT >= 1 min","No MS/MS assignment","Unknown","Tier 5: low priority"
"F2844_mz282.9052_rt0.41",0.291040186665682,17.4268561508044,0.644682203899008,0.547880531914143,0.737245065274759,-6.1183692712022,2844,0.407,282.90521,"Unknown","[M+H]+",NA,0.321,FALSE,"null","null","null","null",999,FALSE,FALSE,FALSE,"null","null","null","null","null",83.36,11107,23.5400612171408,24,"Exudate vs Soil","Exudate","Not selected",3,3,3,3,TRUE,TRUE,TRUE,TRUE,"Leaf + Root + Exudate","Very early RT","No MS/MS assignment","Unknown","Tier 5: low priority"
"F180_mz86.0602_rt0.89",0.0903120822368105,16.5376663776833,0.642885498486891,0.548953664556857,0.737972627619596,-6.11961107385791,180,0.889,86.06018,"Unknown","[M+H]+","ion correlated with 2163; similar chromatogram in higher mz_3012; similar chromatogram in higher mz_2761; similar chromatogram in higher mz_491; similar chromatogram in higher mz_593; similar chromatogram in higher mz_762; similar chromatogram in higher mz_1358; similar chromatogram in higher mz_2105; similar chromatogram in higher mz_2734; similar chromatogram in higher mz_3015; similar chromatogram in higher mz_4040; similar chromatogram in higher mz_4305; similar chromatogram in higher mz_4894; found in higher mz's MsMs_2163",0.071,TRUE,"null","null","null","null",999,FALSE,FALSE,FALSE,"null","null","null","null","null",866.96,140515.666666667,46.1651785078876,24,"Exudate vs Soil","Exudate","Not selected",3,3,3,3,TRUE,TRUE,TRUE,TRUE,"Leaf + Root + Exudate","Early RT","MS/MS available","Unknown","Tier 5: low priority"
"F124_mz79.99_rt0.42",-0.286044755530143,15.0893644613264,-0.638865408433925,0.551359758633334,0.739772144690998,-6.12237902133346,124,0.416,79.98999,"Unknown","[M+H]+","similar chromatogram in higher mz_3366; similar chromatogram in higher mz_2238; similar chromatogram in higher mz_4582; similar chromatogram in higher mz_3384; similar chromatogram in higher mz_3529; similar chromatogram in higher mz_2261; similar chromatogram in higher mz_4156; similar chromatogram in higher mz_2440; similar chromatogram in higher mz_4259; similar chromatogram in higher mz_4667; similar chromatogram in higher mz_3558; similar chromatogram in higher mz_4169; similar chromatogram in higher mz_4423; similar chromatogram in higher mz_4589; similar chromatogram in higher mz_1275; similar chromatogram in higher mz_2148; similar chromatogram in higher mz_2628; similar chromatogram in higher mz_2735; similar chromatogram in higher mz_2844; similar chromatogram in higher mz_3166; similar chromatogram in higher mz_3696; similar chromatogram in higher mz_3764; similar chromatogram in higher mz_3854; similar chromatogram in higher mz_3946; similar chromatogram in higher mz_4046; similar chromatogram in higher mz_4340; similar chromatogram in higher mz_4526; similar chromatogram in higher mz_4672; similar chromatogram in higher mz_4707; similar chromatogram in higher mz_4787; similar chromatogram in higher mz_4795; similar chromatogram in higher mz_4957; similar chromatogram in higher mz_1860; similar chromatogram in higher mz_2823; similar chromatogram in higher mz_3829; similar chromatogram in higher mz_4424; similar chromatogram in higher mz_4493; similar chromatogram in higher mz_4689; similar chromatogram in higher mz_4701; similar chromatogram in higher mz_4911",0.036,FALSE,"null","null","null","null",999,FALSE,FALSE,FALSE,"null","null","null","null","null",82.77,0,169646,24,"Exudate vs Soil","Soil","Not selected",3,3,3,3,TRUE,TRUE,TRUE,TRUE,"Leaf + Root + Exudate","Very early RT","No MS/MS assignment","Unknown","Tier 5: low priority"
"F1539_mz187.087_rt1.16",0.249815780174485,13.6262797374231,0.639044446887976,0.551252454626108,0.739772144690998,-6.12225605921929,1539,1.155,187.08696,"Unknown","[M+H]+","ion correlated with 2235; ion correlated with 1980",0.071,FALSE,"null","null","null","null",999,FALSE,FALSE,FALSE,"null","null","null","null","null",25.28,14290,15.7930865579736,24,"Exudate vs Soil","Exudate","Not selected",3,3,3,3,TRUE,TRUE,TRUE,TRUE,"Leaf + Root + Exudate","RT >= 1 min","No MS/MS assignment","Unknown","Tier 5: low priority"
"F2268_mz239.1492_rt7.82",0.0909801357250553,13.963803525948,0.635373391754676,0.553455370589832,0.74186570951403,-6.12477150029051,2268,7.82,239.1492,"Unknown","[M+H]+",NA,0.071,FALSE,"null","null","null","null",999,FALSE,FALSE,FALSE,"null","null","null","null","null",11.87,17956.3333333333,6.99496955746956,24,"Exudate vs Soil","Exudate","Not selected",3,3,3,3,TRUE,TRUE,TRUE,TRUE,"Leaf + Root + Exudate","RT >= 1 min","No MS/MS assignment","Unknown","Tier 5: low priority"
"F2837_mz282.1456_rt1.22",0.193245859991992,14.0510484097829,0.633464130666849,0.554603335947767,0.742686206399619,-6.12607490904608,2837,1.221,282.14557,"Unknown","[M+H]+","ion correlated with 1980; ion correlated with 2147",0.071,FALSE,"null","null","null","null",999,FALSE,FALSE,FALSE,"null","null","null","null","null",35.19,20132,11.0346197784732,24,"Exudate vs Soil","Exudate","Not selected",3,3,3,3,TRUE,TRUE,TRUE,TRUE,"Leaf + Root + Exudate","RT >= 1 min","No MS/MS assignment","Unknown","Tier 5: low priority"
"F3227_mz310.1765_rt0.8",0.245138123566492,14.0203379451573,0.630882099599327,0.556158269441825,0.742727415585804,-6.12783232889922,3227,0.799,310.17648,"Unknown","[M+H]+","ion correlated with 2962; ion correlated with 4683; ion correlated with 2192",0.143,FALSE,"null","null","null","null",999,FALSE,FALSE,FALSE,"null","null","null","null","null",157.97,29614.3333333333,64.1305967629381,18,"Exudate vs Soil","Exudate","Not selected",0,0,3,3,FALSE,FALSE,TRUE,TRUE,"Exudate only","Early RT","No MS/MS assignment","Unknown","Tier 5: low priority"
"F523_mz116.1072_rt1.14",0.0927125143202842,14.3844344675794,0.630743618861829,0.556241744140018,0.742727415585804,-6.12792641216256,523,1.143,116.10721,"Unknown","[M+H]+","ion correlated with 2587; ion correlated with 2253; ion correlated with 1306; ion correlated with 2418; ion correlated with 1519; similar chromatogram in higher mz_2418",0.143,TRUE,"null","null","null","null",999,FALSE,FALSE,FALSE,"null","null","null","null","null",27.44,28338.3333333333,60.8989978592769,24,"Exudate vs Soil","Exudate","Not selected",3,3,3,3,TRUE,TRUE,TRUE,TRUE,"Leaf + Root + Exudate","RT >= 1 min","MS/MS available","Unknown","Tier 5: low priority"
"F2155_mz229.1552_rt0.98",0.0842427194351661,15.0440985663565,0.630858743539787,0.55617234765425,0.742727415585804,-6.12784819813841,2155,0.978,229.1552,"Unknown","[M+2H]2+","ion correlated with 1554; similar chromatogram in higher mz_2546; similar chromatogram in higher mz_2639; similar chromatogram in higher mz_2754; similar chromatogram in higher mz_4607; similar chromatogram in higher mz_4626; similar chromatogram in higher mz_2460",0.393,TRUE,"null","null","null","null",999,FALSE,FALSE,FALSE,"null","null","null","null","null",4529.72,29205.3333333333,1582.38928771157,24,"Exudate vs Soil","Exudate","Not selected",3,3,3,3,TRUE,TRUE,TRUE,TRUE,"Leaf + Root + Exudate","Early RT","MS/MS available","Unknown","Tier 5: low priority"
"F1657_mz195.0866_rt0.46",-0.280641239935017,12.8646570332212,-0.62883010561502,0.557396019728875,0.742837387830982,-6.12922465558901,1657,0.456,195.08656,"Unknown","[M+H]+","ion correlated with 2965; ion correlated with 2415; ion correlated with 1621; ion correlated with 1901; ion correlated with 1879; ion correlated with 1977; ion correlated with 1942; ion correlated with 3203; ion correlated with 2771; similar chromatogram in higher mz_3242",0.5,TRUE,"null","null","null","null",999,FALSE,FALSE,FALSE,"null","null","null","null","null",193.85,3881,1658.60664605873,24,"Exudate vs Soil","Soil","Not selected",3,3,3,3,TRUE,TRUE,TRUE,TRUE,"Leaf + Root + Exudate","Very early RT","MS/MS available","Unknown","Tier 5: low priority"
"F487_mz114.0551_rt0.75",-0.0780915832136,15.6542530688862,-0.62921312102586,0.557164852017869,0.742837387830982,-6.12896506204046,487,0.752,114.05506,"Unknown","[M+H]+","ion correlated with 1537",0.036,FALSE,"null","null","null","null",999,FALSE,FALSE,FALSE,"null","null","null","null","null",23.18,69725,5.21862719788888,23,"Exudate vs Soil","Soil","Not selected",3,2,3,3,TRUE,TRUE,TRUE,TRUE,"Leaf + Root + Exudate","Early RT","No MS/MS assignment","Unknown","Tier 5: low priority"
"F122_mz79.3637_rt0.64",-0.78461274797382,15.310763859181,-0.626871482246999,0.558579109301556,0.743698987023973,-6.13055004371885,122,0.645,79.36369,"Unknown","[M+H]+","ion correlated with 101",0.429,FALSE,"null","null","null","null",999,FALSE,FALSE,FALSE,"null","null","null","null","null",403.53,7179.33333333333,155.345573557402,24,"Exudate vs Soil","Soil","Not selected",3,3,3,3,TRUE,TRUE,TRUE,TRUE,"Leaf + Root + Exudate","Early RT","No MS/MS assignment","Unknown","Tier 5: low priority"
"F428_mz110.0201_rt0.09",-0.44348945035622,17.0048101002155,-0.622032638901246,0.561508907674868,0.746166199460563,-6.13380941566819,428,0.093,110.02011,"Unknown","[M+H]+",NA,0.071,TRUE,"null","null","null","null",999,FALSE,FALSE,FALSE,"null","null","null","null","null",8.95,114545.666666667,7.38038936095914,24,"Exudate vs Soil","Soil","Not selected",3,3,3,3,TRUE,TRUE,TRUE,TRUE,"Leaf + Root + Exudate","Very early RT","MS/MS available","Unknown","Tier 5: low priority"
"F5157_mz794.5785_rt8.33",0.194981862540843,13.5795384820357,0.622597763534188,0.561166230229705,0.746166199460563,-6.13342986257885,5157,8.331,794.57849,"Unknown","[M+H]+","ion correlated with 5166",0.143,TRUE,"null","null","null","null",999,FALSE,FALSE,FALSE,"null","null","null","null","null",71.09,21905.3333333333,46.927159573335,24,"Exudate vs Soil","Exudate","Not selected",3,3,3,3,TRUE,TRUE,TRUE,TRUE,"Leaf + Root + Exudate","RT >= 1 min","MS/MS available","Unknown","Tier 5: low priority"
"F1388_mz176.0919_rt0.91",-0.308890538802261,13.7043521492889,-0.620260677991541,0.56258425130978,0.746879092256088,-6.13499761262856,1388,0.91,176.09192,"Unknown","[M+H]+",NA,0.036,FALSE,"null","null","null","null",999,FALSE,FALSE,FALSE,"null","null","null","null","null",88.99,10936.3333333333,38.0869803730343,21,"Exudate vs Soil","Soil","Not selected",3,0,3,3,TRUE,FALSE,TRUE,TRUE,"Leaf + Exudate","Early RT","No MS/MS assignment","Unknown","Tier 5: low priority"
"F175_mz85.0285_rt0.47",-0.0767419163345644,16.4275242556171,-0.617099326810152,0.564506044813762,0.748713280489831,-6.13711030559264,175,0.474,85.0285,"Unknown","[M+H]+","ion correlated with 950; found in higher mz's MsMs_3782; found in higher mz's MsMs_1698; found in higher mz's MsMs_2771; found in higher mz's MsMs_1621; found in higher mz's MsMs_2814; found in higher mz's MsMs_1438; found in higher mz's MsMs_3407; found in higher mz's MsMs_3408; similar chromatogram in higher mz_709; similar chromatogram in higher mz_4326; found in higher mz's MsMs_4326; found in higher mz's MsMs_1901; found in higher mz's MsMs_1004; found in higher mz's MsMs_950; found in higher mz's MsMs_2572; similar chromatogram in higher mz_4221; similar chromatogram in higher mz_1162; similar chromatogram in higher mz_2290",0.643,TRUE,"null","null","null","null",999,FALSE,FALSE,FALSE,"null","null","null","null","null",62.44,135219,31.8438470640438,24,"Exudate vs Soil","Soil","Not selected",3,3,3,3,TRUE,TRUE,TRUE,TRUE,"Leaf + Root + Exudate","Very early RT","MS/MS available","Unknown","Tier 5: low priority"
"F1882_mz210.113_rt1.02",-0.507561477641951,11.544888097046,-0.615092889698774,0.565727937302997,0.749043148207428,-6.13844641044014,1882,1.019,210.11295,"Unknown","[M+H]+","ion correlated with 1043; similar chromatogram in higher mz_3144; similar chromatogram in higher mz_4033",0.429,TRUE,"null","null","null","null",999,FALSE,FALSE,FALSE,"null","null","null","null","null",248.9,5414.33333333333,552.416040871599,21,"Exudate vs Soil","Soil","Not selected",1,2,3,3,FALSE,TRUE,TRUE,TRUE,"Root + Exudate","RT >= 1 min","MS/MS available","Unknown","Tier 5: low priority"
"F1837_mz207.1383_rt1.06",0.354178544276231,11.6747527137486,0.614827198780627,0.565889865826907,0.749043148207428,-6.13862305818708,1837,1.061,207.13832,"Unknown","[M+H]+","ion correlated with 4658; ion correlated with 4649; ion correlated with 819; ion correlated with 3463; ion correlated with 4722; ion correlated with 4603; ion correlated with 3971; similar chromatogram in higher mz_3349",0.107,TRUE,"null","null","null","null",999,FALSE,FALSE,FALSE,"null","null","null","null","null",362.2,3784,1076.80184940555,22,"Exudate vs Soil","Exudate","Not selected",3,3,3,3,TRUE,TRUE,TRUE,TRUE,"Leaf + Root + Exudate","RT >= 1 min","MS/MS available","Unknown","Tier 5: low priority"
"F707_mz129.0548_rt1.29",-0.127230797274048,14.2895152970554,-0.614029746515358,0.566376060116439,0.749043148207428,-6.13915286264905,707,1.295,129.05484,"Unknown","[M+H]+",NA,0.107,FALSE,"null","null","null","null",999,FALSE,FALSE,FALSE,"null","null","null","null","null",50.46,32618.6666666667,10.6960320461072,24,"Exudate vs Soil","Soil","Not selected",3,3,3,3,TRUE,TRUE,TRUE,TRUE,"Leaf + Root + Exudate","RT >= 1 min","No MS/MS assignment","Unknown","Tier 5: low priority"
"F2559_mz261.1449_rt0.89",-0.0999016120965801,13.0620157339972,-0.608947527282491,0.569480854647762,0.752431329401142,-6.14251553748003,2559,0.893,261.14493,"Unknown","[M+H]+","ion correlated with 1785; ion correlated with 1569",0.357,TRUE,"null","null","null","null",999,FALSE,FALSE,FALSE,"null","null","null","null","null",1210.57,5147.66666666667,1017.10255082222,20,"Exudate vs Soil","Soil","Not selected",1,1,3,3,FALSE,FALSE,TRUE,TRUE,"Exudate only","Early RT","MS/MS available","Unknown","Tier 5: low priority"
"F1180_mz162.9738_rt0.55",0.772170454871341,15.3537655982017,0.603352119442022,0.572911612909905,0.753596901452737,-6.14619008217039,1180,0.547,162.97377,"Unknown","[M+H]+",NA,0.143,FALSE,"null","null","null","null",999,FALSE,FALSE,FALSE,"null","null","null","null","null",45.18,47416.3333333333,8.74652728959874,24,"Exudate vs Soil","Exudate","Not selected",3,3,3,3,TRUE,TRUE,TRUE,TRUE,"Leaf + Root + Exudate","Early RT","No MS/MS assignment","Unknown","Tier 5: low priority"
"F1344_mz173.0924_rt0.48",-0.441021789275502,14.7259941794447,-0.600422943471186,0.574712788481633,0.753596901452737,-6.14810208360998,1344,0.484,173.09244,"Unknown","[M+H]+","ion correlated with 1809; ion correlated with 2326",0.429,FALSE,"null","null","null","null",999,FALSE,FALSE,FALSE,"null","null","null","null","null",48.51,1002.33333333333,833.551495016611,20,"Exudate vs Soil","Soil","Not selected",2,0,3,3,TRUE,FALSE,TRUE,TRUE,"Leaf + Exudate","Very early RT","No MS/MS assignment","Unknown","Tier 5: low priority"
"F1415_mz178.0865_rt1.13",0.417565835385398,11.300938963058,0.604639957154085,0.572120837080636,0.753596901452737,-6.14534692637844,1415,1.13,178.08652,"Unknown","[M+H]+","similar chromatogram in higher mz_2723",0.107,TRUE,"null","null","null","null",999,FALSE,FALSE,FALSE,"null","null","null","null","null",44.95,0,450099,21,"Exudate vs Soil","Exudate","Not selected",2,1,3,3,TRUE,FALSE,TRUE,TRUE,"Leaf + Exudate","RT >= 1 min","MS/MS available","Unknown","Tier 5: low priority"
"F1444_mz180.1022_rt1.23",-0.250511964453171,12.6377912213627,-0.600617961849261,0.574592759490327,0.753596901452737,-6.14797503499839,1444,1.225,180.10219,"Unknown","[M+H]+",NA,0.429,TRUE,"null","null","null","null",999,FALSE,FALSE,FALSE,"null","null","null","null","null",1652.71,4287,2998.70289179104,24,"Exudate vs Soil","Soil","Not selected",3,3,3,3,TRUE,TRUE,TRUE,TRUE,"Leaf + Root + Exudate","RT >= 1 min","MS/MS available","Unknown","Tier 5: low priority"
"F2930_mz288.2174_rt1.25",0.180027067404244,12.5670926789323,0.604740897799118,0.572058885231524,0.753596901452737,-6.14528077469936,2930,1.251,288.21744,"Unknown","[M+H]+","ion correlated with 2809",0.036,FALSE,"null","null","null","null",999,FALSE,FALSE,FALSE,"null","null","null","null","null",149.48,4498,33.2940653478551,16,"Exudate vs Soil","Exudate","Not selected",1,1,3,3,FALSE,FALSE,TRUE,TRUE,"Exudate only","RT >= 1 min","No MS/MS assignment","Unknown","Tier 5: low priority"
"F1835_mz207.1133_rt0.93",0.126528125379003,14.2215416386004,0.603684549461951,0.572707423710458,0.753596901452737,-6.14597258576359,1835,0.934,207.11328,"Unknown","[M+H]+",NA,0.107,FALSE,"null","null","null","null",999,FALSE,FALSE,FALSE,"null","null","null","null","null",48.37,29498,8.53259432523136,22,"Exudate vs Soil","Exudate","Not selected",1,3,3,3,FALSE,TRUE,TRUE,TRUE,"Root + Exudate","Early RT","No MS/MS assignment","Unknown","Tier 5: low priority"
"F1559_mz188.1284_rt0.93",0.123886275810719,13.4984337040883,0.601913862198641,0.573795565136259,0.753596901452737,-6.14712989438824,1559,0.93,188.12845,"Unknown","[M+H]+","similar chromatogram in higher mz_2146; similar chromatogram in higher mz_2216; similar chromatogram in higher mz_1585; similar chromatogram in higher mz_2595",0.536,TRUE,"null","null","null","null",999,FALSE,FALSE,FALSE,"null","null","null","null","null",289.65,14745.6666666667,143.315574141049,21,"Exudate vs Soil","Exudate","Not selected",3,0,3,3,TRUE,FALSE,TRUE,TRUE,"Leaf + Exudate","Early RT","MS/MS available","Unknown","Tier 5: low priority"
"F1431_mz179.1432_rt1.2",-0.109310247336504,13.8390424517098,-0.602962513032839,0.573150980069148,0.753596901452737,-6.14644485604824,1431,1.202,179.14319,"Unknown","[M+H]+","ion correlated with 955; ion correlated with 4038; ion correlated with 1625; ion correlated with 4061; ion correlated with 4076; ion correlated with 1665; ion correlated with 1470; ion correlated with 4039",0.036,FALSE,"null","null","null","null",999,FALSE,FALSE,FALSE,"null","null","null","null","null",42.6,14708.6666666667,21.4507240136871,24,"Exudate vs Soil","Soil","Not selected",3,3,3,3,TRUE,TRUE,TRUE,TRUE,"Leaf + Root + Exudate","RT >= 1 min","No MS/MS assignment","Unknown","Tier 5: low priority"
"F4086_mz393.2866_rt2.14",0.292549691418732,11.4967754997037,0.596119385624094,0.577365526899668,0.756359754520737,-6.15089668621944,4086,2.14,393.28659,"Unknown","[M+H]+",NA,0.286,TRUE,"null","null","null","null",999,FALSE,FALSE,FALSE,"null","null","null","null","null",15392.28,4792.66666666667,9686.1029831027,22,"Exudate vs Soil","Exudate","Not selected",1,3,3,3,FALSE,TRUE,TRUE,TRUE,"Root + Exudate","RT >= 1 min","MS/MS available","Unknown","Tier 5: low priority"
"F2181_mz231.1133_rt1.06",-0.28257737969117,12.1215751208007,-0.589322582340952,0.581570678209616,0.761149159583123,-6.15527501649174,2181,1.061,231.11334,"Unknown","[M+H]+","ion correlated with 966; ion correlated with 1981; ion correlated with 1691",0.107,TRUE,"null","null","null","null",999,FALSE,FALSE,FALSE,"null","null","null","null","null",299.08,1353.33333333333,2093.84125030765,24,"Exudate vs Soil","Soil","Not selected",3,3,3,3,TRUE,TRUE,TRUE,TRUE,"Leaf + Root + Exudate","RT >= 1 min","MS/MS available","Unknown","Tier 5: low priority"
"F2622_mz267.1598_rt1.23",0.107672517952046,15.1943625005983,0.586238338270688,0.583485148273763,0.762934354252297,-6.15724749603347,2622,1.23,267.15976,"Unknown","[M+H]+","similar chromatogram in higher mz_4402",0.071,TRUE,"null","null","null","null",999,FALSE,FALSE,FALSE,"null","null","null","null","null",72.91,36500,12.86099010986,24,"Exudate vs Soil","Exudate","Not selected",3,3,3,3,TRUE,TRUE,TRUE,TRUE,"Leaf + Root + Exudate","RT >= 1 min","MS/MS available","Unknown","Tier 5: low priority"
"F1269_mz168.0659_rt0.67",-0.588172212482407,13.090497463076,-0.581410581109529,0.586489679612607,0.763516600159368,-6.16031700801481,1269,0.666,168.06586,"Unknown","[M+H]+",NA,0.071,FALSE,"null","null","null","null",999,FALSE,FALSE,FALSE,"null","null","null","null","null",61.97,12389.6666666667,54.4355697837082,21,"Exudate vs Soil","Soil","Not selected",3,1,3,3,TRUE,FALSE,TRUE,TRUE,"Leaf + Exudate","Early RT","No MS/MS assignment","Unknown","Tier 5: low priority"
"F1110_mz157.0353_rt0.6",-0.288734124054198,22.1702379289985,-0.581465310057536,0.586455565969669,0.763516600159368,-6.16028233443532,1110,0.597,157.03526,"Unknown","[M+H]+","ion correlated with 1109",0.143,TRUE,"null","null","null","null",999,FALSE,FALSE,FALSE,"null","null","null","null","null",730.66,306835,347.714951961308,24,"Exudate vs Soil","Soil","Not selected",3,3,3,3,TRUE,TRUE,TRUE,TRUE,"Leaf + Root + Exudate","Early RT","MS/MS available","Unknown","Tier 5: low priority"
"F2310_mz242.926_rt0.42",-0.172398370031708,18.4620368767934,-0.584475180556122,0.584581336559687,0.763516600159368,-6.15837107025856,2310,0.415,242.92603,"Unknown","[M+H]+","ion correlated with 228; ion correlated with 1999",0.464,TRUE,"null","null","null","null",999,FALSE,FALSE,FALSE,"null","null","null","null","null",321.4,0,3286193,21,"Exudate vs Soil","Soil","Not selected",0,3,3,3,FALSE,TRUE,TRUE,TRUE,"Root + Exudate","Very early RT","MS/MS available","Unknown","Tier 5: low priority"
"F1306_mz171.0655_rt1.1",0.160318560707632,14.4803903533043,0.581097531002257,0.586684833455792,0.763516600159368,-6.16051528678527,1306,1.1,171.06552,"Unknown","[M+H]+","ion correlated with 885",0.107,TRUE,"null","null","null","null",999,FALSE,FALSE,FALSE,"null","null","null","null","null",608.99,26035.6666666667,660.638368966842,24,"Exudate vs Soil","Exudate","Not selected",3,3,3,3,TRUE,TRUE,TRUE,TRUE,"Leaf + Root + Exudate","RT >= 1 min","MS/MS available","Unknown","Tier 5: low priority"
"F2232_mz236.1049_rt0.75",0.0752667227802749,14.6131294404731,0.581179163929805,0.586633940052251,0.763516600159368,-6.16046359129067,2232,0.748,236.1049,"Unknown","[M+H]+",NA,0.286,TRUE,"null","null","null","null",999,FALSE,FALSE,FALSE,"null","null","null","null","null",482.26,48386,179.56670180007,22,"Exudate vs Soil","Exudate","Not selected",3,2,3,3,TRUE,TRUE,TRUE,TRUE,"Leaf + Root + Exudate","Early RT","MS/MS available","Unknown","Tier 5: low priority"
"F1088_mz155.1068_rt1.02",-0.126212066605453,14.9413097143822,-0.574950609839099,0.590524875487719,0.767793130793601,-6.16438980171185,1088,1.025,155.10681,"Unknown","[M+H]+","ion correlated with 1714; ion correlated with 3311",0.107,TRUE,"null","null","null","null",999,FALSE,FALSE,FALSE,"null","null","null","null","null",353.56,38314.6666666667,140.105796584513,22,"Exudate vs Soil","Soil","Not selected",3,3,3,3,TRUE,TRUE,TRUE,TRUE,"Leaf + Root + Exudate","RT >= 1 min","MS/MS available","Unknown","Tier 5: low priority"
"F1268_mz168.0656_rt0.76",0.126487321116817,13.467977782803,0.573953198402644,0.591149415560515,0.767884807841493,-6.16501510762608,1268,0.758,168.06564,"Unknown","[M+H]+","ion correlated with 2509; ion correlated with 1540; ion correlated with 667; ion correlated with 2962; ion correlated with 671; ion correlated with 2341; ion correlated with 1914; ion correlated with 2165",0.179,FALSE,"null","null","null","null",999,FALSE,FALSE,FALSE,"null","null","null","null","null",125.3,15154,74.108545034642,20,"Exudate vs Soil","Exudate","Not selected",2,0,3,3,TRUE,FALSE,TRUE,TRUE,"Leaf + Exudate","Early RT","No MS/MS assignment","Unknown","Tier 5: low priority"
"F1811_mz205.0976_rt1.16",-0.409276722702935,12.9492600602841,-0.571798473491882,0.592499995935927,0.768199246367815,-6.16636273745721,1811,1.157,205.0976,"Unknown","[M+H]+","ion correlated with 2190; ion correlated with 2499; ion correlated with 807; ion correlated with 1555; ion correlated with 2858",0.143,TRUE,"null","null","null","null",999,FALSE,FALSE,FALSE,"null","null","null","null","null",153.09,15204.6666666667,55.6343249227262,24,"Exudate vs Soil","Soil","Not selected",3,3,3,3,TRUE,TRUE,TRUE,TRUE,"Leaf + Root + Exudate","RT >= 1 min","MS/MS available","Unknown","Tier 5: low priority"
"F2868_mz285.1354_rt0.96",-0.196782834385953,14.0534155945192,-0.571951140414671,0.592404242534459,0.768199246367815,-6.16626740038777,2868,0.961,285.13544,"Unknown","[M+H]+","ion correlated with 1692; ion correlated with 855; ion correlated with 1308; ion correlated with 2828",0.321,FALSE,"null","null","null","null",999,FALSE,FALSE,FALSE,"null","null","null","null","null",46.39,20503.3333333333,23.9558629883114,24,"Exudate vs Soil","Soil","Not selected",3,3,3,3,TRUE,TRUE,TRUE,TRUE,"Leaf + Root + Exudate","Early RT","No MS/MS assignment","Unknown","Tier 5: low priority"
"F1299_mz170.0814_rt0.5",-0.155556893111193,13.8901822024544,-0.565477322278813,0.596472912528117,0.772627529685953,-6.17029064599437,1299,0.495,170.08141,"Unknown","[M+H]+",NA,0.107,FALSE,"null","null","null","null",999,FALSE,FALSE,FALSE,"null","null","null","null","null",100.34,17276.6666666667,44.6435861323867,22,"Exudate vs Soil","Soil","Not selected",3,1,3,3,TRUE,FALSE,TRUE,TRUE,"Leaf + Exudate","Very early RT","No MS/MS assignment","Unknown","Tier 5: low priority"
"F4403_mz446.2543_rt2.39",-0.517561495250881,14.327374622513,-0.559190215474659,0.600440372970671,0.776315631471408,-6.1741594967358,4403,2.39,446.2543,"Unknown","[M+H]+","ion correlated with 4329; ion correlated with 4230",0.071,FALSE,"null","null","null","null",999,FALSE,FALSE,FALSE,"null","null","null","null","null",1070.08,0,233101,23,"Exudate vs Soil","Soil","Not selected",3,2,3,3,TRUE,TRUE,TRUE,TRUE,"Leaf + Root + Exudate","RT >= 1 min","No MS/MS assignment","Unknown","Tier 5: low priority"
"F4808_mz582.5939_rt9.11",-0.180242422682645,17.867207005764,-0.55975116434118,0.60008574425553,0.776315631471408,-6.1738158499243,4808,9.109,582.59387,"Unknown","[M+H]+",NA,0.286,TRUE,"null","null","null","null",999,FALSE,FALSE,FALSE,"null","null","null","null","null",6495.25,209211,5.9675974609487,23,"Exudate vs Soil","Soil","Not selected",3,2,3,3,TRUE,TRUE,TRUE,TRUE,"Leaf + Root + Exudate","RT >= 1 min","MS/MS available","Unknown","Tier 5: low priority"
"F5122_mz766.5466_rt9.46",0.24157918271893,11.687301163312,0.555661267176541,0.602674237115507,0.778477625947897,-6.17631445420013,5122,9.456,766.54657,"Unknown","[M+H]+","ion correlated with 5128; ion correlated with 5162",0.107,TRUE,"null","null","null","null",999,FALSE,FALSE,FALSE,"null","null","null","null","null",55.41,4018.66666666667,54.0092047433452,24,"Exudate vs Soil","Exudate","Not selected",3,3,3,3,TRUE,TRUE,TRUE,TRUE,"Leaf + Root + Exudate","RT >= 1 min","MS/MS available","Unknown","Tier 5: low priority"
"F1137_mz159.0311_rt0.6",-0.270734785090785,18.452191384549,-0.553234847014487,0.604213068858333,0.779738653107681,-6.1777891963195,1137,0.597,159.03111,"Unknown","[M+H]+","ion correlated with 1136",0.143,TRUE,"null","null","null","null",999,FALSE,FALSE,FALSE,"null","null","null","null","null",71.48,26082.6666666667,332.652617857919,24,"Exudate vs Soil","Soil","Not selected",3,3,3,3,TRUE,TRUE,TRUE,TRUE,"Leaf + Root + Exudate","Early RT","MS/MS available","Unknown","Tier 5: low priority"
"F1638_mz193.9829_rt0.43",-0.257085512830039,15.9568894077571,-0.550558607861182,0.605913049904063,0.781205104341424,-6.17940918909346,1638,0.428,193.98294,"Unknown","[M+H]+","ion correlated with 710; ion correlated with 4897",0.214,FALSE,"null","null","null","null",999,FALSE,FALSE,FALSE,"null","null","null","null","null",65.77,5024,84.6461691542289,23,"Exudate vs Soil","Soil","Not selected",2,3,3,3,TRUE,TRUE,TRUE,TRUE,"Leaf + Root + Exudate","Very early RT","No MS/MS assignment","Unknown","Tier 5: low priority"
"F2633_mz268.1046_rt1.06",-0.28831779117936,12.139206612582,-0.548071095399495,0.607495696348184,0.78251769064924,-6.18090873580045,2633,1.062,268.10458,"Unknown","[M+H]+","ion correlated with 61; ion correlated with 3613; ion correlated with 761; ion correlated with 3432; ion correlated with 1392; ion correlated with 3479; ion correlated with 4022; ion correlated with 3786; ion correlated with 3587; ion correlated with 3129; ion correlated with 3160; ion correlated with 2526; ion correlated with 3603; ion correlated with 3335; ion correlated with 3569",0.036,FALSE,"null","null","null","null",999,FALSE,FALSE,FALSE,"null","null","null","null","null",72.09,6312,120.881355932203,24,"Exudate vs Soil","Soil","Not selected",3,3,3,3,TRUE,TRUE,TRUE,TRUE,"Leaf + Root + Exudate","RT >= 1 min","No MS/MS assignment","Unknown","Tier 5: low priority"
"F2611_mz266.928_rt0.41",-0.160163833894807,17.1317525130069,-0.542487287751156,0.611057223968375,0.786374477641753,-6.18425299647403,2611,0.406,266.92801,"Unknown","[M+H]+",NA,0.393,FALSE,"null","null","null","null",999,FALSE,FALSE,FALSE,"null","null","null","null","null",53.71,0,199566,24,"Exudate vs Soil","Soil","Not selected",3,3,3,3,TRUE,TRUE,TRUE,TRUE,"Leaf + Root + Exudate","Very early RT","No MS/MS assignment","Unknown","Tier 5: low priority"
"F2189_mz232.1181_rt0.93",-0.249777897823101,12.3574784130468,-0.53787913121514,0.614005691002758,0.789435888432118,-6.18699011012209,2189,0.931,232.11809,"Unknown","[M+H]+",NA,0.107,FALSE,"null","null","null","null",999,FALSE,FALSE,FALSE,"null","null","null","null","null",45.17,3736.33333333333,55.0138244737781,18,"Exudate vs Soil","Soil","Not selected",3,1,3,3,TRUE,FALSE,TRUE,TRUE,"Leaf + Exudate","Early RT","No MS/MS assignment","Unknown","Tier 5: low priority"
"F1089_mz155.1547_rt1.04",-0.805214698701719,12.7130234363243,-0.528306384746248,0.620157210528433,0.791543899773837,-6.19260983164005,1089,1.04,155.15471,"Unknown","[M+H]+",NA,0.036,FALSE,"null","null","null","null",999,FALSE,FALSE,FALSE,"null","null","null","null","null",29.23,502.666666666667,255.21244209133,17,"Exudate vs Soil","Soil","Not selected",1,1,3,3,FALSE,FALSE,TRUE,TRUE,"Exudate only","RT >= 1 min","No MS/MS assignment","Unknown","Tier 5: low priority"
"F3861_mz367.212_rt1.36",0.392137030042452,11.0357099916422,0.528972674349479,0.619727893704195,0.791543899773837,-6.19222158679206,3861,1.359,367.21198,"Unknown","[M+H]+",NA,0.036,FALSE,"null","null","null","null",999,FALSE,FALSE,FALSE,"null","null","null","null","null",106.48,2368,77.2059940903335,21,"Exudate vs Soil","Exudate","Not selected",3,1,3,3,TRUE,FALSE,TRUE,TRUE,"Leaf + Exudate","RT >= 1 min","No MS/MS assignment","Unknown","Tier 5: low priority"
"F5137_mz780.5517_rt8.71",-0.34754831962484,11.7519897512503,-0.530445646020419,0.618779410795838,0.791543899773837,-6.19136174670138,5137,8.71,780.5517,"Unknown","[M+H]+","ion correlated with 5115; ion correlated with 5148",0.071,TRUE,"null","null","null","null",999,FALSE,FALSE,FALSE,"null","null","null","null","null",66.41,1640.66666666667,170.383553299492,23,"Exudate vs Soil","Soil","Not selected",2,3,3,3,TRUE,TRUE,TRUE,TRUE,"Leaf + Root + Exudate","RT >= 1 min","MS/MS available","Unknown","Tier 5: low priority"
"F1860_mz208.8843_rt0.42",0.266939984662134,14.6279711607321,0.530620019158293,0.618667183378822,0.791543899773837,-6.19125981653134,1860,0.418,208.88429,"Unknown","[M+H]+","ion correlated with 3384; ion correlated with 4156; ion correlated with 2989; ion correlated with 2200; ion correlated with 1822; ion correlated with 2220; similar chromatogram in higher mz_4623; similar chromatogram in higher mz_4824",0.321,FALSE,"null","null","null","null",999,FALSE,FALSE,FALSE,"null","null","null","null","null",197.46,0,856413,24,"Exudate vs Soil","Exudate","Not selected",3,3,3,3,TRUE,TRUE,TRUE,TRUE,"Leaf + Root + Exudate","Very early RT","No MS/MS assignment","Unknown","Tier 5: low priority"
"F2149_mz229.0977_rt1.05",-0.251945731407454,15.9401933314325,-0.526446914912579,0.621356250327514,0.791543899773837,-6.19369103532646,2149,1.052,229.09773,"Unknown","[M+H]+","ion correlated with 1659",0.357,TRUE,"null","null","null","null",999,FALSE,FALSE,FALSE,"null","null","null","null","null",176.65,39738.3333333333,48.185030783942,23,"Exudate vs Soil","Soil","Not selected",2,3,3,3,TRUE,TRUE,TRUE,TRUE,"Leaf + Root + Exudate","RT >= 1 min","MS/MS available","Unknown","Tier 5: low priority"
"F2692_mz272.9531_rt0.41",0.205350572542456,16.5039694579456,0.526851574132831,0.62109520045694,0.791543899773837,-6.19345603184163,2692,0.405,272.95309,"Unknown","[M+H]+","ion correlated with 470; ion correlated with 275; ion correlated with 1473; ion correlated with 2220",0.714,FALSE,"null","null","null","null",999,FALSE,FALSE,FALSE,"null","null","null","null","null",152.47,0,2382008,24,"Exudate vs Soil","Exudate","Not selected",3,3,3,3,TRUE,TRUE,TRUE,TRUE,"Leaf + Root + Exudate","Very early RT","No MS/MS assignment","Unknown","Tier 5: low priority"
"F3854_mz366.865_rt0.41",0.189645293609751,17.550922790775,0.532800991407573,0.61726449736795,0.791543899773837,-6.18998241087376,3854,0.411,366.86505,"Unknown","[M+H]+",NA,0.357,FALSE,"null","null","null","null",999,FALSE,FALSE,FALSE,"null","null","null","null","null",1820.45,0,269870,24,"Exudate vs Soil","Exudate","Not selected",3,3,3,3,TRUE,TRUE,TRUE,TRUE,"Leaf + Root + Exudate","Very early RT","No MS/MS assignment","Unknown","Tier 5: low priority"
"F837_mz138.0553_rt0.98",0.113672371565962,14.4945409554305,0.52901674980925,0.619699500206529,0.791543899773837,-6.19219588881306,837,0.983,138.05528,"Unknown","[M+H]+",NA,0.321,TRUE,"null","null","null","null",999,FALSE,FALSE,FALSE,"null","null","null","null","null",464.17,30179,123.736348575215,24,"Exudate vs Soil","Exudate","Not selected",3,3,3,3,TRUE,TRUE,TRUE,TRUE,"Leaf + Root + Exudate","Early RT","MS/MS available","Unknown","Tier 5: low priority"
"F437_mz110.0602_rt0.69",0.0942880858295741,16.3668758799581,0.528564670012576,0.619990766659057,0.791543899773837,-6.1924593812932,437,0.694,110.06021,"Unknown","[M+H]+","similar chromatogram in higher mz_622; similar chromatogram in higher mz_775; similar chromatogram in higher mz_790; similar chromatogram in higher mz_1031; similar chromatogram in higher mz_2454; similar chromatogram in higher mz_2886; similar chromatogram in higher mz_2888; similar chromatogram in higher mz_4592",0.429,TRUE,"null","null","null","null",999,FALSE,FALSE,FALSE,"null","null","null","null","null",81.6,120898.666666667,53.0821397357037,24,"Exudate vs Soil","Exudate","Not selected",3,3,3,3,TRUE,TRUE,TRUE,TRUE,"Leaf + Root + Exudate","Early RT","MS/MS available","Unknown","Tier 5: low priority"
"F1123_mz158.1177_rt1.15",-0.0672392590129876,13.7698212632526,-0.527093783298385,0.620938979113713,0.791543899773837,-6.19331529337881,1123,1.145,158.11772,"Unknown","[M+H]+","ion correlated with 4335; ion correlated with 3958; ion correlated with 3759; ion correlated with 3584; ion correlated with 2671; ion correlated with 3738; ion correlated with 1966",0.071,FALSE,"null","null","null","null",999,FALSE,FALSE,FALSE,"null","null","null","null","null",4.54,17067.6666666667,9.50361285786822,24,"Exudate vs Soil","Soil","Not selected",3,3,3,3,TRUE,TRUE,TRUE,TRUE,"Leaf + Root + Exudate","RT >= 1 min","No MS/MS assignment","Unknown","Tier 5: low priority"
"F1690_mz197.1175_rt1.25",0.0682825265813944,15.1234584122871,0.522979783350032,0.623595525792626,0.793667032826978,-6.19569795708382,1690,1.246,197.11752,"Unknown","[M+H]+","ion correlated with 4895; ion correlated with 4673; ion correlated with 4062; ion correlated with 827; ion correlated with 4909; ion correlated with 3495; ion correlated with 3284; ion correlated with 4068; found in higher mz's MsMs_3284; found in higher mz's MsMs_3495; similar chromatogram in higher mz_3284; similar chromatogram in higher mz_4031; similar chromatogram in higher mz_4068; similar chromatogram in higher mz_4159; similar chromatogram in higher mz_4174; found in higher mz's MsMs_4031; similar chromatogram in higher mz_4555",0.107,TRUE,"null","null","null","null",999,FALSE,FALSE,FALSE,"null","null","null","null","null",124.02,34386.3333333333,39.7403016614645,24,"Exudate vs Soil","Exudate","Not selected",3,3,3,3,TRUE,TRUE,TRUE,TRUE,"Leaf + Root + Exudate","RT >= 1 min","MS/MS available","Unknown","Tier 5: low priority"
"F1926_mz214.0594_rt0.46",0.1497127672459,13.418655975638,0.519386830886105,0.625920949743981,0.795895813160696,-6.19776522753021,1926,0.463,214.05939,"Unknown","[M+H]+","ion correlated with 3508; ion correlated with 1822; ion correlated with 694; ion correlated with 2556",0.143,FALSE,"null","null","null","null",999,FALSE,FALSE,FALSE,"null","null","null","null","null",95.11,1514.33333333333,548.280026396832,16,"Exudate vs Soil","Exudate","Not selected",3,3,3,3,TRUE,TRUE,TRUE,TRUE,"Leaf + Root + Exudate","Very early RT","No MS/MS assignment","Unknown","Tier 5: low priority"
"F2358_mz246.1341_rt1.21",-0.312982745546452,12.2038029149004,-0.51838868637677,0.62656784698589,0.795988117252469,-6.19833726930015,2358,1.209,246.13409,"Unknown","[M+H]+","ion correlated with 2707; ion correlated with 2946",0.107,TRUE,"null","null","null","null",999,FALSE,FALSE,FALSE,"null","null","null","null","null",1111.5,2297,2820.44255874674,22,"Exudate vs Soil","Soil","Not selected",2,2,3,3,TRUE,TRUE,TRUE,TRUE,"Leaf + Root + Exudate","RT >= 1 min","MS/MS available","Unknown","Tier 5: low priority"
"F2842_mz282.2797_rt6.36",0.0891420990871905,13.5335046310127,0.511716501760877,0.630901874486572,0.800760071463727,-6.20213584579928,2842,6.362,282.27975,"Unknown","[M+H]+","similar chromatogram in higher mz_4772",0.393,TRUE,"null","null","null","null",999,FALSE,FALSE,FALSE,"null","null","null","null","null",265.23,13595,561.078846719623,24,"Exudate vs Soil","Exudate","Not selected",3,3,3,3,TRUE,TRUE,TRUE,TRUE,"Leaf + Root + Exudate","RT >= 1 min","MS/MS available","Unknown","Tier 5: low priority"
"F1866_mz209.1176_rt1.18",0.0690801913304014,14.3888017986225,0.510511922597468,0.631686136848273,0.801021944804854,-6.20281693413414,1866,1.18,209.11765,"Unknown","[M+H]+",NA,0.071,FALSE,"null","null","null","null",999,FALSE,FALSE,FALSE,"null","null","null","null","null",73.13,20202,20.8894718606148,24,"Exudate vs Soil","Exudate","Not selected",3,3,3,3,TRUE,TRUE,TRUE,TRUE,"Leaf + Root + Exudate","RT >= 1 min","No MS/MS assignment","Unknown","Tier 5: low priority"
"F1892_mz211.1444_rt1.15",-0.177880845081539,12.7830215441863,-0.504963325421577,0.635305751346803,0.803471186210238,-6.20593559791418,1892,1.149,211.14439,"Unknown","[M+H]+",NA,0.464,TRUE,"null","null","null","null",999,FALSE,FALSE,FALSE,"null","null","null","null","null",1770.39,6158.66666666667,1897.39341955734,21,"Exudate vs Soil","Soil","Not selected",1,2,3,3,FALSE,TRUE,TRUE,TRUE,"Root + Exudate","RT >= 1 min","MS/MS available","Unknown","Tier 5: low priority"
"F1623_mz193.0975_rt0.91",0.136232216422824,13.666188514074,0.504885314688164,0.635356724449077,0.803471186210238,-6.20597922668082,1623,0.914,193.09753,"Unknown","[M+H]+","ion correlated with 460; ion correlated with 2001; ion correlated with 928; ion correlated with 1498; ion correlated with 1348; ion correlated with 4009; ion correlated with 1916; ion correlated with 2082",0.179,FALSE,"null","null","null","null",999,FALSE,FALSE,FALSE,"null","null","null","null","null",55.82,22014,31.0390642743584,21,"Exudate vs Soil","Exudate","Not selected",1,2,3,3,FALSE,TRUE,TRUE,TRUE,"Root + Exudate","Early RT","No MS/MS assignment","Unknown","Tier 5: low priority"
"F3022_mz295.1183_rt1.12",0.0940866798949614,13.7289963326884,0.506160296035805,0.634523925117682,0.803471186210238,-6.20526541330543,3022,1.124,295.11826,"Unknown","[M+H]+","ion correlated with 3349; ion correlated with 3757; ion correlated with 3536; ion correlated with 4098; ion correlated with 4310; ion correlated with 3876; ion correlated with 4575; ion correlated with 598; ion correlated with 4597; ion correlated with 4693; ion correlated with 3638; ion correlated with 4167; ion correlated with 4019; ion correlated with 3194; ion correlated with 4640; ion correlated with 4223; ion correlated with 4153; ion correlated with 4618; ion correlated with 4333; ion correlated with 4192; ion correlated with 4307; ion correlated with 4250; ion correlated with 4110; ion correlated with 4080; ion correlated with 2740; ion correlated with 4003; ion correlated with 3957; ion correlated with 4960; ion correlated with 4041",0.071,FALSE,"null","null","null","null",999,FALSE,FALSE,FALSE,"null","null","null","null","null",47.65,2973,76.5988567585743,15,"Exudate vs Soil","Exudate","Not selected",3,1,3,3,TRUE,FALSE,TRUE,TRUE,"Leaf + Exudate","RT >= 1 min","No MS/MS assignment","Unknown","Tier 5: low priority"
"F854_mz139.0505_rt0.77",-0.306822874040591,15.9758627654584,-0.50351347676231,0.636253473944312,0.803871754682604,-6.20674545901169,854,0.773,139.05048,"Unknown","[M+H]+",NA,0.036,FALSE,"null","null","null","null",999,FALSE,FALSE,FALSE,"null","null","null","null","null",13.2,11877.6666666667,12.0106072510944,19,"Exudate vs Soil","Soil","Not selected",3,2,3,3,TRUE,TRUE,TRUE,TRUE,"Leaf + Root + Exudate","Early RT","No MS/MS assignment","Unknown","Tier 5: low priority"
"F1667_mz195.1382_rt2.38",0.363597867957091,11.5351535637496,0.50022831849777,0.638403810360196,0.805853990126805,-6.20857274110779,1667,2.375,195.13821,"Unknown","[M+H]+",NA,0.036,FALSE,"null","null","null","null",999,FALSE,FALSE,FALSE,"null","null","null","null","null",7.9,4815,42.4393687707641,24,"Exudate vs Soil","Exudate","Not selected",3,3,3,3,TRUE,TRUE,TRUE,TRUE,"Leaf + Root + Exudate","RT >= 1 min","No MS/MS assignment","Unknown","Tier 5: low priority"
"F2183_mz231.1707_rt0.99",0.0878714994275896,14.5670457590563,0.496446430558039,0.640884298192781,0.806780778651402,-6.21066297284662,2183,0.993,231.17073,"Unknown","[M+H]+","ion correlated with 2155; similar chromatogram in higher mz_3091; similar chromatogram in higher mz_2308",0.536,TRUE,"null","null","null","null",999,FALSE,FALSE,FALSE,"null","null","null","null","null",1577.73,19926,1442.18141215436,24,"Exudate vs Soil","Exudate","Not selected",3,3,3,3,TRUE,TRUE,TRUE,TRUE,"Leaf + Root + Exudate","Early RT","MS/MS available","Unknown","Tier 5: low priority"
"F1283_mz169.0585_rt0.45",-0.0752538487675832,17.4485308824322,-0.496546597208748,0.640818531323816,0.806780778651402,-6.21060779558515,1283,0.448,169.05853,"Unknown","[M+H]+",NA,0.107,FALSE,"null","null","null","null",999,FALSE,FALSE,FALSE,"null","null","null","null","null",223.34,222721.666666667,12.216560805067,24,"Exudate vs Soil","Soil","Not selected",3,3,3,3,TRUE,TRUE,TRUE,TRUE,"Leaf + Root + Exudate","Very early RT","No MS/MS assignment","Unknown","Tier 5: low priority"
"F1614_mz192.9106_rt0.42",-0.212966269073834,15.1182518747988,-0.489636053279431,0.645364578796936,0.810997251811732,-6.21439091980365,1614,0.417,192.91055,"Unknown","[M+H]+",NA,0.071,FALSE,"null","null","null","null",999,FALSE,FALSE,FALSE,"null","null","null","null","null",32.58,0,150272,22,"Exudate vs Soil","Soil","Not selected",3,1,3,3,TRUE,FALSE,TRUE,TRUE,"Leaf + Exudate","Very early RT","No MS/MS assignment","Unknown","Tier 5: low priority"
"F951_mz145.0497_rt0.78",-0.0710753581319288,17.4611738097079,-0.489576218793205,0.645404017855946,0.810997251811732,-6.21442346647178,951,0.778,145.04974,"Unknown","[M+H]+","ion correlated with 673; similar chromatogram in higher mz_2487; similar chromatogram in higher mz_2555; found in higher mz's MsMs_2555; similar chromatogram in higher mz_2265; similar chromatogram in higher mz_2770",0.107,TRUE,"null","null","null","null",999,FALSE,FALSE,FALSE,"null","null","null","null","null",14.5,244319.333333333,15.0619105245709,24,"Exudate vs Soil","Soil","Not selected",3,3,3,3,TRUE,TRUE,TRUE,TRUE,"Leaf + Root + Exudate","Early RT","MS/MS available","Unknown","Tier 5: low priority"
"F1534_mz187.0306_rt0.46",-0.316847293411626,14.5660589532932,-0.488528842367403,0.64609459577579,0.811129628392433,-6.21499259881282,1534,0.459,187.03059,"Unknown","[M+H]+",NA,0.214,FALSE,"null","null","null","null",999,FALSE,FALSE,FALSE,"null","null","null","null","null",28.76,0,659350,20,"Exudate vs Soil","Soil","Not selected",3,3,3,3,TRUE,TRUE,TRUE,TRUE,"Leaf + Root + Exudate","Very early RT","No MS/MS assignment","Unknown","Tier 5: low priority"
"F261_mz97.0287_rt0.79",0.0703932929185992,15.844771972415,0.487126612257587,0.647019777827041,0.811556029021067,-6.21575282744986,261,0.79,97.02866,"Unknown","[M+H]+",NA,0.036,FALSE,"null","null","null","null",999,FALSE,FALSE,FALSE,"null","null","null","null","null",43.74,78694,10.3051655124214,24,"Exudate vs Soil","Exudate","Not selected",3,3,3,3,TRUE,TRUE,TRUE,TRUE,"Leaf + Root + Exudate","Early RT","No MS/MS assignment","Unknown","Tier 5: low priority"
"F2816_mz280.155_rt1.08",-0.172199940492625,12.5516667662486,-0.485951062070278,0.647795956994926,0.811794933449338,-6.21638863521689,2816,1.076,280.15497,"Unknown","[M+H]+",NA,0.214,TRUE,"null","null","null","null",999,FALSE,FALSE,FALSE,"null","null","null","null","null",123.69,11048.3333333333,269.108815011464,18,"Exudate vs Soil","Soil","Not selected",1,0,3,3,FALSE,FALSE,TRUE,TRUE,"Exudate only","RT >= 1 min","MS/MS available","Unknown","Tier 5: low priority"
"F3431_mz328.1871_rt1.08",-0.294933047697718,11.7496100865675,-0.482244341207801,0.650246718615045,0.814130037940788,-6.21838433358012,3431,1.081,328.1871,"Unknown","[M+H]+","ion correlated with 3362; ion correlated with 4293; ion correlated with 3969; ion correlated with 3174; ion correlated with 3629; ion correlated with 4585; ion correlated with 4081; ion correlated with 3921; ion correlated with 4090; ion correlated with 4127; ion correlated with 1681; ion correlated with 4361; ion correlated with 4335; ion correlated with 3759; ion correlated with 3584; ion correlated with 2671",0.179,FALSE,"null","null","null","null",999,FALSE,FALSE,FALSE,"null","null","null","null","null",48.68,3375.66666666667,67.440473840079,21,"Exudate vs Soil","Soil","Not selected",1,2,3,3,FALSE,TRUE,TRUE,TRUE,"Root + Exudate","RT >= 1 min","No MS/MS assignment","Unknown","Tier 5: low priority"
"F176_mz85.0286_rt0.78",0.102556454334229,15.7437756446826,0.47970095553415,0.651931236225566,0.815109921510849,-6.21974567150876,176,0.775,85.02858,"Unknown","[M+H]+","found in higher mz's MsMs_2487; found in higher mz's MsMs_2555; found in higher mz's MsMs_2265; found in higher mz's MsMs_951",0.107,TRUE,"null","null","null","null",999,FALSE,FALSE,FALSE,"null","null","null","null","null",21.46,77116.6666666667,23.1407416372383,24,"Exudate vs Soil","Exudate","Not selected",3,3,3,3,TRUE,TRUE,TRUE,TRUE,"Leaf + Root + Exudate","Early RT","MS/MS available","Unknown","Tier 5: low priority"
"F606_mz122.0812_rt5.78",0.0694919769584402,16.2172540961833,0.479287106371286,0.652205557687974,0.815109921510849,-6.21996656443382,606,5.78,122.08125,"Unknown","[M+H]+","ion correlated with 132; ion correlated with 3113; ion correlated with 27; ion correlated with 4371; ion correlated with 4235",0.107,FALSE,"null","null","null","null",999,FALSE,FALSE,FALSE,"null","null","null","null","null",18.52,79469.3333333333,5.65670208169925,24,"Exudate vs Soil","Exudate","Not selected",3,3,3,3,TRUE,TRUE,TRUE,TRUE,"Leaf + Root + Exudate","RT >= 1 min","No MS/MS assignment","Unknown","Tier 5: low priority"
"F2895_mz286.3109_rt3.9",0.177012867144666,11.0953251449919,0.473800717399483,0.655848126745339,0.818559299251273,-6.22287855455936,2895,3.9,286.31091,"Unknown","[M+H]+",NA,0.5,TRUE,"null","null","null","null",999,FALSE,FALSE,FALSE,"null","null","null","null","null",161.83,2352,910.954951126222,24,"Exudate vs Soil","Exudate","Not selected",3,3,3,3,TRUE,TRUE,TRUE,TRUE,"Leaf + Root + Exudate","RT >= 1 min","MS/MS available","Unknown","Tier 5: low priority"
"F2126_mz227.1643_rt1.78",-0.156814143893973,12.6977655604163,-0.473351679291864,0.65614673987602,0.818559299251273,-6.22311553832011,2126,1.779,227.16434,"Unknown","[M+H]+","ion correlated with 3807",0.107,TRUE,"null","null","null","null",999,FALSE,FALSE,FALSE,"null","null","null","null","null",38.1,4775.66666666667,92.827076064201,24,"Exudate vs Soil","Soil","Not selected",3,3,3,3,TRUE,TRUE,TRUE,TRUE,"Leaf + Root + Exudate","RT >= 1 min","MS/MS available","Unknown","Tier 5: low priority"
"F1569_mz189.1237_rt0.91",0.272704273578751,12.433122931359,0.471655597367773,0.657275303298703,0.819229829471225,-6.22400881394202,1569,0.906,189.12373,"Unknown","[M+H]+","ion correlated with 1049; ion correlated with 2559; ion correlated with 4352; ion correlated with 1785; ion correlated with 1993; ion correlated with 737; ion correlated with 2018; ion correlated with 2210",0.286,TRUE,"null","null","null","null",999,FALSE,FALSE,FALSE,"null","null","null","null","null",659.34,1880.66666666667,3809.38883968113,24,"Exudate vs Soil","Exudate","Not selected",3,3,3,3,TRUE,TRUE,TRUE,TRUE,"Leaf + Root + Exudate","Early RT","MS/MS available","Unknown","Tier 5: low priority"
"F796_mz135.117_rt5.76",0.0691428274097104,13.3461779467251,0.470307426753144,0.65817310999607,0.819611797353596,-6.22471677090131,796,5.762,135.11696,"Unknown","[M+H]+","ion correlated with 4358; ion correlated with 4420; ion correlated with 595; ion correlated with 3908; ion correlated with 4091; ion correlated with 1025; ion correlated with 4273; ion correlated with 4359; ion correlated with 627; ion correlated with 2876; ion correlated with 3316; ion correlated with 3749; ion correlated with 3788; ion correlated with 3775; ion correlated with 2473; found in higher mz's MsMs_3153",0.036,FALSE,"null","null","null","null",999,FALSE,FALSE,FALSE,"null","null","null","null","null",15.96,8254.66666666667,15.0301611014657,24,"Exudate vs Soil","Exudate","Not selected",3,3,3,3,TRUE,TRUE,TRUE,TRUE,"Leaf + Root + Exudate","RT >= 1 min","No MS/MS assignment","Unknown","Tier 5: low priority"
"F1478_mz182.0815_rt0.75",-0.302347434737543,12.3701839797885,-0.468204780650872,0.659574663227156,0.820619823368796,-6.22581723280699,1478,0.747,182.0815,"Unknown","[M+H]+",NA,0.071,TRUE,"null","null","null","null",999,FALSE,FALSE,FALSE,"null","null","null","null","null",369.46,4504,4272.2128745838,24,"Exudate vs Soil","Soil","Not selected",3,3,3,3,TRUE,TRUE,TRUE,TRUE,"Leaf + Root + Exudate","Early RT","MS/MS available","Unknown","Tier 5: low priority"
"F1902_mz212.1132_rt0.59",-0.2131819609259,12.1886111488377,-0.466730593686815,0.660558254911259,0.821007917805651,-6.22658609510711,1902,0.589,212.11325,"Unknown","[M+H]+","ion correlated with 1506; ion correlated with 4170; ion correlated with 2201",0.071,FALSE,"null","null","null","null",999,FALSE,FALSE,FALSE,"null","null","null","null","null",75.93,3507.33333333333,230.86432304038,19,"Exudate vs Soil","Soil","Not selected",3,3,3,3,TRUE,TRUE,TRUE,TRUE,"Leaf + Root + Exudate","Early RT","No MS/MS assignment","Unknown","Tier 5: low priority"
"F2118_mz227.128_rt1.1",0.0735095089938338,14.6436845668404,0.46596210017616,0.661071310440913,0.821007917805651,-6.2269860252713,2118,1.096,227.12804,"Unknown","[M+H]+",NA,0.036,FALSE,"null","null","null","null",999,FALSE,FALSE,FALSE,"null","null","null","null","null",22.35,19552.3333333333,19.7709512444596,24,"Exudate vs Soil","Exudate","Not selected",3,3,3,3,TRUE,TRUE,TRUE,TRUE,"Leaf + Root + Exudate","RT >= 1 min","No MS/MS assignment","Unknown","Tier 5: low priority"
"F3700_mz352.1984_rt0.8",0.0947044114877364,14.2829331165268,0.463394401297292,0.662787070911415,0.82188362438584,-6.2283179098949,3700,0.797,352.19843,"Unknown","[M+H]+",NA,0.071,FALSE,"null","null","null","null",999,FALSE,FALSE,FALSE,"null","null","null","null","null",36.71,16991.6666666667,8.88624504688297,19,"Exudate vs Soil","Exudate","Not selected",0,1,3,3,FALSE,FALSE,TRUE,TRUE,"Exudate only","Early RT","No MS/MS assignment","Unknown","Tier 5: low priority"
"F1279_mz169.0498_rt1.05",0.0678864231915459,16.26840314552,0.462245719253532,0.663555393714109,0.82188362438584,-6.22891156204815,1279,1.049,169.04982,"Unknown","[M+H]+","ion correlated with 3171",0.071,FALSE,"null","null","null","null",999,FALSE,FALSE,FALSE,"null","null","null","null","null",50.97,112509.333333333,5.89952034035392,24,"Exudate vs Soil","Exudate","Not selected",3,3,3,3,TRUE,TRUE,TRUE,TRUE,"Leaf + Root + Exudate","RT >= 1 min","No MS/MS assignment","Unknown","Tier 5: low priority"
"F1671_mz195.9592_rt0.44",-0.0638448096977093,19.7849503348204,-0.462751654593439,0.663216929041725,0.82188362438584,-6.22865025481676,1671,0.445,195.95918,"Unknown","[M+H]+",NA,0.143,FALSE,"null","null","null","null",999,FALSE,FALSE,FALSE,"null","null","null","null","null",267.02,3298.33333333333,327.374924227117,18,"Exudate vs Soil","Soil","Not selected",3,0,3,3,TRUE,FALSE,TRUE,TRUE,"Leaf + Exudate","Very early RT","No MS/MS assignment","Unknown","Tier 5: low priority"
"F1289_mz169.1225_rt1.1",-0.0782562303495891,15.4957579130761,-0.460492856782197,0.664728742974458,0.822601819430892,-6.22981486425946,1289,1.104,169.12248,"Unknown","[M+H]+","ion correlated with 4257; ion correlated with 3349; ion correlated with 3823; ion correlated with 4486; ion correlated with 3491; ion correlated with 4019; ion correlated with 4192; ion correlated with 3143; ion correlated with 4250; similar chromatogram in higher mz_4693",0.107,FALSE,"null","null","null","null",999,FALSE,FALSE,FALSE,"null","null","null","null","null",75.9,53652.3333333333,6.66048086481113,24,"Exudate vs Soil","Soil","Not selected",3,3,3,3,TRUE,TRUE,TRUE,TRUE,"Leaf + Root + Exudate","RT >= 1 min","No MS/MS assignment","Unknown","Tier 5: low priority"
"F1984_mz217.1049_rt7.96",0.172891192220074,14.8580426595524,0.454796432159261,0.668549404483598,0.825861469185396,-6.23272869521595,1984,7.957,217.10492,"Unknown","[M+H]+",NA,0.036,TRUE,"null","null","null","null",999,FALSE,FALSE,FALSE,"null","null","null","null","null",39.84,27444,10.0408088905083,24,"Exudate vs Soil","Exudate","Not selected",3,3,3,3,TRUE,TRUE,TRUE,TRUE,"Leaf + Root + Exudate","RT >= 1 min","MS/MS available","Unknown","Tier 5: low priority"
"F1785_mz203.1394_rt0.91",-0.16797573541442,12.9759525190349,-0.454788812637148,0.668554522673892,0.825861469185396,-6.23273257048494,1785,0.906,203.13937,"Unknown","[M+H]+","ion correlated with 2559; ion correlated with 1569; ion correlated with 737; ion correlated with 2359; ion correlated with 2018",0.393,TRUE,"null","null","null","null",999,FALSE,FALSE,FALSE,"null","null","null","null","null",773.64,2040,2821.37187653111,24,"Exudate vs Soil","Soil","Not selected",3,3,3,3,TRUE,TRUE,TRUE,TRUE,"Leaf + Root + Exudate","Early RT","MS/MS available","Unknown","Tier 5: low priority"
"F950_mz145.0497_rt0.47",0.0540013697163951,18.1224463659991,0.449988258008695,0.671783213735526,0.82911089424527,-6.23516227293062,950,0.474,145.04967,"Unknown","[M+H]+","ion correlated with 175; found in higher mz's MsMs_2396",0.643,TRUE,"null","null","null","null",999,FALSE,FALSE,FALSE,"null","null","null","null","null",333.38,317679.666666667,15.1130411881113,24,"Exudate vs Soil","Exudate","Not selected",3,3,3,3,TRUE,TRUE,TRUE,TRUE,"Leaf + Root + Exudate","Very early RT","MS/MS available","Unknown","Tier 5: low priority"
"F3462_mz331.1478_rt0.42",0.17006436463093,15.2819360634247,0.438857302190077,0.679300454502168,0.836898159946671,-6.24070468973023,3462,0.418,331.14783,"Unknown","[M+H]+",NA,0.214,FALSE,"null","null","null","null",999,FALSE,FALSE,FALSE,"null","null","null","null","null",40.01,0,220537,24,"Exudate vs Soil","Exudate","Not selected",3,3,3,3,TRUE,TRUE,TRUE,TRUE,"Leaf + Root + Exudate","Very early RT","No MS/MS assignment","Unknown","Tier 5: low priority"
"F3567_mz339.217_rt2.27",0.0698957280312587,13.7115028879593,0.43973225482708,0.67870800594249,0.836898159946671,-6.24027365842661,3567,2.266,339.21695,"Unknown","[M+H]+","ion correlated with 3796; ion correlated with 3596; ion correlated with 3282",0.071,FALSE,"null","null","null","null",999,FALSE,FALSE,FALSE,"null","null","null","null","null",24.9,15180.3333333333,15.275799227121,24,"Exudate vs Soil","Exudate","Not selected",3,3,3,3,TRUE,TRUE,TRUE,TRUE,"Leaf + Root + Exudate","RT >= 1 min","No MS/MS assignment","Unknown","Tier 5: low priority"
"F1635_mz193.1589_rt1.2",0.261272704290501,11.8429560494203,0.437562708603455,0.68017753362566,0.837234512970839,-6.24134099719469,1635,1.201,193.15891,"Unknown","[M+H]+","ion correlated with 4333; ion correlated with 2871; ion correlated with 3143; ion correlated with 4110; ion correlated with 4353; ion correlated with 4341; ion correlated with 4388; ion correlated with 2740; ion correlated with 4166; ion correlated with 4952; ion correlated with 3957; ion correlated with 3566; ion correlated with 4960; ion correlated with 4041; ion correlated with 3635; ion correlated with 4590; ion correlated with 4797; ion correlated with 4656; ion correlated with 4789; ion correlated with 4895; ion correlated with 4803; ion correlated with 4806; ion correlated with 3224; ion correlated with 4792; ion correlated with 4937; ion correlated with 1381; ion correlated with 4062; ion correlated with 4100; ion correlated with 4516; ion correlated with 2013; ion correlated with 3600; ion correlated with 4825; ion correlated with 4381; ion correlated with 4909; ion correlated with 1402; ion correlated with 4942; ion correlated with 2624; ion correlated with 4954; ion correlated with 3886; ion correlated with 3934; ion correlated with 3495; ion correlated with 3284; ion correlated with 4031",0.036,FALSE,"null","null","null","null",999,FALSE,FALSE,FALSE,"null","null","null","null","null",4.63,2478,137.21016538927,12,"Exudate vs Soil","Exudate","Not selected",3,1,3,3,TRUE,FALSE,TRUE,TRUE,"Leaf + Exudate","RT >= 1 min","No MS/MS assignment","Unknown","Tier 5: low priority"
"F1171_mz162.0761_rt0.65",0.120587090223138,13.8761046536201,0.436231812466406,0.681079807251175,0.837601253638091,-6.24199333873455,1171,0.648,162.07607,"Unknown","[M+H]+",NA,0.107,FALSE,"null","null","null","null",999,FALSE,FALSE,FALSE,"null","null","null","null","null",244.3,29971,30.9836180435073,22,"Exudate vs Soil","Exudate","Not selected",3,1,3,3,TRUE,FALSE,TRUE,TRUE,"Leaf + Exudate","Early RT","No MS/MS assignment","Unknown","Tier 5: low priority"
"F3974_mz380.2186_rt1.08",0.105382904032205,11.1185717959325,0.435024420765236,0.681898876671967,0.837865109102257,-6.24258355655905,3974,1.081,380.2186,"Unknown","[M+H]+",NA,0.036,FALSE,"null","null","null","null",999,FALSE,FALSE,FALSE,"null","null","null","null","null",33.33,2343.66666666667,53.5483366505545,21,"Exudate vs Soil","Exudate","Not selected",3,0,3,3,TRUE,FALSE,TRUE,TRUE,"Leaf + Exudate","RT >= 1 min","No MS/MS assignment","Unknown","Tier 5: low priority"
"F1442_mz180.1021_rt0.51",-0.36769933590397,12.1392527166149,-0.432512252363906,0.683604675623821,0.839217077426586,-6.2438067521983,1442,0.513,180.10208,"Unknown","[M+H]+",NA,0.036,FALSE,"null","null","null","null",999,FALSE,FALSE,FALSE,"null","null","null","null","null",49.96,11313.6666666667,14.2901249116191,15,"Exudate vs Soil","Soil","Not selected",0,0,3,3,FALSE,FALSE,TRUE,TRUE,"Exudate only","Early RT","No MS/MS assignment","Unknown","Tier 5: low priority"
"F1604_mz192.0555_rt0.45",0.353163795149751,14.1967512813857,0.423864558631749,0.689492959450934,0.843586092049562,-6.24796723157923,1604,0.449,192.05545,"Unknown","[M+2H]2+",NA,0.214,FALSE,"null","null","null","null",999,FALSE,FALSE,FALSE,"null","null","null","null","null",90.91,3017,437.537773359841,24,"Exudate vs Soil","Exudate","Not selected",3,3,3,3,TRUE,TRUE,TRUE,TRUE,"Leaf + Root + Exudate","Very early RT","No MS/MS assignment","Unknown","Tier 5: low priority"
"F2374_mz247.1444_rt1.04",-0.136052822861251,12.987038347522,-0.426378896615966,0.68777832268323,0.843586092049562,-6.24676558882409,2374,1.037,247.14444,"Unknown","[M+H]+",NA,0.036,FALSE,"null","null","null","null",999,FALSE,FALSE,FALSE,"null","null","null","null","null",5.22,14215.3333333333,25.4153438533143,23,"Exudate vs Soil","Soil","Not selected",3,2,3,3,TRUE,TRUE,TRUE,TRUE,"Leaf + Root + Exudate","RT >= 1 min","No MS/MS assignment","Unknown","Tier 5: low priority"
"F1360_mz174.1129_rt0.73",0.0983261543994916,13.6597301189398,0.423710402131114,0.689598154611943,0.843586092049562,-6.24804069101482,1360,0.726,174.1129,"Unknown","[M+H]+",NA,0.321,FALSE,"null","null","null","null",999,FALSE,FALSE,FALSE,"null","null","null","null","null",123.66,20738.6666666667,36.1317764669956,20,"Exudate vs Soil","Exudate","Not selected",2,0,3,3,TRUE,FALSE,TRUE,TRUE,"Leaf + Exudate","Early RT","No MS/MS assignment","Unknown","Tier 5: low priority"
"F929_mz144.1021_rt0.75",-0.0723956338986796,14.5169199623301,-0.42396453194765,0.689424742724017,0.843586092049562,-6.24791957853894,929,0.75,144.10208,"Unknown","[M+2H]2+","similar chromatogram in higher mz_2929; similar chromatogram in higher mz_3448",0.393,TRUE,"null","null","null","null",999,FALSE,FALSE,FALSE,"null","null","null","null","null",354.97,31839.6666666667,108.643108393878,20,"Exudate vs Soil","Soil","Not selected",2,0,3,3,TRUE,FALSE,TRUE,TRUE,"Leaf + Exudate","Early RT","MS/MS available","Unknown","Tier 5: low priority"
"F1463_mz181.1225_rt2.67",-0.168305207765874,12.3712444947391,-0.420886129633406,0.691526824504014,0.845199452171573,-6.24938213823903,1463,2.667,181.12253,"Unknown","[M+H]+","ion correlated with 3748; ion correlated with 3296; ion correlated with 1918; similar chromatogram in higher mz_1918",0.107,FALSE,"null","null","null","null",999,FALSE,FALSE,FALSE,"null","null","null","null","null",3.66,6815.66666666667,35.7173105134474,24,"Exudate vs Soil","Soil","Not selected",3,3,3,3,TRUE,TRUE,TRUE,TRUE,"Leaf + Root + Exudate","RT >= 1 min","No MS/MS assignment","Unknown","Tier 5: low priority"
"F335_mz102.0341_rt7.9",-0.669847110837298,15.3621854759755,-0.418572333088689,0.69310888028912,0.845641644437253,-6.25047491502235,335,7.905,102.03412,"Unknown","[M+H]+","ion correlated with 242",0.036,TRUE,"null","null","null","null",999,FALSE,FALSE,FALSE,"null","null","null","null","null",3.38,13407,29.8926760143198,24,"Exudate vs Soil","Soil","Not selected",3,3,3,3,TRUE,TRUE,TRUE,TRUE,"Leaf + Root + Exudate","RT >= 1 min","MS/MS available","Unknown","Tier 5: low priority"
"F2777_mz277.1287_rt1.19",0.0514428463537449,17.7998538808231,0.419358078876854,0.692571427492647,0.845641644437253,-6.25010444481345,2777,1.193,277.12866,"Unknown","[M+H]+","similar chromatogram in higher mz_3075; similar chromatogram in higher mz_4593; similar chromatogram in higher mz_3380; similar chromatogram in higher mz_4609",0.964,TRUE,"null","null","null","null",999,FALSE,FALSE,FALSE,"null","null","null","null","null",125.07,317584,5.44675598658627,24,"Exudate vs Soil","Exudate","Not selected",3,3,3,3,TRUE,TRUE,TRUE,TRUE,"Leaf + Root + Exudate","RT >= 1 min","MS/MS available","Unknown","Tier 5: low priority"
"F1624_mz193.1225_rt2.85",-0.291399205574277,11.1521295190434,-0.414997235226549,0.695556847503947,0.845650693544272,-6.25215237580049,1624,2.847,193.12251,"Unknown","[M+H]+","ion correlated with 3538",0.036,FALSE,"null","null","null","null",999,FALSE,FALSE,FALSE,"null","null","null","null","null",3.66,1959.66666666667,64.2398843930636,19,"Exudate vs Soil","Soil","Not selected",3,2,3,3,TRUE,TRUE,TRUE,TRUE,"Leaf + Root + Exudate","RT >= 1 min","No MS/MS assignment","Unknown","Tier 5: low priority"
"F2996_mz293.1752_rt1.31",-0.19337073988042,12.4391765891378,-0.416132286007469,0.694779188312479,0.845650693544272,-6.25162125198699,2996,1.31,293.17523,"Unknown","[M+H]+","ion correlated with 3495; ion correlated with 4068; ion correlated with 3382; ion correlated with 3870",0.036,FALSE,"null","null","null","null",999,FALSE,FALSE,FALSE,"null","null","null","null","null",25.59,4207.33333333333,94.764594059406,23,"Exudate vs Soil","Soil","Not selected",3,3,3,3,TRUE,TRUE,TRUE,TRUE,"Leaf + Root + Exudate","RT >= 1 min","No MS/MS assignment","Unknown","Tier 5: low priority"
"F1654_mz195.0655_rt0.99",0.107462599649053,13.4338956891927,0.416123281004374,0.694785356247194,0.845650693544272,-6.25162547100481,1654,0.992,195.06549,"Unknown","[M+H]+","ion correlated with 1904; ion correlated with 1114; ion correlated with 3191; ion correlated with 1405; ion correlated with 3171; ion correlated with 2793; ion correlated with 3608; ion correlated with 1217; ion correlated with 4207; ion correlated with 3309; ion correlated with 4658",0.107,TRUE,"null","null","null","null",999,FALSE,FALSE,FALSE,"null","null","null","null","null",104.54,6447,318.280862282878,17,"Exudate vs Soil","Exudate","Not selected",3,0,3,3,TRUE,FALSE,TRUE,TRUE,"Leaf + Exudate","Early RT","MS/MS available","Unknown","Tier 5: low priority"
"F1051_mz152.0709_rt0.74",-0.0923820420982727,13.9251088001545,-0.415205130770207,0.695414379816575,0.845650693544272,-6.25205519629623,1051,0.74,152.07091,"Unknown","[M+H]+","ion correlated with 1268",0.071,FALSE,"null","null","null","null",999,FALSE,FALSE,FALSE,"null","null","null","null","null",9.94,21556,33.6499512919237,24,"Exudate vs Soil","Soil","Not selected",3,3,3,3,TRUE,TRUE,TRUE,TRUE,"Leaf + Root + Exudate","Early RT","No MS/MS assignment","Unknown","Tier 5: low priority"
"F461_mz112.0759_rt1.22",-0.0863093795085716,13.9552039754053,-0.413047038776617,0.696893982499371,0.846096743814228,-6.25306177748712,461,1.223,112.07594,"Unknown","[M+H]+","found in higher mz's MsMs_1444",0.179,TRUE,"null","null","null","null",999,FALSE,FALSE,FALSE,"null","null","null","null","null",10.53,24447.3333333333,19.4510191560434,24,"Exudate vs Soil","Soil","Not selected",3,3,3,3,TRUE,TRUE,TRUE,TRUE,"Leaf + Root + Exudate","RT >= 1 min","MS/MS available","Unknown","Tier 5: low priority"
"F655_mz125.0713_rt0.96",0.0748747076467379,14.7078302405064,0.412681650064062,0.697144647500612,0.846096743814228,-6.25323171932197,655,0.959,125.07133,"Unknown","[M+H]+","ion correlated with 1780; ion correlated with 2214; ion correlated with 1916; ion correlated with 1499; ion correlated with 855",0.036,FALSE,"null","null","null","null",999,FALSE,FALSE,FALSE,"null","null","null","null","null",21.18,52701,7.78554893552427,24,"Exudate vs Soil","Exudate","Not selected",3,3,3,3,TRUE,TRUE,TRUE,TRUE,"Leaf + Root + Exudate","Early RT","No MS/MS assignment","Unknown","Tier 5: low priority"
"F183_mz86.0966_rt1.05",0.0602759935944567,15.5137043969176,0.409243807673551,0.699505233554177,0.84821894462475,-6.25482379335706,183,1.055,86.09657,"Unknown","[M+H]+","ion correlated with 2068; ion correlated with 2600; ion correlated with 2806; ion correlated with 584; found in higher mz's MsMs_766; found in higher mz's MsMs_2351; found in higher mz's MsMs_2806",0.143,TRUE,"null","null","null","null",999,FALSE,FALSE,FALSE,"null","null","null","null","null",291.81,44435.6666666667,83.7480684119721,24,"Exudate vs Soil","Exudate","Not selected",3,3,3,3,TRUE,TRUE,TRUE,TRUE,"Leaf + Root + Exudate","RT >= 1 min","MS/MS available","Unknown","Tier 5: low priority"
"F1015_mz149.0599_rt0.95",-0.169144678301437,13.1922078825085,-0.404079688437083,0.703058420787048,0.848814434852655,-6.25719196131133,1015,0.954,149.05994,"Unknown","[M+H]+","ion correlated with 1785; ion correlated with 391; ion correlated with 2359; ion correlated with 2018; ion correlated with 2168; ion correlated with 2068",0.357,TRUE,"null","null","null","null",999,FALSE,FALSE,FALSE,"null","null","null","null","null",270.41,7738.33333333333,467.798561460936,23,"Exudate vs Soil","Soil","Not selected",3,2,3,3,TRUE,TRUE,TRUE,TRUE,"Leaf + Root + Exudate","Early RT","MS/MS available","Unknown","Tier 5: low priority"
"F1017_mz149.0599_rt0.9",-0.169144678301437,13.1922078825085,-0.404079688437083,0.703058420787048,0.848814434852655,-6.25719196131133,1017,0.898,149.05995,"Unknown","[M+H]+","ion correlated with 3822; ion correlated with 4088; ion correlated with 4123",0.036,FALSE,"null","null","null","null",999,FALSE,FALSE,FALSE,"null","null","null","null","null",37.19,4283,218.621381886088,10,"Exudate vs Soil","Soil","Not selected",3,1,3,3,TRUE,FALSE,TRUE,TRUE,"Leaf + Exudate","Early RT","No MS/MS assignment","Unknown","Tier 5: low priority"
"F1964_mz215.9941_rt0.39",0.168705044358883,16.1028958289424,0.405352830684138,0.702181625829968,0.848814434852655,-6.25661072931981,1964,0.39,215.99408,"Unknown","[M+H]+",NA,0.321,FALSE,"null","null","null","null",999,FALSE,FALSE,FALSE,"null","null","null","null","null",44.84,8776,20.369146633246,24,"Exudate vs Soil","Exudate","Not selected",3,3,3,3,TRUE,TRUE,TRUE,TRUE,"Leaf + Root + Exudate","Very early RT","No MS/MS assignment","Unknown","Tier 5: low priority"
"F2792_mz278.1507_rt1.11",0.121391994178456,13.5244646398794,0.405227006682824,0.702268255607177,0.848814434852655,-6.2566682482082,2792,1.108,278.1507,"Unknown","[M+H]+","ion correlated with 2136; ion correlated with 1825; ion correlated with 2029; ion correlated with 3450; ion correlated with 4030",0.036,FALSE,"null","null","null","null",999,FALSE,FALSE,FALSE,"null","null","null","null","null",32.83,12918.6666666667,10.2883459325576,23,"Exudate vs Soil","Exudate","Not selected",3,2,3,3,TRUE,TRUE,TRUE,TRUE,"Leaf + Root + Exudate","RT >= 1 min","No MS/MS assignment","Unknown","Tier 5: low priority"
"F2650_mz269.9267_rt0.47",-0.106859259231329,16.688956202218,-0.406946430680248,0.701084878202219,0.848814434852655,-6.25588079241917,2650,0.47,269.92673,"Unknown","[M+H]+","ion correlated with 1695; ion correlated with 1924; ion correlated with 3597",0.107,FALSE,"null","null","null","null",999,FALSE,FALSE,FALSE,"null","null","null","null","null",57.48,0,132235,6,"Exudate vs Soil","Soil","Not selected",0,0,3,3,FALSE,FALSE,TRUE,TRUE,"Exudate only","Very early RT","No MS/MS assignment","Unknown","Tier 5: low priority"
"F2110_mz226.952_rt0.42",-0.159598475260126,16.7422875993126,-0.400940729048514,0.705222418656381,0.850686050702997,-6.25861770229112,2110,0.415,226.95195,"Unknown","[M+H]+","ion correlated with 1761",0.536,FALSE,"null","null","null","null",999,FALSE,FALSE,FALSE,"null","null","null","null","null",61.51,13033.6666666667,123.653181260229,19,"Exudate vs Soil","Soil","Not selected",0,1,3,3,FALSE,FALSE,TRUE,TRUE,"Exudate only","Very early RT","No MS/MS assignment","Unknown","Tier 5: low priority"
"F1374_mz175.0869_rt1.01",0.161222839449343,15.1996620515202,0.399349066372504,0.706320924482893,0.851270262028947,-6.25933667627965,1374,1.011,175.08691,"Unknown","[M+H]+","ion correlated with 3902; ion correlated with 3743; ion correlated with 1446; ion correlated with 2994; ion correlated with 2444; ion correlated with 3393; ion correlated with 2926; ion correlated with 3432; ion correlated with 1392; ion correlated with 2672; ion correlated with 2908; similar chromatogram in higher mz_4653",0.393,TRUE,"null","null","null","null",999,FALSE,FALSE,FALSE,"null","null","null","null","null",136.23,66588.3333333333,17.8903427976453,24,"Exudate vs Soil","Exudate","Not selected",3,3,3,3,TRUE,TRUE,TRUE,TRUE,"Leaf + Root + Exudate","RT >= 1 min","MS/MS available","Unknown","Tier 5: low priority"
"F106_mz78.9994_rt0.53",0.289556419369096,14.8917247604803,0.389702897373671,0.712995667961491,0.856894018150327,-6.26363664869676,106,0.532,78.99937,"Unknown","[M+H]+",NA,0.036,TRUE,"null","null","null","null",999,FALSE,FALSE,FALSE,"null","null","null","null","null",3146.21,93457.3333333333,59.8562674988854,24,"Exudate vs Soil","Exudate","Not selected",3,3,3,3,TRUE,TRUE,TRUE,TRUE,"Leaf + Root + Exudate","Early RT","MS/MS available","Unknown","Tier 5: low priority"
"F1138_mz159.113_rt0.85",0.217289222453203,11.7337527446561,0.391048146116224,0.712063039450927,0.856894018150327,-6.2630428917979,1138,0.848,159.11304,"Unknown","[M+H]+","similar chromatogram in higher mz_1214",0.071,FALSE,"null","null","null","null",999,FALSE,FALSE,FALSE,"null","null","null","null","null",62.19,1786.33333333333,256.844088026856,18,"Exudate vs Soil","Exudate","Not selected",0,0,3,3,FALSE,FALSE,TRUE,TRUE,"Exudate only","Early RT","No MS/MS assignment","Unknown","Tier 5: low priority"
"F1300_mz170.1178_rt0.92",-0.166313328480817,12.5070606597158,-0.390578699995021,0.712388430217979,0.856894018150327,-6.26325031086482,1300,0.915,170.11775,"Unknown","[M+H]+","ion correlated with 3650",0.214,FALSE,"null","null","null","null",999,FALSE,FALSE,FALSE,"null","null","null","null","null",55.78,7564.33333333333,78.031327106098,17,"Exudate vs Soil","Soil","Not selected",3,3,3,3,TRUE,TRUE,TRUE,TRUE,"Leaf + Root + Exudate","Early RT","No MS/MS assignment","Unknown","Tier 5: low priority"
"F4340_mz434.8538_rt0.41",0.0616340622880916,17.1088379352479,0.389033296599409,0.713460098806261,0.856894018150327,-6.26393147682709,4340,0.411,434.85379,"Unknown","[M+H]+",NA,0.321,FALSE,"null","null","null","null",999,FALSE,FALSE,FALSE,"null","null","null","null","null",2040.93,0,157891,24,"Exudate vs Soil","Exudate","Not selected",3,3,3,3,TRUE,TRUE,TRUE,TRUE,"Leaf + Root + Exudate","Very early RT","No MS/MS assignment","Unknown","Tier 5: low priority"
"F2607_mz266.1142_rt0.96",0.113523014664667,13.0346564867513,0.387022249539957,0.714855796251167,0.8578269555014,-6.26481408759989,2607,0.962,266.11417,"Unknown","[M+H]+",NA,0.393,FALSE,"null","null","null","null",999,FALSE,FALSE,FALSE,"null","null","null","null","null",158.08,14922.3333333333,156.832521777976,20,"Exudate vs Soil","Exudate","Not selected",1,1,3,3,FALSE,FALSE,TRUE,TRUE,"Exudate only","Early RT","No MS/MS assignment","Unknown","Tier 5: low priority"
"F61_mz72.0809_rt1",0.0501677721255294,15.7848025833683,0.386112990756235,0.715487252455394,0.857841982615205,-6.26521173370158,61,1.003,72.08093,"Unknown","[M+H]+","ion correlated with 95; ion correlated with 3480; ion correlated with 3778; ion correlated with 3900; ion correlated with 3785; ion correlated with 916; ion correlated with 3294; ion correlated with 3477; ion correlated with 3132; ion correlated with 4312; ion correlated with 3393; ion correlated with 2891; ion correlated with 3913; ion correlated with 1544; ion correlated with 2698; ion correlated with 3613; ion correlated with 761; ion correlated with 3432; ion correlated with 1392; ion correlated with 4022; ion correlated with 3786; ion correlated with 3587; ion correlated with 3129; ion correlated with 3160; ion correlated with 2526; ion correlated with 2908; ion correlated with 2633; found in higher mz's MsMs_2762",0.036,FALSE,"null","null","null","null",999,FALSE,FALSE,FALSE,"null","null","null","null","null",21.54,62084,10.7920914874768,24,"Exudate vs Soil","Exudate","Not selected",3,3,3,3,TRUE,TRUE,TRUE,TRUE,"Leaf + Root + Exudate","RT >= 1 min","No MS/MS assignment","Unknown","Tier 5: low priority"
"F1743_mz201.0358_rt0.43",-0.351709128944264,14.3860622450356,-0.384112644831059,0.716877350234018,0.858551030232247,-6.26608345076962,1743,0.428,201.0358,"Unknown","[M+H]+",NA,0.036,FALSE,"null","null","null","null",999,FALSE,FALSE,FALSE,"null","null","null","null","null",10.82,0,168594,22,"Exudate vs Soil","Soil","Not selected",2,3,3,3,TRUE,TRUE,TRUE,TRUE,"Leaf + Root + Exudate","Very early RT","No MS/MS assignment","Unknown","Tier 5: low priority"
"F439_mz111.0204_rt7.96",-0.291508333481399,16.1077908507191,-0.382984368658782,0.717661972381304,0.858551030232247,-6.2665732567362,439,7.957,111.02037,"Unknown","[M+H]+",NA,0.036,TRUE,"null","null","null","null",999,FALSE,FALSE,FALSE,"null","null","null","null","null",4.65,55308.6666666667,7.0444286411658,24,"Exudate vs Soil","Soil","Not selected",3,3,3,3,TRUE,TRUE,TRUE,TRUE,"Leaf + Root + Exudate","RT >= 1 min","MS/MS available","Unknown","Tier 5: low priority"
"F598_mz121.1013_rt1.1",0.0564981977147944,14.0458694004513,0.382589056789032,0.717936972611237,0.858551030232247,-6.26674454850011,598,1.097,121.10133,"Unknown","[M+H]+","ion correlated with 4387; ion correlated with 4550; ion correlated with 4668; ion correlated with 4257; ion correlated with 4565; ion correlated with 1020; ion correlated with 3349; ion correlated with 2128; ion correlated with 4486; ion correlated with 4283; ion correlated with 4310; ion correlated with 3491; ion correlated with 4603; ion correlated with 4597; ion correlated with 3638; ion correlated with 4167; ion correlated with 4019; ion correlated with 1764; ion correlated with 3194; ion correlated with 4640; ion correlated with 3022; ion correlated with 4223; ion correlated with 4153; ion correlated with 4192; ion correlated with 4307; ion correlated with 3143; ion correlated with 4250",0.107,FALSE,"null","null","null","null",999,FALSE,FALSE,FALSE,"null","null","null","null","null",22.11,12764.3333333333,16.7556925005222,23,"Exudate vs Soil","Exudate","Not selected",3,3,3,3,TRUE,TRUE,TRUE,TRUE,"Leaf + Root + Exudate","RT >= 1 min","No MS/MS assignment","Unknown","Tier 5: low priority"
"F1768_mz202.144_rt1.22",-0.0748412502592896,14.4357877570481,-0.379442303502265,0.720127752907191,0.860428504766695,-6.26810212468443,1768,1.222,202.14404,"Unknown","[M+H]+","ion correlated with 2194; ion correlated with 2707; ion correlated with 2166; ion correlated with 2946; ion correlated with 3235; ion correlated with 2392; ion correlated with 2358; ion correlated with 2603; ion correlated with 2002; ion correlated with 488",0.036,TRUE,"null","null","null","null",999,FALSE,FALSE,FALSE,"null","null","null","null","null",279.25,20623,54.5558087664856,24,"Exudate vs Soil","Soil","Not selected",3,3,3,3,TRUE,TRUE,TRUE,TRUE,"Leaf + Root + Exudate","RT >= 1 min","MS/MS available","Unknown","Tier 5: low priority"
"F821_mz137.0653_rt0.86",-0.0955319445458017,14.4005909252655,-0.378295452902975,0.720926955694624,0.860641481992032,-6.26859427560164,821,0.863,137.06532,"Unknown","[M+H]+",NA,0.071,FALSE,"null","null","null","null",999,FALSE,FALSE,FALSE,"null","null","null","null","null",64.31,41154.6666666667,16.6204329901917,23,"Exudate vs Soil","Soil","Not selected",3,2,3,3,TRUE,TRUE,TRUE,TRUE,"Leaf + Root + Exudate","Early RT","No MS/MS assignment","Unknown","Tier 5: low priority"
"F2392_mz248.1497_rt1.19",0.139702882819254,12.939852681974,0.376075450837604,0.722475153542896,0.861006502846478,-6.26954296245118,2392,1.192,248.14972,"Unknown","[M+H]+","ion correlated with 2194; ion correlated with 2707; ion correlated with 2166; ion correlated with 3235; ion correlated with 2358; ion correlated with 1768",0.107,TRUE,"null","null","null","null",999,FALSE,FALSE,FALSE,"null","null","null","null","null",106.81,6117.66666666667,258.656515580737,23,"Exudate vs Soil","Exudate","Not selected",3,2,3,3,TRUE,TRUE,TRUE,TRUE,"Leaf + Root + Exudate","RT >= 1 min","MS/MS available","Unknown","Tier 5: low priority"
"F1577_mz190.0031_rt0.42",-0.137095533595891,17.1219461149734,-0.376191245995463,0.722394362216732,0.861006502846478,-6.26949360908864,1577,0.418,190.00308,"Unknown","[M+H]+",NA,0.357,FALSE,"null","null","null","null",999,FALSE,FALSE,FALSE,"null","null","null","null","null",36.56,7876.66666666667,31.1413278043414,24,"Exudate vs Soil","Soil","Not selected",3,3,3,3,TRUE,TRUE,TRUE,TRUE,"Leaf + Root + Exudate","Very early RT","No MS/MS assignment","Unknown","Tier 5: low priority"
"F708_mz129.0549_rt0.88",0.0546990752916441,16.3286338087606,0.375034776739484,0.72320142571769,0.861131594540136,-6.26998586809406,708,0.884,129.05492,"Unknown","[M+H]+",NA,0.036,FALSE,"null","null","null","null",999,FALSE,FALSE,FALSE,"null","null","null","null","null",96.96,111987.666666667,5.02766053707816,24,"Exudate vs Soil","Exudate","Not selected",3,3,3,3,TRUE,TRUE,TRUE,TRUE,"Leaf + Root + Exudate","Early RT","No MS/MS assignment","Unknown","Tier 5: low priority"
"F2631_mz268.1044_rt0.87",-0.0491498893306068,16.3117498164339,-0.374071365974152,0.723874072377788,0.861192673232287,-6.27039485922777,2631,0.869,268.1044,"Unknown","[M+H]+","ion correlated with 1477",0.643,TRUE,"null","null","null","null",999,FALSE,FALSE,FALSE,"null","null","null","null","null",13901.03,36097.3333333333,3336.55562121982,24,"Exudate vs Soil","Soil","Not selected",3,3,3,3,TRUE,TRUE,TRUE,TRUE,"Leaf + Root + Exudate","Early RT","MS/MS available","Unknown","Tier 5: low priority"
"F4230_mz415.2122_rt2.39",-0.343257584865435,14.2422948502549,-0.361491590563925,0.732682993537861,0.870787882704384,-6.2756440420795,4230,2.39,415.21222,"Unknown","[M+H]+","ion correlated with 4329; ion correlated with 4403; ion correlated with 4350",0.071,FALSE,"null","null","null","null",999,FALSE,FALSE,FALSE,"null","null","null","null","null",136.17,431,518.935185185185,23,"Exudate vs Soil","Soil","Not selected",3,3,3,3,TRUE,TRUE,TRUE,TRUE,"Leaf + Root + Exudate","RT >= 1 min","No MS/MS assignment","Unknown","Tier 5: low priority"
"F1479_mz182.0815_rt1.22",0.162188077845928,11.5199082310569,0.360761264831856,0.733195857948063,0.870787882704384,-6.27594356934087,1479,1.217,182.0815,"Unknown","[M+H]+",NA,0.071,FALSE,"null","null","null","null",999,FALSE,FALSE,FALSE,"null","null","null","null","null",161.52,4127.66666666667,175.233327950912,23,"Exudate vs Soil","Exudate","Not selected",3,2,3,3,TRUE,TRUE,TRUE,TRUE,"Leaf + Root + Exudate","RT >= 1 min","No MS/MS assignment","Unknown","Tier 5: low priority"
"F2906_mz287.1397_rt1.03",0.101116478021325,13.3231078884472,0.353067536416338,0.738608277563482,0.876464959505981,-6.27906409172882,2906,1.035,287.13971,"Unknown","[M+H]+","ion correlated with 2434; ion correlated with 1436",0.071,FALSE,"null","null","null","null",999,FALSE,FALSE,FALSE,"null","null","null","null","null",148.98,10793,49.6844543264777,24,"Exudate vs Soil","Exudate","Not selected",3,3,3,3,TRUE,TRUE,TRUE,TRUE,"Leaf + Root + Exudate","RT >= 1 min","No MS/MS assignment","Unknown","Tier 5: low priority"
"F953_mz145.0498_rt0.57",-0.0868274191323436,17.7831880670097,-0.350427527882248,0.740469478337174,0.877171535876345,-6.28012014912788,953,0.569,145.04977,"Unknown","[M+H]+",NA,0.143,TRUE,"null","null","null","null",999,FALSE,FALSE,FALSE,"null","null","null","null","null",151.8,260402.333333333,11.9930530843179,24,"Exudate vs Soil","Soil","Not selected",3,3,3,3,TRUE,TRUE,TRUE,TRUE,"Leaf + Root + Exudate","Early RT","MS/MS available","Unknown","Tier 5: low priority"
"F638_mz124.076_rt0.89",0.0709703104882694,13.6314758951457,0.351312979678789,0.739845010679369,0.877171535876345,-6.27976678924309,638,0.894,124.07597,"Unknown","[M+H]+","ion correlated with 1507; ion correlated with 4305; ion correlated with 1358; ion correlated with 1726; ion correlated with 1111; ion correlated with 670",0.071,TRUE,"null","null","null","null",999,FALSE,FALSE,FALSE,"null","null","null","null","null",59.06,32221.6666666667,43.3358608846775,21,"Exudate vs Soil","Exudate","Not selected",0,3,3,3,FALSE,TRUE,TRUE,TRUE,"Root + Exudate","Early RT","MS/MS available","Unknown","Tier 5: low priority"
"F2936_mz288.9192_rt0.41",-0.12201358783039,17.7450742262577,-0.345083606130435,0.744243106767216,0.880178287133136,-6.28223476662066,2936,0.409,288.91925,"Unknown","[M+H]+",NA,0.821,FALSE,"null","null","null","null",999,FALSE,FALSE,FALSE,"null","null","null","null","null",79.9,6287,77.2760814249364,24,"Exudate vs Soil","Soil","Not selected",3,3,3,3,TRUE,TRUE,TRUE,TRUE,"Leaf + Root + Exudate","Very early RT","No MS/MS assignment","Unknown","Tier 5: low priority"
"F4248_mz418.8769_rt0.41",0.102736100770499,16.6929120436563,0.345034610042213,0.744277743520949,0.880178287133136,-6.28225401164445,4248,0.41,418.87692,"Unknown","[M+H]+",NA,0.143,FALSE,"null","null","null","null",999,FALSE,FALSE,FALSE,"null","null","null","null","null",109.93,0,149714,23,"Exudate vs Soil","Exudate","Not selected",2,3,3,3,TRUE,TRUE,TRUE,TRUE,"Leaf + Root + Exudate","Very early RT","No MS/MS assignment","Unknown","Tier 5: low priority"
"F1217_mz165.0549_rt1.04",-0.206213015554284,11.6643368116338,-0.342537633937296,0.746043836867764,0.880763848295333,-6.2832313473215,1217,1.038,165.05492,"Unknown","[M+H]+","ion correlated with 1654; ion correlated with 1405; ion correlated with 3171; ion correlated with 2793; ion correlated with 3937; ion correlated with 3608; ion correlated with 4207; ion correlated with 3309; ion correlated with 4658; ion correlated with 4759; ion correlated with 1837; ion correlated with 4557; ion correlated with 3349; ion correlated with 799; ion correlated with 392; ion correlated with 4649; ion correlated with 819; ion correlated with 3823; ion correlated with 3463; ion correlated with 3491; ion correlated with 4603; found in higher mz's MsMs_3311; found in higher mz's MsMs_4687",0.107,TRUE,"null","null","null","null",999,FALSE,FALSE,FALSE,"null","null","null","null","null",111.62,3622.66666666667,367.867445497194,24,"Exudate vs Soil","Soil","Not selected",3,3,3,3,TRUE,TRUE,TRUE,TRUE,"Leaf + Root + Exudate","RT >= 1 min","MS/MS available","Unknown","Tier 5: low priority"
"F2934_mz288.29_rt1.99",0.147955670435766,12.8542321346863,0.343323574704264,0.745487754644115,0.880763848295333,-6.28292445274661,2934,1.992,288.29001,"Unknown","[M+H]+",NA,0.107,TRUE,"null","null","null","null",999,FALSE,FALSE,FALSE,"null","null","null","null","null",13.48,12622,18.8403707518023,24,"Exudate vs Soil","Exudate","Not selected",3,3,3,3,TRUE,TRUE,TRUE,TRUE,"Leaf + Root + Exudate","RT >= 1 min","MS/MS available","Unknown","Tier 5: low priority"
"F3412_mz326.1718_rt0.97",-0.149848912763996,12.3425659006941,-0.340070648064531,0.747790461702713,0.882074536102094,-6.28419030574767,3412,0.971,326.17178,"Unknown","[M+H]+",NA,0.036,FALSE,"null","null","null","null",999,FALSE,FALSE,FALSE,"null","null","null","null","null",26.22,3263.66666666667,127.472432101287,24,"Exudate vs Soil","Soil","Not selected",3,3,3,3,TRUE,TRUE,TRUE,TRUE,"Leaf + Root + Exudate","Early RT","No MS/MS assignment","Unknown","Tier 5: low priority"
"F2002_mz218.139_rt1.26",-0.224350071116992,14.5888710638385,-0.330469020777441,0.754604714145097,0.886748918065112,-6.28785966861415,2002,1.261,218.13898,"Unknown","[M+H]+","ion correlated with 1768; ion correlated with 2603; ion correlated with 488; ion correlated with 4899; ion correlated with 4573; ion correlated with 4641",0.036,TRUE,"null","null","null","null",999,FALSE,FALSE,FALSE,"null","null","null","null","null",193.37,5226.66666666667,114.077281132436,24,"Exudate vs Soil","Soil","Not selected",3,3,3,3,TRUE,TRUE,TRUE,TRUE,"Leaf + Root + Exudate","RT >= 1 min","MS/MS available","Unknown","Tier 5: low priority"
"F2697_mz273.124_rt1.05",-0.130925165856357,11.3490896253951,-0.330645446128865,0.754479273773858,0.886748918065112,-6.28779315062631,2697,1.05,273.12399,"Unknown","[M+H]+","ion correlated with 2324; ion correlated with 1641",0.143,TRUE,"null","null","null","null",999,FALSE,FALSE,FALSE,"null","null","null","null","null",83.34,1628.66666666667,672.482920842708,23,"Exudate vs Soil","Soil","Not selected",2,3,3,3,TRUE,TRUE,TRUE,TRUE,"Leaf + Root + Exudate","RT >= 1 min","MS/MS available","Unknown","Tier 5: low priority"
"F2410_mz250.1192_rt1.06",0.118562617958634,13.9803511750077,0.329980389436466,0.754952181325276,0.886748918065112,-6.28804372115011,2410,1.065,250.11919,"Unknown","[M+H]+","similar chromatogram in higher mz_2806",0.321,FALSE,"null","null","null","null",999,FALSE,FALSE,FALSE,"null","null","null","null","null",54.36,21308,39.5603735510817,22,"Exudate vs Soil","Exudate","Not selected",2,2,3,3,TRUE,TRUE,TRUE,TRUE,"Leaf + Root + Exudate","RT >= 1 min","No MS/MS assignment","Unknown","Tier 5: low priority"
"F3248_mz312.1921_rt0.96",0.103544644559328,12.1100463157466,0.332305220412984,0.753299577911173,0.886748918065112,-6.28716570261484,3248,0.963,312.19211,"Unknown","[M+H]+","ion correlated with 3931; ion correlated with 2248; ion correlated with 3721; ion correlated with 4467; ion correlated with 3269; ion correlated with 1960; ion correlated with 1750",0.107,FALSE,"null","null","null","null",999,FALSE,FALSE,FALSE,"null","null","null","null","null",64.49,4236.66666666667,98.2000314638559,20,"Exudate vs Soil","Exudate","Not selected",1,1,3,3,FALSE,FALSE,TRUE,TRUE,"Exudate only","Early RT","No MS/MS assignment","Unknown","Tier 5: low priority"
"F18_mz62.9903_rt0.64",-0.0929144381808127,15.5035780555032,-0.33132888845396,0.753993420040131,0.886748918065112,-6.2875351508989,18,0.643,62.9903,"Unknown","[M+H]+","ion correlated with 1427; found in higher mz's MsMs_319; found in higher mz's MsMs_136",0.357,FALSE,"null","null","null","null",999,FALSE,FALSE,FALSE,"null","null","null","null","null",173.53,5505.66666666667,92.936803874092,24,"Exudate vs Soil","Soil","Not selected",3,3,3,3,TRUE,TRUE,TRUE,TRUE,"Leaf + Root + Exudate","Early RT","No MS/MS assignment","Unknown","Tier 5: low priority"
"F388_mz106.9508_rt0.42",-0.0587607373957479,18.3302833172956,-0.328716600479434,0.755851170906224,0.887053109971234,-6.28851854484411,388,0.417,106.95077,"Unknown","[M+H]+","similar chromatogram in higher mz_747; found in higher mz's MsMs_2310; similar chromatogram in higher mz_2737; similar chromatogram in higher mz_4601; similar chromatogram in higher mz_3873",0.75,FALSE,"null","null","null","null",999,FALSE,FALSE,FALSE,"null","null","null","null","null",185.78,16297.6666666667,86.0412712696335,24,"Exudate vs Soil","Soil","Not selected",3,3,3,3,TRUE,TRUE,TRUE,TRUE,"Leaf + Root + Exudate","Very early RT","No MS/MS assignment","Unknown","Tier 5: low priority"
"F1459_mz181.1225_rt5.96",0.187274782542769,11.3294077332509,0.325241352159746,0.758325532579948,0.889204050893238,-6.28981526279042,1459,5.955,181.12247,"Unknown","[M+H]+","ion correlated with 2476; ion correlated with 4813; ion correlated with 4850; found in higher mz's MsMs_4856",0.107,TRUE,"null","null","null","null",999,FALSE,FALSE,FALSE,"null","null","null","null","null",4.06,4430,63.5301286391334,24,"Exudate vs Soil","Exudate","Not selected",3,3,3,3,TRUE,TRUE,TRUE,TRUE,"Leaf + Root + Exudate","RT >= 1 min","MS/MS available","Unknown","Tier 5: low priority"
"F1718_mz199.1234_rt1.11",0.0808375665711313,14.2087947325453,0.324066800276032,0.759162554824894,0.889433052398397,-6.29025054162756,1718,1.111,199.12337,"Unknown","[M+H]+",NA,0.286,TRUE,"null","null","null","null",999,FALSE,FALSE,FALSE,"null","null","null","null","null",30.28,20822.6666666667,26.3022362376143,24,"Exudate vs Soil","Exudate","Not selected",3,3,3,3,TRUE,TRUE,TRUE,TRUE,"Leaf + Root + Exudate","RT >= 1 min","MS/MS available","Unknown","Tier 5: low priority"
"F1527_mz186.1128_rt0.92",0.185594481268661,12.6706917010892,0.320944239543838,0.761389610514688,0.890536709007053,-6.29140040369227,1527,0.917,186.11282,"Unknown","[M+H]+",NA,0.036,FALSE,"null","null","null","null",999,FALSE,FALSE,FALSE,"null","null","null","null","null",23.12,13136.3333333333,10.1939257079062,18,"Exudate vs Soil","Exudate","Not selected",3,3,3,3,TRUE,TRUE,TRUE,TRUE,"Leaf + Root + Exudate","Early RT","No MS/MS assignment","Unknown","Tier 5: low priority"
"F2806_mz279.1709_rt1.08",-0.0970482089644374,16.9315304199557,-0.321087618302247,0.761287292916406,0.890536709007053,-6.29134783896744,2806,1.076,279.17093,"Unknown","[M+H]+","ion correlated with 2600; ion correlated with 1233; ion correlated with 584",0.393,TRUE,"null","null","null","null",999,FALSE,FALSE,FALSE,"null","null","null","null","null",250.11,180241.333333333,30.3657797742669,24,"Exudate vs Soil","Soil","Not selected",3,3,3,3,TRUE,TRUE,TRUE,TRUE,"Leaf + Root + Exudate","RT >= 1 min","MS/MS available","Unknown","Tier 5: low priority"
"F181_mz86.0602_rt0.45",0.0534170457444933,16.4781981149863,0.318368792781963,0.763228437084605,0.891934750252329,-6.29234076838398,181,0.453,86.06023,"Unknown","[M+H]+","found in higher mz's MsMs_2435; found in higher mz's MsMs_2215; similar chromatogram in higher mz_1573; similar chromatogram in higher mz_1517; similar chromatogram in higher mz_1822; similar chromatogram in higher mz_3069; similar chromatogram in higher mz_1091; similar chromatogram in higher mz_3230; similar chromatogram in higher mz_4109; similar chromatogram in higher mz_4205; similar chromatogram in higher mz_4451; similar chromatogram in higher mz_4528; similar chromatogram in higher mz_4465; similar chromatogram in higher mz_2044; similar chromatogram in higher mz_1420; similar chromatogram in higher mz_3005; similar chromatogram in higher mz_4646; similar chromatogram in higher mz_4212; similar chromatogram in higher mz_3240; similar chromatogram in higher mz_4651; similar chromatogram in higher mz_2103",0.536,FALSE,"null","null","null","null",999,FALSE,FALSE,FALSE,"null","null","null","null","null",108.33,152351,10.0758440978786,24,"Exudate vs Soil","Exudate","Not selected",3,3,3,3,TRUE,TRUE,TRUE,TRUE,"Leaf + Root + Exudate","Very early RT","No MS/MS assignment","Unknown","Tier 5: low priority"
"F530_mz117.0548_rt0.7",-0.0808585426786085,16.5602662992136,-0.310174213333128,0.769090998242874,0.898028747737678,-6.29528446961823,530,0.704,117.05482,"Unknown","[M+H]+","ion correlated with 4471; ion correlated with 1256; ion correlated with 2583; ion correlated with 52; ion correlated with 1567; ion correlated with 2015; ion correlated with 2206; ion correlated with 2543; ion correlated with 1187; ion correlated with 1441; ion correlated with 361; ion correlated with 1376; ion correlated with 2929; ion correlated with 2962",0.143,FALSE,"null","null","null","null",999,FALSE,FALSE,FALSE,"null","null","null","null","null",84.31,173482.666666667,10.0126371166546,24,"Exudate vs Soil","Soil","Not selected",3,3,3,3,TRUE,TRUE,TRUE,TRUE,"Leaf + Root + Exudate","Early RT","No MS/MS assignment","Unknown","Tier 5: low priority"
"F2839_mz282.1552_rt1.06",-0.0513428026069598,14.7696934760321,-0.301911166337588,0.775020364898909,0.904190425715394,-6.29817806624884,2839,1.059,282.15518,"Unknown","[M+H]+","ion correlated with 3803",0.071,FALSE,"null","null","null","null",999,FALSE,FALSE,FALSE,"null","null","null","null","null",20.42,27808.6666666667,6.9474762972108,24,"Exudate vs Soil","Soil","Not selected",3,3,3,3,TRUE,TRUE,TRUE,TRUE,"Leaf + Root + Exudate","RT >= 1 min","No MS/MS assignment","Unknown","Tier 5: low priority"
"F2084_mz224.1284_rt1.6",-0.186230553407183,11.1402008958508,-0.299430929750652,0.776803555459606,0.904253985965115,-6.29903193624064,2084,1.602,224.12839,"Unknown","[M+H]+","ion correlated with 2020",0.071,FALSE,"null","null","null","null",999,FALSE,FALSE,FALSE,"null","null","null","null","null",24.33,2370.66666666667,66.9921293042867,22,"Exudate vs Soil","Soil","Not selected",2,2,3,3,TRUE,TRUE,TRUE,TRUE,"Leaf + Root + Exudate","RT >= 1 min","No MS/MS assignment","Unknown","Tier 5: low priority"
"F2867_mz285.124_rt1.08",0.067645286596342,14.660873188899,0.299113198436417,0.777032104822836,0.904253985965115,-6.29914083126955,2867,1.076,285.12405,"Unknown","[M+H]+","ion correlated with 3277",0.143,FALSE,"null","null","null","null",999,FALSE,FALSE,FALSE,"null","null","null","null","null",60.12,43728,13.0241944704887,24,"Exudate vs Soil","Exudate","Not selected",3,3,3,3,TRUE,TRUE,TRUE,TRUE,"Leaf + Root + Exudate","RT >= 1 min","No MS/MS assignment","Unknown","Tier 5: low priority"
"F4094_mz394.353_rt5.78",0.045958897874569,15.7899926437069,0.296230978856986,0.779106501867061,0.9059073922716,-6.3001235559677,4094,5.778,394.35303,"Unknown","[M+H]+","ion correlated with 4566",0.071,FALSE,"null","null","null","null",999,FALSE,FALSE,FALSE,"null","null","null","null","null",22.86,55405.6666666667,5.02224762363133,24,"Exudate vs Soil","Exudate","Not selected",3,3,3,3,TRUE,TRUE,TRUE,TRUE,"Leaf + Root + Exudate","RT >= 1 min","No MS/MS assignment","Unknown","Tier 5: low priority"
"F1254_mz167.0131_rt7.9",-0.398021472873634,14.3880155064358,-0.28842711974748,0.78473356988903,0.908073457716792,-6.30273829079414,1254,7.905,167.01311,"Unknown","[M+H]+","ion correlated with 242; ion correlated with 335",0.036,FALSE,"null","null","null","null",999,FALSE,FALSE,FALSE,"null","null","null","null","null",3.93,15357,11.0212918348743,24,"Exudate vs Soil","Soil","Not selected",3,3,3,3,TRUE,TRUE,TRUE,TRUE,"Leaf + Root + Exudate","RT >= 1 min","No MS/MS assignment","Unknown","Tier 5: low priority"
"F442_mz111.0205_rt7.9",-0.326123134524178,16.459108301955,-0.29268996756756,0.781657910173345,0.908073457716792,-6.3013183422737,442,7.905,111.02049,"Unknown","[M+H]+","ion correlated with 368",0.036,TRUE,"null","null","null","null",999,FALSE,FALSE,FALSE,"null","null","null","null","null",8.32,74371.6666666667,7.79649333536514,24,"Exudate vs Soil","Soil","Not selected",3,3,3,3,TRUE,TRUE,TRUE,TRUE,"Leaf + Root + Exudate","RT >= 1 min","MS/MS available","Unknown","Tier 5: low priority"
"F1582_mz190.1075_rt0.68",-0.125113528964119,12.7180606039735,-0.290561779287308,0.783192842516587,0.908073457716792,-6.3020297525935,1582,0.677,190.10751,"Unknown","[M+H]+","ion correlated with 2923",0.036,FALSE,"null","null","null","null",999,FALSE,FALSE,FALSE,"null","null","null","null","null",268.27,9353.66666666667,36.8503777080958,16,"Exudate vs Soil","Soil","Not selected",1,0,3,3,FALSE,FALSE,TRUE,TRUE,"Exudate only","Early RT","No MS/MS assignment","Unknown","Tier 5: low priority"
"F2645_mz269.1752_rt1.19",-0.11373414866745,12.9058778111285,-0.28949323412696,0.783963942703797,0.908073457716792,-6.3023850557214,2645,1.187,269.17523,"Unknown","[M+H]+","ion correlated with 3623; ion correlated with 958; ion correlated with 1754; ion correlated with 2021; ion correlated with 3568",0.071,FALSE,"null","null","null","null",999,FALSE,FALSE,FALSE,"null","null","null","null","null",28.24,5637.66666666667,24.5063253724285,24,"Exudate vs Soil","Soil","Not selected",3,3,3,3,TRUE,TRUE,TRUE,TRUE,"Leaf + Root + Exudate","RT >= 1 min","No MS/MS assignment","Unknown","Tier 5: low priority"
"F1465_mz181.1225_rt4.46",-0.0857825701114221,11.5630171737874,-0.288196024127376,0.784900434592147,0.908073457716792,-6.30281469358089,1465,4.456,181.12254,"Unknown","[M+H]+","ion correlated with 2383",0.107,FALSE,"null","null","null","null",999,FALSE,FALSE,FALSE,"null","null","null","null","null",4.7,5014,77.4011964107677,22,"Exudate vs Soil","Soil","Not selected",3,3,3,3,TRUE,TRUE,TRUE,TRUE,"Leaf + Root + Exudate","RT >= 1 min","No MS/MS assignment","Unknown","Tier 5: low priority"
"F1219_mz165.0914_rt1.2",-0.0547076840959631,14.9068837076403,-0.290845140608738,0.782988406347298,0.908073457716792,-6.30193531981246,1219,1.197,165.09135,"Unknown","[M+H]+",NA,0.036,FALSE,"null","null","null","null",999,FALSE,FALSE,FALSE,"null","null","null","null","null",27.78,23745.6666666667,7.47755474452555,24,"Exudate vs Soil","Soil","Not selected",3,3,3,3,TRUE,TRUE,TRUE,TRUE,"Leaf + Root + Exudate","RT >= 1 min","No MS/MS assignment","Unknown","Tier 5: low priority"
"F1216_mz165.0549_rt0.53",-0.12095253406648,12.4583358879143,-0.284638153319069,0.787471080977533,0.910287671588707,-6.30398349646609,1216,0.528,165.05487,"Unknown","[M+H]+","ion correlated with 4682",0.179,FALSE,"null","null","null","null",999,FALSE,FALSE,FALSE,"null","null","null","null","null",185.48,12097.3333333333,153.363355834137,15,"Exudate vs Soil","Soil","Not selected",3,0,3,3,TRUE,FALSE,TRUE,TRUE,"Leaf + Exudate","Early RT","No MS/MS assignment","Unknown","Tier 5: low priority"
"F3379_mz322.1767_rt1.02",-0.156801324878348,13.0361938579078,-0.280408940930321,0.790530793806741,0.913063066846786,-6.30535457930349,3379,1.025,322.17673,"Unknown","[M+H]+","ion correlated with 3465; ion correlated with 3294; ion correlated with 4231; ion correlated with 3920; ion correlated with 3652; ion correlated with 4454; ion correlated with 3451; ion correlated with 3613; ion correlated with 1836; ion correlated with 2985; ion correlated with 3479; ion correlated with 3776; ion correlated with 3453; ion correlated with 2554; ion correlated with 3295; ion correlated with 3921; ion correlated with 3523",0.357,TRUE,"null","null","null","null",999,FALSE,FALSE,FALSE,"null","null","null","null","null",29.59,15087,27.4506892895016,23,"Exudate vs Soil","Soil","Not selected",2,3,3,3,TRUE,TRUE,TRUE,TRUE,"Leaf + Root + Exudate","RT >= 1 min","MS/MS available","Unknown","Tier 5: low priority"
"F1234_mz166.0866_rt1.17",-0.0731466652350336,14.0825938174512,-0.27808924170043,0.792210857938566,0.914241672858328,-6.30609817578649,1234,1.173,166.08665,"Unknown","[M+H]+","ion correlated with 764; found in higher mz's MsMs_3360",0.071,TRUE,"null","null","null","null",999,FALSE,FALSE,FALSE,"null","null","null","null","null",179.95,19010,337.913786755037,24,"Exudate vs Soil","Soil","Not selected",3,3,3,3,TRUE,TRUE,TRUE,TRUE,"Leaf + Root + Exudate","RT >= 1 min","MS/MS available","Unknown","Tier 5: low priority"
"F2195_mz232.1549_rt0.98",-0.129289658001745,13.1658211489095,-0.276645298069092,0.793257296584387,0.914687698058204,-6.30655802224733,2195,0.984,232.15494,"Unknown","[M+H]+",NA,0.071,TRUE,"null","null","null","null",999,FALSE,FALSE,FALSE,"null","null","null","null","null",143.52,9995.33333333333,75.0501183767381,16,"Exudate vs Soil","Soil","Not selected",1,1,3,3,FALSE,FALSE,TRUE,TRUE,"Exudate only","Early RT","MS/MS available","Unknown","Tier 5: low priority"
"F838_mz138.0553_rt1.09",-0.0696939793314855,14.3343315360987,-0.271655485994162,0.796877254597329,0.918097984099666,-6.30812924687697,838,1.091,138.05528,"Unknown","[M+H]+",NA,0.071,TRUE,"null","null","null","null",999,FALSE,FALSE,FALSE,"null","null","null","null","null",99.7,23135,27.113545988935,24,"Exudate vs Soil","Soil","Not selected",3,3,3,3,TRUE,TRUE,TRUE,TRUE,"Leaf + Root + Exudate","RT >= 1 min","MS/MS available","Unknown","Tier 5: low priority"
"F2835_mz282.1202_rt0.9",0.14128726697867,11.9942277988888,0.260275374371696,0.805154797321527,0.926564368249631,-6.31160884726793,2835,0.903,282.12021,"Unknown","[M+H]+","ion correlated with 1053; ion correlated with 2204; ion correlated with 2802",0.357,FALSE,"null","null","null","null",999,FALSE,FALSE,FALSE,"null","null","null","null","null",176.46,4169.66666666667,392.752797314578,22,"Exudate vs Soil","Exudate","Not selected",2,2,3,3,TRUE,TRUE,TRUE,TRUE,"Leaf + Root + Exudate","Early RT","No MS/MS assignment","Unknown","Tier 5: low priority"
"F1560_mz188.1285_rt1.2",0.0493902121354452,14.0881399851863,0.259715468949144,0.805562816551808,0.926564368249631,-6.31177631125867,1560,1.201,188.12851,"Unknown","[M+H]+","ion correlated with 1798",0.179,FALSE,"null","null","null","null",999,FALSE,FALSE,FALSE,"null","null","null","null","null",110.98,18947,18.8447857293646,24,"Exudate vs Soil","Exudate","Not selected",3,3,3,3,TRUE,TRUE,TRUE,TRUE,"Leaf + Root + Exudate","RT >= 1 min","No MS/MS assignment","Unknown","Tier 5: low priority"
"F3695_mz351.2173_rt1.24",0.20869899053356,12.1507981710496,0.258222420043921,0.806651188110193,0.927046887828132,-6.31222115794243,3695,1.242,351.21732,"Unknown","[M+H]+","ion correlated with 3816; ion correlated with 3642; ion correlated with 3131; similar chromatogram in higher mz_3886; similar chromatogram in higher mz_4985",0.071,FALSE,"null","null","null","null",999,FALSE,FALSE,FALSE,"null","null","null","null","null",42.33,10350,56.1309052265482,24,"Exudate vs Soil","Exudate","Not selected",3,3,3,3,TRUE,TRUE,TRUE,TRUE,"Leaf + Root + Exudate","RT >= 1 min","No MS/MS assignment","Unknown","Tier 5: low priority"
"F3518_mz335.2221_rt1.99",0.114468393340397,11.5135494565997,0.252075312208232,0.811137395613729,0.930659296623037,-6.31402636875552,3518,1.991,335.22205,"Unknown","[M+H]+",NA,0.036,TRUE,"null","null","null","null",999,FALSE,FALSE,FALSE,"null","null","null","null","null",170.15,1443,2130.19944598338,23,"Exudate vs Soil","Exudate","Not selected",3,3,3,3,TRUE,TRUE,TRUE,TRUE,"Leaf + Root + Exudate","RT >= 1 min","MS/MS available","Unknown","Tier 5: low priority"
"F1332_mz173.0296_rt0.39",-0.0973816165653352,15.2660901705348,-0.249773709861354,0.812819258271016,0.931745042065038,-6.31469137965029,1332,0.389,173.0296,"Unknown","[M+H]+",NA,0.179,FALSE,"null","null","null","null",999,FALSE,FALSE,FALSE,"null","null","null","null","null",7.37,5878.66666666667,31.9798741425251,24,"Exudate vs Soil","Soil","Not selected",3,3,3,3,TRUE,TRUE,TRUE,TRUE,"Leaf + Root + Exudate","Very early RT","No MS/MS assignment","Unknown","Tier 5: low priority"
"F2351_mz245.1865_rt1.04",0.0911058774056558,12.5201405936697,0.244044296985758,0.817010911487206,0.933216385632115,-6.31632097845669,2351,1.04,245.18651,"Unknown","[M+H]+","ion correlated with 2183; ion correlated with 2580; ion correlated with 766; similar chromatogram in higher mz_2439",0.536,TRUE,"null","null","null","null",999,FALSE,FALSE,FALSE,"null","null","null","null","null",1719.43,6023.66666666667,3266.50686068385,24,"Exudate vs Soil","Exudate","Not selected",3,3,3,3,TRUE,TRUE,TRUE,TRUE,"Leaf + Root + Exudate","RT >= 1 min","MS/MS available","Unknown","Tier 5: low priority"
"F1302_mz170.958_rt0.41",-0.085907942240357,17.0424577813274,-0.243504782808159,0.817405982797538,0.933216385632115,-6.31647253100568,1302,0.411,170.95804,"Unknown","[M+H]+",NA,0.321,FALSE,"null","null","null","null",999,FALSE,FALSE,FALSE,"null","null","null","null","null",91.11,8199.33333333333,27.9967887484249,23,"Exudate vs Soil","Soil","Not selected",2,3,3,3,TRUE,TRUE,TRUE,TRUE,"Leaf + Root + Exudate","Very early RT","No MS/MS assignment","Unknown","Tier 5: low priority"
"F725_mz130.05_rt0.46",0.0656088066336211,17.0490752244223,0.244613102756813,0.816594457680149,0.933216385632115,-6.31616084344313,725,0.456,130.05005,"Unknown","[M+H]+","found in higher mz's MsMs_4587",0.571,TRUE,"null","null","null","null",999,FALSE,FALSE,FALSE,"null","null","null","null","null",3045.47,43102.6666666667,839.251966190038,24,"Exudate vs Soil","Exudate","Not selected",3,3,3,3,TRUE,TRUE,TRUE,TRUE,"Leaf + Root + Exudate","Very early RT","MS/MS available","Unknown","Tier 5: low priority"
"F258_mz97.0286_rt0.69",-0.036224066076627,16.0065513984822,-0.243507071856009,0.817404306460734,0.933216385632115,-6.31647188869052,258,0.694,97.02857,"Unknown","[M+H]+",NA,0.143,FALSE,"null","null","null","null",999,FALSE,FALSE,FALSE,"null","null","null","null","null",76.89,97499.3333333333,11.5510476887259,23,"Exudate vs Soil","Soil","Not selected",3,2,3,3,TRUE,TRUE,TRUE,TRUE,"Leaf + Root + Exudate","Early RT","No MS/MS assignment","Unknown","Tier 5: low priority"
"F3300_mz316.2853_rt2.04",-0.0679227815844091,12.8753120462092,-0.238744586847352,0.820894401412496,0.936427687537218,-6.31779551044487,3300,2.041,316.28531,"Unknown","[M+H]+",NA,0.214,TRUE,"null","null","null","null",999,FALSE,FALSE,FALSE,"null","null","null","null","null",56.31,6306.33333333333,292.38251770426,24,"Exudate vs Soil","Soil","Not selected",3,3,3,3,TRUE,TRUE,TRUE,TRUE,"Leaf + Root + Exudate","RT >= 1 min","MS/MS available","Unknown","Tier 5: low priority"
"F3569_mz340.1873_rt1.09",0.103630685614876,12.1184429711934,0.234408179357499,0.824076361927461,0.938512602819606,-6.3189785050117,3569,1.092,340.18729,"Unknown","[M+H]+","ion correlated with 3786; ion correlated with 3587; ion correlated with 3129; ion correlated with 3160; ion correlated with 2908; ion correlated with 2633; ion correlated with 3335; ion correlated with 2190; ion correlated with 2499; ion correlated with 807",0.393,TRUE,"null","null","null","null",999,FALSE,FALSE,FALSE,"null","null","null","null","null",94.65,4444,194.004724409449,23,"Exudate vs Soil","Exudate","Not selected",3,2,3,3,TRUE,TRUE,TRUE,TRUE,"Leaf + Root + Exudate","RT >= 1 min","MS/MS available","Unknown","Tier 5: low priority"
"F1765_mz202.1078_rt1",-0.0415021130044,13.5010618580419,-0.234781053990381,0.82380260254277,0.938512602819606,-6.31887761545214,1765,1.003,202.1078,"Unknown","[M+H]+","ion correlated with 4067; ion correlated with 4082; ion correlated with 3243; ion correlated with 650; ion correlated with 1504; ion correlated with 1578; ion correlated with 1606",0.107,TRUE,"null","null","null","null",999,FALSE,FALSE,FALSE,"null","null","null","null","null",296.01,10267.6666666667,143.679705252224,23,"Exudate vs Soil","Soil","Not selected",3,2,3,3,TRUE,TRUE,TRUE,TRUE,"Leaf + Root + Exudate","RT >= 1 min","MS/MS available","Unknown","Tier 5: low priority"
"F3117_mz301.2853_rt1.71",-0.121551047358238,11.5969141283654,-0.231930181063236,0.825896394922201,0.939042168467736,-6.31964500033814,3117,1.705,301.28531,"Unknown","[M+H]+",NA,0.071,FALSE,"null","null","null","null",999,FALSE,FALSE,FALSE,"null","null","null","null","null",5.6,3254.33333333333,45.3781486790907,24,"Exudate vs Soil","Soil","Not selected",3,3,3,3,TRUE,TRUE,TRUE,TRUE,"Leaf + Root + Exudate","RT >= 1 min","No MS/MS assignment","Unknown","Tier 5: low priority"
"F1466_mz181.1226_rt1.14",0.034615682020076,15.116522917784,0.232398024471917,0.825552678968709,0.939042168467736,-6.31951969701509,1466,1.14,181.12256,"Unknown","[M+H]+",NA,0.179,FALSE,"null","null","null","null",999,FALSE,FALSE,FALSE,"null","null","null","null","null",14.54,54038,7.83915320416736,24,"Exudate vs Soil","Exudate","Not selected",3,3,3,3,TRUE,TRUE,TRUE,TRUE,"Leaf + Root + Exudate","RT >= 1 min","No MS/MS assignment","Unknown","Tier 5: low priority"
"F1308_mz171.1129_rt1.01",0.117695509857308,11.4467101738577,0.226918847376667,0.829580895971409,0.939422862339583,-6.32097170098472,1308,1.008,171.11293,"Unknown","[M+H]+","ion correlated with 2868; ion correlated with 1601",0.071,FALSE,"null","null","null","null",999,FALSE,FALSE,FALSE,"null","null","null","null","null",18.4,0,525594,19,"Exudate vs Soil","Exudate","Not selected",1,0,3,3,FALSE,FALSE,TRUE,TRUE,"Exudate only","RT >= 1 min","No MS/MS assignment","Unknown","Tier 5: low priority"
"F1626_mz193.1226_rt2.26",-0.114144714967923,11.4266327177976,-0.228400768289343,0.828490813737608,0.939422862339583,-6.32058232961995,1626,2.263,193.12262,"Unknown","[M+H]+",NA,0.071,TRUE,"null","null","null","null",999,FALSE,FALSE,FALSE,"null","null","null","null","null",7.83,1259.66666666667,369.201480698043,24,"Exudate vs Soil","Soil","Not selected",3,3,3,3,TRUE,TRUE,TRUE,TRUE,"Leaf + Root + Exudate","RT >= 1 min","MS/MS available","Unknown","Tier 5: low priority"
"F2028_mz220.1184_rt0.96",-0.101696141512672,13.4064007260078,-0.229648587680707,0.827573273923449,0.939422862339583,-6.32025254472309,2028,0.96,220.11839,"Unknown","[M+H]+","similar chromatogram in higher mz_3191; similar chromatogram in higher mz_4845; similar chromatogram in higher mz_4839; similar chromatogram in higher mz_3066; similar chromatogram in higher mz_3376",0.643,TRUE,"null","null","null","null",999,FALSE,FALSE,FALSE,"null","null","null","null","null",1282.7,10889,1289.89761248852,24,"Exudate vs Soil","Soil","Not selected",3,3,3,3,TRUE,TRUE,TRUE,TRUE,"Leaf + Root + Exudate","Early RT","MS/MS available","Unknown","Tier 5: low priority"
"F1726_mz200.0921_rt0.92",0.0760963045738531,12.9450381419582,0.227258658663697,0.829330896446857,0.939422862339583,-6.32088263551298,1726,0.916,200.09212,"Unknown","[M+H]+","ion correlated with 1507; ion correlated with 1358; ion correlated with 638; ion correlated with 1111; ion correlated with 670",0.107,TRUE,"null","null","null","null",999,FALSE,FALSE,FALSE,"null","null","null","null","null",345.45,4154,533.513116726835,21,"Exudate vs Soil","Exudate","Not selected",3,0,3,3,TRUE,FALSE,TRUE,TRUE,"Leaf + Exudate","Early RT","MS/MS available","Unknown","Tier 5: low priority"
"F2345_mz245.1289_rt1.18",0.0695400948544827,13.442058529665,0.226865439733807,0.829620190118073,0.939422862339583,-6.32098568741295,2345,1.175,245.12889,"Unknown","[M+H]+","ion correlated with 184",0.429,TRUE,"null","null","null","null",999,FALSE,FALSE,FALSE,"null","null","null","null","null",342.75,9302.33333333333,265.002651379434,24,"Exudate vs Soil","Exudate","Not selected",3,3,3,3,TRUE,TRUE,TRUE,TRUE,"Leaf + Root + Exudate","RT >= 1 min","MS/MS available","Unknown","Tier 5: low priority"
"F4708_mz536.1658_rt9.32",-0.193816460344364,13.0188140697987,-0.223185744621419,0.83232884720082,0.941720638547214,-6.32194156667873,4708,9.324,536.16583,"Unknown","[M+H]+",NA,0.071,TRUE,"null","null","null","null",999,FALSE,FALSE,FALSE,"null","null","null","null","null",3174.44,5407.66666666667,37.5356834709725,24,"Exudate vs Soil","Soil","Not selected",3,3,3,3,TRUE,TRUE,TRUE,TRUE,"Leaf + Root + Exudate","RT >= 1 min","MS/MS available","Unknown","Tier 5: low priority"
"F2453_mz254.1235_rt0.5",-0.103796405513276,12.6715930966653,-0.22127099018648,0.833739365985465,0.942547113585526,-6.3224329091397,2453,0.502,254.12352,"Unknown","[M+H]+",NA,0.107,FALSE,"null","null","null","null",999,FALSE,FALSE,FALSE,"null","null","null","null","null",161.95,9163,114.226102138804,19,"Exudate vs Soil","Soil","Not selected",3,0,3,3,TRUE,FALSE,TRUE,TRUE,"Leaf + Exudate","Early RT","No MS/MS assignment","Unknown","Tier 5: low priority"
"F887_mz141.055_rt0.72",0.0266259575306222,15.0819164231021,0.21761648796735,0.836433454348367,0.944822141586664,-6.32335916988803,887,0.719,141.05502,"Unknown","[M+H]+",NA,0.107,FALSE,"null","null","null","null",999,FALSE,FALSE,FALSE,"null","null","null","null","null",38.19,49629.3333333333,8.21245743530502,23,"Exudate vs Soil","Exudate","Not selected",2,3,3,3,TRUE,TRUE,TRUE,TRUE,"Leaf + Root + Exudate","Early RT","No MS/MS assignment","Unknown","Tier 5: low priority"
"F1981_mz217.0977_rt1.06",-0.0740228913632866,14.3727804210748,-0.216180525656381,0.83749274246718,0.945248323338364,-6.32371898661084,1981,1.056,217.0977,"Unknown","[M+H]+","ion correlated with 966",0.429,TRUE,"null","null","null","null",999,FALSE,FALSE,FALSE,"null","null","null","null","null",471.61,32140.3333333333,156.188200033187,24,"Exudate vs Soil","Soil","Not selected",3,3,3,3,TRUE,TRUE,TRUE,TRUE,"Leaf + Root + Exudate","RT >= 1 min","MS/MS available","Unknown","Tier 5: low priority"
"F3237_mz311.2583_rt6.23",0.0996957380579152,12.2526299685798,0.213211873652216,0.839683912566106,0.946950287076178,-6.32445544895333,3237,6.227,311.25833,"Unknown","[M+H]+",NA,0.036,TRUE,"null","null","null","null",999,FALSE,FALSE,FALSE,"null","null","null","null","null",24.14,5476,35.8066459740734,24,"Exudate vs Soil","Exudate","Not selected",3,3,3,3,TRUE,TRUE,TRUE,TRUE,"Leaf + Root + Exudate","RT >= 1 min","MS/MS available","Unknown","Tier 5: low priority"
"F670_mz126.0552_rt0.94",0.0302772963439799,16.2170375253457,0.211440568004362,0.840992106911062,0.947654520470514,-6.32489011428804,670,0.942,126.05521,"Unknown","[M+H]+","ion correlated with 638; ion correlated with 1726; ion correlated with 1111; similar chromatogram in higher mz_1231; similar chromatogram in higher mz_2305; similar chromatogram in higher mz_4181; similar chromatogram in higher mz_4522",0.071,FALSE,"null","null","null","null",999,FALSE,FALSE,FALSE,"null","null","null","null","null",56.23,90465.3333333333,14.3585016893946,24,"Exudate vs Soil","Exudate","Not selected",3,3,3,3,TRUE,TRUE,TRUE,TRUE,"Leaf + Root + Exudate","Early RT","No MS/MS assignment","Unknown","Tier 5: low priority"
"F2003_mz218.1394_rt0.99",-0.102570832391222,13.2498797542775,-0.208966763154834,0.842820107042482,0.948172620422793,-6.32549121057435,2003,0.99,218.1394,"Unknown","[M+H]+",NA,0.036,FALSE,"null","null","null","null",999,FALSE,FALSE,FALSE,"null","null","null","null","null",61.98,8825.66666666667,32.0660120845921,23,"Exudate vs Soil","Soil","Not selected",2,3,3,3,TRUE,TRUE,TRUE,TRUE,"Leaf + Root + Exudate","Early RT","No MS/MS assignment","Unknown","Tier 5: low priority"
"F2570_mz262.1193_rt1.03",-0.153788828781553,11.9983630987753,-0.207605810026996,0.843826254703398,0.948534622075353,-6.32581893915482,2570,1.026,262.11932,"Unknown","[M+H]+","ion correlated with 3393; ion correlated with 3129",0.321,FALSE,"null","null","null","null",999,FALSE,FALSE,FALSE,"null","null","null","null","null",186.13,530,1688.49152542373,20,"Exudate vs Soil","Soil","Not selected",1,1,3,3,FALSE,FALSE,TRUE,TRUE,"Exudate only","RT >= 1 min","No MS/MS assignment","Unknown","Tier 5: low priority"
"F852_mz139.0392_rt1.04",-0.0454443509951775,13.8179968344795,-0.201069819117336,0.848662974851327,0.953198446632042,-6.32736353934255,852,1.038,139.03917,"Unknown","[M+H]+","ion correlated with 2937; found in higher mz's MsMs_2969",0.143,TRUE,"null","null","null","null",999,FALSE,FALSE,FALSE,"null","null","null","null","null",24.14,18902.3333333333,40.1582084288485,23,"Exudate vs Soil","Soil","Not selected",3,3,3,3,TRUE,TRUE,TRUE,TRUE,"Leaf + Root + Exudate","RT >= 1 min","MS/MS available","Unknown","Tier 5: low priority"
"F1536_mz187.0602_rt0.92",0.078767831304992,12.3288748583677,0.199360202957038,0.849929374778156,0.953847865135648,-6.3277595454546,1536,0.919,187.06024,"Unknown","[M+H]+","ion correlated with 2695; ion correlated with 3141; ion correlated with 4002",0.036,FALSE,"null","null","null","null",999,FALSE,FALSE,FALSE,"null","null","null","null","null",12.48,4208.66666666667,37.8421886135086,11,"Exudate vs Soil","Exudate","Not selected",3,0,3,3,TRUE,FALSE,TRUE,TRUE,"Leaf + Exudate","Early RT","No MS/MS assignment","Unknown","Tier 5: low priority"
"F1392_mz176.1284_rt1.03",-0.912812185721311,7.19450429164793,-0.196256688802417,0.852229619197026,0.954882984807662,-6.32846992612475,1392,1.026,176.12843,"Unknown","[M+H]+","ion correlated with 916; ion correlated with 3477; ion correlated with 3132; ion correlated with 2444; ion correlated with 3393; ion correlated with 2891; ion correlated with 2926; ion correlated with 1544; ion correlated with 2620; ion correlated with 3091; ion correlated with 3432; ion correlated with 1374; ion correlated with 3627; ion correlated with 2672; ion correlated with 3786; ion correlated with 3129; ion correlated with 2908; similar chromatogram in higher mz_2339",0.357,TRUE,"null","null","null","null",999,FALSE,FALSE,FALSE,"null","null","null","null","null",253.45,0,1270965,18,"Exudate vs Soil","Soil","Not selected",3,1,2,2,TRUE,FALSE,TRUE,TRUE,"Leaf + Exudate","RT >= 1 min","MS/MS available","Unknown","Tier 5: low priority"
"F1970_mz216.1236_rt0.76",-0.0442966471966628,14.1244433588277,-0.194597295165538,0.853460206548085,0.955489375020716,-6.3288452540445,1970,0.757,216.1236,"Unknown","[M+H]+",NA,0.071,FALSE,"null","null","null","null",999,FALSE,FALSE,FALSE,"null","null","null","null","null",24.16,24666.6666666667,13.3260273232166,19,"Exudate vs Soil","Soil","Not selected",3,1,3,3,TRUE,FALSE,TRUE,TRUE,"Leaf + Exudate","Early RT","No MS/MS assignment","Unknown","Tier 5: low priority"
"F864_mz140.0345_rt0.72",0.11511419571152,12.5171998075188,0.187375912007537,0.858820975440443,0.960184689171203,-6.33044206450603,864,0.716,140.03448,"Unknown","[M+H]+",NA,0.143,TRUE,"null","null","null","null",999,FALSE,FALSE,FALSE,"null","null","null","null","null",27.59,9596.66666666667,137.809537040253,19,"Exudate vs Soil","Exudate","Not selected",1,0,3,3,FALSE,FALSE,TRUE,TRUE,"Exudate only","Early RT","MS/MS available","Unknown","Tier 5: low priority"
"F911_mz143.073_rt1.01",0.045425953333107,14.1502160038647,0.185601731717874,0.860139370592208,0.960184689171203,-6.33082527237826,911,1.008,143.07303,"Unknown","[M+H]+","ion correlated with 4224; ion correlated with 4397; ion correlated with 4637; ion correlated with 3721; ion correlated with 2432; ion correlated with 3269; ion correlated with 4231; ion correlated with 3920; ion correlated with 4454; ion correlated with 4150; ion correlated with 4138; ion correlated with 1750; ion correlated with 2985; ion correlated with 3479; ion correlated with 3776; ion correlated with 3453; ion correlated with 3174; ion correlated with 3921; found in higher mz's MsMs_1810; found in higher mz's MsMs_1554; found in higher mz's MsMs_2762",0.143,FALSE,"null","null","null","null",999,FALSE,FALSE,FALSE,"null","null","null","null","null",27.33,27699.6666666667,9.77388029168973,23,"Exudate vs Soil","Exudate","Not selected",3,2,3,3,TRUE,TRUE,TRUE,TRUE,"Leaf + Root + Exudate","RT >= 1 min","No MS/MS assignment","Unknown","Tier 5: low priority"
"F1221_mz165.1276_rt1.17",0.0450653690586166,12.8744331941145,0.18335348556552,0.861810788837645,0.960184689171203,-6.33130571160935,1221,1.172,165.12764,"Unknown","[M+H]+","ion correlated with 1764; ion correlated with 2690; ion correlated with 4223; ion correlated with 5140; ion correlated with 4543; ion correlated with 4153; ion correlated with 3574; ion correlated with 4677; ion correlated with 3143; ion correlated with 4950; ion correlated with 1598; ion correlated with 4110; ion correlated with 3772; ion correlated with 4353; ion correlated with 4341; ion correlated with 4388; ion correlated with 2740; ion correlated with 4166; ion correlated with 3635; ion correlated with 4229; ion correlated with 2037; ion correlated with 4797; ion correlated with 1407; ion correlated with 4789; ion correlated with 4803; ion correlated with 4937; ion correlated with 2013; ion correlated with 4871; ion correlated with 4825",0.036,FALSE,"null","null","null","null",999,FALSE,FALSE,FALSE,"null","null","null","null","null",21.9,7503,24.5253198294243,22,"Exudate vs Soil","Exudate","Not selected",3,3,3,3,TRUE,TRUE,TRUE,TRUE,"Leaf + Root + Exudate","RT >= 1 min","No MS/MS assignment","Unknown","Tier 5: low priority"
"F1367_mz174.9384_rt0.42",-0.0389627501608269,16.9308867006117,-0.185409364433642,0.860282350156893,0.960184689171203,-6.33086660614242,1367,0.416,174.93839,"Unknown","[M+H]+",NA,0.214,FALSE,"null","null","null","null",999,FALSE,FALSE,FALSE,"null","null","null","null","null",96.08,0,702440,24,"Exudate vs Soil","Soil","Not selected",3,3,3,3,TRUE,TRUE,TRUE,TRUE,"Leaf + Root + Exudate","Very early RT","No MS/MS assignment","Unknown","Tier 5: low priority"
"F667_mz126.055_rt0.74",-0.0276431865415579,16.6816150652624,-0.18505662816195,0.860544541940401,0.960184689171203,-6.33094228845618,667,0.74,126.05503,"Unknown","[M+H]+","ion correlated with 2509; ion correlated with 1268; ion correlated with 2341; ion correlated with 2165",0.071,FALSE,"null","null","null","null",999,FALSE,FALSE,FALSE,"null","null","null","null","null",74.95,116228.666666667,7.91057934147621,24,"Exudate vs Soil","Soil","Not selected",3,3,3,3,TRUE,TRUE,TRUE,TRUE,"Leaf + Root + Exudate","Early RT","No MS/MS assignment","Unknown","Tier 5: low priority"
"F851_mz139.0391_rt0.48",-0.0239770422290764,15.4997417386299,-0.183679744749769,0.861568186019945,0.960184689171203,-6.33123634970501,851,0.481,139.03908,"Unknown","[M+2H]2+","ion correlated with 2200; ion correlated with 2220; ion correlated with 2266; ion correlated with 1942; ion correlated with 251; ion correlated with 1323; ion correlated with 3203; ion correlated with 2488",0.143,FALSE,"null","null","null","null",999,FALSE,FALSE,FALSE,"null","null","null","null","null",105.87,88508,29.927928233287,13,"Exudate vs Soil","Soil","Not selected",3,3,3,3,TRUE,TRUE,TRUE,TRUE,"Leaf + Root + Exudate","Very early RT","No MS/MS assignment","Unknown","Tier 5: low priority"
"F3198_mz307.1908_rt1.46",0.104156854963213,11.9566264364959,0.175024466616176,0.868009946492447,0.96521805043947,-6.33303524008202,3198,1.457,307.19083,"Unknown","[M+H]+","similar chromatogram in higher mz_3556",0.107,TRUE,"null","null","null","null",999,FALSE,FALSE,FALSE,"null","null","null","null","null",1513.46,4158.66666666667,1774.44218286722,24,"Exudate vs Soil","Exudate","Not selected",3,3,3,3,TRUE,TRUE,TRUE,TRUE,"Leaf + Root + Exudate","RT >= 1 min","MS/MS available","Unknown","Tier 5: low priority"
"F1189_mz163.0756_rt1.16",0.0535320869662879,13.3990034214377,0.174477158412866,0.868417683187604,0.96521805043947,-6.33314611075437,1189,1.16,163.07556,"Unknown","[M+H]+","ion correlated with 3680; ion correlated with 3971; ion correlated with 4724; ion correlated with 3305; ion correlated with 4647; ion correlated with 739; ion correlated with 4590; ion correlated with 4895; ion correlated with 4726; ion correlated with 4062; ion correlated with 4100; ion correlated with 4516; ion correlated with 827",0.071,FALSE,"null","null","null","null",999,FALSE,FALSE,FALSE,"null","null","null","null","null",49.12,8939,118.275279642058,24,"Exudate vs Soil","Exudate","Not selected",3,3,3,3,TRUE,TRUE,TRUE,TRUE,"Leaf + Root + Exudate","RT >= 1 min","No MS/MS assignment","Unknown","Tier 5: low priority"
"F3011_mz294.1551_rt1.19",0.0210537652513995,18.8643091812763,0.175310838253172,0.867796622356542,0.96521805043947,-6.33297709187807,3011,1.193,294.15512,"Unknown","[M+H]+",NA,0.964,TRUE,"null","null","null","null",999,FALSE,FALSE,FALSE,"null","null","null","null","null",105.6,654441.333333333,5.56133797375577,24,"Exudate vs Soil","Exudate","Not selected",3,3,3,3,TRUE,TRUE,TRUE,TRUE,"Leaf + Root + Exudate","RT >= 1 min","MS/MS available","Unknown","Tier 5: low priority"
"F2154_mz229.1551_rt1.04",0.767694911235589,6.97341892826734,0.171539046776052,0.870607325866537,0.966102284748615,-6.3337354354432,2154,1.045,229.15509,"Unknown","[M+H]+",NA,0.143,TRUE,"null","null","null","null",999,FALSE,FALSE,FALSE,"null","null","null","null","null",71.18,6854.66666666667,183.472601740652,22,"Exudate vs Soil","Exudate","Not selected",3,3,2,2,TRUE,TRUE,TRUE,TRUE,"Leaf + Root + Exudate","RT >= 1 min","MS/MS available","Unknown","Tier 5: low priority"
"F1836_mz207.1133_rt1.01",0.100757247251697,13.59849193065,0.170160645154744,0.871635042777464,0.966468935431652,-6.33400850748856,1836,1.009,207.11331,"Unknown","[M+H]+","ion correlated with 4224; ion correlated with 3480; ion correlated with 4443; ion correlated with 3465; ion correlated with 3294; ion correlated with 4231; ion correlated with 1581; ion correlated with 4454; ion correlated with 3451; ion correlated with 2985; ion correlated with 3379; ion correlated with 3479; ion correlated with 3776; ion correlated with 2554; ion correlated with 3295",0.036,FALSE,"null","null","null","null",999,FALSE,FALSE,FALSE,"null","null","null","null","null",73.89,21376,18.6276371801469,24,"Exudate vs Soil","Exudate","Not selected",3,3,3,3,TRUE,TRUE,TRUE,TRUE,"Leaf + Root + Exudate","RT >= 1 min","No MS/MS assignment","Unknown","Tier 5: low priority"
"F3197_mz307.1775_rt1.02",0.0781314620771584,12.9292698221154,0.161697467356586,0.877951302962393,0.971917336985524,-6.33563739273013,3197,1.022,307.17749,"Unknown","[M+H]+","ion correlated with 761",0.321,FALSE,"null","null","null","null",999,FALSE,FALSE,FALSE,"null","null","null","null","null",126.28,5579.66666666667,108.571078724167,23,"Exudate vs Soil","Exudate","Not selected",3,2,3,3,TRUE,TRUE,TRUE,TRUE,"Leaf + Root + Exudate","RT >= 1 min","No MS/MS assignment","Unknown","Tier 5: low priority"
"F2222_mz235.0872_rt1.18",0.0627739962926352,11.2719433423354,0.162269340182704,0.877524169597282,0.971917336985524,-6.33552991395164,2222,1.175,235.08717,"Unknown","[M+H]+",NA,0.214,FALSE,"null","null","null","null",999,FALSE,FALSE,FALSE,"null","null","null","null","null",80.04,598.333333333333,367.638487208009,22,"Exudate vs Soil","Exudate","Not selected",3,1,3,3,TRUE,FALSE,TRUE,TRUE,"Leaf + Exudate","RT >= 1 min","No MS/MS assignment","Unknown","Tier 5: low priority"
"F1909_mz213.075_rt0.42",-0.857481830930454,8.52692064377716,-0.157371944656943,0.881183566477209,0.972907720742162,-6.33643817979076,1909,0.425,213.07503,"Unknown","[M+H]+",NA,0.571,TRUE,"null","null","null","null",999,FALSE,FALSE,FALSE,"null","null","null","null","null",317.49,21264.6666666667,675.68302584761,22,"Exudate vs Soil","Soil","Not selected",3,3,2,2,TRUE,TRUE,TRUE,TRUE,"Leaf + Root + Exudate","Very early RT","MS/MS available","Unknown","Tier 5: low priority"
"F111_mz79.0214_rt0.56",0.278065779674526,25.3313286345157,0.158378040785177,0.88043151966958,0.972907720742162,-6.3362538379284,111,0.561,79.02136,"Unknown","[M+H]+","ion correlated with 109",0.286,TRUE,"null","null","null","null",999,FALSE,FALSE,FALSE,"null","null","null","null","null",19413.32,28654934.6666667,53.5041782272599,24,"Exudate vs Soil","Exudate","Not selected",3,3,3,3,TRUE,TRUE,TRUE,TRUE,"Leaf + Root + Exudate","Early RT","MS/MS available","Unknown","Tier 5: low priority"
"F5001_mz685.4364_rt9.06",0.0533337123637744,16.0546418195747,0.156743025329657,0.88165374982118,0.972907720742162,-6.33655282289796,5001,9.058,685.4364,"Unknown","[M+H]+",NA,0.036,FALSE,"null","null","null","null",999,FALSE,FALSE,FALSE,"null","null","null","null","null",40.43,49162.3333333333,6.88946369245373,24,"Exudate vs Soil","Exudate","Not selected",3,3,3,3,TRUE,TRUE,TRUE,TRUE,"Leaf + Root + Exudate","RT >= 1 min","No MS/MS assignment","Unknown","Tier 5: low priority"
"F2288_mz241.0977_rt1.08",-0.0388915107044007,14.2332531001361,-0.158333163990159,0.880465061577512,0.972907720742162,-6.33626208524639,2288,1.076,241.09773,"Unknown","[M+H]+","ion correlated with 1943",0.357,TRUE,"null","null","null","null",999,FALSE,FALSE,FALSE,"null","null","null","null","null",95.19,29593.3333333333,49.7394884155751,24,"Exudate vs Soil","Soil","Not selected",3,3,3,3,TRUE,TRUE,TRUE,TRUE,"Leaf + Root + Exudate","RT >= 1 min","MS/MS available","Unknown","Tier 5: low priority"
"F100_mz78.6808_rt0.52",0.796983168013324,8.19343339527017,0.149395009654936,0.887151217410628,0.973959610144706,-6.33785857892424,100,0.525,78.68075,"Unknown","[M+H]+","ion correlated with 123; found in higher mz's MsMs_109",0.429,TRUE,"null","null","null","null",999,FALSE,FALSE,FALSE,"null","null","null","null","null",683.15,7577.33333333333,191.54040026391,21,"Exudate vs Soil","Exudate","Not selected",2,3,2,2,TRUE,TRUE,TRUE,TRUE,"Leaf + Root + Exudate","Early RT","MS/MS available","Unknown","Tier 5: low priority"
"F4329_mz432.2387_rt2.38",-0.137032963793275,14.5876164075634,-0.146079530598314,0.88963410277287,0.973959610144706,-6.33842741431364,4329,2.384,432.23874,"Unknown","[M+H]+","ion correlated with 4230; ion correlated with 4403",0.179,TRUE,"null","null","null","null",999,FALSE,FALSE,FALSE,"null","null","null","null","null",56.55,0,296142,23,"Exudate vs Soil","Soil","Not selected",3,3,3,3,TRUE,TRUE,TRUE,TRUE,"Leaf + Root + Exudate","RT >= 1 min","MS/MS available","Unknown","Tier 5: low priority"
"F927_mz144.0811_rt1.04",0.115901135539141,11.9652451672738,0.147198784132137,0.888795757156741,0.973959610144706,-6.33823679888444,927,1.04,144.0811,"Unknown","[M+H]+","ion correlated with 2245; found in higher mz's MsMs_1981",0.464,FALSE,"null","null","null","null",999,FALSE,FALSE,FALSE,"null","null","null","null","null",139.6,1619,831.933333333333,24,"Exudate vs Soil","Exudate","Not selected",3,3,3,3,TRUE,TRUE,TRUE,TRUE,"Leaf + Root + Exudate","RT >= 1 min","No MS/MS assignment","Unknown","Tier 5: low priority"
"F392_mz107.0493_rt1.07",-0.0721507832635642,11.7821954235657,-0.152065490938772,0.885152424567556,0.973959610144706,-6.33739121009972,392,1.074,107.04929,"Unknown","[M+H]+","ion correlated with 4037; ion correlated with 3608; ion correlated with 1217; ion correlated with 3309; ion correlated with 3664; ion correlated with 1403; ion correlated with 3962; ion correlated with 3599; ion correlated with 4649; ion correlated with 3918; ion correlated with 819; ion correlated with 3140; ion correlated with 4724; similar chromatogram in higher mz_3599; found in higher mz's MsMs_3599; found in higher mz's MsMs_4649; similar chromatogram in higher mz_3349; similar chromatogram in higher mz_3664; similar chromatogram in higher mz_3741; similar chromatogram in higher mz_3757; similar chromatogram in higher mz_3830; similar chromatogram in higher mz_3903; similar chromatogram in higher mz_4338",0.107,TRUE,"null","null","null","null",999,FALSE,FALSE,FALSE,"null","null","null","null","null",212.74,3264.33333333333,539.614434463046,23,"Exudate vs Soil","Soil","Not selected",3,2,3,3,TRUE,TRUE,TRUE,TRUE,"Leaf + Root + Exudate","RT >= 1 min","MS/MS available","Unknown","Tier 5: low priority"
"F1766_mz202.1081_rt0.49",0.0577867757793168,13.4297127864622,0.146232880453032,0.889519230614199,0.973959610144706,-6.3384013831831,1766,0.489,202.10815,"Unknown","[M+H]+",NA,0.071,FALSE,"null","null","null","null",999,FALSE,FALSE,FALSE,"null","null","null","null","null",43.43,13047.6666666667,11.069023655035,18,"Exudate vs Soil","Exudate","Not selected",2,1,3,3,TRUE,FALSE,TRUE,TRUE,"Leaf + Exudate","Very early RT","No MS/MS assignment","Unknown","Tier 5: low priority"
"F560_mz118.1229_rt0.74",-0.0412679675267774,14.9706024219248,-0.146294486277366,0.88947308345026,0.973959610144706,-6.33839091797553,560,0.737,118.12287,"Unknown","[M+H]+","ion correlated with 2416; similar chromatogram in higher mz_4075; similar chromatogram in higher mz_1574",0.071,FALSE,"null","null","null","null",999,FALSE,FALSE,FALSE,"null","null","null","null","null",58.04,25067,17.2844263603,18,"Exudate vs Soil","Soil","Not selected",3,2,3,3,TRUE,TRUE,TRUE,TRUE,"Leaf + Root + Exudate","Early RT","No MS/MS assignment","Unknown","Tier 5: low priority"
"F366_mz104.1071_rt7.96",0.0319754483099137,16.1697266816704,0.149379168498253,0.887163077011321,0.973959610144706,-6.3378613268579,366,7.957,104.10712,"Unknown","[M+H]+","similar chromatogram in higher mz_439; similar chromatogram in higher mz_423; similar chromatogram in higher mz_750; similar chromatogram in higher mz_1984; similar chromatogram in higher mz_2557",0.036,TRUE,"null","null","null","null",999,FALSE,FALSE,FALSE,"null","null","null","null","null",32.63,59372.3333333333,5.53019312822816,24,"Exudate vs Soil","Exudate","Not selected",3,3,3,3,TRUE,TRUE,TRUE,TRUE,"Leaf + Root + Exudate","RT >= 1 min","MS/MS available","Unknown","Tier 5: low priority"
"F492_mz114.0916_rt1.06",-0.0267807624935382,19.3572430752897,-0.149750403982566,0.886885157622075,0.973959610144706,-6.33779685349376,492,1.059,114.09155,"Unknown","[M+H]+","similar chromatogram in higher mz_1284; similar chromatogram in higher mz_1691; similar chromatogram in higher mz_2410; similar chromatogram in higher mz_4081",0.786,TRUE,"null","null","null","null",999,FALSE,FALSE,FALSE,"null","null","null","null","null",147.16,427677.333333333,16.8831185431418,24,"Exudate vs Soil","Soil","Not selected",3,3,3,3,TRUE,TRUE,TRUE,TRUE,"Leaf + Root + Exudate","RT >= 1 min","MS/MS available","Unknown","Tier 5: low priority"
"F5040_mz708.5122_rt9",0.0235852933437591,18.3327117837062,0.151911559039203,0.8852676127756,0.973959610144706,-6.33741837293032,5040,8.996,708.51221,"Unknown","[M+H]+",NA,0.357,TRUE,"null","null","null","null",999,FALSE,FALSE,FALSE,"null","null","null","null","null",735.77,214670.333333333,6.33617436888018,24,"Exudate vs Soil","Exudate","Not selected",3,3,3,3,TRUE,TRUE,TRUE,TRUE,"Leaf + Root + Exudate","RT >= 1 min","MS/MS available","Unknown","Tier 5: low priority"
"F952_mz145.0498_rt0.68",-0.0220237043107259,17.8322821052018,-0.15118518490896,0.885811206551732,0.973959610144706,-6.33754618129396,952,0.681,145.04976,"Unknown","[M+H]+",NA,0.107,FALSE,"null","null","null","null",999,FALSE,FALSE,FALSE,"null","null","null","null","null",130.35,325141.666666667,6.78016214420747,24,"Exudate vs Soil","Soil","Not selected",3,3,3,3,TRUE,TRUE,TRUE,TRUE,"Leaf + Root + Exudate","Early RT","No MS/MS assignment","Unknown","Tier 5: low priority"
"F242_mz94.0453_rt7.9",0.247752900589223,14.3794949668793,0.141736373065071,0.892888766808221,0.975980939113718,-6.3391534219267,242,7.905,94.04533,"Unknown","[M+H]+","ion correlated with 335; ion correlated with 1254; similar chromatogram in higher mz_442; similar chromatogram in higher mz_335; similar chromatogram in higher mz_368; similar chromatogram in higher mz_423; similar chromatogram in higher mz_753; similar chromatogram in higher mz_1254; similar chromatogram in higher mz_1515; similar chromatogram in higher mz_1987; similar chromatogram in higher mz_2557",0.036,FALSE,"null","null","null","null",999,FALSE,FALSE,FALSE,"null","null","null","null","null",2.99,6822,35.2878499193903,24,"Exudate vs Soil","Exudate","Not selected",3,3,3,3,TRUE,TRUE,TRUE,TRUE,"Leaf + Root + Exudate","RT >= 1 min","No MS/MS assignment","Unknown","Tier 5: low priority"
"F2225_mz235.1444_rt0.98",-0.0829643010507155,15.7013894886492,-0.141872912359709,0.892786410431382,0.975980939113718,-6.33913092860793,2225,0.975,235.14444,"Unknown","[M+H]+",NA,0.071,TRUE,"null","null","null","null",999,FALSE,FALSE,FALSE,"null","null","null","null","null",119.42,199098.666666667,22.9156938149905,24,"Exudate vs Soil","Soil","Not selected",3,3,3,3,TRUE,TRUE,TRUE,TRUE,"Leaf + Root + Exudate","Early RT","MS/MS available","Unknown","Tier 5: low priority"
"F1967_mz216.0773_rt0.93",-0.695653389027616,7.77206934439904,-0.140280983453112,0.893979943347172,0.976403626067124,-6.33939184638637,1967,0.928,216.07733,"Unknown","[M+H]+","ion correlated with 902; ion correlated with 2599; ion correlated with 2434",0.107,FALSE,"null","null","null","null",999,FALSE,FALSE,FALSE,"null","null","null","null","null",99.54,2199,156.736363636364,16,"Exudate vs Soil","Soil","Not selected",0,0,2,2,FALSE,FALSE,TRUE,TRUE,"Exudate only","Early RT","No MS/MS assignment","Unknown","Tier 5: low priority"
"F3134_mz302.3058_rt3.01",0.657862965795526,7.54296589018663,0.136743988942877,0.896632907562087,0.976991517202085,-6.3399611077706,3134,3.011,302.30582,"Unknown","[M+H]+",NA,0.214,TRUE,"null","null","null","null",999,FALSE,FALSE,FALSE,"null","null","null","null","null",75.37,1574.33333333333,960.204401184934,19,"Exudate vs Soil","Exudate","Not selected",3,3,2,2,TRUE,TRUE,TRUE,TRUE,"Leaf + Root + Exudate","RT >= 1 min","MS/MS available","Unknown","Tier 5: low priority"
"F1881_mz210.1128_rt1.57",0.075620815036053,11.3288617703062,0.138333134821126,0.895440757529992,0.976991517202085,-6.33970712682118,1881,1.573,210.11278,"Unknown","[M+H]+",NA,0.143,FALSE,"null","null","null","null",999,FALSE,FALSE,FALSE,"null","null","null","null","null",20.72,2534.33333333333,74.1456744675256,22,"Exudate vs Soil","Exudate","Not selected",2,2,3,3,TRUE,TRUE,TRUE,TRUE,"Leaf + Root + Exudate","RT >= 1 min","No MS/MS assignment","Unknown","Tier 5: low priority"
"F1557_mz188.092_rt0.72",-0.0359097291669236,14.0442209839072,-0.136758925546959,0.896621700926959,0.976991517202085,-6.33995873412286,1557,0.718,188.09201,"Unknown","[M+H]+","ion correlated with 2748; similar chromatogram in higher mz_4164",0.179,FALSE,"null","null","null","null",999,FALSE,FALSE,FALSE,"null","null","null","null","null",194.18,16457.3333333333,51.6006075949367,22,"Exudate vs Soil","Soil","Not selected",3,1,3,3,TRUE,FALSE,TRUE,TRUE,"Leaf + Exudate","Early RT","No MS/MS assignment","Unknown","Tier 5: low priority"
"F2668_mz271.1447_rt1.15",0.0183512914181025,14.8791141302948,0.135741679497317,0.897384982791994,0.977042879929069,-6.34011980174463,2668,1.145,271.14468,"Unknown","[M+H]+",NA,0.25,FALSE,"null","null","null","null",999,FALSE,FALSE,FALSE,"null","null","null","null","null",29.02,38281.3333333333,8.70077581477966,24,"Exudate vs Soil","Exudate","Not selected",3,3,3,3,TRUE,TRUE,TRUE,TRUE,"Leaf + Root + Exudate","RT >= 1 min","No MS/MS assignment","Unknown","Tier 5: low priority"
"F2099_mz226.0713_rt0.75",-0.689758806301149,8.03780598544055,-0.134060247666905,0.898646907203828,0.977370299654538,-6.34038341791904,2099,0.746,226.07135,"Unknown","[M+H]+","ion correlated with 2251",0.286,FALSE,"null","null","null","null",999,FALSE,FALSE,FALSE,"null","null","null","null","null",92.96,0,973365,16,"Exudate vs Soil","Soil","Not selected",0,0,2,2,FALSE,FALSE,TRUE,TRUE,"Exudate only","Early RT","No MS/MS assignment","Unknown","Tier 5: low priority"
"F1122_mz158.0925_rt0.77",0.642855762058406,7.83377904547294,0.128766740244443,0.902621921758881,0.977370299654538,-6.34119203793262,1122,0.773,158.09254,"Unknown","[M+H]+","similar chromatogram in higher mz_2523; similar chromatogram in higher mz_4233",0.429,TRUE,"null","null","null","null",999,FALSE,FALSE,FALSE,"null","null","null","null","null",1581.14,5809,5567.67005163511,17,"Exudate vs Soil","Exudate","Not selected",1,0,2,2,FALSE,FALSE,TRUE,TRUE,"Exudate only","Early RT","MS/MS available","Unknown","Tier 5: low priority"
"F4350_mz437.194_rt2.39",-0.144157042236959,13.5294876898125,-0.131322680709104,0.9007021945927,0.977370299654538,-6.34080563784999,4350,2.393,437.19403,"Unknown","[M+H]+","ion correlated with 4230; ion correlated with 4403; ion correlated with 4474",0.036,FALSE,"null","null","null","null",999,FALSE,FALSE,FALSE,"null","null","null","null","null",3436.4,0,171821,22,"Exudate vs Soil","Soil","Not selected",3,2,3,3,TRUE,TRUE,TRUE,TRUE,"Leaf + Root + Exudate","RT >= 1 min","No MS/MS assignment","Unknown","Tier 5: low priority"
"F2334_mz244.9242_rt0.42",-0.0793595704789299,14.2939528367822,-0.132521300441333,0.899802194949335,0.977370299654538,-6.34062183674136,2334,0.417,244.92421,"Unknown","[M+H]+","ion correlated with 4287; ion correlated with 4482; ion correlated with 3232; ion correlated with 3960",0.107,FALSE,"null","null","null","null",999,FALSE,FALSE,FALSE,"null","null","null","null","null",74.78,0,250202,18,"Exudate vs Soil","Soil","Not selected",0,0,3,3,FALSE,FALSE,TRUE,TRUE,"Exudate only","Very early RT","No MS/MS assignment","Unknown","Tier 5: low priority"
"F4482_mz462.8626_rt0.41",0.0589057681947778,14.8476831400084,0.130616611677485,0.901232435518128,0.977370299654538,-6.34091313326622,4482,0.414,462.86264,"Unknown","[M+H]+","ion correlated with 3232; ion correlated with 3960",0.25,FALSE,"null","null","null","null",999,FALSE,FALSE,FALSE,"null","null","null","null","null",3941.01,0,390186,18,"Exudate vs Soil","Exudate","Not selected",0,0,3,3,FALSE,FALSE,TRUE,TRUE,"Exudate only","Very early RT","No MS/MS assignment","Unknown","Tier 5: low priority"
"F3507_mz334.9143_rt0.41",-0.0422706486473784,16.9421072647694,-0.129359441991482,0.902176684700802,0.977370299654538,-6.34110310652755,3507,0.41,334.91428,"Unknown","[M+H]+",NA,0.321,FALSE,"null","null","null","null",999,FALSE,FALSE,FALSE,"null","null","null","null","null",451.52,0,171516,24,"Exudate vs Soil","Soil","Not selected",3,3,3,3,TRUE,TRUE,TRUE,TRUE,"Leaf + Root + Exudate","Very early RT","No MS/MS assignment","Unknown","Tier 5: low priority"
"F2879_mz285.2904_rt1.69",-0.0186466630395365,12.5635881155915,-0.129276118211878,0.902239274987421,0.977370299654538,-6.34111563327015,2879,1.687,285.29037,"Unknown","[M+H]+",NA,0.286,TRUE,"null","null","null","null",999,FALSE,FALSE,FALSE,"null","null","null","null","null",17.61,11435.3333333333,40.2167361333761,24,"Exudate vs Soil","Soil","Not selected",3,3,3,3,TRUE,TRUE,TRUE,TRUE,"Leaf + Root + Exudate","RT >= 1 min","MS/MS available","Unknown","Tier 5: low priority"
"F3838_mz365.1963_rt1.23",0.0691050068646382,11.5340170326818,0.124792831825588,0.905608161419263,0.979074034108501,-6.34177782144628,3838,1.231,365.19632,"Unknown","[M+H]+","ion correlated with 3752; ion correlated with 3910; ion correlated with 4762; ion correlated with 3105; ion correlated with 3258; ion correlated with 3642; ion correlated with 2624; ion correlated with 3886; ion correlated with 4174; ion correlated with 4159; ion correlated with 3513",0.036,FALSE,"null","null","null","null",999,FALSE,FALSE,FALSE,"null","null","null","null","null",62.82,2780.33333333333,53.6393815915628,23,"Exudate vs Soil","Exudate","Not selected",3,2,3,3,TRUE,TRUE,TRUE,TRUE,"Leaf + Root + Exudate","RT >= 1 min","No MS/MS assignment","Unknown","Tier 5: low priority"
"F969_mz146.1177_rt0.99",0.0459060473150018,12.6417521872238,0.125582827217605,0.905014367031466,0.979074034108501,-6.34166282285999,969,0.989,146.11769,"Unknown","[M+H]+",NA,0.429,FALSE,"null","null","null","null",999,FALSE,FALSE,FALSE,"null","null","null","null","null",67.35,4854.66666666667,145.872245486373,24,"Exudate vs Soil","Exudate","Not selected",3,3,3,3,TRUE,TRUE,TRUE,TRUE,"Leaf + Root + Exudate","Early RT","No MS/MS assignment","Unknown","Tier 5: low priority"
"F3713_mz353.2303_rt1.44",0.0755221321536298,11.161673906522,0.122886965488192,0.907040980256506,0.979858767447792,-6.34205228779376,3713,1.438,353.23026,"Unknown","[M+H]+","ion correlated with 3657",0.321,TRUE,"null","null","null","null",999,FALSE,FALSE,FALSE,"null","null","null","null","null",248.25,2322.66666666667,869.869172285182,24,"Exudate vs Soil","Exudate","Not selected",3,3,3,3,TRUE,TRUE,TRUE,TRUE,"Leaf + Root + Exudate","RT >= 1 min","MS/MS available","Unknown","Tier 5: low priority"
"F2841_mz282.2797_rt6.52",-0.0961458651733463,11.6203064945106,-0.119538269437321,0.90955948061852,0.981814205714383,-6.34252436997069,2841,6.521,282.27969,"Unknown","[M+H]+",NA,0.036,TRUE,"null","null","null","null",999,FALSE,FALSE,FALSE,"null","null","null","null","null",56.93,1156,318.783923941227,24,"Exudate vs Soil","Soil","Not selected",3,3,3,3,TRUE,TRUE,TRUE,TRUE,"Leaf + Root + Exudate","RT >= 1 min","MS/MS available","Unknown","Tier 5: low priority"
"F1779_mz203.053_rt0.57",-0.580741363221258,7.85701285681548,-0.115798243779277,0.912373721438617,0.983450400358563,-6.34303629262946,1779,0.569,203.05296,"Unknown","[M+H]+",NA,0.036,FALSE,"null","null","null","null",999,FALSE,FALSE,FALSE,"null","null","null","null","null",63.9,13410.6666666667,246.537069715422,22,"Exudate vs Soil","Soil","Not selected",3,3,2,2,TRUE,TRUE,TRUE,TRUE,"Leaf + Root + Exudate","Early RT","No MS/MS assignment","Unknown","Tier 5: low priority"
"F2401_mz249.1488_rt1.88",-0.535508758064826,7.52087659171583,-0.111485257669963,0.915620907542287,0.983450400358563,-6.34360654940875,2401,1.884,249.14879,"Unknown","[M+H]+","ion correlated with 3871; ion correlated with 3693; ion correlated with 4050; ion correlated with 2581; ion correlated with 3494; ion correlated with 3909; ion correlated with 3995; ion correlated with 3283",0.107,TRUE,"null","null","null","null",999,FALSE,FALSE,FALSE,"null","null","null","null","null",24.42,642,675.771384136859,13,"Exudate vs Soil","Soil","Not selected",3,2,2,2,TRUE,TRUE,TRUE,TRUE,"Leaf + Root + Exudate","RT >= 1 min","MS/MS available","Unknown","Tier 5: low priority"
"F1608_mz192.1019_rt0.95",0.526234570312059,7.22683080581749,0.114235437124231,0.913550115516602,0.983450400358563,-6.34324541145248,1608,0.948,192.10194,"Unknown","[M+H]+",NA,0.321,FALSE,"null","null","null","null",999,FALSE,FALSE,FALSE,"null","null","null","null","null",84.67,1636,551.67379352474,17,"Exudate vs Soil","Exudate","Not selected",1,0,2,2,FALSE,FALSE,TRUE,TRUE,"Exudate only","Early RT","No MS/MS assignment","Unknown","Tier 5: low priority"
"F2227_mz235.1656_rt0.46",-0.104317857281637,13.4411471198723,-0.10990532144559,0.916810891703232,0.983450400358563,-6.34381005824042,2227,0.46,235.16563,"Unknown","[M+H]+",NA,0.429,TRUE,"null","null","null","null",999,FALSE,FALSE,FALSE,"null","null","null","null","null",3462.53,33412.3333333333,1446.19480247406,18,"Exudate vs Soil","Soil","Not selected",0,0,3,3,FALSE,FALSE,TRUE,TRUE,"Exudate only","Very early RT","MS/MS available","Unknown","Tier 5: low priority"
"F1473_mz181.9885_rt0.4",0.0465654823274545,16.1433950289543,0.109041911248806,0.917461304230608,0.983450400358563,-6.34392005136636,1473,0.399,181.98851,"Unknown","[M+H]+","ion correlated with 470; ion correlated with 275; ion correlated with 2692",0.25,FALSE,"null","null","null","null",999,FALSE,FALSE,FALSE,"null","null","null","null","null",180.19,52342.3333333333,47.1834490224798,15,"Exudate vs Soil","Exudate","Not selected",3,3,3,3,TRUE,TRUE,TRUE,TRUE,"Leaf + Root + Exudate","Very early RT","No MS/MS assignment","Unknown","Tier 5: low priority"
"F766_mz132.1022_rt1.06",0.0422345989194204,16.8092075970673,0.110327777743838,0.916492679559134,0.983450400358563,-6.34375592543355,766,1.058,132.10217,"Unknown","[M+H]+","ion correlated with 2580; ion correlated with 2351; found in higher mz's MsMs_3335",0.357,TRUE,"null","null","null","null",999,FALSE,FALSE,FALSE,"null","null","null","null","null",810.94,117776,157.283807534578,24,"Exudate vs Soil","Exudate","Not selected",3,3,3,3,TRUE,TRUE,TRUE,TRUE,"Leaf + Root + Exudate","RT >= 1 min","MS/MS available","Unknown","Tier 5: low priority"
"F1980_mz217.0977_rt1.17",0.0410797522552316,14.1722162673594,0.111678627172269,0.915475281742964,0.983450400358563,-6.34358144334026,1980,1.165,217.09767,"Unknown","[M+H]+","ion correlated with 1539; ion correlated with 2205; ion correlated with 2837",0.071,FALSE,"null","null","null","null",999,FALSE,FALSE,FALSE,"null","null","null","null","null",20.46,23429.3333333333,8.77716919662546,24,"Exudate vs Soil","Exudate","Not selected",3,3,3,3,TRUE,TRUE,TRUE,TRUE,"Leaf + Root + Exudate","RT >= 1 min","No MS/MS assignment","Unknown","Tier 5: low priority"
"F2490_mz256.1774_rt0.91",-0.0405952098692271,12.9069190219798,-0.115295931657649,0.91275180643622,0.983450400358563,-6.34310381506648,2490,0.91,256.17743,"Unknown","[M+H]+","ion correlated with 593; ion correlated with 2419; ion correlated with 1033",0.357,FALSE,"null","null","null","null",999,FALSE,FALSE,FALSE,"null","null","null","null","null",293.44,5560.33333333333,282.275833133541,19,"Exudate vs Soil","Soil","Not selected",0,1,3,3,FALSE,FALSE,TRUE,TRUE,"Exudate only","Early RT","No MS/MS assignment","Unknown","Tier 5: low priority"
"F291_mz99.0442_rt0.47",-0.0151138007501957,17.0213722149112,-0.113623244127606,0.914011009267686,0.983450400358563,-6.34332655853689,291,0.47,99.04417,"Unknown","[M+H]+","found in higher mz's MsMs_2833",0.357,FALSE,"null","null","null","null",999,FALSE,FALSE,FALSE,"null","null","null","null","null",32.98,216857.333333333,5.92407485685739,24,"Exudate vs Soil","Soil","Not selected",3,3,3,3,TRUE,TRUE,TRUE,TRUE,"Leaf + Root + Exudate","Very early RT","No MS/MS assignment","Unknown","Tier 5: low priority"
"F394_mz107.0704_rt0.58",0.0909562159404026,15.5226354700911,0.105144239631646,0.920398351682857,0.983555987226245,-6.34440584498343,394,0.585,107.07038,"Unknown","[M+H]+","ion correlated with 644",0.107,FALSE,"null","null","null","null",999,FALSE,FALSE,FALSE,"null","null","null","null","null",232.27,67995.3333333333,22.2858634534215,17,"Exudate vs Soil","Exudate","Not selected",0,0,3,3,FALSE,FALSE,TRUE,TRUE,"Exudate only","Early RT","No MS/MS assignment","Unknown","Tier 5: low priority"
"F1258_mz167.1068_rt2.08",-0.0622586574708435,12.368254231785,-0.106278410316628,0.919543558528226,0.983555987226245,-6.34426630072025,1258,2.08,167.10684,"Unknown","[M+H]+","ion correlated with 378; ion correlated with 742; ion correlated with 957; ion correlated with 1497; ion correlated with 1629; ion correlated with 1658; ion correlated with 2022; ion correlated with 797; ion correlated with 1838; ion correlated with 2911; ion correlated with 420; ion correlated with 628; ion correlated with 995; ion correlated with 1351; ion correlated with 1570; ion correlated with 1694; ion correlated with 1719; ion correlated with 1894; ion correlated with 2137; ion correlated with 2318; ion correlated with 2447; ion correlated with 4946; ion correlated with 596; ion correlated with 1191; ion correlated with 2158; ion correlated with 2500; ion correlated with 2562; ion correlated with 2394; ion correlated with 56; ion correlated with 1140; ion correlated with 1167; ion correlated with 1468; ion correlated with 2582; ion correlated with 3907; ion correlated with 3941; ion correlated with 5039; ion correlated with 2347; ion correlated with 4118; ion correlated with 3777; ion correlated with 3979; ion correlated with 3997; found in higher mz's MsMs_2674",0.107,FALSE,"null","null","null","null",999,FALSE,FALSE,FALSE,"null","null","null","null","null",34.9,8986,25.881940580839,24,"Exudate vs Soil","Soil","Not selected",3,3,3,3,TRUE,TRUE,TRUE,TRUE,"Leaf + Root + Exudate","RT >= 1 min","No MS/MS assignment","Unknown","Tier 5: low priority"
"F728_mz130.1229_rt1.24",-0.0237716521371446,12.7785919634618,-0.105748901626221,0.919942619315231,0.983555987226245,-6.34433163501307,728,1.235,130.12289,"Unknown","[M+H]+","ion correlated with 580; ion correlated with 1207; similar chromatogram in higher mz_1444; similar chromatogram in higher mz_1176",0.286,TRUE,"null","null","null","null",999,FALSE,FALSE,FALSE,"null","null","null","null","null",134.51,10188.6666666667,265.412116850404,23,"Exudate vs Soil","Soil","Not selected",2,3,3,3,TRUE,TRUE,TRUE,TRUE,"Leaf + Root + Exudate","RT >= 1 min","MS/MS available","Unknown","Tier 5: low priority"
"F1497_mz183.1019_rt2.07",-0.0179226743876931,12.8256456617276,-0.106121135909001,0.919662084557702,0.983555987226245,-6.34428574018819,1497,2.074,183.1019,"Unknown","[M+H]+","ion correlated with 2751; ion correlated with 2502; ion correlated with 395; ion correlated with 378; ion correlated with 742; ion correlated with 957; ion correlated with 1629; ion correlated with 1658; ion correlated with 2022; ion correlated with 797; ion correlated with 1838; ion correlated with 2911; ion correlated with 628; ion correlated with 1351; ion correlated with 1570; ion correlated with 1694; ion correlated with 1719; ion correlated with 1894; ion correlated with 2137; ion correlated with 2318; ion correlated with 596; ion correlated with 1191; ion correlated with 2158; ion correlated with 4919; ion correlated with 532; ion correlated with 2500; ion correlated with 3522; ion correlated with 2562; ion correlated with 2394; ion correlated with 56; ion correlated with 1140; ion correlated with 1167; ion correlated with 1258; ion correlated with 1468; ion correlated with 2582; ion correlated with 3941; ion correlated with 5039; ion correlated with 3509; ion correlated with 2347; ion correlated with 3824; ion correlated with 3777; ion correlated with 3979; ion correlated with 3997; ion correlated with 5027; ion correlated with 4470; found in higher mz's MsMs_2674; found in higher mz's MsMs_3079",0.107,FALSE,"null","null","null","null",999,FALSE,FALSE,FALSE,"null","null","null","null","null",15.71,7664.66666666667,18.3262599469496,24,"Exudate vs Soil","Soil","Not selected",3,3,3,3,TRUE,TRUE,TRUE,TRUE,"Leaf + Root + Exudate","RT >= 1 min","No MS/MS assignment","Unknown","Tier 5: low priority"
"F1767_mz202.144_rt1.29",0.0434893682135302,13.5159196253307,0.103302145201387,0.921786947514293,0.984280977854245,-6.34462931357948,1767,1.287,202.14401,"Unknown","[M+H]+","ion correlated with 965; ion correlated with 1152",0.321,TRUE,"null","null","null","null",999,FALSE,FALSE,FALSE,"null","null","null","null","null",151.69,13079.6666666667,74.0927067937414,24,"Exudate vs Soil","Exudate","Not selected",3,3,3,3,TRUE,TRUE,TRUE,TRUE,"Leaf + Root + Exudate","RT >= 1 min","MS/MS available","Unknown","Tier 5: low priority"
"F742_mz131.0857_rt2.07",0.455666853557348,7.13417642381299,0.100262849300241,0.924078700659834,0.984452789480807,-6.34498942064128,742,2.074,131.08568,"Unknown","[M+H]+","ion correlated with 957; ion correlated with 1018; ion correlated with 1629; ion correlated with 1658; ion correlated with 628; ion correlated with 995; ion correlated with 2318; ion correlated with 2447; ion correlated with 2950; ion correlated with 596; ion correlated with 56; ion correlated with 2582; ion correlated with 3503; ion correlated with 3907; ion correlated with 3941; ion correlated with 5039; ion correlated with 4118; ion correlated with 3851; ion correlated with 3979; found in higher mz's MsMs_3323; found in higher mz's MsMs_1751; found in higher mz's MsMs_3520; found in higher mz's MsMs_3703; found in higher mz's MsMs_2674; found in higher mz's MsMs_5012; found in higher mz's MsMs_3079; found in higher mz's MsMs_5004; found in higher mz's MsMs_2381; found in higher mz's MsMs_2950; found in higher mz's MsMs_3851; found in higher mz's MsMs_3979",0.107,FALSE,"null","null","null","null",999,FALSE,FALSE,FALSE,"null","null","null","null","null",73,2714,293.642357274401,21,"Exudate vs Soil","Exudate","Not selected",3,2,2,2,TRUE,TRUE,TRUE,TRUE,"Leaf + Root + Exudate","RT >= 1 min","No MS/MS assignment","Unknown","Tier 5: low priority"
"F765_mz132.1021_rt0.96",0.0835925233293895,17.8103295073031,0.101871358827143,0.922865712824625,0.984452789480807,-6.34480017221467,765,0.956,132.10213,"Unknown","[M+H]+","ion correlated with 2544; ion correlated with 2928; ion correlated with 1958; ion correlated with 1993; ion correlated with 350; ion correlated with 2183",0.036,FALSE,"null","null","null","null",999,FALSE,FALSE,FALSE,"null","null","null","null","null",19,348002.333333333,54.4202114922271,24,"Exudate vs Soil","Exudate","Not selected",3,3,3,3,TRUE,TRUE,TRUE,TRUE,"Leaf + Root + Exudate","Early RT","No MS/MS assignment","Unknown","Tier 5: low priority"
"F397_mz107.0858_rt3.55",0.0375187885681992,12.2720398028305,0.100531431224254,0.92387614479872,0.984452789480807,-6.34495802934874,397,3.547,107.08578,"Unknown","[M+H]+","ion correlated with 1041; ion correlated with 419; ion correlated with 779; ion correlated with 2014; ion correlated with 2157; ion correlated with 3115; ion correlated with 3702; ion correlated with 856; ion correlated with 1379; ion correlated with 2563; ion correlated with 3318; ion correlated with 3338; ion correlated with 956; ion correlated with 597; ion correlated with 625; ion correlated with 994; ion correlated with 1019; ion correlated with 1190; ion correlated with 1257; ion correlated with 1349; ion correlated with 1630; ion correlated with 1752; ion correlated with 2317; ion correlated with 2448; ion correlated with 2474; ion correlated with 2676; ion correlated with 2746; ion correlated with 2954; ion correlated with 3083; ion correlated with 3098; ion correlated with 3118; ion correlated with 3504; ion correlated with 3745; ion correlated with 3906; ion correlated with 5013; ion correlated with 5038; ion correlated with 5047; ion correlated with 3515; ion correlated with 4188; similar chromatogram in higher mz_3115; found in higher mz's MsMs_3115; similar chromatogram in higher mz_3702; found in higher mz's MsMs_3702; similar chromatogram in higher mz_3338; similar chromatogram in higher mz_3745; similar chromatogram in higher mz_3318; found in higher mz's MsMs_3318; similar chromatogram in higher mz_2676; found in higher mz's MsMs_2676; similar chromatogram in higher mz_5005; found in higher mz's MsMs_5005; found in higher mz's MsMs_3847; found in higher mz's MsMs_3515; similar chromatogram in higher mz_5013; similar chromatogram in higher mz_3906; similar chromatogram in higher mz_2474; found in higher mz's MsMs_2474; similar chromatogram in higher mz_2746; similar chromatogram in higher mz_2954; found in higher mz's MsMs_2954; similar chromatogram in higher mz_2448; similar chromatogram in higher mz_1190; found in higher mz's MsMs_1190; similar chromatogram in higher mz_3083; found in higher mz's MsMs_3083; similar chromatogram in higher mz_3504; found in higher mz's MsMs_3504; similar chromatogram in higher mz_2317; similar chromatogram in higher mz_5038; similar chromatogram in higher mz_1630; similar chromatogram in higher mz_419; similar chromatogram in higher mz_625; similar chromatogram in higher mz_597; similar chromatogram in higher mz_1019; similar chromatogram in higher mz_5047; similar chromatogram in higher mz_779; similar chromatogram in higher mz_2563; similar chromatogram in higher mz_741; similar chromatogram in higher mz_956; similar chromatogram in higher mz_1041; similar chromatogram in higher mz_1141; similar chromatogram in higher mz_1166; similar chromatogram in higher mz_1379; similar chromatogram in higher mz_1521; similar chromatogram in higher mz_1546; similar chromatogram in higher mz_1693; similar chromatogram in higher mz_1752; similar chromatogram in higher mz_1893; similar chromatogram in higher mz_1991; similar chromatogram in higher mz_2138; similar chromatogram in higher mz_2157; similar chromatogram in higher mz_2271; similar chromatogram in higher mz_2293; similar chromatogram in higher mz_3098; similar chromatogram in higher mz_3118; similar chromatogram in higher mz_3959; similar chromatogram in higher mz_4251",0.107,FALSE,"null","null","null","null",999,FALSE,FALSE,FALSE,"null","null","null","null","null",35.97,5144,74.0310981535471,24,"Exudate vs Soil","Exudate","Not selected",3,3,3,3,TRUE,TRUE,TRUE,TRUE,"Leaf + Root + Exudate","RT >= 1 min","No MS/MS assignment","Unknown","Tier 5: low priority"
"F1729_mz200.1075_rt1.08",0.446234473854149,7.51597768430527,0.0932227896385595,0.92939037033714,0.988907196616381,-6.34578241511969,1729,1.08,200.10751,"Unknown","[M+H]+","ion correlated with 2370; ion correlated with 3048; ion correlated with 2743; ion correlated with 2029",0.071,FALSE,"null","null","null","null",999,FALSE,FALSE,FALSE,"null","null","null","null","null",43.62,3838.33333333333,70.7443132488279,17,"Exudate vs Soil","Exudate","Not selected",0,1,2,2,FALSE,FALSE,TRUE,TRUE,"Exudate only","RT >= 1 min","No MS/MS assignment","Unknown","Tier 5: low priority"
"F2596_mz265.0977_rt1.12",-0.0246767268573156,13.9034942122539,-0.0928299057245488,0.929686924380335,0.988907196616381,-6.34582497595858,2596,1.124,265.09769,"Unknown","[M+H]+",NA,0.357,TRUE,"null","null","null","null",999,FALSE,FALSE,FALSE,"null","null","null","null","null",285.03,6096.33333333333,1058.96342663459,23,"Exudate vs Soil","Soil","Not selected",2,3,3,3,TRUE,TRUE,TRUE,TRUE,"Leaf + Root + Exudate","RT >= 1 min","MS/MS available","Unknown","Tier 5: low priority"
"F3271_mz314.2694_rt2.2",-0.383343209143428,7.39863346219445,-0.0813331864739515,0.938370324599757,0.997378274459558,-6.34699107076193,3271,2.198,314.26944,"Unknown","[M+H]+","ion correlated with 3037",0.107,TRUE,"null","null","null","null",999,FALSE,FALSE,FALSE,"null","null","null","null","null",85.82,1911,252.349372384937,14,"Exudate vs Soil","Soil","Not selected",3,3,2,2,TRUE,TRUE,TRUE,TRUE,"Leaf + Root + Exudate","RT >= 1 min","MS/MS available","Unknown","Tier 5: low priority"
"F3241_mz311.9464_rt9.7",-0.497726773200393,10.4085978770623,-0.0749207255929567,0.943217941962508,0.997671724162587,-6.34757477829356,3241,9.698,311.94638,"Unknown","[M+H]+",NA,0.107,FALSE,"null","null","null","null",999,FALSE,FALSE,FALSE,"null","null","null","null","null",52.48,6348.33333333333,20.9182591348173,13,"Exudate vs Soil","Soil","Not selected",0,2,2,2,FALSE,TRUE,TRUE,TRUE,"Root + Exudate","RT >= 1 min","No MS/MS assignment","Unknown","Tier 5: low priority"
"F2161_mz230.0053_rt9.7",0.395423313004125,10.1022179142231,0.0610990457276585,0.953675898601529,0.997671724162587,-6.348670330094,2161,9.697,230.00534,"Unknown","[M+H]+",NA,0.071,FALSE,"null","null","null","null",999,FALSE,FALSE,FALSE,"null","null","null","null","null",51.62,21401,5.48252499766377,19,"Exudate vs Soil","Exudate","Not selected",3,3,2,2,TRUE,TRUE,TRUE,TRUE,"Leaf + Root + Exudate","RT >= 1 min","No MS/MS assignment","Unknown","Tier 5: low priority"
"F1928_mz214.1341_rt1.16",0.377404766520189,7.53084862711036,0.0782764622490445,0.940680747283145,0.997671724162587,-6.34727527582867,1928,1.162,214.13412,"Unknown","[M+H]+","ion correlated with 3759; ion correlated with 2671; ion correlated with 1387",0.286,FALSE,"null","null","null","null",999,FALSE,FALSE,FALSE,"null","null","null","null","null",53.85,1289,237.055813953488,18,"Exudate vs Soil","Exudate","Not selected",1,1,2,2,FALSE,FALSE,TRUE,TRUE,"Exudate only","RT >= 1 min","No MS/MS assignment","Unknown","Tier 5: low priority"
"F2688_mz272.161_rt0.94",0.341633891388804,7.63095113981913,0.0702965238895628,0.946715442170444,0.997671724162587,-6.34796604270195,2688,0.935,272.16095,"Unknown","[M+H]+","ion correlated with 712; ion correlated with 3473; ion correlated with 3478; ion correlated with 2727; ion correlated with 4054; ion correlated with 601; ion correlated with 1545; ion correlated with 3614; ion correlated with 3651; ion correlated with 3312; ion correlated with 1858; ion correlated with 2349; ion correlated with 647; ion correlated with 3025; ion correlated with 3806; ion correlated with 3628; ion correlated with 3334; ion correlated with 62; ion correlated with 3480; ion correlated with 3900; ion correlated with 3785; ion correlated with 2332; ion correlated with 916; ion correlated with 3465; ion correlated with 3294; ion correlated with 3477; ion correlated with 4312; ion correlated with 1581; ion correlated with 2891; ion correlated with 3913; ion correlated with 3451",0.321,FALSE,"null","null","null","null",999,FALSE,FALSE,FALSE,"null","null","null","null","null",148.63,833.333333333333,839.021973631642,17,"Exudate vs Soil","Exudate","Not selected",0,1,2,2,FALSE,FALSE,TRUE,TRUE,"Exudate only","Early RT","No MS/MS assignment","Unknown","Tier 5: low priority"
"F1323_mz172.1333_rt0.5",0.331567529734744,7.93446970983274,0.0654708839001883,0.950366754796863,0.997671724162587,-6.34834783383118,1323,0.497,172.13327,"Unknown","[M+H]+","ion correlated with 2200; ion correlated with 2220; ion correlated with 851; ion correlated with 1942; ion correlated with 251; ion correlated with 841; ion correlated with 2488",0.214,FALSE,"null","null","null","null",999,FALSE,FALSE,FALSE,"null","null","null","null","null",138.83,10668,197.541006654794,10,"Exudate vs Soil","Exudate","Not selected",3,3,2,2,TRUE,TRUE,TRUE,TRUE,"Leaf + Root + Exudate","Very early RT","No MS/MS assignment","Unknown","Tier 5: low priority"
"F1086_mz155.0816_rt0.74",0.330188682048102,7.6879829013036,0.0673951005087528,0.948910627592796,0.997671724162587,-6.34819884242053,1086,0.742,155.08159,"Unknown","[M+H]+","ion correlated with 1386; ion correlated with 825; ion correlated with 1537; ion correlated with 1688",0.214,FALSE,"null","null","null","null",999,FALSE,FALSE,FALSE,"null","null","null","null","null",50.98,1236,382.020210185934,16,"Exudate vs Soil","Exudate","Not selected",0,0,2,2,FALSE,FALSE,TRUE,TRUE,"Exudate only","Early RT","No MS/MS assignment","Unknown","Tier 5: low priority"
"F3786_mz360.2135_rt1.03",0.328527371536039,7.73473347203048,0.0665938568083784,0.949516931694001,0.997671724162587,-6.34826140582722,3786,1.035,360.21347,"Unknown","[M+H]+","ion correlated with 3477; ion correlated with 3132; ion correlated with 2444; ion correlated with 3393; ion correlated with 2891; ion correlated with 2926; ion correlated with 1544; ion correlated with 61; ion correlated with 3432; ion correlated with 3627; ion correlated with 1392; ion correlated with 3587; ion correlated with 3129; ion correlated with 3160; ion correlated with 2908; ion correlated with 2633; ion correlated with 3335; ion correlated with 1378; ion correlated with 3569",0.214,FALSE,"null","null","null","null",999,FALSE,FALSE,FALSE,"null","null","null","null","null",140.48,1241,946.669887278583,20,"Exudate vs Soil","Exudate","Not selected",2,2,2,2,TRUE,TRUE,TRUE,TRUE,"Leaf + Root + Exudate","RT >= 1 min","No MS/MS assignment","Unknown","Tier 5: low priority"
"F3086_mz300.087_rt0.47",0.321151578505915,8.11533606887864,0.0621537944983324,0.952877435165436,0.997671724162587,-6.34859456045994,3086,0.473,300.08701,"Unknown","[M+H]+","ion correlated with 4169; ion correlated with 4589; ion correlated with 4630; ion correlated with 4413; ion correlated with 4424; ion correlated with 4701; ion correlated with 4249; ion correlated with 4623; ion correlated with 4824; ion correlated with 3531; ion correlated with 3661; ion correlated with 3095; ion correlated with 3069; ion correlated with 3273; ion correlated with 998; ion correlated with 1091; ion correlated with 1872; ion correlated with 4124; ion correlated with 4451; ion correlated with 1301; ion correlated with 2129; ion correlated with 977; ion correlated with 3422; ion correlated with 3089; ion correlated with 2417; ion correlated with 4879; ion correlated with 4757; ion correlated with 3887",0.107,FALSE,"null","null","null","null",999,FALSE,FALSE,FALSE,"null","null","null","null","null",39.31,2422,97.2282294676021,9,"Exudate vs Soil","Exudate","Not selected",3,1,2,2,TRUE,FALSE,TRUE,TRUE,"Leaf + Exudate","Very early RT","No MS/MS assignment","Unknown","Tier 5: low priority"
"F3235_mz311.1582_rt1.19",0.321017655145805,7.38891085058125,0.0682239664821231,0.948283463010257,0.997671724162587,-6.34813333630096,3235,1.189,311.1582,"Unknown","[M+H]+","ion correlated with 2194; ion correlated with 2707; ion correlated with 2166; ion correlated with 2946; ion correlated with 2392; ion correlated with 2358; ion correlated with 1768",0.107,TRUE,"null","null","null","null",999,FALSE,FALSE,FALSE,"null","null","null","null","null",488.15,1189.33333333333,1715.22290674881,19,"Exudate vs Soil","Exudate","Not selected",3,0,2,2,TRUE,FALSE,TRUE,TRUE,"Leaf + Exudate","RT >= 1 min","MS/MS available","Unknown","Tier 5: low priority"
"F1850_mz208.0972_rt1.18",0.290934896041972,7.26631269124303,0.0628358008865185,0.952361177706505,0.997671724162587,-6.34854487814876,1850,1.177,208.09721,"Unknown","[M+H]+","ion correlated with 1359; similar chromatogram in higher mz_2707; similar chromatogram in higher mz_2166; similar chromatogram in higher mz_2205",0.429,TRUE,"null","null","null","null",999,FALSE,FALSE,FALSE,"null","null","null","null","null",153.05,1656,2557.69885334943,21,"Exudate vs Soil","Exudate","Not selected",3,2,2,2,TRUE,TRUE,TRUE,TRUE,"Leaf + Root + Exudate","RT >= 1 min","MS/MS available","Unknown","Tier 5: low priority"
"F1404_mz177.0548_rt1.5",0.286489160252303,7.11750433659847,0.0632155395763747,0.952073738923455,0.997671724162587,-6.34851698061713,1404,1.5,177.05481,"Unknown","[M+H]+","ion correlated with 3440; ion correlated with 5120; ion correlated with 5095; ion correlated with 4013; ion correlated with 3298; ion correlated with 3110; ion correlated with 5155; ion correlated with 3078; ion correlated with 3270; ion correlated with 2745; ion correlated with 4225; ion correlated with 4254; ion correlated with 4012; found in higher mz's MsMs_5127; similar chromatogram in higher mz_4966",0.107,FALSE,"null","null","null","null",999,FALSE,FALSE,FALSE,"null","null","null","null","null",43.92,2334.33333333333,113.628746788467,18,"Exudate vs Soil","Exudate","Not selected",3,3,2,2,TRUE,TRUE,TRUE,TRUE,"Leaf + Root + Exudate","RT >= 1 min","No MS/MS assignment","Unknown","Tier 5: low priority"
"F2689_mz272.2954_rt2.69",-0.274234882999614,7.29783888743722,-0.0588477661335299,0.955380362481307,0.997671724162587,-6.34882772311546,2689,2.693,272.29535,"Unknown","[M+H]+","ion correlated with 3301",0.143,TRUE,"null","null","null","null",999,FALSE,FALSE,FALSE,"null","null","null","null","null",44.76,1315.33333333333,215.593567991897,21,"Exudate vs Soil","Soil","Not selected",3,3,2,2,TRUE,TRUE,TRUE,TRUE,"Leaf + Root + Exudate","RT >= 1 min","MS/MS available","Unknown","Tier 5: low priority"
"F1032_mz150.0585_rt0.54",0.266866338844427,8.17797479012199,0.0511547737974773,0.961206780906918,0.997671724162587,-6.34932102850552,1032,0.537,150.05852,"Unknown","[M+H]+","ion correlated with 459; ion correlated with 4472",0.357,TRUE,"null","null","null","null",999,FALSE,FALSE,FALSE,"null","null","null","null","null",1243.46,10183.3333333333,1053.30468366445,18,"Exudate vs Soil","Exudate","Not selected",3,0,2,2,TRUE,FALSE,TRUE,TRUE,"Leaf + Exudate","Early RT","MS/MS available","Unknown","Tier 5: low priority"
"F1018_mz149.0962_rt2.07",-0.265364786576076,7.42850033037925,-0.0561081622700381,0.957454906066829,0.997671724162587,-6.34901129786502,1018,2.074,149.09625,"Unknown","[M+H]+","ion correlated with 1751; ion correlated with 2381; ion correlated with 2674; ion correlated with 2950; ion correlated with 3323; ion correlated with 3503; ion correlated with 3746; ion correlated with 3907; ion correlated with 5004; ion correlated with 5012; ion correlated with 3703; ion correlated with 3079; ion correlated with 4118; ion correlated with 3851; found in higher mz's MsMs_3323; found in higher mz's MsMs_3703; found in higher mz's MsMs_2674; found in higher mz's MsMs_5004; found in higher mz's MsMs_3851",0.107,TRUE,"null","null","null","null",999,FALSE,FALSE,FALSE,"null","null","null","null","null",176.35,1665.66666666667,2987.7516,18,"Exudate vs Soil","Soil","Not selected",3,3,2,2,TRUE,TRUE,TRUE,TRUE,"Leaf + Root + Exudate","RT >= 1 min","MS/MS available","Unknown","Tier 5: low priority"
"F1416_mz178.0865_rt0.96",-0.263331310516656,7.8445127511977,-0.0525380751221075,0.960158898926443,0.997671724162587,-6.34923740752502,1416,0.961,178.08655,"Unknown","[M+H]+","ion correlated with 2599",0.036,FALSE,"null","null","null","null",999,FALSE,FALSE,FALSE,"null","null","null","null","null",70.66,3468,64.6771403862785,16,"Exudate vs Soil","Soil","Not selected",0,0,2,2,FALSE,FALSE,TRUE,TRUE,"Exudate only","Early RT","No MS/MS assignment","Unknown","Tier 5: low priority"
"F731_mz130.5261_rt0.44",-0.254960434434848,9.15853307715604,-0.0426422266500531,0.96765709846593,0.997671724162587,-6.34978655110665,731,0.443,130.52608,"Unknown","[M+H]+",NA,0.179,FALSE,"null","null","null","null",999,FALSE,FALSE,FALSE,"null","null","null","null","null",21.22,0,220537,21,"Exudate vs Soil","Soil","Not selected",2,3,2,2,TRUE,TRUE,TRUE,TRUE,"Leaf + Root + Exudate","Very early RT","No MS/MS assignment","Unknown","Tier 5: low priority"
"F1704_mz198.1128_rt0.74",-0.246967199024649,7.68613379648791,-0.0504620192009685,0.961731591794547,0.997671724162587,-6.34936206821097,1704,0.736,198.11278,"Unknown","[M+H]+",NA,0.071,TRUE,"null","null","null","null",999,FALSE,FALSE,FALSE,"null","null","null","null","null",145.76,5373,588.381652400447,20,"Exudate vs Soil","Soil","Not selected",3,1,2,2,TRUE,FALSE,TRUE,TRUE,"Leaf + Exudate","Early RT","MS/MS available","Unknown","Tier 5: low priority"
"F1886_mz210.1493_rt0.94",0.243290725471815,7.5124248883592,0.0508202304820874,0.961460218494748,0.997671724162587,-6.34934091708573,1886,0.936,210.14928,"Unknown","[M+H]+","ion correlated with 375; ion correlated with 2695; ion correlated with 3860; ion correlated with 5102; ion correlated with 4634; ion correlated with 4073",0.071,FALSE,"null","null","null","null",999,FALSE,FALSE,FALSE,"null","null","null","null","null",12.61,0,122429,8,"Exudate vs Soil","Exudate","Not selected",3,0,2,2,TRUE,FALSE,TRUE,TRUE,"Leaf + Exudate","Early RT","No MS/MS assignment","Unknown","Tier 5: low priority"
"F2624_mz267.1748_rt1.23",0.221911019634241,7.49310432398765,0.0463558641369304,0.964842738885113,0.997671724162587,-6.34959384580231,2624,1.232,267.1748,"Unknown","[M+H]+","ion correlated with 3957; ion correlated with 3752; ion correlated with 3910; ion correlated with 4041; ion correlated with 4762; ion correlated with 3224; ion correlated with 4726; ion correlated with 1381; ion correlated with 1635; ion correlated with 3105; ion correlated with 3258; ion correlated with 3816; ion correlated with 4516; ion correlated with 3600; ion correlated with 4688; ion correlated with 2872; ion correlated with 3642; ion correlated with 4381; ion correlated with 1402; ion correlated with 4942; ion correlated with 4954; ion correlated with 3886; ion correlated with 3934; ion correlated with 3495; ion correlated with 4068; ion correlated with 3513; ion correlated with 3321; ion correlated with 4511",0.036,FALSE,"null","null","null","null",999,FALSE,FALSE,FALSE,"null","null","null","null","null",35.75,3160,95.5941157861436,21,"Exudate vs Soil","Exudate","Not selected",3,2,2,2,TRUE,TRUE,TRUE,TRUE,"Leaf + Root + Exudate","RT >= 1 min","No MS/MS assignment","Unknown","Tier 5: low priority"
"F5154_mz792.5629_rt9.55",-0.212731993124336,7.46631534282376,-0.0446697419738157,0.966120487841,0.997671724162587,-6.34968333241613,5154,9.546,792.56287,"Unknown","[M+H]+",NA,0.214,TRUE,"null","null","null","null",999,FALSE,FALSE,FALSE,"null","null","null","null","null",357.1,2163.33333333333,1099.91098105652,22,"Exudate vs Soil","Soil","Not selected",3,3,2,2,TRUE,TRUE,TRUE,TRUE,"Leaf + Root + Exudate","RT >= 1 min","MS/MS available","Unknown","Tier 5: low priority"
"F2168_mz230.1585_rt0.98",-0.208531339822175,7.52476010543096,-0.0434747063303911,0.967026160114304,0.997671724162587,-6.34974475003808,2168,0.979,230.15849,"Unknown","[M+H]+","ion correlated with 1015; ion correlated with 737; ion correlated with 2359; ion correlated with 2018; ion correlated with 2068; ion correlated with 2600",0.179,FALSE,"null","null","null","null",999,FALSE,FALSE,FALSE,"null","null","null","null","null",700.79,2193,2403.1353691887,20,"Exudate vs Soil","Soil","Not selected",3,1,2,2,TRUE,FALSE,TRUE,TRUE,"Leaf + Exudate","Early RT","No MS/MS assignment","Unknown","Tier 5: low priority"
"F2049_mz222.0875_rt0.67",0.201716899887972,8.24215641688485,0.0384441148048708,0.970839256998817,0.997671724162587,-6.34998504427061,2049,0.669,222.08754,"Unknown","[M+H]+",NA,0.107,FALSE,"null","null","null","null",999,FALSE,FALSE,FALSE,"null","null","null","null","null",89.37,7697.66666666667,31.0622618635261,13,"Exudate vs Soil","Exudate","Not selected",0,0,2,2,FALSE,FALSE,TRUE,TRUE,"Exudate only","Early RT","No MS/MS assignment","Unknown","Tier 5: low priority"
"F2019_mz219.1343_rt0.88",-0.187132266297651,7.62469473905836,-0.0385245545571489,0.970778277846057,0.997671724162587,-6.34998143396741,2019,0.879,219.13431,"Unknown","[M+H]+","ion correlated with 618; ion correlated with 2209; ion correlated with 1377; ion correlated with 2559; ion correlated with 1785",0.214,TRUE,"null","null","null","null",999,FALSE,FALSE,FALSE,"null","null","null","null","null",317.43,771,5054.90155440414,18,"Exudate vs Soil","Soil","Not selected",1,1,2,2,FALSE,FALSE,TRUE,TRUE,"Exudate only","Early RT","MS/MS available","Unknown","Tier 5: low priority"
"F1769_mz202.144_rt0.91",0.175595403599037,7.92123710511436,0.0347940835645323,0.973606475946642,0.997671724162587,-6.35014092972414,1769,0.909,202.14404,"Unknown","[M+H]+",NA,0.143,FALSE,"null","null","null","null",999,FALSE,FALSE,FALSE,"null","null","null","null","null",101.43,10331,51.1676345334882,15,"Exudate vs Soil","Exudate","Not selected",3,3,2,2,TRUE,TRUE,TRUE,TRUE,"Leaf + Root + Exudate","Early RT","No MS/MS assignment","Unknown","Tier 5: low priority"
"F779_mz133.1013_rt3.54",0.171637985271666,7.36688440461922,0.0364053488792483,0.972384863495748,0.997671724162587,-6.35007403038068,779,3.543,133.10129,"Unknown","[M+H]+","ion correlated with 419; ion correlated with 2157; ion correlated with 856; ion correlated with 3318; ion correlated with 3338; ion correlated with 397; ion correlated with 597; ion correlated with 625; ion correlated with 994; ion correlated with 1019; ion correlated with 1190; ion correlated with 1257; ion correlated with 1349; ion correlated with 1630; ion correlated with 1752; ion correlated with 2317; ion correlated with 2448; ion correlated with 2474; ion correlated with 2676; ion correlated with 2746; ion correlated with 2954; ion correlated with 3083; ion correlated with 3098; ion correlated with 3118; ion correlated with 3504; ion correlated with 3745; ion correlated with 3906; ion correlated with 5013; ion correlated with 5038; ion correlated with 5047; ion correlated with 3515; ion correlated with 4188; found in higher mz's MsMs_3115; found in higher mz's MsMs_3702; found in higher mz's MsMs_3318; found in higher mz's MsMs_2676; found in higher mz's MsMs_5005; found in higher mz's MsMs_3847; found in higher mz's MsMs_3515; found in higher mz's MsMs_3976; found in higher mz's MsMs_2474; found in higher mz's MsMs_2954; found in higher mz's MsMs_3083; found in higher mz's MsMs_3504",0.107,FALSE,"null","null","null","null",999,FALSE,FALSE,FALSE,"null","null","null","null","null",26.41,1989.66666666667,206.813127930342,22,"Exudate vs Soil","Exudate","Not selected",3,3,2,2,TRUE,TRUE,TRUE,TRUE,"Leaf + Root + Exudate","RT >= 1 min","No MS/MS assignment","Unknown","Tier 5: low priority"
"F2281_mz240.1235_rt1.01",-0.162540591987158,7.43556996953826,-0.0343280557732452,0.973959819590902,0.997671724162587,-6.35015971484119,2281,1.007,240.12349,"Unknown","[M+H]+","ion correlated with 2434; ion correlated with 1927; ion correlated with 2250",0.214,FALSE,"null","null","null","null",999,FALSE,FALSE,FALSE,"null","null","null","null","null",49.01,797,628.112781954887,16,"Exudate vs Soil","Soil","Not selected",0,0,2,2,FALSE,FALSE,TRUE,TRUE,"Exudate only","RT >= 1 min","No MS/MS assignment","Unknown","Tier 5: low priority"
"F2892_mz286.2296_rt7.38",0.162439378535626,6.83290608865599,0.0373268339557159,0.971686259958927,0.997671724162587,-6.35003441029656,2892,7.385,286.22964,"Unknown","[M+H]+","ion correlated with 2915",0.107,FALSE,"null","null","null","null",999,FALSE,FALSE,FALSE,"null","null","null","null","null",26.16,1672.33333333333,75.5336653386454,17,"Exudate vs Soil","Exudate","Not selected",3,3,2,2,TRUE,TRUE,TRUE,TRUE,"Leaf + Root + Exudate","RT >= 1 min","No MS/MS assignment","Unknown","Tier 5: low priority"
"F2021_mz219.1749_rt1.21",-0.156731182089585,7.32591290182244,-0.0335801362659934,0.974526908530987,0.997671724162587,-6.35018933352154,2021,1.207,219.17487,"Unknown","[M+H]+","ion correlated with 2799; ion correlated with 2619; ion correlated with 2102; ion correlated with 1003; ion correlated with 1754; ion correlated with 1272; ion correlated with 1996; similar chromatogram in higher mz_4583",0.071,FALSE,"null","null","null","null",999,FALSE,FALSE,FALSE,"null","null","null","null","null",96.12,578.666666666667,840.608970672801,14,"Exudate vs Soil","Soil","Not selected",3,0,2,2,TRUE,FALSE,TRUE,TRUE,"Leaf + Exudate","RT >= 1 min","No MS/MS assignment","Unknown","Tier 5: low priority"
"F867_mz140.0683_rt9.68",0.0696276435158667,16.4909110866791,0.051758067424706,0.960749761265544,0.997671724162587,-6.34928483325021,867,9.676,140.0683,"Unknown","[M+H]+",NA,0.214,FALSE,"null","null","null","null",999,FALSE,FALSE,FALSE,"null","null","null","null","null",6.98,39674.3333333333,7.28606354914052,24,"Exudate vs Soil","Exudate","Not selected",3,3,3,3,TRUE,TRUE,TRUE,TRUE,"Leaf + Root + Exudate","RT >= 1 min","No MS/MS assignment","Unknown","Tier 5: low priority"
"F1467_mz181.1226_rt5.72",-0.0616388904732173,10.6021697456359,-0.0538516794831674,0.959163898653512,0.997671724162587,-6.34915593686639,1467,5.715,181.12262,"Unknown","[M+H]+","ion correlated with 3578; ion correlated with 4812; ion correlated with 4855; ion correlated with 2530; found in higher mz's MsMs_4855; similar chromatogram in higher mz_4773; similar chromatogram in higher mz_4812",0.107,FALSE,"null","null","null","null",999,FALSE,FALSE,FALSE,"null","null","null","null","null",6.45,4063.33333333333,102.189206922004,24,"Exudate vs Soil","Soil","Not selected",3,3,3,3,TRUE,TRUE,TRUE,TRUE,"Leaf + Root + Exudate","RT >= 1 min","No MS/MS assignment","Unknown","Tier 5: low priority"
"F780_mz133.1014_rt2.08",0.0527181041897633,10.9614953598784,0.0664008341221196,0.949662998508975,0.997671724162587,-6.34827636595945,780,2.077,133.10139,"Unknown","[M+H]+","ion correlated with 2751; ion correlated with 1894; found in higher mz's MsMs_3323; found in higher mz's MsMs_3520; found in higher mz's MsMs_3703; found in higher mz's MsMs_2674; found in higher mz's MsMs_3079; found in higher mz's MsMs_3503; found in higher mz's MsMs_5004; found in higher mz's MsMs_2381; found in higher mz's MsMs_2950; found in higher mz's MsMs_3851",0.107,FALSE,"null","null","null","null",999,FALSE,FALSE,FALSE,"null","null","null","null","null",11.87,2806,63.2889205557535,23,"Exudate vs Soil","Exudate","Not selected",3,3,3,3,TRUE,TRUE,TRUE,TRUE,"Leaf + Root + Exudate","RT >= 1 min","No MS/MS assignment","Unknown","Tier 5: low priority"
"F2632_mz268.1045_rt0.47",0.0303065562479346,13.1693188394783,0.0395929506067196,0.96996837806206,0.997671724162587,-6.3499327668578,2632,0.474,268.10449,"Unknown","[M+H]+",NA,0.393,TRUE,"null","null","null","null",999,FALSE,FALSE,FALSE,"null","null","null","null","null",694.24,73402.3333333333,107.670859633986,24,"Exudate vs Soil","Exudate","Not selected",3,3,3,3,TRUE,TRUE,TRUE,TRUE,"Leaf + Root + Exudate","Very early RT","MS/MS available","Unknown","Tier 5: low priority"
"F1429_mz179.0705_rt0.91",0.0282683250826569,13.422695870964,0.0716712404558934,0.945675532966609,0.997671724162587,-6.34785232192281,1429,0.911,179.07047,"Unknown","[M+H]+","ion correlated with 2403; ion correlated with 3170; ion correlated with 4088; ion correlated with 4123; ion correlated with 1393; ion correlated with 4843; ion correlated with 3955",0.107,FALSE,"null","null","null","null",999,FALSE,FALSE,FALSE,"null","null","null","null","null",116.99,16281.6666666667,72.7904724860793,13,"Exudate vs Soil","Exudate","Not selected",3,1,3,3,TRUE,FALSE,TRUE,TRUE,"Leaf + Exudate","Early RT","No MS/MS assignment","Unknown","Tier 5: low priority"
"F3199_mz307.1909_rt1.61",0.0273920457297393,11.4463821728085,0.0539993991971375,0.959052012411414,0.997671724162587,-6.34914664949648,3199,1.615,307.19086,"Unknown","[M+H]+",NA,0.107,TRUE,"null","null","null","null",999,FALSE,FALSE,FALSE,"null","null","null","null","null",1122.12,0,5728659,24,"Exudate vs Soil","Exudate","Not selected",3,3,3,3,TRUE,TRUE,TRUE,TRUE,"Leaf + Root + Exudate","RT >= 1 min","MS/MS available","Unknown","Tier 5: low priority"
"F3405_mz324.8622_rt0.42",-0.0273741305495607,14.6592560829672,-0.0638099564990759,0.951623818614241,0.997671724162587,-6.34847297481469,3405,0.416,324.86224,"Unknown","[M+H]+",NA,0.071,FALSE,"null","null","null","null",999,FALSE,FALSE,FALSE,"null","null","null","null","null",2179.71,0,113468,22,"Exudate vs Soil","Soil","Not selected",3,2,3,3,TRUE,TRUE,TRUE,TRUE,"Leaf + Root + Exudate","Very early RT","No MS/MS assignment","Unknown","Tier 5: low priority"
"F1730_mz200.1284_rt0.91",0.0243592300978347,12.0479453044642,0.0489082647673353,0.962908751043727,0.997671724162587,-6.34945208187108,1730,0.908,200.12842,"Unknown","[M+H]+","ion correlated with 842; ion correlated with 1363; ion correlated with 521; ion correlated with 4880; ion correlated with 278; ion correlated with 1904; ion correlated with 1114; ion correlated with 3191",0.179,TRUE,"null","null","null","null",999,FALSE,FALSE,FALSE,"null","null","null","null","null",128.33,4141,293.272815065186,19,"Exudate vs Soil","Exudate","Not selected",3,3,3,3,TRUE,TRUE,TRUE,TRUE,"Leaf + Root + Exudate","Early RT","MS/MS available","Unknown","Tier 5: low priority"
"F805_mz136.0619_rt0.49",-0.0230064419131091,14.6437578269403,-0.0682153126003719,0.948290010783509,0.997671724162587,-6.34813402435437,805,0.487,136.06195,"Unknown","[M+H]+","found in higher mz's MsMs_2630",0.571,TRUE,"null","null","null","null",999,FALSE,FALSE,FALSE,"null","null","null","null","null",988.07,49382.3333333333,343.630529868377,24,"Exudate vs Soil","Soil","Not selected",3,3,3,3,TRUE,TRUE,TRUE,TRUE,"Leaf + Root + Exudate","Very early RT","MS/MS available","Unknown","Tier 5: low priority"
"F965_mz146.0602_rt1.26",-0.022231434605811,12.5790327377342,-0.0577087874130473,0.956242797463536,0.997671724162587,-6.34890510474375,965,1.264,146.06017,"Unknown","[M+H]+","ion correlated with 1767; similar chromatogram in higher mz_1194",0.321,TRUE,"null","null","null","null",999,FALSE,FALSE,FALSE,"null","null","null","null","null",78.56,5045,238.828180737218,23,"Exudate vs Soil","Soil","Not selected",2,3,3,3,TRUE,TRUE,TRUE,TRUE,"Leaf + Root + Exudate","RT >= 1 min","MS/MS available","Unknown","Tier 5: low priority"
"F2217_mz234.1341_rt1.02",0.0217029421512931,13.7508495921058,0.077616420856406,0.941179727122282,0.997671724162587,-6.34733521912164,2217,1.02,234.13405,"Unknown","[M+H]+","ion correlated with 4033; ion correlated with 1504; ion correlated with 4175; ion correlated with 4289",0.036,FALSE,"null","null","null","null",999,FALSE,FALSE,FALSE,"null","null","null","null","null",76.06,20548,14.7552192320794,24,"Exudate vs Soil","Exudate","Not selected",3,3,3,3,TRUE,TRUE,TRUE,TRUE,"Leaf + Root + Exudate","RT >= 1 min","No MS/MS assignment","Unknown","Tier 5: low priority"
"F3256_mz313.1191_rt1.07",-0.0210620822978219,11.1669428830102,-0.0473161377515416,0.964115093731089,0.997671724162587,-6.34954140138837,3256,1.072,313.11914,"Unknown","[M+H]+","ion correlated with 4321; ion correlated with 3575; ion correlated with 4216",0.036,FALSE,"null","null","null","null",999,FALSE,FALSE,FALSE,"null","null","null","null","null",26.4,0,125731,19,"Exudate vs Soil","Soil","Not selected",0,1,3,3,FALSE,FALSE,TRUE,TRUE,"Exudate only","RT >= 1 min","No MS/MS assignment","Unknown","Tier 5: low priority"
"F1125_mz158.154_rt0.92",0.0207643784642711,12.5468624622844,0.0587613747401011,0.955445775649134,0.997671724162587,-6.3488336454313,1125,0.925,158.15401,"Unknown","[M+H]+","similar chromatogram in higher mz_4088; similar chromatogram in higher mz_1929; similar chromatogram in higher mz_2069; similar chromatogram in higher mz_2343; similar chromatogram in higher mz_2282; similar chromatogram in higher mz_4123; similar chromatogram in higher mz_3234; similar chromatogram in higher mz_2741; similar chromatogram in higher mz_4503",0.071,TRUE,"null","null","null","null",999,FALSE,FALSE,FALSE,"null","null","null","null","null",316.08,8926.33333333333,1775.67213053543,12,"Exudate vs Soil","Exudate","Not selected",3,3,3,3,TRUE,TRUE,TRUE,TRUE,"Leaf + Root + Exudate","Early RT","MS/MS available","Unknown","Tier 5: low priority"
"F926_mz144.0658_rt0.92",-0.013615992206533,15.919683977819,-0.0696855653920831,0.94717764277473,0.997671724162587,-6.3480158776255,926,0.923,144.06583,"Unknown","[M+H]+","ion correlated with 2163; ion correlated with 1287; found in higher mz's MsMs_3428; found in higher mz's MsMs_3223",0.071,TRUE,"null","null","null","null",999,FALSE,FALSE,FALSE,"null","null","null","null","null",596.31,72592,44.7784910390809,24,"Exudate vs Soil","Soil","Not selected",3,3,3,3,TRUE,TRUE,TRUE,TRUE,"Leaf + Root + Exudate","Early RT","MS/MS available","Unknown","Tier 5: low priority"
"F32_mz66.0191_rt9.68",0.0133108528436924,16.5115967882124,0.0359169380135138,0.972755152864372,0.997671724162587,-6.35009462871671,32,9.681,66.01914,"Unknown","[M+H]+","similar chromatogram in higher mz_2167; found in higher mz's MsMs_1220",0.179,FALSE,"null","null","null","null",999,FALSE,FALSE,FALSE,"null","null","null","null","null",85.79,36939,7.98619382782891,24,"Exudate vs Soil","Exudate","Not selected",3,3,3,3,TRUE,TRUE,TRUE,TRUE,"Leaf + Root + Exudate","RT >= 1 min","No MS/MS assignment","Unknown","Tier 5: low priority"
"F5018_mz694.4968_rt8.98",-0.013241384512046,17.3602014220209,-0.0568627202148309,0.95688348393634,0.997671724162587,-6.34896160851527,5018,8.982,694.49677,"Unknown","[M+H]+",NA,0.214,TRUE,"null","null","null","null",999,FALSE,FALSE,FALSE,"null","null","null","null","null",102.94,122981.666666667,5.97212615327905,24,"Exudate vs Soil","Soil","Not selected",3,3,3,3,TRUE,TRUE,TRUE,TRUE,"Leaf + Root + Exudate","RT >= 1 min","MS/MS available","Unknown","Tier 5: low priority"
"F1691_mz197.1289_rt1.06",0.0126262060754311,13.5488711926023,0.0426953581657616,0.967616829152511,0.997671724162587,-6.34978390735424,1691,1.062,197.12888,"Unknown","[M+H]+","ion correlated with 2975; ion correlated with 2762; ion correlated with 966",0.5,TRUE,"null","null","null","null",999,FALSE,FALSE,FALSE,"null","null","null","null","null",378.44,6920.66666666667,579.433132675175,22,"Exudate vs Soil","Exudate","Not selected",2,2,3,3,TRUE,TRUE,TRUE,TRUE,"Leaf + Root + Exudate","RT >= 1 min","MS/MS available","Unknown","Tier 5: low priority"
"F580_mz120.0446_rt1.21",-0.0114109506397502,13.0144045117342,-0.0324850242306723,0.975357277229657,0.997671724162587,-6.35023152505376,580,1.212,120.04462,"Unknown","[M+H]+","ion correlated with 728; ion correlated with 1207; found in higher mz's MsMs_1003",0.071,TRUE,"null","null","null","null",999,FALSE,FALSE,FALSE,"null","null","null","null","null",418.21,25147.3333333333,130.615415203128,24,"Exudate vs Soil","Soil","Not selected",3,3,3,3,TRUE,TRUE,TRUE,TRUE,"Leaf + Root + Exudate","RT >= 1 min","MS/MS available","Unknown","Tier 5: low priority"
"F2050_mz222.0878_rt0.48",-0.0098315451210474,13.6855672349025,-0.0331311498973376,0.974867348071997,0.997671724162587,-6.3502068007822,2050,0.481,222.08784,"Unknown","[M+H]+",NA,0.321,FALSE,"null","null","null","null",999,FALSE,FALSE,FALSE,"null","null","null","null","null",127.97,13877.3333333333,23.7867179056083,18,"Exudate vs Soil","Soil","Not selected",0,0,3,3,FALSE,FALSE,TRUE,TRUE,"Exudate only","Very early RT","No MS/MS assignment","Unknown","Tier 5: low priority"
"F256_mz97.0286_rt0.48",-0.00931219481225217,16.7586577497905,-0.0581074041810245,0.95594095692634,0.997671724162587,-6.34887819470529,256,0.477,97.02856,"Unknown","[M+H]+","found in higher mz's MsMs_3782; found in higher mz's MsMs_2608; found in higher mz's MsMs_1698; found in higher mz's MsMs_2771; found in higher mz's MsMs_2814; found in higher mz's MsMs_1438; found in higher mz's MsMs_3407; found in higher mz's MsMs_3408; found in higher mz's MsMs_2790; found in higher mz's MsMs_2833; found in higher mz's MsMs_2482; found in higher mz's MsMs_2572",0.643,FALSE,"null","null","null","null",999,FALSE,FALSE,FALSE,"null","null","null","null","null",206.97,117632,25.2849965570886,24,"Exudate vs Soil","Soil","Not selected",3,3,3,3,TRUE,TRUE,TRUE,TRUE,"Leaf + Root + Exudate","Very early RT","No MS/MS assignment","Unknown","Tier 5: low priority"
"F636_mz124.0396_rt1.02",0.00837974624271889,16.7667343771219,0.0520225623726031,0.960549400901498,0.997671724162587,-6.34926883092956,636,1.025,124.03963,"Unknown","[M+H]+",NA,0.179,TRUE,"null","null","null","null",999,FALSE,FALSE,FALSE,"null","null","null","null","null",45.45,105861,16.4496136479568,24,"Exudate vs Soil","Exudate","Not selected",3,3,3,3,TRUE,TRUE,TRUE,TRUE,"Leaf + Root + Exudate","RT >= 1 min","MS/MS available","Unknown","Tier 5: low priority"
"F885_mz141.0549_rt1.07",-0.00714961260482236,14.6715731820987,-0.0494495417975822,0.962498655033327,0.997671724162587,-6.34942104324271,885,1.069,141.05486,"Unknown","[M+H]+","ion correlated with 1306; similar chromatogram in higher mz_1284; similar chromatogram in higher mz_2816; similar chromatogram in higher mz_2941; similar chromatogram in higher mz_3277",0.214,TRUE,"null","null","null","null",999,FALSE,FALSE,FALSE,"null","null","null","null","null",736.51,26056.6666666667,531.143719698617,24,"Exudate vs Soil","Soil","Not selected",3,3,3,3,TRUE,TRUE,TRUE,TRUE,"Leaf + Root + Exudate","RT >= 1 min","MS/MS available","Unknown","Tier 5: low priority"
"F446_mz111.0442_rt0.49",0.0050315449096501,17.7252642779824,0.0367984677313914,0.972086825642414,0.997671724162587,-6.35005724893528,446,0.489,111.04417,"Unknown","[M+H]+","found in higher mz's MsMs_1621",0.357,FALSE,"null","null","null","null",999,FALSE,FALSE,FALSE,"null","null","null","null","null",10.76,171604.333333333,13.7598112723769,24,"Exudate vs Soil","Exudate","Not selected",3,3,3,3,TRUE,TRUE,TRUE,TRUE,"Leaf + Root + Exudate","Very early RT","No MS/MS assignment","Unknown","Tier 5: low priority"
"F1447_mz180.1365_rt0.89",-0.145079841553701,7.38273956884863,-0.0302274534290154,0.977069191024142,0.998543250779129,-6.35031409067934,1447,0.886,180.13654,"Unknown","[M+H]+","ion correlated with 3478",0.143,FALSE,"null","null","null","null",999,FALSE,FALSE,FALSE,"null","null","null","null","null",215.65,847.666666666667,1052.63707776905,16,"Exudate vs Soil","Soil","Not selected",0,0,2,2,FALSE,FALSE,TRUE,TRUE,"Exudate only","Early RT","No MS/MS assignment","Unknown","Tier 5: low priority"
"F2462_mz255.0768_rt1.52",0.133683606815183,7.27356924941503,0.0288376186505704,0.978123171936457,0.998543250779129,-6.35036196559008,2462,1.523,255.07684,"Unknown","[M+H]+",NA,0.143,FALSE,"null","null","null","null",999,FALSE,FALSE,FALSE,"null","null","null","null","null",61.9,2423,79.7112211221122,19,"Exudate vs Soil","Exudate","Not selected",0,3,2,2,FALSE,TRUE,TRUE,TRUE,"Root + Exudate","RT >= 1 min","No MS/MS assignment","Unknown","Tier 5: low priority"
"F4716_mz537.5362_rt9.18",-0.00593703102668561,19.5436163022351,-0.0285112778673035,0.978370659854298,0.998543250779129,-6.35037288037157,4716,9.183,537.53625,"Unknown","[M+H]+",NA,0.071,TRUE,"null","null","null","null",999,FALSE,FALSE,FALSE,"null","null","null","null","null",366.67,427726.333333333,13.5015944737379,24,"Exudate vs Soil","Soil","Not selected",3,3,3,3,TRUE,TRUE,TRUE,TRUE,"Leaf + Root + Exudate","RT >= 1 min","MS/MS available","Unknown","Tier 5: low priority"
"F4068_mz391.2095_rt1.25",0.108822894788769,7.09702613472212,0.0240860549918463,0.981726887990595,0.99865250755933,-6.35050862694806,4068,1.253,391.2095,"Unknown","[M+H]+","ion correlated with 4726; ion correlated with 4516; ion correlated with 2872; ion correlated with 4954; ion correlated with 1690; ion correlated with 3495",0.107,TRUE,"null","null","null","null",999,FALSE,FALSE,FALSE,"null","null","null","null","null",97.12,0,1398038,18,"Exudate vs Soil","Exudate","Not selected",3,0,2,2,TRUE,FALSE,TRUE,TRUE,"Leaf + Exudate","RT >= 1 min","MS/MS available","Unknown","Tier 5: low priority"
"F2337_mz245.0059_rt0.53",-0.101565540354853,7.85203597658593,-0.0202861370990298,0.984609211405295,0.99865250755933,-6.35060696764585,2337,0.533,245.00594,"Unknown","[M+H]+","ion correlated with 3388; ion correlated with 4171; ion correlated with 3533; ion correlated with 2575; ion correlated with 2199; ion correlated with 4513; ion correlated with 3561; ion correlated with 1572",0.107,FALSE,"null","null","null","null",999,FALSE,FALSE,FALSE,"null","null","null","null","null",106.62,13800,28.6892978769654,10,"Exudate vs Soil","Soil","Not selected",3,3,2,2,TRUE,TRUE,TRUE,TRUE,"Leaf + Root + Exudate","Early RT","No MS/MS assignment","Unknown","Tier 5: low priority"
"F1627_mz193.1226_rt2.7",-0.0945263442489904,7.36291749196414,-0.0201631658549399,0.984702492599445,0.99865250755933,-6.35060986879901,1627,2.698,193.12262,"Unknown","[M+H]+","ion correlated with 2744; ion correlated with 2948; ion correlated with 2995; ion correlated with 3517; ion correlated with 2156",0.036,FALSE,"null","null","null","null",999,FALSE,FALSE,FALSE,"null","null","null","null","null",3.51,1143.33333333333,129.043693562482,22,"Exudate vs Soil","Soil","Not selected",3,3,2,2,TRUE,TRUE,TRUE,TRUE,"Leaf + Root + Exudate","RT >= 1 min","No MS/MS assignment","Unknown","Tier 5: low priority"
"F1378_mz175.108_rt1.09",-0.0895796361016743,7.21127243021758,-0.0195116309142416,0.98519672621781,0.99865250755933,-6.35062494562305,1378,1.091,175.10802,"Unknown","[M+H]+","ion correlated with 3786; ion correlated with 2908; ion correlated with 2190",0.107,TRUE,"null","null","null","null",999,FALSE,FALSE,FALSE,"null","null","null","null","null",268.41,0,1586697,19,"Exudate vs Soil","Soil","Not selected",3,0,2,2,TRUE,FALSE,TRUE,TRUE,"Leaf + Exudate","RT >= 1 min","MS/MS available","Unknown","Tier 5: low priority"
"F1211_mz165.0067_rt0.56",0.0809948916980763,9.24420748871589,0.0134824875891504,0.989770567486362,0.99865250755933,-6.3507409728094,1211,0.562,165.00668,"Unknown","[M+H]+",NA,0.071,FALSE,"null","null","null","null",999,FALSE,FALSE,FALSE,"null","null","null","null","null",33.21,0,263229,20,"Exudate vs Soil","Exudate","Not selected",3,3,2,2,TRUE,TRUE,TRUE,TRUE,"Leaf + Root + Exudate","Early RT","No MS/MS assignment","Unknown","Tier 5: low priority"
"F2384_mz247.9042_rt0.4",0.0702271274303204,9.74224282978061,0.0112725170150592,0.991447222512005,0.99865250755933,-6.35077288294213,2384,0.398,247.90416,"Unknown","[M+H]+","ion correlated with 2461; ion correlated with 2186; ion correlated with 3029; ion correlated with 538; ion correlated with 2405; ion correlated with 422; ion correlated with 3696; ion correlated with 2798; ion correlated with 2366",0.214,FALSE,"null","null","null","null",999,FALSE,FALSE,FALSE,"null","null","null","null","null",50.84,820.333333333333,605.33887987013,19,"Exudate vs Soil","Exudate","Not selected",3,3,2,2,TRUE,TRUE,TRUE,TRUE,"Leaf + Root + Exudate","Very early RT","No MS/MS assignment","Unknown","Tier 5: low priority"
"F1746_mz201.0874_rt0.49",-0.0686103603057601,8.37863152137266,-0.0127676974292838,0.990312856624887,0.99865250755933,-6.35075191712011,1746,0.494,201.0874,"Unknown","[M+H]+",NA,0.036,FALSE,"null","null","null","null",999,FALSE,FALSE,FALSE,"null","null","null","null","null",14.22,956.333333333333,153.892061281337,17,"Exudate vs Soil","Soil","Not selected",3,0,2,2,TRUE,FALSE,TRUE,TRUE,"Leaf + Exudate","Very early RT","No MS/MS assignment","Unknown","Tier 5: low priority"
"F1499_mz183.1133_rt0.99",0.0598829198442322,7.22111279789434,0.0130268259087256,0.9901162631744,0.99865250755933,-6.35074801841237,1499,0.989,183.11331,"Unknown","[M+H]+","ion correlated with 4009; ion correlated with 1692; ion correlated with 655; ion correlated with 1916; ion correlated with 2082; ion correlated with 2255; ion correlated with 855; ion correlated with 1222; ion correlated with 2123; found in higher mz's MsMs_3858",0.179,TRUE,"null","null","null","null",999,FALSE,FALSE,FALSE,"null","null","null","null","null",90.47,1406.33333333333,408.292752250118,17,"Exudate vs Soil","Exudate","Not selected",1,0,2,2,FALSE,FALSE,TRUE,TRUE,"Exudate only","Early RT","MS/MS available","Unknown","Tier 5: low priority"
"F1871_mz209.1649_rt0.55",0.0560075310178079,7.71086065628728,0.0114099942724905,0.991342920038611,0.99865250755933,-6.35077106406468,1871,0.554,209.1649,"Unknown","[M+H]+","ion correlated with 450; ion correlated with 2575; ion correlated with 4768; ion correlated with 2199; ion correlated with 4513; ion correlated with 4571; ion correlated with 2337; ion correlated with 2301; ion correlated with 2355",0.071,FALSE,"null","null","null","null",999,FALSE,FALSE,FALSE,"null","null","null","null","null",20.55,7812.66666666667,30.7456166545796,7,"Exudate vs Soil","Exudate","Not selected",3,0,2,2,TRUE,FALSE,TRUE,TRUE,"Leaf + Exudate","Early RT","No MS/MS assignment","Unknown","Tier 5: low priority"
"F592_mz121.0497_rt0.73",-0.0356915810562203,14.8938190072228,-0.0273487387816602,0.979252319956109,0.99865250755933,-6.35041075348774,592,0.726,121.04969,"Unknown","[M+H]+","ion correlated with 348; ion correlated with 905; ion correlated with 839; similar chromatogram in higher mz_839; similar chromatogram in higher mz_1537",0.143,TRUE,"null","null","null","null",999,FALSE,FALSE,FALSE,"null","null","null","null","null",374.75,10630.6666666667,334.040100329205,14,"Exudate vs Soil","Soil","Not selected",2,2,3,3,TRUE,TRUE,TRUE,TRUE,"Leaf + Root + Exudate","Early RT","MS/MS available","Unknown","Tier 5: low priority"
"F1803_mz204.9574_rt0.41",0.00712603235325239,17.1391450544814,0.02418542283296,0.98165151927995,0.99865250755933,-6.35050582940497,1803,0.41,204.95743,"Unknown","[M+H]+",NA,0.536,FALSE,"null","null","null","null",999,FALSE,FALSE,FALSE,"null","null","null","null","null",109.62,20565.6666666667,24.7693517017828,21,"Exudate vs Soil","Exudate","Not selected",0,3,3,3,FALSE,TRUE,TRUE,TRUE,"Root + Exudate","Very early RT","No MS/MS assignment","Unknown","Tier 5: low priority"
"F593_mz121.065_rt0.89",0.00625197769338238,12.8225558848938,0.0167858931542393,0.987264462930097,0.99865250755933,-6.35068265204772,593,0.894,121.06501,"Unknown","[M+H]+","ion correlated with 2490; ion correlated with 2419; ion correlated with 1033; found in higher mz's MsMs_1237; similar chromatogram in higher mz_2513",0.071,FALSE,"null","null","null","null",999,FALSE,FALSE,FALSE,"null","null","null","null","null",269.15,12359,123.968203883495,22,"Exudate vs Soil","Exudate","Not selected",3,1,3,3,TRUE,FALSE,TRUE,TRUE,"Leaf + Exudate","Early RT","No MS/MS assignment","Unknown","Tier 5: low priority"
"F259_mz97.0286_rt1.01",-0.00615600961599285,14.0924442109864,-0.0155434330637416,0.988207028387392,0.99865250755933,-6.3507060807641,259,1.015,97.02865,"Unknown","[M+H]+","ion correlated with 1542; ion correlated with 1504; found in higher mz's MsMs_650; found in higher mz's MsMs_3013; found in higher mz's MsMs_3243; found in higher mz's MsMs_1504",0.071,FALSE,"null","null","null","null",999,FALSE,FALSE,FALSE,"null","null","null","null","null",45.5,23135.6666666667,17.4035873793402,24,"Exudate vs Soil","Soil","Not selected",3,3,3,3,TRUE,TRUE,TRUE,TRUE,"Leaf + Root + Exudate","RT >= 1 min","No MS/MS assignment","Unknown","Tier 5: low priority"
"F1526_mz186.1128_rt1.14",-0.00522107202413085,12.6452476123859,-0.0112953410281829,0.991429906172381,0.99865250755933,-6.35077258249787,1526,1.136,186.11282,"Unknown","[M+H]+","ion correlated with 1749; ion correlated with 1636; ion correlated with 2972; ion correlated with 2205",0.25,FALSE,"null","null","null","null",999,FALSE,FALSE,FALSE,"null","null","null","null","null",48.4,12890.6666666667,21.7653005817712,22,"Exudate vs Soil","Soil","Not selected",1,3,3,3,FALSE,TRUE,TRUE,TRUE,"Root + Exudate","RT >= 1 min","No MS/MS assignment","Unknown","Tier 5: low priority"
"F2445_mz253.1287_rt0.9",-0.00514306736655259,12.1565169702419,-0.013951023533364,0.989415107177187,0.99865250755933,-6.35073347558763,2445,0.905,253.12868,"Unknown","[M+H]+","similar chromatogram in higher mz_3377",0.107,FALSE,"null","null","null","null",999,FALSE,FALSE,FALSE,"null","null","null","null","null",35.83,1320.66666666667,648.573518284994,22,"Exudate vs Soil","Soil","Not selected",3,1,3,3,TRUE,FALSE,TRUE,TRUE,"Leaf + Exudate","Early RT","No MS/MS assignment","Unknown","Tier 5: low priority"
"F2194_mz232.1548_rt1.17",0.00399467670963935,14.3849628429734,0.0228904636826625,0.982633739125496,0.99865250755933,-6.35054138414075,2194,1.169,232.15477,"Unknown","[M+H]+","ion correlated with 2437; ion correlated with 2707; ion correlated with 2166; ion correlated with 2946; ion correlated with 3235; ion correlated with 2358",0.107,TRUE,"null","null","null","null",999,FALSE,FALSE,FALSE,"null","null","null","null","null",452.95,16373.3333333333,221.086436089001,24,"Exudate vs Soil","Exudate","Not selected",3,3,3,3,TRUE,TRUE,TRUE,TRUE,"Leaf + Root + Exudate","RT >= 1 min","MS/MS available","Unknown","Tier 5: low priority"
"F4783_mz568.5781_rt9.12",-0.00323906301499058,16.8941555473899,-0.0200401672870863,0.984795794798534,0.99865250755933,-6.35061275295412,4783,9.123,568.57812,"Unknown","[M+H]+",NA,0.071,TRUE,"null","null","null","null",999,FALSE,FALSE,FALSE,"null","null","null","null","null",7277.98,86509,6.87050052017108,23,"Exudate vs Soil","Soil","Not selected",3,2,3,3,TRUE,TRUE,TRUE,TRUE,"Leaf + Root + Exudate","RT >= 1 min","MS/MS available","Unknown","Tier 5: low priority"
"F4_mz60.0811_rt0.44",-0.00250557377003038,14.2917803031786,-0.0140116022514712,0.989369148621608,0.99865250755933,-6.35073248755014,4,0.444,60.0811,"Unknown","[M+H]+","found in higher mz's MsMs_1517; found in higher mz's MsMs_364",0.036,FALSE,"null","null","null","null",999,FALSE,FALSE,FALSE,"null","null","null","null","null",2.79,31724.3333333333,17.7507985206355,24,"Exudate vs Soil","Soil","Not selected",3,3,3,3,TRUE,TRUE,TRUE,TRUE,"Leaf + Root + Exudate","Very early RT","No MS/MS assignment","Unknown","Tier 5: low priority"
"F2070_mz223.1332_rt1.69",0.0478640096303792,7.57972612225085,0.00991285367114571,0.992478794128906,0.998965583633017,-6.35078968453074,2070,1.685,223.13316,"Unknown","[M+H]+","ion correlated with 3593; ion correlated with 2119; ion correlated with 4982; ion correlated with 3353; ion correlated with 3109; ion correlated with 3737; ion correlated with 3814; ion correlated with 3259; ion correlated with 3612; ion correlated with 4145; ion correlated with 3001; ion correlated with 2561",0.036,FALSE,"null","null","null","null",999,FALSE,FALSE,FALSE,"null","null","null","null","null",7.26,539.333333333333,188.181986428131,19,"Exudate vs Soil","Exudate","Not selected",3,2,2,2,TRUE,TRUE,TRUE,TRUE,"Leaf + Root + Exudate","RT >= 1 min","No MS/MS assignment","Unknown","Tier 5: low priority"
"F235_mz93.037_rt0.81",0.00504759703752184,14.3212297833301,0.00793883782361262,0.993976501890723,0.999034563773262,-6.35081023945108,235,0.809,93.03696,"Unknown","[M+H]+","similar chromatogram in higher mz_2182; similar chromatogram in higher mz_4920; similar chromatogram in higher mz_2586; similar chromatogram in higher mz_2464; similar chromatogram in higher mz_3700; similar chromatogram in higher mz_1450",0.643,FALSE,"null","null","null","null",999,FALSE,FALSE,FALSE,"null","null","null","null","null",126.46,4645.33333333333,87.2440634191836,24,"Exudate vs Soil","Exudate","Not selected",3,3,3,3,TRUE,TRUE,TRUE,TRUE,"Leaf + Root + Exudate","Early RT","No MS/MS assignment","Unknown","Tier 5: low priority"
"F1797_mz204.1234_rt0.92",-0.00315435923594959,13.8696154133562,-0.00792245129054923,0.993988934663296,0.999034563773262,-6.35081039105588,1797,0.923,204.12341,"Unknown","[M+H]+","ion correlated with 1525; ion correlated with 2001; ion correlated with 4009; ion correlated with 1678; ion correlated with 2082",0.429,FALSE,"null","null","null","null",999,FALSE,FALSE,FALSE,"null","null","null","null","null",142.4,16035.6666666667,72.9813136562045,22,"Exudate vs Soil","Soil","Not selected",1,3,3,3,FALSE,TRUE,TRUE,TRUE,"Root + Exudate","Early RT","No MS/MS assignment","Unknown","Tier 5: low priority"
"F3514_mz335.2197_rt3.07",0.0317208155702638,7.15814468190384,0.00695801217504653,0.994720676144128,0.999045548649102,-6.35081876209427,3514,3.068,335.21967,"Unknown","[M+H]+","ion correlated with 3261",0.179,TRUE,"null","null","null","null",999,FALSE,FALSE,FALSE,"null","null","null","null","null",70.99,0,242147,20,"Exudate vs Soil","Exudate","Not selected",3,2,2,2,TRUE,TRUE,TRUE,TRUE,"Leaf + Root + Exudate","RT >= 1 min","MS/MS available","Unknown","Tier 5: low priority"
"F3257_mz313.1442_rt1.1",-0.0041175402043053,13.0340860134266,-0.00552514504175452,0.995807835074672,0.999413221877984,-6.35082919535067,3257,1.097,313.14417,"Unknown","[M+H]+",NA,0.179,FALSE,"null","null","null","null",999,FALSE,FALSE,FALSE,"null","null","null","null","null",26.65,7835.66666666667,27.5843045512548,24,"Exudate vs Soil","Soil","Not selected",3,3,3,3,TRUE,TRUE,TRUE,TRUE,"Leaf + Root + Exudate","RT >= 1 min","No MS/MS assignment","Unknown","Tier 5: low priority"
"F532_mz117.07_rt2.08",-0.0121893265113142,7.18992501292858,-0.00265774196582595,0.997983447500602,0.999582968891254,-6.35084288167077,532,2.079,117.07005,"Unknown","[M+H]+","ion correlated with 2502; ion correlated with 395; ion correlated with 378; ion correlated with 957; ion correlated with 1497; ion correlated with 1629; ion correlated with 1658; ion correlated with 2022; ion correlated with 1838; ion correlated with 2911; ion correlated with 1351; ion correlated with 1570; ion correlated with 1694; ion correlated with 1719; ion correlated with 1894; ion correlated with 2137; ion correlated with 4946; ion correlated with 596; ion correlated with 1191; ion correlated with 2158; ion correlated with 4919; ion correlated with 2500; ion correlated with 3522; ion correlated with 3926; ion correlated with 4888; ion correlated with 2562; ion correlated with 56; ion correlated with 1140; ion correlated with 1167; ion correlated with 1258; ion correlated with 1468; ion correlated with 2582; ion correlated with 5039; ion correlated with 3509; ion correlated with 2347; ion correlated with 3777; ion correlated with 5027; ion correlated with 4470; ion correlated with 3472; ion correlated with 3586; found in higher mz's MsMs_3323; found in higher mz's MsMs_1751; found in higher mz's MsMs_3520; found in higher mz's MsMs_3703; found in higher mz's MsMs_2674; found in higher mz's MsMs_3079; found in higher mz's MsMs_5004; found in higher mz's MsMs_2381; found in higher mz's MsMs_2950; found in higher mz's MsMs_3851",0.071,FALSE,"null","null","null","null",999,FALSE,FALSE,FALSE,"null","null","null","null","null",13.2,1382.33333333333,114.388192771084,18,"Exudate vs Soil","Soil","Not selected",3,1,2,2,TRUE,FALSE,TRUE,TRUE,"Leaf + Exudate","RT >= 1 min","No MS/MS assignment","Unknown","Tier 5: low priority"
"F1288_mz169.1014_rt1.36",0.00502700101151185,7.06156702772864,0.00111819231528186,0.999151574470248,0.999582968891254,-6.35084627253846,1288,1.359,169.10143,"Unknown","[M+H]+","ion correlated with 2898; ion correlated with 4908; ion correlated with 3162; ion correlated with 3382; ion correlated with 4967; ion correlated with 1868; ion correlated with 3795; ion correlated with 2752; ion correlated with 1599; ion correlated with 3655; ion correlated with 3711; similar chromatogram in higher mz_2121; similar chromatogram in higher mz_3795; similar chromatogram in higher mz_3870",0.036,FALSE,"null","null","null","null",999,FALSE,FALSE,FALSE,"null","null","null","null","null",57.18,1680,112.486615110054,19,"Exudate vs Soil","Exudate","Not selected",3,0,2,2,TRUE,FALSE,TRUE,TRUE,"Leaf + Exudate","RT >= 1 min","No MS/MS assignment","Unknown","Tier 5: low priority"
"F1403_mz177.0548_rt1.07",-0.00261764756189191,7.46331031759398,-0.000549630905786414,0.999582968891254,0.999582968891254,-6.3508468256598,1403,1.067,177.05481,"Unknown","[M+H]+","ion correlated with 392; ion correlated with 819; ion correlated with 3140; found in higher mz's MsMs_4018",0.214,TRUE,"null","null","null","null",999,FALSE,FALSE,FALSE,"null","null","null","null","null",142.56,2439.33333333333,1272.54951509357,22,"Exudate vs Soil","Soil","Not selected",3,3,2,2,TRUE,TRUE,TRUE,TRUE,"Leaf + Root + Exudate","RT >= 1 min","MS/MS available","Unknown","Tier 5: low priority"
"F4308_mz428.2508_rt0.97",0.000955282770852329,12.8784469582024,0.00230919179076673,0.998247908129223,0.999582968891254,-6.35084389149597,4308,0.967,428.25082,"Unknown","[M+H]+","ion correlated with 4194; ion correlated with 2880; ion correlated with 3524; ion correlated with 4322; ion correlated with 2639; ion correlated with 4468",0.036,FALSE,"null","null","null","null",999,FALSE,FALSE,FALSE,"null","null","null","null","null",160.57,1809.66666666667,111.852724594993,16,"Exudate vs Soil","Exudate","Not selected",0,0,3,3,FALSE,FALSE,TRUE,TRUE,"Exudate only","Early RT","No MS/MS assignment","Unknown","Tier 5: low priority"
"F1259_mz167.1069_rt1.06",-0.000418497247426613,15.7010049555926,-0.00328952580211551,0.997504085585404,0.999582968891254,-6.350840689985,1259,1.059,167.10687,"Unknown","[M+H]+","ion correlated with 3491",0.179,FALSE,"null","null","null","null",999,FALSE,FALSE,FALSE,"null","null","null","null","null",48.16,62457.3333333333,11.2143562374917,24,"Exudate vs Soil","Soil","Not selected",3,3,3,3,TRUE,TRUE,TRUE,TRUE,"Leaf + Root + Exudate","RT >= 1 min","No MS/MS assignment","Unknown","Tier 5: low priority"
